,Equal Weight
2005-11-24,0.004349783546890515
2005-11-25,0.0008375108309067903
2005-11-28,-0.01705620963804193
2005-11-29,0.00852231883582194
2005-11-30,0.010536966008310385
2005-12-01,0.018546962112200423
2005-12-02,0.003922883735322993
2005-12-05,-0.004944783426190361
2005-12-06,0.017762019999605683
2005-12-07,-0.01664617685983886
2005-12-08,-0.01285284768471097
2005-12-09,0.00998973039820815
2005-12-12,0.0031231033025435053
2005-12-13,0.011474753357402914
2005-12-14,0.008449986593298842
2005-12-15,-0.006786544060440759
2005-12-16,0.010109288205794632
2005-12-19,-0.009460940407173254
2005-12-20,0.004629864153560182
2005-12-21,0.015128635421331117
2005-12-22,0.0030035295261733866
2005-12-23,-0.006168062224583373
2005-12-26,-0.0014068559309230186
2005-12-27,0.002611895926560701
2005-12-28,-0.0065096972751057065
2005-12-29,0.008515899237027854
2006-01-02,-0.006451563385272724
2006-01-03,0.03220582781949875
2006-01-04,0.01587106564166401
2006-01-05,-0.004272124457221654
2006-01-06,0.013841199678592991
2006-01-09,0.0013588834992402392
2006-01-10,-0.0069912234341304195
2006-01-11,0.02588342670338625
2006-01-12,0.00140957050069154
2006-01-13,0.01082349249481137
2006-01-16,0.02529948211009141
2006-01-17,-0.0072039477022822805
2006-01-18,-0.010076181447344937
2006-01-19,0.034872680153916966
2006-01-20,-0.006855627499134334
2006-01-23,-0.004421146939496316
2006-01-24,0.020832815847576437
2006-01-26,0.01717093137007905
2006-01-27,-0.005761617099574341
2006-01-30,0.012247859616201269
2006-01-31,0.0020671011020722448
2006-02-01,0.010377453356513848
2006-02-02,-0.03203991891966894
2006-02-03,0.0024079987203884682
2006-02-06,0.0011885033844706888
2006-02-07,-0.022515416309843158
2006-02-08,-0.0049912752592547955
2006-02-09,0.010717749063786782
2006-02-10,0.010093138088876137
2006-02-13,-0.020693063371895845
2006-02-14,0.009095025594816843
2006-02-15,0.017078551373156656
2006-02-16,0.02270554918361115
2006-02-17,0.0041195953850719875
2006-02-20,0.006722774783015891
2006-02-21,-0.011718944318544814
2006-02-22,0.0031920040999358513
2006-02-23,0.0009088715366465136
2006-02-24,0.006905736062633958
2006-03-01,0.01826732764177664
2006-03-02,-0.00071064337024148
2006-03-03,0.0026846150533539827
2006-03-06,-0.019592688106260556
2006-03-07,-0.02419208492665329
2006-03-08,-0.0048126333444319025
2006-03-09,-0.020016081926763955
2006-03-10,0.017553851821995616
2006-03-13,-0.0023640090275026554
2006-03-14,0.01781798673587823
2006-03-15,0.016605579459444627
2006-03-16,0.0005810558345617672
2006-03-17,0.0036644719698350984
2006-03-20,0.004296712802367788
2006-03-21,-0.01873506625050398
2006-03-22,0.01543279665106967
2006-03-23,-0.010628802490976953
2006-03-24,0.0001111803250654669
2006-03-27,-0.002705663350281531
2006-03-28,-0.025674373143026095
2006-03-29,0.018511203000225736
2006-03-30,-0.00022888261336761323
2006-03-31,0.006201057932909838
2006-04-03,0.019035177112248673
2006-04-04,0.0017958241556912365
2006-04-05,0.004543111027337081
2006-04-06,0.010589006847896223
2006-04-07,-0.0033422039617882707
2006-04-10,-0.016446360984034993
2006-04-11,-0.012805960483702018
2006-04-12,0.012666992752254743
2006-04-13,-0.01115222317188406
2006-04-17,-7.513803658643265e-05
2006-04-18,0.02801447458908933
2006-04-19,0.010819549733743352
2006-04-20,-0.000439137717949299
2006-04-24,-0.00015912454384383018
2006-04-25,0.002867339390887394
2006-04-26,0.01650182883011501
2006-04-27,-0.021082511504952255
2006-04-28,0.013664182445703252
2006-05-02,0.015224526330301462
2006-05-03,-0.006427160105027072
2006-05-04,0.0036398423818387597
2006-05-05,0.010834509369718947
2006-05-08,0.01525766592523196
2006-05-09,0.005042813131709748
2006-05-10,0.0009357185447971348
2006-05-11,-0.02102428295931437
2006-05-12,-0.012163674042448612
2006-05-15,-0.02165038409976676
2006-05-16,0.0048730248538399945
2006-05-17,-0.02311167791903803
2006-05-18,-0.010381654918226261
2006-05-19,-0.010099449745972225
2006-05-22,-0.034465603862120095
2006-05-23,-0.010198988151736824
2006-05-24,-0.017537062867400914
2006-05-25,0.05060734074906191
2006-05-26,0.03116403147832069
2006-05-29,-0.010916235025948656
2006-05-30,-0.0455370004116498
2006-05-31,-0.00038121752144213176
2006-06-01,0.03347214533284394
2006-06-02,0.005143342221219736
2006-06-05,-0.026546769120838268
2006-06-06,-0.008789492227462293
2006-06-07,-0.03451883451761713
2006-06-08,-9.158653606966744e-05
2006-06-09,-0.0010015345242447976
2006-06-12,-0.04499922549765811
2006-06-13,-0.02695852347807016
2006-06-14,-0.010977585289574814
2006-06-16,0.04666308237717286
2006-06-19,-0.011070696846702152
2006-06-20,-0.005777255160815439
2006-06-21,0.02447079435240454
2006-06-22,-0.009773873922105946
2006-06-23,0.0067536806367624585
2006-06-26,-0.0019506181274012919
2006-06-27,-0.0012402429251246938
2006-06-28,0.013035598951502013
2006-06-29,0.05091442939575569
2006-06-30,0.007974276363605603
2006-07-03,0.029533978199326443
2006-07-04,-0.0020307138321619795
2006-07-05,-0.025008814468001545
2006-07-06,0.010066353206966581
2006-07-07,-0.014497635854294012
2006-07-10,-0.0011044429609442217
2006-07-11,0.010575072227006559
2006-07-12,-0.00887487581057668
2006-07-13,-0.027788582320165223
2006-07-14,-0.005221601314524434
2006-07-17,-0.017338751476535783
2006-07-18,0.008919134070228976
2006-07-19,0.04456188226270802
2006-07-20,-0.019920682284105956
2006-07-21,-0.004594748554554419
2006-07-24,0.017980209070826994
2006-07-25,0.014850484036476323
2006-07-26,-0.002162669895814648
2006-07-27,0.007180667612759499
2006-07-28,0.01264996243686848
2006-07-31,-0.005268300031757068
2006-08-01,-0.012033000290216802
2006-08-02,0.010904782956963168
2006-08-03,0.005697897128564828
2006-08-04,0.011729255936755726
2006-08-07,0.00011237519995576793
2006-08-08,0.0028101714346038887
2006-08-09,-0.006968320937098367
2006-08-10,0.007192400257371691
2006-08-11,-0.01036091579307536
2006-08-14,-0.010840230887032933
2006-08-15,0.015001772200414404
2006-08-16,0.008720061719364312
2006-08-17,-0.0006840724893828582
2006-08-18,-0.005652702242465864
2006-08-21,-0.011758754976328228
2006-08-22,-0.01177783032488551
2006-08-23,-0.03105105693446243
2006-08-24,0.006468800083193798
2006-08-25,0.0031107204328374057
2006-08-28,0.012660351792343469
2006-08-29,0.0016619480186792772
2006-08-30,0.00614077651934453
2006-08-31,0.007959833107000007
2006-09-01,0.023459503965604787
2006-09-04,0.014075980103367542
2006-09-05,-0.011361181415674184
2006-09-06,-0.01542189344417437
2006-09-08,-0.0005468280413677092
2006-09-11,-0.019918077194116805
2006-09-12,0.008384210880213492
2006-09-13,0.010849658533073953
2006-09-14,-0.013050162642435248
2006-09-15,0.0018959684818080154
2006-09-18,0.007353277253017546
2006-09-19,-0.014216832572955185
2006-09-20,-0.017243040159838532
2006-09-21,-0.016169810972907334
2006-09-22,-0.007432046403169601
2006-09-25,0.007627730216120249
2006-09-26,0.02415742144480493
2006-09-27,0.005545903863188834
2006-09-28,0.007184664639443066
2006-09-29,0.0015441603332971288
2006-10-02,0.0162313429034539
2006-10-03,-0.011434155049362734
2006-10-04,0.02523433114718092
2006-10-05,0.004432979852517706
2006-10-06,-0.002958084933089413
2006-10-09,0.009798354635130627
2006-10-10,0.010752693883733996
2006-10-11,-0.008694837333317678
2006-10-13,0.004939817071151964
2006-10-16,0.008392148271309512
2006-10-17,-0.006968892422006124
2006-10-18,-0.005890207403351214
2006-10-19,0.006136662238250573
2006-10-20,-0.0056292341816855575
2006-10-23,0.015625435807426962
2006-10-24,0.004830556616026369
2006-10-25,0.0022516691390174356
2006-10-26,-0.002524520529359468
2006-10-27,-0.008293006796503428
2006-10-30,-0.008730488723597475
2006-10-31,0.01513760322115283
2006-11-01,0.011784133930992532
2006-11-03,0.013020747710056728
2006-11-06,0.017772976502438784
2006-11-07,-0.006982329431647579
2006-11-08,0.002570349633396098
2006-11-09,-0.013514043454252894
2006-11-10,-0.0054326106330704685
2006-11-13,-0.0004225474466858014
2006-11-14,0.01441735389940089
2006-11-16,-0.00446734638058797
2006-11-17,-0.0008068735381801481
2006-11-21,0.010401542174510708
2006-11-22,0.011369756604713135
2006-11-23,0.008456754998237013
2006-11-24,-0.00787295875560872
2006-11-27,-0.018560613892711166
2006-11-28,0.003973145525102848
2006-11-29,0.01945230343038841
2006-11-30,0.003569907933482741
2006-12-01,-0.008089655642543136
2006-12-04,0.025915037524781387
2006-12-05,0.009260461767752037
2006-12-06,-0.0018220797764738298
2006-12-07,1.807331909101876e-05
2006-12-08,-0.0011659828765302103
2006-12-11,0.006963712487632246
2006-12-12,-0.010459224977541445
2006-12-13,0.007217811539916816
2006-12-14,0.008889058171842802
2006-12-15,0.007131750201539057
2006-12-18,-0.0017056128563315259
2006-12-19,-0.0031207367008449652
2006-12-20,-0.0016143460748624303
2006-12-21,-0.0018676379974553285
2006-12-22,-0.0011665976152139962
2006-12-26,0.005625244540882847
2006-12-27,0.019203562366236587
2006-12-28,0.007460125637587684
2007-01-02,0.017445198977642563
2007-01-03,-0.015479816682324999
2007-01-04,-0.0024655036098294317
2007-01-05,-0.040513346504040676
2007-01-08,0.014887953178015327
2007-01-09,-0.01660470531175709
2007-01-10,0.003699223646331271
2007-01-11,0.008620281744917444
2007-01-12,0.0042956707578820225
2007-01-15,0.0009257291996880236
2007-01-16,-0.010100558611543447
2007-01-17,0.0014460074491645116
2007-01-18,-0.004457308204245426
2007-01-19,0.02054077595293534
2007-01-22,0.00318781608310232
2007-01-23,0.00950741289158677
2007-01-24,0.012964726668942626
2007-01-26,-0.004897773023836351
2007-01-29,-0.017636558621278393
2007-01-30,0.008108105350817279
2007-01-31,0.01208924241368407
2007-02-01,0.0034484684368201396
2007-02-02,0.007157482736500936
2007-02-05,0.006210768317752975
2007-02-06,0.0022769264277904596
2007-02-07,-0.016616755383901755
2007-02-08,0.004112425348610006
2007-02-09,-0.013289752025307364
2007-02-12,-0.005574192311570747
2007-02-13,0.0269233033255823
2007-02-14,0.014118411181939287
2007-02-15,-0.0028437822407376937
2007-02-16,-0.0034787682667859936
2007-02-21,0.004066767259285365
2007-02-22,0.009088974752250404
2007-02-23,-0.008326539977772093
2007-02-26,0.0021256583444155494
2007-02-27,-0.0556493417345144
2007-02-28,0.00847341250045128
2007-03-01,-0.002329469942474134
2007-03-02,-0.030382735709380184
2007-03-05,-0.026243897941746377
2007-03-06,0.043746255998314144
2007-03-07,-0.01043063889207298
2007-03-08,0.0177902984219236
2007-03-09,0.015112278759641357
2007-03-12,-0.002563068217007932
2007-03-13,-0.03141108013587381
2007-03-14,0.011066328936784598
2007-03-15,-0.0009120692072179647
2007-03-16,-0.00894629042194151
2007-03-19,0.023860492732739214
2007-03-20,0.01168835197519921
2007-03-21,0.024893122532999398
2007-03-22,-0.004627708179083146
2007-03-23,0.0076056524367089755
2007-03-26,0.0016293267521697377
2007-03-27,-0.00870719511130137
2007-03-28,-0.021524958805382813
2007-03-29,0.012017602069977887
2007-03-30,0.008842200874226961
2007-04-02,-0.007089361407841794
2007-04-03,0.01365680292349876
2007-04-04,0.009474418651713334
2007-04-05,0.0006754270745586242
2007-04-09,0.0010638268279438328
2007-04-10,0.004199088982300064
2007-04-11,-0.012279616369124197
2007-04-12,0.0014599386851593945
2007-04-13,0.009879147890300439
2007-04-16,0.018547862706369333
2007-04-17,-0.0017112159204110207
2007-04-18,0.0019170644179792137
2007-04-19,0.0008971642613760801
2007-04-20,0.011984541021086804
2007-04-23,-0.004039894789703393
2007-04-24,-0.0012650193200661453
2007-04-25,0.015472895671402705
2007-04-26,-0.006498293967182269
2007-04-27,0.0020804106583647026
2007-04-30,-0.013296079649897388
2007-05-02,0.009553616477222526
2007-05-03,0.010984894695991752
2007-05-04,0.008696779789359937
2007-05-07,0.000489397468088928
2007-05-08,0.002632510839937193
2007-05-09,0.019943314521218284
2007-05-10,-0.01523039232411732
2007-05-11,0.013298127724858975
2007-05-14,-0.00699018602784985
2007-05-15,0.0032842052215298605
2007-05-16,0.024317844352300565
2007-05-17,-0.003425766660661468
2007-05-18,0.006207546320909188
2007-05-21,-0.0007679411439325745
2007-05-22,-0.009113083264882796
2007-05-23,-0.005561621538767733
2007-05-24,-0.023374377059243563
2007-05-25,0.01994297537951447
2007-05-28,0.01316001808971046
2007-05-29,-0.006055566165557072
2007-05-30,0.01231602636340385
2007-05-31,-0.0012993748444306255
2007-06-01,0.01721441344910355
2007-06-04,-0.004039702351485685
2007-06-05,-0.004396652565048354
2007-06-06,-0.017957610900017386
2007-06-08,0.006592637589147204
2007-06-11,0.007318505108226127
2007-06-12,-0.01803406726205513
2007-06-13,0.02629619309614188
2007-06-14,0.017011059439961937
2007-06-15,0.020078578462585515
2007-06-18,0.004961521467399483
2007-06-19,-0.00365161306346561
2007-06-20,-0.008890445084595789
2007-06-21,0.009652538460284965
2007-06-22,-0.008214121565171977
2007-06-25,-0.004601069233037645
2007-06-26,-0.004993112358842963
2007-06-27,-0.00032609149095220145
2007-06-28,0.0035653817395324217
2007-06-29,0.003749645631132144
2007-07-02,0.021952443044013475
2007-07-03,0.0033399409670208024
2007-07-04,-0.0038751690489230725
2007-07-05,0.0005745958549189367
2007-07-06,0.005779213418175073
2007-07-10,-0.008338742041844543
2007-07-11,0.007797950109729807
2007-07-12,0.017652888300988365
2007-07-13,0.002868397252765165
2007-07-16,-0.002552522484099887
2007-07-17,0.005937098397622945
2007-07-18,0.0007711718208735
2007-07-19,0.010539912126389299
2007-07-20,-0.01488224197074372
2007-07-23,0.005661782329685058
2007-07-24,-0.04125019790830603
2007-07-25,0.004644439355759911
2007-07-26,-0.038622882495140565
2007-07-27,-0.01617524262579574
2007-07-30,0.026611000546125255
2007-07-31,-0.004500167799275154
2007-08-01,0.0009728941037027918
2007-08-02,0.00649153420073069
2007-08-03,-0.02663632311845735
2007-08-06,0.0041085804940742526
2007-08-07,0.014999362187404833
2007-08-08,0.02342380202001086
2007-08-09,-0.03763279322038032
2007-08-10,-0.009151914180698065
2007-08-13,-0.005608891141286624
2007-08-14,-0.03669911790708064
2007-08-15,-0.04009283759190281
2007-08-16,-0.0322869061433622
2007-08-17,0.02202967261353261
2007-08-20,0.021380110580461915
2007-08-21,0.008488182481749613
2007-08-22,0.026797560400755514
2007-08-23,-0.0029035273795348826
2007-08-24,0.018769680677245784
2007-08-27,0.003649937428123075
2007-08-28,-0.027051447659970362
2007-08-29,0.019216374079654337
2007-08-30,-0.0037079601682796217
2007-08-31,0.032209882080630414
2007-09-03,0.001478103082178014
2007-09-04,0.00026181867312288516
2007-09-05,-0.015615328699759824
2007-09-06,-0.00029074099561362046
2007-09-10,-0.03618569611059805
2007-09-11,0.019086356149780034
2007-09-12,0.0007880634505787444
2007-09-13,0.01807137105095463
2007-09-14,-0.003862245641822749
2007-09-17,-0.012564774961961712
2007-09-18,0.03755725031628681
2007-09-19,0.007207054511714339
2007-09-20,-0.0031303866721108693
2007-09-21,0.01194548556698253
2007-09-24,0.015498861732834268
2007-09-25,0.0027491278223458417
2007-09-26,0.015051966320073367
2007-09-27,0.01683561261283783
2007-09-28,-0.008634217073216592
2007-10-01,0.02308677972549824
2007-10-02,-0.0029930217858709107
2007-10-03,-0.020836332268196103
2007-10-04,0.010135203837811595
2007-10-05,0.025948858732772407
2007-10-08,0.0058345340272227325
2007-10-09,0.011641200370410606
2007-10-10,-0.006150965483591165
2007-10-11,-0.011869120643147902
2007-10-15,-0.005062793650984312
2007-10-16,-0.018308840327039055
2007-10-17,0.017427096002586115
2007-10-18,0.00430967481583445
2007-10-19,-0.030454232214090462
2007-10-22,0.007596687731692712
2007-10-23,0.019508564527223986
2007-10-24,-0.0013857561555973277
2007-10-25,-0.007531989776221398
2007-10-26,0.02270265319381154
2007-10-29,0.01097231715908723
2007-10-30,-0.0028899158115302977
2007-10-31,0.011824897472225118
2007-11-01,-0.01806998808798057
2007-11-05,-0.0062664601357590504
2007-11-06,0.020500235612439337
2007-11-07,-0.013971566859343311
2007-11-08,-0.020625607540373625
2007-11-09,0.012017335775347613
2007-11-12,-0.0378392404381965
2007-11-13,0.02059694510211204
2007-11-14,0.01683185298633097
2007-11-16,-0.0007868978538334748
2007-11-19,-0.032254859545872816
2007-11-21,-0.03984191803298642
2007-11-22,0.0003935640136140885
2007-11-23,0.0034895236459930997
2007-11-26,-0.030491151689240808
2007-11-27,0.007174617050946809
2007-11-28,0.04179459333273506
2007-11-29,0.0036759574774562678
2007-11-30,0.023119546097973835
2007-12-03,0.0037655903011203323
2007-12-04,0.0033384295066646997
2007-12-05,0.01865526009440043
2007-12-06,0.010526860345367033
2007-12-07,-0.0024510321665282084
2007-12-10,-0.003686501747992594
2007-12-11,-0.022932316095399086
2007-12-12,-0.0058164426528020475
2007-12-13,-0.022639991781999033
2007-12-14,-0.0053837979473238306
2007-12-17,-0.045484846846789495
2007-12-18,0.025401373959717047
2007-12-19,0.003711812204715296
2007-12-20,-0.00848556230553765
2007-12-21,0.022158005487234622
2007-12-26,0.016503306951218943
2007-12-27,-0.0033894025416260037
2007-12-28,-0.010761104535575192
2008-01-02,-0.020312791270525127
2008-01-03,0.002340256900395681
2008-01-04,-0.023063062497631834
2008-01-07,-0.01091162861851809
2008-01-08,0.013576591301578365
2008-01-09,0.008258553268237444
2008-01-10,0.008193003803552232
2008-01-11,-0.01749607017032318
2008-01-14,-0.0005882248974902089
2008-01-15,-0.03086205366238437
2008-01-16,-0.011083480425811606
2008-01-17,-0.03135060770828888
2008-01-18,0.006751843529333605
2008-01-21,-0.06448517198157255
2008-01-22,0.03608439775807101
2008-01-23,-0.02843505869653783
2008-01-24,0.051214835577680244
2008-01-28,0.012632630070873122
2008-01-29,0.01428156362425108
2008-01-30,0.003591330804601493
2008-01-31,-0.01855451990597589
2008-02-01,0.024303973400895927
2008-02-06,-0.027201247402219977
2008-02-07,-0.0030995330630185012
2008-02-08,-0.0025655150934274
2008-02-11,0.03309416484150758
2008-02-12,0.020321444025060753
2008-02-13,0.01631436607560379
2008-02-14,-0.01055119892654306
2008-02-15,-0.0029064581391533076
2008-02-18,0.020394020967392033
2008-02-19,-0.0021944950022580526
2008-02-20,0.020855903859140205
2008-02-21,0.006019901037687724
2008-02-22,0.01715660749285626
2008-02-25,0.007136505261762169
2008-02-26,0.009544838579984805
2008-02-27,0.008695037038946106
2008-02-28,-0.004053977376223252
2008-02-29,-0.017304573476185428
2008-03-03,0.017806239371517728
2008-03-04,-0.011256825858027956
2008-03-05,0.014448830526101828
2008-03-06,-0.024718468300930704
2008-03-07,-0.021315589787224434
2008-03-10,-0.024990616493731584
2008-03-11,0.04023742080181998
2008-03-12,-0.0015861146860287108
2008-03-13,-0.0013682568491053385
2008-03-14,-0.004122243483645817
2008-03-17,-0.033631532256433005
2008-03-18,0.02810348374313437
2008-03-19,-0.04372532344016504
2008-03-20,-0.004126094303135339
2008-03-24,0.007551940542565031
2008-03-25,0.014127930518889676
2008-03-26,-0.0029834803493948613
2008-03-27,-0.010255066877969845
2008-03-28,-0.005559405997819209
2008-03-31,0.01402660388795253
2008-04-01,0.02654894017189719
2008-04-02,0.013141492117745058
2008-04-03,0.013432709840541046
2008-04-04,0.006985243400072053
2008-04-07,-0.009239533368998125
2008-04-08,0.004545003171848275
2008-04-09,-0.02481901748460634
2008-04-10,-0.001740688610018393
2008-04-11,-0.009667651634077911
2008-04-14,-0.013475803982006321
2008-04-15,0.007973320356012732
2008-04-16,0.023932437638716893
2008-04-17,0.008732825328747838
2008-04-18,0.00945963111450356
2008-04-22,0.004240350889655716
2008-04-23,-0.00662669472200555
2008-04-24,-0.002223736066691861
2008-04-25,0.008927806787615346
2008-04-28,0.005212529899476772
2008-04-29,-0.0229881809533689
2008-04-30,0.05114807749207635
2008-05-02,0.011674098424276155
2008-05-05,0.0020490568099541073
2008-05-06,-0.004826993661442779
2008-05-07,-0.0173219409330901
2008-05-08,0.010017082929446442
2008-05-09,0.0018155247262042636
2008-05-12,0.00997327597052277
2008-05-13,-0.004140689777153013
2008-05-14,-0.008419297356513717
2008-05-15,0.01807944259757955
2008-05-16,0.017499024689018178
2008-05-19,0.00769674041897067
2008-05-20,-0.0012063983030172973
2008-05-21,-0.012924402222469406
2008-05-23,-0.012385358451194976
2008-05-26,0.0010101653988458914
2008-05-27,-0.006345027794111871
2008-05-28,0.03135910389665014
2008-05-29,-0.01639516816203184
2008-05-30,0.01934602873922471
2008-06-02,-0.010470202800321252
2008-06-03,-0.025699639816344967
2008-06-04,-0.01201569901231839
2008-06-05,0.03604062881003574
2008-06-06,-0.02322899765472062
2008-06-09,-0.003468244987176422
2008-06-10,-0.017761421763663555
2008-06-11,-0.009852375405538459
2008-06-12,0.007047438500600514
2008-06-13,-0.004834072002258279
2008-06-16,-0.001050635555460901
2008-06-17,0.016682243482735337
2008-06-18,-0.01902182012975624
2008-06-19,-0.004095548724642557
2008-06-20,-0.025591462814651512
2008-06-23,-0.0035775456404170914
2008-06-24,-0.008895885531831542
2008-06-25,0.02140688843508417
2008-06-26,-0.022108350840880902
2008-06-27,0.005512116873333149
2008-06-30,0.009242155364390735
2008-07-01,-0.022570439732342143
2008-07-02,-0.027612374179090092
2008-07-03,-0.029642004569127304
2008-07-04,-0.0001960169480339246
2008-07-07,0.0007384909870948161
2008-07-08,0.012822628625821203
2008-07-10,0.01888449833324478
2008-07-11,0.0012954721518122774
2008-07-14,0.0097423050758133
2008-07-15,0.0026472943783839922
2008-07-16,0.02210692272697408
2008-07-17,-0.03266322162944792
2008-07-18,-0.003115104135147485
2008-07-21,0.01644949283791384
2008-07-22,-0.01170944323686961
2008-07-23,-0.00392188668917277
2008-07-24,-0.0240550431251075
2008-07-25,-0.0014526690804462963
2008-07-28,-0.005251866172952074
2008-07-29,0.013621437280677875
2008-07-30,0.02584922482942868
2008-07-31,-0.003362447587021335
2008-08-01,-0.02339862044682489
2008-08-04,-0.03884432349826914
2008-08-05,0.011177300956757386
2008-08-06,0.012103750203471979
2008-08-07,-0.009690659797558237
2008-08-08,-0.006322209108551664
2008-08-11,-0.03240766041385553
2008-08-12,-0.011057353689219096
2008-08-13,0.003087623975175365
2008-08-14,0.010116628172364804
2008-08-15,-0.015464133555669213
2008-08-18,-0.012402714580902936
2008-08-19,0.0028842564293422605
2008-08-20,0.02384988992866705
2008-08-21,0.006325084188252268
2008-08-22,-0.0003697095586567132
2008-08-25,-0.01914279762723251
2008-08-26,-0.004833900313978335
2008-08-27,0.01147598731499385
2008-08-28,0.015552830707989462
2008-08-29,-0.01104967466814988
2008-09-01,-0.011058455409916752
2008-09-02,-0.011508597800742265
2008-09-03,-0.021805666124265783
2008-09-04,-0.038061397136304846
2008-09-05,0.00557561005967299
2008-09-08,-0.013731319777184763
2008-09-09,-0.044649192311654075
2008-09-10,0.022603877356371094
2008-09-11,0.018884446637490136
2008-09-12,0.008522614180642528
2008-09-15,-0.06335615360374508
2008-09-16,-0.003907187795141922
2008-09-17,-0.07689013017736493
2008-09-18,0.04049085665353451
2008-09-19,0.0883526782229023
2008-09-22,-0.02367544540752021
2008-09-23,-0.04048468517224339
2008-09-24,-0.0012226957483033637
2008-09-25,0.028924296067535923
2008-09-26,-0.015930229370880802
2008-09-29,-0.10407143021452939
2008-09-30,0.06162254620948329
2008-10-01,-0.008551927913260059
2008-10-02,-0.05763241214154269
2008-10-03,-0.034013745705615286
2008-10-06,-0.06069638466373687
2008-10-07,-0.0396800680886591
2008-10-08,-0.041313013667952855
2008-10-09,-0.04917243438158808
2008-10-10,-0.046287867734976826
2008-10-13,0.13778563174070602
2008-10-14,0.028725379877269648
2008-10-15,-0.12034928440399084
2008-10-16,-0.0010849876299533763
2008-10-17,-0.001425477879090494
2008-10-20,0.07513353698019895
2008-10-21,-0.012540028581886858
2008-10-22,-0.10120863505888525
2008-10-23,-0.04524454138775459
2008-10-24,-0.07082090016593735
2008-10-27,-0.06115039480243268
2008-10-28,0.12624345877807802
2008-10-29,0.042603837476319004
2008-10-30,0.06414697784831674
2008-10-31,-0.006926864376444679
2008-11-03,0.01857528864211555
2008-11-04,0.0473014383637385
2008-11-05,-0.06373143633334043
2008-11-06,-0.03365744855268854
2008-11-07,0.007531418052347674
2008-11-10,-0.006588842478731229
2008-11-11,0.0102206638557761
2008-11-12,-0.0792084421899791
2008-11-13,0.03745913063436566
2008-11-14,-0.005762700138992839
2008-11-17,-0.01222588412045003
2008-11-18,-0.038644930082806506
2008-11-19,-0.02121780732009927
2008-11-21,-0.06232056460767672
2008-11-24,0.07235835727630863
2008-11-25,0.012713946835260524
2008-11-26,0.04982554949133355
2008-11-27,0.0031229444047861737
2008-11-28,0.014602464633654565
2008-12-01,-0.04875742919613515
2008-12-02,0.0023432389959864245
2008-12-03,-0.003895665017529708
2008-12-04,0.005409938425226651
2008-12-05,0.008676985626942715
2008-12-08,0.0580643046596861
2008-12-09,-0.005339139435888657
2008-12-10,0.01609379744659454
2008-12-11,-0.004457231005175398
2008-12-12,0.012030329745304337
2008-12-15,-0.022493024676292907
2008-12-16,0.031960503671112354
2008-12-17,-0.0059902232677418645
2008-12-18,0.0059219481527488845
2008-12-19,-0.005991874677071872
2008-12-22,-0.028249964677829413
2008-12-23,-0.030235797268011323
2008-12-26,0.0053855385719555416
2008-12-29,-0.0020495369473336727
2008-12-30,0.018934852271315826
2009-01-02,0.052471406868511754
2009-01-05,0.023136505874602593
2009-01-06,0.021760680566602384
2009-01-07,-0.023722778483681355
2009-01-08,0.022729826286413027
2009-01-09,-0.0010891333414816485
2009-01-12,-0.04853954905149567
2009-01-13,0.003622083657642557
2009-01-14,-0.03896291206157752
2009-01-15,0.028705814407184553
2009-01-16,0.00824723517448869
2009-01-19,-0.012420534818573078
2009-01-20,-0.040553833546776705
2009-01-21,0.02246094288915057
2009-01-22,-0.022197461334019064
2009-01-23,-7.860999467874442e-05
2009-01-26,0.005211281752197645
2009-01-27,0.003812339727462497
2009-01-28,0.03181293937163994
2009-01-29,-0.014535217635914446
2009-01-30,-0.0054998453104968086
2009-02-02,-0.011867297340648866
2009-02-03,0.016751114274740693
2009-02-04,0.0074216422076557025
2009-02-05,0.018709590813393927
2009-02-06,0.031054876315106682
2009-02-09,-0.007137096982662406
2009-02-10,-0.017778395693180227
2009-02-11,-0.0056119154554811375
2009-02-12,-0.01072684488367674
2009-02-13,0.025168337588396632
2009-02-16,0.001113732592156733
2009-02-17,-0.037375768960469666
2009-02-18,-0.003627542642555459
2009-02-19,-0.003955539602836194
2009-02-20,-0.022451915852403418
2009-02-25,-0.01621045217185626
2009-02-26,0.0010571971396342993
2009-02-27,-0.0019276395556768774
2009-03-02,-0.05311216013532161
2009-03-03,0.003839459844861649
2009-03-04,0.03315766041364894
2009-03-05,-0.028743188737791074
2009-03-06,-0.006528560893084716
2009-03-09,-0.014762745611617056
2009-03-10,0.04522284202288822
2009-03-11,-0.002735403675805382
2009-03-12,0.0039147790019805895
2009-03-13,4.712944004538373e-05
2009-03-16,-0.00993835829479523
2009-03-17,0.01951669501977332
2009-03-18,0.019721838192065834
2009-03-19,0.00806671916019898
2009-03-20,-0.005648650162352243
2009-03-23,0.050282146123286645
2009-03-24,-0.015772820474419545
2009-03-25,0.0016433864690444484
2009-03-26,0.02741650214070731
2009-03-27,-0.013147883888562927
2009-03-30,-0.025534707537283444
2009-03-31,0.016768221600923047
2009-04-01,0.018501401711365537
2009-04-02,0.04440331969244044
2009-04-03,0.024444115369646427
2009-04-06,-0.010546791314485332
2009-04-07,0.001331311309851242
2009-04-08,0.016762713972284096
2009-04-09,0.02506860938590263
2009-04-13,0.003531894542192643
2009-04-14,-0.011647222655226197
2009-04-15,0.0018957834663321346
2009-04-16,0.025689867464924923
2009-04-17,0.006630786576164136
2009-04-20,-0.030022984915133888
2009-04-22,0.01826247660747994
2009-04-23,0.02081343920150349
2009-04-24,0.019092245984915757
2009-04-27,-0.019817715420973308
2009-04-28,0.009666156272362635
2009-04-29,0.03248669542480496
2009-04-30,-0.004197825565601152
2009-05-04,0.05061925231615249
2009-05-05,-0.0037774359279163982
2009-05-06,0.017773593635025543
2009-05-07,-0.02707255962400837
2009-05-08,0.024950155454571403
2009-05-11,-0.009068333875939956
2009-05-12,-0.010709309639509862
2009-05-13,-0.0318079902814532
2009-05-14,0.020190075010858663
2009-05-15,-0.002236304233154244
2009-05-18,0.04560172975611807
2009-05-19,0.0058454443579051074
2009-05-20,-0.005841485087179837
2009-05-21,-0.022913429469093374
2009-05-22,0.01288903118463738
2009-05-25,0.004702846202220235
2009-05-26,0.015227956364474661
2009-05-27,-0.002953000578285325
2009-05-28,0.01770259780858306
2009-05-29,0.009550410011416625
2009-06-01,0.01832338716555658
2009-06-02,-0.001983710775082909
2009-06-03,-0.03322752669360378
2009-06-04,0.023517984790806717
2009-06-05,-0.004204668374791905
2009-06-08,-0.00012605092021385504
2009-06-09,-0.005986051199897608
2009-06-10,0.006586316078686693
2009-06-12,0.010542487767267334
2009-06-15,-0.02931419162407613
2009-06-16,-0.01426048513994806
2009-06-17,-0.007795365435546425
2009-06-18,0.001756640653047455
2009-06-19,0.01278760250805978
2009-06-22,-0.03253717401935463
2009-06-23,0.008518112990220324
2009-06-24,0.002720758587630185
2009-06-25,0.021772092700871576
2009-06-26,0.0026252274374230257
2009-06-29,0.010350551059463167
2009-06-30,-0.01224186337941029
2009-07-01,0.005469946738733608
2009-07-02,-0.006381996881693203
2009-07-03,-0.0006127255662282021
2009-07-06,0.00018407394432377639
2009-07-07,-0.021380475539346452
2009-07-08,-0.00982589403684285
2009-07-10,-4.7772138534987914e-05
2009-07-13,-0.0017889130079637204
2009-07-14,-0.007534507859245709
2009-07-15,0.0366774488533968
2009-07-16,0.012861078324659795
2009-07-17,0.0009621328135789341
2009-07-20,0.02217184637859116
2009-07-21,0.001803224810519442
2009-07-22,-0.001994621912826961
2009-07-23,0.017900370521995508
2009-07-24,0.008593533399253353
2009-07-27,0.01045785045290789
2009-07-28,0.004630887842148924
2009-07-29,-0.005765442292804494
2009-07-30,0.01677731069203531
2009-07-31,0.00914421553261107
2009-08-03,0.02158704593147125
2009-08-04,-0.00012603863393367398
2009-08-05,0.008048782604451802
2009-08-06,-0.004219296622889706
2009-08-07,0.0061279473140621096
2009-08-10,0.012153915380620982
2009-08-11,-0.01540763296943433
2009-08-12,0.00997780333036491
2009-08-13,-0.0011385720467346854
2009-08-14,-0.011322166178314474
2009-08-17,-0.019818908327235762
2009-08-18,0.016015233609430694
2009-08-19,0.0011297782109902638
2009-08-20,0.012568363846724342
2009-08-21,0.012381368514238
2009-08-24,0.005841028589724111
2009-08-25,-0.004550428183694204
2009-08-26,0.006648668343301826
2009-08-27,0.0016715212983267715
2009-08-28,0.0036594956864342176
2009-08-31,-0.013221691700910249
2009-09-01,-0.01683595621640272
2009-09-02,-0.007058877317570265
2009-09-03,0.0026879139091689885
2009-09-04,0.013647672559205484
2009-09-08,0.019561291155105655
2009-09-09,0.002147952841315943
2009-09-10,0.006831552395756002
2009-09-11,-0.003489906208418978
2009-09-14,0.009977664820792527
2009-09-15,0.008523419092985755
2009-09-16,0.018516658123236787
2009-09-17,-0.005245701023634552
2009-09-18,0.0035789502761869136
2009-09-21,-0.00261825881352785
2009-09-22,0.008544972884378704
2009-09-23,-0.013515912067867389
2009-09-24,-0.0018946564461912539
2009-09-25,0.002814998767618021
2009-09-28,0.007138333648923756
2009-09-29,0.0006513198468998871
2009-09-30,0.004430060314420903
2009-10-01,-0.014244574011361429
2009-10-02,0.011128358319396178
2009-10-05,0.024078488798911578
2009-10-06,0.007467260092149012
2009-10-07,-0.0008384122340775943
2009-10-08,0.011557404736634217
2009-10-09,0.006934750965803408
2009-10-13,0.012331909014870197
2009-10-14,0.019036990555828203
2009-10-15,0.005437021502547558
2009-10-16,-0.004859069125728905
2009-10-19,0.011665573925555792
2009-10-20,-0.031940721865591375
2009-10-21,-0.00018440361167215225
2009-10-22,0.007385943141583605
2009-10-23,-0.01558579782533201
2009-10-26,-0.006099579059712057
2009-10-27,-0.02337520077973429
2009-10-28,-0.041734505203359126
2009-10-29,0.04885874394417893
2009-10-30,-0.023613117135646296
2009-11-03,0.009075333453485598
2009-11-04,0.0190033527395673
2009-11-05,0.01026090547219987
2009-11-06,-0.005806997270008054
2009-11-09,0.017831719183935113
2009-11-10,0.0011480138789687852
2009-11-11,0.0008999069016992749
2009-11-12,-0.02137290338300962
2009-11-13,0.015124102734827297
2009-11-16,0.016479787552087306
2009-11-17,0.0005158315088240213
2009-11-18,-0.007538112401741367
2009-11-19,-0.006088770109007602
2009-11-23,0.0026118381351585645
2009-11-24,0.003270346368339546
2009-11-25,0.008035271617873194
2009-11-26,-0.014215696051794069
2009-11-27,0.00853107939883844
2009-11-30,0.000356816870696938
2009-12-01,0.01963219785140472
2009-12-02,0.013715369154328347
2009-12-03,0.0025716010055279906
2009-12-04,-0.005312956237431125
2009-12-07,0.015584910913815817
2009-12-08,-0.00495803812858059
2009-12-09,0.003972640696109805
2009-12-10,0.011679017064422176
2009-12-11,0.002066241863703685
2009-12-14,-0.0051251200477918386
2009-12-15,-0.0019078463465804303
2009-12-16,-0.012780022518114272
2009-12-17,-0.01563477854213059
2009-12-18,-0.003148080076954858
2009-12-21,-0.006661827472213895
2009-12-22,0.014738152443677044
2009-12-23,0.0005730595301241678
2009-12-28,0.005736655875053
2009-12-29,0.006228213282116074
2009-12-30,0.008011322663169729
2010-01-04,0.017177794854076826
2010-01-05,0.0018275618542124925
2010-01-06,0.008713096062102627
2010-01-07,-0.0030065588668061194
2010-01-08,0.007699075219116422
2010-01-11,0.004053439502151812
2010-01-12,-0.0011875988695031505
2010-01-13,-0.0010966738430728353
2010-01-14,-0.004008632410991791
2010-01-15,-0.013210076332074307
2010-01-18,0.003847648796362022
2010-01-19,0.011930154988554495
2010-01-20,-0.029805375403142244
2010-01-21,-0.02168324820693281
2010-01-22,0.002655977171702597
2010-01-26,-0.00864519770239419
2010-01-27,-0.006056813231682341
2010-01-28,0.003483285033534545
2010-01-29,0.005839562362145631
2010-02-01,0.005273431909602976
2010-02-02,0.005909364590508484
2010-02-03,-0.002402980162455871
2010-02-04,-0.037950240903459
2010-02-05,-0.020747392909987245
2010-02-08,0.005891053386195876
2010-02-09,0.021608288765559855
2010-02-10,0.005652071238949339
2010-02-11,0.011816443525646553
2010-02-12,-0.006740768861674759
2010-02-17,0.015639244796151072
2010-02-18,0.0054223555482313225
2010-02-19,-0.007224923693366745
2010-02-22,-0.004241318234811505
2010-02-23,-0.01679679096987739
2010-02-24,-0.007615368915953767
2010-02-25,0.006442269580784253
2010-02-26,0.0037033342881821448
2010-03-01,0.011166435039046815
2010-03-02,0.005666723336646953
2010-03-03,-0.0046264082060604745
2010-03-04,-0.0005886655410520612
2010-03-05,0.007620088880322314
2010-03-08,-0.0028556869754320473
2010-03-09,0.00889505044450739
2010-03-10,0.005005032601708377
2010-03-11,-0.002822498599254674
2010-03-12,-0.00947004320291743
2010-03-15,-0.0005463259359049384
2010-03-16,0.012847007334505705
2010-03-17,-0.0014215538963895332
2010-03-18,-0.0015760001794266343
2010-03-19,-0.009319386698247093
2010-03-22,0.0017072063981545065
2010-03-23,0.0003646400171415348
2010-03-24,-0.008488458328390597
2010-03-25,-0.00321029696557829
2010-03-26,0.00084130286139054
2010-03-29,0.012998415663074593
2010-03-30,-0.0029627222415863036
2010-03-31,0.00325992323354517
2010-04-01,0.008081732909203838
2010-04-05,0.0009162407900848755
2010-04-06,-0.002620354909590654
2010-04-07,-0.001970778306735729
2010-04-08,0.009572092901418847
2010-04-09,-0.00420031860037488
2010-04-12,-0.0070471074397522575
2010-04-13,0.004914049183345592
2010-04-14,0.009627193740708456
2010-04-15,-0.004608247643958621
2010-04-16,-0.013156807365696912
2010-04-19,-0.007043127667037025
2010-04-20,0.0020265370726916254
2010-04-22,0.004348849050369926
2010-04-23,0.0019538156309334026
2010-04-26,-0.0034884611689574947
2010-04-27,-0.024728757839081194
2010-04-28,-0.00045566799750558083
2010-04-29,0.01327374284204036
2010-04-30,-0.0024786612670074414
2010-05-03,-0.00026579835141073323
2010-05-04,-0.028831849541493607
2010-05-05,-0.005914578473092536
2010-05-06,-0.01919974344400157
2010-05-07,-0.011446664279697916
2010-05-10,0.03607084478730806
2010-05-11,-0.011023777298302381
2010-05-12,0.0075374511181304366
2010-05-13,-0.004248283323240963
2010-05-14,-0.02275026290956393
2010-05-17,-0.003381584844111207
2010-05-18,-0.02503073126952307
2010-05-19,-0.018850082608080868
2010-05-20,-0.024523486044117422
2010-05-21,0.0347474319251914
2010-05-24,-0.0050670986648930025
2010-05-25,-0.01596104055481676
2010-05-26,0.020337615705636528
2010-05-27,0.02700677394508226
2010-05-28,-0.0005035366229135087
2010-05-31,0.013597237269209184
2010-06-01,-0.018380346602844586
2010-06-02,0.01754239318364061
2010-06-04,-0.014541093879224722
2010-06-07,-0.009111292269425583
2010-06-08,0.007669151904162743
2010-06-09,-0.00483075294848062
2010-06-10,0.01849378939971095
2010-06-11,0.007064978546683528
2010-06-14,0.00011003995121589743
2010-06-15,0.012944383888907358
2010-06-16,0.008009210946817117
2010-06-17,-0.0006633111374770681
2010-06-18,-1.521980367296923e-05
2010-06-21,0.007053173045231504
2010-06-22,0.0011400034153071351
2010-06-23,0.003935619640442147
2010-06-24,-0.01295420603970743
2010-06-25,0.011984415236869913
2010-06-28,9.953708327071565e-05
2010-06-29,-0.026337729415823505
2010-06-30,-0.008466890370488108
2010-07-01,0.006176522640689011
2010-07-02,0.004427691209239002
2010-07-05,-0.008500660776291396
2010-07-06,0.013973884630862866
2010-07-07,0.011042099773195568
2010-07-08,0.003039490901427906
2010-07-12,-0.005183786750658436
2010-07-13,0.011645899613237067
2010-07-14,-0.00738414147405367
2010-07-15,-0.0009514884600521879
2010-07-16,-0.019056278072553362
2010-07-19,0.012176563051008888
2010-07-20,0.012333386552086996
2010-07-21,0.0014172601050099426
2010-07-22,0.020413639734563258
2010-07-23,0.006740097032991534
2010-07-26,0.0024150627905661763
2010-07-27,0.0032458845533909573
2010-07-28,0.005618398711494783
2010-07-29,0.0038177049772399434
2010-07-30,0.004689886800428376
2010-08-02,0.01122528412563335
2010-08-03,-0.006362578231002059
2010-08-04,0.0053418716794802765
2010-08-05,0.0004695952935409812
2010-08-06,-0.004612182396868132
2010-08-09,-0.00040689806144515706
2010-08-10,-0.007572710731730885
2010-08-11,-0.0166246422307707
2010-08-12,0.0033499342129222004
2010-08-13,-0.00283755413327838
2010-08-16,0.005304387517839831
2010-08-17,0.006460180800489563
2010-08-18,0.003589452780367446
2010-08-19,-0.010612582242102497
2010-08-20,-0.0018876110406837814
2010-08-23,-0.009104853954990626
2010-08-24,-0.008253789112718353
2010-08-25,-0.005916734012345178
2010-08-26,-0.0070155415165538155
2010-08-27,0.021711527504729343
2010-08-30,-0.013500561118176182
2010-08-31,0.009771820085371218
2010-09-01,0.023051375493209316
2010-09-02,-0.006689879033955102
2010-09-03,-0.004562966056875955
2010-09-06,3.073008994759036e-05
2010-09-08,-0.004276087202778843
2010-09-09,0.005089007309269608
2010-09-10,0.0029655694838450885
2010-09-13,0.014798342148808326
2010-09-14,-0.0016751214194875715
2010-09-15,0.004208869740507024
2010-09-16,-0.003195388413136951
2010-09-17,-0.008584154946327553
2010-09-20,0.013371277560663957
2010-09-21,-0.005959897030392305
2010-09-22,0.004019865509552416
2010-09-23,0.0036334968043631177
2010-09-24,-0.006678502856000926
2010-09-27,0.006550359508457413
2010-09-28,0.004035883160862723
2010-09-29,0.0003233968355774576
2010-09-30,0.008658742493219018
2010-10-01,0.011385786863325363
2010-10-04,0.003449328366587775
2010-10-05,0.014760749426566334
2010-10-06,-0.003962542614879582
2010-10-07,-0.007107534861367207
2010-10-08,0.013310797754175369
2010-10-11,0.007639036773851439
2010-10-13,0.010974535114864216
2010-10-14,-0.0012667972359280092
2010-10-15,0.0012089625344179936
2010-10-18,-0.0039440917490700216
2010-10-19,-0.023844809209519112
2010-10-20,0.004872826514899225
2010-10-21,-0.005400437931582723
2010-10-22,0.0003475581871283912
2010-10-25,0.003686159890559699
2010-10-26,0.014451698613297086
2010-10-27,-0.004382734852545781
2010-10-28,0.00016515336625213178
2010-10-29,0.004857170554402092
2010-11-01,0.010405945668993808
2010-11-03,0.00575208326235855
2010-11-04,0.015008613617743522
2010-11-05,-0.005788388151445336
2010-11-08,0.0014686168655952188
2010-11-09,-0.007310158540581141
2010-11-10,-0.00541259273135325
2010-11-11,-0.008668750391869987
2010-11-12,-0.011207990444228036
2010-11-16,-0.017764645521738877
2010-11-17,0.006153759396652823
2010-11-18,0.015410679539902643
2010-11-19,0.003137016149461069
2010-11-22,-0.015029733842950446
2010-11-23,-0.022961419073290943
2010-11-24,0.024108418060137422
2010-11-25,-0.0014224368460007803
2010-11-26,-0.011495259662921833
2010-11-29,-0.00602441391812349
2010-11-30,0.0051080738914338
2010-12-01,0.017491676108725332
2010-12-02,0.007238112609991219
2010-12-03,0.0007494703547487236
2010-12-06,-0.004266962938757496
2010-12-07,-0.007019494861475648
2010-12-08,-0.00878587064273113
2010-12-09,-0.007113328419873374
2010-12-10,0.009003877339538951
2010-12-13,0.010906718766047334
2010-12-14,-0.0019367805881200183
2010-12-15,-0.012684017357228874
2010-12-16,-0.005947758948169648
2010-12-17,0.00620462648034582
2010-12-20,-0.010497195068617763
2010-12-21,0.017992021739607685
2010-12-22,-0.00197064148887994
2010-12-23,0.004249851244366297
2010-12-27,-0.010104646970618816
2010-12-28,-0.001391719777120605
2010-12-29,0.01361666892003334
2010-12-30,0.007377019298814793
2011-01-03,0.005958267024138177
2011-01-04,0.0030693814040360264
2011-01-05,0.009509583311045781
2011-01-06,-0.009235653225934032
2011-01-07,-0.004486685568407665
2011-01-10,0.00018978580280416368
2011-01-11,0.004618771214644625
2011-01-12,0.013810311315982145
2011-01-13,-0.009640957101309524
2011-01-14,0.004318272383582636
2011-01-17,-0.004126308939731047
2011-01-18,0.002437074793418733
2011-01-19,-0.01024783717737018
2011-01-20,-0.010215011610073727
2011-01-21,-0.007705649545764835
2011-01-24,0.0037484378700191226
2011-01-26,-0.012404251934945935
2011-01-27,-0.012879644667539224
2011-01-28,-0.024467079814029992
2011-01-31,0.0057134145914409734
2011-02-01,0.015622813131825949
2011-02-02,-0.012552318661483642
2011-02-03,-0.004141095287245513
2011-02-04,-0.01992028513008849
2011-02-07,0.006330177080297124
2011-02-08,0.007183966661010874
2011-02-09,-0.022872987413311105
2011-02-10,-0.0005147641321746734
2011-02-11,0.014765700909715367
2011-02-14,0.012667379043468648
2011-02-15,0.0033049267027465273
2011-02-16,0.014366368024712722
2011-02-17,-0.0005338333169053284
2011-02-18,0.009761805127892952
2011-02-21,-0.011526486202635895
2011-02-22,-0.014782148143463625
2011-02-23,-0.0031298888813494317
2011-02-24,-0.0015600635981121715
2011-02-25,0.001929492505080236
2011-02-28,0.010796533418252341
2011-03-01,-0.012003877929654582
2011-03-02,0.008857459798406261
2011-03-03,0.014541581719967434
2011-03-04,-0.0020378127980368002
2011-03-09,-0.00492841121792
2011-03-10,-0.013790400552973647
2011-03-11,0.009629321405308512
2011-03-14,0.005567726269993326
2011-03-15,-0.0024213153434732987
2011-03-16,-0.013428855237727742
2011-03-17,0.0032963535271705105
2011-03-18,0.0067953293613955594
2011-03-21,0.0017120597642307335
2011-03-22,0.009054880998978061
2011-03-23,0.0004808182757537559
2011-03-24,0.00033165399545510583
2011-03-25,0.00014057408734881245
2011-03-28,-0.004553443022669758
2011-03-29,0.0034664141796882514
2011-03-30,0.010022378097214197
2011-03-31,0.012457449603321527
2011-04-01,0.011822770299333714
2011-04-04,0.0009873943019896004
2011-04-05,0.0010787795624428115
2011-04-06,-0.00944954839475073
2011-04-07,-0.001713714523494576
2011-04-08,-0.008603529677997782
2011-04-11,-0.0012443440785871432
2011-04-12,-0.015374486016829083
2011-04-13,-0.004457269812459985
2011-04-14,-0.003794239842028776
2011-04-15,0.0016023216682451678
2011-04-18,-0.007160545616615001
2011-04-19,0.007622280316195579
2011-04-20,0.012436700402591944
2011-04-25,-0.0015548641867896864
2011-04-26,0.003153279463668752
2011-04-27,-0.013044520312435963
2011-04-28,-0.012015089573468397
2011-04-29,0.0057477990534607094
2011-05-02,-0.017444458196952117
2011-05-03,-0.01499014383510201
2011-05-04,-0.0065195408845889246
2011-05-05,-0.0028625706363282475
2011-05-06,0.01859832764823053
2011-05-09,0.002504779766171169
2011-05-10,0.0017229404635090107
2011-05-11,-0.009548282629468111
2011-05-12,0.0058799293838033475
2011-05-13,-0.009725344892887228
2011-05-16,-0.010491495977120468
2011-05-17,0.005921021107204726
2011-05-18,-0.008799021870032795
2011-05-19,-0.0057864226392932774
2011-05-20,0.003481372934050226
2011-05-23,-0.005676751096597407
2011-05-24,0.009704676613617107
2011-05-25,0.0017803409133430644
2011-05-26,0.007573732933659004
2011-05-27,0.0022797019621215754
2011-05-30,-0.004947927580320571
2011-05-31,0.007577422746549059
2011-06-01,-0.01612306758926181
2011-06-02,0.007631402939115209
2011-06-03,0.002130731718768008
2011-06-06,-0.012799193531173887
2011-06-07,0.0003333782271619214
2011-06-08,-0.005046412465695566
2011-06-09,0.0024451676146092748
2011-06-10,-0.011733084943213314
2011-06-13,-0.006153155822760492
2011-06-14,0.004257933197039741
2011-06-15,-0.006783544575801182
2011-06-16,-0.0064765644177521686
2011-06-17,-0.00129795926511083
2011-06-20,-0.00147981911684164
2011-06-21,0.003321084051139952
2011-06-22,-0.004671883911855583
2011-06-24,-0.0018867033974237046
2011-06-27,0.0037179267344038154
2011-06-28,0.0135743647847076
2011-06-29,0.002622780910297262
2011-06-30,-0.0005533193668324746
2011-07-01,0.007727940007406574
2011-07-04,0.0060704139499843475
2011-07-05,-0.009983522444886591
2011-07-06,-0.0090005544359687
2011-07-07,-0.008416929575567264
2011-07-08,-0.010394333610063568
2011-07-11,-0.02103295488393534
2011-07-12,-0.00751271830217639
2011-07-13,0.01994532336675427
2011-07-14,-0.013221967829276747
2011-07-15,-0.0047509180880327545
2011-07-18,-0.011597673759948602
2011-07-19,0.0005489612507385739
2011-07-20,0.002895642107096202
2011-07-21,0.013698530515113008
2011-07-22,0.002501059443733888
2011-07-25,-0.008692149571897768
2011-07-26,-0.010955006499912967
2011-07-27,-0.02082786735106551
2011-07-28,0.003380034969324276
2011-07-29,0.0056786231589620925
2011-08-01,-0.0049313267214050206
2011-08-02,-0.021634965667500367
2011-08-03,-0.018370447670099925
2011-08-04,-0.05175302690563463
2011-08-05,0.0042662197524086665
2011-08-08,-0.08192972426745981
2011-08-09,0.04109190118367591
2011-08-10,0.0017889566497668985
2011-08-11,0.03626688368823651
2011-08-12,0.0015409176079338874
2011-08-15,0.02172619297103277
2011-08-16,-0.004632195006355271
2011-08-17,0.010396473984207052
2011-08-18,-0.029749560134203386
2011-08-19,-0.011364426380839478
2011-08-22,0.0014762153429374752
2011-08-23,0.01986378008830012
2011-08-24,-0.003509550911064747
2011-08-25,-0.012352159998646705
2011-08-26,0.0033530212203692344
2011-08-29,0.028083151867217555
2011-08-30,0.008237393482142034
2011-08-31,0.024747622275051548
2011-09-01,0.02067730082258728
2011-09-02,-0.021195122008844148
2011-09-05,-0.021476901633446663
2011-09-06,0.025836349893921452
2011-09-08,0.016279753440121492
2011-09-09,-0.027598631868598036
2011-09-12,-0.0016204515889635658
2011-09-13,-0.004970050465041542
2011-09-14,0.011758574908633057
2011-09-15,-0.00046786688399251964
2011-09-16,0.01643682291263916
2011-09-19,-0.0019219042255140947
2011-09-20,-0.013489986575359905
2011-09-21,-0.004896527776771737
2011-09-22,-0.04804620550005588
2011-09-23,-0.003054480171009699
2011-09-26,0.0088387590898444
2011-09-27,0.0035151163227293363
2011-09-28,-0.010423723197241223
2011-09-29,0.00418650312245963
2011-09-30,-0.012986764512982248
2011-10-03,-0.02366457272379671
2011-10-04,-0.004379463696047397
2011-10-05,0.001561585828811158
2011-10-06,0.019327651730847422
2011-10-07,-0.020333521335903305
2011-10-10,0.03473823203500426
2011-10-11,0.004613068252631084
2011-10-13,0.011295334733671593
2011-10-14,0.006163213261955581
2011-10-17,-0.01611586814719748
2011-10-18,0.02070497626455811
2011-10-19,0.0019093314151951406
2011-10-20,-0.01618440045786912
2011-10-21,0.021549205621866303
2011-10-24,0.0230653932237406
2011-10-25,-0.014475275601398073
2011-10-26,0.012110712550779393
2011-10-27,0.03001802275727357
2011-10-28,0.0011673514436803668
2011-10-31,-0.01487697523517549
2011-11-01,-0.018673597308359928
2011-11-03,0.00947915127743663
2011-11-04,0.008767495515678812
2011-11-07,0.005227710975773061
2011-11-08,-0.0006264299373032536
2011-11-09,-0.01961393345813378
2011-11-10,-0.0017712103974239367
2011-11-11,0.023427945070086657
2011-11-14,-0.004369944392079529
2011-11-16,0.005091720930156678
2011-11-17,-0.027547112476442905
2011-11-18,-0.0041314591938146975
2011-11-21,-0.005090563091449979
2011-11-22,-0.00549246672546692
2011-11-23,-0.017337695463848182
2011-11-24,0.006362451562605779
2011-11-25,0.0007778230233813737
2011-11-28,0.022150748513254537
2011-11-29,-0.013625374048400408
2011-11-30,0.023294513367904023
2011-12-01,0.020240277867342872
2011-12-02,-0.006339830827177743
2011-12-05,0.0181193238815116
2011-12-06,0.010357336060331419
2011-12-07,-0.01322102938035343
2011-12-08,-0.013313207747560604
2011-12-09,0.011014219329931272
2011-12-12,-0.011114279042051657
2011-12-13,0.0006749244300437144
2011-12-14,-0.011178360971611704
2011-12-15,-0.0025500987511849894
2011-12-16,-0.002570481784197972
2011-12-19,-0.008413239201993664
2011-12-20,0.019651413346614174
2011-12-21,-0.00010428664340089732
2011-12-22,0.007515246184885105
2011-12-23,0.005494520338751552
2011-12-26,0.002222933041516057
2011-12-27,0.007367768200001828
2011-12-28,-0.021921475866343066
2011-12-29,0.005605264754625229
2012-01-02,0.008688790189309362
2012-01-03,0.018005954524569958
2012-01-04,0.004069465922645117
2012-01-05,-0.009176183250618376
2012-01-06,0.0009862904141499421
2012-01-09,0.003108841666081889
2012-01-10,0.004007693596464574
2012-01-11,0.0005974193077999616
2012-01-12,-0.0016260073279617594
2012-01-13,-0.010731539615494876
2012-01-16,0.010762400149715265
2012-01-17,0.004801576332579269
2012-01-18,0.014784016351166756
2012-01-19,0.005819957312123728
2012-01-20,0.007891604037172846
2012-01-23,-0.002426692929261401
2012-01-24,-0.0009865106275737524
2012-01-26,0.009868746470964262
2012-01-27,0.0006590213640801468
2012-01-30,-0.0005848642010302467
2012-01-31,0.004764839971497747
2012-02-01,0.016505059127693324
2012-02-02,-0.0028816282232902476
2012-02-03,0.00965040624927036
2012-02-06,0.0031146457175970817
2012-02-07,0.008096179005288499
2012-02-08,0.00026628912719293117
2012-02-09,-0.0005857713123343613
2012-02-10,-0.00980470814849606
2012-02-13,0.018241562326595212
2012-02-14,-0.009633193481141075
2012-02-15,0.012034115781812252
2012-02-16,0.007954746504969586
2012-02-17,-2.231053076065699e-05
2012-02-22,-0.0034506805987433143
2012-02-23,-0.007882592707507994
2012-02-24,-0.0016600277874144547
2012-02-27,-0.003875218070084387
2012-02-28,0.01113828641984821
2012-02-29,0.004324520209433823
2012-03-01,0.015800308511046485
2012-03-02,0.010045379181347071
2012-03-05,-0.006937500194601974
2012-03-06,-0.0204530627080608
2012-03-07,0.010183405554518198
2012-03-08,0.011674696560218698
2012-03-09,0.0030339474734388796
2012-03-12,0.0003514666927274598
2012-03-13,0.024685247764961435
2012-03-14,0.0010835823498982523
2012-03-15,-0.004831473593100238
2012-03-16,-0.0013573929736130932
2012-03-19,-0.0007069800022161165
2012-03-20,-0.00492811081814464
2012-03-21,-0.00455325106357159
2012-03-22,-0.01567936245678251
2012-03-23,0.0016548000685368506
2012-03-26,0.016434795891074088
2012-03-27,-0.006393901526608551
2012-03-28,-0.012927572899698403
2012-03-29,-0.0017952441674336812
2012-03-30,-0.0012434659872441302
2012-04-02,0.01557613456973223
2012-04-03,-0.010305156437835847
2012-04-04,-0.0075467457477977565
2012-04-05,0.001056469044347301
2012-04-09,-0.011788366041445932
2012-04-10,-0.009462925313776273
2012-04-11,-0.005160677144017614
2012-04-12,0.016778336345535376
2012-04-13,-0.014394694985130437
2012-04-16,-0.001481553877781222
2012-04-17,0.012537613681464917
2012-04-18,0.011483418409857268
2012-04-19,-0.0034633637584001375
2012-04-20,-0.002772019230945625
2012-04-23,-0.01343206739335543
2012-04-24,0.008472943896297713
2012-04-25,-0.0038006003581783133
2012-04-26,0.003059972375722157
2012-04-27,-0.0025712963034532194
2012-04-30,-0.00726065310460162
2012-05-02,-0.000692933401270507
2012-05-03,-0.004261446683711265
2012-05-04,-0.012883232528161537
2012-05-07,0.005030239426512939
2012-05-08,-0.010540709251363786
2012-05-09,-0.006886624654992455
2012-05-10,0.0016323095338441444
2012-05-11,-0.0022538233857156416
2012-05-14,-0.028856149631377198
2012-05-15,-0.01763741017917643
2012-05-16,0.0007365951799585848
2012-05-17,-0.029924651974309213
2012-05-18,0.002307090607359078
2012-05-21,0.02272856956696631
2012-05-22,-0.015295416197953299
2012-05-23,-0.010738816249680545
2012-05-24,-0.011778623124486676
2012-05-25,0.010738721857497215
2012-05-28,0.014794176679205377
2012-05-29,-0.011254877377590802
2012-05-30,-0.010545764644409521
2012-05-31,0.01552935145374102
2012-06-01,-0.017650882428052697
2012-06-04,-0.0021219834963463434
2012-06-05,-0.016835949041995396
2012-06-06,0.024987954145328294
2012-06-08,0.0023219805632232254
2012-06-11,-0.0014304009483740564
2012-06-12,0.019331756413698144
2012-06-13,0.007865067659235146
2012-06-14,-0.004672913285317338
2012-06-15,0.010593942329167657
2012-06-18,-0.0007601011534755567
2012-06-19,0.010259747290315908
2012-06-20,-0.0026998883569770236
2012-06-21,-0.02110187159570557
2012-06-22,-0.0042705377668503675
2012-06-25,-0.018529126365465217
2012-06-26,-0.003805085656028917
2012-06-27,0.0033162150649832917
2012-06-28,-0.004507701838761915
2012-06-29,0.03077955819039178
2012-07-02,-0.0006094262266255951
2012-07-03,0.0204385185758579
2012-07-04,0.003065568046280303
2012-07-05,0.0008629839315459874
2012-07-06,-0.013564343119417614
2012-07-10,-0.027115838257739885
2012-07-11,-0.00626466500880598
2012-07-12,7.84803092395526e-05
2012-07-13,0.008100434858389466
2012-07-16,-0.010072920333826504
2012-07-17,0.01009647597120808
2012-07-18,0.014334526357770185
2012-07-19,0.012817676195092397
2012-07-20,-0.019469004641168457
2012-07-23,-0.022272062808162074
2012-07-24,-0.005502580391265208
2012-07-25,0.0005127776970366459
2012-07-26,0.021507173546816506
2012-07-27,0.03877939931221093
2012-07-30,0.015545979434191412
2012-07-31,-0.011824719856026355
2012-08-01,-0.00041068433692605447
2012-08-02,-0.015019709062514265
2012-08-03,0.028544831167787405
2012-08-06,0.02068697212410397
2012-08-07,-0.0029538551831749396
2012-08-08,0.016824402281492803
2012-08-09,-0.005412063987380493
2012-08-10,0.008640802547424638
2012-08-13,-0.0019180058912052723
2012-08-14,-0.00453775149384943
2012-08-15,0.0006179456480561582
2012-08-16,0.014785448124191192
2012-08-17,-0.004065274268326764
2012-08-20,0.001753271883849573
2012-08-21,-0.00547782943044627
2012-08-22,0.006144432139310011
2012-08-23,-0.010729807040907834
2012-08-24,-0.0015997725522691238
2012-08-27,-0.0018406906470615943
2012-08-28,0.0034800236205931945
2012-08-29,-0.015391846759930392
2012-08-30,-0.004860109354120833
2012-08-31,-0.006936176452605199
2012-09-03,0.008069162465971582
2012-09-04,-0.011370631245739228
2012-09-05,0.01525552721615186
2012-09-06,0.018060011816936335
2012-09-10,-0.0004047694312764771
2012-09-11,0.005877968008301717
2012-09-12,0.0008908024376691444
2012-09-13,0.02795939435648967
2012-09-14,0.0046983327943302565
2012-09-17,-0.0020956425366109705
2012-09-18,-0.002849074400949339
2012-09-19,0.0004021295758195729
2012-09-20,-0.0004920213783014479
2012-09-21,2.095956069938002e-05
2012-09-24,0.004127340460775633
2012-09-25,-0.014748331670882239
2012-09-26,0.0021516414991159336
2012-09-27,-0.001934334018729771
2012-09-28,-0.011694801401004089
2012-10-01,0.006506379713544895
2012-10-02,0.0011277591325851352
2012-10-03,-0.009303300721593726
2012-10-04,0.0007092351740454433
2012-10-05,0.006448223331228636
2012-10-08,0.0051779630940167925
2012-10-09,-0.007371531746643477
2012-10-10,-0.008018779981908615
2012-10-11,0.009197626540916392
2012-10-15,0.0058440639474450235
2012-10-16,0.004805660671561296
2012-10-17,-0.0023518593155319335
2012-10-18,-0.003076517558323073
2012-10-19,-0.009650730804111045
2012-10-22,-0.004221194404384777
2012-10-23,-0.013829527729462901
2012-10-24,-0.0032150525166873955
2012-10-25,0.004466328199170038
2012-10-26,-0.0068330665691532224
2012-10-29,0.0008833806374292379
2012-10-30,0.0031152314237039274
2012-10-31,-0.004115926661138011
2012-11-01,0.02197096356949892
2012-11-05,-0.005931812171715628
2012-11-06,0.013072345588440733
2012-11-07,-0.013011817417502243
2012-11-08,-0.01420543107862916
2012-11-09,-0.004499988382769238
2012-11-12,-0.007855579737120503
2012-11-13,0.005814908799122857
2012-11-14,-0.01788011966415679
2012-11-16,-0.008505141077988033
2012-11-19,0.007807080730516124
2012-11-21,-0.009105941611798726
2012-11-22,0.0015141297693923909
2012-11-23,0.020955191501599017
2012-11-26,-0.01079040013411149
2012-11-27,-0.0070770094579373395
2012-11-28,0.0045793013390936065
2012-11-29,0.009897439907436523
2012-11-30,0.0028751080207022298
2012-12-03,0.004422175457697622
2012-12-04,-0.008440034317905321
2012-12-05,-0.0026572570366978753
2012-12-06,0.0002727752655896317
2012-12-07,0.008943251538804224
2012-12-10,0.005576507116178284
2012-12-11,0.002097552255648411
2012-12-12,-0.0019776349685221364
2012-12-13,0.0008287131972198485
2012-12-14,0.0038441518154461608
2012-12-17,0.0015468493202077205
2012-12-18,0.01211327078284239
2012-12-19,0.008309414968570246
2012-12-20,0.001492239141338253
2012-12-21,0.001719250133172122
2012-12-26,-0.006409801512300664
2012-12-27,-0.004740363605353737
2012-12-28,0.0052142052265980055
2013-01-02,0.02024332079276555
2013-01-03,0.009679261265055035
2013-01-04,-0.010420364170073134
2013-01-07,-0.011654336590260626
2013-01-08,-0.008649743396886513
2013-01-09,0.009583965900880809
2013-01-10,0.004024546858562238
2013-01-11,-0.002313912898829462
2013-01-14,0.008591657187642932
2013-01-15,-0.006186116412354012
2013-01-16,0.004849492312257445
2013-01-17,0.008840515907411113
2013-01-18,0.001273152304477044
2013-01-21,0.0017739453307240066
2013-01-22,-0.0005703302176469187
2013-01-23,0.003183857687062994
2013-01-24,-0.009203573286500486
2013-01-28,-0.01101256746600504
2013-01-29,0.005110377994082632
2013-01-30,-0.010585070402321126
2013-01-31,0.010458793287003235
2013-02-01,0.006712658696323698
2013-02-04,-0.007730769728737332
2013-02-05,-0.0009678818487581231
2013-02-06,-0.0035839002228339346
2013-02-07,-0.010707914320205495
2013-02-08,-0.0016539002506963563
2013-02-13,0.0009627157588755625
2013-02-14,-0.0027914004221483565
2013-02-15,0.0021226351718002484
2013-02-18,-0.00488439614070091
2013-02-19,-0.001001149200308847
2013-02-20,-0.015674411914444557
2013-02-21,-0.002758361233294715
2013-02-22,0.006559322162321003
2013-02-25,0.006081751569730583
2013-02-26,0.005901718704834651
2013-02-27,0.0013274521168420625
2013-02-28,0.006014627353483229
2013-03-01,-0.005579055651719147
2013-03-04,-0.00713134582586262
2013-03-05,-0.005715197643464304
2013-03-06,0.023322507034677982
2013-03-07,0.007244574992333867
2013-03-08,-0.0009611137419393281
2013-03-11,0.0030174599090973322
2013-03-12,-0.0021278282761703305
2013-03-13,-0.0047015068850399504
2013-03-14,-0.004184007988651224
2013-03-15,-0.00646641472603024
2013-03-18,-0.002568328136480646
2013-03-19,-0.010054004323854976
2013-03-20,-0.008956579777413015
2013-03-21,-0.006288185494114567
2013-03-22,-0.002896602921064202
2013-03-25,-0.004155455541670828
2013-03-26,0.009701977647090292
2013-03-27,0.0020304403185607478
2013-03-28,0.011116461823147673
2013-04-01,-0.004313627358464961
2013-04-02,-0.014492992805644877
2013-04-03,0.005864645577281503
2013-04-04,-0.012568277802997754
2013-04-05,0.006372635586513519
2013-04-08,-0.00040148091202085756
2013-04-09,0.009818045504716388
2013-04-10,0.003803819358982045
2013-04-11,-0.010736770607641334
2013-04-12,-0.007245374845378277
2013-04-15,-0.032864426411152864
2013-04-16,0.013981943566217975
2013-04-17,-0.0200008774902953
2013-04-18,0.007748607224273396
2013-04-19,0.010350787630412795
2013-04-22,-0.0004807313660043093
2013-04-23,0.017135655375312288
2013-04-24,0.0008348353559644458
2013-04-25,-0.0025976010011277443
2013-04-26,-0.016602817842211882
2013-04-29,0.0026526566796535147
2013-04-30,0.018800743540861992
2013-05-02,-0.01603970356820934
2013-05-03,0.0011281393539639287
2013-05-06,-0.0032332730705641895
2013-05-07,0.011169022386230795
2013-05-08,-0.0007644500743477054
2013-05-09,-0.004595697658687899
2013-05-10,-0.006465966170835662
2013-05-13,-0.008350631548967952
2013-05-14,0.0024540561674463663
2013-05-15,-4.057728394051257e-05
2013-05-16,0.005373593577924336
2013-05-17,0.0064915573110120904
2013-05-20,0.012858075584623894
2013-05-21,0.008347607791754816
2013-05-22,0.0043682782892062125
2013-05-23,-0.003730944636679284
2013-05-24,0.0012075753537789057
2013-05-27,-0.0006917323799133596
2013-05-28,0.002260664787465746
2013-05-29,-0.017479864786547897
2013-05-31,-0.013259928260441912
2013-06-03,0.0010232611952941716
2013-06-04,-0.002227961275521163
2013-06-05,-0.018808848035901687
2013-06-06,-0.001765039777703576
2013-06-07,-0.01672211270252095
2013-06-10,-0.005807149334339642
2013-06-11,-0.025023265952047822
2013-06-12,-0.007111952241813968
2013-06-13,0.0205924624865442
2013-06-14,-0.017552633544093723
2013-06-17,0.005273077571659274
2013-06-18,0.0015954754117278283
2013-06-19,-0.02299803471083852
2013-06-20,-0.003246315049540611
2013-06-21,-0.02093825969994838
2013-06-24,-0.017223715449826826
2013-06-25,0.012455140157443638
2013-06-26,0.0041614722461899315
2013-06-27,0.015377575950459127
2013-06-28,-0.0014530754906935863
2013-07-01,0.0031761360675950307
2013-07-02,-0.03107443815480062
2013-07-03,-0.002336535653439252
2013-07-04,0.011608868816559117
2013-07-05,-0.016477083665654004
2013-07-08,-0.002723285701709861
2013-07-10,0.008406964282127796
2013-07-11,0.02537090965084146
2013-07-12,-0.014043667407637322
2013-07-15,0.021794016139771083
2013-07-16,0.005564890819375985
2013-07-17,0.009350822830581973
2013-07-18,0.0015252505692719643
2013-07-19,-0.006014117264319563
2013-07-22,0.01746362099945817
2013-07-23,0.00442953766314253
2013-07-24,-0.011243133477577008
2013-07-25,0.006616740016813817
2013-07-26,0.004841126109230281
2013-07-29,-0.0011826284849411476
2013-07-30,-0.012633621292213923
2013-07-31,-0.004897865076146526
2013-08-01,0.01730457013051062
2013-08-02,-0.009589487861444774
2013-08-05,0.0012314041584786293
2013-08-06,-0.01824991415177558
2013-08-07,0.007345432993497377
2013-08-08,0.01925564697487219
2013-08-09,0.014651854522934517
2013-08-12,0.002210863962903491
2013-08-13,0.0001341799234639623
2013-08-14,0.001311330835055856
2013-08-15,-0.003734986998916795
2013-08-16,0.007586300552675779
2013-08-19,0.002952518172668497
2013-08-20,-0.014355900531516011
2013-08-21,-0.005098904631404111
2013-08-22,0.012742038599062238
2013-08-23,0.006049466003289351
2013-08-26,-0.009793727317010417
2013-08-27,-0.01879372139454085
2013-08-28,-0.00043481180746843566
2013-08-29,0.004753843575675433
2013-08-30,0.00878201270213734
2013-09-02,0.01859502098988223
2013-09-03,-0.007275996437653398
2013-09-04,0.006565122504225611
2013-09-05,0.01026714903636548
2013-09-06,0.009830198810624184
2013-09-09,0.02308614533246308
2013-09-10,0.0032254823124421143
2013-09-11,-0.005637865818879482
2013-09-12,-0.00883838536692386
2013-09-13,0.004232944303752576
2013-09-16,0.0014138370858174135
2013-09-17,0.006306887889229764
2013-09-18,0.013186317504802259
2013-09-19,-0.007279646124086326
2013-09-20,-0.014129746514199378
2013-09-23,0.006984521513741064
2013-09-24,0.00223685022514863
2013-09-25,-0.0005815315781299376
2013-09-26,0.0011782925752036606
2013-09-27,0.0017549332162131253
2013-09-30,-0.011191088698865195
2013-10-01,0.008019044799859397
2013-10-02,0.0021868988211319455
2013-10-03,-0.005319195078717056
2013-10-04,0.004396175616072121
2013-10-07,0.002355533404328234
2013-10-08,-0.00387992828736088
2013-10-09,0.004700323772317584
2013-10-10,0.0077456104466731655
2013-10-11,0.006160374646595284
2013-10-14,0.013205139881303677
2013-10-15,0.0022485432182028408
2013-10-16,0.003518098938902201
2013-10-17,-0.003934547105133691
2013-10-18,-0.0007182852160006108
2013-10-21,0.006012643207209006
2013-10-22,0.007923645076941686
2013-10-23,-0.012106588130129058
2013-10-24,-0.006680949616140878
2013-10-25,-0.0027773641888374652
2013-10-28,0.010262862870141366
2013-10-29,-0.003727718996037859
2013-10-30,-0.0009200666486733137
2013-10-31,0.00524496518513046
2013-11-01,-0.004012476126439687
2013-11-04,0.005906912672988663
2013-11-05,-0.008651914300518395
2013-11-06,-0.01181830897480255
2013-11-07,-0.004326293279315727
2013-11-08,-0.00976574992583494
2013-11-11,0.0034681856097028394
2013-11-12,-0.010650844921396653
2013-11-13,0.006053352738887616
2013-11-14,0.020866169589436892
2013-11-18,0.011502554874154185
2013-11-19,-0.019093918536616933
2013-11-21,-0.003890836259709058
2013-11-22,0.0014859716215018465
2013-11-25,-0.003357738199846126
2013-11-26,-0.006662250673127988
2013-11-27,0.003712740228546588
2013-11-28,-0.0015336076981234594
2013-11-29,0.009672085632240448
2013-12-02,-0.017200640084346845
2013-12-03,-0.01339662103838573
2013-12-04,-0.008264964741624747
2013-12-05,0.011229567162735814
2013-12-06,0.002325244080749319
2013-12-09,0.002261942110235868
2013-12-10,-0.00696008338168473
2013-12-11,-0.01504780884727358
2013-12-12,-0.004796792795839842
2013-12-13,-0.003957939174744165
2013-12-16,0.004695673630784405
2013-12-17,-0.0014473503130942814
2013-12-18,0.003820259595100365
2013-12-19,0.012676466923243264
2013-12-20,0.0030082037185104734
2013-12-23,-0.0005661347750244778
2013-12-26,-0.0036926153595822023
2013-12-27,-0.005592030801797678
2013-12-30,0.005019198789302872
2014-01-02,-0.02141414364528322
2014-01-03,0.0070945506599428484
2014-01-06,-0.0004153385386121617
2014-01-07,-0.005361248784905756
2014-01-08,-0.001278776957389107
2014-01-09,-0.02022080549191196
2014-01-10,0.00687027719813842
2014-01-13,-0.002855245380593093
2014-01-14,0.007955097118619886
2014-01-15,0.0022120334297967554
2014-01-16,-0.006386439465482795
2014-01-17,-0.00938371659470244
2014-01-20,-0.00759317910195702
2014-01-21,-0.0036988332149190256
2014-01-22,0.014129197310492015
2014-01-23,-0.018034102705913452
2014-01-24,-0.009243369062062464
2014-01-27,-0.006393103240004515
2014-01-28,0.0036443891830489493
2014-01-29,-0.009398540771073001
2014-01-30,-0.008764653186310135
2014-01-31,0.0048445471862842635
2014-02-03,-0.028995995967010926
2014-02-04,0.01133938616325273
2014-02-05,-0.009041069079006047
2014-02-06,0.01870060749156042
2014-02-07,0.008693110020438797
2014-02-10,-0.011248638604288118
2014-02-11,0.014346496311512103
2014-02-12,-0.003481029855924661
2014-02-13,-0.007700625964852358
2014-02-14,0.004925935860566384
2014-02-17,-0.015875064652217913
2014-02-18,-0.027028694647881886
2014-02-19,0.010878988665597875
2014-02-20,0.006457461751442059
2014-02-21,0.006510924134588269
2014-02-24,0.001380249090557839
2014-02-25,-0.013830854437188954
2014-02-26,0.0013418375344346795
2014-02-27,0.019714954331160738
2014-02-28,-0.009296977522151754
2014-03-05,-0.0111600904568806
2014-03-06,0.007357601833721821
2014-03-07,-0.019923635348963666
2014-03-10,-0.013713461883998723
2014-03-11,0.005813540038188612
2014-03-12,0.00466077051535283
2014-03-13,-0.005920181001997372
2014-03-14,-0.010178784492826932
2014-03-17,-0.00023594183593878275
2014-03-18,0.023481659090664346
2014-03-19,0.008837667573042222
2014-03-20,0.009428846775031903
2014-03-21,0.0052959207730411545
2014-03-24,0.010045568577163638
2014-03-25,0.0021464874669942986
2014-03-26,-0.0031159054592283025
2014-03-27,0.02968292747510074
2014-03-28,0.0024161430709799233
2014-03-31,0.011289084348842546
2014-04-01,-0.003938356131796951
2014-04-02,0.02283431732253656
2014-04-03,-0.006629601969283237
2014-04-04,-0.0016805173399623763
2014-04-07,0.010020110287870207
2014-04-08,-0.010669453110661671
2014-04-09,-0.012682882927174073
2014-04-10,0.0009464431971454389
2014-04-11,0.007136205301412709
2014-04-14,5.142491217122674e-05
2014-04-15,-0.016842443833265223
2014-04-16,0.01649383805691941
2014-04-17,0.015049625132789334
2014-04-22,-0.00033093404642625906
2014-04-23,-0.01047135036931544
2014-04-24,-0.007819608176115166
2014-04-25,-0.007801751073330112
2014-04-28,-0.0006526982766969407
2014-04-29,0.00860734420662211
2014-04-30,-0.0021367085766383015
2014-05-02,0.012660870595646908
2014-05-05,0.004638941392102997
2014-05-06,0.006029972656336938
2014-05-07,0.0029938691544942795
2014-05-08,-0.0031819056120516807
2014-05-09,-0.008465696999635971
2014-05-12,0.015103948803747443
2014-05-13,-0.00047885992731029484
2014-05-14,0.006009853545041662
2014-05-15,-0.007813350888857205
2014-05-16,0.002423098481020336
2014-05-19,-0.010848511479161459
2014-05-20,-0.014281745283581684
2014-05-21,-0.0028297431815546364
2014-05-22,0.010132141412579452
2014-05-23,-0.004178680913266585
2014-05-26,0.006139825928735949
2014-05-27,-0.012689750482515375
2014-05-28,0.008416628314271115
2014-05-29,0.00036687841914862256
2014-05-30,-0.01325388236174837
2014-06-02,0.003941664263449124
2014-06-03,0.010733248187438121
2014-06-04,-0.0004725589508786819
2014-06-05,-0.003295255960885731
2014-06-06,0.022300645419652477
2014-06-09,0.018930168073983136
2014-06-10,0.005583393762523596
2014-06-11,0.0025867540382688153
2014-06-13,-0.0032217381132085424
2014-06-16,-0.0017413952305884357
2014-06-17,-0.0010033111652905705
2014-06-18,0.01390404322533055
2014-06-20,-0.013048292559924766
2014-06-23,-0.00584365730842077
2014-06-24,0.0027583232550367843
2014-06-25,-0.012403844658628382
2014-06-26,0.00019246514080959766
2014-06-27,-0.005769461631482923
2014-06-30,0.0014763180926713282
2014-07-01,-0.003306279349834385
2014-07-02,-8.5534141221198e-05
2014-07-03,0.012994168858426868
2014-07-04,0.002952810889810485
2014-07-07,-0.0012119692706353928
2014-07-08,-0.003075340352959279
2014-07-10,0.010615737669510718
2014-07-11,0.002873549061233077
2014-07-14,0.013634883121037793
2014-07-15,0.0022139555243170326
2014-07-16,-0.006372054204308765
2014-07-17,-0.0030449404578748334
2014-07-18,0.01501680745711669
2014-07-21,0.009628605941007368
2014-07-22,0.003192788556907515
2014-07-23,-0.006897877537519525
2014-07-24,0.004874599184469882
2014-07-25,-0.0023437844775301498
2014-07-28,-0.001710286183688195
2014-07-29,-0.011423764917214203
2014-07-30,-0.0059283339226236355
2014-07-31,-0.011918231606235462
2014-08-01,0.003247855340539751
2014-08-04,0.010228088551129746
2014-08-05,-0.004600913484662595
2014-08-06,-0.0012733909102408678
2014-08-07,-0.0030591854042937667
2014-08-08,-0.0024128180513976246
2014-08-11,0.014602499331044506
2014-08-12,-0.0028800566470605746
2014-08-13,-0.007563970004298256
2014-08-14,0.0003806518515506891
2014-08-15,0.014778030814402075
2014-08-18,0.005241572444441964
2014-08-19,0.009632663045416974
2014-08-20,0.008071760686831977
2014-08-21,0.00441453592589892
2014-08-22,-0.005134297617802407
2014-08-25,0.017055806575175234
2014-08-26,0.002548299325255553
2014-08-27,0.01920805157179961
2014-08-28,-0.008888922264941942
2014-08-29,0.014734514659560272
2014-09-01,-0.003604628908007842
2014-09-02,0.00637359599803206
2014-09-03,0.005695459046778681
2014-09-04,-0.010546854992785046
2014-09-05,-0.008999872181985093
2014-09-08,-0.023692835142466485
2014-09-09,-0.011745216208805434
2014-09-10,-0.008176494520239408
2014-09-11,0.005929973991820109
2014-09-12,-0.019263297658348957
2014-09-15,0.008203358748585441
2014-09-16,0.012750358297793269
2014-09-17,-0.0005544376522629448
2014-09-18,-0.008472210666018873
2014-09-19,-0.004048665284494522
2014-09-22,-0.020890050661685408
2014-09-23,-0.0031285624907257305
2014-09-24,0.004636628932152663
2014-09-25,-0.009315654771129545
2014-09-26,0.01156624820559657
2014-09-29,-0.036342936808737694
2014-09-30,-0.004793339204796247
2014-10-01,-0.01665623793635914
2014-10-02,0.005698818883857729
2014-10-03,0.01482262083690547
2014-10-06,0.03296233200053021
2014-10-07,0.00519466986609848
2014-10-08,-0.003599014847998137
2014-10-09,-0.0016644553847222697
2014-10-10,-0.02714703228264749
2014-10-13,0.029367525243324567
2014-10-14,0.0037211031652307444
2014-10-15,-0.02364614261090199
2014-10-16,-0.023794004647156895
2014-10-17,0.01928930324037654
2014-10-20,-0.01966984884379088
2014-10-21,-0.03064774379094387
2014-10-22,-0.001820808016713885
2014-10-23,-0.026001336490988142
2014-10-24,0.02338478257083052
2014-10-27,-0.027022857395826015
2014-10-28,0.030043918608308358
2014-10-29,-0.018164653994698104
2014-10-30,0.015549669836921916
2014-10-31,0.03816162191668091
2014-11-03,-0.013149527287818187
2014-11-04,0.009746010874972821
2014-11-05,-0.011382820046224585
2014-11-06,-0.01961285214463674
2014-11-07,0.009401875503678176
2014-11-10,-0.008946751532769161
2014-11-11,-0.0034902717911928956
2014-11-12,0.005677625602668674
2014-11-13,-0.018439939940135607
2014-11-14,-0.006204319868089404
2014-11-17,-0.012023016425006219
2014-11-18,0.00888405081751147
2014-11-19,0.020090671753034618
2014-11-21,0.04406644161948933
2014-11-24,-0.005466572174558062
2014-11-25,-0.0006927668018127736
2014-11-26,-0.006708574196880663
2014-11-27,-0.002235803312818283
2014-11-28,-1.8640078122520495e-05
2014-12-01,-0.04082841957457637
2014-12-02,-0.009266943080132423
2014-12-03,0.014658729159618269
2014-12-04,-0.016356282739017184
2014-12-05,0.003505044370373482
2014-12-08,-0.026631191805580122
2014-12-09,-0.005498423690374548
2014-12-10,-0.013051896479069956
2014-12-11,0.0007402151262001806
2014-12-12,-0.03078409314535379
2014-12-15,-0.018006973875279136
2014-12-16,-0.0015309756005142659
2014-12-17,0.034606662928350976
2014-12-18,-0.00124127245074067
2014-12-19,0.021581442722286934
2014-12-22,0.007459070044210458
2014-12-23,0.012074838119944397
2014-12-26,-0.005906272216849426
2014-12-29,0.011285224286834589
2014-12-30,-0.008137258363600814
2015-01-02,-0.031682253096980154
2015-01-05,-0.023054738114949534
2015-01-06,0.008625230705235331
2015-01-07,0.028549533132134
2015-01-08,0.0003327030538026398
2015-01-09,-0.023855377602452855
2015-01-12,-0.010560880418572786
2015-01-13,-0.003180522742204996
2015-01-14,-0.008453387824717797
2015-01-15,0.010699506848520137
2015-01-16,0.01777064971685792
2015-01-19,-0.029194660686613312
2015-01-20,-0.0020303694347907535
2015-01-21,0.020389660960720965
2015-01-22,0.004488133705631665
2015-01-23,-0.01562979110420293
2015-01-26,-0.006580838779909449
2015-01-27,-0.0021180633748040635
2015-01-28,-0.01696507341172304
2015-01-29,0.004168450734255149
2015-01-30,-0.018541980077463466
2015-02-02,0.018735435839058425
2015-02-03,0.019197181172116558
2015-02-04,-0.004120486637786775
2015-02-05,0.0018554349891976027
2015-02-06,-0.007782194124121631
2015-02-09,0.012556491809403054
2015-02-10,-0.016242664795005128
2015-02-11,-0.0037946709003853713
2015-02-12,0.018161963748973733
2015-02-13,0.019445157193723077
2015-02-18,0.013813292698041896
2015-02-19,0.002971957584367595
2015-02-20,-0.0014234463104124875
2015-02-23,-0.0023132794859341433
2015-02-24,0.008754633133144556
2015-02-25,0.0037151404372037684
2015-02-26,0.006416705060511247
2015-02-27,-0.007932453705504196
2015-03-02,-0.010295601993573015
2015-03-03,0.00022526503460046387
2015-03-04,-0.01197832871012616
2015-03-05,0.000597631530204247
2015-03-06,-0.00576839010732476
2015-03-09,-0.012912431488513591
2015-03-10,-0.006779608618078465
2015-03-11,0.003707303480015191
2015-03-12,0.007854023806339145
2015-03-13,-0.0035697628169246197
2015-03-16,-0.0016191028923779151
2015-03-17,0.023186670453629075
2015-03-18,0.02211148121567061
2015-03-19,-0.005077754662905099
2015-03-20,0.023442714432388802
2015-03-23,-0.0001156302032289156
2015-03-24,-0.00547306239114664
2015-03-25,0.009613532880306305
2015-03-26,-0.022572565833164367
2015-03-27,-0.019273512418818965
2015-03-30,0.017849307341259224
2015-03-31,0.0021072287461496443
2015-04-01,0.016652203887073277
2015-04-02,0.013467073610393943
2015-04-06,0.014351184536598963
2015-04-07,-0.003908007061982401
2015-04-08,-0.002744736180251332
2015-04-09,0.0017272791918496102
2015-04-10,0.0055749670055363475
2015-04-13,-0.00043712340542340414
2015-04-14,-0.002193378624955708
2015-04-15,0.014583622989922372
2015-04-16,-0.004301322126095903
2015-04-17,-0.013297115024037505
2015-04-20,-0.00041141497961010313
2015-04-22,0.0170493553319931
2015-04-23,0.019761914326632147
2015-04-24,0.00829400023616544
2015-04-27,-0.0121958059245071
2015-04-28,-8.339337680975589e-05
2015-04-29,-0.005975498565084906
2015-04-30,0.010928133006526633
2015-05-04,0.020235888247048264
2015-05-05,0.015237337284575415
2015-05-06,-0.005823397157351044
2015-05-07,-0.006859746532954086
2015-05-08,0.004243133186304175
2015-05-11,-0.0010357987022745244
2015-05-12,-0.005647436769222596
2015-05-13,-0.01210744815667886
2015-05-14,0.004954398756427984
2015-05-15,0.010186095850425365
2015-05-18,-0.015089232412934599
2015-05-19,-0.009264913813746114
2015-05-20,-0.005175304388075608
2015-05-21,-0.0002486431625256236
2015-05-22,-0.011417523314963169
2015-05-25,0.004722298969660208
2015-05-26,-0.018776287680672264
2015-05-27,0.012381721102518294
2015-05-28,-0.008754853009280505
2015-05-29,-0.01770508247009562
2015-06-01,0.008130881161321577
2015-06-02,0.017924168359854845
2015-06-03,-0.00905772175552149
2015-06-05,-0.010446129391996715
2015-06-08,-0.006090778045451484
2015-06-09,-0.0004350796994407949
2015-06-10,0.009579647944867951
2015-06-11,0.00013341134763441816
2015-06-12,-0.006178910312940782
2015-06-15,-0.006388584846871245
2015-06-16,0.004070635780750971
2015-06-17,-0.005303808131758886
2015-06-18,0.01606971269875508
2015-06-19,-0.006476809592227385
2015-06-22,0.00534966944693855
2015-06-23,-6.379667169032887e-05
2015-06-24,-0.008125658086288977
2015-06-25,-0.011939935123397678
2015-06-26,0.018806394608000078
2015-06-29,-0.015793895357584124
2015-06-30,0.00044339019277819325
2015-07-01,-0.008696331294238389
2015-07-02,0.0002669844218511262
2015-07-03,-0.009059785820858436
2015-07-06,-0.00229789139220307
2015-07-07,0.0013459397257713996
2015-07-08,-0.011713138564008727
2015-07-10,0.009369220984177454
2015-07-13,0.009159107425628204
2015-07-14,-0.0022592960836554463
2015-07-15,-0.0026268668190902516
2015-07-16,-0.00029828835892251374
2015-07-17,-0.01663505309003282
2015-07-20,-0.014491835364475276
2015-07-21,-0.002444775676915743
2015-07-22,-0.0073946908834948075
2015-07-23,-0.012740762247315733
2015-07-24,-0.018155505277575958
2015-07-27,-0.01334041902522154
2015-07-28,0.01718481405513578
2015-07-29,0.005645632498177872
2015-07-30,-0.003269783043856984
2015-07-31,0.027237289761243254
2015-08-03,-0.012533499838112704
2015-08-04,0.0034890992818825232
2015-08-05,-0.0010096015702860755
2015-08-06,-0.010316434036015917
2015-08-07,-0.02498257375187636
2015-08-10,0.008779671938436037
2015-08-11,-0.007331296113518904
2015-08-12,-0.009920249097168252
2015-08-13,-0.0118604701891292
2015-08-14,-0.008616260030746942
2015-08-17,-0.003646953753993916
2015-08-18,0.0004768995315940416
2015-08-19,-0.02002615380944532
2015-08-20,-0.0027627969003828244
2015-08-21,-0.02023991173554661
2015-08-24,-0.0376808912322221
2015-08-25,0.002547089294109973
2015-08-26,0.03044897772680647
2015-08-27,0.035810329493960895
2015-08-28,-0.01067649378331555
2015-08-31,-0.011607335418895887
2015-09-01,-0.018777504812891768
2015-09-02,0.01794143464300621
2015-09-03,0.020549933287196884
2015-09-04,-0.0096767830415387
2015-09-08,0.005274219711194567
2015-09-09,-0.0037254276659052644
2015-09-10,0.002851050997579546
2015-09-11,0.0033012758913825062
2015-09-14,0.01206657375297795
2015-09-15,0.0009785888534839203
2015-09-16,0.026657410241141967
2015-09-17,0.0029763713078690673
2015-09-18,-0.02576344952639003
2015-09-21,-0.01298960090747257
2015-09-22,-0.010300295725360661
2015-09-23,-0.023378206510320666
2015-09-24,0.0007319310863612247
2015-09-25,-0.00810441181923766
2015-09-28,-0.016080359176629318
2015-09-29,0.0035836214791692654
2015-09-30,0.01614727485950334
2015-10-01,-0.003257640444719119
2015-10-02,0.03289837385716254
2015-10-05,0.017718725389835065
2015-10-06,0.007220657503273069
2015-10-07,0.024469016750363583
2015-10-08,0.007094102607921879
2015-10-09,0.004720719720875292
2015-10-13,-0.03302465067033138
2015-10-14,-0.01419348395959941
2015-10-15,0.007800199465902061
2015-10-16,0.001980201484384895
2015-10-19,0.006042064374403069
2015-10-20,-0.004327014521155002
2015-10-21,-0.007877741955665572
2015-10-22,0.01530729640792241
2015-10-23,-0.004413592464518155
2015-10-26,-0.007919098245744457
2015-10-27,-0.000773341234761443
2015-10-28,-0.010174366713872795
2015-10-29,-0.019843238299477158
2015-10-30,0.008649766437726957
2015-11-03,0.042194352883184585
2015-11-04,0.002715089931557369
2015-11-05,0.012246219793280094
2015-11-06,-0.02160821982908069
2015-11-09,-0.014341451848197292
2015-11-10,-0.0019243122764070462
2015-11-11,0.01909972067143946
2015-11-12,-0.008292420184666506
2015-11-13,-0.006129847038132784
2015-11-16,-0.0021196376194366037
2015-11-17,0.005605635014576988
2015-11-18,0.006107234128083006
2015-11-19,0.01317028767676603
2015-11-23,-0.0026480632850054767
2015-11-24,0.0052294252286594345
2015-11-25,-0.020192754601766255
2015-11-26,0.0044229872013804555
2015-11-27,-0.023400650691165183
2015-11-30,-0.026441807052765037
2015-12-01,-0.008796879379196963
2015-12-02,0.0021685429797706963
2015-12-03,0.026134452356748508
2015-12-04,-0.029076846885340662
2015-12-07,0.00038079542192081834
2015-12-08,-0.02509923786170585
2015-12-09,0.026604493585303014
2015-12-10,-0.007637691016789549
2015-12-11,-0.009753502608660203
2015-12-14,-0.017158888807444435
2015-12-15,0.003338543441714829
2015-12-16,0.002260173876779264
2015-12-17,0.008315516841358447
2015-12-18,-0.023223264788944542
2015-12-21,-0.015447453890715819
2015-12-22,0.007044703687976027
2015-12-23,0.019091581539581473
2015-12-28,0.00024923442751284075
2015-12-29,-0.0012962502200169806
2015-12-30,0.0006616070351383625
2016-01-04,-0.03776761654846734
2016-01-05,0.0014630565388902258
2016-01-06,-0.020683188995952013
2016-01-07,-0.0288690100271395
2016-01-08,0.00045061460853160944
2016-01-11,-0.009428170556640674
2016-01-12,-0.008912061610485408
2016-01-13,-0.014113914216048316
2016-01-14,0.008481760701284528
2016-01-15,-0.02289371079340681
2016-01-18,-0.008944694384805479
2016-01-19,0.0025881405859109665
2016-01-20,-0.011785267533682142
2016-01-21,0.0022972444141663015
2016-01-22,0.012082709422738189
2016-01-26,-0.015816340741635813
2016-01-27,0.023093551916111992
2016-01-28,0.008871911596380443
2016-01-29,0.04180958310978132
2016-02-01,0.013517807870876145
2016-02-02,-0.03716854275697139
2016-02-03,0.018260871563138305
2016-02-04,0.02824350496346384
2016-02-05,-0.0011333667886967488
2016-02-10,-0.0037351574502610674
2016-02-11,-0.03323169116209303
2016-02-12,0.009699647648818173
2016-02-15,0.00895878838505405
2016-02-16,0.02285411460384859
2016-02-17,0.01518516076245319
2016-02-18,-0.0016612966742555165
2016-02-19,0.0007679682611837246
2016-02-22,0.038902255900841745
2016-02-23,-0.017211393530348583
2016-02-24,-0.013794606866361567
2016-02-25,-0.0001519243397859484
2016-02-26,-0.010281456690452575
2016-02-29,0.02688786217052132
2016-03-01,0.024844106515886928
2016-03-02,0.018457206532502064
2016-03-03,0.04697508774856435
2016-03-04,0.030399643973978242
2016-03-07,0.008400947244313636
2016-03-08,-0.002251168577564543
2016-03-09,0.004196920648109403
2016-03-10,0.01978542291849794
2016-03-11,0.001633939466110481
2016-03-14,-0.01039953859941789
2016-03-15,-0.04505356165135459
2016-03-16,0.023405152809882986
2016-03-17,0.05519247102541592
2016-03-18,0.003679786297043983
2016-03-21,0.01034238135090352
2016-03-22,0.001233669739674956
2016-03-23,-0.024728794569665806
2016-03-24,-0.0021463075828159054
2016-03-28,0.021864661608445225
2016-03-29,0.00524286086606247
2016-03-30,0.0034608658986218536
2016-03-31,-0.022560834942189814
2016-04-01,0.011491939270687073
2016-04-04,-0.03770518651042409
2016-04-05,0.003164687050341949
2016-04-06,-0.018805436155438796
2016-04-07,0.004978284326528815
2016-04-08,0.03220738316976185
2016-04-11,-0.0013016253714428659
2016-04-12,0.032258462965767176
2016-04-13,0.022097255870610115
2016-04-14,-0.01806980740308116
2016-04-15,0.018719289844304828
2016-04-18,-0.009676061048245848
2016-04-19,0.018627164968872036
2016-04-20,-0.001262113272999767
2016-04-22,-0.005603017955312068
2016-04-25,-0.018192674065768744
2016-04-26,0.015841880513917543
2016-04-27,0.026184546054718684
2016-04-28,-0.005532011636459498
2016-04-29,-0.007848480952956547
2016-05-02,-0.005410653107237662
2016-05-03,-0.02301852928907388
2016-05-04,0.006425017266699475
2016-05-05,-0.01692428339000346
2016-05-06,0.006123330208395313
2016-05-09,-0.01897798344396047
2016-05-10,0.03240391747214269
2016-05-11,0.0008724167063826954
2016-05-12,0.011184866415386997
2016-05-13,-0.02588827255761976
2016-05-16,-0.0046368013816953805
2016-05-17,-0.01574592225269738
2016-05-18,-0.010739776423123392
2016-05-19,-0.01003388011124922
2016-05-20,-0.00034555338504085723
2016-05-23,-0.010375866723412043
2016-05-24,-0.0008500781587345006
2016-05-25,0.0008523218383790994
2016-05-27,-0.007837624084275284
2016-05-30,-0.002353600051028274
2016-05-31,0.00018519762531500096
2016-06-01,0.0054132729971971974
2016-06-02,0.01534316334842385
2016-06-03,0.01832065882744879
2016-06-06,0.0002494529434530473
2016-06-07,-0.0040107431210114515
2016-06-08,0.0239725806043185
2016-06-09,-0.011398260769751544
2016-06-10,-0.029669057344915276
2016-06-13,0.004099382916901335
2016-06-14,-0.025901877374447553
2016-06-15,0.010678858262018868
2016-06-16,0.010637705671618475
2016-06-17,0.002412047980419364
2016-06-20,0.011991405242413228
2016-06-21,0.011050214118967144
2016-06-22,-0.0037469405437442573
2016-06-23,0.03074570884593699
2016-06-24,-0.03147985823487627
2016-06-27,-0.009488424963379902
2016-06-28,0.014571525000305749
2016-06-29,0.013375337414516707
2016-06-30,0.00794585057135502
2016-07-01,0.010792774587017034
2016-07-04,0.014741102162612544
2016-07-05,-0.01415628435764869
2016-07-06,-0.0005825712302841693
2016-07-07,-1.8699868408010058e-05
2016-07-08,0.01815469310130447
2016-07-11,0.018376792357492785
2016-07-12,0.005491400156895561
2016-07-13,0.0037472798042034934
2016-07-14,0.014120552851868192
2016-07-15,0.0014824145690839588
2016-07-18,0.017680050945395084
2016-07-19,0.00472194206917764
2016-07-20,-0.0006212143819931144
2016-07-21,0.009985411147260544
2016-07-22,0.009316205707457998
2016-07-25,0.00029042091626115625
2016-07-26,0.004006592240178245
2016-07-27,0.0031952977459480136
2016-07-28,-1.58847738488321e-05
2016-07-29,0.01059445673655766
2016-08-01,-0.004370925797128324
2016-08-02,-0.017535709060831812
2016-08-03,0.0177095843973181
2016-08-04,0.01232862854833161
2016-08-05,0.00665190449579846
2016-08-08,-0.0027119729499761017
2016-08-09,0.004312204602941336
2016-08-10,-0.008294768237619241
2016-08-11,0.01866736090470109
2016-08-12,-0.004951093564801874
2016-08-15,0.015083716830879905
2016-08-16,-0.00556450387991538
2016-08-17,0.004664138716855545
2016-08-18,-0.0009669679411791565
2016-08-19,-0.0011319455803767402
2016-08-22,-0.024630981743925664
2016-08-23,0.0033919912362628496
2016-08-24,-0.008489492545031428
2016-08-25,0.0014701614350907204
2016-08-26,0.003990247427378332
2016-08-29,0.013089412185999173
2016-08-30,0.002181357544615842
2016-08-31,-0.005524129146973826
2016-09-01,0.004557642100871066
2016-09-02,0.02883697565338541
2016-09-05,-0.0022663615922646606
2016-09-06,0.007824938616836795
2016-09-08,0.0016508300637639705
2016-09-09,-0.034963111158834145
2016-09-12,0.0070022502773639675
2016-09-13,-0.028137736462823783
2016-09-14,0.003116924959632481
2016-09-15,0.010919871621910125
2016-09-16,-0.013068479019053805
2016-09-19,0.005189126425226729
2016-09-20,0.004851627780313549
2016-09-21,0.012083423975421202
2016-09-22,0.007583270649334634
2016-09-23,-0.004632830714025328
2016-09-26,-0.01165341050503355
2016-09-27,0.0026179508367999505
2016-09-28,0.017802525820595452
2016-09-29,-0.011427827321390287
2016-09-30,-0.0036791232288516367
2016-10-03,0.017623635157085506
2016-10-04,-0.004107192092107663
2016-10-05,0.014686465827256759
2016-10-06,0.008701367048765524
2016-10-07,0.005659242250274827
2016-10-10,0.01016417364886332
2016-10-11,-0.008685452905968002
2016-10-13,0.0026014189709147565
2016-10-14,0.0069621632669456725
2016-10-17,0.009146237679436515
2016-10-18,0.014765698170290685
2016-10-19,-0.0057649578882071105
2016-10-20,0.002237474887685461
2016-10-21,0.006368830163789301
2016-10-24,0.005197952017722701
2016-10-25,-0.005241089557437105
2016-10-26,-0.008309160920436877
2016-10-27,0.010731848714144437
2016-10-28,0.0030935527888461822
2016-10-31,0.008268289050205557
2016-11-01,-0.022408810596910005
2016-11-03,-0.023925774667628037
2016-11-04,-0.004832733273101686
2016-11-07,0.03321906190702015
2016-11-08,0.0010725543842481098
2016-11-09,-0.007611134756695086
2016-11-10,-0.027378077709942064
2016-11-11,-0.03243396178670922
2016-11-14,0.009842909919475503
2016-11-16,0.011813520158511366
2016-11-17,-0.010085171471586128
2016-11-18,0.006785877470208476
2016-11-21,0.017317022521050985
2016-11-22,0.006721168361575821
2016-11-23,0.003063839421758069
2016-11-24,-0.0038607796594444274
2016-11-25,0.004582886032814694
2016-11-28,0.013065527682878032
2016-11-29,-0.022508846139059194
2016-11-30,0.009341395484637655
2016-12-01,-0.03833032894236431
2016-12-02,0.010092191926757445
2016-12-05,-0.005918709836286525
2016-12-06,0.018480627855438074
2016-12-07,0.007826773094067797
2016-12-08,-0.004221881176308639
2016-12-09,-0.003408873799186773
2016-12-12,-0.01669337002274933
2016-12-13,0.001312011522796233
2016-12-14,-0.014752698561577387
2016-12-15,0.0086807482445461
2016-12-16,0.0002118196421290932
2016-12-19,-0.016308584125043678
2016-12-20,-0.00016465174082834358
2016-12-21,0.004483742876526786
2016-12-22,-0.0018288712640570442
2016-12-23,0.006981098396592827
2016-12-26,0.008901574454781852
2016-12-27,0.004248592809222232
2016-12-28,0.014473973390658935
2016-12-29,0.007081917400287822
2017-01-02,-0.007480509116340974
2017-01-03,0.031066348479577136
2017-01-04,0.00024296283291917785
2017-01-05,0.005319510898071185
2017-01-06,-0.008904555526327603
2017-01-09,0.0001569695645969164
2017-01-10,0.0029765964831550366
2017-01-11,0.0048117422253363155
2017-01-12,0.026143962902269596
2017-01-13,-0.0008893307954583349
2017-01-16,0.00314487702211398
2017-01-17,0.008423856688486879
2017-01-18,-0.006759982469576817
2017-01-19,-0.0054420288429579775
2017-01-20,0.012434828126965336
2017-01-23,0.016562632317816378
2017-01-24,0.0030438491468346885
2017-01-26,0.004522441296265344
2017-01-27,-0.002665717912960206
2017-01-30,-0.02670707407532739
2017-01-31,0.010760201988764928
2017-02-01,0.002689949894614071
2017-02-02,0.0037086352929950914
2017-02-03,0.005531047966324656
2017-02-06,-0.011047583401948897
2017-02-07,0.0039723796199248864
2017-02-08,0.0058941487894142545
2017-02-09,0.0011116145470393972
2017-02-10,0.018063392576019886
2017-02-13,0.015061662359070211
2017-02-14,-0.004856212513114178
2017-02-15,0.016255673983714622
2017-02-16,-0.0017352067170219182
2017-02-17,-0.004429933506729452
2017-02-20,0.009425399620853887
2017-02-21,0.006530269931781168
2017-02-22,-0.011418826156300872
2017-02-23,-0.011046154224468814
2017-02-24,-0.006994910121603297
2017-03-01,0.005332741539191315
2017-03-02,-0.013538861098959729
2017-03-03,0.012946781517104048
2017-03-06,0.0007988265654044378
2017-03-07,-0.005832150237918631
2017-03-08,-0.018557436280454045
2017-03-09,-0.002374309775204935
2017-03-10,0.0002039088655012823
2017-03-13,0.010668029898246507
2017-03-14,-0.012526968084247397
2017-03-15,0.01953190220268307
2017-03-16,-0.0017396529272975152
2017-03-17,-0.021233136809360217
2017-03-20,0.00475922006686973
2017-03-21,-0.028670447314968
2017-03-22,0.003302578566581578
2017-03-23,0.00273212909917158
2017-03-24,0.0019094519596745299
2017-03-27,0.0037920847411564242
2017-03-28,0.0017959758491794895
2017-03-29,0.007593516517714885
2017-03-30,-0.002994401121370287
2017-03-31,-0.0032624075432866745
2017-04-03,0.0013524085972774539
2017-04-04,0.0052136083583412905
2017-04-05,-0.011171773645850671
2017-04-06,-0.01073442559895467
2017-04-07,0.0026941208557462416
2017-04-10,-0.0033916504818017595
2017-04-11,-0.0013985363310310243
2017-04-12,-0.010854426178247476
2017-04-13,-0.014408474872689892
2017-04-17,0.020715923906083716
2017-04-18,-0.0025365981281198647
2017-04-19,-0.008655192455859887
2017-04-20,0.008649865191338636
2017-04-24,0.006622224368226301
2017-04-25,0.013576545537007106
2017-04-26,-0.0003132876049931063
2017-04-27,-0.004181221847667742
2017-04-28,0.01728783240325042
2017-05-02,0.009634447010579087
2017-05-03,-0.006433125745363369
2017-05-04,-0.022204087108668825
2017-05-05,0.01268814616068601
2017-05-08,-0.0053106535069692975
2017-05-09,0.015457511357033148
2017-05-10,0.016026727347584417
2017-05-11,0.0029868566879405773
2017-05-12,0.00383075315129456
2017-05-15,0.001836993528591525
2017-05-16,0.003269877232913683
2017-05-17,-0.018930254871002663
2017-05-18,-0.09037796326800311
2017-05-19,0.02068968022701679
2017-05-22,-0.022319953485558295
2017-05-23,0.022966831992413013
2017-05-24,0.010154842215806072
2017-05-25,0.004522275689733021
2017-05-26,0.010512424811482981
2017-05-29,-0.0014672664109722914
2017-05-30,0.002942237852254101
2017-05-31,-0.01600977479592443
2017-06-01,-0.007614882265150909
2017-06-02,0.002328316366311728
2017-06-05,-0.00331442966820212
2017-06-06,0.009643234621591092
2017-06-07,0.0026077437497717326
2017-06-08,-0.007568834594906492
2017-06-09,-0.007093522962488927
2017-06-12,-0.00893577718923719
2017-06-13,0.0006457136161228192
2017-06-14,0.0025952573190156864
2017-06-16,0.00016727492297549012
2017-06-19,0.002838764786718819
2017-06-20,-0.01866940432951517
2017-06-21,-0.0036666403247623586
2017-06-22,0.009670002851114794
2017-06-23,-0.0006078343964970876
2017-06-26,0.014373666939723148
2017-06-27,-0.006308204502638118
2017-06-28,0.007956794646558078
2017-06-29,-0.00017684101095047984
2017-06-30,0.012713131334186847
2017-07-03,0.005366778818712111
2017-07-04,-7.974256898410175e-05
2017-07-05,0.0020227260518732157
2017-07-06,-0.0027692028829096006
2017-07-07,-0.0008642939281399721
2017-07-10,0.009561418563388518
2017-07-11,0.008171901425618536
2017-07-12,0.016106383573490334
2017-07-13,0.006297635900735975
2017-07-14,0.001803690978267844
2017-07-17,0.00012510001067386853
2017-07-18,0.002387742662898577
2017-07-19,-0.001508804304156961
2017-07-20,-0.002045782680967633
2017-07-21,-0.0027645595031639443
2017-07-24,0.004555341859883355
2017-07-25,0.005184849157010767
2017-07-26,-0.008345005698667005
2017-07-27,0.0032959185721388815
2017-07-28,0.0024201029509327175
2017-07-31,0.0039045776201609163
2017-08-01,0.0029763394348430337
2017-08-02,0.010065094264709227
2017-08-03,-0.002299493491358908
2017-08-04,0.005305986404302893
2017-08-07,0.015977471989699545
2017-08-08,-0.0008534829169506582
2017-08-09,-0.0027199260026051428
2017-08-10,-0.01071397215148959
2017-08-11,0.007010110091622737
2017-08-14,0.00957055288616398
2017-08-15,-0.002576210334995675
2017-08-16,0.005424201602495108
2017-08-17,-0.011308574519753999
2017-08-18,0.00857187194117533
2017-08-21,0.003853212624144167
2017-08-22,0.01859806917191182
2017-08-23,0.004052954931692653
2017-08-24,0.010034926957469218
2017-08-25,0.0016347730203351975
2017-08-28,-0.0002573921223027807
2017-08-29,0.001925103112586717
2017-08-30,0.000888911569902114
2017-08-31,0.0021078841547146863
2017-09-01,0.01289189244079799
2017-09-04,0.009094189835575046
2017-09-05,0.0026413188976341087
2017-09-06,0.014132255793012674
2017-09-08,-0.0005617305378566952
2017-09-11,0.015303578938240005
2017-09-12,-0.0009998806677565704
2017-09-13,0.0019463607800287777
2017-09-14,0.0028719953066820812
2017-09-15,0.010848926266155724
2017-09-18,0.0031155942900402632
2017-09-19,-0.004981504068163193
2017-09-20,-0.001553232112921707
2017-09-21,-0.005969082265414776
2017-09-22,-0.0031305479075629224
2017-09-25,-0.01779397324124232
2017-09-26,4.427959554656881e-05
2017-09-27,-0.01151632142270529
2017-09-28,-0.006241164065772598
2017-09-29,0.011310876553592869
2017-10-02,0.0014557421160630466
2017-10-03,0.026558808979586124
2017-10-04,-0.0021432934168390963
2017-10-05,-0.0012246498817392094
2017-10-06,-0.0027138624384948212
2017-10-09,-0.00541828764782992
2017-10-10,0.013155686118810472
2017-10-11,-0.0014067907501956814
2017-10-13,0.00546131849847963
2017-10-16,-0.006943951843328971
2017-10-17,-0.013579042202660239
2017-10-18,0.009799222376742231
2017-10-19,-0.004133877806116613
2017-10-20,0.004763629060700309
2017-10-23,-0.011065893963158775
2017-10-24,0.00981320789490336
2017-10-25,0.0013415528402697385
2017-10-26,-0.009976656453991463
2017-10-27,-0.001274859284389261
2017-10-30,-0.019697612725651695
2017-10-31,-0.005698308056053415
2017-11-01,-0.0059648133081835605
2017-11-03,-0.004425553754870362
2017-11-06,0.005025589285173417
2017-11-07,-0.02261082137343238
2017-11-08,0.024916543227610805
2017-11-09,-0.019516796615488628
2017-11-10,-0.011940656471716694
2017-11-13,0.006648474894301246
2017-11-14,-0.019510475805541494
2017-11-16,0.022249490854547527
2017-11-17,0.014166186763478843
2017-11-21,0.013950787054116034
2017-11-22,0.0015278207058941424
2017-11-23,0.0012702791836262605
2017-11-24,-0.0023354262832481682
2017-11-27,-0.000781346240862385
2017-11-28,-0.0012757102065164977
2017-11-29,-0.015583638007148383
2017-11-30,-0.01844841027014428
2017-12-01,0.005103504202982177
2017-12-04,0.008398558043589879
2017-12-05,-0.007714010426040003
2017-12-06,0.006613790605677251
2017-12-07,-0.006033064997066242
2017-12-08,0.005085571638106544
2017-12-11,0.0003853806623955391
2017-12-12,0.00967349973099968
2017-12-13,-0.005833944051751679
2017-12-14,-0.004825737119717022
2017-12-15,0.007648517152374091
2017-12-18,0.0003095804374892918
2017-12-19,-0.006681913562645499
2017-12-20,0.011548433375049356
2017-12-21,0.022921978974194623
2017-12-22,0.004125317823653241
2017-12-26,0.0069115119157950825
2017-12-27,0.004827357907318907
2017-12-28,0.00803719350990328
2018-01-02,0.013749016241227669
2018-01-03,0.0007426227605389885
2018-01-04,0.0062760204053694466
2018-01-05,0.004741197562868855
2018-01-08,0.0016579388276121987
2018-01-09,-0.008255997364267674
2018-01-10,-0.005887362396811025
2018-01-11,0.016860995741039476
2018-01-12,-0.0024038746913901572
2018-01-15,0.006258215746073579
2018-01-16,-0.002516306952381659
2018-01-17,0.010482930505540885
2018-01-18,-0.006251566793160629
2018-01-19,0.0030041948090080285
2018-01-22,0.0013855820401675984
2018-01-23,-0.012345140254666799
2018-01-24,0.0349727369496378
2018-01-26,0.017906889297780164
2018-01-29,-0.0036411259036691363
2018-01-30,-0.0027847166079305605
2018-01-31,0.004578830133515604
2018-02-01,0.008476250571955175
2018-02-02,-0.012109153813283792
2018-02-05,-0.022549939645860533
2018-02-06,0.01678833940314712
2018-02-07,-0.008552519445098043
2018-02-08,-0.013943591887784159
2018-02-09,-0.007992076813030642
2018-02-14,0.029479275955539237
2018-02-15,0.005562219859586822
2018-02-16,0.0022436218439676665
2018-02-19,0.00610352912513845
2018-02-20,0.006476522400081666
2018-02-21,0.0016770359661570258
2018-02-22,0.005839011828578924
2018-02-23,0.009495818341235366
2018-02-26,0.006465418750268792
2018-02-27,-0.00895862468763263
2018-02-28,-0.015047927118696652
2018-03-01,-0.0004906768797916209
2018-03-02,0.0023079707594925772
2018-03-05,-0.0011351222465831256
2018-03-06,-0.00891041413936882
2018-03-07,-0.0032238354705502003
2018-03-08,-0.004312461966498796
2018-03-09,0.01787962951086876
2018-03-12,0.007315241099479672
2018-03-13,-0.007505063714712948
2018-03-14,-0.009742519818196743
2018-03-15,-0.009690633982375314
2018-03-16,0.00026373338056221254
2018-03-19,-0.008354811881754201
2018-03-20,0.0010918350615034033
2018-03-21,0.0059502027056812425
2018-03-22,-0.00043506001424436526
2018-03-23,-0.0055314566073702805
2018-03-26,0.00936931845798219
2018-03-27,-0.012034968960248039
2018-03-28,-0.00528040274268503
2018-03-29,0.014427785981164206
2018-04-02,-0.013769547181990876
2018-04-03,-0.00010506267314957997
2018-04-04,-0.0024350151571238023
2018-04-05,0.011143652865903297
2018-04-06,-0.007996030503084747
2018-04-09,-0.016812714665693097
2018-04-10,0.01649032339201886
2018-04-11,0.0021273342598689946
2018-04-12,0.007182506156529133
2018-04-13,-0.011003809235963884
2018-04-16,-0.016942852495107227
2018-04-17,0.010179691243635868
2018-04-18,0.01932096216421171
2018-04-19,-0.001061082701187058
2018-04-20,-0.0026774082617662927
2018-04-23,0.0006281885777136007
2018-04-24,-0.0028293598043329904
2018-04-25,-0.007559037020148259
2018-04-26,0.01472656380231174
2018-04-27,0.0017545581701542143
2018-04-30,-0.004231716675956419
2018-05-02,-0.0157799030077947
2018-05-03,-0.017743743897863075
2018-05-04,0.0024791142029377713
2018-05-07,-0.010619713543134894
2018-05-08,0.005290673236842297
2018-05-09,0.011545230218108611
2018-05-10,0.013231456663928718
2018-05-11,-0.011140114823507265
2018-05-14,-0.009654087587948083
2018-05-15,-0.007621315762482185
2018-05-16,0.015961724629885106
2018-05-17,-0.02503432222375869
2018-05-18,-0.006950505463585176
2018-05-21,-0.010496874922776692
2018-05-22,0.020600713123102313
2018-05-23,-0.020227246556017917
2018-05-24,-0.004146024511014318
2018-05-25,-0.013770036150989432
2018-05-28,-0.04829098755515572
2018-05-29,0.009615586048000072
2018-05-30,0.011384954175237483
2018-06-01,0.011885774287204486
2018-06-04,0.019521023869318824
2018-06-05,-0.023587958071396697
2018-06-06,-0.013894102770053256
2018-06-07,-0.032456895834443264
2018-06-08,-0.0037770132492480363
2018-06-11,-0.008646429402310925
2018-06-12,0.005472606578125382
2018-06-13,-0.003855555932796498
2018-06-14,-0.009214684902823442
2018-06-15,-0.0143365203410908
2018-06-18,-0.007925872597592441
2018-06-19,0.019103043079008706
2018-06-20,0.010320020613511418
2018-06-21,-0.02837596642302323
2018-06-22,0.007272537453105198
2018-06-25,0.005168513635640964
2018-06-26,0.0068621676942955
2018-06-27,-0.015256537590845467
2018-06-28,0.011374715870549591
2018-06-29,0.011041305906396421
2018-07-02,0.0014298378047215977
2018-07-03,0.014606205625781746
2018-07-04,0.019975866165820602
2018-07-05,-0.00852109071800939
2018-07-06,0.004841238656676423
2018-07-10,-0.0011294374075594908
2018-07-11,-0.009012312605416559
2018-07-12,0.019538449341981155
2018-07-13,0.007699458724026689
2018-07-16,0.002618301139877224
2018-07-17,0.01888284930127698
2018-07-18,-0.005667821333454526
2018-07-19,0.002567106336056697
2018-07-20,0.016729780610507197
2018-07-23,-0.009533930840710888
2018-07-24,0.014493203857119854
2018-07-25,0.0093004879262594
2018-07-26,-0.013216831301518088
2018-07-27,0.0030713339259566385
2018-07-30,0.0025748918097445008
2018-07-31,-0.0082780966360705
2018-08-01,0.003091808277797085
2018-08-02,0.00231637837632845
2018-08-03,0.01797329452870104
2018-08-06,-0.002967217678922352
2018-08-07,-0.008951400991384277
2018-08-08,-0.010086439017102738
2018-08-09,-0.007729991953062688
2018-08-10,-0.03077187948427049
2018-08-13,0.011109736994900489
2018-08-14,0.01441133291697673
2018-08-15,-0.013195010301050733
2018-08-16,0.0032536706068453094
2018-08-17,-0.009353546236794342
2018-08-20,0.007026207957467776
2018-08-21,-0.021023359827058795
2018-08-22,0.01872107733241691
2018-08-23,-0.018562423008006423
2018-08-24,0.00458579489111365
2018-08-27,0.020514997589442936
2018-08-28,-0.006630134060907523
2018-08-29,0.013407636496327795
2018-08-30,-0.02149819321108764
2018-08-31,0.005115439874268813
2018-09-03,-0.005391878082063468
2018-09-04,-0.013642098783795397
2018-09-05,0.004157070454401295
2018-09-06,0.015049339507917883
2018-09-10,-0.001830801009159162
2018-09-11,-0.02137590122319489
2018-09-12,0.0010181543252094439
2018-09-13,-0.009896713496811618
2018-09-14,0.0031116005167352457
2018-09-17,0.015660407194657375
2018-09-18,0.015044072227479966
2018-09-19,-0.0057666578370759065
2018-09-20,-0.0021088641785077496
2018-09-21,0.01606442311422215
2018-09-24,-0.015622462072392176
2018-09-25,0.0033461604370633035
2018-09-26,0.00394928121901836
2018-09-27,0.01243532573019808
2018-09-28,-0.007535238079373025
2018-10-01,-0.014469970160720337
2018-10-02,0.03577467371133551
2018-10-03,0.020797121026309737
2018-10-04,-0.00012106999812550934
2018-10-05,-0.00391772570183574
2018-10-08,0.040508381612336386
2018-10-09,0.003859157415510819
2018-10-10,-0.029739976721038702
2018-10-11,-0.007352396712213661
2018-10-15,0.003640945477064466
2018-10-16,0.02590446423177239
2018-10-17,0.0023261704645351584
2018-10-18,-0.012469839821942417
2018-10-19,0.009777045576995914
2018-10-22,0.013269052449461333
2018-10-23,-0.002435107509789514
2018-10-24,-0.021421011787118478
2018-10-25,0.012647794375139215
2018-10-26,0.013122310992624096
2018-10-29,-0.019273395100551108
2018-10-30,0.030695862285728414
2018-10-31,0.005321114334783805
2018-11-01,0.011997018179069667
2018-11-05,0.01483790493829655
2018-11-06,-0.008789360985747202
2018-11-07,-0.010576083133334352
2018-11-08,-0.018787916208960573
2018-11-09,0.0018460124565195584
2018-11-12,-0.0033596692878312584
2018-11-13,-0.005906175924764289
2018-11-14,0.007562862217819727
2018-11-16,0.027290184767996953
2018-11-19,-0.010494901211496047
2018-11-21,-0.0037743590979743957
2018-11-22,0.0033045814844208255
2018-11-23,-0.012455661381892535
2018-11-26,-0.0055835285750151465
2018-11-27,0.02152215421156128
2018-11-28,0.011430828221883873
2018-11-29,0.004264895689990911
2018-11-30,-0.005282686792567555
2018-12-03,0.005082457234614157
2018-12-04,-0.010794750114033712
2018-12-05,0.0052949953117644045
2018-12-06,-0.0008559633753169199
2018-12-07,-0.006302213253825833
2018-12-10,-0.01802577892350326
2018-12-11,0.007411367196652667
2018-12-12,0.0036214876951484957
2018-12-13,0.0049777473019818105
2018-12-14,-0.00328197129726062
2018-12-17,-0.010600621414585652
2018-12-18,0.004344167504594951
2018-12-19,-0.007071380719821345
2018-12-20,-0.004338463551537563
2018-12-21,0.0006031372937034599
2018-12-26,-0.0054131555839301935
2018-12-27,0.001489863779334207
2018-12-28,0.022826258620804576
2019-01-02,0.033171900026372006
2019-01-03,0.005801877342177755
2019-01-04,0.003101891034773911
2019-01-07,-0.005227632627409684
2019-01-08,0.0009382913050358404
2019-01-09,0.013647084534863765
2019-01-10,0.004609231406489908
2019-01-11,0.001731183453057441
2019-01-14,0.0094497799416286
2019-01-15,-0.0017851099400013311
2019-01-16,0.003791202927163589
2019-01-17,0.011040601116489107
2019-01-18,0.009056755008435328
2019-01-21,0.002316479725689046
2019-01-22,-0.009313278870892592
2019-01-23,0.01491886838020929
2019-01-24,0.01203828112693102
2019-01-28,-0.00762558145089177
2019-01-29,0.002296581366147231
2019-01-30,0.013024132744208619
2019-01-31,-0.0028347196722279086
2019-02-01,0.003293903963827522
2019-02-04,0.005521828263637318
2019-02-05,0.0005483117338123181
2019-02-06,-0.03325167755498805
2019-02-07,-0.004647099998324261
2019-02-08,0.010098801265648449
2019-02-11,-0.009652648957798729
2019-02-12,0.006717385940037606
2019-02-13,0.0014367009636231567
2019-02-14,0.01702943039590765
2019-02-15,-0.003736760760197063
2019-02-18,-0.0034311984867541117
2019-02-19,0.007882238885492863
2019-02-20,-0.010485236001296562
2019-02-21,2.3853152817409446e-05
2019-02-22,0.007473529639419641
2019-02-25,-0.001765993962037757
2019-02-26,0.0001708329477308583
2019-02-27,0.002756725791358633
2019-02-28,-0.014586321805166917
2019-03-01,-0.003171614274194633
2019-03-06,-0.006281256246356319
2019-03-07,-0.005369909109799965
2019-03-08,0.011091574278801752
2019-03-11,0.01910195622404195
2019-03-12,-0.0003586650713415535
2019-03-13,0.011292822139452399
2019-03-14,-0.0009168288637282703
2019-03-15,0.009035714659459806
2019-03-18,0.011249893585548582
2019-03-19,-0.0034311056753352533
2019-03-20,-0.010774459616329883
2019-03-21,-0.011632881440384069
2019-03-22,-0.026385865134375318
2019-03-25,-0.0008133780907800966
2019-03-26,0.015327918531297764
2019-03-27,-0.034531336832995
2019-03-28,0.022976228133268127
2019-03-29,0.012569994790105073
2019-04-01,0.0006625551403516084
2019-04-02,-0.0063017972771692386
2019-04-03,-0.00429454645430786
2019-04-04,0.012692711370856502
2019-04-05,0.00910915558292217
2019-04-08,0.0001487464676999788
2019-04-09,-0.014029717193242773
2019-04-10,0.0006947434626537641
2019-04-11,-0.010729940532654051
2019-04-12,-0.012769251706040895
2019-04-15,0.0029164847984064807
2019-04-16,0.009323758531271768
2019-04-17,-0.00732044426005532
2019-04-18,0.010008549454542558
2019-04-22,0.005516850445466186
2019-04-23,0.014710396359538067
2019-04-24,-0.008910465509137235
2019-04-25,0.014144455915521832
2019-04-26,-0.0032036644404339508
2019-04-29,0.002705801096962078
2019-04-30,0.0027243638298932987
2019-05-02,-0.00850657643555635
2019-05-03,0.002885025888651337
2019-05-06,-0.005210596787557412
2019-05-07,-0.005420337472352831
2019-05-08,0.011100628011025194
2019-05-09,-0.005074675772113096
2019-05-10,-0.006095949967358433
2019-05-13,-0.027271708831929836
2019-05-14,0.0075488908907960055
2019-05-15,-0.008215634108496937
2019-05-16,-0.013850389793327752
2019-05-17,-0.0036226631304205306
2019-05-20,0.023495024742384067
2019-05-21,0.023629320888205442
2019-05-22,-0.0015634283822170466
2019-05-23,-0.005847368994621091
2019-05-24,-0.005633778281455979
2019-05-27,0.010521680511841436
2019-05-28,0.012950190115517504
2019-05-29,0.004017592630276512
2019-05-30,0.007464606567544336
2019-05-31,0.0027260666849598103
2019-06-03,-0.00284930771417023
2019-06-04,0.0030390071008396667
2019-06-05,-0.01044074618112313
2019-06-06,0.007363907848463684
2019-06-07,0.0051974135725572895
2019-06-10,-6.6714530178375e-05
2019-06-11,0.009625716679311088
2019-06-12,-0.007491035435406161
2019-06-13,0.011439755340591032
2019-06-14,-0.007124924426522062
2019-06-17,-0.0022407857925475635
2019-06-18,0.011612608354296321
2019-06-19,0.007363019289616837
2019-06-21,0.008126055796664604
2019-06-24,0.0020008688864717053
2019-06-25,-0.019703704552898202
2019-06-26,0.004843105292487195
2019-06-27,0.002998161942886967
2019-06-28,0.007197234549624008
2019-07-01,0.00344362071301588
2019-07-02,-0.0045907979749928805
2019-07-03,0.012930956746533715
2019-07-04,0.015311086978787254
2019-07-05,0.007947377409098242
2019-07-08,0.005814674846420018
2019-07-10,0.014661281816756565
2019-07-11,-0.005106600397404022
2019-07-12,-0.009255813476988105
2019-07-15,-0.0026766667168729944
2019-07-16,-0.001862762640701924
2019-07-17,0.004533564144743117
2019-07-18,0.004716639481241551
2019-07-19,-0.01215547319417827
2019-07-22,-0.0009557247262474215
2019-07-23,-0.001650696562256946
2019-07-24,0.0024190162568578453
2019-07-25,-0.00903587643329808
2019-07-26,0.004534750398596722
2019-07-29,0.005457171047151772
2019-07-30,0.005029112783886452
2019-07-31,-0.005953747213036341
2019-08-01,0.005735230021668395
2019-08-02,0.005218740906075445
2019-08-05,-0.021813739327393535
2019-08-06,0.01913833031430877
2019-08-07,0.0035695989291622213
2019-08-08,0.016572486876023314
2019-08-09,0.0023458755725356
2019-08-12,-0.015245565903685391
2019-08-13,0.010021018928952262
2019-08-14,-0.028015576652064486
2019-08-15,-0.01585783340882206
2019-08-16,0.00877731679261258
2019-08-19,-0.004857239002608381
2019-08-20,-0.0030497377877374415
2019-08-21,0.01890503749139881
2019-08-22,-0.00587376763149018
2019-08-23,-0.026710664849969007
2019-08-26,-0.01876076343454901
2019-08-27,0.005353847504247814
2019-08-28,0.010467777961565103
2019-08-29,0.026949643456628834
2019-08-30,0.011698543236717894
2019-09-02,-0.0020666596069115156
2019-09-03,-0.011400198268852735
2019-09-04,0.008360567383937208
2019-09-05,0.006656741278563258
2019-09-06,-0.002180002971230126
2019-09-09,-0.0013422765655660735
2019-09-10,0.002868487522094124
2019-09-11,0.011941689020867872
2019-09-12,0.005304326326941715
2019-09-13,-0.007407315315471978
2019-09-16,0.0006245636231731046
2019-09-17,0.012116479798755023
2019-09-18,0.0016512457601040513
2019-09-19,0.0039655578515923415
2019-09-20,0.003187755997199254
2019-09-23,-0.002793194498591439
2019-09-24,-0.0057459590398545686
2019-09-25,0.0011957834039962665
2019-09-26,0.004325557269684019
2019-09-27,-0.000879769620661248
2019-09-30,0.0020588341417648254
2019-10-01,-0.0034224258425544045
2019-10-02,-0.0230120841324339
2019-10-03,0.006392391345180586
2019-10-04,0.008349952457467332
2019-10-07,-0.021966409261863804
2019-10-08,-0.007313086498421816
2019-10-09,0.009158695047446128
2019-10-10,0.004153709514687332
2019-10-11,0.017392479644763436
2019-10-14,0.004333279292655453
2019-10-15,-0.0004017364792590825
2019-10-16,0.008224444342202047
2019-10-17,-0.002470706511319599
2019-10-18,-0.0009908929033577729
2019-10-21,0.009570014738000336
2019-10-22,0.006166799490777291
2019-10-23,-0.0015533954789673373
2019-10-24,-0.006120901462597165
2019-10-25,-0.001665709983091724
2019-10-28,0.004397297678886808
2019-10-29,-0.0009321093912333155
2019-10-30,0.009424664950080538
2019-10-31,-0.004258472541579243
2019-11-01,0.012857999516433835
2019-11-04,0.007606318574312418
2019-11-05,-0.00249226673447247
2019-11-06,0.0006401124982476878
2019-11-07,0.013835119199164487
2019-11-08,-0.01596901997136782
2019-11-11,0.006592918315402902
2019-11-12,-0.01613743249408856
2019-11-13,-0.005021772966657016
2019-11-14,0.004513648185278534
2019-11-18,-0.0007125244398418645
2019-11-19,-0.002251592522047
2019-11-21,0.01784470661055898
2019-11-22,0.009512054136399216
2019-11-25,0.0009873304947349891
2019-11-26,-0.005973877667288711
2019-11-27,0.00338144806747084
2019-11-28,0.004401222490210471
2019-11-29,0.002416252704070686
2019-12-02,0.005514580228070229
2019-12-03,0.0018448786865025227
2019-12-04,0.008859816090331324
2019-12-05,0.003573079130653737
2019-12-06,0.00878232353609204
2019-12-09,-0.003247241008960818
2019-12-10,0.0009801408502241274
2019-12-11,0.006507365685505162
2019-12-12,0.008770483207341718
2019-12-13,0.006495215921369864
2019-12-16,-0.00029172589830336437
2019-12-17,0.0012788090361610196
2019-12-18,0.010796146755098907
2019-12-19,0.005709420827072033
2019-12-20,0.0021687496607364926
2019-12-23,0.008868367262705793
2019-12-26,0.012727676049202849
2019-12-27,-0.0034203958035279353
2019-12-30,-0.0038270275920045745
2020-01-02,0.02127527887973847
2020-01-03,4.964617632497283e-05
2020-01-06,-0.004402791208752381
2020-01-07,0.0022887899176621523
2020-01-08,-0.002000337789929518
2020-01-09,0.0012069711773043798
2020-01-10,-0.0014406734820041713
2020-01-13,0.017408850392945777
2020-01-14,0.005447865446864795
2020-01-15,-0.007995565927376469
2020-01-16,0.003863204692281824
2020-01-17,0.01024244500563767
2020-01-20,0.007781711480484118
2020-01-21,-0.008408427792830395
2020-01-22,0.013932365187640069
2020-01-23,0.007763119626802205
2020-01-24,-0.010292235539177734
2020-01-27,-0.035700003740711785
2020-01-28,0.015067599730239013
2020-01-29,-0.00855579836976935
2020-01-30,-0.004886203931905431
2020-01-31,-0.0116030706603183
2020-02-03,0.011302634324538059
2020-02-04,0.00819268774718028
2020-02-05,0.004784693567249403
2020-02-06,-0.011682073435125064
2020-02-07,-0.018725102561020165
2020-02-10,-0.019909270854410677
2020-02-11,0.02945753994990887
2020-02-12,0.010618109455194182
2020-02-13,-0.004291484361204009
2020-02-14,-0.009616429457776788
2020-02-17,0.010792308076280793
2020-02-18,-0.002265431006262226
2020-02-19,0.01438808794312285
2020-02-20,-0.016031946808769182
2020-02-21,-0.003921414741114144
2020-02-26,-0.07302294809597433
2020-02-27,-0.028056958217893935
2020-02-28,0.00751700577105031
2020-03-02,0.02993287251635004
2020-03-03,-0.010088609064244424
2020-03-04,0.01726259665194749
2020-03-05,-0.050174359696701774
2020-03-06,-0.038716133468096825
2020-03-09,-0.11018528043795536
2020-03-10,0.06442006479653425
2020-03-11,-0.07610275009827418
2020-03-12,-0.17006810167399475
2020-03-13,0.1215199567962633
2020-03-16,-0.14851955110463105
2020-03-17,0.03866588154865423
2020-03-18,-0.13308590005698637
2020-03-19,0.039508076288745475
2020-03-20,-0.015123050268589941
2020-03-23,-0.05791176603261769
2020-03-24,0.0804740696450541
2020-03-25,0.08086106187447926
2020-03-26,0.050324413619189906
2020-03-27,-0.048703530440918116
2020-03-30,0.011739384049733435
2020-03-31,-0.02136796672755048
2020-04-01,-0.036785370981285134
2020-04-02,0.01766230175167354
2020-04-03,-0.036494078315514114
2020-04-06,0.05731489789424532
2020-04-07,0.028922425690090417
2020-04-08,0.02634928691368999
2020-04-09,-0.00294346318398033
2020-04-13,0.01498291254659523
2020-04-14,0.019489365564512043
2020-04-15,-0.007147902768867105
2020-04-16,-0.007456952809471888
2020-04-17,0.01198812997804284
2020-04-20,0.006393970046802155
2020-04-22,0.020857871064519234
2020-04-23,-0.01345982908607479
2020-04-24,-0.06362255353616644
2020-04-27,0.036787541444493206
2020-04-28,0.03972668192814173
2020-04-29,0.01960436337749588
2020-04-30,-0.029569611378786477
2020-05-04,-0.021624103827197004
2020-05-05,0.0006024147739869574
2020-05-06,-0.010695814073249143
2020-05-07,-0.017434436206983046
2020-05-08,0.024630993765211405
2020-05-11,-0.011892255551505315
2020-05-12,-0.015755926752770162
2020-05-13,-0.008548712547752673
2020-05-14,0.024350995234719154
2020-05-15,-0.017841406742523436
2020-05-18,0.04765138479682905
2020-05-19,-0.0041383922358365546
2020-05-20,0.007149818806061194
2020-05-21,0.01889223281383982
2020-05-22,-0.008274865295574777
2020-05-25,0.040820411630003134
2020-05-26,-0.00120335020439564
2020-05-27,0.03678563127847281
2020-05-28,-0.008111937808951772
2020-05-29,0.001380115257578176
2020-06-01,0.014002371646738064
2020-06-02,0.03126027555164611
2020-06-03,0.023129063442339122
2020-06-04,0.004872221065376114
2020-06-05,0.005335703305582972
2020-06-08,0.03630762041734135
2020-06-09,-0.007716492063083256
2020-06-10,-0.024116490821111516
2020-06-12,-0.024134698184326276
2020-06-15,-0.006849608007781029
2020-06-16,0.010233478224018823
2020-06-17,0.02239904192916807
2020-06-18,0.006019849465626366
2020-06-19,0.0066080255930910945
2020-06-22,-0.007517753511761309
2020-06-23,0.0017348789813827234
2020-06-24,-0.016710200790697585
2020-06-25,0.012844286269343095
2020-06-26,-0.02303221488100452
2020-06-29,0.017126194338886604
2020-06-30,-0.002492522158331196
2020-07-01,0.010891000140342371
2020-07-02,-0.0038942703627310982
2020-07-03,0.00995111032912978
2020-07-06,0.017806391275790628
2020-07-07,-0.0070552612690391045
2020-07-08,0.013794143136996562
2020-07-09,-0.0055712600218659715
2020-07-10,0.006090939909134584
2020-07-13,-0.00967259897455335
2020-07-14,0.008562219310117544
2020-07-15,0.014173612184240281
2020-07-16,-0.009212767315950844
2020-07-17,0.02309245230819624
2020-07-20,0.012239943091959346
2020-07-21,-0.004065850421981955
2020-07-22,0.0008022024469070867
2020-07-23,-0.016518499394621432
2020-07-24,-0.0005041777241110775
2020-07-27,0.016912733012090602
2020-07-28,-0.0022608976579117338
2020-07-29,0.008087483217043348
2020-07-30,0.0004545968980674862
2020-07-31,-0.014879971426054517
2020-08-03,-0.0032958625614884834
2020-08-04,-0.016153541206728052
2020-08-05,0.01705316173561186
2020-08-06,0.01581814530754787
2020-08-07,-0.010004619220923511
2020-08-10,0.006245819742920753
2020-08-11,-0.007156632134744499
2020-08-12,-0.004706470700516671
2020-08-13,-0.015289031455428015
2020-08-14,0.007715797265757406
2020-08-17,-0.018681013288579296
2020-08-18,0.025321984661488904
2020-08-19,-0.008109583476339416
2020-08-20,0.006091921886987321
2020-08-21,0.005388014054712384
2020-08-24,0.005024505326864513
2020-08-25,0.0010627419747706614
2020-08-26,-0.016624630550600435
2020-08-27,-0.0014488094313237568
2020-08-28,0.014368508942451562
2020-08-31,-0.026246770449851676
2020-09-01,0.024042043904104117
2020-09-02,-0.00011205711483289821
2020-09-03,-0.011695040319001369
2020-09-04,0.004379521453782911
2020-09-08,-0.005988327942711271
2020-09-09,0.010827360162961932
2020-09-10,-0.02213867759365764
2020-09-11,-0.013495946129465572
2020-09-14,0.020545805595371076
2020-09-15,0.004869286503691045
2020-09-16,-0.004062203517635645
2020-09-17,0.0032298231488267753
2020-09-18,-0.019167451578045384
2020-09-21,-0.013201810139303478
2020-09-22,0.0022244995761918776
2020-09-23,-0.01807208550240235
2020-09-24,0.010864221466395124
2020-09-25,-0.004708984184686021
2020-09-28,-0.02613388661200941
2020-09-29,-0.009417254058089778
2020-09-30,0.01221219867801353
2020-10-01,0.012071388288365452
2020-10-02,-0.014782838277625759
2020-10-05,0.019901706829236258
2020-10-06,-0.004330073478131478
2020-10-07,-0.002844370804200744
2020-10-08,0.019125688536925395
2020-10-09,-0.006446004117922869
2020-10-13,0.007095559512553602
2020-10-14,0.011148915203820305
2020-10-15,0.0026289387859210153
2020-10-16,-0.004341599155489092
2020-10-19,0.0023624473102456635
2020-10-20,0.016060067796344453
2020-10-21,0.0009654811061486542
2020-10-22,0.008371060630609972
2020-10-23,-0.00498297959579937
2020-10-26,-0.0034788296729744094
2020-10-27,-0.012082003340888579
2020-10-28,-0.04480915407965737
2020-10-29,0.009202571395454981
2020-10-30,-0.025615477842137163
2020-11-03,0.0160334115573614
2020-11-04,0.019498921843865355
2020-11-05,0.030963914197794415
2020-11-06,0.007424093290191168
2020-11-09,0.01995623633495094
2020-11-10,0.009227138436750647
2020-11-11,-0.009631799721719748
2020-11-12,-0.021235669551413032
2020-11-13,0.025515683797436236
2020-11-16,0.01229795484606207
2020-11-17,0.009164131490846569
2020-11-18,-0.007200348719456015
2020-11-19,0.004055483943118802
2020-11-20,-0.005958147561234252
2020-11-23,0.01116006232181119
2020-11-24,0.013459120234742541
2020-11-25,0.006265950233929354
2020-11-26,0.005326245634207936
2020-11-27,0.0027214690306984484
2020-11-30,-0.01484396134841652
2020-12-01,0.019277030739139788
2020-12-02,0.0028736538825425433
2020-12-03,0.0032415669875942438
2020-12-04,0.007641418849125711
2020-12-07,-0.00047007796740592827
2020-12-08,0.002637231075016921
2020-12-09,-0.009445118530820504
2020-12-10,0.014236367769522707
2020-12-11,0.005284655381245327
2020-12-14,-0.004972045286483443
2020-12-15,0.012813503897175909
2020-12-16,0.010222000074813588
2020-12-17,0.00327762114359171
2020-12-18,-0.002734902183519281
2020-12-21,-0.01857059379850287
2020-12-22,0.004169757710549185
2020-12-23,0.009956841420517401
2020-12-28,0.013926881265801883
2020-12-29,0.0026791009950902145
2020-12-30,-0.0005950436774880486
2021-01-04,-0.005246966005663087
2021-01-05,-0.0005994648404653612
2021-01-06,-0.005425702318630165
2021-01-07,0.015884255680627915
2021-01-08,0.026693929203013705
2021-01-11,-0.0182371872007129
2021-01-12,0.0142879398360965
2021-01-13,-0.00805861042061994
2021-01-14,0.015223464724096289
2021-01-15,-0.021176461767842138
2021-01-18,0.002696798379077544
2021-01-19,-0.005781135376181924
2021-01-20,-0.008232649268985147
2021-01-21,-0.012873556861105778
2021-01-22,-0.01067851981219709
2021-01-26,-0.013370055736817585
2021-01-27,-0.0019826606089212687
2021-01-28,0.028681963471917826
2021-01-29,-0.02893272699366445
2021-02-01,0.021124988790942986
2021-02-02,0.011971693924506258
2021-02-03,0.013627327432210928
2021-02-04,-0.005685435874716655
2021-02-05,0.005219761186387503
2021-02-08,0.0014776979531883462
2021-02-09,-0.00035505274581901155
2021-02-10,-0.010052258969020091
2021-02-11,0.010084191872398948
2021-02-12,0.001623334464889558
2021-02-17,0.003756036981552014
2021-02-18,-0.011042725224046047
2021-02-19,-0.002771497156398418
2021-02-22,-0.0381540358202885
2021-02-23,0.01854263160604672
2021-02-24,0.00717229789717999
2021-02-25,-0.0303366642629542
2021-02-26,-0.01846679572826712
2021-03-01,-0.003677109049066916
2021-03-02,0.007214660284244806
2021-03-03,-0.0021946181255031315
2021-03-04,0.013905483613916986
2021-03-05,0.018791548900526506
2021-03-08,-0.039979100734054036
2021-03-09,0.004799535071097134
2021-03-10,0.014136697303211718
2021-03-11,0.02002473574646119
2021-03-12,-0.0006267943888286056
2021-03-15,0.01004435211278449
2021-03-16,-0.005172389378263762
2021-03-17,0.024772227470260765
2021-03-18,-0.017432416704399493
2021-03-19,0.017180469651273202
2021-03-22,-0.008572340875746987
2021-03-23,-0.009398855393335487
2021-03-24,-0.01780346202541256
2021-03-25,0.016994672409944026
2021-03-26,0.006087284847489862
2021-03-29,0.004530824574732017
2021-03-30,0.018300118879761844
2021-03-31,-0.0014511043327453976
2021-04-01,-0.014758435337615327
2021-04-05,0.01688147916542724
2021-04-06,0.005293697977850407
2021-04-07,0.001510786558586757
2021-04-08,0.008235885459200001
2021-04-09,-0.0015661605325232929
2021-04-12,0.010658720543895243
2021-04-13,0.00210894675516932
2021-04-14,0.005064112985907731
2021-04-15,0.002018156050550378
2021-04-16,0.004833776584365209
2021-04-19,-0.004366524024846395
2021-04-20,-0.0036626396869262196
2021-04-22,-0.003548599016547616
2021-04-23,0.006419026361252652
2021-04-26,0.0008734649973517134
2021-04-27,-0.009720384526355775
2021-04-28,0.006477286226058213
2021-04-29,-0.004807376521686429
2021-04-30,-0.010318044904614673
2021-05-03,-0.0028922923902467918
2021-05-04,-0.010137382933472217
2021-05-05,0.014534999403989439
2021-05-06,-7.481015184661869e-05
2021-05-07,0.016537823351261045
2021-05-10,-0.0007976372404963407
2021-05-11,0.006897887705503963
2021-05-12,-0.029435214285637685
2021-05-13,0.00993512356723433
2021-05-14,0.01044947062584269
2021-05-17,0.00876992129203754
2021-05-18,-0.0008699732793703302
2021-05-19,0.0006874926053392554
2021-05-20,0.0016005387565598069
2021-05-21,-0.003425338311888628
2021-05-24,0.009231015394203953
2021-05-25,-0.0011260862738125751
2021-05-26,0.0030495146877815467
2021-05-27,0.008544005275671592
2021-05-28,0.003840006137385617
2021-05-31,0.0028958285012975755
2021-06-01,0.018169655776733514
2021-06-02,0.006767550909966465
2021-06-04,0.006631638811718831
2021-06-07,0.003957245030361457
2021-06-08,-0.009234526484069801
2021-06-09,-0.002436157469245626
2021-06-10,0.007213288159447476
2021-06-11,-0.007685834865166417
2021-06-14,0.008783519602888017
2021-06-15,0.00029230909650040845
2021-06-16,-0.008037279750052544
2021-06-17,-0.010136011696453694
2021-06-18,0.0008287513220670607
2021-06-21,0.008535444007525293
2021-06-22,-0.0045148697735882875
2021-06-23,-0.004056988872325606
2021-06-24,0.006931513521740024
2021-06-25,-0.02034876285564422
2021-06-28,0.003017718484945653
2021-06-29,-0.005304101266903747
2021-06-30,-0.005464976561927865
2021-07-01,-0.006437143175930311
2021-07-02,0.01381965537327981
2021-07-05,-0.0021358707587187543
2021-07-06,-0.014996501218163281
2021-07-07,0.012654026616016107
2021-07-08,-0.014141377789028192
2021-07-12,0.018211930771409895
2021-07-13,0.003387509801833198
2021-07-14,0.0013265715382165246
2021-07-15,-0.00908885862433472
2021-07-16,-0.009698039592175196
2021-07-19,-0.010864295923020186
2021-07-20,0.007997529341293195
2021-07-21,0.0033125695898139377
2021-07-22,0.003695311271680059
2021-07-23,-0.009943647347338802
2021-07-26,0.0031395372530884148
2021-07-27,-0.011835834064533483
2021-07-28,0.010011941710839937
2021-07-29,-0.004455031938503464
2021-07-30,-0.025356612941429397
2021-08-02,0.006575633882595622
2021-08-03,0.002004800534154012
2021-08-04,-0.011267554939188273
2021-08-05,-0.009814405522349643
2021-08-06,0.00837425080306132
2021-08-09,0.005031700485712456
2021-08-10,-0.007419337050008833
2021-08-11,0.0002889253451005474
2021-08-12,-0.015421988187221963
2021-08-13,0.004149992816100694
2021-08-16,-0.01952217115013085
2021-08-17,-0.01418090346839363
2021-08-18,-0.006203522442394868
2021-08-19,0.01423471656462521
2021-08-20,0.01135997575637215
2021-08-23,-0.0027940896978977175
2021-08-24,0.022209790556405533
2021-08-25,0.0076862989737362
2021-08-26,-0.020383419655343803
2021-08-27,0.014659690553027231
2021-08-30,-0.00764960750911694
2021-08-31,-0.0064399440867617804
2021-09-01,0.004913438620262236
2021-09-02,-0.023910529066766002
2021-09-03,0.00040364240847053345
2021-09-06,0.012193755075909514
2021-09-08,-0.038745668765482855
2021-09-09,0.022761429085921683
2021-09-10,-0.00640939681401634
2021-09-13,0.019538994653280305
2021-09-14,-0.0010356179228198984
2021-09-15,-0.005849557581512505
2021-09-16,-0.007550975960477279
2021-09-17,-0.017799095413576157
2021-09-20,-0.020722935575180075
2021-09-21,0.01107856693886282
2021-09-22,0.016287963367691394
2021-09-23,0.015796554409943892
2021-09-24,-0.0025036920882502796
2021-09-27,0.0005144679973439156
2021-09-28,-0.02729384471502421
2021-09-29,0.009151094433319608
2021-09-30,0.0012557462507401113
2021-10-01,0.015574952392389315
2021-10-04,-0.0291715916990788
2021-10-05,-0.002952671109895816
2021-10-06,-0.0029421591152762427
2021-10-07,-0.001502281898756599
2021-10-08,0.02256340410593575
2021-10-11,-0.004312545021828598
2021-10-13,0.01584572166303881
2021-10-14,-0.002394177415050414
2021-10-15,0.009749743669871018
2021-10-18,-0.002218108126652769
2021-10-19,-0.03324326934333163
2021-10-20,-0.0030949523979115576
2021-10-21,-0.03142733652359592
2021-10-22,-0.012824873685960332
2021-10-25,0.020030585471433823
2021-10-26,-0.024232170715359463
2021-10-27,0.002885562987815262
2021-10-28,-0.01093139823036493
2021-10-29,-0.012040267508162665
2021-11-01,0.017059571411035705
2021-11-03,0.01227980658433684
2021-11-04,-0.017646522255337905
2021-11-05,0.015351609900000776
2021-11-08,-0.004602052535954392
2021-11-09,0.010591258174904822
2021-11-10,0.005555343028282849
2021-11-11,0.014313591588824403
2021-11-12,-0.018599414087677294
2021-11-16,-0.022557825645941595
2021-11-17,-0.017519641007231176
2021-11-18,-0.0016000222889452362
2021-11-19,0.006615184867247067
2021-11-22,-0.01498790725288565
2021-11-23,0.011804384505917651
2021-11-24,0.004061908330056975
2021-11-25,0.013644038492512991
2021-11-26,-0.03444771281974468
2021-11-29,0.004024121043419233
2021-11-30,-0.012468961752090352
2021-12-01,-0.013618337102558588
2021-12-02,0.030526977321224023
2021-12-03,0.009795721250974691
2021-12-06,0.013116335424698004
2021-12-07,-0.0010740453965322459
2021-12-08,0.012669541274644161
2021-12-09,-0.019064686424640345
2021-12-10,0.014337939585822015
2021-12-13,-0.005282315555843514
2021-12-14,-0.007414740315155595
2021-12-15,0.0091262841557289
2021-12-16,6.0708954760697046e-05
2021-12-17,-0.0033465711006122707
2021-12-20,-0.023499287317445144
2021-12-21,0.0034543585304102334
2021-12-22,-0.004123923367884267
2021-12-23,-0.003951968904642688
2021-12-27,0.00823283200605182
2021-12-28,-0.00017643935375948776
2021-12-29,-0.009043371248899978
2021-12-30,0.010495991624732878
2022-01-03,-0.021837892512020625
2022-01-04,-0.009083500927879963
2022-01-05,-0.029496121531517164
2022-01-06,0.0004188377828971177
2022-01-07,0.0018611785848692292
2022-01-10,-0.007746557709655115
2022-01-11,0.014459375885104715
2022-01-12,0.019902779356530682
2022-01-13,-0.001977449240465027
2022-01-14,0.010042699042273761
2022-01-17,-0.008122154085991673
2022-01-18,-0.0015799003190157786
2022-01-19,0.016366794076801076
2022-01-20,0.0158784163263322
2022-01-21,-0.0005592751849860767
2022-01-24,-0.008090215514316188
2022-01-25,0.02060038329004987
2022-01-26,0.009601159893632305
2022-01-27,0.011646157736975143
2022-01-28,-0.0028223170402546347
2022-01-31,0.011315496685187222
2022-02-01,0.0007176779047021732
2022-02-02,-0.014753061488831824
2022-02-03,-0.0008338979490126509
2022-02-04,-0.005564479173341733
2022-02-07,-0.002560891834517423
2022-02-08,0.0024542485864374568
2022-02-09,0.010349287599534641
2022-02-10,0.0025315353414013535
2022-02-11,-0.006614549565220593
2022-02-14,0.006451586496285755
2022-02-15,0.014304488741192648
2022-02-16,0.002897406230945478
2022-02-17,-0.010507518376986037
2022-02-18,-0.009540134636741903
2022-02-21,-0.0170160430437537
2022-02-22,0.014639372558150333
2022-02-23,-0.008033606293553765
2022-02-24,-0.002349049476487021
2022-02-25,0.0037755760333154807
2022-03-02,0.007391143595421618
2022-03-03,0.0022888462716391324
2022-03-04,-0.011017529352957202
2022-03-07,-0.03392910327646223
2022-03-08,0.0042802588899290795
2022-03-09,0.0362061237072915
2022-03-10,-0.011706517434687508
2022-03-11,-0.021975685418549926
2022-03-14,-0.011306681695845174
2022-03-15,-0.0022673712685887986
2022-03-16,0.016990285177767576
2022-03-17,0.019220480025964062
2022-03-18,0.0247892302576537
2022-03-21,0.0007856896880932353
2022-03-22,0.016830971459450412
2022-03-23,0.0017456628268742275
2022-03-24,0.018440409052176445
2022-03-25,0.005740102528324921
2022-03-28,-0.001418682566740026
2022-03-29,0.011171520307783843
2022-03-30,-0.0027296929155401534
2022-03-31,-0.00170421841140475
2022-04-01,0.017064302200723244
2022-04-04,-0.0016507315920764273
2022-04-05,-0.017973328961278914
2022-04-06,-0.008827163827664047
2022-04-07,-0.00035807150906379265
2022-04-08,-0.0015100221250696707
2022-04-11,-0.011439883303604983
2022-04-12,-0.004210044626744427
2022-04-13,0.004042027382180705
2022-04-14,-0.00679660552815208
2022-04-18,-0.002279819441311434
2022-04-19,-0.004518231285991603
2022-04-20,-0.007578269547086824
2022-04-22,-0.025023610086689966
2022-04-25,0.0007152598354913265
2022-04-26,-0.020669462179304005
2022-04-27,0.008282760341553114
2022-04-28,0.003405630705965227
2022-04-29,-0.021779229906884197
2022-05-02,-0.022406277242308217
2022-05-03,0.000497176613134821
2022-05-04,0.020112516379839775
2022-05-05,-0.0328202611692256
2022-05-06,-0.008081339555572553
2022-05-09,-0.01519047327217878
2022-05-10,-0.0017117689083219194
2022-05-11,-0.001407808906490939
2022-05-12,0.016040625567108
2022-05-13,0.019981477063561424
2022-05-16,0.008986809889262537
2022-05-17,0.0076588399736221835
2022-05-18,-0.026071222824829657
2022-05-19,0.0067378335523870965
2022-05-20,0.011583887813948228
2022-05-23,0.010588805698874087
2022-05-24,-0.0005824093248421957
2022-05-25,0.000607035099856213
2022-05-26,0.014119770759275702
2022-05-27,0.001428910855430933
2022-05-30,-0.009523143575177329
2022-05-31,0.003841978513937546
2022-06-01,0.000612454725870772
2022-06-02,0.01141580192024104
2022-06-03,-0.014559372175717249
2022-06-06,-0.014040549178744763
2022-06-07,-0.009745853026026149
2022-06-08,-0.011386885315902097
2022-06-09,-0.007439664340062295
2022-06-10,-0.018579703976323123
2022-06-13,-0.03495000213179447
2022-06-14,-0.009647861622909527
2022-06-15,0.01685500063850573
2022-06-17,-0.01950819195747575
2022-06-20,-0.004717260508754307
2022-06-21,0.000595718488972818
2022-06-22,-0.004671481148246139
2022-06-23,-0.007400488143055715
2022-06-24,0.0026638387200239822
2022-06-27,0.009544890480515874
2022-06-28,-0.006827469119346484
2022-06-29,-0.011288922425658331
2022-06-30,-0.009648138592732839
2022-07-01,0.006707434567480904
2022-07-04,-0.008375186183642917
2022-07-05,-0.0009620321330632046
2022-07-06,0.009561591280932666
2022-07-07,0.021995178998435557
2022-07-08,-0.0033014470309116178
2022-07-11,-0.02209292994197213
2022-07-12,0.003280764828981167
2022-07-13,-0.005952936325431545
2022-07-14,-0.008043639340866925
2022-07-15,0.0028258758625494575
2022-07-18,-0.0009461275086686088
2022-07-19,0.013787097800529781
2022-07-20,0.008278035863813085
2022-07-21,0.002818211112126124
2022-07-22,-0.004177740971744153
2022-07-25,0.004193210538506644
2022-07-26,-0.01141518805012805
2022-07-27,0.02391029394142231
2022-07-28,0.010165944137370053
2022-07-29,0.0013373898763390764
2022-08-01,-0.006971027797728737
2022-08-02,0.005470309243130176
2022-08-03,0.014584189982632353
2022-08-04,0.027381087413524078
2022-08-05,0.001814933639855403
2022-08-08,0.01528554580026635
2022-08-09,-0.00689617552306088
2022-08-10,0.020345836125432403
2022-08-11,-0.010500500894854888
2022-08-12,0.016392345226293226
2022-08-15,0.005352894947078645
2022-08-16,-0.0009718705331553531
2022-08-17,0.004441972691436857
2022-08-18,-0.006058299113921988
2022-08-19,-0.01969384339879181
2022-08-22,-0.012196053061873864
2022-08-23,0.016530054320180797
2022-08-24,0.007501999576280055
2022-08-25,0.005027102884596047
2022-08-26,-0.012725463110586394
2022-08-29,0.0009690387080392637
2022-08-30,-0.01393051354552448
2022-08-31,-0.009863231367392422
2022-09-01,0.006181659212136776
2022-09-02,0.004794506122467309
2022-09-05,0.011951921843357714
2022-09-06,-0.021842944125909813
2022-09-08,-0.0007346000347924905
2022-09-09,0.0167276889204854
2022-09-12,0.008297799232681436
2022-09-13,-0.02460803921377708
2022-09-14,-0.0015879642498738762
2022-09-15,-0.006990167178758193
2022-09-16,-0.00805674136865455
2022-09-19,0.020803821524332484
2022-09-20,0.002426550608200142
2022-09-21,-0.00405533290803786
2022-09-22,0.016839761942675543
2022-09-23,-0.016807815417805266
2022-09-26,-0.029261367107822612
2022-09-27,-0.010940678698127324
2022-09-28,0.003469623239027545
2022-09-29,-0.014507840756520689
2022-09-30,0.019364017821053504
2022-10-03,0.04690454454798558
2022-10-04,-0.0012545374113639256
2022-10-05,0.002026764674129985
2022-10-06,0.007490477886926248
2022-10-07,-0.0130505783047142
2022-10-10,0.0036750611513334808
2022-10-11,-0.006429344290093076
2022-10-13,-0.002981395914044986
2022-10-14,-0.02136993385570767
2022-10-17,0.014226973204432383
2022-10-18,0.018668376484658075
2022-10-19,0.0010905843731207937
2022-10-20,0.0015776129833340884
2022-10-21,0.016990154597889343
2022-10-24,-0.018891646927298528
2022-10-25,-0.01377580839722656
2022-10-26,-0.023027661695843325
2022-10-27,0.02860303669811192
2022-10-28,0.007097895889484009
2022-10-31,0.025443958775141714
2022-11-01,0.010266636601249726
2022-11-03,0.0037048081135947273
2022-11-04,0.007576012127402184
2022-11-07,-0.029459339869814534
2022-11-08,0.004898052482869796
2022-11-09,-0.013229426339501636
2022-11-10,-0.04754697555921867
2022-11-11,0.012076688245193425
2022-11-14,0.006662251902881983
2022-11-16,-0.03343173359681529
2022-11-17,-0.013571102942924015
2022-11-18,-0.004921844142935394
2022-11-21,0.016408924484898117
2022-11-22,-0.01450845555443125
2022-11-23,-0.005063152741054008
2022-11-24,0.029559546924938646
2022-11-25,-0.029428281884681298
2022-11-28,-0.008600295871167904
2022-11-29,0.015565018022871373
2022-11-30,0.00806411112317944
2022-12-01,-0.01832774477478603
2022-12-02,0.00872015888109281
2022-12-05,-0.029857784318435075
2022-12-06,0.0044968717733199215
2022-12-07,-0.0018513376463519936
2022-12-08,-0.025171880054618356
2022-12-09,-0.0026270602865995267
2022-12-12,-0.017723354778872498
2022-12-13,-0.021369188488484545
2022-12-14,0.007877333220113206
2022-12-15,-0.000680463130022838
2022-12-16,-0.011804096205041435
2022-12-19,0.019025893231007684
2022-12-20,0.024105504119734333
2022-12-21,0.006757978883022495
2022-12-22,0.00208806044761541
2022-12-23,0.0186885429059129
2022-12-26,-0.01302497451323839
2022-12-27,-0.008619885344996888
2022-12-28,0.02500669941403377
2022-12-29,-0.002855481566021036
2023-01-02,-0.03495753392464673
2023-01-03,-0.025248938807481077
2023-01-04,0.015683643954771117
2023-01-05,0.016512194257131484
2023-01-06,0.015476702945159453
2023-01-09,0.0011249196669846529
2023-01-10,0.022080901988775985
2023-01-11,0.016107404777246783
2023-01-12,-0.0049633334943131055
2023-01-13,-0.012911084572380018
2023-01-16,-0.011873986598874165
2023-01-17,0.017458403235584303
2023-01-18,0.008173061704135834
2023-01-19,0.004652381286305914
2023-01-20,-0.010966963885167231
2023-01-23,-0.00281212955508979
2023-01-24,0.016822079472749524
2023-01-25,0.011242632260153679
2023-01-26,0.002211181465154166
2023-01-27,-0.009149531879406054
2023-01-30,-0.003768767486086833
2023-01-31,0.016812694110531302
2023-02-01,-0.008486280005707274
2023-02-02,-0.013388632890964031
2023-02-03,-0.02141187778191305
2023-02-06,-0.0009537380261990309
2023-02-07,-0.009966987172172285
2023-02-08,0.016704844742722005
2023-02-09,-0.022715165465307562
2023-02-10,0.004291599544377453
2023-02-13,0.004971329786456094
2023-02-14,-0.014226168091768517
2023-02-15,0.016062853201691797
2023-02-16,0.002503558655428394
2023-02-17,-0.004545296084241249
2023-02-22,-0.018528605820520735
2023-02-23,0.001262454708885461
2023-02-24,-0.014600623238060436
2023-02-27,-0.0018473862872822773
2023-02-28,-0.00961508617544371
2023-03-01,-0.007922204138598446
2023-03-02,-0.0059945664741638096
2023-03-03,0.00023087968796511903
2023-03-06,0.015622223144617885
2023-03-07,3.5116937815607365e-05
2023-03-08,0.025391925124875644
2023-03-09,-0.013495550178494173
2023-03-10,-0.015546567100322994
2023-03-13,-0.0013694857159634855
2023-03-14,-0.004833258232710355
2023-03-15,0.0011628959323926665
2023-03-16,0.005461231316048605
2023-03-17,-0.01838812163256077
2023-03-20,-0.016323910232360885
2023-03-21,-0.001578268605809427
2023-03-22,-0.0070875522610776434
2023-03-23,-0.02504675698363503
2023-03-24,0.017087748588347808
2023-03-27,0.006496597423987428
2023-03-28,0.016356275537342427
2023-03-29,0.0025122362497588067
2023-03-30,0.021812929916096967
2023-03-31,-0.018380410043494763
2023-04-03,-0.011689148136259995
2023-04-04,0.008359357278893488
2023-04-05,-0.010378991887641876
2023-04-06,0.0024343443017565856
2023-04-10,0.0070824417669796335
2023-04-11,0.04119061331404087
2023-04-12,0.010703948227430789
2023-04-13,-0.002905921259610628
2023-04-14,-0.006266429058892193
2023-04-17,-0.0018225743339072053
2023-04-18,-0.007858238584211768
2023-04-19,-0.021329409692298833
2023-04-20,0.009390771488334787
2023-04-24,-0.0007947239037187043
2023-04-25,-0.00952804820772656
2023-04-26,-0.007523441805990518
2023-04-27,0.006584627518339735
2023-04-28,0.015619561411558121
2023-05-02,-0.021417625945121324
2023-05-03,0.0014815779350025756
2023-05-04,0.006960237278795653
2023-05-05,0.029653453274852217
2023-05-08,0.006668023250629793
2023-05-09,0.00888634472528286
2023-05-10,0.010336550967477657
2023-05-11,0.010510675094540333
2023-05-12,-0.002246761766981513
2023-05-15,0.002575374948572405
2023-05-16,-0.013477563984090087
2023-05-17,0.01357802511794159
2023-05-18,0.012330564014136536
2023-05-19,0.011798181335311884
2023-05-22,0.00036193342982960045
2023-05-23,-0.006728612296653593
2023-05-24,-0.011756268521020453
2023-05-25,0.013475316057130848
2023-05-26,0.006396298584367207
2023-05-29,-0.0026353245123944954
2023-05-30,-0.010008914241239166
2023-05-31,0.00017167219875879463
2023-06-01,0.01874345046171559
2023-06-02,0.012718612004687007
2023-06-05,0.002561242069885052
2023-06-06,0.021454413004183246
2023-06-07,0.00418522542770666
2023-06-09,0.011672057274422854
2023-06-12,0.0028730109205090783
2023-06-13,-0.013425738683010575
2023-06-14,0.01941970435411908
2023-06-15,0.004751804671961328
2023-06-16,-0.006066946958138585
2023-06-19,0.006943875563462089
2023-06-20,0.0014066035599617551
2023-06-21,0.0036316036930142816
2023-06-22,-0.014680348711267416
2023-06-23,0.0073538397346264404
2023-06-26,-0.012989428861378072
2023-06-27,-0.009656720335019119
2023-06-28,-0.005096932781548942
2023-06-29,0.019667513646525338
2023-06-30,0.0035477976941478482
2023-07-03,0.006665544454703205
2023-07-04,-0.003041864801183008
2023-07-05,0.008337267275396387
2023-07-06,-0.01657927732604947
2023-07-07,0.01772881057216402
2023-07-10,-0.008555241318963683
2023-07-11,-0.0058725370317317
2023-07-12,-0.0013271540124647307
2023-07-13,0.010183385691534822
2023-07-14,-0.01569298351624388
2023-07-17,0.0047328593328799014
2023-07-18,-0.00014115796401011895
2023-07-19,-0.005115212379403383
2023-07-20,0.0021151879196757047
2023-07-21,0.0176479637931796
2023-07-24,0.00643643596735029
2023-07-25,0.0017618071308090077
2023-07-26,0.0048593304175238985
2023-07-27,-0.014049500750916197
2023-07-28,0.005316459734224428
2023-07-31,0.009953621222930429
2023-08-01,-0.0018900138646252684
2023-08-02,-0.00025979700164668895
2023-08-03,-0.0029373121652000018
2023-08-04,-0.0023077994701517493
2023-08-07,-0.004932051385490564
2023-08-08,-0.0016988506490522863
2023-08-09,-0.007895558168487294
2023-08-10,0.0028406267401183613
2023-08-11,-0.00017536237538612895
2023-08-14,-0.013411561213206953
2023-08-15,-0.004936257900433566
2023-08-16,-0.005674291708099051
2023-08-17,-0.009128543737036138
2023-08-18,0.0061579389629866504
2023-08-21,-0.012001389365398735
2023-08-22,0.012411941695439459
2023-08-23,0.010227721746604771
2023-08-24,-0.008227384219833154
2023-08-25,-0.012334113294123199
2023-08-28,0.006408901730469377
2023-08-29,0.007967632252652006
2023-08-30,-0.005682202101989379
2023-08-31,-0.020559527474746018
2023-09-01,0.015273090486676022
2023-09-04,0.0019925053393546133
2023-09-05,-0.010277433442895672
2023-09-06,-0.01200827252034892
2023-09-08,-0.00337365660357603
2023-09-11,0.01230109904889765
2023-09-12,0.011574956402959052
2023-09-13,0.002079357858926201
2023-09-14,0.0034765666328241533
2023-09-15,-0.006627118004466137
2023-09-18,-0.0031373157076009656
2023-09-19,-0.00719722595857082
2023-09-20,0.0056413969240349795
2023-09-21,-0.020607102506547924
2023-09-22,-0.00550214868856024
2023-09-25,-0.00041908868916101165
2023-09-26,-0.015701917949029667
2023-09-27,-0.003349474174683586
2023-09-28,0.01256742655684517
2023-09-29,0.007488736848510775
2023-10-02,-0.01439040448701594
2023-10-03,-0.017308210802998717
2023-10-04,0.007311974812748911
2023-10-05,-0.006384741518506164
2023-10-06,-0.0013149451674528546
2023-10-09,0.011221214032055098
2023-10-10,0.02148508922829775
2023-10-11,-0.0021011900180944016
2023-10-13,-0.020733437563275194
2023-10-16,0.006839360379672487
2023-10-17,-0.012509196406705407
2023-10-18,-0.02086677117237553
2023-10-19,0.0009103990634987578
2023-10-20,-0.004594124002876553
2023-10-23,0.008842733488285237
2023-10-24,0.00527024414893496
2023-10-25,-0.013106453650315856
2023-10-26,0.020609331334415174
2023-10-27,-0.020495490269130827
2023-10-30,-0.012756366558078594
2023-10-31,0.008349468274428607
2023-11-01,0.01856181190835863
2023-11-03,0.035492028729581473
2023-11-06,-0.0015713210087316596
2023-11-07,0.019798007631725376
2023-11-08,-0.000340762467759076
2023-11-09,-0.0051359820453266355
2023-11-10,0.01456102633155494
2023-11-13,-0.0034580277593618844
2023-11-14,0.024732589883370383
2023-11-16,0.021785670798419293
2023-11-17,-0.006366859732991781
2023-11-20,0.006272473786217506
2023-11-21,-0.009761572941791991
2023-11-22,0.0026223984382526214
2023-11-23,0.0066651991567259474
2023-11-24,-0.010490327639363568
2023-11-27,0.0036878214519956974
2023-11-28,0.007522682691117251
2023-11-29,-0.001920075737962823
2023-11-30,0.006326662786096275
2023-12-01,0.010860571633468919
2023-12-04,-0.009929194145175155
2023-12-05,0.00625631965126388
2023-12-06,-0.005515326593996368
2023-12-07,0.004360871256361911
2023-12-08,0.0040371084196302405
2023-12-11,-0.005723949483523074
2023-12-12,-0.001938971904676011
2023-12-13,0.028942366227360534
2023-12-14,0.006996825725425415
2023-12-15,-0.0078484752220787
2023-12-18,0.007173281174424536
2023-12-19,0.007382587528798891
2023-12-20,-0.009000985658139475
2023-12-21,0.008794111739601252
2023-12-22,0.0024680243494435167
2023-12-26,0.003080953979382295
2023-12-27,0.005354589472862403
2023-12-28,-0.0019309223158528426
2024-01-02,-0.016672419621924013
2024-01-03,0.0006684541420839292
2024-01-04,-0.014468500587837867
2024-01-05,0.006267901162825164
2024-01-08,0.008178952547578392
2024-01-09,-0.0071948197853853564
2024-01-10,-0.0065926141427897905
2024-01-11,-0.006331886442315573
2024-01-12,0.006737796804897788
2024-01-15,0.00616977880635978
2024-01-16,-0.019581926254192868
2024-01-17,-0.005829406544460301
2024-01-18,-0.010073836624660194
2024-01-19,0.007063095136297607
2024-01-22,-0.010206327096775485
2024-01-23,0.014561377370057532
2024-01-24,-0.0026948546857212172
2024-01-25,0.0031838954277555675
2024-01-26,0.0016311650471849343
2024-01-29,-0.005710841970321213
2024-01-30,-0.011297496839317795
2024-01-31,0.0067368504215942
2024-02-01,0.0039750078715322665
2024-02-02,-0.012065022406777355
2024-02-05,-0.000488843899250719
2024-02-06,0.020235623316316672
2024-02-07,-0.0005943373689460052
2024-02-08,-0.016159435926552185
2024-02-09,-0.0021339127001069333
2024-02-14,-0.011176822438165602
2024-02-15,0.005853791797298284
2024-02-16,0.007350348678052736
2024-02-19,0.0012487523987778364
2024-02-20,0.009317245779465657
2024-02-21,-0.0008902845605082275
2024-02-22,0.004979185187866174
2024-02-23,-0.009267415848523473
2024-02-26,0.001381824600721657
2024-02-27,0.02143497683907696
2024-02-28,-0.006602901648406672
2024-02-29,-0.006885526253122389
2024-03-01,0.0026945424756351075
2024-03-04,-0.008831523401222686
2024-03-05,0.0008526659244160471
2024-03-06,0.0005016101435124372
2024-03-07,-0.0019537022565395954
2024-03-08,-0.0016050496713808846
2024-03-11,-0.0055430998226502996
2024-03-12,0.009747789951821255
2024-03-13,0.003833849821459513
2024-03-14,-0.0017382065483327932
2024-03-15,-0.010872964326368044
2024-03-18,-0.0008498434438783249
2024-03-19,0.0062608277427593775
2024-03-20,0.017000769549458537
2024-03-21,-0.006344444176630918
2024-03-22,-0.010800980997641827
2024-03-25,-0.003026732307096337
2024-03-26,-0.0051847060276601666
2024-03-27,0.006615607975053766
2024-03-28,0.0007417455496276462
2024-04-01,-0.009610950381192997
2024-04-02,-0.0014968994728844216
2024-04-03,-0.0014869374899347063
2024-04-04,0.004626045700942077
2024-04-05,-0.006704858157825429
2024-04-08,0.011816351532252
2024-04-09,0.010451744500635225
2024-04-10,-0.020278037780150634
2024-04-11,-0.00825052981431696
2024-04-12,-0.017722460917168798
2024-04-15,-0.012338864410305454
2024-04-16,-0.009458499631501605
2024-04-17,-0.003874159875704287
2024-04-18,-0.005458421813908372
2024-04-19,0.009172644809206987
2024-04-22,0.003833008596673641
2024-04-23,-0.004637681036232917
2024-04-24,-0.004394455440672352
2024-04-25,-0.0032127499608976674
2024-04-26,0.01574512286155579
2024-04-29,0.004042573359238754
2024-04-30,-0.02032305219733077
2024-05-02,0.014857614360471819
2024-05-03,0.019860836661785695
2024-05-06,-0.008015483465542466
2024-05-07,0.001892469283195185
2024-05-08,0.0038158410114178505
2024-05-09,-0.012282285880036301
2024-05-10,-0.010398190249210074
2024-05-13,0.0011823617239882951
2024-05-14,0.00360867983126026
2024-05-15,0.005469085005403057
2024-05-16,0.004266628846828509
2024-05-17,-0.003365697769138285
2024-05-20,-0.0008331995817974106
2024-05-21,0.0005429446738757903
2024-05-22,-0.019409983654384656
2024-05-23,-0.006189402390494807
2024-05-24,-0.004007373449680757
2024-05-27,0.001249801202148861
2024-05-28,-0.008088389988054993
2024-05-29,-0.009864655135971344
2024-05-31,-0.01208543748938138
2024-06-03,0.003450304625963298
2024-06-04,-0.005163318411582506
2024-06-05,-0.0034944449597463516
2024-06-06,0.012326141311336428
2024-06-07,-0.01695304731297148
2024-06-10,-0.004762969836187873
2024-06-11,0.012619725891843087
2024-06-12,-0.017304007520657756
2024-06-13,-0.0028819832281767018
2024-06-14,0.004477357803366184
2024-06-17,-0.012015254066678034
2024-06-18,0.0028092278159750446
2024-06-19,0.007977045937914519
2024-06-20,0.001767497502205765
2024-06-21,0.007411435182816659
2024-06-24,0.01518507775100966
2024-06-25,-0.005671069491861739
2024-06-26,-0.00012804225983503338
2024-06-27,0.019630249847760538
2024-06-28,-0.010871481632703819
2024-07-01,0.0040901680112161685
2024-07-02,-0.0022723154694389842
2024-07-03,0.011426456905095748
2024-07-04,0.012330841078710351
2024-07-05,0.004358106323186004
2024-07-08,-0.002600470256653455
2024-07-09,0.007393585490014455
2024-07-10,0.0014150576039852689
2024-07-11,0.011861047363291027
2024-07-12,0.0036327968832858097
2024-07-15,0.004528046493507388
2024-07-16,-0.003615359546903814
2024-07-17,0.0022924905593526995
2024-07-18,-0.022255444377212642
2024-07-19,-0.003120115606175173
2024-07-22,0.006158974999457038
2024-07-23,-0.014398270206199349
2024-07-24,-0.007080376335059474
2024-07-25,-0.0049190903274612795
2024-07-26,0.010316980940791105
2024-07-29,-0.007781544486716068
2024-07-30,-0.005230782476927852
2024-07-31,0.0075231946483119
2024-08-01,0.0010111791695078362
2024-08-02,-0.0033934592611004613
2024-08-05,-0.005314899105989062
2024-08-06,0.0010846352020808772
2024-08-07,0.016521941072819027
2024-08-08,0.010855279527483289
2024-08-09,0.017361492764812234
2024-08-12,0.0011562866722883147
2024-08-13,0.009503021664434173
2024-08-14,0.004135232481118928
2024-08-15,0.005881569708868747
2024-08-16,-0.004839286222860001
2024-08-19,0.0231293435572578
2024-08-20,-0.001168628535018223
2024-08-21,0.004542468539517572
2024-08-22,-0.017563631603405568
2024-08-23,0.013862591721865986
2024-08-26,0.00016962406946069382
2024-08-27,-0.003135739925137156
2024-08-28,-0.0017980688896367019
2024-08-29,-0.01137288913055349
2024-08-30,-0.00025987533074524707
2024-09-02,-0.007655711387759913
2024-09-03,-0.0010940697108290883
2024-09-04,0.017138614931472375
2024-09-05,0.0032566601506291014
2024-09-06,-0.012902613951959326
2024-09-09,-0.0057095999096445004
2024-09-10,-0.001891461123739863
2024-09-11,0.004395321368828962
2024-09-12,-0.003965099168248168
2024-09-13,0.013639557666785295
2024-09-16,0.0013423418733755066
2024-09-17,0.000247546818999381
2024-09-18,-0.008801824305013795
2024-09-19,-0.008752500602219802
2024-09-20,-0.021067858761453968
2024-09-23,-0.0064510323963254115
2024-09-24,0.0108353375381747
2024-09-25,-0.008469453666383632
2024-09-26,0.009270561801058673
2024-09-27,-0.00037232479352850457
2024-09-30,-0.007940455572477651
2024-10-01,0.0022895849255822323
2024-10-02,0.009785018941965293
2024-10-03,-0.016499148776919034
2024-10-04,0.002577758065880115
2024-10-07,-0.0019061340548749512
2024-10-08,0.001967804216783878
2024-10-09,-0.015535840548556232
2024-10-10,0.0008799380782348817
2024-10-11,-0.0047164099708828485
2024-10-14,0.009594237421261902
2024-10-15,0.0008407661319740577
2024-10-16,0.006013761862726723
2024-10-17,-0.009597504164379598
2024-10-18,-0.001492707785804365
2024-10-21,0.0025453236151616898
2024-10-22,-0.00532398069707597
2024-10-23,-0.0007715840966868036
2024-10-24,0.006417714635406971
2024-10-25,-0.006873880810611869
2024-10-28,0.009865782818646803
2024-10-29,-0.005919734119119918
2024-10-30,0.0062570426521100985
2024-10-31,-0.009140710489383246
2024-11-01,-0.01577524913715093
2024-11-04,0.027699722048797504
2024-11-05,0.00044912513261086357
2024-11-06,-0.0006604175747279437
2024-11-07,-0.016077136674558866
2024-11-08,-0.014706705311963582
2024-11-11,0.004915376873903143
2024-11-12,-0.0045489515282462
2024-11-13,-0.004240116279728244
2024-11-14,-0.0009426438234079078
2024-11-18,-0.004885002135146049
2024-11-19,0.005559881931983064
2024-11-21,-0.013548404487641972
2024-11-22,0.018504996335251035
2024-11-25,0.007298520249168909
2024-11-26,0.008807607329660431
2024-11-27,-0.02335425034510527
2024-11-28,-0.03413748834848018
2024-11-29,0.00901162684029741
2024-12-02,-0.006106250918412881
2024-12-03,0.007039240259623499
2024-12-04,0.00037171559485514133
2024-12-05,0.010705596168323228
2024-12-06,-0.02139075974921164
2024-12-09,0.0027920048696553675
2024-12-10,0.014574236982093702
2024-12-11,0.01790573138605964
2024-12-12,-0.03802151108605955
2024-12-13,-0.017448148047720744
2024-12-16,-0.010149426028016356
2024-12-17,0.004185933648092589
2024-12-18,-0.04250187841165011
2024-12-19,0.01257209969364895
2024-12-20,0.010896133581346978
2024-12-23,-0.020469710093852515
2024-12-26,-0.004288371566636113
2024-12-27,-0.007460096234121686
2024-12-30,-0.0010941414809389845
2025-01-02,-0.005989625438215869
2025-01-03,-0.014013049305569231
2025-01-06,0.020730791452097344
2025-01-07,0.009463540452472925
2025-01-08,-0.016708617935851763
2025-01-09,-0.00042096959172852267
2025-01-10,-0.008957172619460437
2025-01-13,-0.002825981235176007
2025-01-14,0.004132296636382796
2025-01-15,0.03520611917829471
2025-01-16,-0.020714110414565588
2025-01-17,0.007615832617669558
2025-01-20,0.005437766354129271
2025-01-21,0.004946043204454526
2025-01-22,0.0043060424476686135
2025-01-23,-0.008010013289093612
2025-01-24,-0.0007426401512611132
2025-01-27,0.02871230275812484
2025-01-28,-0.010012464099299984
2025-01-29,-0.00490386495411766
2025-01-30,0.03221641815073343
2025-01-31,-0.008624242275974926
2025-02-03,-0.0002665086194985017
2025-02-04,-0.008727094918884255
2025-02-05,-0.003225447900385815
2025-02-06,0.009338550627074256
2025-02-07,-0.014651553193358986
2025-02-10,0.010246207798543986
2025-02-11,0.013434536371931179
2025-02-12,-0.020538618214459264
2025-02-13,0.004509934932007117
2025-02-14,0.02988809372108535
2025-02-17,0.008262644229030901
2025-02-18,-0.006961978581504774
2025-02-19,-0.016416960368672927
2025-02-20,-0.0005587443556159291
2025-02-21,-0.007492668691966664
2025-02-24,-0.019896717955262707
2025-02-25,0.0049011477443401605
2025-02-26,-0.01583618106774616
2025-02-27,0.0061226113235930725
2025-02-28,-0.021310782115132584
2025-03-05,0.004514833534829898
2025-03-06,0.003175000304176127
2025-03-07,0.018114990069683496
2025-03-10,-0.007294303049348494
2025-03-11,-0.008952809805169059
2025-03-12,0.005460327572177925
2025-03-13,0.010518225405051306
2025-03-14,0.03132965074814717
2025-03-17,0.011635677273172506
2025-03-18,0.004224124015763584
2025-03-19,0.01172967814069022
2025-03-20,-0.0036664860475444394
2025-03-21,6.422856823300486e-05
2025-03-24,-0.009521478646239024
2025-03-25,0.00955540765086084
2025-03-26,0.006278873232218195
2025-03-27,0.005324952466620163
2025-03-28,-0.010077031543679879
2025-03-31,-0.015323690951817818
2025-04-01,0.007872812142969888
2025-04-02,0.0046335986840141796
2025-04-03,0.00798260826869156
2025-04-04,-0.034909908552071336
2025-04-07,-0.013030841926996129
2025-04-08,-0.011108256026791798
2025-04-09,0.03734339044002119
2025-04-10,-0.009411673075217957
2025-04-11,0.011825140872965288
2025-04-14,0.014936379810986819
2025-04-15,-0.0029636760699326614
2025-04-16,-0.0040203594706369385
2025-04-17,0.012241991224382007
2025-04-22,0.007194606494615096
2025-04-23,0.01164123862725096
2025-04-24,0.025440760715300614
2025-04-25,0.0013334656524598913
2025-04-28,-0.003190433570875043
2025-04-29,-0.0011396034997107145
2025-04-30,-0.005805662196397598
2025-05-02,-0.0009318983727509615
2025-05-05,-0.011699859288673497
2025-05-06,-0.006270081895961076
2025-05-07,-0.005246031126788404
2025-05-08,0.023186833229697276
2025-05-09,-0.010258574480429217
2025-05-12,-3.199680987584069e-05
2025-05-13,0.020674823212263955
2025-05-14,-0.003335802390193646
2025-05-15,0.008709758391908917
2025-05-16,0.004608845601981479
2025-05-19,0.0010729688983461632
2025-05-20,0.0023580035373945932
2025-05-21,-0.018321264104517072
2025-05-22,-0.00030554640976815096
2025-05-23,0.006181725288267712
2025-05-26,0.004022534775157269
2025-05-27,0.014996468681502118
2025-05-28,-0.00258766202124825
2025-05-29,-0.0019966394053841747
2025-05-30,-0.008132046162667017
2025-06-02,-0.0018563039214024074
2025-06-03,0.01176175529688887
2025-06-04,-0.003403385615981312
2025-06-05,-0.005691429811708492
2025-06-06,-0.004083356574416505
2025-06-09,-0.0011735337238329081
2025-06-10,0.006842641409072021
2025-06-11,-0.0003568221371663003
2025-06-12,0.0016263839734179755
2025-06-13,-0.010435139973085211
2025-06-16,0.01702406376193007
2025-06-17,-0.005441589351067225
2025-06-18,-0.0022454412503335754
2025-06-20,-0.015255514901319421
2025-06-23,-0.003326511152047099
2025-06-24,0.005656518371179541
2025-06-25,-0.013120826947520101
2025-06-26,0.009131598079524121
2025-06-27,-0.004489449472248413
2025-06-30,0.015842969218183515
2025-07-01,0.003395060163159664
2025-07-02,-0.008433328180334298
2025-07-03,0.014806601762025402
2025-07-04,0.0028024037203456206
2025-07-07,-0.011421157623419982
2025-07-08,-0.002309494839958268
2025-07-09,-0.014664441941022052
2025-07-10,-0.0031179838616264884
2025-07-11,-0.008822313616928442
2025-07-14,-0.004791562545074167
2025-07-15,0.004350317877444832
2025-07-16,0.0004848496541162348
2025-07-17,-0.00031519555770316825
2025-07-18,-0.019525565399507144
2025-07-21,0.003177460426164062
2025-07-22,-0.0020006875343754555
2025-07-23,0.014139182558161843
2025-07-24,-0.010325730291587462
2025-07-25,-0.000845291583455072
2025-07-28,-0.011764686623681997
2025-07-29,0.002833821084916709
2025-07-30,0.01328841922913866
2025-07-31,-0.011414646527137026
2025-08-01,-0.002408288272659749
2025-08-04,0.0008006336410164315
2025-08-05,0.001016020897703634
2025-08-06,0.011511816423292444
2025-08-07,0.011801961290755841
2025-08-08,-0.0047137063337797
2025-08-11,-0.009522709509934984
2025-08-12,0.014415296662746994
2025-08-13,-0.014737025233172931
2025-08-14,-0.0048995328817860945
2025-08-15,0.0013053546134009226
2025-08-18,0.012476506293103881
2025-08-19,-0.022413824487014147
2025-08-20,0.002254725513789815
2025-08-21,-0.004021863560488117
2025-08-22,0.025570810742091894
2025-08-25,0.00397100876974582
2025-08-26,-0.0020543610162649505
2025-08-27,0.012142822642586275
2025-08-28,0.016259671517764644
2025-08-29,0.003431604522045775
2025-09-01,-0.0019271388115768174
2025-09-02,-0.007950235939985359
2025-09-03,-0.0023017128208929825
2025-09-04,0.01177334574114555
2025-09-05,0.01322220743139939
2025-09-08,-0.007959971320371205
2025-09-09,-0.001779294991291459
2025-09-10,0.0025967145771321667
2025-09-11,0.007540202303524067
2025-09-12,-0.0063820481455258895
2025-09-15,0.00851793342282492
2025-09-16,0.0070627943531522104
2025-09-17,0.010779008087681872
2025-09-18,-0.004308144592018384
2025-09-19,-0.004582907820129522
2025-09-22,-0.01174646004966219
2025-09-23,0.009495839711254455
2025-09-24,-0.0014181855675539352
2025-09-25,-0.01382999877095295
2025-09-26,0.0004830953712110513
2025-09-29,0.004511656361371729
2025-09-30,-0.004874206110871387
2025-10-01,-0.0027220490277276702
2025-10-02,-0.013281572396082042
2025-10-03,0.002246282344721499
2025-10-06,-0.005488103214559385
2025-10-07,-0.01966495334140721
2025-10-08,0.004134527287332132
2025-10-09,-0.005626634436653697
2025-10-10,-0.009146774452347621
2025-10-13,0.006200748098858132
2025-10-14,-0.0016661394918385565
2025-10-15,0.008673094758672544
2025-10-16,-0.007005995924769675
2025-10-17,0.009772019267808888
2025-10-20,0.00708237727881665
2025-10-21,0.0003115165296397277
2025-10-22,0.002518595408060575
2025-10-23,0.008193566886217704
2025-10-24,0.006040213365814142
2025-10-27,0.007982984354465181
2025-10-28,-0.000607798173664874
2025-10-29,0.0035305173369642897
2025-10-30,0.0036196245493754263
2025-10-31,0.004830724060012861
2025-11-03,-0.0009053151992379869
2025-11-04,0.005640719291123353
2025-11-05,0.01636333255930161
2025-11-06,-0.009531312910342692
2025-11-07,0.0009321774386540866
2025-11-10,0.0071932133229205865
2025-11-11,0.01921890552121475
2025-11-12,0.0014785042935016597
2025-11-13,-0.0070959722894219064
2025-11-14,0.0033618322812899782
2025-11-17,-0.007923873495527705
2025-11-18,0.003202996061292099
2025-11-19,-0.008496465316738012
2025-11-21,-0.005484125756700672
2025-11-24,0.003056063657494322
2025-11-25,0.0027683846715914817
2025-11-26,0.014209845839153626
2025-11-27,-0.003760014210766829
2025-11-28,0.0008457969327200906
2025-12-01,-0.006236585011056343
2025-12-02,0.015104754826774182
2025-12-03,0.0032867243957789504
2025-12-04,0.014674183941139476
2025-12-05,-0.04761355833145951
2025-12-08,0.004058474916883166
2025-12-09,-0.0024411962309420646
2025-12-10,0.004913836731509258
2025-12-11,-7.22560199640108e-05
2025-12-12,0.009093051080817356
2025-12-15,0.007483538883128409
2025-12-16,-0.02622679802611677
2025-12-17,-0.011056182267536881
2025-12-18,0.0015229167541181414
2025-12-19,-0.005209116263427944
2025-12-22,-0.008479054491988304
2025-12-23,0.014602728950086814
2025-12-26,0.000557300117094706
2025-12-29,-0.0032370973887561956
2025-12-30,0.003759555710745297
2026-01-02,-0.010160597127460818
2026-01-05,0.006704771738155027
2026-01-06,0.0113512079925419
2026-01-07,-0.009559908064268123
2026-01-08,0.0028855249131347293
2026-01-09,0.003871620022871573
2026-01-12,0.005464242290283719
2026-01-13,-0.011659746137006547
2026-01-14,0.013657542560426025
2026-01-15,0.00015570021044831558
2026-01-16,-0.01120225194776494
2026-01-19,-7.034246747345023e-05
2026-01-20,0.0061908276647797255
2026-01-21,0.03193670996508609
2026-01-22,0.019126308027459026
2026-01-23,0.016826814753489933
2026-01-26,0.0019495212734503588
2026-01-27,0.01897353918080401
2026-01-28,0.01458107699819405
2026-01-29,-0.017767077250054532
2026-01-30,-0.005308895206911619
2026-02-02,0.004471997223240093
2026-02-03,0.013777541315569245
2026-02-04,-0.026624938524596124
2026-02-05,-6.727503447769945e-05
2026-02-06,0.004229451952576213
2026-02-09,0.013601902364555456
2026-02-10,-0.003444766434272632
2026-02-11,0.020875313732724072
2026-02-12,-0.018713150969560107
2026-02-13,-0.00823095629091122
2026-02-18,-0.0004406147729704037
2026-02-19,0.010353415213099869
2026-02-20,0.007804797468421786
2026-02-23,-0.008083929815584503
2026-02-24,0.01698346324389284
2026-02-25,-0.008069722354635019
2026-02-26,0.0038779079955343523
2026-02-27,-0.013886916466147906
2026-03-02,-0.004178335944932745
2026-03-03,-0.034016231665254824
2026-03-04,0.015347527023725055
2026-03-05,-0.02230343595801485
2026-03-06,-0.0068514198157551736
2026-03-09,0.0029463668036743594
2026-03-10,0.01347100672778994
2026-03-11,-0.0035866813657044953
2026-03-12,-0.03258336920272341
2026-03-13,-0.013521513024154965
2026-03-16,0.0127642105746075
2026-03-17,0.0012864483880387762
2026-03-18,-0.009428505051139584
2026-03-19,0.004020875596645997
2026-03-20,-0.024769002690317173
2026-03-23,0.038313527276218055
2026-03-24,0.0029723685060733082
2026-03-25,0.016512466645370222
2026-03-26,-0.016886030939937485
2026-03-27,-0.013956726506583448
2026-03-30,0.004707353322813577
2026-03-31,0.02861965436675671
2026-04-01,0.00276812199655172
2026-04-02,-0.0017227357183603696
2026-04-06,-0.003911212534305357
2026-04-07,-0.003976706767033824
2026-04-08,0.02584504308033995
2026-04-09,0.017221494786328197
2026-04-10,0.004130725427608815
2026-04-13,0.0024521327442574145
2026-04-14,0.007035894893863297
2026-04-15,-0.0035366174821210637
2026-04-16,-0.011244128536065393
2026-04-17,0.00024943351981611747
2026-04-20,0.0031981797744845587
2026-04-22,-0.018931670045438158
2026-04-23,-0.01376896031149452
2026-04-24,-0.0024364746907836543
2026-04-27,-0.011018478830385574
2026-04-28,-0.007026000680397119
2026-04-29,-0.018927398583724078
2026-04-30,0.012988021538225024
2026-05-04,-0.005083303241243139
2026-05-05,0.011122611005219534
2026-05-06,0.010444226573114297
2026-05-07,-0.018442849185665838
2026-05-08,0.0016529395575567618
2026-05-11,-0.01691882027418231
2026-05-12,-0.0032698000021862943
2026-05-13,-0.022268674850029625
2026-05-14,0.008798879604023415
2026-05-15,-0.010759793168514683
2026-05-18,-0.0026322320451060604
2026-05-19,-0.01884757957071919
2026-05-20,0.02689116311549184
2026-05-21,-0.0030636917015058277
2026-05-22,-0.008975364524762343
2026-05-25,0.012614759663302826
2026-05-26,-0.00939392858345219
2026-05-27,-0.0039198265243268315
2026-05-28,-0.004628145628466705
2026-05-29,-0.011837746785236282
2026-06-01,-0.008191078132641078
2026-06-02,0.010910204527228146
2026-06-03,-0.026750037869667856
2026-06-05,-0.009632505984185162
2026-06-08,-0.0041217077086864945
2026-06-09,0.008827712570743418
2026-06-10,-0.011150791032696212
2026-06-11,0.01579002251932181
2026-06-12,-0.003091111212284089
2026-06-15,-0.005082124118907718
2026-06-16,-0.01094969954923421
2026-06-17,-0.013619905606291144
2026-06-18,-0.007703634710555229
2026-06-19,0.0017374266728813796
2026-06-22,0.010536053310059431
2026-06-23,0.004314970349546482
2026-06-24,-0.00030074675963203285
2026-06-25,0.004704744737495668
2026-06-26,0.006971378656220291
2026-06-29,-0.00043389390223651426
2026-06-30,-0.006946725117506224
2026-07-01,-0.005708970807097475
2026-07-02,0.00607174446874514
2026-07-03,0.008550610219744657
2026-07-06,-0.011610580995921436
2026-07-07,-0.001032593613011379
2026-07-08,-0.005501185942741768
2026-07-09,0.020938872406467374
2026-07-10,0.03270093944484146
2026-07-13,-0.01303640512694894
2026-07-14,0.006497919770137016
2026-07-15,-0.004229390961456967
2026-07-16,-0.008285728185250286
2026-07-17,-0.005756287275860877
2026-07-20,-0.008561391216624407
2026-07-21,-0.004024856619181671
2026-07-22,0.022707360838374813
2026-07-23,-0.011078684017401013
2026-07-24,-0.014194152613932321
2026-07-27,0.011327425647406244
2026-07-28,0.006416362782621574
2026-07-29,-0.017727969902486585
2026-07-30,0.014323949035426643
2026-07-31,0.004626586004157326
2026-08-03,0.0031814240713310465
2026-08-04,-0.0034221187639208576
2026-08-05,-0.0007189497244852014
2026-08-06,-0.015069419170111774
2026-08-07,-0.01493200474185914
2026-08-10,-0.010522890250258555
2026-08-11,-0.024513797699409194
2026-08-12,-0.005753689779803422
2026-08-13,0.0005788072440077333
2026-08-14,-0.005102057744699108
2026-08-17,0.0026628423015623657
