,Equal Weight,Minimum Variance,Risk Parity,Maximum Diversification,Maximum Decorrelation
2005-12-05,-0.0020364384996803177,-0.0011220963217439637,-0.001358106732898992,-0.0007238674151332522,-0.0011385746448199009
2005-12-06,0.005216008384128132,-0.0008632872635246595,0.0019189023644626362,0.0014886177929002366,0.0037419426179995806
2005-12-07,-0.012930454764145161,-0.0027193585384488518,-0.007775093301281169,-0.0027193573729971596,-0.004456529230294705
2005-12-08,0.004329503544963084,0.013683959651165109,0.009496950904449556,0.011959876849787826,0.008798927700820035
2005-12-09,0.016612975438543585,0.018657988230303114,0.017841484706926303,0.018753173060775435,0.017950428617304556
2005-12-12,0.006439212485603586,0.008550740272106937,0.007666051626168234,0.007701734937051115,0.006746708161351988
2005-12-13,0.002817859094892705,-0.004129267817224666,-0.00127917781224805,-0.003592224160301358,-0.001096307001271867
2005-12-14,0.0023553924792137607,-0.0002645635368463564,0.0005029397592706919,-0.0016289771965786333,-0.0006283787310484954
2005-12-15,-0.004353482878414953,0.0012813275733324122,-0.0013203587597923985,-0.0005858080497424354,-0.0025448049298416884
2005-12-16,0.008186111145673509,0.011744198254974038,0.010084992727713188,0.010553913545342585,0.009360193472455825
2005-12-19,0.0004305760121300319,0.009690785331408084,0.005317726832822464,0.007945534339832392,0.00538284958277783
2005-12-20,-0.006798296713052869,-0.01667786717670014,-0.012226569036371778,-0.016225495883586908,-0.013564121861795505
2005-12-21,0.005118927727181357,-0.004237245638546026,0.00038793833729156815,-0.0018031463021416,0.0006990688288503218
2005-12-22,0.00508051120202298,0.011278351575305339,0.008380642183023623,0.010453952393751175,0.0088759453224661
2005-12-23,0.0012469242135728247,0.0012142172677714477,0.0014919176186973793,0.0003222623320786919,-0.0005983206033439942
2005-12-27,0.00155444390399692,0.006927499142790021,0.004465683766758708,0.008038336393164282,0.007088499021569246
2005-12-28,0.0011740904868271307,0.0047864481787361175,0.0034162427995352257,0.004127265256909082,0.002510664752356848
2005-12-29,0.003160831811895993,-0.002240813583222407,0.0004193476705972497,-0.00025012175756973433,0.001318505861823211
2006-01-03,0.03331128629122986,0.02813979434181744,0.03116513200124837,0.029620750147615477,0.03020528045296808
2006-01-04,0.0023360058712212795,-0.0066688885574807495,-0.0024323188224298856,-0.004464816999860677,-0.0016341072192108989
2006-01-05,-0.009704988661329034,-0.015531021248332917,-0.0130938517245758,-0.015355304197948753,-0.013361983173698248
2006-01-06,0.019795422380049898,0.018025297127436193,0.01961551370802327,0.019264386500046755,0.01902450449663604
2006-01-09,-0.0005590384491388011,-0.0022160985921344336,-0.0008107903312864693,-0.0009191346881096705,-0.0010961742338305247
2006-01-10,-0.0065140530739841215,-0.004452675447086024,-0.005812228762872605,-0.006459792593256378,-0.0068958550845261285
2006-01-11,0.0162343092087208,0.012155972156447972,0.01412326979774238,0.014286959852465074,0.01596069169382081
2006-01-12,5.341314344298935e-05,-0.0013571260900477325,-0.0003265507012106124,-0.0019358728229477375,-0.0023033451259544422
2006-01-13,0.0061166749291955425,0.0073037448432014315,0.007241362862247186,0.008945608296018138,0.00849103388523891
2006-01-17,0.0022166326320207127,0.00464772531757209,0.0031013467287935538,0.004772345782250016,0.0049597552008329914
2006-01-18,-0.00265072375140824,0.002618923091515536,-0.0002466273883727774,0.0003371799102382798,-0.001113443923291782
2006-01-19,0.02660236881636814,0.014354301161379231,0.021408027139925793,0.017594968198744617,0.01948325579560149
2006-01-20,-0.02347389943011147,-0.026331599919453916,-0.025338335577526953,-0.022307155177434698,-0.019583837136120476
2006-01-23,0.003194957782804487,-0.0003728370388435817,0.002001910068419588,0.00024052716533912155,8.29668771972284e-05
2006-01-24,0.009894428633937384,5.3038971449278634e-05,0.00496627831902281,0.002209765687135187,0.0047992767573425184
2006-01-26,0.012093459977386603,0.005777076301832536,0.009015064223313381,0.006802877698038054,0.008079324232449966
2006-01-27,-0.009030337577450425,-0.006723556578794198,-0.008523473276376916,-0.008077376823551674,-0.007895401230363735
2006-01-30,0.010499184023769939,0.007955800477033738,0.009794415406331608,0.010208750344017707,0.01067559890558118
2006-01-31,0.004502839425878791,4.7807693260095474e-05,0.0027166891939557907,0.0009105154683509295,0.0014383789242249946
2006-02-01,0.0013021047291048723,0.005244374597992362,0.0028337185937927704,0.004305433571651635,0.003947150113043893
2006-02-02,-0.019124679064384167,-0.010950670151043852,-0.014497617104657724,-0.011309609300911804,-0.013795074470858612
2006-02-03,-0.006385041991977042,-0.006637127187150962,-0.006802649168838583,-0.005834996678095557,-0.0052621902585101
2006-02-06,-0.0003483210594172404,-0.007683727180469031,-0.0037006182576090076,-0.006860769336214307,-0.005638118271889844
2006-02-07,-0.027536147858201698,-0.02275439114547623,-0.02640112298808927,-0.025206499211341004,-0.025075920883860188
2006-02-08,0.005926249252995952,0.007717423483729984,0.006716160859844035,0.005954166359417966,0.004884788414063345
2006-02-09,0.003985504979708023,0.0033372705058472302,0.004207244369088254,0.007711613976754817,0.008611916985374377
2006-02-10,-0.010486695224355436,-0.01358425522475361,-0.013042652228476547,-0.01464724084986074,-0.0130556101184333
2006-02-13,-0.015620496363219992,-0.011154529599186174,-0.013912851765668078,-0.015290986527987448,-0.016721580342568605
2006-02-14,0.008249584165481766,0.005745540458378272,0.006945388725947596,0.0077033317080253075,0.008590340141763983
2006-02-15,0.005720824371472491,-0.0006899152286785266,0.0021336008758264966,-0.0003996503834154627,0.001381976042695441
2006-02-16,0.019596266160497346,0.007642711508784878,0.014536216446436842,0.01099351348386485,0.013147580350232667
2006-02-17,0.002530850822423321,0.002709324014609024,0.0028453475279090626,0.004324465094887041,0.004551949643056564
2006-02-21,-0.002134742209869528,0.002526587487196814,0.00028299542829107553,0.0016557803282504242,0.000718384480775319
2006-02-22,0.009395813994276438,0.010720921523391056,0.010032592661826495,0.009470514745141729,0.008498447454829137
2006-02-23,-0.004054575514613575,-0.008201525146411603,-0.006416177121892522,-0.007891443676958558,-0.006612653079919049
2006-02-24,0.008229020033052979,0.008303697839800513,0.00883770772036341,0.009788545540732265,0.009558464085088416
2006-03-01,0.005490503010459291,-9.971307084810009e-05,0.0030295721647433525,0.0030976042357455913,0.004729587051036158
2006-03-02,0.000998596014595347,0.001387492679345676,0.0015065614221711017,0.002583350003064794,0.0023340439736023507
2006-03-03,-0.00158447823661425,-0.0030812666370157,-0.002456021506155815,-0.00271078089517535,-0.0020760858097844765
2006-03-06,-0.018636267605032075,-0.009858516708192962,-0.015151419130815618,-0.013508349588646992,-0.014990778587377511
2006-03-07,-0.006728682574249765,0.005987284809990467,-0.0009467100402626804,0.0015085210616819387,-0.0018590530002719986
2006-03-08,-0.005454826217470727,-0.002404303434086964,-0.004826086079289568,-0.005043654812470426,-0.005286661038548605
2006-03-09,-0.020740378738095474,-0.013703723217038445,-0.017241445020823736,-0.0139578265350436,-0.015296464329699715
2006-03-10,0.006719873058616212,-0.0002667485934933427,0.0029164330264814875,-9.608603501929183e-05,0.0015446722774201031
2006-03-13,0.0003626711613299093,-0.00011454841476002758,0.0006148117364467885,9.042961511179646e-05,-0.00010666687253947885
2006-03-14,0.01647743996243337,0.010068374877906482,0.013673741225306941,0.01139511408770532,0.012431825825400892
2006-03-15,0.012337092190853128,0.006103255301087629,0.009487467277006263,0.00784154306991291,0.009114502157065385
2006-03-16,-0.0035661285271719107,-0.003670492937793905,-0.003503375139379541,-0.003284121227667871,-0.0031129671114721743
2006-03-17,-0.0012123629178474094,0.0027706999496996476,0.0003636563516505103,0.001392750465306118,0.0007703299385098275
2006-03-20,0.007170469596400012,0.0075884001734669426,0.007538134573895258,0.007388161251646168,0.007051328188387572
2006-03-21,-0.012153189232554155,-0.002882703148998449,-0.007899895253654945,-0.005428671973306819,-0.007311696889986639
2006-03-22,0.007520500872270029,0.004094391415353832,0.005554124732490522,0.0042645432503379535,0.004983688723413803
2006-03-23,-0.007785414675680734,-0.0052612727048706506,-0.006517304381228894,-0.0058030096600348935,-0.00626719003771796
2006-03-24,0.010167627122654396,0.010224952975776512,0.0110092917466467,0.011534538857975306,0.010957784072410501
2006-03-27,0.004311342322388111,0.009061041211717708,0.006861363865647907,0.009910268893246312,0.009298834928490728
2006-03-28,-0.009386338991735856,0.003845451492008146,-0.003124768790532938,-0.00031792573126741824,-0.0033400291296273284
2006-03-29,0.020166456351181004,0.012945788919200058,0.01739493038403413,0.015771576119935064,0.016801158945750513
2006-03-30,0.0028510495420754033,-0.0011571451841721834,0.0019325075934242511,0.003912898465313144,0.005104734931549723
2006-03-31,-0.007075834537958488,-0.009080354582093737,-0.008777246162074115,-0.008194956572162753,-0.006907216672685077
2006-04-03,0.012237790108803714,0.00018194808373881853,0.007197603927103312,0.0037993940456452924,0.005914128712946246
2006-04-04,-0.00516865267145548,-0.005762244819195515,-0.005935217606997347,-0.005847957598601734,-0.005127290785025924
2006-04-05,0.008102196207402474,0.006630076045931231,0.007638179097749239,0.006864180603383104,0.006873693525441221
2006-04-06,0.004893012012097594,0.0022368534317152014,0.004109827787007924,0.004329917675065982,0.00482983903080921
2006-04-07,-0.009154317393053038,-0.0064737443598056246,-0.008025631113185801,-0.007076434661937762,-0.007366579060317277
2006-04-10,-7.356394535366708e-05,0.0063903890059723075,0.003571440261348553,0.005987517767619686,0.004304086546691514
2006-04-11,-0.014155266775776219,-0.014134646142644319,-0.014214907062681472,-0.014412561685551844,-0.014521457266485018
2006-04-12,0.003540907197591423,0.00289473731480251,0.0029429146616806573,0.0053271080829657945,0.006527360376744183
2006-04-13,-0.0009158829177019054,0.0005983573183701744,0.00020051326940990916,-0.0004428339185497909,-0.001389266324444156
2006-04-17,0.010308835007898993,0.005600823049878271,0.009456600507989563,0.009988402758132363,0.010910564439216936
2006-04-18,0.02414806882037321,0.0164381529710485,0.020610917970606914,0.017499175246665576,0.018701639556054934
2006-04-19,0.00980636095242457,0.005175259218810545,0.009084405311110554,0.009728275079621818,0.010646777514709679
2006-04-20,-0.00865077721937193,-0.007414201202207653,-0.01012691814019042,-0.013661422321568943,-0.014110090025498744
2006-04-24,0.00029333714272507786,-0.0003375448788942605,0.0005419021840743346,0.0015331765282315076,0.0017279627271337662
2006-04-25,0.0026840176498540034,0.0038679637518856127,0.00426983022691269,0.006476609968785067,0.006431255821081804
2006-04-26,0.011763832675782846,0.007107729153089142,0.010042694085413249,0.010463583855190806,0.011693214577038234
2006-04-27,-0.014010534915675879,-0.007411906364441437,-0.011840003024539438,-0.010799621241797128,-0.012025300894171162
2006-04-28,0.009998768275127011,0.004517500804005299,0.0086014908441892,0.010382163560308797,0.012011046758835367
2006-05-02,0.012097210703535083,0.002799068939243811,0.009104702282680354,0.007703649715775275,0.009503127971232577
2006-05-03,-0.0026212106805695843,-0.0032680788996543243,-0.0028075297712042042,-0.0028052206439660426,-0.002669748437933862
2006-05-04,0.0038196004547985606,0.004362134042727356,0.0046468985728296795,0.005610316234819371,0.005503641601268113
2006-05-05,0.010873429995646543,0.006254861035249933,0.008987647820081178,0.006526092221149662,0.0069886203668387496
2006-05-08,0.0020698375922310205,0.0009110307031310383,0.0014369332085617723,0.0002841239320439951,0.0003562436724050433
2006-05-09,0.012655380084714226,0.010660098522896223,0.013023592491242937,0.014912185937433372,0.01545951754751037
2006-05-10,-0.0039930411729865185,-0.001407088758386041,-0.002445688818758743,-0.0003806083177869839,-0.00062540060582249
2006-05-11,-0.007555175800053755,0.0011497751114661204,-0.0023384078419160575,0.0010162784627773074,-0.0010023181408464438
2006-05-12,-0.0025573251315261394,0.0047478429494674165,0.0016595117836214974,0.004021415730065986,0.0021468299536405114
2006-05-15,-0.01653827947849821,-0.0013783729828386261,-0.012278843021375411,-0.0122159235087022,-0.01552424900346232
2006-05-16,-0.0033042825387493914,-0.009363046894963438,-0.0055478503019618635,-0.005481729186842891,-0.003567428712276344
2006-05-17,-0.015036196708867985,-0.005100983372433592,-0.009591962146575102,-0.0061808344782007035,-0.007983838026723125
2006-05-18,-0.0133987174477967,-0.007743701678359904,-0.011442607572833611,-0.00894553164748263,-0.009595393940105484
2006-05-19,-0.0007141073792663922,0.0016024452095187373,-0.0010619687161277337,-0.0032769558604398346,-0.004879572157847505
2006-05-22,-0.0011650711115276258,0.017588366747124613,0.008512322821698018,0.012340821704242784,0.007666717689689651
2006-05-23,-0.012936450444422586,-0.013259608838113111,-0.01205371236659541,-0.009914918803935318,-0.008805883310542967
2006-05-24,0.015090958088935603,0.03109446583120885,0.02122794679339671,0.021111132264899673,0.015785469576092562
2006-05-25,0.019981462352175305,0.0037005390551334066,0.011438165432349325,0.008394724727566666,0.012527525575633029
2006-05-26,0.004097035312248633,-0.0091007775654945,-0.0024220451506388376,-0.00484113657247213,-0.0013205776264640368
2006-05-30,-0.02107633794533437,-0.003940873152582728,-0.011265912455074816,-0.007800127783323642,-0.012350144688379255
2006-05-31,-0.004252898132156322,-0.0027210508710243052,-0.0050202374843900084,-0.0051950628710182726,-0.005519855743332599
2006-06-01,0.008927191880563424,-0.0002214772640570297,0.0024673949866406216,-0.0010905849697824275,0.0007354378404719247
2006-06-02,0.002272620746967301,0.001909989285768535,0.002540090467799128,0.0037678354972430993,0.004494087763904257
2006-06-05,-0.02319555593883185,-0.019225000006563332,-0.020626372178696426,-0.019063804408651304,-0.01983347393119808
2006-06-06,-0.004614931146381471,-0.0003939158039337166,-0.00360124984109647,-0.002126693746456987,-0.0029027046397297404
2006-06-07,-0.03117113762949419,-0.020496617965634057,-0.02644803139902627,-0.0218216514251801,-0.023168901842119737
2006-06-08,0.001826912878489841,0.003367097495357022,0.0013585653013695037,0.0008252727266940041,0.00020345344382218387
2006-06-09,-0.010817488238464262,-0.0086396665885848,-0.009990546735000296,-0.009382248840020103,-0.009695816495991251
2006-06-12,-0.030080082802051367,-0.015973744760330495,-0.023241889102931634,-0.01863409658377366,-0.021162339387529754
2006-06-13,-0.026872692248336244,-0.014795410454555803,-0.024676943354160753,-0.02303931831275686,-0.02577446185036689
2006-06-14,0.003901402896119396,-0.001468187759467043,0.0015268523394382613,-0.00264850193253855,-0.0027103569829199253
2006-06-16,0.034588707381432535,0.016389955505774365,0.027060908792731795,0.02123893233185763,0.024491589120390848
2006-06-19,-0.02247214091960956,-0.01654843834045197,-0.02073269953065322,-0.017978790295205403,-0.018339517209392125
2006-06-20,0.00660814337094871,0.006008613552573381,0.007644248771289856,0.006118930980918606,0.005309716952211703
2006-06-21,0.021658956776658182,0.010911476896837344,0.017198399996554994,0.013465199167151169,0.015284456255077293
2006-06-22,-0.005625780355295003,-0.005808452498621418,-0.005833810634548942,-0.006511208554255353,-0.006797923251072579
2006-06-23,0.007073199252503085,0.005918947333355304,0.0066158744432718375,0.006782351062652299,0.007318566221797232
2006-06-26,-0.0031078513660223474,-0.003468573567774087,-0.0033257363881700032,-0.0031691451400096145,-0.0029107787715422907
2006-06-27,-0.00947175658353791,-0.006852027786021177,-0.008643439058213052,-0.007079504903694285,-0.007189741208249971
2006-06-28,0.00941306252690643,0.005111698193586629,0.006989898074902521,0.004894569365981478,0.005320079063898887
2006-06-29,0.03743101831685367,0.02382644700365281,0.031412040262992824,0.027343465345881276,0.029886046872615812
2006-06-30,-0.0007664962617051891,-0.007201088978064699,-0.002731803161932334,-0.003171606029111331,-0.0011526848759924224
2006-07-03,0.018073318627308984,0.012866003165995414,0.016222620718992047,0.01463592050141842,0.015638302087606613
2006-07-05,-0.00895337439544139,0.0005810687359850775,-0.003507775217262594,-0.0007669136991432907,-0.00287133221446799
2006-07-07,-0.0045628413501734065,-0.006110518992026837,-0.004877917835294034,-0.005652006594603274,-0.00559323753899717
2006-07-10,-0.002086252986629873,-0.001126591535284745,-0.0023319165487264313,-0.002151081968550671,-0.0023568194848605237
2006-07-11,0.01663256822296975,0.014688980064590546,0.016868170864867072,0.01690960952795303,0.01744444922174619
2006-07-12,-0.00540672260265194,-0.0028841061364586903,-0.003251637128342578,-0.0004977910847338589,-7.229964574416726e-05
2006-07-13,-0.012894408728094579,-0.007378655525125878,-0.008960569052640234,-0.006207713782871082,-0.0068606083075499254
2006-07-14,0.003064189368455713,-0.00037643339160989443,0.0019994976878460846,0.0005320245277833633,0.000848229807495537
2006-07-17,-0.01862472169687974,-0.010567600685730268,-0.016555177365614484,-0.013781944581971744,-0.015044746932922964
2006-07-18,-0.0017772550099351954,-0.0037743384160156515,-0.003978241143483461,-0.005010225094561079,-0.004730027890998686
2006-07-19,0.02995777221211845,0.018123567617845164,0.024324027044722026,0.021371350814117018,0.02403879712843585
2006-07-20,-0.01907382735267449,-0.011944234966128698,-0.016252614617545368,-0.015293128630295217,-0.017237605105103457
2006-07-21,-0.008615171203119268,-0.007421975783675647,-0.008257260693413274,-0.008361337975082869,-0.008803358126970695
2006-07-24,0.017078886978940444,0.01339627254295559,0.014547610204704036,0.010818826242252907,0.010255913300334811
2006-07-25,0.011444544028766724,0.009059830391879992,0.010514289194150157,0.00977095272453965,0.010210711704558676
2006-07-26,0.0006311683603004033,0.0010298441288810588,0.0011928466436244307,0.0013950104497208618,0.001341673392541427
2006-07-27,0.005732730401083075,0.001195399343397724,0.004147018647995564,0.0036796917284276655,0.004930100740339471
2006-07-28,0.007748060106955694,0.006469991583892279,0.006689442093386028,0.006366071337439894,0.006699634345267056
2006-07-31,-0.005219774374406582,-0.003925243875389007,-0.004424354758747657,-0.004133357628311986,-0.0044372253881046105
2006-08-01,0.0014429620972809829,0.003269176771277042,0.003464382225127064,0.005032649571612037,0.005132930391125571
2006-08-02,0.008490347076994533,0.005380770959127329,0.007038439646714685,0.006041047375013511,0.006640778148305097
2006-08-03,0.001586286728557299,0.0015194547236288035,0.0009441508487872479,0.00033656008628664386,7.030691693366753e-05
2006-08-04,0.00431964955862562,-0.0015517966854648657,0.001605034519288457,0.00014338053058490118,0.0014002102712481737
2006-08-07,-0.0003817608654918752,0.0008381521996132971,0.0005295261797803231,0.0009932862626566418,0.0007876617877072708
2006-08-08,-0.0032255574414891074,-0.002911727731969603,-0.003351468071221706,-0.0033525674021402598,-0.003491050328483779
2006-08-09,-0.008426296635430675,-0.007789509464475457,-0.007617958205379931,-0.006322684210212027,-0.0058788656558818346
2006-08-10,-0.002771163514777223,-0.0031297615285620687,-0.004140293188153834,-0.005464027220538494,-0.005981425706706903
2006-08-11,-0.009795476017090932,-0.00640457006811266,-0.00847883503381219,-0.007539315231945269,-0.00819226369098701
2006-08-14,-0.008962657242204151,-0.0040105269497499865,-0.00708146560707486,-0.005621834405794058,-0.006549428683412618
2006-08-15,0.010741875297907745,0.007244777944507893,0.008220738690407896,0.0066565203086138,0.007139792461115878
2006-08-16,0.007905651916491148,0.003952886117702673,0.005972336226049147,0.004423262246580333,0.00492861375805019
2006-08-17,-0.007336817737293492,-0.002369106643924466,-0.0062821674891952745,-0.005704599903476299,-0.00696120844369601
2006-08-18,0.004352051045395024,0.006103897524309494,0.005060288807654577,0.004783981956268411,0.00401203124719728
2006-08-21,-0.005274496889673345,-0.004714139546913204,-0.0038764163752892876,-0.001913874793388241,-0.0011539967210792584
2006-08-22,-0.0073957012163216596,-0.004595032115746676,-0.006031610967319529,-0.006322336418248514,-0.0073443264366255725
2006-08-23,-0.02103213930030304,-0.010389391965800137,-0.015888644677454454,-0.01290991072637313,-0.014838070205453456
2006-08-24,0.007143600503392049,0.007203320708632655,0.007056183603160003,0.007233796508824471,0.007281261713822215
2006-08-25,0.0038286581272651866,0.0035630538719468962,0.003607635878604651,0.003546335098810945,0.0035814337036827824
2006-08-28,0.00410314793121905,0.00021126818791934238,0.0014724562435544078,-0.0007422761718128909,-0.0005707843059845827
2006-08-29,-0.0020277880436288674,-0.001868908999589031,-0.002074631816275703,-0.002150142697207665,-0.0022569201944303927
2006-08-30,-0.0007678636798771916,-0.0013895821305739229,-0.0007402834840280208,-0.0002837981566849845,0.00019722156159739026
2006-08-31,0.0029149181787797283,0.003699989064642412,0.003938500298991203,0.004855467187142962,0.005005415333552594
2006-09-01,0.019254904938553582,0.013392837036678318,0.01593412790693907,0.01414481857719093,0.015175327228317081
2006-09-05,0.006441934703001155,0.0047863104164099545,0.006522806803770569,0.006604666030240972,0.007096569479292273
2006-09-06,-0.013461630352522567,-0.005526687279821934,-0.00988491646365594,-0.006762314452322358,-0.007776882465412198
2006-09-08,-0.007775994859725097,-0.0031794170789267813,-0.007331967965525108,-0.007640202040553073,-0.009315244744939877
2006-09-11,-0.018553060627678853,-0.005016425029355803,-0.014014286082349269,-0.011570310928229001,-0.014736127884761875
2006-09-12,0.008158685584498957,0.007123095143649671,0.007071640488844332,0.00582658186365622,0.005502989735329356
2006-09-13,0.009636224996957774,0.0049140120698408524,0.007721168450537686,0.005760623258808616,0.00635407545643036
2006-09-14,-0.014438769553816051,-0.01048265199886656,-0.013884613577196362,-0.01368455731699459,-0.014874692188468756
2006-09-15,-0.0009532127306190912,0.00024544102038888074,-0.0004381729137778914,0.0004355333834728602,0.0005141240045498634
2006-09-18,0.007871474248896702,0.002317491456011095,0.005995531682986554,0.004669713083894141,0.005819678032067751
2006-09-19,-0.013433094099306082,-0.0064566038798830605,-0.010984535234386045,-0.010195445677000942,-0.01223140450282588
2006-09-20,-0.005171167551949299,0.006050472004239562,0.0002528231027587248,0.0031959879099874885,0.0009526696971697192
2006-09-21,2.5448280484122352e-05,0.00645211587197603,0.0038151782265725474,0.006640848384747058,0.006068550561952623
2006-09-22,0.005279301018946271,0.006702860952721138,0.006463297207597996,0.007411924002094683,0.007428695322612598
2006-09-25,0.0035811155769810733,0.006243588165409272,0.004437264606065874,0.005124124908550962,0.004582424828224832
2006-09-26,0.012921607820172546,0.0038074928232454943,0.008341081047623386,0.005597249931088109,0.0071645493737845685
2006-09-27,0.0068795955152355474,0.001104905543162782,0.005043781138282549,0.004045186013417442,0.005606668929642413
2006-09-28,0.005779113998984895,-0.00031540284219154464,0.002906151156529627,0.0009386388734428048,0.0019101239516689597
2006-09-29,-0.00385300750238102,-0.003395109406716449,-0.0039015684762194205,-0.0036985954701497683,-0.0037399606153627704
2006-10-02,0.003987133228795913,-0.0037221061532979314,6.169094188425617e-06,-0.001590658357826016,0.0001337144252705395
2006-10-03,-0.01901380045806349,-0.006820002354042957,-0.015240097740819353,-0.012717526833948712,-0.015704544931700877
2006-10-04,0.021045078253389027,0.0138393221381935,0.01646067886153529,0.013185600045618072,0.01373259641902401
2006-10-05,0.005804226029485662,0.0023701363890385363,0.004670700891328934,0.00378004736300926,0.004541525687215295
2006-10-06,-0.0002627971867830611,-0.000548657862206644,-0.00026383434658271317,-0.0002781298486058518,-0.00017448695808519127
2006-10-09,0.0065627157156548585,0.0019527846996834197,0.004453115094055919,0.0035302578885600634,0.0046225606222899274
2006-10-10,0.0027058832566786008,-0.0015597621737537101,0.0005666291025378047,-0.0012515789850435293,-0.0008058408250629545
2006-10-11,-0.004033390214786569,-0.001227918682325624,-0.0026466487914356576,-0.002200156487857801,-0.002915157171043744
2006-10-13,0.015859762518075617,0.00998913179662263,0.014104189223351254,0.012719409054596847,0.014065076655471785
2006-10-16,0.005397545155119018,0.0015253678226078823,0.0038667631341311286,0.0035727369495985456,0.004791648096783021
2006-10-17,-0.008236064279495775,-0.004143814145770869,-0.006761848329158653,-0.005370083574107549,-0.006078989997946981
2006-10-18,-0.0021457397922755375,-0.0013666931281249156,-0.0016747763970258213,-0.002138347519922007,-0.0026370832745925676
2006-10-19,0.0074026833596409,0.006152065556697254,0.00745043478304518,0.007784781148117274,0.008496748409993591
2006-10-20,-0.004185866847936642,-0.0004686018878783714,-0.0029615190350588076,-0.002725066542140644,-0.003966353193203552
2006-10-23,0.0028757208125204797,0.0012275458991786194,0.0008688710800136418,-8.763816161233589e-05,-0.00014684307657511866
2006-10-24,0.00866173975782548,0.007214805569793278,0.00836187034224971,0.007727310532210228,0.007940774280821017
2006-10-25,0.00867619851938222,0.005556005100497671,0.007926035274098544,0.005981767930846004,0.0060205501217439495
2006-10-26,-0.0021756341037426708,-0.0015994258839862267,-0.0019162512000467356,-0.00037294857500961887,0.00030333006499727
2006-10-27,-0.005846628951071764,-0.004917639082676403,-0.00504423744454878,-0.004195187816690462,-0.003994167186692826
2006-10-30,-0.004093889465661702,0.0012004765093469162,-0.0012170646520431748,0.0009692245279506705,0.00041104546526328213
2006-10-31,0.007727935355812268,0.0018461236707156094,0.005266526088935001,0.0035111390120423185,0.004520789444200177
2006-11-01,0.008827966627607839,0.001445140362702391,0.006275083661413937,0.006666696269821733,0.009538382755526485
2006-11-03,0.010777375476381778,0.0039081878631593014,0.008349627284498617,0.0072953102737581274,0.009107469570976814
2006-11-06,0.01227382559697551,0.008963433394250975,0.0099106133659593,0.00787786161578179,0.007811202085663975
2006-11-07,-0.0038199590947070833,0.0008017183391887285,-0.0017988328129498101,-5.859974672506372e-05,-0.0006472898591183401
2006-11-08,0.006380097983834599,0.004707034854094525,0.004963710477444803,0.0026601372121905597,0.0018459396323606283
2006-11-09,-0.0035940984490257996,-0.003625336052802294,-0.0018393855953522682,-2.0205510712844408e-05,0.001223065705489054
2006-11-10,-0.0005854158805624281,0.0014670691403811348,0.0001067972034800001,-3.121636202945746e-05,-0.0008324952246375253
2006-11-13,-6.941696774702809e-05,0.004955682361955318,0.0018267484754447678,0.003053529530603215,0.0019269264739287418
2006-11-14,0.007884994857515225,0.004083089356543577,0.005277074184906853,0.003380665787788523,0.003548012247286342
2006-11-16,-0.003963672112807045,0.0012432592259285391,-0.0021284264663141866,-0.0007050160098993622,-0.0017244807568357987
2006-11-17,0.0024037776752770606,0.0033454460002184574,0.0033196812402678634,0.00354674314087797,0.0033884589020629534
2006-11-21,0.011659118115235338,0.005625606601643568,0.00915976898885393,0.007368424321037997,0.008414372556209436
2006-11-22,0.00426278680177197,0.003137568140471748,0.003746042988941789,0.0038938403740268876,0.0044239923768126695
2006-11-24,0.0015180126053512906,-0.0008422887350925721,0.001324517130653423,0.0014281002825067086,0.0024947794684445817
2006-11-27,-0.014733407302237128,-0.009720065517723772,-0.01168379611386058,-0.008658464839698104,-0.008431325470568811
2006-11-28,0.007267064680749328,0.0056890947639506835,0.006430330821331405,0.004596498181832976,0.003969159511060826
2006-11-29,0.013565148845773898,0.00801113502442039,0.010385863618819064,0.007355744981480716,0.007440515224727348
2006-11-30,-0.0005973480349116212,-0.0015436003968625272,-0.0003435485205838773,0.00095824392659702,0.0022433082890998307
2006-12-01,-0.00879524575126282,-0.005221020076579078,-0.0071283940326834685,-0.006464980751382008,-0.007365290043518679
2006-12-04,0.019813530412386572,0.013036916103229837,0.016205992687976813,0.01402665014598783,0.01506817553832794
2006-12-05,0.004972138680028195,0.0001947102030792087,0.0024306681668483797,0.00023631489081279246,0.0005928071241980077
2006-12-06,-0.005929731066617094,-0.004255887813267647,-0.005854228718943948,-0.006132629612936933,-0.007000544647765897
2006-12-07,-0.006175231420224387,-0.00729522986220788,-0.006570927410707202,-0.006333690075242171,-0.005760933954301889
2006-12-08,0.0011416325466559996,0.0005712929763990267,0.00045911916273651374,-0.0009488294422910231,-0.0016893338435880825
2006-12-11,0.003714719075174232,0.0026737373436236302,0.003296488075113559,0.003863491505755441,0.004604147279037503
2006-12-12,-0.0026071194488785894,0.0013383329321886039,-0.000793791884486811,0.0005066342132239612,-0.00014164817393492963
2006-12-13,0.003259637206134942,0.001263383670077412,0.0022239716299180755,0.0015644994042827178,0.0018596068007537912
2006-12-14,0.006345006495608634,0.007438713990865674,0.006205878397421849,0.005915766669884273,0.005242174947164177
2006-12-15,-0.0028317898105668956,-0.0027541040113003307,-0.0032783823545318265,-0.0052106499138276675,-0.0064806993890012135
2006-12-18,-0.0038025101010465768,-0.0021362080242129638,-0.003079603242824887,-0.0016823294790862151,-0.0014484050297551426
2006-12-19,0.006738581635498076,0.006842449602656961,0.0072437739184205395,0.007666489379249318,0.007938912798042864
2006-12-20,-0.0009202806661389945,-0.0016252069800614416,-0.0011336159566033546,-0.00196894017038504,-0.002153886972870428
2006-12-21,-0.0015038721621368385,-0.0022972323123972398,-0.001804550038812884,-0.002369945213250971,-0.00241829375050339
2006-12-22,-0.0027139283138493007,-0.006256426312010423,-0.0040383387421187075,-0.004296505516776903,-0.0030776384963332477
2006-12-26,0.00384208208043883,0.0028354562917185812,0.0033512137614108476,0.0030808768232310968,0.0032923670361213442
2006-12-27,0.016333290435834372,0.011565358682698642,0.01402404807728631,0.012251341547423616,0.01287946343559805
2006-12-28,-0.000947809997382564,-0.0044308924015211215,-0.0019446461394131735,-0.0024157254152678354,-0.001229769059087449
2007-01-03,-0.0027990005483178905,-0.004182486972747038,-0.00359930576586871,-0.004302052537944092,-0.004270909907540725
2007-01-04,-0.006738618580645556,-4.558809510389907e-05,-0.004170577463243621,-0.0026685334791916996,-0.0043576937205876
2007-01-05,-0.028075111111278715,-0.015892817717970457,-0.02278777211912131,-0.020745275139218814,-0.02407377158873533
2007-01-08,0.01163711112945506,0.007830909961625122,0.009997320101795153,0.008544986670627822,0.009093996708522015
2007-01-09,-0.011817307959870614,-0.004015894020793851,-0.007923682850367448,-0.004814817242635228,-0.005667257127634246
2007-01-10,0.005125644643178002,0.005119605581777835,0.004689988595645801,0.004440700558165979,0.004143440720678869
2007-01-11,0.0035263505568851558,0.001368984424718658,0.002348922317987863,0.0016087415928152024,0.0019159319105170978
2007-01-12,0.01291517914767534,0.008806106215118644,0.011773576532971178,0.011164879313154337,0.012479576992928313
2007-01-16,-0.006613983060233564,-0.0027825596939656445,-0.00481796488754278,-0.0038420721423557892,-0.004641264896998029
2007-01-17,0.0007031718389413022,-0.0011449364178210803,0.00018287787935871003,0.000587673834909411,0.00163336622487366
2007-01-18,-0.00666412927966242,-0.005086199869443688,-0.006148457023566935,-0.0055408080346660326,-0.005814814146291274
2007-01-19,0.016333002075816647,0.006942050950495956,0.012457235189729361,0.009866968187459248,0.01187223290578549
2007-01-22,0.0012161622073281896,-0.0012078199846117395,0.00010037061495219743,-0.0009326221031430425,-0.000671386833227585
2007-01-23,0.018115466900367822,0.009704875625332596,0.015315959184000133,0.012866822424324655,0.014712421982216428
2007-01-24,0.005923354032940337,0.00493752655772092,0.005149833336894116,0.00482558936131171,0.004941277480726712
2007-01-26,-0.005775912113809303,-0.007034899335103334,-0.006034180980300039,-0.005795583737451609,-0.005096264882647984
2007-01-29,-0.013624252131136248,-0.005420027144598927,-0.010049025517498573,-0.007478639425227438,-0.00897049838921117
2007-01-30,0.00809712235460471,0.005341865462140134,0.006827611212132494,0.0061902305172106065,0.0068397328328974275
2007-01-31,0.009015779150431958,0.005265610778220782,0.007270764462861967,0.0065477263974746715,0.007529970410884204
2007-02-01,0.0022212116437758324,-0.00031938814218493135,0.000971527652734932,0.00017103543981774146,0.0005783657456891632
2007-02-02,-0.0037019820649527076,-0.004728263463610314,-0.004808533928387074,-0.005647321148567806,-0.00591990456473443
2007-02-05,0.0033923158900586296,0.0007695754326546992,0.0020208403895243406,0.0014435769506849871,0.001998883325966059
2007-02-06,-0.001133323040114243,-0.0035310239049645246,-0.0020193382943872037,-0.0020864736352509817,-0.001105531302192703
2007-02-07,-0.008874653104090802,-0.0013815947081479768,-0.0053895584629353056,-0.00375416973142548,-0.005584716781979059
2007-02-08,0.008666383393901538,0.00627112233945416,0.008101307925428364,0.008154265127613353,0.00925790343858664
2007-02-09,-0.006015840779005335,-0.0030306722061552585,-0.003989321668870802,-0.0022357715840535986,-0.002087986402274646
2007-02-12,-0.0051030322711483386,-0.0006580931268769951,-0.003197812065826042,-0.001914764953410499,-0.0028551877966105452
2007-02-13,0.017475999398248645,0.009327221703961332,0.013282288244441297,0.010817282242674737,0.01223814027970958
2007-02-14,0.008769517619943617,0.005449472889988762,0.007121946094784035,0.007021165733317741,0.008284224332849388
2007-02-15,-0.001687010911427691,-0.0032350578533606018,-0.0024592838772400168,-0.003047095557860309,-0.002868852141722306
2007-02-16,-0.0006507025003577275,-0.00020792804706142964,-0.0004734005563657345,-0.0004839364731618766,-0.000705296686341215
2007-02-21,0.0019048078131528759,-0.00015631053090553763,0.0012466262713076671,0.0019336148023210448,0.0033002667807629253
2007-02-22,0.0026973096721084975,-0.000705830823736102,0.0010726285573744846,0.00013619431289833923,0.0008738777281708068
2007-02-23,-0.0008775005898226977,0.0008270124003569859,0.0005046428385883261,0.0011434418099400107,0.0010236848408388846
2007-02-26,0.003297407796081154,0.0006876683178098849,0.002324732817744193,0.001903890369320256,0.0027090492643744592
2007-02-27,-0.05361669357652058,-0.03609864458567167,-0.04528464226726775,-0.03993135228701547,-0.04310195702901778
2007-02-28,0.01728447919185252,0.01558819690614162,0.016606071135778954,0.016503500467553892,0.01707886511980906
2007-03-01,-0.005373751281864838,-0.0020996718604481767,-0.004046100065769995,-0.0037016417635968137,-0.004818842276985501
2007-03-02,-0.026819437624237448,-0.01787188306244337,-0.023582902328606662,-0.02146613765316757,-0.023755224345614962
2007-03-05,-0.017218492061939778,-0.008527663205072198,-0.01322378977514873,-0.011445531438649912,-0.013670903762345232
2007-03-06,0.03377507985586495,0.015256791844750761,0.025415280351355086,0.019796625293349922,0.023316883066508257
2007-03-07,-0.009067125466128192,-0.005852428619692818,-0.007418073577000077,-0.006328000159489557,-0.006797668040320608
2007-03-08,0.011657701023210159,0.006466236298294699,0.009053516917601843,0.007306872224526583,0.008129261283363668
2007-03-09,0.006281441324213347,-0.0007824965101450028,0.0028097868953652102,0.0007928391527142135,0.0021452510644095362
2007-03-12,-0.000353956664692622,-0.0015199097445184428,-0.0009680531514290755,-0.000938891009403612,-0.0004908790061700387
2007-03-13,-0.02540587673655466,-0.018077916276183367,-0.021617623452735085,-0.018990070321546856,-0.019977708519389556
2007-03-14,0.012796043070322762,0.01088611018872939,0.01176220174647868,0.01059421483245033,0.010476113875086072
2007-03-15,-0.003248294924990807,-0.004418020426719934,-0.003829437667709633,-0.003972537708912489,-0.00360006563156478
2007-03-16,-0.00598535009452936,-0.0021180696849481834,-0.0037360883597158763,-0.0018702808442311609,-0.0020350255719689255
2007-03-19,0.01273282556687702,0.007126093402893176,0.009764559090641967,0.007851000282578001,0.00870924464995826
2007-03-20,0.011015369857317114,0.006166662844424154,0.0088377414669667,0.007576815784660211,0.00861430317847658
2007-03-21,0.020904747946992555,0.01346593432807953,0.017171992438834154,0.014390511923707695,0.015344349343446733
2007-03-22,-0.005181581249040878,-0.004403653993418269,-0.004799475228244475,-0.004437482261817692,-0.004460115976490152
2007-03-23,0.0020761045558922863,0.0019323430868236414,0.0016520229613716188,0.0006236960907472215,-0.00010463674667863486
2007-03-26,0.002783140626833903,-0.0009142045179161237,0.001614805417656103,0.0010215274009928263,0.0022144413034252864
2007-03-27,-0.006839283521556536,-0.002028358679437238,-0.004679662012562819,-0.0029768912333679423,-0.0037326135087626653
2007-03-28,-0.00792778571515927,-0.0034893563736181884,-0.005401482546278183,-0.0035146267264611897,-0.0038910082241100413
2007-03-29,0.008735312961984034,-0.00412150956488728,0.0026699281605044095,-0.001998220653793279,-0.00012082083534333992
2007-03-30,0.0027223246533030466,0.00025344291737681984,0.0015801046484087457,0.0016354559057137868,0.002693591633841747
2007-04-02,-0.0010792366058548731,-0.000599155637610634,-0.0008962531431842518,-0.0011056210206538055,-0.0014753923143942644
2007-04-03,0.009493187182182389,0.004813252138658599,0.007011300458577021,0.004814620728453666,0.005109489520617291
2007-04-04,0.005445208290038719,0.001852631063710301,0.004517926612834414,0.0042991883417928325,0.005650239608781859
2007-04-05,0.0034595877462818263,0.002796735457510167,0.003130213851899843,0.0024092168577174726,0.0021897476609519574
2007-04-09,-0.0010370376416595551,-0.0035034310765473774,-0.0024139849565245355,-0.0031966523114546307,-0.0028124074910554045
2007-04-10,0.007276749829697299,0.005290118242867317,0.006779324421759844,0.006646992578767262,0.007378396674600944
2007-04-11,-0.004482120224698761,-0.0015065071412092206,-0.0031378448880419177,-0.0016247111856862607,-0.0017849385887827634
2007-04-12,0.007218924000410217,0.00559820245768703,0.006289945265937243,0.005254048677847497,0.00516690273890286
2007-04-13,0.008301116027909295,0.0008664671024098527,0.005355581580708398,0.0036456039431061724,0.005379615269858469
2007-04-16,0.018167001356145025,0.015330956069584534,0.016935412867044926,0.015933804489877273,0.016389458029346514
2007-04-17,-0.0024664416502221767,0.0007706983447356967,-0.0013809289075161863,-0.001015942482974055,-0.002041508415960421
2007-04-18,0.0003203034970207017,0.0024310594475017854,0.0013586683972027452,0.002529040320932116,0.0024816311288506296
2007-04-19,-0.0043565019964078265,-0.004489005683573332,-0.004997227688028999,-0.005344256518146408,-0.0056173791795969515
2007-04-20,0.012851497389969982,0.009054736861393256,0.011529128694937496,0.010730457222321622,0.01169797499762868
2007-04-23,-0.0054485470282757895,-0.0031768488246665034,-0.004543776425053353,-0.0038091386650404495,-0.00418183254408126
2007-04-24,-0.00031368027777338924,0.002791000614667476,0.0006252656893610434,0.0009751852623887493,-7.93900728081785e-05
2007-04-25,0.006323413106983786,0.001946495427540565,0.00413110835872264,0.0025402636147895258,0.003137712138968277
2007-04-26,-0.009526771974293972,-0.002665239628147112,-0.007217812003689185,-0.006327302826965649,-0.008461129693881526
2007-04-27,0.004464106102604027,0.004594123725418912,0.0049290036194456635,0.00592177997588504,0.006557424811823301
2007-04-30,-0.009175170864557188,-0.0069737960200515455,-0.008287532574818526,-0.006579970510880548,-0.006339705914442655
2007-05-02,0.006662225203972408,0.0030408808364737762,0.00449790408043409,0.0021036574417131627,0.0018421177736028063
2007-05-03,0.012598116720930034,0.006459905751879954,0.010327458549110869,0.008698406926378816,0.010060993521446788
2007-05-04,0.009337637690644144,0.008444335862212026,0.009229046886003624,0.009195591714410437,0.009576614066581847
2007-05-07,-0.004573893634060687,-0.0022852264416987145,-0.0036103378147835092,-0.002793433148726976,-0.0031439425004559374
2007-05-08,-0.001828607456112754,-0.0036800696712902064,-0.0027542678118912707,-0.003696774388906325,-0.0036331518340924356
2007-05-09,0.01244251574058416,0.002861406862756746,0.00807647712269527,0.004234402155109458,0.005312852817062412
2007-05-10,-0.020838199898529565,-0.013923159459125452,-0.018371860031550585,-0.01652224883258618,-0.01804743475348521
2007-05-11,0.011778418708381993,0.007725221353865994,0.00997210297501027,0.008318224510975076,0.008744155898880347
2007-05-14,-0.008034201176861646,-0.005343550518304713,-0.0069738286557486815,-0.00575477772849169,-0.00602162484456224
2007-05-15,-0.0027727023102474707,-0.008664646665034586,-0.005142733087253835,-0.006834556762137986,-0.005683280008990728
2007-05-16,0.003938567299240281,-0.010164497408850596,-0.002938543601712757,-0.00789823648784321,-0.006007730071229747
2007-05-17,-0.003112222971340962,-0.0037093525735170095,-0.003585573879865031,-0.004315900210412749,-0.004605180371513009
2007-05-18,0.011234606396188491,0.01096360979860727,0.011119489577824278,0.010383054895623904,0.010026627101830917
2007-05-21,-0.0016156564428309009,-0.008081668417169296,-0.004320957016239982,-0.005477781192599857,-0.0037964215656646504
2007-05-22,-0.006232596720574975,-0.00344393484999861,-0.005351219508076748,-0.004374772765377607,-0.004883378527596084
2007-05-23,-5.232941586512493e-05,0.003772506718914635,0.0018195566757276136,0.002702422196967683,0.0019038381089487757
2007-05-24,-0.01658247798311055,-0.003988475556183073,-0.011358778435483649,-0.007583476396532714,-0.009920230265510728
2007-05-25,0.01110860529752029,-0.00016977253033879534,0.006182912599508619,0.002902216365608404,0.004968536529692232
2007-05-29,0.0030852491003276385,0.004043359009401213,0.0033858983157754852,0.0034925209332346335,0.003155471836287427
2007-05-30,0.010220430709844493,0.006842161375599895,0.00819648535888957,0.006325938433690743,0.006228047532873511
2007-05-31,-0.004960647457917177,-0.007228227238164171,-0.005383038559150943,-0.005024072973781156,-0.003805458820686354
2007-06-01,0.012145447007654804,-0.002387602474736556,0.006382539618494663,0.0024565224908727895,0.005521435184376156
2007-06-04,0.0026737350244166397,0.007345130098866847,0.004750987580396981,0.005722994934918604,0.004650948845480936
2007-06-05,0.002227761686373031,0.00483174933138578,0.0034093331601699074,0.003969275810011644,0.0033697692649872933
2007-06-06,-0.00919420930814405,0.00015247132603898205,-0.004697645291837286,-0.0016718254962028913,-0.0033071398277134973
2007-06-08,-0.00704154404211474,-0.008187616132971809,-0.009129632763927097,-0.010414818449586295,-0.01057416407081071
2007-06-11,0.004032280911846285,-0.003964875125074122,0.0010552944193571077,-0.0008959292758979162,0.0007696460845674584
2007-06-12,-0.01612742099569726,-0.014060959253365006,-0.01515540792194451,-0.014575487031815089,-0.014974168320816383
2007-06-13,0.017682442711553264,0.015395740666477604,0.016271252641034666,0.015333958801371665,0.01565712615212383
2007-06-14,0.00814499213425078,-0.00013507755487424716,0.00442178993566627,0.00135389856643643,0.0025130418038602953
2007-06-15,0.0067948438399142155,-0.003117190547057906,0.0025803800731727506,-0.00031143139248735244,0.0015182126840594388
2007-06-18,0.0009778174225309934,-0.002440339836223548,-0.0002933012271723618,-0.0009145947596167572,-8.090128398388743e-05
2007-06-19,0.0005121881099102756,0.003543491012931719,0.0020162687861298824,0.003571161495711954,0.00334258264193045
2007-06-20,-0.009758448236986572,-0.006811987576884654,-0.00840389532825402,-0.007234540967776031,-0.007592525593340051
2007-06-21,0.00822302555938849,0.004767531766032402,0.006312393851392606,0.0046633243160942904,0.004940766634484932
2007-06-22,-0.0031169798028970073,-0.0005837759612437627,-0.0013408581761039126,0.000362375379880967,0.00039285679471599903
2007-06-25,-0.0046471185274156645,-0.0027741646682662873,-0.003896833307174153,-0.0031154340034003827,-0.003301221773496297
2007-06-26,-0.005820025500379512,-0.0050020814784809825,-0.005685923614486158,-0.0051218503578269285,-0.005095541489316788
2007-06-27,0.009121468536169105,0.01124913846605713,0.009312150974968245,0.008091498862838177,0.006702301290506383
2007-06-28,-0.005402618258934886,-0.009253629098220303,-0.006570293985802307,-0.006085243516780919,-0.004531248632757711
2007-06-29,0.003862716745546917,0.0007538001794801034,0.002630679896441072,0.0013177898145857925,0.0016929339648154667
2007-07-02,0.013097020102811885,0.006501681055733574,0.010463790243982547,0.008871481207084479,0.01023689207171489
2007-07-03,0.002685323798335086,-4.475739372126647e-05,0.0011742436268914363,-0.0003011346581889592,-0.00011562005228917357
2007-07-05,0.004083891907336106,0.001383666859023952,0.002838051544494738,0.0012187866263396114,0.001189473721385481
2007-07-06,0.005417883843607764,-0.0007754548681121892,0.003390437655950591,0.002080336618490351,0.003262573283385053
2007-07-10,-0.007430293216743626,-0.012329808983623621,-0.007862621155241334,-0.007021004692545954,-0.005008767916789782
2007-07-11,0.006947979019585782,0.003102410134721682,0.004985751117138298,0.002342769277229658,0.0021206453805723384
2007-07-12,0.01757620121899906,0.007557613607516837,0.01362734723813723,0.009434653191207449,0.010304581862514353
2007-07-13,-0.0010323206078695476,-0.0018896901804082201,-0.001505740616378894,-0.0019166827483295585,-0.001898644296477018
2007-07-16,-0.005291150731908978,-0.0025793185937627054,-0.004404488593902714,-0.0036775965766673046,-0.004112789530000481
2007-07-17,0.0027296440658102967,-0.0019959059908282277,0.0009938920315957641,-0.0005405338963936121,8.422022036056701e-05
2007-07-18,0.0012808231037336577,-0.0001660077632106989,0.001591804696886653,0.0025056586170468112,0.0034856725703132246
2007-07-19,0.0063224061269374415,0.00024628085509258423,0.004324542211735207,0.0028066227764727385,0.0038751529401912575
2007-07-20,-0.005034685321508777,-0.003552176674514268,-0.003551534339088205,-0.0016202794371813778,-0.0009935002191298445
2007-07-23,0.00457494532829789,-0.0061883515216647365,0.0004894423137945436,-0.0034277866831103473,-0.002204605709345199
2007-07-24,-0.027872461006133747,-0.0106499195129914,-0.02068076582368269,-0.013572078254469664,-0.014997884080642765
2007-07-25,0.004517757941430159,0.006784205347719611,0.0046071844569465364,0.003948475825130343,0.002852414022117855
2007-07-26,-0.02335209640806045,-0.0013765533084677964,-0.015230376064756017,-0.008676480981317186,-0.011834803492976885
2007-07-27,-0.013509802429570705,-0.016589427824190595,-0.013914799324883187,-0.013655635290030844,-0.012577057040517703
2007-07-30,0.015007004088002016,0.00025767021939030523,0.009404075587806293,0.005079092017049747,0.0072347492068179165
2007-07-31,-0.007147829519242326,-0.011302687051641155,-0.007954782784030357,-0.008006650857286784,-0.006726305553838981
2007-08-01,0.0016638415409488865,0.008693561805908294,0.004067737033044871,0.006390133638447571,0.005438977172108618
2007-08-02,0.00461433622201178,-0.00011089064475158352,0.0024204229206847695,6.372180080537441e-05,0.00022753934405952188
2007-08-03,-0.024074095310407825,-0.015713806372068456,-0.01881740443776899,-0.012145102822497032,-0.011026031944086905
2007-08-06,0.014108631926097303,0.027766407568321855,0.017668038973051137,0.01885431563897472,0.015455882407034277
2007-08-07,0.00986618505292853,0.006605095135245221,0.007921899711108802,0.005907027267917803,0.005882714070002218
2007-08-08,0.014059312822493637,0.0006156777004503755,0.008598360938816852,0.004467476387120773,0.006379138760544283
2007-08-09,-0.02354246258413788,-0.01072282338176029,-0.018162353208277016,-0.013687804919285621,-0.015233178785579204
2007-08-10,0.002911357245492792,0.018618169179544796,0.009901927553627978,0.01535389618409092,0.013398710320581387
2007-08-13,-0.007073706158243996,-0.005380446161113231,-0.006867952883082836,-0.006596152083117574,-0.006919489545842589
2007-08-14,-0.010415736162293368,0.008411598740949829,-0.0025959382660355667,0.0032167972040629414,0.0005622077518681207
2007-08-15,-0.022970913606310674,0.0002037327170706971,-0.013611079389301266,-0.005007377166503439,-0.00755089280977396
2007-08-16,0.012183475384189962,0.053646100672778266,0.024905966760107704,0.0304499592029167,0.021091698188414665
2007-08-17,-0.005680678024840459,-0.019638105289547035,-0.011542499940103854,-0.01560309127624525,-0.013500170421494026
2007-08-20,0.0054289691845529646,-0.005847094360772852,0.0015941131537553419,-0.0009456854797633393,0.0011104774395471774
2007-08-21,0.008492415847297156,0.006552112748609877,0.007657291989464627,0.007252906938350111,0.007626811369538069
2007-08-22,0.025366989767630802,-0.00015205318043311377,0.015466583177871964,0.007022950315563619,0.01031126829070995
2007-08-23,-0.005342254278640205,-0.012663124935595458,-0.007934856410432333,-0.009466575550241493,-0.00806423222702172
2007-08-24,0.018308994299032648,0.008033036051697166,0.014425844231493424,0.011041867996038322,0.012353181778610067
2007-08-27,-0.01283926801077371,-0.026315138575711224,-0.01701567441144804,-0.018680943415692215,-0.015544499378756715
2007-08-28,-0.01630387121231317,-0.0003050352198067994,-0.009352359193252521,-0.003170186381717068,-0.004822061280416536
2007-08-29,0.02258313152255249,0.017492542029431308,0.019681415675793797,0.01586559136793909,0.015460366880201934
2007-08-30,-0.0033542710341191075,-0.007371716709902976,-0.004803521211168002,-0.005478418859136266,-0.004619429372369835
2007-08-31,0.02051332819680151,0.0022932362950264015,0.014054045853550775,0.009522675359100551,0.012622890876584391
2007-09-04,0.012801355022689923,0.009672077391277739,0.011756959771169476,0.010601214449195363,0.010930383235941286
2007-09-05,-0.00703439077000676,-0.0018015614516764598,-0.004302685183937773,-0.0026573568255833053,-0.0037632008509601556
2007-09-06,0.006010929732718745,0.002729358952287394,0.0056805648903739585,0.005735760936235299,0.006281042237066901
2007-09-10,-0.02042815361140598,-0.00931378090478255,-0.014364616545267718,-0.009944346533245508,-0.011945455730818563
2007-09-11,0.011344421469168885,0.0006663359035601623,0.0070092752178946465,0.00520226116443865,0.007551992019759282
2007-09-12,-0.0031878079151599595,-0.006818289125813288,-0.004829075347374576,-0.006109250240011431,-0.0055295588338894145
2007-09-13,0.007592250583205358,-0.0012257401499276082,0.003343377106935088,0.0007183921040399035,0.002487762814049984
2007-09-14,-0.0021867981755869658,0.0011903940062534966,-0.000985196028798238,-0.0003458417763112247,-0.0010405499331197887
2007-09-17,-0.0009911055474332786,0.003908096340770028,0.002168633762492537,0.005296641890921423,0.0048306654991023415
2007-09-18,0.0344758135380162,0.018336291584423327,0.026826473580627216,0.01992040579480132,0.021910895576441568
2007-09-19,-0.003836200519965519,-0.010929552109066666,-0.007267103759512775,-0.00844781759675099,-0.0065244591389725685
2007-09-20,-0.001340394486321543,-0.0003345879399143308,0.0005431020133565245,0.0027920634655968554,0.002898384818649398
2007-09-21,0.009564662075871979,0.0013871668364501815,0.005758472719758534,0.002804030744816832,0.004049064759502849
2007-09-24,0.01357997155649082,0.004397624475614742,0.009961614493187165,0.007012965068361344,0.008318050319875706
2007-09-25,0.00017340353176435912,-0.0025126021121400412,-0.0008236382074302247,-0.0012471876353172663,-0.0007277393942318513
2007-09-26,0.005063985045166328,-0.0037212296822545484,0.000960540144973884,-0.001748433421598841,-9.90686047822655e-05
2007-09-27,0.014971829377998284,0.005159057756146764,0.011234072255064623,0.009208075141635805,0.01111518705688256
2007-09-28,-0.006259146937528355,-0.0013252312142649702,-0.003468197275340512,-0.000677813872633935,-0.001212093942174524
2007-10-01,0.0207582178800595,0.004459533349660037,0.013789090517994557,0.008642381615576976,0.01122168639218923
2007-10-02,-0.007136109042706729,-0.006587322781062677,-0.007937593424232179,-0.009382171454240034,-0.00966436371488694
2007-10-03,-0.023226901529023847,-0.005311804979716454,-0.01625443711303411,-0.011387308491050126,-0.014326406475301666
2007-10-04,0.0065302694996475785,0.00555705268794658,0.006690578513759541,0.0071899193526423774,0.007350216212688412
2007-10-05,0.020270660195031064,0.0038613768675618138,0.013097648742122138,0.009010523506730444,0.012124210336719407
2007-10-08,-0.00029753977843664206,-0.0039055549711606227,-0.002200113500776004,-0.0030742553638569035,-0.0020756728087901605
2007-10-09,0.013208280636939448,0.008298881441745806,0.011025796433000213,0.009268323585309168,0.009921190566028757
2007-10-10,-0.00388997123531122,-0.0034601347989009273,-0.003355609934064551,-0.0028545506011738615,-0.0030012590930848107
2007-10-11,-0.01233004648893034,-0.008251231581077654,-0.00981352781320345,-0.006758408033951276,-0.00700515502490001
2007-10-15,0.0151175082294817,0.011937141690590326,0.015067850019051369,0.015063947671146556,0.01500094902778359
2007-10-16,-0.009834145689948805,0.0005552347143828876,-0.004955287484115962,-0.0023901391941636187,-0.004636130490244303
2007-10-17,0.010074604149417918,-0.0025584399078059645,0.003944139253940341,0.0006894601921644843,0.0034561829097027544
2007-10-18,0.004190853544961428,0.0008081754863756596,0.0041752969056268905,0.005139311187859638,0.005462662393466745
2007-10-19,-0.036575255059721666,-0.026473324212700152,-0.03095530497818373,-0.025083192968643184,-0.026202751307163877
2007-10-22,0.0073725608120814475,0.011236653821730277,0.007653025834778049,0.006004720269290544,0.004988669039954962
2007-10-23,0.014634110758302003,0.0007425634046457103,0.008763469281494192,0.0057331794496564845,0.008383847042711024
2007-10-24,-0.0016306925589132154,-0.0018903324724304537,-0.0013812043760413333,-0.0006866261495787428,-0.0005277996797363671
2007-10-25,0.0015852795327807624,-0.0007734953140265228,0.0009471254578816899,-0.00042511822735343327,-0.0006884790278135722
2007-10-26,0.02202603639413892,0.010120096680509278,0.01768302659700075,0.016493637660697693,0.019020211740755206
2007-10-29,0.006790425077157788,-0.0025946863757147233,0.003059644592249873,0.0011898321536486628,0.0029660588508846147
2007-10-30,-0.013544450632732742,-0.010396099673807745,-0.012583851476744129,-0.01146214443054387,-0.011656173166153227
2007-10-31,0.013689651394421857,0.007096826654454033,0.011309235785695917,0.009910723946282599,0.01087527009282142
2007-11-01,-0.020016306707424596,-0.018427035943123827,-0.01824014494916625,-0.015476283712091022,-0.01536634103892387
2007-11-05,-0.005107262214503168,0.006370511731982484,0.001270783806989639,0.005950739575469511,0.003485324283113622
2007-11-06,0.017589666183404386,0.005553770875905732,0.012949672189095473,0.010912220072175698,0.01314711453484406
2007-11-07,-0.014530444615724716,-0.00943178912822097,-0.010099878370477862,-0.003891403346852866,-0.004560690428162828
2007-11-08,0.01081733425643555,-0.004913875258768631,0.004585202787118448,-0.0012539111824044925,-5.609072316224099e-05
2007-11-09,0.000954797156692449,0.0013523766142976771,0.001930544674886382,0.0058301713686143225,0.0070964764886852945
2007-11-12,-0.04044988799961023,-0.01574616403536592,-0.031889599797413265,-0.028723523467930362,-0.03214564371232888
2007-11-13,0.03143077670985118,0.01943871186154184,0.024962267922098456,0.016495797523919796,0.016817687832039185
2007-11-14,0.005167760966657988,-0.00818892218908852,0.00042666044562503593,0.0020971177685750546,0.006067523616165266
2007-11-16,-0.007594380360439666,-0.016058532642673217,-0.012414676399875825,-0.016384052076370247,-0.014643762536028847
2007-11-19,-0.021863637889668563,-0.005286370056804631,-0.014292637605233994,-0.01044335644937275,-0.013979926214906874
2007-11-21,-0.010671321757181579,0.008811487600142227,9.50573019012277e-05,0.008253959972581862,0.003909771933505657
2007-11-23,0.020346343334792863,0.028504398381636174,0.024225296206626615,0.025124153588090385,0.02262265647258659
2007-11-26,-0.023802851682819218,-0.008412752231602837,-0.015593847403026473,-0.008495537038447616,-0.010929227819341695
2007-11-27,0.01953335213842854,0.020318032678562293,0.018254421751647095,0.012587205812518189,0.010932185325763025
2007-11-28,0.01804324894451452,-0.0039975998318038265,0.006339038499779307,-0.002017681051534157,0.002785134332295534
2007-11-29,-0.004320826691418082,-0.01005579426067376,-0.0077119983569517835,-0.00941621097494005,-0.007437387564689252
2007-11-30,0.00573589504827958,-0.0005833100110621346,0.0017160889228873036,-0.0016658700818005068,-6.15762698179979e-05
2007-12-03,0.004147911892838453,0.0036544032180710444,0.0050497250956315015,0.007031266093905472,0.007004737855208101
2007-12-04,0.01205656955472979,0.017415359961364302,0.015725519766355125,0.018969472170141194,0.0175270181204638
2007-12-05,0.010295918936455303,-0.005117180505062116,0.002206054932949237,-0.003689254599394159,-0.00040144708894169096
2007-12-06,0.012810119398756523,0.008364922825838525,0.01068381616673029,0.008855396989317756,0.009526449976367691
2007-12-07,-0.011408838583447985,-0.016412797672137804,-0.014105510412011971,-0.015219852828684714,-0.013620088381164287
2007-12-10,0.003172054671386872,0.009999508225124165,0.006681620956002643,0.00901812980327252,0.007517739020889111
2007-12-11,-0.020325515829864246,-0.0197997645882519,-0.019168628086237694,-0.016020982493204553,-0.015288679109506587
2007-12-12,0.014109829183789432,0.011297841283410097,0.013387712570568306,0.01178624770703326,0.011037404346681335
2007-12-13,-0.019778422107085653,-0.008296584189607178,-0.01606027787799649,-0.01688435685759994,-0.01930766406004575
2007-12-14,-0.0035917182764850487,0.002685325268605949,-7.257254803440818e-06,0.0032406964179480607,0.002334714792274473
2007-12-17,-0.027122647161173248,-0.007919266562043795,-0.018156610949812045,-0.01354956603730461,-0.017309802263527074
2007-12-18,0.01810223232925736,0.009407813617911974,0.014721847494968864,0.013376122842830815,0.01467360451294238
2007-12-19,0.0034899423267816883,-0.0018310184675670873,0.0013912997183593676,0.0012958643598000908,0.0027878444978733873
2007-12-20,0.003200052569270888,0.0013237509697864378,0.001737550382848793,-0.0008270302594413598,-0.0008777822371509319
2007-12-21,0.01851662159380197,0.013685002007243612,0.016414676846491803,0.015568375025240208,0.0163461559848438
2007-12-26,0.01468158625151716,0.008294234271400884,0.012355326486334067,0.012020029180723962,0.013221331832829452
2007-12-27,-0.011675422480789586,-0.013380021685201474,-0.011735447979482118,-0.010164447441483879,-0.009597180695638958
2007-12-28,0.004272354931822694,0.00694935456371572,0.0065657108820598616,0.0093936323578656,0.00890278864780304
2008-01-02,-0.008047388825857978,-0.002872290388024033,-0.003817171567854306,0.0005641416047850496,-0.0009367729476131347
2008-01-03,-0.0047357299873030945,-0.004553286413477939,-0.004237168893956621,-0.0022391304122349608,-0.0017083275544363095
2008-01-04,-0.025067589153699683,-0.019770919936793908,-0.02161845398911009,-0.01832405435880283,-0.01942805005329679
2008-01-07,-0.0024951032006233598,0.003374278882306538,-0.000462540330527231,-1.6892053448950354e-05,-0.0011106675700388504
2008-01-08,0.006844757976250744,-0.002770741723229271,0.005105858856399403,0.00979204649214197,0.012712023266181779
2008-01-09,0.017804217413123723,0.012426039663555889,0.014474830249696164,0.009288239346779045,0.008859364577174657
2008-01-10,0.010385084147310588,0.00896153656047789,0.010383324460269296,0.011797081568973248,0.012217906721427661
2008-01-11,-0.019778671362297492,-0.011141559528950466,-0.015242612035084892,-0.011803296618001039,-0.013228550611608105
2008-01-14,0.0027104542017144665,0.002431589777222012,0.002703423666375195,0.0030832076672212276,0.003214922598642405
2008-01-15,-0.03143174249594996,-0.021076649380963885,-0.02669355360069543,-0.023730770051131705,-0.02556518867858014
2008-01-16,-0.017140563755669466,-0.0037421757491472043,-0.011792949504221743,-0.008697147457700848,-0.010757429204143755
2008-01-17,-0.024583946660597124,-0.015460743648126433,-0.0194553471857587,-0.014963391619310892,-0.01650986739647809
2008-01-18,0.011994868641610042,0.00781871530552068,0.011072950823858545,0.010950288247894112,0.011097147589164075
2008-01-22,-0.021803457033511928,-0.017791282114105075,-0.019020047408577455,-0.016060886477193854,-0.01663229729417903
2008-01-23,-0.006314091131670823,0.010229402121397831,-0.0004402904095949634,-0.001781905332343986,-0.006628339271180307
2008-01-24,0.03018523269349674,0.009361214956599268,0.022350007086274354,0.022153104374208102,0.02790179574490727
2008-01-28,0.01808655776633522,0.010211482015535886,0.015525148106459849,0.014914040935982661,0.01617162926607458
2008-01-29,0.002362942371768013,-0.004391451798357629,-0.0013479100063993649,-0.003121244815995728,-0.0012489891732393782
2008-01-30,0.006463079632078681,0.0038288484310064026,0.006262282407184815,0.008234507744972504,0.00934655689554737
2008-01-31,-0.005911391414175095,-0.005360615677877086,-0.007182581634558121,-0.011160521683093644,-0.012341065405526739
2008-02-01,0.00719537388954724,-0.003750875620931077,0.0005653185197132715,-0.003925235435489099,-0.0009081312216253681
2008-02-06,-0.03291915970696929,-0.02642620058432454,-0.027968822253047743,-0.021908575646828517,-0.022700321443264025
2008-02-07,0.011911080641854073,0.011463593179150591,0.011909862267528902,0.010388805367037656,0.009338551301910233
2008-02-08,0.003329858098224628,0.004329381931616594,0.004726509083650343,0.006773866504157872,0.006634880793750529
2008-02-11,0.016369495394571894,0.003934318185583615,0.010821614357717153,0.007947045398299062,0.0103686097155842
2008-02-12,0.0027485992384839995,-0.006549474608497637,-0.002806443047237409,-0.006472983669098012,-0.0039016383679407454
2008-02-13,0.011547693612013616,0.006396493915473366,0.008950315286389596,0.006720746329015018,0.007495767726622125
2008-02-14,-0.010048501726407881,-0.004620692832262177,-0.007059216050395759,-0.004375248309201087,-0.005168741288023245
2008-02-15,-0.002124951217404191,-0.0002349562529001516,-0.00163371891769188,-0.0026867673212193828,-0.0036374492791051054
2008-02-19,0.016350513313227746,0.010424216818665106,0.015072373397591805,0.015806637841260046,0.01681456923334984
2008-02-20,0.02015426989424243,0.012874996605524094,0.017473882144357928,0.016414997547416803,0.017527307424954643
2008-02-21,-0.010921255007613118,-0.01592569111122239,-0.012818227338264307,-0.012092551558648619,-0.010339257173481331
2008-02-22,0.0067181831270076335,0.0021012859902114194,0.00442712750226561,0.0033476843802592335,0.004435103414106625
2008-02-25,0.005954971099303338,0.005064665603060027,0.004751809460867354,0.002943309467116227,0.0030075066297410194
2008-02-26,0.0022241632603628267,-0.001056549254260126,0.000918058582644297,6.42288228962544e-05,0.0005333348100877525
2008-02-27,0.0025736560326363924,-0.0036847175144299133,0.00038138406193269684,-0.0005330363352695198,0.0005063884006870582
2008-02-28,0.0019425355574963978,0.0010687600098637318,0.0026100981511487063,0.003932530184057903,0.0040900096539558594
2008-02-29,-0.02583913716543886,-0.009080545742186714,-0.017559015846114415,-0.010711336376102863,-0.013360932272812981
2008-03-03,0.01130618793253885,0.004550720235612453,0.008682629783852742,0.007861899161241795,0.008969029292835036
2008-03-04,-0.019329267230257203,-0.01656495447992516,-0.01895802765251542,-0.018351769859330822,-0.01818609842987088
2008-03-05,0.01806723914243755,0.014022205206123694,0.017191134017678928,0.01684604392983302,0.017148153180311026
2008-03-06,-0.025140294986144677,-0.017372887929379667,-0.021229904934897074,-0.017829448688114168,-0.01869357167516129
2008-03-07,-0.009428591619359238,-0.002983816783083886,-0.006336514191293931,-0.004903978622931745,-0.0064916469806626294
2008-03-10,-0.015566805145643597,-0.0037495864678712596,-0.009752811421692415,-0.007026351972012601,-0.009797938900722393
2008-03-11,0.03150109622587676,0.020124178107258486,0.024991545618687584,0.01939579049403941,0.021316571814920093
2008-03-12,-0.006238208832730492,-0.008282532416345008,-0.006320588543893845,-0.005007810460807109,-0.004402476831750134
2008-03-13,0.007850467780775411,0.015348677483684974,0.011654371090614112,0.014238885666145904,0.012775295865172322
2008-03-14,-0.008394010995661694,-0.007592349027198188,-0.007145874449470696,-0.004696549009015538,-0.004289097410584763
2008-03-17,-0.012880454516402424,0.007015254675070351,-0.00363710206668987,0.0013912625627857137,-0.003019153816757103
2008-03-18,0.01568491292828792,0.0008039716806915127,0.006093106436824135,-0.0020448690487942997,0.0009668175020535504
2008-03-19,-0.04858876896665477,-0.03179516548472788,-0.04171668269220058,-0.03703447562520672,-0.039387325837138304
2008-03-20,0.011237247207645962,0.012906803292312186,0.009895682776861123,0.00547633769674279,0.0041832115864985035
2008-03-24,0.011327865681450673,0.010851573847025238,0.01052622660008871,0.009429141447437603,0.009649476188775121
2008-03-25,0.021793939074023126,0.012749808781606966,0.01897226441535949,0.017577185419691287,0.01880427055859499
2008-03-26,0.0026083788748968765,-0.002738002770812737,0.0012521975181764863,0.0008055383416567361,0.0015000375064366227
2008-03-27,-0.008080864179374567,-0.0018533723989509082,-0.005341961502796565,-0.0033849548804449456,-0.0042847899625344885
2008-03-28,-0.005728697392178461,-0.006543157949515015,-0.0063772149655747165,-0.007112491324320907,-0.007002837022252942
2008-03-31,0.003207231190124931,-0.001925353347415596,0.00024990583764726977,-0.002321000836970428,-0.0013611928564469691
2008-04-01,0.018827026191351987,0.00560416519487871,0.00984269133547581,0.0014150896601970143,0.0034372618411232982
2008-04-02,0.004170160003901151,0.00036626873967893437,0.0034655419072832996,0.004780321056617997,0.0058237706493881524
2008-04-03,0.008166860294560315,0.0028397764089128294,0.0056537518627676146,0.004403461513290506,0.005400935833229601
2008-04-04,0.0007816462782146711,-0.0026018902567586776,-0.00040204810312776426,-0.0003385933669543251,0.0004019705403773643
2008-04-07,-0.003326867265093205,-0.0025956677845645733,-0.002495753322853864,-0.001813883166857683,-0.001928718441630407
2008-04-08,0.004727736661584696,-0.0007957781564237399,0.001987168083057421,-0.0005904385195360268,2.4007505145126096e-05
2008-04-09,-0.010531495106430555,-0.005178168120220014,-0.0069107524552031166,-0.0039819098871590325,-0.00499961648956174
2008-04-10,-0.0021429088947531394,-0.004317870208535957,-0.003386769119368931,-0.004229939426375578,-0.00374563690261955
2008-04-11,-0.012578064517227127,-0.01031611896374704,-0.011027117988491285,-0.009512430784640303,-0.00990957229369788
2008-04-14,-0.000595287774076682,-0.003889134539720679,-0.001659502135880646,-0.004255648879402175,-0.004557173457773172
2008-04-15,0.006171626013396892,0.0024383012812517644,0.004722573826281335,0.0036788925206115712,0.004205616666145781
2008-04-16,0.019651411630685386,0.01642711602671534,0.017657900993000086,0.01670848302989621,0.017449064902011837
2008-04-17,5.639826305118364e-05,-0.006986553873628347,-0.0033597528500649964,-0.00576877945080279,-0.004473751194634309
2008-04-18,0.004086037874765451,0.0021344202972917474,0.0020332293645339205,-0.0007070159865884731,-0.0005001354416518082
2008-04-22,0.0006003374307267525,-0.007463693682359267,-0.003174735403699699,-0.005458469147076868,-0.004169607930569019
2008-04-23,-0.006846864372846468,-0.006588746679521053,-0.00709413204872591,-0.007377025533334779,-0.007488059882940833
2008-04-24,-0.008534484343266405,-0.003905983994319341,-0.0074168300582204425,-0.006062618360766291,-0.006390861641838916
2008-04-25,0.008618705861229274,0.005638546926730045,0.006970158609313162,0.005531985089216777,0.005802154094726454
2008-04-28,0.006052601321045802,0.007221233506982894,0.006813521469772089,0.007581704810598498,0.0076338175143550804
2008-04-29,-0.014029179905468566,-0.002066620216610748,-0.00898852068396929,-0.006868552343414567,-0.009263419934139872
2008-04-30,0.03177731899985993,0.004644296186563999,0.01911554448533493,0.013341186646479814,0.018323591622219835
2008-05-02,0.0013567595629553392,-0.014803340390422954,-0.007878282314279554,-0.013278742750186057,-0.010430106521302279
2008-05-05,0.011375884538257476,0.012168913914764623,0.012541592167730936,0.013847171326325111,0.013954086392595516
2008-05-06,0.006266211505392131,0.006957366982826479,0.006678360583592604,0.005751573881922772,0.0051506151638645165
2008-05-07,-0.013670034224133038,-0.008019158910217013,-0.010660166999859947,-0.008602112076640142,-0.009313571638864157
2008-05-08,0.01572392188214115,0.017267776676608303,0.01700279149231773,0.017663039566652987,0.0171725364508239
2008-05-09,0.0015808600089472773,0.000562659925698848,0.001322350140795213,0.0006181085651644916,0.0004996291057706031
2008-05-12,0.0019274072240839785,-0.005589962872834208,-0.002168903070425195,-0.004513084203464574,-0.0031888110027705973
2008-05-13,-0.007656835527790653,-0.015350048172068937,-0.011738759037710253,-0.014455856088969014,-0.013146948538768235
2008-05-14,-0.002584175359646944,0.0013885445794501396,-0.0008953140446013208,-8.216905218219726e-06,-0.000738742290426088
2008-05-15,0.019075001080256095,0.015647250982282746,0.0177501501857228,0.016925642615922314,0.017415670272255195
2008-05-16,0.012120071483709013,0.005629959882602354,0.009873862109887869,0.008862574263936015,0.010043109610527252
2008-05-19,0.00767886577541453,0.005458769653488629,0.00681715916574427,0.005994537809449299,0.006318969548833529
2008-05-20,0.007827037819128586,0.009550667956972734,0.00956304486953756,0.010178550291276794,0.00960641771616148
2008-05-21,-0.013350103814571608,-0.008682167893838404,-0.010140808818276541,-0.007733381866125083,-0.00824644745611228
2008-05-23,-0.01090806032811677,-0.008182882493455628,-0.009702940658528152,-0.008249998631720821,-0.008491906683565453
2008-05-27,-0.0061302478226165314,-0.003152820167385683,-0.005585352421297372,-0.005601272685548502,-0.006197382003328868
2008-05-28,0.016945311418951076,0.004172249812976738,0.010508464362000123,0.006975677019586705,0.009096973507356046
2008-05-29,-0.02224933412758584,-0.020171664549326198,-0.02267839016736401,-0.022505221918890744,-0.022773223424962963
2008-05-30,0.002907362563539358,-0.0024639391046445873,0.0005694953112323305,-0.00013498118773929227,0.0011071972781714872
2008-06-02,-0.00469677229322008,-0.0024244450297161834,-0.0029579281215757875,-0.002179812341062344,-0.0026113577306141095
2008-06-03,-0.02505095428883445,-0.017673685175342194,-0.021973832435881028,-0.019286258264665027,-0.02011878245384957
2008-06-04,-0.011289250799482802,-0.0004207390556194942,-0.006395189499873571,-0.002998061826513783,-0.004631322712948317
2008-06-05,0.025798856977960662,0.011832023178278656,0.018596221623365546,0.013373369380981279,0.015207903315548773
2008-06-06,-0.012239968304394033,-0.0040297871676614,-0.0062389638052029895,-0.001622953263758684,-0.0023035496575424383
2008-06-09,-0.006338548674591844,-0.00614372423222634,-0.006811843485060919,-0.00733400076123805,-0.007591441780238184
2008-06-10,-0.018496094072824303,-0.011288715763747553,-0.015953765521938508,-0.014328203356255372,-0.015500063084043964
2008-06-11,-0.007414085116756673,-0.00016719259702292365,-0.00301232996182182,0.0002821703056613087,-0.0005875721146230612
2008-06-12,0.0015835572854466658,-0.0049597627388058745,-0.0021193414728610345,-0.004778762865214777,-0.003915887966392385
2008-06-13,0.0017691941046257494,0.00425543409682797,0.0027668367942655044,0.0027752931914089007,0.0021545175737430157
2008-06-16,0.0019425874707589472,0.0014686175344241492,0.0021076248337434877,0.0023770266628515093,0.0025012466241850343
2008-06-17,0.0056318200520133485,-0.005058562815882419,0.0007746353825032075,-0.0016795674994082566,0.000285692689214712
2008-06-18,-0.010205204682020932,-0.003760307542926127,-0.0064084689439205264,-0.004277245002234904,-0.0054097199972712295
2008-06-19,-0.007484523154918409,-0.0034030451240528196,-0.005709106558358789,-0.003903397015585793,-0.004247434728266842
2008-06-20,-0.020975153438127246,-0.010470406739496166,-0.015309324978088672,-0.011383826818196833,-0.01280973992091465
2008-06-23,-0.0006019055793841146,-0.005066234404524172,-0.0031916798912884252,-0.005814972677713396,-0.005573641393442093
2008-06-24,-0.005299000251069385,-0.0040006504052702676,-0.004417312845360447,-0.003990233102665179,-0.004175438723395781
2008-06-25,0.016472152547970246,0.00402574453946049,0.010426240412728813,0.00641624376865781,0.008117902150362696
2008-06-26,-0.017937546921751417,-0.004797856504808371,-0.009514347049465218,-0.003580600407389228,-0.004716101344093785
2008-06-27,0.007630964289901345,0.009042667512458566,0.008677915369197368,0.009654646129038059,0.009597153406828181
2008-06-30,0.00122585891756456,-0.005055619672773743,-0.0017317644185988019,-0.0033617725206183694,-0.002139597751174019
2008-07-01,-0.0039585226607041744,0.009677200998743089,0.0029694853720687543,0.0060122505573874715,0.003328668893550151
2008-07-02,-0.028812479882211084,-0.015018645817017746,-0.021624521875901057,-0.016204565943839618,-0.01765937784583733
2008-07-03,-0.013207897317769755,-0.004891229077035152,-0.009769832710931764,-0.008982871647363708,-0.011226904524684818
2008-07-07,-0.009918376690094852,-0.011532040810307833,-0.010581365580999993,-0.010395143928303534,-0.0096986662814185
2008-07-08,0.003470863579803022,0.0063339745542126905,0.003818145659741706,0.005013989889215447,0.004819322752097415
2008-07-10,0.008649661892873252,0.01022100119179454,0.010523616510415319,0.013450046134768603,0.01418905175810439
2008-07-11,-0.005148226640377848,-0.004098557267273434,-0.0036998506265788467,-0.00183232369104683,-0.0012496795709112311
2008-07-14,0.0021183883454008105,-0.0035780194666008413,-5.9109288545852325e-05,-0.0007915285676213761,0.0004921013381957181
2008-07-15,-0.003938481604639117,-0.005636623583628794,-0.004557462844119391,-0.0031734470297882958,-0.002097360581477706
2008-07-16,0.011272500961180985,0.008377352350711059,0.008362910162791285,0.0065701613406274305,0.006689744288909098
2008-07-17,-0.019674995641472914,-0.004859351872476511,-0.013199943965664316,-0.009085946249692,-0.011439096778638238
2008-07-18,0.0024305223511287477,0.0033201285638002637,0.0027823619061319513,0.0021950372080936555,0.0016738257998684576
2008-07-21,0.0071766648369075755,0.00037298640002284765,0.004350613670687257,0.0025972550240147534,0.0037442033754578824
2008-07-22,-0.013188511689992249,-0.007812923832423123,-0.011854778070463232,-0.01142752995664516,-0.01275305081886081
2008-07-23,-0.009258450902971482,-0.008195003165001328,-0.010065940937860856,-0.009852913280454498,-0.009936583624882492
2008-07-24,-0.026277881667784178,-0.014172646281392145,-0.019846215965742375,-0.014668850586678009,-0.015877520913412144
2008-07-25,-0.0031841432454066615,-0.001069224010948699,-0.002157399169872693,-0.0011845664579910938,-0.0013648771458543406
2008-07-28,-0.0046458952172495314,-0.006509849601701546,-0.00487593892160833,-0.005575870871134591,-0.0053173344183119415
2008-07-29,0.012628065168617131,0.005876548161938841,0.008316937313510102,0.005668410638786386,0.006352410023778838
2008-07-30,0.022250744758176556,0.0033813973855184812,0.012601818646263302,0.0051519025111529506,0.007073352509408271
2008-07-31,-0.007148524758200249,-0.0030699976224389997,-0.004654202315339082,-0.002570673912065674,-0.0027124881117763545
2008-08-01,-0.024127059179059593,-0.013850367595809867,-0.01942452322962564,-0.015962166544722836,-0.017380609667686647
2008-08-04,-0.027670906794936858,-0.013058501653697025,-0.021305372754741765,-0.016042764847609393,-0.017894251277277416
2008-08-05,0.009402913845052851,0.007855429848438435,0.006883934199232679,0.005908512665680276,0.005824493778829146
2008-08-06,0.016242989966383355,0.010343397628339593,0.013578348736690395,0.011432035953771976,0.012117705311839698
2008-08-07,-0.00874121558238281,-0.007251823311807985,-0.007569558843055136,-0.006989024275901498,-0.007023096296039907
2008-08-08,0.0037957965666636714,0.013625024543790961,0.007129810105935113,0.009061046869217423,0.006904227853564186
2008-08-11,-0.025652285855783646,-0.017161587747156853,-0.02324206954513698,-0.021847871444091563,-0.0237859337540057
2008-08-12,-0.007876115091420777,-0.007497265464738737,-0.007587927526533703,-0.006931007774771314,-0.006619566654652642
2008-08-13,0.00965285623888053,0.00554395571275049,0.008606769751224286,0.006111964679587392,0.006032995189550722
2008-08-14,-0.0008887078489948844,-0.006794139492325885,-0.004871967934306966,-0.006784085196730369,-0.0059193767371444805
2008-08-15,-0.008923425673365392,-0.0003297666107530195,-0.005795609527616011,-0.0036700456773402423,-0.005272075913211204
2008-08-18,-0.011938573454435686,-0.004515210012229346,-0.007604804324278779,-0.00435283005891954,-0.004947481422655827
2008-08-19,0.008523510546330583,0.004543863593677072,0.007807820304787959,0.006452898255947606,0.0069717791160557405
2008-08-20,0.01721696946443262,-0.0015275001705164768,0.008302303103417218,0.0018005607950077431,0.00427830267454972
2008-08-21,0.012076612339472876,0.009847780897546303,0.012022586476088917,0.011224951555656741,0.011560415855349422
2008-08-22,-0.0007011362087618765,0.004061293761690669,0.0006144243552687846,0.0018701511037849785,0.0010685883807902508
2008-08-25,-0.01846703831764024,-0.010727994914301323,-0.014463710749411045,-0.011332862614977006,-0.012010220833889508
2008-08-26,0.0037076686753161926,0.007461410474935714,0.0055449294963611775,0.006508509574273296,0.005860156388009688
2008-08-27,0.01121442800369502,8.158328368324615e-05,0.005873209590728056,0.0018718647782658981,0.0031866954872210845
2008-08-28,0.01411541721259154,0.014312282362410028,0.014111441874333257,0.014334243386958075,0.014378615134950291
2008-08-29,-0.007975606087737676,-0.004867104317503916,-0.006399767590958429,-0.005421815511659614,-0.0058668723952566846
2008-09-02,-0.020790428326132107,-0.011391851769591512,-0.01717200395840922,-0.013734398211538828,-0.014933883277382959
2008-09-03,-0.006226745107207494,0.0015905800469422037,-0.0025398645991398447,-0.0003771187598545274,-0.001647126623741447
2008-09-04,-0.02490522350337353,-0.0085366922830046,-0.016518704355684817,-0.010701977939734353,-0.012503651151280092
2008-09-05,0.015217144268042954,0.02039983354282958,0.01778667280726013,0.01956022748467585,0.018935306814266688
2008-09-08,-0.011109284810008408,0.0029901825846254198,-0.005153245504690137,-0.0007540830264155606,-0.0029342446080455812
2008-09-09,-0.03758516032619449,-0.020463770478348492,-0.029683428250000574,-0.02310204490876923,-0.024859493424770025
2008-09-10,0.020650430128563,0.008412716399154037,0.013975454229887973,0.008502461069495051,0.009063216304800647
2008-09-11,0.029819717858611296,0.023623469106938733,0.026335366711344337,0.02317266086721706,0.023308717235390377
2008-09-12,0.015166867290571762,0.003295563486991435,0.010452194925759706,0.006476800271295488,0.008183087284798978
2008-09-15,-0.04966182572184563,-0.013678234398006438,-0.030837412362581616,-0.0169583522022608,-0.020249383012674357
2008-09-16,0.02124994103630938,0.018825573629984767,0.019562426943209445,0.017393739955296982,0.016826372284073313
2008-09-17,-0.025348318488322204,0.023062109446920772,0.0019327207740999271,0.020490302562232155,0.016530113401381535
2008-09-18,0.04459714374356411,0.03062469542781657,0.03656581032659045,0.030186067407403833,0.03078475729576847
2008-09-19,0.05486940369914312,0.013587649469559517,0.03532560232437195,0.02150286789472469,0.026810503299917056
2008-09-22,-0.02268811352541394,-0.018571546909746856,-0.018949591529627725,-0.016937664819024513,-0.01671686325019891
2008-09-23,-0.02724814081108809,-0.008629079954540802,-0.018218840338142916,-0.011086259477897816,-0.012923463175470768
2008-09-24,0.006271295972583539,0.004158503803197791,0.004387417974011285,0.0029903908337322433,0.002544229892509369
2008-09-25,0.023092217931583725,0.0024913216696208404,0.01259504721280593,0.0054978567160146015,0.007419590022033121
2008-09-26,-0.004469190920721623,0.012059918142729434,0.0032466291948097816,0.00853155893265307,0.006485384680297983
2008-09-29,-0.050195559029645634,0.010868367916780539,-0.01614679209389824,0.005381899325551603,0.0010290921829751666
2008-09-30,0.034458919172091686,-0.012970579718618723,0.007982612378583293,-0.008684105354793489,-0.005258676420180505
2008-10-01,0.005237088676162419,0.008503744962518493,0.00711706539898276,0.008711706608433905,0.008727735351600633
2008-10-02,-0.0457246982529249,-0.005232697323097275,-0.027132730477678436,-0.01353451418995355,-0.01824131859437505
2008-10-03,-0.011268979896518204,0.010702802404208565,-0.00024138407894113003,0.006470031210785514,0.00386187298456737
2008-10-06,-0.013592050048880889,0.028849446107504575,0.009733912943418127,0.0236250998009253,0.019864713587127308
2008-10-07,-0.04000691160991688,-0.007749498990017986,-0.020965548146793557,-0.007497219675708744,-0.008194153271220942
2008-10-08,0.03159399408282704,0.07233544150018217,0.052868510313240254,0.06277282107858602,0.056755045331437375
2008-10-09,-0.09258982218713943,-0.11740017466447267,-0.10038127206504517,-0.10419893362450676,-0.09742094917471422
2008-10-10,-0.014843951856432733,-0.00649086091752084,-0.013505682873380404,-0.0133702486268482,-0.016775702144753595
2008-10-13,0.08912082968633736,0.020564575560010467,0.04996491044884628,0.024758952995580282,0.028740516289934615
2008-10-14,-0.01624094195315727,-0.03594678537162095,-0.024534654803239336,-0.02889817553817453,-0.02502824244914072
2008-10-15,-0.09013088107198748,-0.025056661792736586,-0.05428717139054945,-0.028933018619167153,-0.03238302267459637
2008-10-16,0.009026870902356368,0.009368685846196554,0.004262255609428824,0.001845714608499724,-0.0015372056751857108
2008-10-17,-0.026571487703116105,-0.048339906691495786,-0.03761399902508774,-0.044268848626939215,-0.04171350428676463
2008-10-20,0.06932155158450153,0.0499264937163837,0.058426378468187753,0.050875135278389466,0.05185644668264085
2008-10-21,-0.010131236054461017,0.002745926892489898,-0.004173597100258422,0.0012056107251733111,0.0003378273833389216
2008-10-22,-0.047991965449971696,0.0030873275289278273,-0.02423443333456891,-0.00940319094234044,-0.016558238648378864
2008-10-23,-0.028832878267133467,-0.02887336174740531,-0.029555529527534184,-0.031239175267177784,-0.03195288540857446
2008-10-24,-0.05555836556454998,-0.02500067624173018,-0.037400469952627045,-0.02588373682385187,-0.028858170440439545
2008-10-27,-0.056891380167343665,-0.04719376226374023,-0.05057804430154681,-0.04743454607196805,-0.04870418858987232
2008-10-28,0.0826212721067981,0.04729262632009562,0.05988356503276518,0.04984840977546382,0.05489808165374036
2008-10-29,0.018926627929171512,-0.0024451209639220067,0.007815117349018555,0.002877351688302868,0.006217378232945959
2008-10-30,0.047167350222373276,0.014950465678520406,0.028449722006586263,0.017957763260130263,0.02178010557970949
2008-10-31,-0.011312611011984969,-0.008316131402811086,-0.010716072323212656,-0.009083545793617274,-0.00894477850102463
2008-11-03,0.035044943337598784,0.029021752780683932,0.03225721295886547,0.02846689936995823,0.028248594188528944
2008-11-04,0.042923166691326085,0.029796307238172857,0.03713303009971584,0.033627244486814846,0.035347564948587554
2008-11-05,-0.06467551880526659,-0.04584785058657602,-0.055142421409406735,-0.04721582671598322,-0.04842621370384337
2008-11-06,-0.030304488834022914,-0.016812993126476133,-0.021933666421988424,-0.01672653850940805,-0.018081418155560035
2008-11-07,0.022296530048794148,0.013855753217594365,0.01779692055505326,0.011821793274465248,0.011282226382214282
2008-11-10,-0.003224743287874014,-0.005790852257712665,-0.0034783471110896667,-0.002920758405971752,-0.002047739618433776
2008-11-11,0.0052988318877701815,0.007981954314654012,0.00638862519779597,0.008717049063386629,0.009076846082320412
2008-11-12,-0.05340211197196363,-0.026679657807430764,-0.03862073501593136,-0.03146836610737045,-0.03529508768092258
2008-11-13,0.07806210598437092,0.06484497642010222,0.07202658244689823,0.06156157142417621,0.06009453504792944
2008-11-14,-0.038093583861459814,-0.02529688996745709,-0.03110174353519512,-0.019991023780054448,-0.018273650469906685
2008-11-17,-0.006598827640774377,-0.0038471485237273682,-0.005409628356039446,-0.0035960633001366803,-0.00347304025362865
2008-11-18,-0.018765664025757075,-0.006094671237845522,-0.012098137715427249,-0.011419959487047642,-0.014457433661715209
2008-11-19,-0.02305202414571436,-0.0015645324040372951,-0.010741970774536976,-0.0005088657890102531,-0.0016026894139847135
2008-11-21,-0.013711718541396843,0.02434547688526322,0.010981993352611574,0.021048589418220423,0.015097903669658255
2008-11-24,0.05263679631928082,0.028854529855730966,0.03864516836195721,0.03388455873539333,0.03900989063770886
2008-11-25,0.0061168269284699,-0.007801191230294932,-0.0013999342588301654,-0.005261158028676491,-0.003130999338877872
2008-11-26,0.04824452044715775,0.02413498120818838,0.03505217516445362,0.024242156743741215,0.026146980732433642
2008-11-28,0.014617495470074567,0.02542369334682849,0.020052110511448607,0.022307690770168722,0.02056954896306917
2008-12-01,-0.07119050079737395,-0.05886185266009487,-0.06509655524741038,-0.05674598979442198,-0.056354338668697865
2008-12-02,0.01892674381832532,0.01649072048899393,0.01750857804606133,0.014331637724329785,0.013638487663999282
2008-12-03,0.020911555531115147,0.026945174962652568,0.023781937833925293,0.023595809913938202,0.022284259419804005
2008-12-04,-0.0009930200204879825,0.009284219045192927,0.0043969960323582994,0.008113605903190385,0.006861369268585677
2008-12-05,0.016855563049234426,0.006052959346408003,0.010495275003298962,0.0035472430482897436,0.003619220787778228
2008-12-08,0.04644826987490766,0.0308379169610807,0.037392193496985957,0.03597175822063129,0.04003306407020945
2008-12-09,-0.0011868910597681546,-0.0013747710010101521,-0.00037365301100165466,-0.0009571967758397694,-0.001515953825375817
2008-12-10,0.0301800245215148,0.025548099337015604,0.029393199254610022,0.028209339715577573,0.028346858408310596
2008-12-11,-0.03906780832978064,-0.04375031627361782,-0.04156212604578109,-0.03867852480865698,-0.0362973346905242
2008-12-12,0.029083104718179945,0.026076069479879792,0.02759547034232913,0.025132644921684065,0.02482960245593742
2008-12-15,-0.016160115520539326,-0.007186256474408449,-0.010083866360668459,-0.007171051620787285,-0.008800312335488229
2008-12-16,0.05203069584530665,0.03657425197752804,0.0440973148755498,0.03612892086359841,0.036710914210484065
2008-12-17,-0.01349052749430487,-0.0037592231454883006,-0.008176175905079155,-0.0018932966616592667,-0.0016368915267758462
2008-12-18,-0.02079572674105097,-0.016574268843214994,-0.019429572450453375,-0.0163950745045013,-0.016005205518216045
2008-12-19,0.0008300723621358513,-0.002008716619504642,-0.0006252889511456989,-0.0036941992691546886,-0.004382271625011328
2008-12-22,-0.029732211434308656,-0.012390242711984578,-0.020322571496090038,-0.014469194304639933,-0.0167722662776158
2008-12-23,-0.018221652930298864,-0.01275380192724124,-0.014943552709956417,-0.014630108852241069,-0.01607914308304378
2008-12-26,0.012676976254766709,0.019441557590883583,0.016597958292151,0.019588263242656997,0.018644534740344547
2008-12-29,0.013119116110774981,0.015900158230907475,0.015170806424647746,0.015419199793662833,0.014429053211673051
2008-12-30,0.0029942911091460633,-0.012348717071695395,-0.005394361405141192,-0.010731098678517507,-0.008229434431343476
2009-01-02,0.051243221873614846,0.02763195704397161,0.0385120965254063,0.03077190804944046,0.03485362354697017
2009-01-05,0.000800144891765373,-0.018940928402769616,-0.01083098471732316,-0.014801134031681174,-0.01032641198833623
2009-01-06,-0.0023957955929573833,-0.01864963304079395,-0.01137740089060422,-0.014791855275248266,-0.01153954306341338
2009-01-07,-0.03160056193078011,-0.02137229084570208,-0.026520440363984748,-0.022992869948959892,-0.024323770002959055
2009-01-08,0.03151967226361496,0.035700132600224234,0.03396590889736558,0.03553672654560187,0.03473395447344268
2009-01-09,-0.0056815125888256286,-0.004620287411632454,-0.004694961159541955,-0.004523635343541419,-0.005101135976556484
2009-01-12,-0.042878207434722135,-0.036340404769617474,-0.03937968973993836,-0.03865670740200813,-0.040045535754983465
2009-01-13,0.005746038831845685,0.005737990157668434,0.005729755744741599,0.005387875785061817,0.005176185083228399
2009-01-14,-0.03226368988931403,-0.016525321811946336,-0.02390263555039031,-0.018324674370367326,-0.020577462306074597
2009-01-15,0.0319746062028984,0.026468956477555063,0.02935113803113606,0.027033426941631817,0.027280469704628545
2009-01-16,-0.002582641395276724,0.0005151916783052232,-0.0012095513502110996,0.0015748763035005817,0.0017219507274371625
2009-01-20,-0.037262822261979564,-0.0071395758991018845,-0.020580823533028262,-0.009201111622346393,-0.014008802943816059
2009-01-21,0.03541330335479088,0.015504231954257475,0.025129334611278448,0.01578862278200961,0.017832801442413226
2009-01-22,-0.02089517932690338,-0.012832022273373262,-0.01680246030017645,-0.012510127573324573,-0.01306861359396667
2009-01-23,0.022363883837943913,0.034739056127950314,0.029803318119410217,0.03334985981651617,0.03048408197762962
2009-01-26,-0.0059068622375197735,-0.006551938755790443,-0.006990611309879275,-0.004987310021867717,-0.003550768803881027
2009-01-27,0.0045344815089618275,-0.0011669866931359003,0.0014306730836819445,-0.0011885261434129383,-0.0005125550171895683
2009-01-28,0.028313429355387682,0.007694149119514128,0.0172514376012238,0.009500575527839589,0.012679150808004965
2009-01-29,-0.019034314466260676,-0.0055009594487649425,-0.01200653606262986,-0.004139686746866171,-0.005446890614854407
2009-01-30,0.004839029877437397,0.01654220514641737,0.011766790175809727,0.015606138492293573,0.01310269113137131
2009-02-02,-0.006638903102651451,-0.00966336057016336,-0.007956753773455139,-0.011415759303978942,-0.011765787499995262
2009-02-03,0.010882585507987624,-0.0020298390638429304,0.003565055597495621,0.00040392642849140645,0.0031052104694696313
2009-02-04,0.003615177278845831,0.0011006830801003984,0.0024422637868951524,0.0026904051005535562,0.0033322906591108205
2009-02-05,0.024317456307432785,0.017343893028815335,0.02088571886005108,0.017908924445948143,0.018530911518766995
2009-02-06,0.02180141369937805,0.0005711627352342981,0.01033411728414324,0.0034170542072548497,0.007065644061849664
2009-02-09,-0.015891759281360295,-0.01822099492579653,-0.01709685822265142,-0.01849276924871805,-0.01809360037654411
2009-02-10,-0.021258422224829026,-0.0017708532785356524,-0.010810722060315681,-0.0009465272179988203,-0.003226724786443116
2009-02-11,0.013303493004547856,0.0215530145104847,0.01862296098636048,0.01900949296201415,0.016256679273518124
2009-02-12,0.0006905360025972256,0.003986070005283277,0.0027701228106944233,0.0029638832788984925,0.0018050802092781475
2009-02-13,0.004778633759232577,-0.005083781118902718,-0.00108515606106294,-0.0012440728639392536,0.0016123089327465322
2009-02-17,-0.02398542567906814,0.007846118349474702,-0.006573650779058792,0.0052890813731689655,9.771880704554769e-05
2009-02-18,0.004494332865330055,0.014479436425895718,0.010059809009776372,0.013226012984662507,0.011462939978380509
2009-02-19,-0.007141291851921212,-0.012537819690417723,-0.010153754061790862,-0.011042664301107525,-0.009829259462287732
2009-02-20,-0.00018681747154869336,0.022286343741484266,0.012245004869373854,0.018281441819579657,0.01384860814215801
2009-02-25,-0.01873677398893287,-0.03338147038449977,-0.026532469043950804,-0.032792156116665944,-0.030610682804691633
2009-02-26,-0.009156244379000967,-0.013748712533187286,-0.01153617031807661,-0.011713739254804548,-0.010776870219714648
2009-02-27,-0.0012662285546116597,0.0016387941972663721,0.0002900145022889263,0.002224771572558179,0.0019284514817304304
2009-03-02,-0.040743892032203965,-0.02327320801203267,-0.03136451475672591,-0.025285924261015103,-0.028038496175978284
2009-03-03,0.003532729747975032,-0.0019827569173282954,0.0005326068459616416,-0.00126163072817494,-0.000540794494804384
2009-03-04,0.03035213542022861,0.004897738028839984,0.016452512614449168,0.008537918167740521,0.012656922432641675
2009-03-05,-0.019769118633590477,-0.0017945864875413273,-0.009595318180052652,-0.0008382472848319389,-0.0033897501193601615
2009-03-06,-0.003506917824937102,-0.001663305544792726,-0.002361726066695011,-0.0021278212333006416,-0.0025717055439504056
2009-03-09,-0.012638860013712864,-0.014449535334605192,-0.013796884998440836,-0.014348934738760295,-0.013939135760614943
2009-03-10,0.036508773750374784,0.0051980610847317255,0.019238524251213543,0.006524756039054404,0.011127280414295317
2009-03-11,-0.00010201576699325144,0.0030941118077911093,0.0015838772487594566,0.0031582273533258542,0.0029082323290078376
2009-03-12,0.016938074813749066,0.014408383229347394,0.01606727857807868,0.013181344552725235,0.012888701476545724
2009-03-13,-0.004430750407401966,-0.00287315036272816,-0.0037608787871797004,-0.0031869816195198675,-0.0031965401136327615
2009-03-16,-0.015575952804443943,-0.015967916063733795,-0.01607717108067883,-0.015514883565608534,-0.015055208044874325
2009-03-17,0.023412307311848457,0.012213933560173536,0.017542475363415785,0.011640782998162534,0.01280392222528069
2009-03-18,0.02140242953919895,0.025195408307262357,0.02364638676308734,0.02465777146843385,0.02380751990534187
2009-03-19,-0.00570017839044414,-0.0065026245276254375,-0.006527665993770718,-0.0037312078621467666,-0.0027345775022451966
2009-03-20,-0.007501658236600879,-0.005131653459074811,-0.006080026246679755,-0.004936053875848258,-0.005368434933987478
2009-03-23,0.047118933315094605,0.019843433370203573,0.032379971784466166,0.020079758847105843,0.023762925354771328
2009-03-24,-0.02112915682508948,-0.014982356306021863,-0.01792345440491958,-0.015492152857224231,-0.016196838726580187
2009-03-25,0.006026200640202625,0.005953085081568925,0.005872513032463167,0.006138190604081701,0.006273307757417334
2009-03-26,0.014180924591122744,0.007204389435588528,0.010215350531101257,0.007369733013088167,0.008430131652035825
2009-03-27,-0.011390352718415164,-0.0036581018473323896,-0.0072852390240102935,-0.004800343957203631,-0.005855769664471077
2009-03-30,-0.017154684807839674,-0.0028233646874958698,-0.009136798480281061,-0.004574387451483329,-0.0070274940745537655
2009-03-31,0.0034719715498551665,0.0010399139309817112,0.0019252670801870203,0.00119726751370955,0.0016635787383486313
2009-04-01,0.016745384883700476,0.007657968810147118,0.011594283720455265,0.008911853377180274,0.010406930877795368
2009-04-02,0.015706682900195605,-0.0124465998246591,-0.000542350894437469,-0.009271624115057171,-0.0043024550462734575
2009-04-03,0.0027061766845769357,-0.00991059247789692,-0.00465495309219481,-0.008452178574793466,-0.006174802163719021
2009-04-06,-0.007476101325776557,-0.011363952577157837,-0.009733879462087232,-0.011483187513480363,-0.01079219763901664
2009-04-07,-0.0063399662695432756,0.00257931084563884,-0.0015651083752838161,0.002944765185339505,0.0016925610340729467
2009-04-08,0.00039424431424955425,-0.003902515012816378,-0.0025335628117766455,-0.003492427443236546,-0.002434291020706772
2009-04-09,0.023481449262434968,0.0060553842255607225,0.014114803190821862,0.007095165379373668,0.009553920954177682
2009-04-13,0.005981136801244988,0.010416907885124059,0.007994858035639294,0.010880167544098773,0.01065433174386321
2009-04-14,-0.011575522758175283,-0.004161563291169546,-0.00773134210202668,-0.00462162258915979,-0.005442821259121968
2009-04-15,0.004626441990454482,0.005264717891251044,0.00529527403628919,0.0039164638339324945,0.003242052086404414
2009-04-16,0.0043214060197121155,-0.009206400332905037,-0.003575865696448366,-0.008065496137828625,-0.005624218956467066
2009-04-17,-0.003664580205020296,-0.0018221091840740008,-0.0027659279121995148,-0.0027807693496667914,-0.002984684412266487
2009-04-20,-0.014965136261708156,0.009608212656129314,-0.0011537454902317051,0.008151534373377442,0.004292242969638894
2009-04-22,0.005176598307107254,0.0009838100449343612,0.0024063358057864587,0.0011075065446077075,0.001862843376668668
2009-04-23,0.01748375808848677,0.01561577122037078,0.016513568834496544,0.016479621577554556,0.01684412510508581
2009-04-24,0.012747977445519686,0.008844149143103514,0.00995570603671757,0.009413280942540108,0.010389072762328642
2009-04-27,-0.0130291652518971,-0.004734049772889234,-0.008460607605306,-0.006441135875067786,-0.00783548484981279
2009-04-28,-0.004293143070088735,-0.012062243557689038,-0.008510614796474313,-0.011184315915850377,-0.010044798219912977
2009-04-29,0.02057356289853546,0.009901874045947374,0.014519562012859071,0.011446426281073833,0.013305077371929031
2009-04-30,-0.0036077598275199175,-0.007656803950705144,-0.006012793851923788,-0.007175513374853864,-0.006296680443463302
2009-05-04,0.04399515294680187,0.02082447690433263,0.03085417992852117,0.024175319003454786,0.028007920506205118
2009-05-05,0.0021079152316022345,0.0021703641220886328,0.0019127599227200078,0.0024012993351637192,0.00266299949187382
2009-05-06,0.00979917533577755,0.006934438886967346,0.007697788422352774,0.007467168027908495,0.008228842108217404
2009-05-07,-0.02627684302897521,-0.019158647661048384,-0.022519968265154653,-0.019690186166310228,-0.02062258330685242
2009-05-08,0.016358290744789446,0.007318633633173302,0.010905234872928866,0.008416136430174838,0.010175477969245558
2009-05-11,-0.013385176415755482,-0.013141091188199798,-0.013502401853849003,-0.011863020904116168,-0.011555614649860262
2009-05-12,-0.004207724226728006,0.0038216437585056507,0.0005176769919590299,0.002662402340388054,0.0010953226254053158
2009-05-13,-0.017970220729078456,-0.00075990452045302,-0.007889596670369182,-0.002636449458700225,-0.005651797632158499
2009-05-14,0.009992900814724795,0.003780047805806522,0.006243294722845581,0.004354448735930874,0.0054033476845109394
2009-05-15,-0.012997238833228964,-0.006680681526279708,-0.009985661746163615,-0.00630707562601965,-0.006619694716303126
2009-05-18,0.035655829497406324,0.013521257959061438,0.023155506973839283,0.015216471070982741,0.01858032127736216
2009-05-19,-0.005786616686404953,-0.007386739143518809,-0.0067303548522423835,-0.006376370525510851,-0.005976269143003505
2009-05-20,-0.005446509284915084,-0.004206208168070366,-0.004731121903171545,-0.0026721912421010514,-0.00258037126808345
2009-05-21,-0.009602829178794597,0.001847674079358617,-0.0025670253627843313,0.0009173483881086019,-0.0014324039220423588
2009-05-22,0.006696675340283793,0.004747597315764525,0.005570219016429794,0.005552992635538545,0.005935876114611428
2009-05-26,0.020707266433717918,0.010605205882330894,0.015092300061019349,0.010720869403695585,0.012185312070361061
2009-05-27,-0.01129565648491245,-0.010793669807490863,-0.011670029386452329,-0.009110205402019794,-0.008385386400316467
2009-05-28,0.022008469639691986,0.01573166283748015,0.01858346130386555,0.016221275870317263,0.0169424770507061
2009-05-29,-0.0018425688281718472,0.0002628880113564329,-0.0011648164003706268,0.0005283161400856587,0.0007047065098622827
2009-06-01,0.012805877870999618,-0.0015093188449114548,0.004640909308059744,-6.952927060795623e-05,0.0023814819860961682
2009-06-02,-0.005405646546813033,-0.0016557967604899047,-0.0033614112494214686,-0.002404092879403044,-0.0031313417928168605
2009-06-03,-0.025002838088097744,-0.015705867346444927,-0.01956983726514836,-0.018231273054598245,-0.019932831074645857
2009-06-04,0.0192214476219144,0.01592093347733457,0.017060323034407143,0.017325346643162744,0.0181017134150525
2009-06-05,-0.005725300864050827,-0.013693425209965582,-0.01017628755242204,-0.013749078780571843,-0.012457494115648322
2009-06-08,0.005133512077293885,0.006168560162095015,0.0056209561163908395,0.006140216731958281,0.006033185063542195
2009-06-09,-0.010387564280184542,-0.0116888684206615,-0.011159844633231926,-0.011454764886239688,-0.011165506465005224
2009-06-10,0.004197453514784658,0.004424219252863919,0.004322902424247004,0.0046704993518438915,0.004691200549582061
2009-06-12,-0.0029543065142471348,-0.014028714651246738,-0.009166661284060075,-0.01341030062921421,-0.011624941220138244
2009-06-15,-0.021322274515021996,-0.013154072229422513,-0.01639998082166406,-0.014103985883086843,-0.015625464682651333
2009-06-16,-0.012221148022809615,-0.0020218133458005973,-0.006562110444487322,-0.002386227127068248,-0.0038741512010307694
2009-06-17,0.007815874922588093,0.01269819374462895,0.011030465416744703,0.011034243656675755,0.009469225624479171
2009-06-18,-0.004878368344264532,-0.0067346286983126225,-0.006027884670312726,-0.007043797608264372,-0.00654384393232464
2009-06-19,0.0033163789088573262,0.001002912085109967,0.001659983172331142,0.0018050506885258994,0.0025589252634393277
2009-06-22,-0.02171369558479963,-0.007406683264374054,-0.013056236998882626,-0.009757301808039768,-0.012640437753202938
2009-06-23,0.0058328323498037515,0.0024783422172873315,0.003886561718191899,0.002762209528491245,0.0030360024086461884
2009-06-24,-0.005944666576049413,-0.006698698656698115,-0.006693322170107335,-0.006645197114886378,-0.006310386413863502
2009-06-25,0.023111290744596485,0.01388811579658979,0.017212342096551453,0.015512123495437331,0.01766480603050605
2009-06-26,-0.00403588000283977,-0.0065621286784886676,-0.005516505618142961,-0.005660394671704879,-0.0050946876047838
2009-06-29,0.008462111848186306,0.00706624619757121,0.00739952723670987,0.007058851287001776,0.007670755628654887
2009-06-30,-0.009528994541728897,-0.009284119281711826,-0.009146677726293205,-0.009723598184637737,-0.010051438695592716
2009-07-01,0.00026632104042877483,0.002026780067731969,0.0009359002133898568,0.0020851267874388655,0.0018922663226733172
2009-07-02,-0.01361854883174814,-0.00947822562594899,-0.01170960821581672,-0.00886344127741686,-0.009065436602650282
2009-07-06,0.0012873321301177306,0.002968378424902658,0.002615426605692849,0.0011874548976064088,0.00014876729663345256
2009-07-07,-0.024076204041976423,-0.012914872342981871,-0.018243397060008264,-0.013043933396055462,-0.0141577595274832
2009-07-08,0.0022358327247795906,0.0011135108803921317,0.0022863743632964813,-0.0003621796334202124,-0.0008800455276216819
2009-07-10,0.008923142227561588,0.009808828769659926,0.010074333834721172,0.009221462556295643,0.008364775980814747
2009-07-13,0.0026112950782876863,-0.0018285774689725716,0.0007060739561177167,-0.0022431324163147233,-0.0019204775515967193
2009-07-14,-0.006961488310715154,-0.004108862524717204,-0.005548555837906647,-0.004386258029519837,-0.004636344409474735
2009-07-15,0.030552633860218437,0.017922074711077676,0.022474463163396612,0.020302075324112115,0.023298641554669687
2009-07-16,0.003595534266996347,-0.0007513847530943883,0.0005836618832940661,0.0003707877846568459,0.0015734135738731973
2009-07-17,0.0032886365912396126,0.00035858903205332536,0.001865690393056867,0.00022729973871173293,0.0006075830417491899
2009-07-20,0.012609724782068909,0.008035838936419034,0.00963941271627424,0.009692416123705989,0.010886459197137172
2009-07-21,0.0005458401180574147,-0.0006769894227094456,-0.00019651140096295486,-0.0008462746306551427,-0.0006041943611745159
2009-07-22,-0.0029469511951564936,0.0003237226526012053,-0.0013237946742299383,-7.65373873965683e-05,-0.00047329261231218316
2009-07-23,0.014809098087752525,0.005035465786053567,0.009206808965230625,0.005737283704496859,0.007579949446736096
2009-07-24,0.004385606513522953,0.0040171068059775845,0.0042317988185399695,0.0038557686830030407,0.003854847216588424
2009-07-27,-0.0006151317539587832,-0.001757774932756786,-0.0014277879057190317,-0.0014625094863486383,-0.0011524451744867263
2009-07-28,-0.007034231432187351,-0.011149268100954646,-0.009702454471562897,-0.01095874577510161,-0.009962635934743336
2009-07-29,-0.007700124622518365,-0.004196569205622362,-0.005438937540415731,-0.005688877893295453,-0.006553564606743527
2009-07-30,0.008451224937581056,0.0021119489561221986,0.004694284025789491,0.002998252591423613,0.004151478313542228
2009-07-31,0.003707379091877425,0.008992552336807123,0.0063076679650561395,0.009397188852322068,0.008879156447913214
2009-08-03,0.011176897724665062,-0.000811232024620039,0.004060378906227614,0.0011411389096619641,0.0034540555038390422
2009-08-04,0.00018038007871387594,0.0016657147176226416,0.0007738764657740391,0.001558817040972916,0.0013553501717415042
2009-08-05,0.0006257948420178457,-0.0012681973637786853,-0.0007316114767379423,-0.00011782382135737338,0.0005947766364735858
2009-08-06,-0.0037454813839803577,0.000927164016426095,-0.0006978688239039649,-0.00015464151955105155,-0.0013403014447057732
2009-08-07,0.0038440470748629676,-0.004350064732737323,-0.0008937092749303878,-0.003957660400835877,-0.0023223519664199747
2009-08-10,0.006226905886449566,0.00437604014837401,0.005020485152966146,0.004379876453931644,0.004856376487438819
2009-08-11,-0.014070750516573874,-0.0068659249762608055,-0.010102413506124536,-0.008036759932775675,-0.009427484575539826
2009-08-12,0.007792719399904549,0.004432990207174131,0.005391214042896717,0.004821470855158007,0.005868772157400029
2009-08-13,0.00624743679443444,0.005871185565343415,0.005822710449763351,0.005981508723458587,0.006162301588660575
2009-08-14,-0.007332190231888605,-0.0053359950471289835,-0.006239733559041998,-0.005436861286529178,-0.005601130490567462
2009-08-17,-0.01571508645531101,-0.008793012981498226,-0.011308862563024278,-0.01007345536076784,-0.011808643458449387
2009-08-18,0.007087762592590104,0.0028610766057328052,0.004611427868587768,0.0033146880734907574,0.0039826452497099445
2009-08-19,0.0029943311651425128,0.0011173771686193122,0.0017785937847994311,0.0018553661536387753,0.002553835775322657
2009-08-20,0.00874747588515194,0.0036001647633291034,0.005825821417066599,0.0037780974604464538,0.004712140583128512
2009-08-21,0.012321823004833298,0.010630286426803014,0.011098656890330239,0.010742718210439404,0.011242588875772206
2009-08-24,-0.001918641525794475,-0.005990817696406829,-0.004246012990093985,-0.006080161661316951,-0.005302779281690631
2009-08-25,-0.001345831891079958,0.00369325450181769,0.0017944510551898183,0.0029632201039026932,0.002003194865606028
2009-08-26,0.010212234265491442,0.011271823699920096,0.011059726609288075,0.010559174584075504,0.009999219522076313
2009-08-27,0.0006004312479516335,0.0022670613250291316,0.0015269329733025507,0.0018199767344266747,0.0014300836173995713
2009-08-28,0.0013031578943660347,0.006544907773864339,0.004143039999509043,0.006213372488694612,0.005491645722592237
2009-08-31,-0.012138677022214934,-0.006304578944515041,-0.008394263073290296,-0.007899633897925891,-0.009455527549827472
2009-09-01,-0.013961308528020817,-0.004925842809801277,-0.009536089228571638,-0.004276045648644051,-0.005223083552295082
2009-09-02,0.009852944067994291,0.01781494673458953,0.015445573792016547,0.01678047630798691,0.014057471328821229
2009-09-03,-0.0012148001989639118,-0.0018783928537165718,-0.0022416313650781825,-0.0009349945957261845,-0.00024184269604850703
2009-09-04,0.008719408789692459,0.000253611467708438,0.0036769708758537865,0.0014256197474352616,0.0032008841161533666
2009-09-08,0.007225636575974797,-0.0014747490337532428,0.0013575470059588725,0.00040368256769898406,0.002806643389129174
2009-09-09,0.002785115789457509,-3.507631329627061e-05,0.00173885391386364,-0.00026419157185551313,-8.627498012970371e-06
2009-09-10,0.010969383786263009,0.007536333124831141,0.009172806231717817,0.0076244228070507115,0.007980032872456678
2009-09-11,-0.002984873668219736,0.0022289156148257664,-0.00036422829126895093,0.0022826630140378597,0.0016543782625359036
2009-09-14,0.005375699180470897,-0.0006752695378679325,0.0019725065676738985,-0.000535027544313759,0.000507436280581667
2009-09-15,0.004381399557643225,0.004066288217619614,0.003988495706480904,0.00488899443665945,0.005162988358075865
2009-09-16,0.01410672880152764,0.00992332255666102,0.011447625515362304,0.010671619007813835,0.011673335730099571
2009-09-17,-0.0006294467684229165,-0.0003279401094236269,-0.00012938501859857692,-0.0007173561576400206,-0.000921360794482627
2009-09-18,0.00111738363352867,-0.0027709243905425524,-0.001486313472626232,-0.002039209775736088,-0.0008886280617207217
2009-09-21,0.004843444606297437,0.0037223381171168682,0.004300152643669159,0.003550027923888735,0.0035260626396870164
2009-09-22,0.007683649026308864,0.007116201488567038,0.007065608695165173,0.007676211669539621,0.007815205329920152
2009-09-23,-0.01774090030468249,-0.016452499010332855,-0.017134973072588527,-0.016356159130625075,-0.016326074659314172
2009-09-24,-0.011278206489215467,-0.010916923469612925,-0.011477777682651371,-0.010830236332551889,-0.010491753893490783
2009-09-25,0.004940274255815764,0.0017175154711641324,0.0031391686125743093,0.00197512851780168,0.00231228399522644
2009-09-28,0.010311156919677036,0.00343500536763258,0.006478210256677402,0.004114340645695353,0.005600118243609683
2009-09-29,0.0012951293304148076,0.002128266248517879,0.0020107285745209007,0.002491188889709204,0.0021445529055285767
2009-09-30,0.0025035030439380097,0.003920593074742364,0.0028310834717789187,0.005217956298152044,0.005171017126422182
2009-10-01,-0.01775913285031302,-0.013302899547651624,-0.015546688159264152,-0.012655462469252553,-0.013154181171126678
2009-10-02,0.009704313412159545,0.00811800257563241,0.008396362394124841,0.008845243706685274,0.009090759040355039
2009-10-05,0.013284049951629334,0.009917732015368289,0.010819474755678639,0.010778831267250853,0.011730328224674427
2009-10-06,0.005824453145774101,0.011483596964864102,0.008717474852419718,0.011073976122901992,0.010247675459602477
2009-10-07,0.0026654357273119926,0.0027147849196903734,0.002929188890045229,0.0018778761841822058,0.001464618102444293
2009-10-08,0.00990492128169657,0.007290504621773687,0.007659467544297278,0.008786527614091884,0.009910426490461584
2009-10-09,0.002091976041699831,-0.003159656890968278,-0.0005712410279505436,-0.0028768598371960875,-0.0019102764004606948
2009-10-13,0.004956259436810333,0.007834153039492829,0.005676246223096698,0.008162588158281841,0.008136875113804586
2009-10-14,0.013816149507279307,0.0017697749385390507,0.006927387749924181,0.0033468348905919287,0.005839728953115857
2009-10-15,-0.0003072484344912095,-0.0067316334338119715,-0.004041616741269605,-0.006015079815060427,-0.004382605894319005
2009-10-16,-0.001820482391459044,0.0022674485268743276,0.0006295590459352137,0.0017660142987340362,0.0006510333748903308
2009-10-19,0.012074321022065057,0.011765487644653749,0.01159575165928997,0.012509756493360504,0.012956134245938783
2009-10-20,-0.010351128124481255,-0.0033983104127847303,-0.00460671873481353,-0.005828129010280381,-0.008501466326720393
2009-10-21,0.0024399402474880364,0.001829808519920978,0.001645849355317655,0.002257617603320821,0.002235215976111517
2009-10-22,0.0037404595028949113,0.00014827370622828365,0.0015709144003767178,0.0011111571151040949,0.0022721739901135083
2009-10-23,-0.018349727112947235,-0.016146255566649687,-0.01753062021102344,-0.015717305424504172,-0.015769618077089955
2009-10-26,-0.005370176323979194,-0.008065492847346202,-0.00719561418157408,-0.0073018038017789106,-0.0063400494178539185
2009-10-27,-0.012097043179604857,-0.004201708871543542,-0.006191687921388385,-0.006463868986577807,-0.009212176266336358
2009-10-28,-0.034810268833408035,-0.021155428501238954,-0.0263284647070175,-0.023547969223320166,-0.02652240542068736
2009-10-29,0.045285432679929065,0.03264151699347603,0.03732968221007366,0.03503704993205258,0.037686730609220974
2009-10-30,-0.029097209274922327,-0.015116951795816708,-0.021865094394981313,-0.01593769380649092,-0.018229856046234272
2009-11-03,0.028641460551347992,0.034116885491715626,0.03195830216419893,0.034057434375250335,0.03220118541525865
2009-11-04,0.002603289533083236,-0.0008929956579876847,-0.0011567820009648806,0.001109743831065462,0.003263630012848523
2009-11-05,0.013549667232103591,0.004428889223430384,0.009138912420783699,0.004468612063566966,0.005608325023947641
2009-11-06,-0.0039789497103418165,-0.0016210565056904084,-0.0026829348922660476,-0.0021542657132041015,-0.0026106455942356143
2009-11-09,0.018051105599000958,0.00798184050336785,0.01301722496633029,0.009742949344986722,0.012026792505502919
2009-11-10,0.0030221888729007646,0.00454506744371198,0.0038946325998504678,0.004603682630830213,0.004326759835381281
2009-11-11,0.0029315077915451544,0.008447325134365778,0.005550429517870039,0.007879519732870504,0.007081659332786975
2009-11-12,-0.018529727874379523,-0.01140400594139171,-0.01458515930233213,-0.014035714838125029,-0.016101579811910745
2009-11-13,0.014486317587746175,0.014405337175091128,0.014391407823381039,0.014639583166027913,0.014415984785180889
2009-11-16,0.012846502541537732,0.01056712147418942,0.01134690750745698,0.011535899461287568,0.012425871687215255
2009-11-17,0.009252472215984114,0.006236024679939683,0.0077531512491232505,0.00732345612277242,0.007965564101302367
2009-11-18,-0.009749424576082369,-0.004375937060118362,-0.007027430011180339,-0.0052596167667770186,-0.006251684990707432
2009-11-19,0.0005491038135100825,0.005467060694673977,0.0027932407740516242,0.004472704544993719,0.0032441629858143465
2009-11-23,0.005418556175916562,0.008920393448816226,0.006942039283534636,0.009180178885102972,0.008903385832414857
2009-11-24,0.006618087208693263,0.0061073355653783554,0.006271470762960248,0.006237905943531897,0.006327946468641621
2009-11-25,0.010199940028994728,0.012125339930485248,0.011064131213009,0.012366084884130898,0.011854892935280985
2009-11-27,-0.015797430027168363,-0.012147334049768482,-0.014259889477542257,-0.012146913587805161,-0.012236186068866976
2009-11-30,0.005783323030414675,0.005843057866388142,0.006041281471058183,0.004913385122916484,0.004141924756133312
2009-12-01,0.012844532983619397,0.007160611700796012,0.00986161453260642,0.009359266450620192,0.010851693511562685
2009-12-02,0.002790233346951909,0.005865713007850999,0.004007677703245685,0.00583835280163905,0.0052217940516793935
2009-12-03,-0.010339957181248152,-0.00909336784233321,-0.010093922575095787,-0.00850706703381405,-0.008088042040443576
2009-12-04,-0.012905393100688592,-0.02571162080482152,-0.018612662511144365,-0.02582609557220638,-0.0234721787101249
2009-12-07,0.009290248514136195,0.007320626550077656,0.00817363664128914,0.007749448513592063,0.008429198817945193
2009-12-08,-0.00922072679987986,-0.00853324993383582,-0.008739929361454818,-0.00944337956291439,-0.00970044223854668
2009-12-09,0.0077878355698525374,0.006403540385741945,0.0073156303730508125,0.005798785623758134,0.005591605643874592
2009-12-10,0.0067967520399413,0.004453206909638811,0.005503619907788668,0.004662538692321237,0.0052055193026851404
2009-12-11,-0.0016883805511298516,-0.008923471050478967,-0.005429388811332829,-0.007885576491944926,-0.006253471948645202
2009-12-14,0.003773091001667571,0.004516386362631098,0.004182472336658446,0.003981062609198365,0.0036320075794805885
2009-12-15,-0.00015809407435873153,0.0019565032822757003,0.0008614130740345176,0.0020710191240503354,0.0018440205739019262
2009-12-16,-0.0032267557796799525,0.002680022592357403,-0.00025170734109860194,0.001644677821813451,0.0004138554628746383
2009-12-17,-0.018412865038412905,-0.017701850263647508,-0.017827017603325487,-0.019595391124351054,-0.019757705345101614
2009-12-18,0.004976911565319713,0.01020283296395413,0.007723419133824045,0.008736115444095768,0.007350988607215605
2009-12-21,-0.011363463628050399,-0.016086043627628895,-0.013386052834969618,-0.017177792863458222,-0.01662117198072196
2009-12-22,0.011370421323081435,0.0044695403896805085,0.007661461712512445,0.005849076974421469,0.007482075837557047
2009-12-23,0.0017147007318383334,0.0005353134161770832,0.0011136491971524853,0.0007475704679662567,0.0008840315918819819
2009-12-28,0.006220786477968615,0.007447538842604591,0.006809858093883093,0.00755994172157885,0.007163969994906383
2009-12-29,0.0017479902764230215,-0.0031502337270979774,-0.0005711925996646599,-0.0021737892004392986,-0.001237767682503522
2009-12-30,0.0007584736354890985,-0.00199034570269305,-0.0006903586547716553,-0.0016239771093126503,-0.0010588454165564062
2010-01-04,0.016562946745073505,0.014766982729602186,0.015585009726324223,0.01676177256142595,0.017160247433239142
2010-01-05,0.0010477547037349337,0.00017335856870845712,0.0005451421898159561,0.0002061064285175764,0.00044978796338816286
2010-01-06,0.01113903600224755,0.01570447481955254,0.01332370047316847,0.015162392593368974,0.014181066273957207
2010-01-07,-0.0014967055942700933,-0.0007795820933782471,-0.0010289428228235987,-0.0016252204747014714,-0.0017813267453101913
2010-01-08,0.0011320644208489352,0.0015554241122586899,0.001490546303001928,0.0010400351132389505,0.0006356476757515589
2010-01-11,0.0008023788336533937,0.005477014279954303,0.0027484236474901867,0.005428051413943657,0.004985211356629169
2010-01-12,-0.007127678759663762,-0.009897735679370237,-0.008436218755269441,-0.009783847160228043,-0.0092171832702563
2010-01-13,0.004839777371181118,0.007964933013019966,0.006254148451633166,0.007534321862785699,0.007202355764666785
2010-01-14,0.0012200323187972581,0.010130839584766505,0.0053302005385245325,0.007030564520186252,0.00571591315672975
2010-01-15,-0.00924315433435127,-0.008229598547858801,-0.008687955536349174,-0.008551778731743348,-0.008762137530576456
2010-01-19,0.013365324491332828,0.01081015959271763,0.012065678470907027,0.01101937411248036,0.01130129896693765
2010-01-20,-0.019001108967016428,-0.01502508186035357,-0.0176829704963582,-0.018148714294692184,-0.018821089082430166
2010-01-21,-0.025894532966873402,-0.017023197114398054,-0.021804662653621416,-0.018387950064051743,-0.019186237610169223
2010-01-22,0.001134095983501331,0.004342131328381163,0.0033958957370911792,0.005844355632461619,0.005497575714231534
2010-01-26,-0.0011911466649052777,0.006959041263674684,0.0026279301005491707,0.004119411946012629,0.0028662747254592207
2010-01-27,-4.5246601075275267e-05,0.0014753425291039084,0.0001917524599971804,-0.001598305825361229,-0.002188193391963316
2010-01-28,0.00246505181324405,0.00012429851892022467,0.001834915321809289,0.0031962093884180215,0.0038400402766167307
2010-01-29,-0.004049087395013011,0.0014320884185091633,-0.001552988947075521,0.0007599536474097297,0.0003350093549694504
2010-02-01,0.023972299645356174,0.020175814046698257,0.02272892624791971,0.020256795812097224,0.020029945652814813
2010-02-02,-0.0029424681076245973,-0.008184358133930106,-0.005700938452190926,-0.006061757439361817,-0.0049233042459813775
2010-02-03,-0.005672732261995524,-0.004657724193649423,-0.0053018684314464545,-0.0038300406873896685,-0.003551482846063377
2010-02-04,-0.03360474722696975,-0.02365603126603354,-0.029314246126149843,-0.028663391947555687,-0.03033515960958156
2010-02-05,-0.005443957519666513,-0.0005493225083353719,-0.0030110209560450236,-0.003655870210246283,-0.0049360389674929705
2010-02-08,-0.004091035965283753,-0.004757818322784725,-0.00462722145079579,-0.003174708649323742,-0.002495211520717364
2010-02-09,0.01695744295106131,0.007930463458136406,0.012915409575108753,0.010784428904112069,0.011929569512486252
2010-02-10,-0.0009467359289814507,-0.0035247093579724295,-0.0022070879240748166,-0.0019377606023552952,-0.0012939800978685014
2010-02-11,0.018394596932507414,0.017168391128636315,0.018252681507719318,0.017969014997190478,0.01791012383810587
2010-02-12,0.002383929165460413,0.004912397437229043,0.003657220323330231,0.0036204613040768372,0.003041253843888915
2010-02-17,0.010673458004341179,0.005618458193765914,0.008235007323665956,0.008237946809885236,0.00932295215116275
2010-02-18,0.007965662601908523,0.004674433090972176,0.006560254607380401,0.005281231028793231,0.005538497415265287
2010-02-19,-0.007472758780523096,-0.009064117086226701,-0.008459749220105083,-0.009060620739099731,-0.008773124928933833
2010-02-22,-0.007267335791692907,-0.006057005821059908,-0.006906806765374983,-0.00647177346968204,-0.006507857505112474
2010-02-23,-0.011879385659430043,-0.006321934865436659,-0.009308971621304615,-0.007752291031786562,-0.008491910360481757
2010-02-24,-0.00025747521008877793,0.0006354585348196018,-0.00040269512557117965,-0.0013247520668767938,-0.001672212837247302
2010-02-25,0.009113154190495786,0.011582243153109411,0.010711022175585607,0.011405855614892659,0.010895461420937285
2010-02-26,-0.0010929758535298234,-0.0047126367146942275,-0.0024315627699702446,-0.002112735501234197,-0.001277187191860174
2010-03-01,0.006350860761690075,0.000639005931673184,0.0033749904692510833,0.001160065906463413,0.0018449461007322974
2010-03-02,0.004471314989619052,0.0028274031637781213,0.004146628782389535,0.004785542281006054,0.005230584186597792
2010-03-03,0.0006488177400472449,0.0024984971545145293,0.0016371294048958473,0.0024501213184740744,0.0022308072527271175
2010-03-04,0.001308110815739046,-0.00014213792613328554,0.00026261081884649027,-0.0007886091378173852,-0.0006660455040336343
2010-03-05,0.01137697710724126,0.004903518375593989,0.00787213064682796,0.005233645564071451,0.005994259925575138
2010-03-08,-0.004472378157210798,-0.004467431903135256,-0.004864634375916147,-0.00505949844903023,-0.004982506463560187
2010-03-09,0.011992872387864398,0.005983099062662319,0.009217127285409044,0.0069231858395264285,0.007505664464474079
2010-03-10,-0.0038130035480814185,-0.010970479792762399,-0.007751304315200984,-0.009930743180392748,-0.008764638781463274
2010-03-11,0.00035858777480993664,0.0006653674550075828,0.00039087039981357345,0.00012970008350600605,-2.268456667384596e-06
2010-03-12,-0.007713582341678021,-0.006755012677386538,-0.007576260613107543,-0.007352385493653735,-0.007383679069326103
2010-03-15,-0.0006164657546474499,0.0014160842041652788,0.0004525130150194886,0.0009673746553649431,0.00060221979186965
2010-03-16,0.013423011847791964,0.01498625731401057,0.01455889145838451,0.015661696409886627,0.015534568876003088
2010-03-17,-0.0035842888073776605,-0.0033591748752572646,-0.004037594237310769,-0.004557653503954102,-0.004572322855752949
2010-03-18,0.004543684372638712,0.011851769924310982,0.008206756905726942,0.01033254926523482,0.00930150674943964
2010-03-19,-0.009461454420165905,-0.007785780007827441,-0.009393871092262085,-0.009840331100635867,-0.010173198563397379
2010-03-22,0.005451731963808512,0.003791834808853481,0.004279266620759144,0.0029441766301412675,0.003006675291983032
2010-03-23,-0.0005206749314473546,-0.004577367707589324,-0.0023130995137623945,-0.003313918009578466,-0.0026276956830921542
2010-03-24,-0.007262453798379294,-0.007420550400756626,-0.007961573109508702,-0.008373911008888275,-0.008191296873056012
2010-03-25,-0.002250433527079182,0.005490380663690141,0.0013001886911192973,0.003963509879954389,0.002959333035797356
2010-03-26,0.012519979816418617,0.018882675642463424,0.01599262672601958,0.01783010053665909,0.01653213220159802
2010-03-29,0.008177632550668524,-0.0022312209253176713,0.0035613017178814485,0.0005803837401791182,0.0021413947713297275
2010-03-30,-0.0034432370415495525,-0.008365023814306961,-0.005874643209152676,-0.007447851334723311,-0.006660497779913725
2010-03-31,0.00117964548905824,-0.002761068528127719,9.571591572384709e-05,-0.00014310539342998594,0.0005161840568636334
2010-04-01,0.007808587151468421,0.004622610361935874,0.006699954889661366,0.006072985836411447,0.006523754629410198
2010-04-05,0.0002940044826352048,-8.161724663353704e-05,3.0367641898296556e-05,0.00013011862280307973,0.0003387462947877369
2010-04-06,0.0015283551200148536,0.002639619986053535,0.001939738696101519,0.0016621786348728388,0.0012497362965242858
2010-04-07,-0.0012149396039608362,0.006355579646033321,0.0028521196468534616,0.00632177837313459,0.005435008811320636
2010-04-08,0.01395480916554907,0.010998132874667738,0.012610569647034286,0.011377445409264268,0.011647467579889792
2010-04-09,-0.001005162936270308,0.0022811833202236688,0.00048300402008380326,0.0013135358565705163,0.0007495392686705341
2010-04-12,-0.011064592726935885,-0.009778687025037282,-0.01085697070707946,-0.01086402946558973,-0.011036478401058068
2010-04-13,-0.0007689008907828262,-0.0019733470589217567,-0.0014422526069231129,-0.0016797725379067065,-0.0013678789331443696
2010-04-14,0.0019095293050216062,-0.0005055484694414103,0.0005146500493503047,-0.00046927754855505727,-7.706309290176444e-05
2010-04-15,-0.0023941117840134227,0.0036670152380494656,0.0003750054314600753,0.0022333238291746297,0.0013431113323292857
2010-04-16,-0.01586222043872843,-0.01505866860520769,-0.015776097734747512,-0.015815260448113905,-0.015915196740596136
2010-04-19,-0.0006526431975649242,0.0018607424626171532,0.00019885222513209267,0.0005021482430095561,6.311170707648932e-05
2010-04-20,0.0024840827044650573,0.0014559796759205947,0.0017845890181543245,0.0010642945449917513,0.0012000614069142164
2010-04-22,0.004579229621460173,0.00825436397241002,0.006047152547872858,0.006815565868187987,0.006147661648209713
2010-04-23,0.004764828332072313,0.007940372530914579,0.00624364596920653,0.0074643408601597185,0.00703519702937414
2010-04-26,-0.01198830744365912,-0.0135262054263666,-0.01255431080436862,-0.012754011428754004,-0.012461914023035392
2010-04-27,-0.020059534562979046,-0.0025992318135542166,-0.011353324805551842,-0.003412725715138041,-0.0055570168444258276
2010-04-28,0.0035315538933693128,0.0013432278250761357,0.0021027041918087555,3.4301026917100394e-05,5.569416921633498e-06
2010-04-29,0.008336090374964656,-0.003482203948046677,0.0032611900025881066,-0.0003975781358864312,0.0013569621773309541
2010-04-30,-0.007325771480250821,-0.006563718198290715,-0.005608262122202097,-0.0026504488064599137,-0.0023498373045778994
2010-05-03,-0.0016412656564668197,0.00689988974785527,0.0010518738651759648,0.002135350123840757,0.0007097442694669701
2010-05-04,-0.02254825585536023,-0.006642531700952241,-0.015671009582352576,-0.010030526824753033,-0.012069061880079708
2010-05-05,0.0078049973606334165,0.013061820506949881,0.010157652308168612,0.011731092409973389,0.01087120470666401
2010-05-06,-0.0013924406360848523,0.015587082584027766,0.008227276852940692,0.01722907037264996,0.015047728807517093
2010-05-07,-0.007983654850644164,-0.009562346430197856,-0.007895388516654969,-0.007203508412099727,-0.0068836273943577156
2010-05-10,0.021615192821605154,-0.0008998740556001323,0.010514400688528595,0.00017493645008366795,0.0027852592066821076
2010-05-11,-0.006263239053814558,0.007026396730663762,0.00029364865839820334,0.006529997717039714,0.005042003995956015
2010-05-12,0.00640377991851884,0.004581814689712595,0.005364180838800966,0.004768946504090913,0.005172114078763842
2010-05-13,-0.007860227801591976,-0.008998794897362442,-0.007987014702463735,-0.007670713217788598,-0.007412930644134368
2010-05-14,-0.009523321071655821,-0.0007352802985966701,-0.005393129976600089,-0.0023247198567711153,-0.003669656717993706
2010-05-17,-0.004068924302129933,7.122302619717893e-06,-0.0030176577458935956,-0.002966250890449405,-0.00368841579651321
2010-05-18,-0.02533160148106967,-0.016221585458645313,-0.021092867757396046,-0.017240973342637644,-0.018283368427255968
2010-05-19,-0.004665217050579222,0.006953460625399009,-0.0014087918183174387,-0.0016767780051566068,-0.0041687773037329245
2010-05-20,-0.01947156417140255,-0.010567679389065911,-0.014512973576166403,-0.00885105456740426,-0.009780774465165648
2010-05-21,0.02505602601631579,0.011279090073895088,0.01886412689331543,0.013184669120992022,0.014865545401108056
2010-05-24,-0.011251565079429801,-0.010668178045671405,-0.009613468699384868,-0.0056445508350744305,-0.0049989323073956655
2010-05-25,0.0037148956816190873,0.013711480069714899,0.007553563837931563,0.008925567509371377,0.006846928095326418
2010-05-26,-0.00320220152419974,-0.013420366364587655,-0.006121892602124332,-0.0049073394364506084,-0.0023450683155523656
2010-05-27,0.02703755223184515,0.014832111951071607,0.02081235903267525,0.01354018637815597,0.014548826719693365
2010-05-28,-0.007019715594769798,-0.010398680790562406,-0.007577382140953625,-0.006666678482739078,-0.0058471245093168756
2010-06-01,-0.0012789739284684968,-0.0005528247495200674,0.000216509182251719,0.002892226004972442,0.003161042238443654
2010-06-02,0.022087709695303825,0.019521666846986262,0.019712071262731907,0.015181601298388924,0.014753284783114183
2010-06-04,-0.022908682223979484,-0.018332709764463533,-0.019760400496969237,-0.014728746425215992,-0.014570425822690533
2010-06-07,0.0017118518624267788,0.010554023922268329,0.0065900870158216085,0.011497992192122466,0.010264302219259787
2010-06-08,0.011101562433180697,0.006171372485027506,0.008443130223696015,0.004763067679299448,0.004922961416208526
2010-06-09,-0.011007615051225952,-0.01547703538899815,-0.0125896061435474,-0.013133464509329234,-0.012253659602321084
2010-06-10,0.012984991637386884,0.0009647515450055898,0.006439133329566517,-0.00023454013416925398,0.0012279410810043993
2010-06-11,0.00552608530617845,0.00376796807822526,0.0050913118829572475,0.00540408285069085,0.005806211168352896
2010-06-14,-0.0076679351047063025,-0.0072700091397154025,-0.007472368521961344,-0.006184432178401813,-0.005817251173992729
2010-06-15,0.01617289305142176,0.01432405428766316,0.014894499411124662,0.0127014451587568,0.012564854667882609
2010-06-16,-0.0007361300318891904,-0.00511059157171161,-0.002626871430841145,-0.0038904320863800274,-0.0031038926496591403
2010-06-17,-0.0023896883723344485,0.0012586887921163762,-0.0004034757046165589,0.0020756568979739074,0.001771547487593719
2010-06-18,0.00032302977283032725,0.000435857909263209,0.0006610201880426795,0.0009886051332660903,0.0008887314476258307
2010-06-21,-0.002898879196792763,-0.012589935420325042,-0.007408573243076379,-0.011379163168721285,-0.009994646850888892
2010-06-22,-0.0053704815182555165,-0.004056531202303979,-0.0036690128658112076,-5.5521572011025884e-06,0.0005106993912297237
2010-06-23,0.008397546614074238,0.008138626347034333,0.008263420725727255,0.007605449400585547,0.007338481413463819
2010-06-24,-0.014699995237574716,-0.010475116083282924,-0.012191416103286511,-0.00935354674670414,-0.009752061563683766
2010-06-25,0.008500209734863137,0.0029965172821759378,0.006720092444337429,0.005921544974654505,0.006761383198720223
2010-06-28,-0.008285844512731745,-0.006391990937812147,-0.007969474115370885,-0.008192644481497414,-0.008583415592291161
2010-06-29,-0.02221589868498335,-0.00853148530836372,-0.01557291347311837,-0.009159659124143038,-0.010544769242779913
2010-06-30,-0.013121472765029786,-0.008964189559363126,-0.010965846540984148,-0.008712707879284643,-0.009093142517195842
2010-07-01,-0.00264835596088827,-0.015409126525202039,-0.009104550362225438,-0.016303936941293153,-0.015313370831989599
2010-07-02,-0.0019278275163533349,-0.00730738328437663,-0.0032511939533517516,-0.0031929076879505685,-0.002215227370306654
2010-07-06,-0.0003924658516838544,-0.0057398963663549685,-0.00337232753251697,-0.005852215321831477,-0.005105760488719912
2010-07-07,0.024479985725755382,0.024248680520881135,0.023420340914664384,0.020655930519338922,0.02012052257615288
2010-07-08,0.0024232710890951833,0.0006461465447632082,0.0010829721652885701,-0.0008466414534935183,-0.000815217926676559
2010-07-12,-0.001011382951607958,0.005837346325885615,0.0013228162975292763,0.0024627394703013263,0.00140206678776183
2010-07-13,0.007654196682695472,0.00600913031434678,0.006819345974266395,0.006264956855649552,0.006476342192516572
2010-07-14,0.0016557336121935287,0.005353120563871921,0.0030421739929156846,0.003762623168178231,0.0031749889847080925
2010-07-15,-0.00018862888229564714,0.001093899620424817,0.0003183065653931134,0.0008955273958217323,0.0007616131447335601
2010-07-16,-0.01819075556575741,-0.015974605094370074,-0.01670529811297596,-0.01452472246566667,-0.014467930225932448
2010-07-19,0.010756789253106578,0.005385140772218672,0.008081654586698945,0.0053245557449707066,0.005823582502598039
2010-07-20,0.016693291371560996,0.009389165090181345,0.013636583942903418,0.010419659207254803,0.011089290310448346
2010-07-21,-0.006216946756275762,-0.010059429440199259,-0.007390677922084293,-0.007407754771375634,-0.0066411937076494626
2010-07-22,0.015492756683783693,0.010329749759729504,0.012933394145241953,0.010256207403999454,0.010697990294046448
2010-07-23,0.004390972659139377,0.002087764340192854,0.002889267469518474,0.0014335854224405862,0.0016330285293373794
2010-07-26,0.00275560596954401,0.005071201660303498,0.0030658976706652375,0.002782189326657177,0.0023555488047847296
2010-07-27,-0.0037925616916480416,-0.006817960478683828,-0.005669947933046793,-0.0071200572135825925,-0.006727646151295225
2010-07-28,0.0023948453188689534,-0.0013273367136241846,0.0013610211024984687,0.00030089642015063205,0.0007208252347999409
2010-07-29,0.0011442573812661236,-0.0003095204188658881,0.0009072882712748348,0.001147660699186071,0.001409419289700353
2010-07-30,0.004396581073394405,0.002342767349352762,0.003998112844007656,0.004548502622550397,0.0050703062257420875
2010-08-02,0.012648205571127804,0.008659858073743155,0.010268659184582361,0.00719547391661823,0.007314140391061102
2010-08-03,-0.0016821207277100117,0.0029004221274164304,0.00045737152605810683,0.0021524138581674153,0.001609971299798942
2010-08-04,0.0037750981511937795,0.004388422647550482,0.003959529127723813,0.00425550821419905,0.004188135738173183
2010-08-05,0.00045182606856047116,-0.0004291219447358546,0.00024285339323173668,0.00035996129201864885,0.0005693636390072029
2010-08-06,-0.0016982623520927767,0.0017492683889709733,0.00011024010135969653,0.0019977778216579297,0.001760402402465543
2010-08-09,-0.00163002053692782,-0.0011375368656416176,-0.0017670221874651944,-0.002532432023869836,-0.002780803435085806
2010-08-10,-0.004760155876238383,-0.0012960873879121566,-0.0030983838661051578,-0.001716316726513654,-0.002135952984205957
2010-08-11,-0.019104692855475093,-0.013284195780044751,-0.015924911794407973,-0.01190860879780328,-0.012150104410787711
2010-08-12,0.006151855356195365,0.005813293300254645,0.006723602918136683,0.007379598006215695,0.007437176150039863
2010-08-13,0.00016488032827472482,-0.001257655994062658,-0.0003111453134829827,-1.3959481514338903e-05,0.0003639554741662998
2010-08-16,0.005439648673843231,0.0008153538244048074,0.003956728707307731,0.0027701426445317754,0.003257708796240365
2010-08-17,0.006138076188382569,0.0026213042786299556,0.004303376159730885,0.002994229426269513,0.0035009534187816034
2010-08-18,0.0003643021261106955,0.0015489002573342509,0.0008672928710805865,0.0016331033752937489,0.0015725229956253285
2010-08-19,-0.008447804436102303,-0.005893912305634028,-0.0067670618499632035,-0.004643855435546292,-0.004768331086998197
2010-08-20,-0.003291883065700818,-0.0027341499384394346,-0.0030820389277302312,-0.002830939062692912,-0.0028614383549752354
2010-08-23,-0.009111144230318708,-0.004789620194337956,-0.0073624358314916165,-0.0054675139957440595,-0.0057700693831812646
2010-08-24,-0.00551902189119191,-0.0007223437515876383,-0.0029822192068651924,-0.0004666386656575107,-0.0009095438107273437
2010-08-25,-0.002651581259115333,0.0010509889109803835,-0.0010652765033800468,0.00047946979726553424,0.00017098406929501303
2010-08-26,-0.013279649061950529,-0.01028315097727984,-0.012000227007442119,-0.010596529703078342,-0.01080039690045334
2010-08-27,0.019991125716277786,0.009634213059839606,0.015465386697156545,0.0107275229443539,0.01151417240597129
2010-08-30,-0.015015794565452049,-0.008338766819100523,-0.011947431150274536,-0.008791088467648488,-0.009298610355249438
2010-08-31,0.009647185847098888,0.005514084038782894,0.00844566809944167,0.007836386470347961,0.00849708160255943
2010-09-01,0.02118028670827853,0.011378231475459728,0.01622127946722989,0.01070007803269858,0.011280647887660516
2010-09-02,-0.0009433351129998709,0.0012920845352724954,-0.00026553382347965657,-3.2402137553772087e-06,-0.00039508407880851335
2010-09-03,-0.001549402490237992,-0.00010027895702547275,-0.0015636605717185136,-0.002210470360247418,-0.0024872094227162164
2010-09-08,-0.003181183214278725,-0.00149498111641285,-0.0021395860292847393,-0.000658878046980837,-0.0006973836965324133
2010-09-09,0.0006453606901655064,-0.0011607108627293475,-0.0005852332764151421,-0.0019296000550094413,-0.0019255542589676376
2010-09-10,0.0004122975824663834,0.0005107812362144755,0.00030948707535255503,0.0004962641150144258,0.0005359797864275819
2010-09-13,0.014982059406466188,0.00762887373440952,0.011729750089842162,0.008000901715555824,0.00849051175334788
2010-09-14,-0.0026618981455598543,0.0015775229244851725,-0.00030157076147462237,0.0027231230603463924,0.0025942570878963326
2010-09-15,0.005202666960938846,0.0067380579645231675,0.005629361717771022,0.006163138951967092,0.006046832416685979
2010-09-16,-0.0005808549869962781,0.0014899116993148537,0.00041314332129046676,0.0008166354534789286,0.00044844142362891737
2010-09-17,-0.00577413537141239,-0.0026435090332398116,-0.00460831559801288,-0.0037098079712375776,-0.00405380163154346
2010-09-20,0.013780159168038358,0.012856609812918593,0.012974721746720232,0.012048266705311785,0.012074012520866227
2010-09-21,0.0006530392832010796,0.002872747257235856,0.0018680502863060325,0.0025154434588673504,0.002072156105844862
2010-09-22,0.0014588867524095285,-0.0030247716698787994,-1.9272863979449115e-05,-0.0003902093180922482,0.00036198905906868306
2010-09-23,0.004018138388407687,-0.0009694823518491215,0.0023916084108357148,0.0011399391818063531,0.0017524709001636185
2010-09-24,-0.0016374026628530795,0.004325600524256958,0.00010290144635899928,0.0006731664270518178,-0.0002944946256867528
2010-09-27,0.0036430725464442386,-0.0008346627860672491,0.002093111721323013,0.0012276149923035528,0.001920113695117988
2010-09-28,0.007335048228193613,0.0058619234462970295,0.006937669470525271,0.006394265121875979,0.00646903909304868
2010-09-29,0.0022247573097005716,-0.0015427872098245426,0.0009129928775792024,-0.0008698049108240761,-0.0005839643512811004
2010-09-30,-0.0014060527025081598,-0.006004867362215733,-0.0031119105223158744,-0.004361299950735465,-0.003791505577757765
2010-10-01,0.00513808673281969,0.0008128791080551282,0.003572471653686233,0.002800877411471507,0.00347371485578287
2010-10-04,0.001204501014147265,-0.0006545415432038228,0.000613317312902827,0.00017208893776680874,0.00039053296568016693
2010-10-05,0.013768235382984084,0.014645559611104192,0.014073355783139207,0.01425605567058297,0.014095748631188565
2010-10-06,-0.00781905340420327,-0.0021062698246457475,-0.005379722876535398,-0.002860484673568346,-0.0033316456282102822
2010-10-07,-0.007917772959964332,-0.005763356646416953,-0.0074087885073673195,-0.007172823197643543,-0.0074740626542098045
2010-10-08,0.013134639624027125,0.010127576661759514,0.01211296793294941,0.010963834935347078,0.011198488422292666
2010-10-11,-0.0033945388078362518,-0.00492746116378365,-0.003863756413442244,-0.003525829712264253,-0.003094700117118416
2010-10-13,0.009315729817982635,0.0070933102749484705,0.008518426363673785,0.007797164217548306,0.007996646300817216
2010-10-14,0.0011967960933350994,0.002734283668318555,0.002128937638239012,0.003232151745063005,0.003218777315021686
2010-10-15,-0.0006249212692946619,-0.0017586446751194675,-0.001420465091427538,-0.0021540292015185818,-0.0020683886998510404
2010-10-18,0.004574414987690213,0.008582740201212151,0.006071480258099474,0.006843606134236801,0.006263166876702557
2010-10-19,-0.01940651015733745,-0.015384522954898233,-0.018405832928127634,-0.018641835395260795,-0.019499835714735892
2010-10-20,0.004051267968823557,0.0027368347191232,0.0035270238855318425,0.003463241927187334,0.0037522823425120504
2010-10-21,-0.006161275055842263,0.0004254819263435449,-0.004192524345430542,-0.002960730141293381,-0.0039048148926005962
2010-10-22,0.002449763798265029,0.006071778970651599,0.003884238057517694,0.004893868604579743,0.0044481802945735
2010-10-25,0.006450251577695327,0.006264057336901064,0.006702355001274988,0.00625289654477415,0.006068154012368838
2010-10-26,0.009895407823295874,0.00419690877144424,0.007741188146618087,0.006162774839350228,0.00691194686298
2010-10-27,-0.007057023203807772,-0.004330026072184497,-0.006348831370810135,-0.004967934000702681,-0.005005869883567751
2010-10-28,0.0033975691110150813,0.006259155346978685,0.004912386765641591,0.005909205215142656,0.005489368722103112
2010-10-29,0.00143744279619689,0.0007045900159890749,0.0014864651021505423,0.0022091991175002064,0.0025828213962687105
2010-11-01,0.00807887508187263,0.0018808684443362075,0.005562300226780465,0.003144406022230624,0.003733980529615133
2010-11-03,0.0035214192308631494,-0.00029188703205923125,0.001522950195338994,-0.0008646235435472722,-0.000757486293723519
2010-11-04,0.018472465885690854,0.018358522356938425,0.019042518808174744,0.019433554141254007,0.0194845460886964
2010-11-05,-0.002270073665925197,0.0007459508264851538,-0.0011214919392130468,-0.00023839070455532784,-0.0006030337220789454
2010-11-08,0.007685238571353974,0.011555393720843382,0.00968397290428817,0.011208615157525194,0.01076766966095806
2010-11-09,-0.014580104328544626,-0.011922417344446632,-0.013911646020095985,-0.01311486900838886,-0.013356968835269855
2010-11-10,0.006325277241093868,0.011160221088695113,0.008527298005068856,0.010241513801129724,0.009680740106311073
2010-11-11,-0.001886002369988546,0.003494136156892257,0.0003250442173830625,0.002419774031362532,0.0018862212637131047
2010-11-12,-0.015507227417953321,-0.017795487434662804,-0.01704254268111397,-0.018566038161248865,-0.018456517641401674
2010-11-16,-0.01599081014450599,-0.01385529469908195,-0.015286948323197906,-0.014638784665493869,-0.014863498215003356
2010-11-17,0.0022702135963821547,-0.00011207621620882264,0.0010761386176364688,0.0003488007488951415,0.0006796282595204901
2010-11-18,0.01194908933166598,0.006817193778688402,0.009939514459338952,0.008032532109997558,0.008528462631123512
2010-11-19,0.003287536144312373,0.003984640818720642,0.003499257689363823,0.0034795954861964688,0.0033215577162461762
2010-11-22,-0.0059670572212197955,0.0022711013906610822,-0.0024012862412313807,0.000217419205462812,-0.0008294349899978785
2010-11-23,-0.01323865147410342,-0.003155920050881694,-0.008533980223981705,-0.004288394588676213,-0.005236000928648695
2010-11-24,0.013529096704317385,0.005794106378703341,0.009894589966277402,0.006938565318409511,0.007783808392767602
2010-11-26,-0.01163917013590162,-0.007994631026899554,-0.010087992420628892,-0.009334787917613024,-0.00979939277275049
2010-11-29,0.0001373101227354947,0.00014155101106088142,0.00021012050260984407,-0.00044694361389352856,-0.0006511984671528976
2010-11-30,-0.0052766237322676105,-0.0026989783491032887,-0.0037059902369672992,-0.0009506319872572231,-0.0005527053668942159
2010-12-01,0.014456793605663583,0.008703582591730073,0.01151299170656351,0.00876799952227233,0.008985058541352006
2010-12-02,0.005071876977526751,0.0042691711224131235,0.004302137452730716,0.002699759263946975,0.0023276614822687154
2010-12-03,0.0036727396703963716,0.004481041294572797,0.00459686226055411,0.006079035718656331,0.006422287511355503
2010-12-06,-0.003911745002223461,-0.002076934561711853,-0.002886103525503164,-0.0013303429500673095,-0.0011847334981763367
2010-12-07,-0.010872884533712292,-0.012015515863681764,-0.012118985251606613,-0.012829081246525983,-0.012871564911778419
2010-12-08,-0.005089068182118962,0.00034675387608175786,-0.0035411472026660802,-0.0036049893945700635,-0.0047143248665438495
2010-12-09,0.0027329226083077623,0.00839359727924595,0.004994256897001095,0.006788994830240661,0.006249247891426448
2010-12-10,0.0087939468259669,0.008237508327808047,0.008343437032783884,0.00741455069072152,0.007222108538393747
2010-12-13,0.005757734067607532,0.0003298501573178864,0.0038982457592743863,0.00237833385467181,0.0029687470240763593
2010-12-14,-0.003971516031076943,-0.004080577848324965,-0.003920269728706186,-0.004150221032490534,-0.004199812203812029
2010-12-15,-0.01077293378034093,-0.00689775492956985,-0.009507604463248753,-0.00830642963380418,-0.008699345040315682
2010-12-16,-0.0015778016837690876,-7.67288321518705e-06,-0.001355420215428346,-0.002314378970407729,-0.002943257318937418
2010-12-17,0.008307630426337297,0.0068871694766729575,0.007854608051418783,0.007535787164327529,0.007716495525125224
2010-12-20,-0.005067640761896757,0.0005028861040149854,-0.0028334219512039668,-0.0006895610799556458,-0.0010954176854899784
2010-12-21,0.0002891483470486563,0.0012147987209922403,0.0004252317773286724,0.002539618921385214,0.0030045801921295776
2010-12-22,0.003267782234480223,4.574761117800171e-05,0.0019704279498599076,0.00022121716795866865,0.0002927764974412305
2010-12-23,0.0002183426347428859,0.00013825696074378212,0.0001130382895598412,-2.9527981201513902e-05,-6.152488374440077e-05
2010-12-27,-0.003940933651688946,-0.00010222679962368155,-0.0024158860015147158,-0.0013021520579383154,-0.0016960728532786566
2010-12-28,0.003313404433657281,0.005024562630013156,0.004544747096361277,0.006278565503209239,0.006469033493849746
2010-12-29,0.00855345301590771,0.001031074801451493,0.005758936070767786,0.0030762617683768928,0.0036709275052569652
2010-12-30,-0.00066178049641142,-0.007094063889243329,-0.0032353900534046616,-0.0056420742350754135,-0.005134794498286337
2011-01-03,0.0046653931343284645,0.0018449847220755704,0.0034263558104502,0.0025939595791727096,0.00287426451331863
2011-01-04,-0.00017273613150909059,-0.006017240386917182,-0.0033072767682672736,-0.006721604955447514,-0.006615764887000747
2011-01-05,0.008385330089767584,0.010781499052615879,0.008996301580682452,0.010025981396238432,0.009906331955400988
2011-01-06,-0.001403027213719775,0.0025629223002193186,1.5140456530928686e-05,0.0009083792337281293,0.0004109988580343683
2011-01-07,-0.00613332440996193,-0.003167380770828888,-0.005061587964873343,-0.003821259893208025,-0.004041841338418845
2011-01-10,0.00112971773664506,0.0037214059968302864,0.0023564267642761905,0.0038820719177626315,0.0038672361788882016
2011-01-11,0.007221551811945809,0.0035167762022909,0.005945991222688594,0.003869448671732214,0.003953179139274055
2011-01-12,0.00995535861850442,0.0037385540912891566,0.007382321411806345,0.005183773924339992,0.005707247000923634
2011-01-13,-0.013799507762678366,-0.011013917204095435,-0.013130569598066043,-0.012182268574609254,-0.012435142961369348
2011-01-14,0.005920622737385706,0.006216151905516874,0.005397722207368946,0.0040461693740296775,0.003615315432459381
2011-01-18,-0.00024578420414268,-0.0006640615177052167,-0.00026598774753850123,-0.00023451810183127862,-0.00015630522294200763
2011-01-19,-0.010419207598211149,-0.007320818546527367,-0.008807099838415497,-0.006861599097082911,-0.006893836050243001
2011-01-20,-0.01004125639267323,-0.009496894268200051,-0.010573275711966713,-0.010944541548435254,-0.011160434957899774
2011-01-21,-0.003994683583249513,-0.0005712471150533829,-0.002791664536556143,-0.0017146238189793652,-0.00201609442615611
2011-01-24,0.005100504317889632,0.0016725444961367742,0.003421401874158498,0.0009948285904998304,0.000941013214973984
2011-01-26,-0.005322052131059669,-0.000601686893731734,-0.0033833411906285353,-0.001806971418843077,-0.002195405547001383
2011-01-27,-0.00964676049993493,-0.009303881536585599,-0.010501518107951429,-0.012026875578792375,-0.012480011709588271
2011-01-28,-0.009965956154230928,-0.0015588276773299495,-0.005330627897662695,-0.0006682475288568381,-0.0008868441342433757
2011-01-31,0.00013296146059729424,-0.0010487015673340276,-0.0007671005897095613,-0.0023172553095511163,-0.002488112733105428
2011-02-01,0.012023634199291817,0.00827259845407333,0.010111146262488513,0.008928336650507459,0.009278563019110926
2011-02-02,-0.008701913821792475,-0.003557146519639196,-0.0065879290596624965,-0.005633354155949021,-0.006201965003063329
2011-02-03,0.004190029818515331,0.007508549087543099,0.005959186460086576,0.007716557970877929,0.007562559380975408
2011-02-04,-0.011037367508992008,-0.003779809515900337,-0.008426978286509339,-0.0073849315989532064,-0.008308635688350581
2011-02-07,0.0010606132782750432,0.004460615778011345,0.002095445214219251,0.0033358611575782715,0.003118504482805035
2011-02-08,0.005820501994641211,0.004378442343362996,0.005512660222874339,0.005332425361303089,0.005480068060221424
2011-02-09,-0.01829496201474954,-0.009751891960466675,-0.014901287285280543,-0.011739558851903613,-0.012363486259380413
2011-02-10,0.0026777634534399255,0.0024430067657679605,0.0024606279919498395,0.002689934238285649,0.002797560558361214
2011-02-11,0.012550029391960663,0.004866286003219355,0.009141117416375098,0.0058358400710655685,0.006318309125894433
2011-02-14,0.008368127233759627,0.005640386007802259,0.0073878269873404465,0.006880347763672324,0.007201089635455075
2011-02-15,0.0010473382182121698,0.001434661414241793,0.0017894125693849049,0.0019661014700363437,0.0019440991860044385
2011-02-16,0.012542537856644349,0.007943635582386668,0.010481978988283475,0.008948120542883409,0.009342156192045923
2011-02-17,0.0021569003769702317,0.002255822841967429,0.002367324087197645,0.0025951228506480043,0.002617151899832324
2011-02-18,0.004753626238707557,0.0037450086112548226,0.004344938383438498,0.004063671659769081,0.004132256766965441
2011-02-22,-0.017176905509421962,-0.009326754120194868,-0.012916105762278196,-0.008693168849047441,-0.009010382109287908
2011-02-23,0.007063673640584472,0.004267116798851231,0.006715709302920496,0.006387784912903745,0.006747826465666637
2011-02-24,-0.003277061534620998,-0.0066229312226723566,-0.0049651858167331165,-0.006329418140569708,-0.006134904999768608
2011-02-25,0.00302877041984577,0.005479555634479444,0.0038674864739177924,0.004140935230186536,0.003835756561466014
2011-02-28,0.0052159229341256766,0.004215338250023591,0.004648588287914896,0.004230374152716429,0.004318735818658599
2011-03-01,-0.008895666575869146,-0.002781818865875545,-0.00498568589647737,-0.0012950000218232833,-0.0014972513407362042
2011-03-02,0.009150982990367991,0.003611841348201147,0.006587778585083127,0.004870975206157921,0.005347321896428462
2011-03-03,0.005904825966153237,0.00018384799496820755,0.0021861327146942932,-0.0007210273458964168,-0.000556756223385987
2011-03-04,-0.0026620216064786985,-0.0027436204880097706,-0.0020953199801445367,-0.001297958793757827,-0.001061530745576951
2011-03-09,-0.0053090247001300285,0.0013835900419187596,-0.0025249024721802306,-0.00019374101989289808,-0.000735307628185605
2011-03-10,-0.017563533717789306,-0.013389861189632701,-0.015700658031555584,-0.013531347901170396,-0.013675704957628185
2011-03-11,0.008883998744792898,0.00773734177155401,0.008257758754304971,0.007689165480070129,0.007729260951975555
2011-03-14,0.0040038510174161815,0.0010993113191490953,0.0030594958414848702,0.0026976219943002813,0.003083661223710203
2011-03-15,-0.0070760452955239235,-0.009565531630473233,-0.008512161140459837,-0.009270922821858917,-0.009055919238247202
2011-03-16,-0.014938175669346269,-0.010768658374140727,-0.012639093098516357,-0.009871562687276002,-0.009843475706262482
2011-03-17,0.009102859056118517,0.011008159843712065,0.009879430511502455,0.009469533375426933,0.009054970578490862
2011-03-18,0.008973921169189434,0.0063958213214175465,0.008089123037747073,0.007346113098459676,0.007573565041657942
2011-03-21,0.0021545956426595814,0.003525684347542174,0.002627405805078187,0.0020127101478354696,0.0016364751128837987
2011-03-22,0.0070073373747843466,0.0014389904204791387,0.004647346767043553,0.003143949079623327,0.003683614993723324
2011-03-23,0.00405644931558107,0.004069501635355703,0.004353921731185511,0.004496272751262122,0.004540663183075112
2011-03-24,-0.001684717824295355,-0.0017973586669689085,-0.0022930830672507137,-0.0034634500109949947,-0.003763318636515234
2011-03-25,0.0016108169546613057,0.00143239059380319,0.0013609864420340405,0.0014482987762461112,0.0014983667312208188
2011-03-28,-0.005918458903499957,-0.003700576207859159,-0.005032140928436029,-0.004519476946987821,-0.004757476562096817
2011-03-29,0.0019499108716211143,-0.0010511617453313742,0.0003711279331790997,-0.0012170699845522105,-0.001135230249125063
2011-03-30,0.002748909369663954,-0.0025569855112866314,0.000301191877383005,-0.0014374259432652083,-0.001001495644628074
2011-03-31,0.004765739354939762,0.002160086546785213,0.004013295957126136,0.0038084674616951785,0.00421346313505855
2011-04-01,0.004357845634927294,-0.002380721043472585,0.0010553227958464302,-0.0015993616788398043,-0.0011887523127036511
2011-04-04,0.0010971099845572122,-8.626920724295402e-05,0.00047493465200322283,0.0010301580274476709,0.0013468570825495166
2011-04-05,0.0019343220462946773,0.00626834982150391,0.0042282987177288,0.0068795650954385865,0.006805302667591369
2011-04-06,-0.0048933872870708765,-0.0005699325497859523,-0.002820577728621259,-0.0019143834989568335,-0.0024266815317510256
2011-04-07,-0.0047608278444075365,-0.007770223648108905,-0.006219686383413737,-0.006317299878670595,-0.005841296193795764
2011-04-08,-0.007733095628799036,-0.006929555914388159,-0.00709732045842442,-0.006103972173991565,-0.005997852621771629
2011-04-11,-0.006540769553652741,-0.004206137550674638,-0.005627091026697718,-0.004878856027499659,-0.005095149976609703
2011-04-12,-0.012638648307237888,-0.007398162312056309,-0.010187938724172932,-0.008614458661858655,-0.009142838426748824
2011-04-13,-0.003671633128825687,-0.0011196263227747137,-0.0024510613850166974,-0.0014590964504359167,-0.0016796934590889506
2011-04-14,0.001403274815260234,0.004318901542602143,0.003201566255182814,0.004277188419521509,0.004037511594570369
2011-04-15,0.004075296295946457,0.003463935543537757,0.003897239915308573,0.0040335581906927355,0.004199974442222655
2011-04-18,-0.007089441212920681,0.0007003148192530875,-0.0027814647148238975,-0.0004863863668943287,-0.0012621964493577669
2011-04-19,0.003714971417850768,-0.0009093821358423131,0.0012900374454858218,9.00601267534518e-05,0.0006086292840012114
2011-04-20,0.010253637739840667,0.006118529091328388,0.008109582409833699,0.006216923478910348,0.006485845749726244
2011-04-25,0.0013356052427273973,0.0019332307854269036,0.0016560959013791332,0.0014196853266671397,0.001260774812839951
2011-04-26,0.0014020830987154802,-0.0013548993756172293,-0.00016405650504764893,-0.0017120044311468704,-0.0016278105312344281
2011-04-27,-0.000270064436907108,0.00930783282493371,0.004671203419285803,0.007558293137568401,0.006621100297535189
2011-04-28,0.00044643328547768857,0.007157972975016349,0.0036472707172101743,0.005549361251000046,0.004801116574789858
2011-04-29,0.004523962381778171,0.004510754339311682,0.004882487982697578,0.00563849201870066,0.005878193335314024
2011-05-02,-0.008549230542795203,-0.00815822387482629,-0.008658245193987928,-0.00916428887373136,-0.009350511093734143
2011-05-03,-0.007276995389593458,-0.0007405480479319246,-0.0041282396362310745,-0.002541652178916188,-0.0033301075709335224
2011-05-04,-0.007790211652459741,-0.004687877278862177,-0.006575222490623353,-0.005992419140784951,-0.006344468170154088
2011-05-05,-0.0031241308635897333,-0.008012794742858959,-0.005844447779577369,-0.008762069964357447,-0.008633482718766105
2011-05-06,0.007970346514180288,0.0062875057743994826,0.007004206648235132,0.007814232182137733,0.008362235282648739
2011-05-09,0.009138190270238652,0.012311966771434889,0.011157235229223994,0.011979610664518067,0.011561173412391495
2011-05-10,0.0008479358213760724,-0.0008560320085890116,-0.0002151596760238868,-0.0006544650115848741,-0.00043259976294596306
2011-05-11,-0.01209389738876001,-0.006783029804258658,-0.009543829676563495,-0.00780949950252647,-0.008344477773752329
2011-05-12,0.003150357047076426,0.0037631905334867036,0.003164753127668643,0.0034600695927351913,0.0034226834122503707
2011-05-13,-0.008005613727212214,-0.002929959796333012,-0.005680319074799799,-0.0038456603496805474,-0.004319816731533921
2011-05-16,-0.003903207679202018,-0.004821235823807882,-0.0039103029269070295,-0.0046996218032014534,-0.004756223016459491
2011-05-17,0.006342833764668585,0.000373373518569044,0.003248352650810416,0.0014988354632904266,0.002154596383741074
2011-05-18,-0.006796707556210851,-0.003948276491214039,-0.005363764878703424,-0.005123066612819635,-0.005625160220012635
2011-05-19,-0.004313135780196863,-0.0012450358082995339,-0.0028217951257518,-0.0020431815330188485,-0.0023861113491905795
2011-05-20,0.002656011656203395,0.0045487320997417025,0.004111048584739678,0.005738458947967321,0.005815007257345637
2011-05-23,-4.5632346048861535e-05,0.004312950816480238,0.0024634078775752828,0.004291438771407953,0.003937288439946517
2011-05-24,0.0070467729487449044,0.0025703339909232507,0.004830152925103692,0.0043537503350919065,0.005082151232141342
2011-05-25,0.0019369869610408434,0.0029741421165937476,0.002279255475641199,0.002527179426542758,0.0023933116343690113
2011-05-26,0.005369110720258331,-0.001352698013481212,0.002059448460323315,-0.00044447719324706926,0.00017049881693573626
2011-05-27,0.0005137159102371327,-0.0008107693430332983,1.0556199845366835e-05,-1.5260487876874723e-05,0.00022414582419974725
2011-05-31,-0.0007188128936926617,-0.0032245239610782027,-0.0025913996616995583,-0.003021562047767539,-0.0026524330667407592
2011-06-01,-0.011955327700475546,-0.007025633998995618,-0.008544420807588115,-0.006753150211789548,-0.007228038001767083
2011-06-02,0.0031471143041884326,-0.0015111470121949545,0.0004720857637056952,-0.00010974169966138467,0.0006223835818476784
2011-06-03,-0.0022648985880893216,-0.0029874106900168,-0.002336301343721386,-0.0015418260731052123,-0.0011970998831840882
2011-06-06,-0.011671779831134816,-0.003980254031915096,-0.00790056659690118,-0.005144492568857754,-0.005987491071439712
2011-06-07,-0.00033471768101980034,-0.0020357441553055487,-0.0010728868482966327,-0.0015396900235629045,-0.001307500168778296
2011-06-08,-0.0011361975023404885,-0.0011273320392006369,-0.0010225184356151054,-0.0013034243724161572,-0.001395334741732378
2011-06-09,0.008124741407581248,0.008970957942791081,0.008360940313027204,0.00861060414850301,0.008499842027112667
2011-06-10,-0.009960414810171507,-0.00826537042037768,-0.008970242458554939,-0.008437388414419636,-0.008643405439801336
2011-06-13,-0.008765201617007412,-0.00927939798296046,-0.009244090055350571,-0.009936512781853953,-0.01001263056525013
2011-06-14,0.005281178793257285,0.004092451437952016,0.004785565392179141,0.003696847382294269,0.0036448253298337853
2011-06-15,-0.0043636373063845125,0.00031612790363675275,-0.001593986853761141,0.00020655396886778553,-0.00032500826371740924
2011-06-16,-0.0007632960804612094,0.004433834665187519,0.0016288009363474945,0.002540587293363664,0.0016939776483915188
2011-06-17,-0.0015794464830369192,-0.0015551494250010888,-0.0016941314881786216,-0.0009324530266025614,-0.0007037240602395879
2011-06-20,0.0027894021007827427,0.0017719998566063568,0.002314575358643939,0.001578853169464461,0.0015838736972450035
2011-06-21,0.00443894155226924,0.004519080327891155,0.004206632399362155,0.0040780563355249065,0.0040630710426003405
2011-06-22,-0.002672865344236777,-0.0035921556734767107,-0.002681222098093439,-0.0032357690411015964,-0.0032417393335909704
2011-06-24,-0.009929717411449986,-0.014411060378079437,-0.01249339002536643,-0.013957470595711358,-0.013347489028465474
2011-06-27,0.00400344843933557,0.0008909514277351895,0.002371558304664536,0.0005756528943049235,0.0007060066214217648
2011-06-28,0.010442827560355448,0.003206366555784241,0.007059165348168902,0.004346955290311726,0.005108318406103117
2011-06-29,0.0012229948421941207,0.0006702675527251723,0.0010110110616900884,0.0005665832809744672,0.00056041664177901
2011-06-30,-0.0017126632188431824,-0.0063204090933550484,-0.004065969333203177,-0.006282936355948025,-0.005877986130926683
2011-07-01,0.009189388486365944,0.0042221467542760144,0.006295753496496064,0.004461616487195387,0.005075697503894307
2011-07-05,0.003054742073972833,0.009671314130231257,0.006587653108915327,0.008895205805790842,0.008084494907622008
2011-07-06,-0.0018164335283843843,0.0037493662257215023,0.0008119182618967453,0.0028600008387457496,0.0022640964674547092
2011-07-07,-0.0022310970741727483,-0.0007611347770639377,-0.001847191651652564,-0.001922701625404831,-0.002300785658891612
2011-07-08,-0.006273486199273743,0.0007087841489882609,-0.0030751983622814413,0.0002465696001354855,-0.00022636635407849873
2011-07-11,-0.009768377200730035,0.0005387419020980569,-0.004668928354111684,-0.00025299386802630705,-0.0011052930060687564
2011-07-12,-0.005340407791265606,-0.001373092527243926,-0.0033686326524728478,-0.001441754514458404,-0.0016906548004310435
2011-07-13,0.011623733406812688,0.007772949434702949,0.010218709624291668,0.009117939623889442,0.009636698131347434
2011-07-14,-0.01172709176502978,-0.006631094521162257,-0.009369715788176206,-0.007168888678695331,-0.00758764226602641
2011-07-15,0.0012568125756187572,0.003934751316000798,0.0023406033359349475,0.0029691193367542665,0.0025520172411068564
2011-07-18,-0.0029375641934978633,0.0025394914121916416,-5.918133721332458e-05,0.002073918201389562,0.0015534342899727947
2011-07-19,-0.00040528970372212276,-0.005051559589669368,-0.0031857992549598722,-0.005825148255573764,-0.005670990403959961
2011-07-20,0.0004204853377104617,0.0015221309763174418,0.001102037996912665,0.00203068707258613,0.0020965196781932696
2011-07-21,0.008839844624939733,0.0017559863436983768,0.00512248055834125,0.002407781017863583,0.003093282165387813
2011-07-22,0.0020182074676332513,0.0027066849522271704,0.0025885554770316913,0.0029029536031950406,0.002856125162891272
2011-07-25,-0.004298683746178928,-0.0049090718235926005,-0.004026292449388324,-0.004040303228555836,-0.0038808380572561436
2011-07-26,-0.007100483281006907,-0.007828177144690782,-0.006957918610169969,-0.007728622034288878,-0.00779918629435859
2011-07-27,-0.004310037044087939,0.0019564575860757404,-0.0009169696477405641,0.0007257099153570287,-0.00014670641674444966
2011-07-28,0.0014461592702022432,0.0013629018841897777,0.0013242498651657986,0.0022973627395663993,0.0026602916693398452
2011-07-29,-0.0007677441441826555,-0.004065776032231756,-0.001688479977772071,-0.0024984312851822938,-0.0020107490094910642
2011-08-01,-0.004666362065068607,-0.004735320115414036,-0.0045997120246107,-0.004712800569964642,-0.0047141995185666545
2011-08-02,-0.011070638679939427,0.0010525240293744963,-0.004686849026246715,0.0016871837194225327,0.001085797755978293
2011-08-03,-0.011467509393757923,-0.003091352058246224,-0.008154995178960955,-0.005794550789022746,-0.006938497803944642
2011-08-04,-0.043395922112409155,-0.027470897333952082,-0.035527194659196945,-0.028392155614486242,-0.029584127749703527
2011-08-05,0.00795897566184241,0.01019712179564521,0.009259084160394065,0.009868959415269166,0.009505840474884517
2011-08-08,-0.05635942935235488,-0.022735791223820065,-0.03873620878741011,-0.023242946978185464,-0.025737095615597297
2011-08-09,0.0514105101001689,0.04772136805661759,0.04860043634960238,0.04549245671144093,0.04510289086383684
2011-08-10,-0.011900660668841788,-0.009900152180104163,-0.008642401082743686,-0.002776127584296676,-0.0007114865854458623
2011-08-11,0.03253116154132361,0.020919145613197132,0.025340003217842248,0.018378979039653742,0.018477195139241082
2011-08-12,-0.0012530932168531134,-0.006361522286139293,-0.0037225445423292175,-0.006087021614331663,-0.005688314950394934
2011-08-15,0.01338777072237843,0.006509595329846161,0.010096429753846923,0.007619119420198859,0.008444607299870135
2011-08-16,-0.004292289570400966,-0.0012446457740848092,-0.0022449434906019732,-0.00040129023128527674,-0.00040943550787097237
2011-08-17,0.006782377870154497,-0.0005817838053845179,0.0038199420248177314,0.0012503941442275467,0.0021892851022943683
2011-08-18,-0.019209557384812705,-0.00407562095710373,-0.010436118214817979,-0.00357986570974112,-0.004707691859448594
2011-08-19,-0.013471474547927005,-0.008810852863615335,-0.010651188620755325,-0.007354064619358635,-0.0072112564846446734
2011-08-22,0.005830042672398755,0.013580284915169659,0.009885776894294396,0.013628396268231662,0.013106688843769095
2011-08-23,0.013960556816024495,0.002605917085850215,0.006486765809836382,0.0005224101052434893,0.0009667999899061597
2011-08-24,-0.004456415670434719,-0.008882205149863017,-0.008145543659496114,-0.011086564391054784,-0.011198354854586765
2011-08-25,-0.005640538197810366,-0.0013235812632518484,-0.0028204007887971646,-0.0017096545044533724,-0.002351139229011135
2011-08-26,0.01285757470748978,0.017399529974917633,0.015341562429433749,0.017227332341129133,0.016806099157339542
2011-08-29,0.013261888455808947,0.0004866775184938924,0.005973784108606017,0.00043111510799395317,0.0014829218231798263
2011-08-30,0.010090230753799397,0.011664228622832343,0.01172227687086577,0.013225950316524706,0.013470791132047206
2011-08-31,0.010302945578102149,0.00041667691622083373,0.005741256538327448,0.0018844448076606114,0.002945894859160581
2011-09-01,0.016694246604571025,0.009936325948215759,0.01413786427076021,0.01286921406746759,0.014197892354089307
2011-09-02,-0.004882718957314117,0.012665143857468255,0.004774806811634821,0.011663779384502694,0.009888791450384788
2011-09-06,-0.0025893000828271615,-0.00027687667590279983,-0.0015182308783307063,9.4471622155741e-06,3.5412279352509494e-05
2011-09-08,0.010953393015447632,0.005468386659533582,0.007369314601162481,0.0056941498233826476,0.006216592505041021
2011-09-09,-0.019891115255911765,-0.00782025185513729,-0.013669269065155719,-0.0091657337148273,-0.010181314927174114
2011-09-12,-0.00259508646037011,-0.00303829837864841,-0.004262175442200316,-0.003924241519437241,-0.0038521859691818885
2011-09-13,0.010621004087184083,0.017996403271626778,0.014130472094745326,0.01627819671585097,0.015380274771759012
2011-09-14,0.013728884409314055,0.01095594912873065,0.011604230744922601,0.010406083212860425,0.010501084167683984
2011-09-15,-0.00312013903773233,-0.009875047006263056,-0.00767529338825376,-0.009989046756786727,-0.0094329774651829
2011-09-16,0.008937369674789307,0.00978524145614385,0.009258580330240426,0.010271963720168139,0.010436356953573828
2011-09-19,0.012009212678453791,0.0185255106811795,0.014803182924355625,0.016634682772533375,0.015802042040114688
2011-09-20,0.00016745308361905073,0.00902287812540601,0.004848979248211859,0.007779347817861431,0.006920678283943305
2011-09-21,-0.00650490883572685,0.001082900515485979,-0.0026308213685076335,0.0009949649238609947,0.0006435448912858198
2011-09-22,-0.021463091369982156,-0.0018484455846795088,-0.012306362610416498,-0.005696227226445091,-0.007752967806555324
2011-09-23,-0.015973896383377966,-0.03718996550936604,-0.02797799999846565,-0.03632050901832284,-0.034802960992758425
2011-09-26,-0.0001569653072997712,-0.009372473853742916,-0.00607769601521185,-0.00902317033183317,-0.008166007030111134
2011-09-27,-0.002506176510352997,-0.005458421640713745,-0.0035420600746394774,-0.004389651839334208,-0.003969728625407338
2011-09-28,-0.01469701554084753,-0.016406652814908534,-0.015914459643506476,-0.01621428876045979,-0.015949018809844548
2011-09-29,0.009129569631922036,0.014376337286894234,0.011559850857099482,0.013380315009273714,0.012845964847693129
2011-09-30,-0.010806472016710632,0.00024909262686309254,-0.004782537175100975,-0.00045004452240814173,-0.0012566700919282318
2011-10-03,-0.0090623459654883,0.004829910293741793,-0.00044616152023974195,0.0035416999826025893,0.002067527200162629
2011-10-04,0.0006913726556966386,-0.0016552057743253724,-0.0022131485092388085,-0.0032031803020919946,-0.0032447926358993057
2011-10-05,6.402710834730556e-05,-0.004516070865916972,-0.002321028375676699,-0.003836693821317528,-0.003378949047154473
2011-10-06,0.012620091187720842,0.000736045425605923,0.007208202962530902,0.0019870267727700856,0.002451187943596704
2011-10-07,-0.029002971090215567,-0.029436569984505317,-0.02971390170708908,-0.02886656080543971,-0.028639882538271277
2011-10-10,0.027591181832595627,0.022880264801404097,0.025022046428348963,0.023761481179058998,0.0240594957662212
2011-10-11,0.010844564817843443,0.007375972504718834,0.009291778204834957,0.007303190113532502,0.00726448876932357
2011-10-13,0.006721685799859573,0.0012104090655704603,0.004073062746248998,0.0018680965509610293,0.0021368447770815416
2011-10-14,0.005590731284548631,0.003306507258346598,0.004228314574205893,0.0032314205026102555,0.003204378457683568
2011-10-17,-0.016237089816297415,-0.008106080811325649,-0.012538407793934604,-0.008487016645566435,-0.00858866015201944
2011-10-18,0.023199495657780966,0.018366832439788892,0.020732261899869278,0.01771340256321752,0.017391167295841156
2011-10-19,-0.011903818031563181,-0.014410888206181418,-0.013393868269345875,-0.013485378987661946,-0.013145064105018174
2011-10-20,-0.004640149815517137,0.0004981419071774379,-0.002833873758615616,-0.001480809622855145,-0.0021985370472082243
2011-10-21,0.018241723815169624,0.015287336114355034,0.01664108918970343,0.015547489108084608,0.015625269669799716
2011-10-24,0.02240270768510619,0.01389752321940281,0.018832083861176102,0.014848874877126396,0.015213989720473407
2011-10-25,-0.013853387481166374,-0.005897875778395754,-0.009156963994337474,-0.004354693614096372,-0.003812535100400979
2011-10-26,0.015235059109123233,0.014020547754454554,0.01486472464024392,0.014159812510862424,0.014190825367426841
2011-10-27,0.02415261402962904,0.010980535343878571,0.018418039226159217,0.01249700132357715,0.013001764106513106
2011-10-28,-0.005501306213618607,-0.011171921112858413,-0.008607077140606363,-0.010611464591225337,-0.010343611244692215
2011-10-31,-0.02472789859084875,-0.022203081276374683,-0.02376809752301784,-0.021763212078297012,-0.02151001501268989
2011-11-01,0.004013400115829784,0.0137946059321458,0.009896663448831966,0.012707618139317695,0.012285599429492363
2011-11-03,0.01510966306845813,0.015900694380395305,0.014953332521207865,0.01542522060954506,0.015306254718662845
2011-11-04,0.0059790616058193295,0.004102304754049391,0.0052473607251941655,0.004441715550985907,0.0045561350369137275
2011-11-07,0.014186924432328225,0.018235281436896657,0.01669427837858127,0.018306674103733527,0.01830525671344362
2011-11-08,0.00023967695814540414,-0.0030894101755987234,-0.0016251961494555109,-0.004011669049339637,-0.004202035223002848
2011-11-09,-0.027175466530804448,-0.018325604080923194,-0.02294108101696517,-0.017657571976587877,-0.017572183917237486
2011-11-10,0.0035967167785967615,0.002781999587698705,0.0031278310074777833,0.0016237306191201812,0.0012936468379326225
2011-11-11,0.01703262090197633,0.015175788557230155,0.016166164856493078,0.015709556823436655,0.015830622544808305
2011-11-14,-0.002770828612514561,-0.001047697036240283,-0.001971246958070569,-0.001336608497440159,-0.0013664669412410241
2011-11-16,0.0004895359194323279,-0.000603756676136827,-0.00015719402335328237,-0.00019700004836641994,-9.660322601567629e-06
2011-11-17,-0.023278454626149598,-0.02341810656179425,-0.02352900709902496,-0.02418670205306799,-0.02438100421095119
2011-11-18,-0.0037492986946129144,-0.0024198361222113156,-0.0030387075397931887,-0.0023589436234535883,-0.0023853744214509262
2011-11-21,-0.004765261214332977,-0.004762916846829317,-0.004863105206121357,-0.005324991720966866,-0.005456842071963632
2011-11-22,-0.0031520734550273244,0.002179679833089923,-0.0004354582733021565,0.002082174898510375,0.001960810039426599
2011-11-23,-0.0067233293679900006,0.0027139356807933997,-0.0020475179224457934,0.0020605996589867902,0.0017104967354677045
2011-11-25,0.0029245660162720887,0.005201999180611126,0.0038394106336024454,0.004552358157816274,0.004278606222887734
2011-11-28,0.014145743885535153,0.009080993283276594,0.01165283800230006,0.009582733033507271,0.009808238235685562
2011-11-29,-0.009538612925509468,-0.006091687097688285,-0.008208453772076294,-0.006790175265573512,-0.0069776471586485735
2011-11-30,0.02252626220872256,0.013325379462477391,0.01794603702586513,0.01336938524256281,0.013613131288987118
2011-12-01,0.005036098285184551,-0.0022353984583064284,0.001397393546828448,-0.00047747160743353526,0.00017997255901417046
2011-12-02,-0.003675200429619623,-0.0040313836232794996,-0.00377518733123313,-0.0040972675308839634,-0.00407250527159846
2011-12-05,0.01024630946200641,0.0007033411318670831,0.0054129925021733916,0.0009072771832889968,0.0011371622507995065
2011-12-06,0.007380124569721008,0.00837877420597055,0.007833138137932493,0.008852487764761241,0.008945515057779014
2011-12-07,-0.00184934479124227,0.00299740554319685,0.0006565681418328517,0.0016867391165099506,0.0012323523987335507
2011-12-08,-0.0250934573294043,-0.022074550236125475,-0.024197607063509038,-0.022039106290068115,-0.02196588295927816
2011-12-09,0.02029807792337396,0.016667951879020985,0.018780171928465043,0.016010107352516383,0.01584954529185457
2011-12-12,-0.017406711680091537,-0.016619028527094775,-0.01771832297857943,-0.017090892153095665,-0.017086614902624395
2011-12-13,-0.0016929683813814498,-0.004009474088919296,-0.0033328145398350043,-0.00413348248319788,-0.003968071364166039
2011-12-14,-0.00882437536933516,-0.01116742018999993,-0.010279037668401039,-0.012257955883285123,-0.012475256208864378
2011-12-15,-0.006196391977772045,-0.007208426268327851,-0.006795838619826238,-0.007229016869561816,-0.007223913150601395
2011-12-16,-0.0007198444025639913,0.0025464136615189962,0.001250391704684273,0.002576779157178942,0.002456527095160056
2011-12-19,-0.006712489054139295,-0.0008178824459071097,-0.00408392082960441,-0.0019478994189415376,-0.0022637479689844213
2011-12-20,0.024588060960853687,0.018055429459267698,0.02124434984512306,0.018025416738165784,0.018277158796633535
2011-12-21,0.0002421553984893002,0.0018725959015786294,0.0010229833053400068,0.0014329110203505863,0.0012632654767917445
2011-12-22,0.007980623860163833,0.003415952758750943,0.005430867123287194,0.0034290962024492314,0.003634957512539034
2011-12-23,0.0051999682836021705,0.004185117605554423,0.004499220309808143,0.004055183595293626,0.0040880106957072206
2011-12-27,-0.0001525766588182692,-0.0021987306595397946,-0.001427503153395709,-0.0018264571584666427,-0.0016640493936253048
2011-12-28,-0.021739747905090423,-0.020338569933389,-0.02146181064414285,-0.02118171512983753,-0.021387553420389404
2011-12-29,0.008173136970577546,0.006602318722152021,0.007209673437257957,0.00581820480231043,0.005686154331629004
2012-01-03,0.027559696754432806,0.02162496699747582,0.025764796621171343,0.024592711751928755,0.025281746618121707
2012-01-04,-0.0034064811799106756,-0.004037943643112081,-0.0037703210990003735,-0.0035017906973710627,-0.003316707878741697
2012-01-05,-0.002679834813388287,0.003999347253555032,0.0005158238039602557,0.0027863826572991253,0.0022756395081032807
2012-01-06,-0.00043834483046420794,0.0008312546601612745,-3.074343854046263e-05,0.0008412031093904605,0.0008343447481013643
2012-01-09,0.006336359489873379,0.00018961104507220022,0.00375316784224377,0.0006795269116270992,0.000872889716046393
2012-01-10,-0.0004821651488971948,-0.004404607957732731,-0.0022884315713356932,-0.0028361331566811353,-0.002344249842041865
2012-01-11,0.0036651691545827926,0.0039010534025884997,0.0040624004623347875,0.004089729041165477,0.004066143627284617
2012-01-12,-0.0019941441448832766,-0.004405691319864432,-0.002913397565566798,-0.0041059641831287935,-0.003972443768991834
2012-01-13,-0.0096885298275196,-0.007867647719542572,-0.009152602516241164,-0.0086374366421782,-0.008748687973325335
2012-01-17,0.01424219377084095,0.008186656616203242,0.011681091279313473,0.009597041134051944,0.01013545350451984
2012-01-18,0.017325856187452904,0.012248061803983674,0.01524608209983689,0.012467854004649897,0.012619254903737593
2012-01-19,-0.002745050585527976,-0.00490479955495194,-0.004013580171240408,-0.0044929519073693604,-0.0042880111435776285
2012-01-20,0.004513661850168591,0.004502172598155787,0.004729744112491978,0.004985697459129082,0.005027796665510945
2012-01-23,-0.0010804815297069145,-0.0019230948948301878,-0.0013581698940032738,-0.001594362156769175,-0.001446234435994257
2012-01-24,0.0036227254619052903,0.002266441649175365,0.0029199834517659594,0.0019002783228793277,0.001869431633034246
2012-01-26,0.0015210068894370313,0.006048546090399497,0.004234961600881979,0.007566758636644634,0.00768097807210126
2012-01-27,0.003349113002829827,0.005770729176267903,0.004887108179821417,0.005804725756209136,0.005627095134058954
2012-01-30,-0.0021708318759364595,-0.0010302829069040599,-0.001815791702788789,-0.001184228357110591,-0.001229808821880967
2012-01-31,-0.0004992158874715958,-0.0006237144126433503,-0.0004150217760462731,0.0001679977489520121,0.00035666756000566225
2012-02-01,0.015018656079706426,0.007857568858473328,0.011913863399926882,0.009011479919349244,0.00941498541024197
2012-02-02,0.0013365769514435432,0.0019024371019553074,0.0019399695131554068,0.0022029970518818573,0.002163515368924734
2012-02-03,-5.363979836384815e-05,-0.0073220138110845195,-0.004326147094266593,-0.007245035590328173,-0.00688979978906725
2012-02-06,0.00019700952888430755,4.167207575369236e-05,1.7705683379825678e-06,-0.00013144552545939328,-0.00012182849882963725
2012-02-07,0.010312672222325799,0.01078942222225469,0.010933946148959236,0.01125311724551817,0.011300753532820144
2012-02-08,-0.003398532546111509,-0.005367384365239596,-0.004614163871512613,-0.005490535016083432,-0.005401416117070235
2012-02-09,-0.0011734135178430637,-0.0007045999457935258,-0.0010458082066535541,-0.0012053773964725632,-0.0013341213245082746
2012-02-10,-0.01575202095821664,-0.010256197177694007,-0.013115881731140158,-0.010911577071176085,-0.011364592206960542
2012-02-13,0.01269694641060417,0.005925017688831486,0.009491760299427776,0.007328427713083825,0.007915336507430554
2012-02-14,-0.008392200691971852,-0.0051576348611463456,-0.006836941942692223,-0.004987869089672919,-0.0052284499935955145
2012-02-15,-0.0011549348442437008,-1.6279251109897667e-05,-7.809423524387659e-05,0.00170672817227129,0.0018166053459847844
2012-02-16,0.016322174283430812,0.01346806914958742,0.014912416478839098,0.012722363382473997,0.012635888325151333
2012-02-17,-0.005605830229410373,-0.00863492259235507,-0.007300311710435206,-0.00826634173859411,-0.007946140379718789
2012-02-22,0.0032811219194873935,0.010946477304112967,0.007692717843656363,0.011415494078827615,0.011110897414529615
2012-02-23,-0.0018682853989381932,-0.0008377196778332035,-0.0016228659531141564,-0.0014007981586215362,-0.0015126511639360284
2012-02-24,0.005051778697822058,0.0028325344085400363,0.003777807316957805,0.0019156247666122469,0.0019235132076009436
2012-02-27,-0.006081848265436659,-0.0035212703334780095,-0.005273666085632112,-0.004545728561737931,-0.00477969410533782
2012-02-28,0.008498789744074307,0.005437111442178359,0.007576401602794504,0.006235822030913428,0.006446007717679691
2012-02-29,-0.012040721360762913,-0.022261565781419766,-0.018415217538079034,-0.023226519857014533,-0.02266672942644667
2012-03-01,0.01568502367271377,0.014612474041003548,0.015574029426603837,0.01488174353425989,0.01494483301372307
2012-03-02,0.007297946084752158,0.005679356770176885,0.006587513379181169,0.006635164233409151,0.006918680145474628
2012-03-05,-0.00834688316410364,-0.004058694026309841,-0.006402460280853356,-0.004334316124195121,-0.00465557977346855
2012-03-06,-0.016490301148627987,-0.009771275133335193,-0.013559195758421112,-0.011156240007938594,-0.011819771664266038
2012-03-07,0.013766814941991732,0.013447364699224848,0.013703365927733014,0.013609704952775893,0.01359358350305439
2012-03-08,0.012149083025152744,0.010908435390534174,0.011684256886224077,0.011190389426215622,0.011268425005077748
2012-03-09,0.002052335076567836,0.007529054863698999,0.0040842753018888985,0.006225418762761257,0.005938133408389883
2012-03-12,0.006217282091520278,0.010479991862413468,0.008128736333819855,0.009316562266243235,0.00871673013516798
2012-03-13,0.01533509465826052,0.002534968931874478,0.008802966608616868,0.0034979522920743147,0.0042836275442158294
2012-03-14,-0.0035336648322703166,-0.0061072564533388215,-0.005296809103254337,-0.006689863646045215,-0.006576967270287155
2012-03-15,-0.0049732368413242176,-0.0017065937720693823,-0.003529877977052081,-0.0020343969522394604,-0.002217199183005522
2012-03-16,0.000984263600018151,0.001999520482484821,0.001266824293245349,0.0015751854861203276,0.0015307781875033165
2012-03-19,0.003901201271942215,0.005296317547134806,0.004389718431369387,0.004772878497589829,0.004649762950834454
2012-03-20,-0.002526735781537875,-0.0003154549058035605,-0.0017027188541963167,-0.0009355703623701684,-0.0011632454091469152
2012-03-21,-0.0022188553553015916,-0.0013521010164092055,-0.0017472138173458564,-0.001743475848416117,-0.00183780890502063
2012-03-22,-0.012422324810550651,-0.008753431817153745,-0.01087172066338445,-0.009140543205221938,-0.009279054084446264
2012-03-23,0.002396090329288024,0.003944613765405567,0.003374407774474414,0.004027277318810786,0.0040049080926626845
2012-03-26,0.014138760182852669,0.014331807903678485,0.014165057632077292,0.014141201859543179,0.014185113502823506
2012-03-27,-0.006874849880573353,-0.005902555199495701,-0.006772001562599911,-0.006644438231882603,-0.006736120064282409
2012-03-28,-0.011440767010355424,-0.007768901266782737,-0.009960587734367074,-0.00824940086747384,-0.008516533954148088
2012-03-29,0.0019076077512972368,0.002686602500066988,0.002330873029848849,0.002178011406842283,0.002044420178401469
2012-03-30,-0.004485094655475252,-0.002282972611486868,-0.0036642656295814368,-0.0025576298522433484,-0.00261960021502593
2012-04-02,0.012500578363183176,0.011456206952763616,0.012009917420624846,0.01119661918951885,0.011179213281180616
2012-04-03,-0.01427418762434532,-0.015731807295291673,-0.015307855647270848,-0.016270347360321798,-0.016375221547773433
2012-04-04,-0.013436238983132228,-0.012981707321772335,-0.013205738807530313,-0.012734663443501382,-0.012839715349383062
2012-04-05,0.0012616858024882844,0.00238635524334538,0.002007151627094059,0.0028852345764440795,0.0029351830502439614
2012-04-09,-0.008475002473288896,-0.00519069292908804,-0.006545098179371179,-0.004960242822963364,-0.004962977597620685
2012-04-10,-0.009762040316658564,-0.0020656585447392773,-0.005876866505111476,-0.0024116464739121386,-0.002537750946084917
2012-04-11,-0.00028519195057670634,0.00122117906726634,-7.969689868034866e-05,-0.00017554362212014916,-0.0004050446679226194
2012-04-12,0.02073944383882296,0.015129293554738023,0.018231766914739583,0.015898892601051103,0.016220639038307238
2012-04-13,-0.011424346024839995,-0.009172963015629023,-0.010399050133933411,-0.009547808872778812,-0.009703771383668677
2012-04-16,-0.0031283297035071583,-0.002184949904892879,-0.0027506138286011238,-0.002126370404540645,-0.00217227581152894
2012-04-17,0.010066188077978351,0.009630100415911582,0.009428901501962234,0.00934542762160619,0.00921298366384911
2012-04-18,0.007149545405148233,0.00770450927192285,0.0072080753460494395,0.007139941158731692,0.007057025386797744
2012-04-19,0.001117908525079588,0.003909370776313758,0.0025200449704493606,0.003261661363646185,0.0030710975108870792
2012-04-20,-0.00031683898210500475,-0.0018381128764523578,-0.0010692705231033401,-0.0023351815650137914,-0.002306750515743095
2012-04-23,-0.009429114029443984,-0.00391993342134315,-0.007291595168604072,-0.004979314615087684,-0.00520328824709225
2012-04-24,0.0013233352719307751,-0.0008603825801058257,0.0005455238290574775,0.0001668207491758211,0.0003121187592277088
2012-04-25,-0.00022502590738318495,0.003475803982843025,0.0011357780652578387,0.0030230751160423754,0.0026376316585676827
2012-04-26,0.009098731497071123,0.010388112718717809,0.009668860085718052,0.010192135592530013,0.010126324326709764
2012-04-27,-0.002939656945154708,-0.0005198093974321077,-0.0021022777108835743,-0.0015137013773438613,-0.0016831850350868484
2012-04-30,0.0014248725677946021,0.003869543137449076,0.0023967467231626742,0.003831004245587532,0.0038749013373053543
2012-05-02,0.009912874888019046,0.008404760248961715,0.009113103320972106,0.008223008693793518,0.008115588344755896
2012-05-03,-0.003454795036476277,-0.004388520580937959,-0.003547057661134953,-0.004056792625556164,-0.0041529353098756884
2012-05-04,-0.018063440893821385,-0.011943445112762886,-0.015033919134129546,-0.011613212823916445,-0.011669314374377453
2012-05-07,0.0048338653866788275,0.0029535981031044013,0.004031328228520031,0.003158986609520659,0.003219441586041549
2012-05-08,-0.011604732881426577,-0.00979980249008558,-0.011419776378115627,-0.010839431130390764,-0.01112797551941283
2012-05-09,-0.0032754925291729638,-0.00025436131006280777,-0.0022249687334042257,-0.001367960251235659,-0.0016551352939842658
2012-05-10,0.0019181315870602906,0.0016688491493953772,0.0018404558875575387,0.0012348492459407666,0.0011652108813696538
2012-05-11,-0.008470598697801835,-0.008617051646586793,-0.008700488221305164,-0.00824697152230189,-0.008202699147277665
2012-05-14,-0.013775192976974177,-0.0027283659340046596,-0.00990655784178954,-0.0063259522626171105,-0.007098177144449387
2012-05-15,-0.012179270848583713,-0.007138617550392384,-0.010714787940888655,-0.009584422345395372,-0.009983316862592257
2012-05-16,-0.0030856633149010967,-0.0024942850512318887,-0.002730143923693746,-0.0027598344762890816,-0.002838175170099266
2012-05-17,-0.017239079613325818,-0.0028727272130936016,-0.010467351120653156,-0.003929891817383934,-0.0045051698897395345
2012-05-18,0.008106948345081636,0.00970537067091854,0.009261513994382046,0.010285009297882414,0.01045128374121205
2012-05-21,0.031494234487094035,0.026233910719633862,0.02866463191398686,0.025986357645676767,0.026219740516349458
2012-05-22,-0.014030641002241566,-0.006765008697934259,-0.0123520649465244,-0.010500911693711359,-0.011163046955687289
2012-05-23,0.005260485852768927,0.007329882950828007,0.00650419768118232,0.006491591663935841,0.00596281284317723
2012-05-24,-0.017401245029418987,-0.018760782147288407,-0.018104552693922867,-0.01800395470430988,-0.017800933562528116
2012-05-25,-0.003432192214286483,-0.009503024132347337,-0.0052302857744649135,-0.007162064684949647,-0.006607423307450948
2012-05-29,0.009320758551425909,0.007041909601454036,0.00761503429494179,0.005199819065176593,0.00493683221749602
2012-05-30,-0.007238837453234899,0.000260982478861195,-0.003840993366080009,-0.000544726792489692,-0.0007899402747529997
2012-05-31,0.011473349826641293,0.008361419399337723,0.010079885614959917,0.008189255727816246,0.00837834468461777
2012-06-01,-0.006415876835748394,0.00865289122944966,0.0015803823736084174,0.009112415292542598,0.008804239209742264
2012-06-04,0.0009834337705702197,0.001538132628735747,0.0011918350591854652,0.0014387044387516098,0.0013916004929095662
2012-06-05,-0.008329879489673921,-0.006886066249972066,-0.008097338384947507,-0.008610577707168844,-0.008958260211750353
2012-06-06,0.019240591003508695,0.01192973624331049,0.01550903114802464,0.012515778600825802,0.012910415515230167
2012-06-08,0.004469946616582216,0.0018201276590031521,0.0029132528065260424,0.001554303670085907,0.0013838524771754323
2012-06-11,-0.009620419196898038,-0.004159231610311557,-0.007167022777212438,-0.003765702860945705,-0.003727464812148492
2012-06-12,0.020399975352722147,0.01904172541170736,0.019864647040049567,0.018993058660800692,0.018948192462083385
2012-06-13,0.0041108933485717635,0.002730494622990108,0.0041113166265924015,0.004454744467720475,0.00472764723144586
2012-06-14,0.0040748841956965475,0.006647919370353528,0.005044134981296629,0.0054326901968566104,0.0050140232409136105
2012-06-15,0.0021262943713919805,-0.002832097410756806,-0.00016864454572533652,-0.0016718441921264207,-0.0012952007117757367
2012-06-18,0.008144734672356189,0.009287938631035445,0.008453013498589918,0.008134904849583853,0.007942816883964986
2012-06-19,0.010240365827065818,-0.000744835107754065,0.0054106821758740506,-0.00046584067676209404,4.645823637820143e-05
2012-06-20,-0.007962073299002318,-0.009458369393157815,-0.008909413106667643,-0.008970339787670534,-0.00873935112894924
2012-06-21,-0.026742155847617587,-0.02350424220724391,-0.025571929458314952,-0.02394586608649255,-0.024167326143094504
2012-06-22,0.005705155519796901,0.010676153629801552,0.007545569372330364,0.00966056586314172,0.009259417980167717
2012-06-25,-0.01468954498156974,-0.0036652725085865702,-0.009445992973938727,-0.004557040911069781,-0.005215568869808286
2012-06-26,0.0016378159605414467,0.00043307803169349916,0.0005298583096174552,-0.0006894331379054075,-0.000724342406081379
2012-06-27,-0.0017139922553747273,0.0024914709472202297,-0.0005820440996802317,-5.2258485091582354e-05,-0.0005266101388326364
2012-06-28,-0.0024941315364058864,-0.0022042939470007916,-0.00276754312435367,-0.0036219709598046355,-0.0038400456838687032
2012-06-29,0.01238336401923739,0.001408961845035565,0.008293830336305654,0.0044464426316624,0.005362043297263206
2012-07-02,-0.003935089827880672,-0.010525811740145333,-0.006496016361297053,-0.008954963143182539,-0.008497020399141667
2012-07-03,0.015475385584451879,0.013944659408491057,0.015049374492289474,0.014572444254644016,0.014830817592788502
2012-07-05,0.0034355785218531886,4.411002076775681e-05,0.0016979423947869057,0.00039004296197820093,0.0006877924591139168
2012-07-06,-0.012928560850392883,-0.00973562734469567,-0.01197087183809647,-0.010910599542205896,-0.011143062844111144
2012-07-10,-0.02041395071038937,-0.01436997988272729,-0.018067612460789143,-0.01585040970375318,-0.016353220628421688
2012-07-11,-0.0006710737474734451,0.0014374734875842812,0.0002340353244312609,0.001156972477969735,0.001089804681844694
2012-07-12,0.0005531028199955721,0.002373075557234621,0.0014093058632422373,0.002152652693373915,0.002000963651599507
2012-07-13,0.012059448373586001,0.009469934933818857,0.010655175033751348,0.009507158378779522,0.009713073457413257
2012-07-16,-0.005831447107191199,-0.001802606138719848,-0.004317813521973652,-0.0036790996930252244,-0.004070920704889168
2012-07-17,0.004093317568369464,-0.00034688810979410176,0.0022828277039429897,0.0006953467315211665,0.0008484790617918867
2012-07-18,0.004179910034415455,0.00041811255691090183,0.0023336137666036846,0.0011301478726333507,0.0014118381671838383
2012-07-19,0.00825553242302086,0.0037602038538668255,0.00667776622491167,0.004948534561384053,0.0052241430010765005
2012-07-20,-0.013103095609055329,-0.006537358127494207,-0.010388738861020727,-0.007830873890319752,-0.008266672033824918
2012-07-23,-0.010831439678504614,-0.0027578309737350377,-0.0076090640345126935,-0.00447700255022469,-0.005142690752469573
2012-07-24,-0.00507954887107191,-0.002973500763261214,-0.003804103299569758,-0.0027507931602909473,-0.002856490468326556
2012-07-25,0.0023116843773988665,0.006014857471563987,0.004107732300189871,0.005857551577141062,0.005712832818663512
2012-07-26,0.01640266579540905,0.008019432359491076,0.01307093105886024,0.009731590602554668,0.010321304346166163
2012-07-27,0.026875688832818292,0.014919032242400836,0.0218691121976053,0.01761375287093361,0.018689809081308493
2012-07-30,0.008033074389727739,0.007243692725643566,0.007745719359250929,0.007959446899431392,0.008107648429441174
2012-07-31,-0.009160087564830876,-0.0029223483835142602,-0.006605349824757585,-0.004370609238285572,-0.0050451676253038735
2012-08-01,-0.0016587365421732894,-0.0056695987298713245,-0.0035242809564879044,-0.005284979531236997,-0.004971613722110904
2012-08-02,-0.009114389013504875,-0.00634347894720015,-0.008100033098950988,-0.007235022789678107,-0.0074965008654047805
2012-08-03,0.017609367553465684,0.010003543237391619,0.014533961344000784,0.012201180913158437,0.012851064637988395
2012-08-06,0.00964338667827971,0.004882464746031124,0.008074461366492591,0.006864389270456554,0.0073622740626089105
2012-08-07,-0.0014845431806508843,0.0009507313736127802,-0.0009833321064283693,-0.0013384735384650757,-0.0017126956584955337
2012-08-08,0.011078926539436425,0.005290823260810808,0.008869418884399186,0.006925885369766088,0.007516221245712031
2012-08-09,-0.003277331128250855,-0.002721351473182047,-0.0029265106332179614,-0.0023898262814077264,-0.0023928253867150566
2012-08-10,0.005023295903745391,0.002303694767186522,0.00406801782480773,0.0030468689714853235,0.0032473549852409145
2012-08-13,-0.0015592686880201883,-0.0009072068283411367,-0.0015398721567625477,-0.001339820535608828,-0.0014626472463002648
2012-08-14,-0.010306039545706738,-0.005836302048820544,-0.009000755583363291,-0.007779879714915528,-0.008214562108782476
2012-08-15,0.0016631120387465871,0.0011908432846448427,0.0016037930879911504,0.0014236377311932548,0.0014541353387713318
2012-08-16,0.01294768445227357,0.008024239072984678,0.011225238940936766,0.00984117555100355,0.010275771290462817
2012-08-17,-0.0033103135125084416,-0.0017036096148063085,-0.0027030432833858218,-0.002169309504847219,-0.002338408947780194
2012-08-20,0.002379166693356261,0.00277771166907947,0.002727304387274485,0.0033045681986473667,0.0033181191441682884
2012-08-21,-0.0047649958185822855,-0.00013675450056560004,-0.002519018436129218,0.00032729928348018927,9.676142140979926e-05
2012-08-22,0.006949596521762289,0.00777600212598648,0.007649141679576045,0.00846045085139391,0.008517594846288884
2012-08-23,-0.007465762111205734,-0.0004943829069643735,-0.004413126961037779,-0.0013646031965377113,-0.0018434190868171494
2012-08-24,0.0011011016466121973,0.002037184463910655,0.001357635782464363,0.0016026502645269153,0.001379203478407928
2012-08-27,-0.0033631437260752215,-0.0009525986404864023,-0.0027210124502669597,-0.0018023455467404057,-0.002003414054822509
2012-08-28,0.0051508110501522035,0.006177868177250987,0.005749779698287921,0.006583601371365152,0.006503513705469393
2012-08-29,-0.009151023330891381,-0.0035830083518365776,-0.007337988734545457,-0.005465264456021043,-0.006150569717501408
2012-08-30,-0.003944756117273874,-0.003221537211986467,-0.0034310061881954747,-0.00257688146349554,-0.0024940149773841074
2012-08-31,0.0013895778256313883,0.005356917385565911,0.003580263026077274,0.0055334327031156105,0.00525488672933967
2012-09-04,-0.007157557681881514,-0.00018946240216917887,-0.004605072327036776,-0.0017480267722900895,-0.00234384582239585
2012-09-05,0.005685567957718299,0.001457763660678647,0.00410532844488159,0.0024183364624777264,0.002850633935712082
2012-09-06,0.02042999622251906,0.013795650967342291,0.017423030270500486,0.014059368378015472,0.014459991599032392
2012-09-10,0.00026735700920860645,0.000891942953558789,0.00103345503073631,0.0017244546771808197,0.0018738744432740153
2012-09-11,0.008998219637653418,0.004085508473537504,0.007270779832266511,0.005756868764841578,0.00631347011977845
2012-09-12,0.003946366753967375,0.0030588238682021348,0.0034567163416666623,0.0035407394120760597,0.003739575811588735
2012-09-13,0.02636460263644707,0.021829604421750182,0.025114052839645375,0.023977612201275693,0.024434951675910456
2012-09-14,0.002624530342848466,0.0005373240032967412,0.001526850562380918,-0.00022799629140639896,-4.2315637183954854e-05
2012-09-17,-0.0002183190906393514,0.0017984672204844922,0.00020883042311237775,0.0003814279068880743,0.00011634314962853379
2012-09-18,-0.0005672573577743905,0.0007404425210228252,0.0003716119139197605,0.001595082701925739,0.0015581031648823878
2012-09-19,-0.0034159210933637587,-0.002478886429238145,-0.0029986321624527416,-0.0021416866593718374,-0.0021923818942441186
2012-09-20,0.00016243897231880784,0.0005543140193574014,0.00023616905772836343,0.0004460889015422219,0.00041857859771247876
2012-09-21,-0.002899199258134113,-0.0008393092148679959,-0.0021653396697606376,-0.0015184819171827077,-0.00178497750411433
2012-09-24,0.0028258356925605116,-8.228591527332256e-05,0.001800903355842268,0.0014044855884431731,0.0019444242423462795
2012-09-25,-0.017337416957870336,-0.01146447173041762,-0.014986990698529894,-0.0114412638419677,-0.01213244405860375
2012-09-26,-6.194921343717639e-05,-0.0008273956402141572,-0.00032898245392151156,-0.0009303281874031421,-0.0008874761265139977
2012-09-27,0.0029891089126221054,0.007629154739110264,0.004705223085895423,0.006511023763015545,0.00582752433917706
2012-09-28,-0.010873166474148873,-0.006339314349146046,-0.009348636644031572,-0.008031708026993553,-0.008739437849612463
2012-10-01,0.0043375846777771124,0.0018131725613313406,0.0034555449169567324,0.0022045579555759988,0.0025444738981020335
2012-10-02,-0.0008959910907883967,0.00027515608014073935,-0.0007200294797382176,-0.0017707711844966924,-0.0021305524046718134
2012-10-03,-0.0053396819652670605,-3.681127398296452e-05,-0.003616088186159992,-0.0013159554423861166,-0.0020494904012691557
2012-10-04,0.003078693050700575,0.004721690544899628,0.0034566715718549797,0.002549833360335619,0.0021335304348289678
2012-10-05,9.075836945668092e-05,-0.0004997168765968086,-0.0003674119432065473,-0.0010435983210406994,-0.0009455388848037338
2012-10-08,0.0072651613128786275,0.0021429228138628827,0.005645109581343285,0.003891018523704254,0.00456890658210299
2012-10-09,-0.00756969841035865,-0.00763952962462678,-0.007362139612148517,-0.006455664380410479,-0.006368562831527673
2012-10-10,-0.005182761216137323,-0.0031446871017535554,-0.004311790123819639,-0.0032330696277584224,-0.003492515653476141
2012-10-11,0.006952664607609448,0.00352778380319018,0.005846670046909657,0.004771218942429074,0.0053818314889185655
2012-10-15,0.0016909499755119206,-0.002724674280260768,-0.00045165429633637195,-0.003389597705457747,-0.003074015086043416
2012-10-16,0.005061708997748331,0.006794699955237707,0.005377167675841428,0.005078314477368777,0.0047887172738129095
2012-10-17,0.0033499419842136346,0.0019732199854972723,0.002889226815003619,0.0027406455499847807,0.0028802649404978454
2012-10-18,-0.004425147734466533,-0.0047719997100980445,-0.004701171248547697,-0.005771809351813803,-0.005819970335612491
2012-10-19,-0.014158199604214768,-0.014675246969836004,-0.01416314749598469,-0.014065587969634825,-0.013896674155598051
2012-10-22,0.00010736695631146539,0.0006333850657298903,0.0004020815341133116,0.0003024573308819289,-6.090791427884806e-05
2012-10-23,-0.01711815453724825,-0.013359887286133177,-0.015880059909989183,-0.013839650340413089,-0.014173773834988612
2012-10-24,-0.004486583489066204,-0.003901867292788033,-0.0044529449819801755,-0.00553102650597431,-0.005834462164742807
2012-10-25,0.009457434915382987,0.006453147996513895,0.008557079801280017,0.00735325267459666,0.007843834481097012
2012-10-26,-0.0036268505929125897,-0.0010026841926316303,-0.002896114431280632,-0.002983793718062051,-0.003585999879680188
2012-10-31,-0.0024891710731077036,0.0007234300165022099,-0.0012355074066834155,0.0008481938835369435,0.00044158989657117255
2012-11-01,0.013965745306171088,0.005717072420498501,0.010922815982374389,0.007340943571679311,0.008660483493121226
2012-11-05,-0.004135809168365187,-0.008614551205948662,-0.005922623619347834,-0.00889131548656297,-0.008401809875714433
2012-11-06,0.013876730606771782,0.013147327891552653,0.014071920024220976,0.01600677764868552,0.0165683420866765
2012-11-07,-0.013955354691718,-0.012001588669903942,-0.012635195335994264,-0.010616640589583275,-0.01088270089330973
2012-11-08,-0.01003220301280512,-0.0028214768134130863,-0.007114076759991812,-0.0033295371747229293,-0.0044419338617738965
2012-11-09,0.002203143159682896,0.0062409155043532056,0.0033923146760065975,0.00436525845845486,0.00366561045763635
2012-11-12,-0.004446137440885465,-0.0029127509449619017,-0.004044434269370761,-0.0035202420955021724,-0.0037047216818218015
2012-11-13,0.004573838182605795,0.004826372544164907,0.00464468681609272,0.005144430617219874,0.005389040299926921
2012-11-14,-0.013059850493092313,-0.007708217358114403,-0.011015970279445668,-0.009083255112975938,-0.010080021452699994
2012-11-16,-0.004689851879625051,-0.00022068483475433533,-0.003656620381311169,-0.004109235774139152,-0.00529714718014792
2012-11-19,0.017322611009303414,0.01718502380044773,0.017107530446562977,0.017082027518551014,0.017131431350694733
2012-11-21,0.0008070485930866556,0.004042154075936563,0.0016129585989659348,0.0018995062482250694,0.001363251382973261
2012-11-23,0.01840019338891321,0.016870610180720644,0.017936037282545177,0.018167302812633606,0.018628408191092988
2012-11-26,-0.012073301127037112,-0.011237680913943001,-0.01182146177674736,-0.011944553619474219,-0.012173410827725677
2012-11-27,-0.009010088808987843,-0.0068811538830132486,-0.008291646938099634,-0.006999969142384829,-0.0071582930717947486
2012-11-28,0.005874678435728055,0.00571086747507503,0.005091864511295173,0.003679897005006979,0.003525600450629387
2012-11-29,0.013584793008795972,0.008978744562812719,0.012188282958250581,0.011670079687692337,0.012713705268810455
2012-11-30,-0.0019198839952895368,0.0005594276968052804,-0.0014586169597822479,-0.0015604758658743197,-0.002098668375911647
2012-12-03,0.0048472998414307526,0.0008453566095705617,0.0038304257032162115,0.003615907927293061,0.004556213381026636
2012-12-04,-0.008353421811296825,-0.00807210734092518,-0.008564168321217338,-0.009442666895537908,-0.009733201051949301
2012-12-05,0.003564992008253342,-0.0009490328670848498,0.002094868610271752,-0.0007735995140618031,-0.0005304277708252827
2012-12-06,-0.0037091166497270774,-0.006659350196405232,-0.004622329652599613,-0.005531124970114358,-0.005056675521238814
2012-12-07,0.006422284138781736,0.00270204136389402,0.005363056747300285,0.005119000971787038,0.0059808848570713224
2012-12-10,0.00764214500987541,0.003161097381476811,0.006424926333359534,0.005365835920144905,0.0061418489079366765
2012-12-11,0.004266224793244981,0.0008785921840007292,0.0029302787334045633,0.0010674298935517414,0.001531175697152323
2012-12-12,0.0011693481769903362,0.0028933861418411607,0.001704269440718828,0.0018829229669071943,0.0014594872460514674
2012-12-13,-0.006537875073899224,-0.008851770305757517,-0.007350052622941961,-0.007953608462237954,-0.007440215217224275
2012-12-14,0.006245572071497938,0.002336847650453586,0.005127080592873984,0.0028863229408443583,0.0031678220709874002
2012-12-17,0.0040368743061775835,0.009104172115457979,0.005204791768250801,0.006333285579772961,0.005519019166875225
2012-12-18,0.0087652164084025,0.002977367350841298,0.006142034123427286,0.002941265057458797,0.00372556819166397
2012-12-19,1.248719590217495e-05,-0.011006218790752895,-0.003169267044761331,-0.006918018109082481,-0.0052326789241501845
2012-12-20,-0.0035218880075438834,-0.009689453545069905,-0.005988736519892623,-0.008557774269942454,-0.007564367708037725
2012-12-21,-0.0007693631066774396,0.0027606104746087613,0.0007434350013125592,0.0025771005247233426,0.002081291529962001
2012-12-26,-0.007710960438625219,-0.01198507591693446,-0.00857652888549152,-0.008732335856168437,-0.007893135238298031
2012-12-27,-0.0044987125410408035,-0.004277063719616997,-0.004270576623158812,-0.004810483944234913,-0.005172306952244138
2012-12-28,-0.0018890445904884592,-0.008354373100695098,-0.0035927703759493093,-0.004398235326276087,-0.0030164612991772583
2013-01-02,0.0268523755140025,0.028664374187966378,0.026597392584840368,0.02614659049006634,0.02566837678577742
2013-01-03,0.005533318118472254,-0.002287630740507977,0.0027464166884066184,-0.0010001806569100472,0.0001448359761846736
2013-01-04,-0.00583562417481671,-0.002340847123544214,-0.00509019402390719,-0.0052752760243737476,-0.00615554601101192
2013-01-07,-0.010320965162257518,-0.010001389629062486,-0.0103396138146449,-0.010133209408393207,-0.010132579835667442
2013-01-08,-0.006672751927771973,-0.00037987132127625446,-0.004525308174854194,-0.0021756577545822666,-0.003090144852773141
2013-01-09,0.008733741086812647,0.007741690601110375,0.008347159488277177,0.007290438151021419,0.0072464046035238035
2013-01-10,0.003967502137792337,0.005087182183089845,0.004405771258147591,0.004712789793247052,0.004424961498020867
2013-01-11,-0.00526600315300938,-0.003635126289338057,-0.004986966739358533,-0.0038428409966574546,-0.0038517436024717486
2013-01-14,0.004387533030708723,0.0012289476073441374,0.003561655161061959,0.0032172774272417196,0.003900298495656409
2013-01-15,-0.0005627539485156903,0.0040056330150735515,0.0010559759997762989,0.0028971827617528837,0.0021320865554331483
2013-01-16,0.0016781512091109134,0.0021966525703137557,0.0017882277356191763,0.0017371512841765488,0.001676323131799812
2013-01-17,0.0069212848036052325,0.005783925023299605,0.0065056220926227645,0.005630297754826006,0.005688008871960486
2013-01-18,-0.0004140631888858607,0.0014443371921387612,4.5044439116780384e-05,0.0001290434240058603,-0.0003331591010669831
2013-01-22,0.0023580181585972633,0.006333084727466071,0.0034841531381142625,0.00398595657378941,0.0031317430069552673
2013-01-23,-0.001652811977696117,-0.0038170675208199834,-0.002441512209141187,-0.002377679414367679,-0.0017771669495994166
2013-01-24,-0.008320861979766088,-0.007422086946666876,-0.008442906323750263,-0.009770484577670721,-0.010279195470213484
2013-01-28,-0.00975198362865578,-0.004611227450885604,-0.00847131016277702,-0.008073681275509769,-0.009350387866941349
2013-01-29,-0.0038991989512607997,-0.010565413654093645,-0.005966362240662393,-0.007466816355777758,-0.006083053329511059
2013-01-30,-0.008854824701612495,-0.0011081501065069745,-0.006095380084055988,-0.0030904489536385644,-0.00437320530041433
2013-01-31,0.0018986974210099404,-0.003494745415798497,7.111347368677783e-05,-0.002192826924110161,-0.0013192415166285345
2013-02-01,0.005390981325636068,0.004420236607665746,0.004814716997706848,0.004901038866980833,0.005239985940578242
2013-02-04,-0.007690393289313784,-0.0027878786746896,-0.005684327731218172,-0.0033493941919137877,-0.004126584583900267
2013-02-05,-0.00025432499821617736,0.0033551859477372083,0.0005426883780328936,0.001542101803642941,0.0010135396316782444
2013-02-06,-0.002522952705613933,0.0006049559712638459,-0.0013887888122091625,-0.0008186548870688993,-0.001553352637316342
2013-02-07,-0.008445045886706921,-0.007609530928326648,-0.008196125996981614,-0.008139565105288888,-0.00835695192644734
2013-02-08,-0.0027579546610520317,-0.004522555161015774,-0.003724085109415488,-0.004084963251200198,-0.0035042936226815165
2013-02-13,-0.0005796229261025792,-0.004418653842634588,-0.0022325864716113593,-0.005517779037043805,-0.005326714443330105
2013-02-14,-0.004237578421182565,-0.0025308882664729147,-0.003848097661325279,-0.0034934016526697574,-0.003792208842537939
2013-02-15,-0.005122981604206103,-0.00997034681822396,-0.00730761298734042,-0.010467362272344955,-0.009764178278535535
2013-02-19,-0.0036439720427084536,-0.001807895391009736,-0.0034485066159102087,-0.004529330265105813,-0.005118233977272393
2013-02-20,-0.020693127305767407,-0.02011853553110954,-0.020998924079890458,-0.021274031983922956,-0.021287116381445273
2013-02-21,0.0003151634614709884,0.006415093252746389,0.0027304491012457056,0.006764311118976204,0.006089402540781928
2013-02-22,0.0075449467663512,0.005629515893321304,0.006737647535884423,0.005757483544672915,0.006036158424745052
2013-02-25,-0.006010594928222714,-0.0062960168829992716,-0.005282006781340004,-0.002890526692255146,-0.002428405364532181
2013-02-26,0.011235442701465832,0.014712819222956296,0.012711509552285605,0.013826317799568876,0.01300486995945551
2013-02-27,0.003137329790744268,0.0008746834867661147,0.0017252014022469727,-0.00019587676361542363,8.860032897268279e-05
2013-02-28,-0.0018630085480619634,-0.006813662498505307,-0.003804598051236951,-0.006059642163604519,-0.0052117059590633405
2013-03-01,0.0005813606867273065,0.003689971236386554,0.0013696223866831538,0.0004332115754949977,-0.0005483061924093867
2013-03-04,-0.004329711771946611,-2.0908630372804994e-05,-0.0031825924345657854,-0.001682722764406831,-0.002300037642230384
2013-03-05,-0.0034570219781833054,-0.002052488658062316,-0.003343935343908181,-0.004505780596838876,-0.005022583237008786
2013-03-06,0.019850682242242547,0.006663516226930371,0.01570111299060391,0.011954162709879064,0.014364260679704768
2013-03-07,0.006543411414999487,-0.0010170196009922738,0.0041274940250859,0.0017528551068183985,0.0029818609529958227
2013-03-08,-0.0030369264761196594,-0.0032814317975683005,-0.0032700751132210162,-0.004366987923513951,-0.004508879704072325
2013-03-11,0.0016437393810903014,0.00400418989271692,0.002155633809328844,0.003450727133420641,0.003335286315956571
2013-03-12,-0.0017618182976027984,0.002393295444886998,-1.8802110866883715e-05,0.0018939517260544497,0.0011665689200643968
2013-03-13,-0.007157526742139813,-0.0010294469407134362,-0.005442554749900529,-0.003766749497380838,-0.004740694672964994
2013-03-14,0.002245926277787892,0.00534134349048328,0.0029049900801112853,0.003589563424159919,0.003174088804508499
2013-03-15,-0.0008097406151621653,0.0029837190799265447,0.000457467808479535,0.0014564902942310366,0.0007752545306526107
2013-03-18,0.0033471132849068204,0.006764768445795862,0.004830915129489339,0.007152003714178196,0.006770274296980801
2013-03-19,-0.006003154561588725,-0.002362690598532191,-0.004619828617605957,-0.0032445059701018035,-0.003875209165393267
2013-03-20,-0.000875393730560657,0.002561865101528996,-0.00026288067714632117,5.1951006153051936e-05,-0.0005002258259467839
2013-03-21,-0.005142644891962194,0.0003102399193747452,-0.0031124818130156317,4.852853970499436e-05,-0.0005560653581656706
2013-03-22,0.004350502248439398,0.009541212511915203,0.005669049326357432,0.0057407235928308995,0.004589866167648763
2013-03-25,-0.005067262732617994,-0.0033128900286161314,-0.004385134530316063,-0.0036882022374616686,-0.004008058680190561
2013-03-26,0.005749865897900364,0.0014116989673466855,0.00397188198275128,0.002743497779813295,0.00364686722753563
2013-03-27,0.00814806875337053,0.006774187225714051,0.007983564270102082,0.007085403832464917,0.0070590716201938105
2013-03-28,0.0014689429672348061,-0.002153772634900637,5.070664318047792e-06,-0.0015653084260951636,-0.0009480414219390928
2013-04-01,-0.004470941992942848,-0.0004699239273154363,-0.003026926691671164,-0.0013099087125366194,-0.0019265438430188893
2013-04-02,-0.010183213143290334,-0.006556411940387703,-0.00958312012156725,-0.01028775421091007,-0.011172787555513267
2013-04-03,0.0016420458858105618,-0.004736136562554683,-0.0005803971771649047,-0.001907821653946385,-0.0005570062781958697
2013-04-04,-0.007998526348036569,-0.003522335406830467,-0.006644328631017813,-0.006372409735855518,-0.0074237376998337835
2013-04-05,0.0029669509312523178,-0.0013588587786279552,0.0023773230264718605,0.001986773690779098,0.002633657195301137
2013-04-08,-0.0038906806472059205,-0.0049066108612771,-0.004592268134565258,-0.004822085073365559,-0.004494075042056023
2013-04-09,0.011884843585465842,0.00597011425938466,0.010008981811843278,0.007449734293588958,0.008366664722263354
2013-04-10,0.0015505434522672921,-0.004782798917948554,-0.0011525144999363034,-0.004763042766558627,-0.0037473031639219997
2013-04-11,-0.008009647461191096,-0.00249458491076575,-0.006341764255743332,-0.004582223090726044,-0.005518841348375939
2013-04-12,-0.013322850755916098,-0.023654778563475806,-0.017664107688289948,-0.023514422892492517,-0.02188316363740782
2013-04-15,-0.04410169882447577,-0.05590062166401881,-0.04964338684655374,-0.05662484132647034,-0.05452823917069093
2013-04-16,0.019601024461523783,0.018783935411848494,0.019251144465975555,0.018678943859825516,0.018786113122990427
2013-04-17,-0.013658565940668535,-0.006169992795583567,-0.011006259887032029,-0.007914085080993711,-0.009162560627487031
2013-04-18,0.008449558368630677,0.012024638514575808,0.010168118382825745,0.01196031537840753,0.011182727602217099
2013-04-19,0.010236800518400915,0.006781385467947542,0.009070616595997553,0.007993465167251152,0.008671406622148301
2013-04-22,0.008500794110491981,0.013629268926297906,0.010421337817043992,0.013279362994707418,0.01256138670783646
2013-04-23,0.008476229035037898,0.0031776583553784184,0.006285716258707926,0.003344296209796861,0.00421342267021982
2013-04-24,0.007092568391586915,0.008702572103887214,0.008071523166070118,0.00813311376569852,0.007455324322689254
2013-04-25,0.0024119630321223842,0.007046572521131187,0.004376502020307549,0.006886041670783929,0.006102024096499701
2013-04-26,-0.013637775278873877,-0.01024920684783111,-0.012725940185031348,-0.010804093170242961,-0.011095939086922848
2013-04-29,0.00973943817346846,0.00889980913207651,0.009458368187065384,0.009476834804813391,0.009736734105983616
2013-04-30,0.014094336057465682,0.006767681460859719,0.011600473421735319,0.00847938835901345,0.009721626246290277
2013-05-02,-0.004281816538148122,-0.000443060489884748,-0.0031654925284332444,-0.002527174684695733,-0.0033405341466032504
2013-05-03,0.003955237512577309,0.004887896965340775,0.00401204578718704,0.004093397388042324,0.003980759461918293
2013-05-06,0.0017534368160254635,0.0034336129858511494,0.002232962993418312,0.0025200383512223273,0.0021780115565881272
2013-05-07,0.006730771870288378,-0.003166430389900347,0.0030826035467173695,-0.001130934238844526,0.0006124485082696896
2013-05-08,-0.00032905995766853777,0.004951070230408349,0.0015620501321671693,0.0030881106202806548,0.0020175114978991412
2013-05-09,-0.004799176355873888,-0.0041084704255122,-0.005076269268075312,-0.005567636946218489,-0.005733764741702494
2013-05-10,0.000497198353074034,0.005565932571420342,0.0015970637259769805,0.002197284583488485,0.001233716838828594
2013-05-13,-0.009415305624810692,-0.007913142755360647,-0.009134451632378126,-0.0096751901926905,-0.010191740184237966
2013-05-14,-0.0010262399962854844,0.0008359418979214675,-0.001209679773615414,-0.0003448120435324554,-0.0005217027625859545
2013-05-15,0.0031237457024840243,0.0026817310755639858,0.0022720797901834146,-0.0002650539011638738,-0.0008933182812604843
2013-05-16,-0.0026127471645165413,-0.0035297394856513837,-0.0027425177029683123,-0.0033553125808854036,-0.0033379427420732696
2013-05-17,0.003797672055052998,0.003171474787854909,0.002588807587129808,5.944280265362158e-05,-0.0004554239577257708
2013-05-20,0.011500916061361163,0.010928026539183965,0.012163322995078716,0.014250631491221428,0.014986693154505567
2013-05-21,0.0032715627681807933,-0.001043584154061457,0.001688971423587491,-0.0012466477111530096,-0.0011534041984055817
2013-05-22,-0.004606593960036054,-0.007195945153379004,-0.005324855479600461,-0.005417756967515111,-0.004942400116636884
2013-05-23,0.005257792929355756,0.010169812781676606,0.00743865870921587,0.010902913999066137,0.010664075973471335
2013-05-24,-0.003011534362267033,-0.004464878467305905,-0.003575622236830309,-0.0041630070525422065,-0.004033012432879782
2013-05-28,0.0011696572734925881,0.006138599353043871,0.0021901009809225775,0.003020134266324791,0.0022345372862479177
2013-05-29,-0.006991093359440488,0.008425634274957796,-0.002528215963795191,0.004593200408255032,0.0031918974827003176
2013-05-31,-0.0026393901528494095,0.00824162154955928,0.00022437852747576805,0.003711042852784436,0.00244099657341443
2013-06-03,0.01027220348144955,0.01083057147042779,0.011056666610239789,0.011994535300609432,0.012029173817127028
2013-06-04,-0.0062247980394503,-0.008625115829150745,-0.007135736469877381,-0.007459805508189055,-0.007042881886454654
2013-06-05,-0.01675289616765183,-0.012056694781702978,-0.014994001107213254,-0.01198990980800542,-0.012227773163956556
2013-06-06,0.005582382509912309,0.008065330995911656,0.0062462363670509795,0.006788118117430846,0.006390706718385385
2013-06-07,-0.009545305178315361,0.001000689237534386,-0.007753391673817665,-0.0075845333595796205,-0.009785634443601273
2013-06-10,0.000549756813526264,0.006221098640104774,0.0021879066137505975,0.004741680157297091,0.004190028060283432
2013-06-11,-0.018133467425805287,-0.011159194727673766,-0.016022678107643906,-0.013696172731670246,-0.014493250888177238
2013-06-12,-0.011294605575519425,-0.007747056667434611,-0.010188912801933214,-0.006624940533124922,-0.00627298914603248
2013-06-13,0.015110619021652349,0.010496795524891984,0.013553399065910725,0.010964759844265138,0.010916470517997377
2013-06-14,-0.012945031917692897,-0.007905859030983639,-0.011316851495583174,-0.008886449320368616,-0.00915501578515016
2013-06-17,0.004458219118976907,0.010167033042794968,0.00546283253580444,0.005786494043183128,0.004728548076105796
2013-06-18,0.004528748493265903,0.007237172190949485,0.004704725524676236,0.005211687713183673,0.004450547466651058
2013-06-19,-0.0223480108180874,-0.013287413622472375,-0.020204171554629693,-0.01646145726692786,-0.017232336988494034
2013-06-20,-0.0001336420353185351,-0.0006887807346427589,-0.001014333300947906,-0.002708959181850322,-0.003461350036176523
2013-06-21,-0.0020118641726860737,0.006690666995970172,0.0008951704953743631,0.002599139358876287,0.001353595077987911
2013-06-24,-0.021559354967305377,-0.018614008833785792,-0.02067728780052005,-0.018825270981593024,-0.01898222026764331
2013-06-25,0.00157134791854295,-0.006445414090079467,-0.0010111734269472835,-0.0034664432323303373,-0.0026783062022546524
2013-06-26,-0.006421103461751067,-0.014589622606150977,-0.01001672816134949,-0.017674518439232144,-0.018398132544600276
2013-06-27,0.0007892798014800519,-0.005338335441597075,-0.0017332727359114476,-0.006425831914043208,-0.006456108386799445
2013-06-28,0.012109024080038364,0.01899280356709162,0.01464477108415166,0.018654773463356335,0.01873173272941417
2013-07-01,0.007835943475669602,0.014007255148696031,0.00972505719676273,0.01196590041356603,0.011485142865455655
2013-07-02,-0.021909804189387844,-0.005612452036549014,-0.017695931192958706,-0.012564834278033156,-0.014761156161407198
2013-07-03,0.004721838171824363,0.00985275497988696,0.006284499164062642,0.008206766587515719,0.007693578187191324
2013-07-05,-0.004218626164657053,-0.0002963895508580857,-0.004125727189097267,-0.003022285771002749,-0.004108646435156195
2013-07-08,0.0005988885984610873,0.0037273212079392036,0.0016118546554593125,0.0034619890362428468,0.0033159029421087637
2013-07-10,0.009457717289670545,0.011500654463709079,0.010064287628921167,0.011690906248263154,0.01169385629436808
2013-07-11,0.02449354590950013,0.018965662815282405,0.023491614207168766,0.021303337719234417,0.022109502720691728
2013-07-12,-0.010658959398533084,-0.002352518926066902,-0.008671570270275273,-0.007194749910447838,-0.00840899376081542
2013-07-15,0.011510297967459256,0.0006036119642156596,0.008808452814620966,0.005402316526333421,0.0066481765474016045
2013-07-16,-0.004071380169253897,-0.007214660186365049,-0.004958098601866946,-0.00427018406903828,-0.0032087153180965413
2013-07-17,0.005661639266814481,0.0007578638483963551,0.004129644485029024,0.000382080049453054,0.00030064442489966485
2013-07-18,0.0025193638094847914,0.002049448907047319,0.0024232266978241814,0.002977911934420809,0.003128752128340664
2013-07-19,-0.0009224649276507317,0.004213524215127233,0.0006249304572060202,0.00402391513234637,0.0037311645927631826
2013-07-22,0.019514539445937704,0.012203828505558878,0.018475472797834888,0.019153453520415382,0.021073059525955014
2013-07-23,0.002966925809023678,-0.002932026375806279,0.0017370179311724844,-0.000372199858416444,0.000532068303208278
2013-07-24,-0.009124956610028939,-0.004338326030420343,-0.008493297417128265,-0.0076139186333440065,-0.008489317011718775
2013-07-25,0.013005370149054457,0.010563120904946243,0.012785805736441218,0.012875696490893263,0.013331458965070524
2013-07-26,0.0014605389249232959,0.0007754049765665898,0.0012385063552954947,0.002407480047715198,0.0027139961792241995
2013-07-29,-0.0019532863077440284,0.0010603776320152868,-0.0011354745962376105,0.0004367948586907971,0.0001276115332057366
2013-07-30,-0.00392114377636135,0.002563522431770979,-0.002349655396461627,-0.0010875012922781804,-0.002097158498832351
2013-07-31,0.0019590316087198063,0.006073630731549987,0.0030048899005729207,0.003030824475752631,0.0022409703566418624
2013-08-01,0.010245985541551811,0.008533199562415102,0.00889644195931931,0.006320038238204397,0.005968189398505711
2013-08-02,-0.003383330483152736,4.271108008390783e-05,-0.002483981098173893,-0.0035317784933541914,-0.004436194777734499
2013-08-05,-0.003711009603344741,-0.0002853007740670475,-0.003028861029323404,-0.0004667454272012633,-0.0007303070764724189
2013-08-06,-0.01580538958319408,-0.011869628207951788,-0.014962372224717248,-0.01495983879882254,-0.015862107312316166
2013-08-07,0.00045075925873970974,0.001272275307962079,0.0006874289165208586,0.001813441017001464,0.0019922797702048634
2013-08-08,0.018494055768151003,0.005972495774130412,0.015893884966327165,0.013751641474948078,0.015962591302298386
2013-08-09,0.006046810802450566,-0.004250124183545295,0.003499311102922517,0.0007010802019987352,0.0021692491692542957
2013-08-12,0.005688707758650013,0.0030096301105477143,0.00543160984397325,0.007092390034538716,0.008352496592828352
2013-08-13,0.007886328688292109,0.011886787617422253,0.008583354509131657,0.008867714466068035,0.0078068870451194605
2013-08-14,0.0033265488364953087,0.0022808568591722086,0.0033774523120716797,0.005508080611380103,0.0064435737512535465
2013-08-15,0.009450657335507515,0.007717920897227568,0.009980185374991395,0.011537430324270246,0.012923346630063904
2013-08-16,0.003857223657724738,0.0049859410276607155,0.0041169808217363085,0.00834065467882935,0.009213576493890478
2013-08-19,0.004795638135782334,0.008972144406983814,0.006064004641273086,0.008540511997625132,0.008098674366337653
2013-08-20,-0.009371396709665386,-0.0012652103932019574,-0.007107084649074123,-0.004341326597099997,-0.00560956526289684
2013-08-21,-0.0010665083135290635,0.003033906279621006,-8.618995975235428e-05,0.0027873739750421114,0.002654807388182105
2013-08-22,0.020710426411095644,0.01948240091243717,0.020529018614480605,0.019227597152195703,0.019016698123875856
2013-08-23,0.0030928285750263704,-0.012574991190209233,-0.000532944167775569,-0.0062587170258192925,-0.003979434429204286
2013-08-26,-0.012973974226279238,-0.00929579929234794,-0.01203025241488666,-0.009131964702372096,-0.009037811227728412
2013-08-27,-0.0063378000735595345,-0.0017570311977375239,-0.004084787438701851,-0.0017586354227829527,-0.0018729019864706304
2013-08-28,-0.013754365903527055,-0.015457475051953374,-0.014619191196303866,-0.0144510360660199,-0.013988082984308833
2013-08-29,0.001457936125537592,0.0025766848194493128,0.00147611297333633,0.0008403338182374126,0.0003904376803527723
2013-08-30,0.0034962154008210534,0.0027491688774077586,0.0030663307497924863,0.0009067658328287178,0.0006251894010408356
2013-09-03,0.019628275072336932,0.015113982669674715,0.019205106667422436,0.021957885911509368,0.02306290250257977
2013-09-04,-0.007157630348081984,-0.009234378651934234,-0.00852714209494312,-0.011324475250789843,-0.011704776973695524
2013-09-05,0.0005984416200678245,-0.008779960923702148,-0.0023351506232626895,-0.00883731611425279,-0.008576423879030364
2013-09-06,0.006136961995858862,-0.006755950047635149,0.0032296630379249967,0.0020441481434784517,0.004563624534229732
2013-09-09,0.012271423952802882,0.005562961516654024,0.010276430490243064,0.002800245190631024,0.0026196677970823645
2013-09-10,-0.0031003218835921093,-0.0008197889701554773,-0.0033844856935129485,-0.006509807782428921,-0.007818301091429707
2013-09-11,0.001743115369804923,0.006141214639281839,0.00290163537785728,0.0037804718240814685,0.0031368031367610344
2013-09-12,-0.01710744047673106,-0.016078709841624617,-0.017428161273651006,-0.018311096975250175,-0.019627522991269342
2013-09-13,0.006195418215044348,0.003975600580677272,0.005647178815478519,0.004526811498279957,0.004631901979948877
2013-09-16,-0.0035391914573417275,-0.002304806903112437,-0.003743949506253931,-0.0046755029784860645,-0.005508143469389592
2013-09-17,0.005228037615619908,0.0027077053307932634,0.004672598261064843,0.0030788077787215263,0.0030070872272937345
2013-09-18,0.026254955076923932,0.014900303256206728,0.024487832099067533,0.021305340435454623,0.02342491273377544
2013-09-19,-0.01595023927269918,-0.01656744643521178,-0.016728605769889937,-0.01693116062425324,-0.01666016390742448
2013-09-20,-0.01798026635779769,-0.013111973040754808,-0.01721300393979335,-0.01696059421380178,-0.01840373389822982
2013-09-23,0.0031327819193513965,-0.0019539954683994386,0.0018851597824453255,-0.00037270195500217236,7.76605208091953e-05
2013-09-24,-0.0020146445209297255,-0.0022391020390556075,-0.0019473584227955069,-0.0017991729407704396,-0.0016516760980077253
2013-09-25,0.0027255417948149376,0.006194773359709976,0.0037439835046115897,0.006672294135192593,0.00704214397596308
2013-09-26,-0.001150141030231323,0.0027002724601499343,-0.00046130729055094815,-0.0010631039028381084,-0.002059475695711105
2013-09-27,0.008178885753755749,0.009695818436684092,0.008825893658214375,0.01005997012509167,0.010537425769359754
2013-09-30,-0.019226684739016408,-0.018591859023921884,-0.018979590763328693,-0.02003103459554229,-0.02030454926327546
2013-10-01,-0.000818385306967806,-0.0029377195378823173,-0.0023181494524659504,-0.005993725099295617,-0.007443473791990524
2013-10-02,0.004469749731644856,0.0017229621328778972,0.004331918283765659,0.0042784286261289654,0.005361914438406836
2013-10-03,-0.00821790110731978,-0.007828702487350434,-0.008012084769063866,-0.007045389387451548,-0.006558700337803787
2013-10-04,0.003399080393053753,0.00459339938034387,0.003345480163463318,0.002943189511921742,0.002294640920562003
2013-10-07,-0.0011671809416169377,-0.002626978659350095,-0.0012258900481309505,-0.001256632307146875,-0.00039178281248927727
2013-10-08,-0.007727312644600655,-0.011058915667012175,-0.008388660576006018,-0.00818138575553913,-0.007342480681186513
2013-10-09,0.0016472658559179268,0.0005404190785332527,0.0012513723995292835,-0.0004506369473674448,-0.0009579325832697611
2013-10-10,0.0027781742829097165,0.0057345702433968075,0.0029533175765267925,0.0001739043230557254,-0.0021056515759468766
2013-10-11,0.0008197960756101163,0.001758497530299488,0.0007900407318558267,-0.001454660131975085,-0.0027251860746003594
2013-10-14,0.010254953603424922,0.006225528180688353,0.009343816356649767,0.007880932134046404,0.008023285491043388
2013-10-15,0.0016387739431254203,-0.0028250237306987986,0.0008825163551043118,0.0030171449680897917,0.004341404902806794
2013-10-16,0.0028256787452666725,0.00197197972399414,0.0026079305241586454,0.002965000814560949,0.0022979989337900495
2013-10-17,0.006874040575838851,0.008391597921513555,0.007465204942128729,0.008761285309766123,0.009921066327459543
2013-10-18,0.0004245007604195838,0.004120213840050446,0.0010032758175477028,0.0016244297785000788,0.0008151840580856344
2013-10-21,0.009057717787074199,0.006634319714193203,0.008608032793663848,0.007875070706275265,0.00806408448355583
2013-10-22,0.01037321078956257,0.00853643552910876,0.010222743959960997,0.01045162415010641,0.011233817646643121
2013-10-23,-0.011402468994345221,-0.0051372013998084495,-0.010102651973191748,-0.00710882042666073,-0.007411751724132826
2013-10-24,0.0032240800290876045,0.008264266229604843,0.004452721573347364,0.006433060999599729,0.006421424097432309
2013-10-25,-0.004564178409118738,-0.0025442589433734503,-0.004244797520695056,-0.004939427773677095,-0.005181104092800219
2013-10-28,0.009591881716450895,0.005204677668682268,0.008539945896972788,0.006523863081403607,0.006728967856915736
2013-10-29,-0.00322886935604875,0.0005568423830252024,-0.002641865661398236,-0.0034147228440412256,-0.004373697432157112
2013-10-30,6.95960580391747e-05,0.00038279285324211657,7.126816935412129e-05,-0.0007948458793844181,-0.000703006769580801
2013-10-31,-0.0010536426540010098,0.0026591671955902363,-0.0006613831233755584,7.593040144348845e-05,-0.000696468324043737
2013-11-01,0.007530765446260748,0.014041258887740072,0.009096445807407628,0.0104041153557613,0.009432334598552684
2013-11-04,0.004383624452448421,0.003035385792366811,0.003934147638451942,0.0026681779029159767,0.0024770005331657533
2013-11-05,-0.0021591662651213738,0.005904869550398992,-0.00037941823615184506,0.003875817718743716,0.003574776521744298
2013-11-06,0.0010571154743469864,0.004418904403756087,0.0018016289569884826,0.002274417699949906,0.0019945369448260953
2013-11-07,-0.013264079456440904,-0.010594635017550254,-0.012758103968936443,-0.010042739458359463,-0.009783760332273832
2013-11-08,0.0032070161172813583,0.0119446566820266,0.0054459978108454595,0.0063486477662683715,0.003948384191404109
2013-11-11,0.0013333535409289976,0.0012023883211541052,0.0010569974492981823,0.0009878443722303558,0.0008903763503118919
2013-11-12,-0.005792070047657773,-0.0008894430531672921,-0.0044845147390543865,-0.003555629217133324,-0.004531997450373208
2013-11-13,0.004576409558510545,0.0033761661898331,0.0042078888706499435,0.003106175918173546,0.002897092519496807
2013-11-14,0.017422677780402948,0.011736565767722886,0.016251855199642087,0.014358307831984093,0.015054270478634835
2013-11-18,-0.0025968318193344843,-0.010482690086863615,-0.0048719771777780765,-0.01015059455308449,-0.010352851816004215
2013-11-19,-0.016912135292219858,-0.012040488567757954,-0.015842468899449035,-0.013310211066356532,-0.013401421051482895
2013-11-21,-0.0015624640888945338,0.007491900235374335,0.00036011810783537353,0.0018048240587277967,-0.0005129239948523824
2013-11-22,-0.0001840063454294702,-0.002595235340541177,-0.0006117514709028719,-0.002320249346006308,-0.0025616291518121546
2013-11-25,-0.007475345220461654,-0.004630533064365127,-0.006733111488445404,-0.004023486090299654,-0.0037817828713624154
2013-11-26,-0.0041209283227103466,0.0002372705561563937,-0.002905032859405159,-0.002155820034035716,-0.0028967433808526465
2013-11-27,0.0014201981500545947,0.004390167660613474,0.0017120850625958286,0.00355702777559232,0.0032743551163032835
2013-11-29,0.00968903855443361,0.006029513259583085,0.00889463938317221,0.00816149341140406,0.00903521067337538
2013-12-02,-0.01761243145201659,-0.0073009127513903975,-0.015267157699729245,-0.011821610147472171,-0.013788223280565975
2013-12-03,-0.006776511821438906,-0.0035332448783108915,-0.005769169812576546,-0.003737488006442734,-0.003549407892575446
2013-12-04,0.0047437525167268214,0.004918369223114541,0.005353942143579789,0.008048976373349875,0.009013481529228805
2013-12-05,0.0007104645603685018,-0.0019433028391688853,-9.546709416148076e-05,-0.0017702600715592274,-0.002111023330342413
2013-12-06,0.00018250324741324957,-0.0002683920061075653,9.540086780287886e-05,-0.0008064962638036444,-0.0013376815188693753
2013-12-09,-0.001999321522621237,-0.004448664854181629,-0.0027415631210605316,-0.002826692886004323,-0.00213605332902149
2013-12-10,-0.0015988598694545453,-0.0049601665830713605,-0.002051098465023863,-0.0011576042818448719,0.0002900366670018508
2013-12-11,-0.013149542443644623,-0.008003642405728923,-0.011919434524303905,-0.00835237673734491,-0.00835960058408573
2013-12-12,-0.0019092955209412878,-0.0023267839321021427,-0.0021225006607803196,-0.004566127040861373,-0.005727344854464249
2013-12-13,0.0011667989785437913,0.001142840887557349,0.0012808932746310008,0.002314521174939681,0.002886225261679437
2013-12-16,0.001926498760609515,0.002808518772874892,0.0019525067715059025,0.002136846632083407,0.0019374707438206116
2013-12-17,-0.004540585795022667,-0.005110721357737093,-0.004710531436291047,-0.005802538258669365,-0.0061498599963634975
2013-12-18,0.009048855928221624,0.011043807404530407,0.009680761449640113,0.008155790670938093,0.006342073631719639
2013-12-19,0.006462268037430263,0.009674363525024427,0.00670417411318979,0.00745840794735054,0.006173067841236801
2013-12-20,0.004135444143166128,0.009897875799440578,0.005979940920738161,0.009328300122699478,0.009127349932523256
2013-12-23,0.0020021955355748887,0.0003064131081934434,0.0015511513592453177,-0.0006697998229360684,-0.0011778819148962273
2013-12-26,0.0008662100422942372,0.003309767941084306,0.0015415171055692565,0.003225757338517427,0.003272232331604264
2013-12-27,0.00564328426836968,0.0026402396217901376,0.004977169650349169,0.002433556804417498,0.0026223324370945916
2013-12-30,-0.005141667742431254,-0.003076795011764025,-0.005163544949601754,-0.005057295195298618,-0.005867144725540846
2014-01-02,0.004780797349296867,0.011197916048755323,0.0070125108792982935,0.011601495618552896,0.01262802265278906
2014-01-03,-0.001728342624233012,-0.00798652365491225,-0.002738979068953997,-0.0015732007195184245,-0.0003402348886830366
2014-01-06,-0.001146917394329958,0.00043292539569937086,-0.0008718879565090486,0.0008127569935020875,0.0011181052436668275
2014-01-07,-0.00753565133763964,-0.004326340157605983,-0.006829780220821394,-0.006905142045401768,-0.007869528307176165
2014-01-08,0.0018984353635820798,0.004646390340267428,0.0024559181137965686,0.0035492175405592986,0.003087020801843481
2014-01-09,-0.007507880748720038,-0.0029037338065495922,-0.005658877221990384,-0.0035761914690218277,-0.003987676658654935
2014-01-10,0.006189801250274612,0.0015699832496505195,0.005134293952986728,0.003869688678704691,0.0048649837052362945
2014-01-13,-0.014183604299228452,-0.017900346286680965,-0.015306961025656395,-0.014215313351241425,-0.0125532335616025
2014-01-14,0.007785615289647904,0.010359507869593462,0.008393777252882286,0.007073467876465963,0.0055685805520400596
2014-01-15,-6.963262326645132e-06,0.0009005245739446494,-9.669638635817016e-05,0.0003787220879349417,5.8241510172181546e-05
2014-01-16,0.0005270585380169365,0.0020887233250593477,0.0012765023444250721,0.0021206623539860854,0.002095697816927018
2014-01-17,-0.00615611695669862,-0.007223548446893635,-0.0061751075317552145,-0.005248408767511501,-0.004341770703043184
2014-01-21,-0.001314136676123845,0.0042762726370382245,0.00026889772653729575,0.0009586513785284114,-0.00030322385662438187
2014-01-22,0.007507460903253275,0.004802913978568757,0.006588890194098471,0.0047428870979948036,0.004600629526787796
2014-01-23,-0.006659192240849329,-0.004723024478946851,-0.005554086482604865,-0.0009131614785491303,0.000894036310096779
2014-01-24,-0.004621781368603621,-0.004590216507171817,-0.004315666961558799,-0.001255476239193255,0.00042443401272301064
2014-01-27,-0.00597711926475737,-0.006996243410623061,-0.006374663668163189,-0.007545680137780688,-0.007868521087490078
2014-01-28,0.005716035492062081,0.007548260468353665,0.006214555134671426,0.006359566151598144,0.005847585714213272
2014-01-29,-0.0001832543910873873,0.0008066814319376288,0.0003038389873999839,0.0035787499011456776,0.005005659662760982
2014-01-30,-0.006965238692032906,-0.0038787206149473097,-0.006384713960827764,-0.008932351734861834,-0.011293432206212662
2014-01-31,0.0018950402408424987,0.0015882582098719123,0.0015576524620703265,0.0029523602990203044,0.0036778246949036903
2014-02-03,-0.025873815821755936,-0.026676794593571793,-0.02571922100655134,-0.022039299158053176,-0.019818932744986095
2014-02-04,0.016168063659348333,0.012262328806174812,0.015099980223719747,0.010872423530381667,0.010289739239764312
2014-02-05,-0.004906064393533315,-0.004913160139136095,-0.004792861520527627,-0.00442704375377,-0.004210605723498023
2014-02-06,0.01698877800913643,0.013621713002281889,0.01586799607542121,0.012006967832444265,0.011244778389707525
2014-02-07,0.0025500769027291845,0.0037751708169598093,0.0026638645790110645,0.0032629951210993435,0.0029952370444482367
2014-02-10,-0.0015524027240486175,0.002557517096638094,-0.00037633658600494656,0.0025445494655603135,0.0026521629965767356
2014-02-11,0.01809337507271896,0.01654670697360226,0.017804682039238774,0.01655189197182493,0.01658760019115962
2014-02-12,-0.005355376820341655,-0.0014309741595686769,-0.0044013789559696655,-0.0014689777092344255,-0.0015319938026462905
2014-02-13,0.005912524159299196,0.005454497936986293,0.006269177741080566,0.004955025520666319,0.004923159458979413
2014-02-14,-0.00019738091201632407,-0.0010794552436978922,-0.0006948257136144193,0.0004684507415973229,0.0011791325874341554
2014-02-18,-0.014515356348982555,-0.005518168622048001,-0.011808803469466498,-0.008121816123462194,-0.00860650486721541
2014-02-19,0.002848472965145168,-0.0008915581863419247,0.0016035133435495657,-0.0002994431860708935,-0.00022681706081738206
2014-02-20,0.0015364327281593337,-0.00032039290487959266,0.001136984406388087,0.0008600092139188806,0.0012621173040879329
2014-02-21,-0.0010553459041812902,-0.004649845153115334,-0.0020990969403481205,-0.004179616665205599,-0.003983708647735696
2014-02-24,-0.0024871329365976375,-0.0019452271664006989,-0.002415266628150183,-0.0010987488154065362,-0.0006557873056256288
2014-02-25,-0.007725935449244922,-0.005259198473917668,-0.006887133089071772,-0.005665634368249433,-0.00568590784667455
2014-02-26,-0.0004956138022133692,0.0007045522943861724,-0.00021856083135492218,-0.000833414395663486,-0.0015276979185942223
2014-02-27,0.015095914483777785,0.008959371211373144,0.013351016148393902,0.009394837913952117,0.009298079951044477
2014-02-28,-0.0098305758731604,-0.004923925033352893,-0.008712058148364985,-0.006751693862129815,-0.0073863316944267135
2014-03-05,-0.0038594656426800236,-0.0005191908934627586,-0.002798898029755727,-0.0010363457617219391,-0.001077012315318089
2014-03-06,0.00523968188415362,0.0020470072985876555,0.004288143894784293,0.00366277602467299,0.004385665270256664
2014-03-07,-0.005697872921309473,0.002002423445800309,-0.0034840840831600432,-0.0009434859850956198,-0.0019722351515988426
2014-03-10,-0.00862080787116144,-0.004040294168645676,-0.0072926004674399685,-0.004959089171398654,-0.005115869045716805
2014-03-11,0.0015142327556897858,0.0006206229554761041,0.0013259730316526387,0.0024173512146053442,0.003253787137730618
2014-03-12,0.010444301956773231,0.008258797470487814,0.010268275803905163,0.010174540525686641,0.011137318179388081
2014-03-13,-0.012236937990824471,-0.013983289620988,-0.012556483252026721,-0.011165290586466623,-0.009989775756231598
2014-03-14,-0.00019463846536589194,0.00014424093038188678,0.00030934292605883107,0.0008219078630445104,0.0013205959080081573
2014-03-17,0.00010524418265843186,0.0020429874248372977,0.00019520967548156107,-0.0012468289319296974,-0.0027006721353558523
2014-03-18,0.013568366743608668,0.009943161824277543,0.012283685975898127,0.008865588366306605,0.00801113883567564
2014-03-19,-0.0056773009685042305,-0.008337038827213854,-0.006863966424936566,-0.008925373833081156,-0.009641864858640159
2014-03-20,0.013415474817401763,0.009936861953650702,0.012442718571384973,0.009336142719186655,0.008876250295402939
2014-03-21,-0.0026030698452689325,-0.005846052846992727,-0.0035364178879489887,-0.003957368217091949,-0.003127747253447024
2014-03-24,0.0032371627672314854,-0.0002500356785048901,0.0017750465697577939,-0.0013754997110941368,-0.0020368888116503313
2014-03-25,0.0020444195655667146,0.00036478832916847384,0.0014979983813033595,0.0002488472847518734,0.0001285863952876993
2014-03-26,-0.005224972714524096,-0.005882151807322873,-0.005537961036051408,-0.006235278979407203,-0.0062468328014395145
2014-03-27,0.013385154827222552,0.0005175334224515567,0.009129884478570957,0.0024993930499142823,0.0030512948128924794
2014-03-28,-0.002797087075613661,-0.003923386124766685,-0.003252331256723353,-0.003894106824868978,-0.00410631934435164
2014-03-31,0.006445918425297447,0.00796195544336822,0.006523842908342614,0.006218618946483295,0.005200364147100552
2014-04-01,0.0005207875997780338,0.0027152171231567337,0.0010407942354364352,0.0007470565564998092,1.1188829370136574e-06
2014-04-02,0.020365924738707682,0.014395845287995378,0.018560361088583454,0.016167730785967477,0.0168195954610499
2014-04-03,-0.002924981641290219,3.138615306532629e-05,-0.002052794025549693,-0.0007099924239618156,-0.000994013333119952
2014-04-04,-0.010836259158797271,-0.018600674829093482,-0.012778765668188561,-0.013876711981045285,-0.011748289500050026
2014-04-07,0.008112507141836613,-0.002297419783518097,0.004835920579598324,4.905824983634941e-05,0.0010698252377508192
2014-04-08,-0.011514996836003459,-0.010810292305664255,-0.011256310788449471,-0.009838806620381385,-0.009441170633748979
2014-04-09,0.002532207958008427,0.007838314921328617,0.004177953046626729,0.005074493565909534,0.0040117077041948454
2014-04-10,-0.007833299901097332,-0.014604763490510236,-0.009625803344816875,-0.009822317650145528,-0.007543778730892709
2014-04-11,0.008218474303155702,0.0026163215511649544,0.0064804414537727685,0.004376672998407568,0.005290389314432742
2014-04-14,0.0010587680457570837,0.0042203225737660905,0.002183654384457618,0.003632771529764627,0.003341054974962224
2014-04-15,-0.012324607434382013,-0.0009536108790457131,-0.009214053725357552,-0.006430324672084475,-0.00882313681743021
2014-04-16,0.013197375992939209,0.012966461376131132,0.01296777997505476,0.011648764001393686,0.010970210660817385
2014-04-17,0.013501858843487225,0.0097137093381874,0.012247629779903839,0.009250470937009694,0.00889479455454071
2014-04-22,-0.003312906982245525,0.0014479696779137745,-0.0022167430626810875,-0.0011853419880781047,-0.0024325660667691013
2014-04-23,-0.004487569350617661,-0.004472768819342486,-0.004339383794438172,-0.0044366797014518825,-0.004382514111395385
2014-04-24,-7.923766313905712e-05,-0.0022260151779543128,-0.0008357731458445704,-0.0011971918825329174,-0.0007364115705198972
2014-04-25,-0.0037483076899851404,-0.002460545270841894,-0.003093537060457111,-0.001093711636567495,-0.0002607529699264224
2014-04-28,0.0019552866936917716,0.0020937379270011347,0.001992163265555116,0.0009821077501727174,0.0004390432144598119
2014-04-29,0.0009167845529490135,0.0002430125319915352,0.0003546943887390264,0.00014031752274630964,4.922642253196072e-05
2014-04-30,0.000986829046676664,0.0034662008685814026,0.0019158210484957023,0.0022767528972505975,0.001559591354307661
2014-05-02,0.012594658940014233,0.003367424080504998,0.00974438304592597,0.006669882363614708,0.00774369032499134
2014-05-05,0.006268084954031153,0.007712479139803048,0.006623713906648584,0.008514966639179718,0.009013424542075597
2014-05-06,0.003651248289038166,-0.0015609806940126217,0.002104710870192866,-0.0001851179725853466,0.00044976881539374153
2014-05-07,0.0011605407937839549,0.0011754500507509754,0.0007669126096815069,-0.0012034789267913303,-0.002406416415654867
2014-05-08,-0.011449884392950787,-0.00977722340840352,-0.010924854725260764,-0.009732833310606065,-0.009712863520189047
2014-05-09,-0.0006242687325975449,0.0013837047822843594,0.00011319665933332907,0.0005447657699802409,0.00022466434400046623
2014-05-12,0.012448663520493805,0.010976987196512043,0.01179730462406322,0.011087303442252663,0.011072180177291628
2014-05-13,-0.003827029759723135,-0.0027878749367524214,-0.0036042616358121344,-0.003237569879998782,-0.0034685624238327242
2014-05-14,0.007837275881765245,0.0031116203492571447,0.006567586899260831,0.005364988809097546,0.0064449447733809255
2014-05-15,-0.009248845682303794,-0.008078461407594785,-0.008865838573771349,-0.008174168945564731,-0.008196761136169862
2014-05-16,0.0006334530870580159,0.0003135329216544299,0.00043655677940440056,-0.000208294916630538,-0.0005213190460774515
2014-05-19,-0.005526935548628081,-0.0021050668584374375,-0.004296192097158805,-0.002994605482089839,-0.0034304047794239327
2014-05-20,-0.011625630972473641,-0.008054084170231396,-0.010207036451817995,-0.007756629143752484,-0.0075657503522372676
2014-05-21,-0.0003184333360180917,0.0015295749993439224,0.00018533757526109266,-0.00019656794706129736,-0.001004796772044029
2014-05-22,0.006844140425653682,0.006077548649271251,0.0064360145947368694,0.006378836259700576,0.006504863287011633
2014-05-23,-0.001079538216204834,0.0017950012815618,-2.479867934402188e-05,0.0011131378115486672,0.000642565502711276
2014-05-27,-0.005958114292164815,-0.0005580764423937846,-0.004393890434220617,-0.0037275377156254846,-0.0054329051566896535
2014-05-28,0.0061482399574073745,0.003200892118642134,0.004919950920181808,0.002964493617866903,0.0029525292443787795
2014-05-29,-0.00734450532769067,-0.00544583129332643,-0.006763933533172326,-0.0062118525940011975,-0.00666685278885016
2014-05-30,-0.008783194549596406,-0.00267745098512586,-0.006287075384018202,-0.004118909010848741,-0.0050480632739928226
2014-06-02,0.006589010081751589,0.009293782802239298,0.0073104651722137445,0.008277515352641608,0.007841379571122109
2014-06-03,0.0053654367318459,0.0035869391080110926,0.004660954192911078,0.004115073337045167,0.004448622382713285
2014-06-04,0.0005844695803146654,0.0032386532609955574,0.0016773847554106675,0.0025660742090639296,0.0020836897674360658
2014-06-05,-0.0006474528516979091,-0.0005543569194481172,-0.00035216276757742723,-0.0006265512099747012,-0.0007616491334966508
2014-06-06,0.01290877499331025,0.005326898348442781,0.009365680438497972,0.005893917081637841,0.006584712371259397
2014-06-09,0.0116457810281794,0.004519502317252386,0.008764579325251143,0.005362946822268532,0.005965506721708533
2014-06-10,0.0033505337877354924,0.0021193746828617596,0.0029139919431681585,0.002989398610037074,0.003440033893307233
2014-06-11,0.004309785264152297,0.0017903698657705887,0.0033010828095157894,0.0025924040758163527,0.0030510626511021494
2014-06-13,0.0002845686641439533,3.433857229049359e-05,0.0007611498317304383,0.0015475602668712993,0.0021780867391440737
2014-06-16,-0.004099333232762052,-0.002639507368966626,-0.003727629488189788,-0.0032116767146345444,-0.0034965324231206194
2014-06-17,0.00075163591153055,0.0038695946981052096,0.002108594035267019,0.0030426065772672234,0.0024626221483926244
2014-06-18,0.014175953321923939,0.010969100756547273,0.012911043661890907,0.010840066971043266,0.01084441954731187
2014-06-20,-0.0029554765822788517,-0.00011605770849269111,-0.0012228621653659682,0.0021406693287797807,0.003140379002667979
2014-06-23,-0.007853810844418567,-0.007693506535596985,-0.0077547413522544035,-0.0073994337927039775,-0.007251211119877326
2014-06-24,-0.0009073295587896132,-0.0015570508136321603,-0.0010946931131301078,-0.0006115321111689006,-0.00015166540367234012
2014-06-25,-0.010524898833665275,-0.008448706867360888,-0.009599164446421426,-0.00919595471248358,-0.00970637352349455
2014-06-26,0.0014372753879590243,0.0008104243902729652,0.0011976451439355265,0.0007390465139659023,0.0007070193326472388
2014-06-27,-0.006066834930013259,-0.004717331402303072,-0.00564168114547271,-0.005166499537866991,-0.005361299160505043
2014-06-30,0.0021606181744089265,0.0036256690036418804,0.002996398031858971,0.004626475956406718,0.004996631865280455
2014-07-01,0.002222381895110465,0.003723192126626188,0.002614267798233607,0.0023343580842980468,0.0017441523574822449
2014-07-02,-0.0010012082384336875,0.0020498893668739935,0.00013662898775308955,0.0016172466348903112,0.0013519839773973048
2014-07-03,0.012625517615851903,0.011096327974233995,0.011731285439199943,0.0103818626345355,0.010178544353906553
2014-07-07,4.96523782339055e-05,-0.000969195553748586,-0.00013678147187348133,-0.0006087759446755103,-0.0005278768396298959
2014-07-08,-0.0044152521965295215,-0.00537008387791389,-0.00470790128406147,-0.004534950602427493,-0.00410689266753517
2014-07-10,0.015529583454002354,0.011388866528871116,0.014174889135434911,0.012997771175963983,0.013800513496064159
2014-07-11,0.0026662058449311815,0.0018374094607643552,0.002356399279095842,0.0020375129143336847,0.0021350946848404007
2014-07-14,0.00568985994928966,0.0014378229940118718,0.0030354916442726096,-0.0006786295894515102,-0.001295058201151972
2014-07-15,-0.00040997793161222173,-0.0008273311104193684,-0.0009540117256273639,-0.0013811001120233243,-0.0015028651796319225
2014-07-16,-0.001138992491948798,0.001080015263832437,-0.00023043431278916833,0.0005954703737560808,0.00033500900172245247
2014-07-17,0.002805763341811619,0.0041339831061166996,0.00402346702647048,0.006792773964102907,0.007852782964975564
2014-07-18,0.015820450243798165,0.010139855945636775,0.012982631572086558,0.009031682560214768,0.008877503803484175
2014-07-21,0.004122946767461962,-0.00043522855562206725,0.0021835480576600486,0.0005438278091888537,0.0012427775950630319
2014-07-22,0.0016244403362441777,-0.0003991583978407998,0.000534261133920613,-0.0009115665511852216,-0.001041850577574175
2014-07-23,-0.004511456139715759,-0.00043527011486162095,-0.0028069702235395564,-0.0012487074825628208,-0.0018415303019358928
2014-07-24,0.003875430179914087,0.001329102381120465,0.0024428120033222387,0.0006705968194415183,0.0005907001461869847
2014-07-25,0.0011765573129295644,0.002130178471021533,0.002000725831050625,0.0035204113941998787,0.004056330268571855
2014-07-28,-0.0007072645582880702,-0.0007183003696557995,-0.0006533455746519924,-0.0009826128604918613,-0.0011526185481517117
2014-07-29,-0.008324510849068462,-0.006408766535763497,-0.007547037735614524,-0.0066020299567305435,-0.006678890630932493
2014-07-30,3.0535102137227907e-05,0.003157208966105134,0.0013445088595716939,0.002362760885304148,0.0019364677493460423
2014-07-31,-0.01357129620518159,-0.011170524850574263,-0.01219193047827139,-0.010793281981835379,-0.010735032716876309
2014-08-01,0.0007549528480804601,-0.0010579997211500175,0.0002330819404273063,9.298660855496531e-05,0.0006773587148079234
2014-08-04,0.00651130446774693,0.005823355821489237,0.0057453814645411615,0.005310322502735047,0.005128835087196088
2014-08-05,-0.0031517129907265187,-0.0016782504456429863,-0.002226781894881817,-0.0012418171234388723,-0.0010793460818883153
2014-08-06,0.007265141617494936,0.006058704704193128,0.007179135935952776,0.007289599607116367,0.007872656165925732
2014-08-07,-0.00452821637152134,-0.0027365803232013096,-0.003679684791323059,-0.0020864751382362943,-0.0017619814190976048
2014-08-08,0.002081741011476602,0.006396383965086065,0.004271933085370074,0.004371460754614506,0.0031506189402708278
2014-08-11,0.006564068655806002,0.0014622095175483927,0.0038256442046872255,0.0019700677396910942,0.0024695277216609988
2014-08-12,-0.002368728761144617,-0.001699970959512722,-0.0020826496539072675,-0.0016767871675064223,-0.0016525531641835589
2014-08-13,-0.00940352831559404,-0.004141854837787151,-0.007178971211848924,-0.005291511167015639,-0.0059693233241957695
2014-08-14,0.004152708015426494,0.0039808839679888654,0.004002085212222534,0.003541837468388229,0.0033656867841874816
2014-08-15,0.010681596409649101,0.005029965764326525,0.007904098562030868,0.00546395306547232,0.005820137141262215
2014-08-18,0.005284853663800701,0.003630332554576478,0.004118973208082216,0.002847759985546952,0.002577024858128959
2014-08-19,0.010009297380015847,0.006818118514110986,0.008358376783256358,0.006626537920715896,0.006645513655206757
2014-08-20,0.0018003863095077625,0.0014771911985797393,0.0013319169856376022,0.0013341890423809249,0.0012755106483374817
2014-08-21,-6.768640549125277e-05,0.00026655017531123016,-0.00025213420747715253,-0.0008321593565427826,-0.0013817571026495535
2014-08-22,-0.0010779273531292687,0.00216429099466083,0.0007153556566911366,0.0018187150087939682,0.001505680402765615
2014-08-25,0.013015769700675996,0.010165421502649659,0.011201898429035396,0.010023552223006327,0.010150658990955831
2014-08-26,0.0033639313935835274,6.283713027649166e-05,0.002307302265875991,0.00056490908918385,0.0008070132545155245
2014-08-27,0.007650947004959023,0.0015306712281404119,0.004750719935541254,0.0027571443618275033,0.0033795491269134393
2014-08-28,-0.007372689177222727,-0.005279321346146785,-0.006271275379785791,-0.005120110832309702,-0.005076363402492211
2014-08-29,0.007700484011790105,0.00355976449922217,0.005570011365378216,0.004087773382662816,0.00439437553829893
2014-09-02,0.005155261255052476,0.003361654450147786,0.003882441206990163,0.002215524954420617,0.0017386727951599664
2014-09-03,-0.004703669986733314,-0.005464324599516358,-0.005099766008738147,-0.00472330654570852,-0.0043702924047642365
2014-09-04,-0.010542109223428202,-0.00669927733729195,-0.008804105708700216,-0.007776615689209983,-0.008313671007077618
2014-09-05,0.002999040589569542,0.004221777335559227,0.0037061472941888637,0.003800246581358174,0.0035939183002261653
2014-09-08,-0.017191905575560766,-0.009956635322718276,-0.014199246918758046,-0.011775982673085548,-0.012649198725817773
2014-09-09,-0.00029153443731063506,0.004183851081181988,0.0019761524538138065,0.003943083827268176,0.0037894363435749924
2014-09-10,-0.0014381917075236954,0.001934222129339869,3.398666198644941e-05,0.00042151610722959763,-0.0003027898963050138
2014-09-11,-0.001817005998631821,-0.0028580489093440174,-0.0025747911552780407,-0.003191589806287294,-0.0033182354814250622
2014-09-12,-0.011977461419731706,-0.002577251614717627,-0.00776051799834059,-0.004396719203582425,-0.005329488412479299
2014-09-15,0.013658420706509987,0.010657261132133455,0.012325904410854812,0.011408908445505132,0.01179203366921439
2014-09-16,0.01439220734157367,0.008968033491032798,0.011892522912024972,0.009185675327647583,0.009345148854353176
2014-09-17,-0.00399892124257996,-0.001180708974418401,-0.0033619061510812387,-0.00223152162921606,-0.0026887930030693626
2014-09-18,0.0008030302171299443,0.006355631338933,0.003558135338583523,0.004738022223731321,0.003923040644057838
2014-09-19,-0.008376115394884203,-0.005740532842209042,-0.007341406773891993,-0.006480557969937588,-0.006847626399541272
2014-09-22,-0.008488487255449798,-0.0034864798874654104,-0.006037764264139822,-0.0039169478986980045,-0.004166610705813058
2014-09-23,0.0007420335715340444,0.0017136977499685544,0.0016604151147206112,0.002372033241507975,0.002621589544487198
2014-09-24,0.006219433237450868,0.004946305629077417,0.005556980832236853,0.0038153057971591305,0.003307707583404506
2014-09-25,-0.014491178375087732,-0.010981572201785854,-0.012694306913984857,-0.009510349495699979,-0.008894740486274637
2014-09-26,0.020274792943323877,0.016118034457882156,0.01814839554763724,0.015522793314550781,0.01553926695512981
2014-09-29,-0.026012996174757663,-0.00977763356758758,-0.01806845845977518,-0.012156603613904977,-0.01433609928275969
2014-09-30,-0.007235010370492639,-0.0063206528563191375,-0.006830093815933462,-0.006895155575850044,-0.007233982402470787
2014-10-01,-0.015569516576397468,-0.008706414616857713,-0.011858158530641982,-0.008194171874220151,-0.00846345395572741
2014-10-02,0.010666214480487952,0.008463063274047278,0.00963176834136865,0.008684010722612491,0.008914220557000528
2014-10-03,0.014736176028983798,0.009678389089684589,0.011730329931332719,0.007834616263041784,0.007394258306654016
2014-10-06,0.012140662908103032,-0.005503196706530911,0.0031949350046052765,-0.0008002061206615593,0.0028197361417189033
2014-10-07,0.0011519096995384183,-0.005591357959799056,-0.0014922953831785512,-0.0032457673961839226,-0.001935443795981141
2014-10-08,0.0045333637509086915,0.00850568042144394,0.006634271987676189,0.006810635904831021,0.005616707722389048
2014-10-09,-0.006603967180464999,-0.01096994356363798,-0.008556052570665489,-0.00824821579323985,-0.006601116192158876
2014-10-10,-0.02049225509213377,-0.010628423692933112,-0.01533736135264899,-0.011368620459681695,-0.012464179664682754
2014-10-13,0.02342865920621722,0.005222919820964573,0.015068765931209269,0.010120907489032934,0.013499160717314265
2014-10-14,0.0027694725446676133,0.003072572138683803,0.0029657324394321088,0.002838690106634967,0.0026823399646385454
2014-10-15,-0.016278703431720176,-0.003324249054768173,-0.009715124909151886,-0.004511637804254165,-0.0059752556556004685
2014-10-16,-0.009450880802841226,0.0019371131917122826,-0.003289948909053685,-0.00019872984697311176,-0.0022668669981159187
2014-10-17,0.013372320273205252,0.0046018574898955954,0.008695822965148202,0.004892873130895508,0.005732418912933568
2014-10-20,-0.012804815741458503,-0.000460196565542024,-0.006965375287485616,-0.0024029663996000205,-0.004062106714785031
2014-10-21,-0.011916760649535113,0.0040232969255057024,-0.004376259201987532,-0.00017227046782953813,-0.00316981339309321
2014-10-22,-0.004578625889834616,-0.004841776356948028,-0.004925900678600344,-0.004503723648050783,-0.004166051100758355
2014-10-23,-0.01429302778908706,-0.0015288786996572933,-0.00834912998819164,-0.005266387212373677,-0.007815791060956546
2014-10-24,0.014361032803023407,0.004855291006028244,0.009690398626258031,0.0054820553661606335,0.00632140059307564
2014-10-27,-0.01007140133306539,0.005262543877557167,-0.0006115240638419362,0.0032284819848077593,-0.0004738625657726246
2014-10-28,0.015021576517887724,0.0016427332752522602,0.0061505776176897994,0.0032855576452556112,0.006959448252382193
2014-10-29,-0.026959454438686522,-0.028036468301615117,-0.027868884350637953,-0.02821922197358803,-0.02801227064290539
2014-10-30,0.011589629205974603,-0.00040764803655784604,0.003933645944916363,0.0005013916032925215,0.0031889102727778573
2014-10-31,0.025426868680617862,0.01845167580865895,0.019780500401473805,0.018779323701487053,0.021199177841462566
2014-11-03,-0.0011718344403489462,0.006068308339644211,0.0034868162795766667,0.004810304229248863,0.0026816746707898327
2014-11-04,0.012302809961758053,0.011370583547465014,0.012246672232052504,0.01130987255033918,0.010976852231804383
2014-11-05,-0.010695841089276827,-0.010129324764633286,-0.010644733591611605,-0.011167974413675095,-0.011740621331640926
2014-11-06,-0.011302210819316455,9.352312898220732e-06,-0.004733581733157256,-0.0012690308950884892,-0.003528594271875695
2014-11-10,-0.004361257163079722,-0.005324358821981239,-0.005348995319528831,-0.004860499641376638,-0.004078306873454568
2014-11-11,0.006793069766372904,0.010815281275344472,0.010078168797510646,0.01033083275882016,0.008714408284508762
2014-11-12,0.00047958904668868454,-0.001731102056266519,-0.0015071310883890488,-0.0011934049785343034,3.43592820446258e-05
2014-11-13,-0.008428354092107047,-0.0008530143250312579,-0.003350036890917727,-0.0020489870526899474,-0.004370842333640554
2014-11-14,0.01226024628396865,0.019577167337354543,0.017567745402531785,0.019082490616206618,0.017011257390895353
2014-11-17,-0.00882518345957849,-0.006758404035783992,-0.007723300508825676,-0.007100073349128588,-0.007497610627303741
2014-11-18,0.012037056989941144,0.008000707437553685,0.009665669212768412,0.008522179084204119,0.009413131925856582
2014-11-19,0.010441335380277623,-0.0003217794565272654,0.003418867231517558,0.0008723528896748914,0.0036379648285065963
2014-11-21,0.03683760718006746,0.02080704970092305,0.027597811996529872,0.02273334647888459,0.02594726035514033
2014-11-24,-0.01350961521037758,-0.006607834069768566,-0.010104373431578112,-0.007085226172588509,-0.007769831375568093
2014-11-25,0.0007883824705483765,0.00028696696692217003,0.00037421576561756713,0.0004932481822132387,0.0008300473101227648
2014-11-26,-0.0038758414576945377,-0.006070663417831407,-0.004688217924102877,-0.0063320403322613605,-0.006642337864488501
2014-11-28,-0.002587630188341673,0.002973957966287848,0.00024292154252933607,0.0011789544700154422,-0.00029066299071082833
2014-12-01,-0.01976856026174993,-0.0018627389361250588,-0.007566421181912104,-0.002952087438733642,-0.007645060678429677
2014-12-02,-0.008520958566419204,-0.0045557216322617755,-0.0064202688218678895,-0.005980834626234474,-0.007186200465844744
2014-12-03,0.008784108696618113,0.00735025057788348,0.007737046520172092,0.00808292181353033,0.008907560863721952
2014-12-04,-0.007237695666054842,-0.0015206403124932556,-0.0034859829457211692,-0.0027675886174251953,-0.0046705266081688325
2014-12-05,0.005345453049867907,0.0019907305815780882,0.0029009948542129947,0.0019963019268742516,0.002904078014460855
2014-12-08,-0.018903357925192602,-0.007256984524655225,-0.011348098166497596,-0.00832206457347844,-0.011239544188574457
2014-12-09,0.005821648361092896,0.0088725449543005,0.008378357617645672,0.009070082536486713,0.008066801194355464
2014-12-10,-0.014913932134124298,-0.012742064030928696,-0.013713012152849724,-0.012117215902209053,-0.011998530559180076
2014-12-11,0.007770342055799699,0.012155271417747167,0.010030547903772473,0.01140721139113466,0.010632864176830523
2014-12-12,-0.01809817284004601,-0.010252945829407533,-0.012113499163959063,-0.011611907940269164,-0.014784551249229122
2014-12-15,-0.018757392738150882,-0.0132469059668363,-0.016068701560760908,-0.014632672993738712,-0.01573888499742966
2014-12-16,0.01167236811104273,0.01677492482739667,0.015497733700041379,0.01612137742758931,0.01429520587135829
2014-12-17,0.02301991157241876,0.011422681584672302,0.01554235002951651,0.0120247058177408,0.014624709472775633
2014-12-18,-0.004446535671279418,-0.0046784775960633075,-0.0048477234702322064,-0.005413848369847756,-0.0055714961107022586
2014-12-19,0.007377230782998127,0.0022343492018252263,0.0032250608987293298,0.0034204969710856592,0.005874079112799773
2014-12-22,0.004950071065020864,-0.0011861205230770482,0.0010108746868136697,-0.0014996602531721656,-0.0005211846297700977
2014-12-23,0.011507244124831081,0.012095882938870477,0.011502016994591534,0.012335413665267816,0.012709766593584422
2014-12-26,-0.0020824749111537765,0.002584816075643823,0.0016668744627460117,0.002022931452023366,0.00010423051545551486
2014-12-29,0.0013962285009780034,-0.001140443242886403,-0.0007429736670312482,-0.0009341937850015674,0.00013436527502511423
2014-12-30,-0.006843766311778665,-0.006703797135672994,-0.006044313761697049,-0.0062190005675135974,-0.006606349941962542
2015-01-02,-0.015581032096654993,-0.0058885783114346404,-0.009267462367500494,-0.007822234230265391,-0.010759654889908063
2015-01-05,-0.01199241344517513,-0.002326208341098887,-0.00553769550718542,-0.001702947342133093,-0.003489919588244028
2015-01-06,0.006033478159944827,0.001221576864404774,0.0036229801438387504,0.003262309885216801,0.004614597670960534
2015-01-07,0.013781388111678549,0.0049964509374150505,0.007438464491008412,0.005852630805592656,0.008631256971170174
2015-01-08,0.01206307108738288,0.010506595728767904,0.011023395308403839,0.009070862453524021,0.00865969470865252
2015-01-09,-0.016013982940739444,-0.014028906052261342,-0.014048937672257768,-0.013499012062861655,-0.014205235349943722
2015-01-12,-0.009798559356871893,-0.0030636894822359886,-0.005532083076757018,-0.00280735706891759,-0.0039012364836515374
2015-01-13,-0.0020989777092373903,-0.005315754344346951,-0.003767231686032338,-0.00507082863943686,-0.004703740995170539
2015-01-14,-0.008896592806628445,-0.01229261635581042,-0.010609467797359613,-0.011682029261470179,-0.011143362682336557
2015-01-15,0.0009948812762962539,0.005055066151246652,0.003188550620308648,0.007448559634719795,0.008259096030038961
2015-01-16,0.021514614589427154,0.017009592499642758,0.019287164337554244,0.01728501085765339,0.017688331374130915
2015-01-20,-0.009154723509815917,-0.0007226721133780443,-0.0033147040336407195,-0.0018590674478759803,-0.004426343367833362
2015-01-21,0.01232289427550042,0.0020330346963193767,0.005547425925319123,0.0037958936875269315,0.006851534595102032
2015-01-22,0.004668105173246127,0.003536440185112031,0.003958960468952451,0.0031704316540855336,0.0031993519600261268
2015-01-23,-0.011532082426284257,-0.005760586096368358,-0.008431590939279887,-0.006563942520561361,-0.007526302971440346
2015-01-26,-0.0019825706184674525,-0.0007956287663373902,-0.0014474313467319104,-0.0018538437128657952,-0.00240684844046005
2015-01-27,-0.0015341307164353773,-0.005008646604424546,-0.002976425976213834,-0.0030143745957829397,-0.0020414271492277965
2015-01-28,-0.017366446983967092,-0.013055070753155528,-0.014924512805876302,-0.013188283770385853,-0.013795096011934094
2015-01-29,0.0020093698078026746,0.0004621574035974551,0.0006168325627757078,-0.0014245511611787663,-0.0017248192101468722
2015-01-30,0.0008255417592614819,0.016625728604284126,0.011335287144302422,0.01597792272306346,0.012315673005588437
2015-02-02,0.015176986312325972,0.01303827808694942,0.013609959285482668,0.011966958182741839,0.0119806171157335
2015-02-03,0.020738750965139895,0.012564070195232794,0.015342700598575697,0.012303292121533133,0.013814650186669716
2015-02-04,0.002333932692101438,0.004608916635183944,0.0032782406730361402,0.005286921778631232,0.005684245448501758
2015-02-05,0.008732252167247778,0.010301340635128112,0.010253075394137449,0.008837925642259744,0.007329248115079168
2015-02-06,-0.009789974990280904,-0.006408260322199573,-0.008646306196157928,-0.007979869808415582,-0.008520267209990993
2015-02-09,0.012268026350892025,0.009390887299584814,0.01100215367753844,0.010128655872258153,0.010535576813045852
2015-02-10,-0.007481236187558141,0.0022159690021564303,-0.0019161630901494554,-0.0004157215621415884,-0.003005870719831694
2015-02-11,0.002033702233901877,0.007126912760278525,0.00509976714142236,0.0053181955012100825,0.0035907933246050773
2015-02-12,0.021529181572310856,0.012510959738094444,0.016253452407264033,0.013253927225790465,0.014860630079186919
2015-02-13,0.008739229552158603,0.003234357638488936,0.004758862519929496,0.004874634907437923,0.007135090500770839
2015-02-18,0.005308529655885207,-0.00036618550935421456,0.001356107011333445,-0.0001830128689633969,0.0012384709339643629
2015-02-19,-0.0006168581204539329,0.0014824710296376302,0.0003334053250027015,0.0012221299548359297,0.0010455463340413977
2015-02-20,0.002299846256143334,0.003708354825452499,0.003065197421973921,0.002626925478982789,0.00192339450305338
2015-02-23,0.00245124738505219,0.003568198600931232,0.003185028274964091,0.003435637594123181,0.003155557671957535
2015-02-24,0.007205954128040884,-0.0006519258674760949,0.0026472215366125803,0.00011770849397372018,0.00155097126953667
2015-02-25,-0.0036295553571218564,0.0006889749541651512,-0.001482875989592225,0.0007930017882958403,0.000590023265425679
2015-02-26,0.00030174856575203627,0.002552158000544979,0.0017012114155232326,0.002499022840244336,0.0020839676053324685
2015-02-27,0.0018048123375075619,-0.00047037463723161927,0.0011852086840800197,-0.0004778749162686823,-0.0008016137952650696
2015-03-02,-0.011536703554762256,-0.005453180156312029,-0.008666954265240051,-0.0065203543689675925,-0.007295090592289519
2015-03-03,0.007825745892480394,0.009455582735208308,0.008913928689345395,0.009268006195138335,0.008836515492444925
2015-03-04,0.0014614930131786822,0.011669726491454426,0.008399805781838668,0.009358641164400947,0.00590057365918116
2015-03-05,-0.0009642746839990955,0.0026268857932056685,0.000947685301291879,0.002117278530277623,0.0015312293248752184
2015-03-06,-0.008115261295583343,-0.006970103426885806,-0.007789430808922627,-0.007699622989253414,-0.007900501003680647
2015-03-09,0.00016425360002782628,0.01319870824918244,0.008440067268154685,0.010689034675735475,0.006959274569470702
2015-03-10,-0.008360324651045576,-0.006031728266337558,-0.006012219550008605,-0.0064375233791680786,-0.007940898484396079
2015-03-11,0.0017263060246186534,-0.0029427598870194658,-0.0017872283473915668,-0.0018815180366184168,7.813592887026889e-05
2015-03-12,0.0006636046843806275,0.00434295152806693,0.002521582204390619,0.0033105412625220277,0.0025428113557395306
2015-03-13,0.01041837085416556,0.022070418388059322,0.01817642050717248,0.020212034585148097,0.016718699226760485
2015-03-16,0.005829863577656412,0.0056303703270232834,0.005551463362137176,0.004901198628314593,0.004703717076115839
2015-03-17,0.023963549033406015,0.014210820757197984,0.01830932585098316,0.015273743758107616,0.017124154666649332
2015-03-18,0.01864892952322934,0.014389265583025978,0.01601216490477366,0.015562397041225773,0.016901086478831213
2015-03-19,-0.010440809334449082,-0.0020445417817860916,-0.005862414418159902,-0.0025847964936462275,-0.0037019820980893317
2015-03-20,0.0160557563469501,0.007543406687711007,0.011316889988604013,0.008645306862620094,0.010144689319724566
2015-03-23,-0.007283946749126456,-0.012803155167706111,-0.010615929541907404,-0.011453670586181363,-0.00988861387426457
2015-03-24,-0.013225610203824687,-0.014527683239832662,-0.014255331432416567,-0.013582983005142357,-0.012653835600776106
2015-03-25,0.0001643403138396961,0.0011051619549211306,0.0003298457571354675,0.0023681319607065415,0.003274298246994465
2015-03-26,-0.00508771888821865,0.005140762568115101,0.002250601445133362,0.003170633561469287,-0.000581858330349565
2015-03-27,-0.0018902446284997205,0.004789988055559763,0.0022131888790466,0.003337060008170244,0.0014760237036888562
2015-03-30,0.020498176007910374,0.013579020371284873,0.016261830136258957,0.013132992927197018,0.014031843744509291
2015-03-31,-0.010448357139289642,-0.015634018646879973,-0.013843087586502444,-0.014128262747008952,-0.01227274656161926
2015-04-01,0.007237522344689545,-0.0008936784707515625,0.0019295849050917405,0.0020141320390632067,0.005178696788120953
2015-04-02,0.011039707140597495,0.0027769434426659213,0.006175076576372802,0.0034575438724939473,0.004985951635812156
2015-04-06,-1.2291890685600266e-05,-0.003250443197110336,-0.0026484548216561044,-0.0017979156555048242,0.00012176166302334261
2015-04-07,0.0034727781584227664,0.00426331044534015,0.004162531694132972,0.003843577774569412,0.0033305398001348178
2015-04-08,-0.004017076200169577,-0.010590754902695352,-0.00778613742261347,-0.01021489166012992,-0.009101171126020074
2015-04-09,-0.007146796933785044,-0.00917554172445334,-0.009210063081399697,-0.008707994239595118,-0.007317621870432025
2015-04-10,0.014190011159838768,0.01596631352509059,0.015796474635975454,0.015546673507806653,0.014517103138167791
2015-04-13,-0.001851895334114433,0.0008317764679570839,-0.0006958818040063667,0.0007047496588991725,0.0006474942003838846
2015-04-14,-0.0018901672078128916,-0.006212165297693522,-0.003951479527981442,-0.006406051491574628,-0.006276121865901976
2015-04-15,0.010427710492668081,0.0050267227546579646,0.007069008556922098,0.006106828855257927,0.007586090685031627
2015-04-16,-0.010825223142073206,-0.01288232941042937,-0.012506378351588127,-0.012361386308723042,-0.011346693573025366
2015-04-17,-0.005065541207962098,0.001413844774647876,-0.0007764043019752946,0.000920891532693654,-0.0008017804315834302
2015-04-20,-0.002746122991066229,-0.0027771154877942288,-0.0028675566104141566,-0.0034702295445526595,-0.0036391912056553386
2015-04-22,0.0047016254361818615,-0.004248675771695713,-0.001059760948544635,-0.0031608291432001227,-0.0007904707387670332
2015-04-23,0.012480427971163414,0.006667869230038589,0.008908986545416338,0.007808704473767949,0.009348189676404807
2015-04-24,0.00206753019498758,-0.008418810612264611,-0.004823740858279111,-0.007169235116570729,-0.004258032487077646
2015-04-27,-0.016604871603483583,-0.01113890174308469,-0.013307280906540035,-0.010817029856111948,-0.01164642772153876
2015-04-28,-0.0017576167060669493,-0.0014916799105688184,-0.002141939477993493,-0.0007973815203527956,-2.841516334401137e-05
2015-04-29,0.0013275101877087978,0.004312419305261819,0.003683946701637465,0.0032190168605272366,0.0017236799465497985
2015-04-30,0.011175118045575232,0.007865309604740705,0.008918526374386454,0.008206977268179812,0.009187633593629395
2015-05-04,0.027318388731006418,0.03139684159278119,0.030055588002053747,0.030204863964494805,0.02872092121160287
2015-05-05,0.002848917481176863,-0.0022910312354741656,-0.0004689828258836166,-0.0006618883933945201,0.0011021783744983125
2015-05-06,-0.013045580315357148,-0.011013268348743038,-0.011647392916947483,-0.011290998043035029,-0.01193128782217625
2015-05-07,-0.0010693394862262824,-0.0027719950712762455,-0.0019159720230509584,-0.0032621252432018725,-0.003332388467517792
2015-05-08,7.753616684738606e-05,-0.0033480476578136896,-0.002086374721321632,-0.003185623070581939,-0.002403025180069298
2015-05-11,-0.0016295510773806255,0.0021532121883277968,4.02716775276513e-05,0.00209496471036959,0.001963459745805822
2015-05-12,0.0032817747276628444,0.005144917808777842,0.005281008072006294,0.0047506727908197145,0.0034296857586393623
2015-05-13,-0.007195539119351526,-0.00196831310965228,-0.004360329241640492,-0.0014671750258155962,-0.0019333407936089593
2015-05-14,0.007657043110118831,0.005259844566851419,0.006623519848381141,0.004969200316406269,0.004911479708151749
2015-05-15,0.003947158584286568,0.0012700001862602426,0.00207732433340013,0.002132251686733749,0.0031826014450489328
2015-05-18,-0.007151777711565775,0.0015560592191311052,-0.0018893778213814856,-0.0002776445177721096,-0.0025556322462386943
2015-05-19,-0.008363407038290378,-0.005789933355844542,-0.006910694118898876,-0.007101981944281384,-0.007956714665624968
2015-05-20,-0.002629835742239123,-0.0013456401256675453,-0.0012324666080690385,-0.0020056649552410025,-0.003078813211997415
2015-05-21,-0.0015660043586712578,-0.0003465872024587086,-0.0015344900511759356,-0.0003402778360146255,0.00011248620194151373
2015-05-22,-0.0049117788328232334,0.0032963295001556176,-5.9974799873254754e-05,0.0019932941111853587,0.0001020026019015034
2015-05-26,-0.014922659218919953,-0.010062595610223494,-0.01264682477772375,-0.0105907767818702,-0.01105513190160824
2015-05-27,0.016070870294579036,0.015000694666912038,0.01584053794297933,0.014165751437704507,0.013657434214803626
2015-05-28,-0.003402639501621818,-0.0011360956791181646,-0.0021287782685029647,-0.001317879190789945,-0.0017098032756927822
2015-05-29,-0.014734817553653388,-0.007447858834238181,-0.010337869267395947,-0.008346675848745856,-0.010007684379709482
2015-06-01,0.0035897672187268606,0.001814581333390562,0.0025432824478910285,0.0019315145070678361,0.0022740879554704156
2015-06-02,0.009666658472218695,9.125391493319345e-06,0.0038172956229807465,0.0021502908799040893,0.004730118193110325
2015-06-03,-0.013143569374363999,-0.011616761362821583,-0.012501525371884169,-0.01228782600885731,-0.012551485298792972
2015-06-05,-0.002225582153618628,0.000318453706586757,-0.00031607214570296025,-0.0006856388886830652,-0.0018677163142565944
2015-06-08,-0.009310413968465457,-0.012943641401508938,-0.011534129721760966,-0.011629611003441762,-0.010450483743843534
2015-06-09,-0.002544459650383377,-0.0036366188875301235,-0.0033042337066308413,-0.003196392807367326,-0.0027334559603133515
2015-06-10,0.011990080963106085,0.009659849305469204,0.010100337033022027,0.010320506175821571,0.011464172092438834
2015-06-11,0.011318196483458273,0.013293034741890853,0.013488884770721918,0.011500493637391513,0.009562556902716225
2015-06-12,-0.013743678876962657,-0.013682619874356552,-0.014254110957763353,-0.012669996365627139,-0.011804578542980376
2015-06-15,-0.004502896109757735,-0.0023459879170472566,-0.003372665837099638,-0.0020388002383215594,-0.0021765705628112968
2015-06-16,0.009909736769476105,0.004570163961898743,0.007066648376390028,0.004587748662619793,0.005223116906280913
2015-06-17,-0.003273659359878608,-0.0022839883841776856,-0.002310527166968096,-0.002630408239712989,-0.0032952953487690503
2015-06-18,0.005329076157458048,0.0018145509449131304,0.0025019865186788003,0.0033054221475050448,0.005155278110721125
2015-06-19,-0.003209834452345183,0.002008103726691014,-5.405721604887772e-05,0.0013209349917055818,0.00010775155753914225
2015-06-22,0.0006929267162597281,-0.0029503174627800812,-0.0014736748077453488,-0.003564375187521017,-0.0031032810235662777
2015-06-23,0.0037962150012889055,0.003613614931855603,0.004098415599390665,0.0027890005922405164,0.0021409295005787353
2015-06-24,-0.006756021932318967,-0.007227838177534694,-0.007633682440962359,-0.0062812702542962276,-0.005288318415705955
2015-06-25,-0.0064490699204730745,-0.0014828103308829907,-0.003441896867164233,-0.0022839007559869004,-0.0034863384337146127
2015-06-26,0.014232009679580458,0.01085332310900817,0.012449048942153621,0.011283782992184377,0.011795233789188056
2015-06-29,-0.011975010675137706,-0.00794618448055199,-0.009095352761467371,-0.007466015315605796,-0.008527196752806119
2015-06-30,-0.005874224618432691,-0.009595687604240047,-0.008426757974041778,-0.009143221951215415,-0.00798715249542512
2015-07-01,-0.0014669145417456158,0.003143607106174984,0.0011100436637517875,0.001771083718099322,0.0006668448438411793
2015-07-02,0.0061732935985390125,0.00048690596378517633,0.0032634269523558997,0.0009516512536579095,0.0016533718608204822
2015-07-06,-0.010825652946026786,-0.0016787913642028211,-0.00556525769196421,-0.0027373914341242782,-0.004541416945234524
2015-07-07,0.006939730727188649,0.007112110428149075,0.007074811730795379,0.005891286196696291,0.005443607730007321
2015-07-08,-0.004716201117214392,0.002907161289125538,-0.0001555048885071625,0.002831960477520705,0.001405349782235644
2015-07-10,0.013059307739222275,0.004711207235480258,0.008550404861422677,0.00503068272084365,0.006177489701272514
2015-07-13,0.002851053058298634,-0.002268083171717825,-0.00039784527021014573,-0.0020131809451077423,-0.0007483896879878997
2015-07-14,-0.005007464420102977,-0.0069387360169545905,-0.006620263217485824,-0.0065253613439691304,-0.005552464729839835
2015-07-15,0.0005730827892177934,0.0024594065525986634,0.002066711687973509,0.0015288994318648228,0.0005577604701346839
2015-07-16,-0.0017672943464382776,-0.0017574617803660384,-0.002231996584591842,-0.0019014319704451297,-0.0014133321681344662
2015-07-17,-0.0036562067084231,0.0019843877630473083,-5.961262708754613e-05,0.00019987538073548323,-0.001529255716457584
2015-07-20,-0.007496229122202869,-0.008425651956220229,-0.007586971465332338,-0.010220204062540188,-0.010930010264385582
2015-07-21,-0.007745787842154913,-0.01044144683176545,-0.0095400598132881,-0.00975936019204233,-0.008884402871572392
2015-07-22,-0.005898613955847011,-4.621214741833005e-05,-0.0025705009229214926,-0.0010655026330249997,-0.002237588567591698
2015-07-23,-0.004974168517172019,0.006043694782256381,0.0019685936487333112,0.003847277084013237,0.0008319290558505073
2015-07-24,-0.00223290633862756,0.005944013857126374,0.0027474182638337627,0.005517550748814843,0.0037238418677007818
2015-07-27,-0.0040887211573320216,-0.0005516089410287107,-0.0017586665495259066,-0.0012855435378647836,-0.002374016399146292
2015-07-28,0.017809768762110784,0.014911721176815199,0.01630177419073585,0.014613397277785834,0.014869984038239508
2015-07-29,0.003778068528542444,-0.001520336065987252,0.0002932120592953184,-0.0006248022401891432,0.0009567238485350889
2015-07-30,-0.004347309006450232,-0.0007680865101260799,-0.0023764825708090832,-0.001677217458819937,-0.0023842115433903035
2015-07-31,0.01514123347933034,0.013985010688346839,0.014240775552819055,0.014779945343454514,0.015408733671941842
2015-08-03,-0.004058211446441038,0.0012526847014437922,-0.0005521235195930385,-0.0002211459618643039,-0.0019403014255714884
2015-08-04,0.0035383008694288504,0.004840587766364714,0.0046263718200866,0.004513043572561217,0.003847498444520447
2015-08-05,0.0033526937433799313,0.004550556138715732,0.003779958086647775,0.004217691224137079,0.004235388654132914
2015-08-06,0.0013958578292477234,0.007442382781006058,0.00509709124893511,0.007010127551333708,0.00563708642633453
2015-08-07,-0.017504899554246153,-0.011775867194666756,-0.013638523501460612,-0.012944587916070605,-0.014802432319142507
2015-08-10,0.013307252883752334,0.0073229714491162634,0.010071947142045371,0.007873218554681684,0.008783116347385628
2015-08-11,-0.0083156081537242,-0.002022549352191613,-0.005339512983747001,-0.0017029634414727787,-0.002080205524368451
2015-08-12,-0.005926088072396566,-0.0003429556591388364,-0.0024086475929302707,-0.0008940971250719268,-0.0024002367642388073
2015-08-13,-0.005296237283803739,-0.0011564517611234906,-0.0030537612995967644,-0.0019884818654140966,-0.002730111331567588
2015-08-14,-0.007954389045120995,-0.008519949026261011,-0.008049556198267284,-0.008807168736012571,-0.009013154346686116
2015-08-17,-0.0020703547504452705,0.0004751775280160481,-0.000470236714744577,-0.000181414453343666,-0.000924931298513734
2015-08-18,0.003977921856984662,0.0019240312998991677,0.0028902238594028804,0.002266906605631733,0.0025942659012735706
2015-08-19,-0.010302097630456551,-0.0017907405001034843,-0.0053065492709101865,-0.0021922570762401778,-0.003981707095192472
2015-08-20,9.126910538760557e-05,-0.0004577256864231454,-0.0001295063674644207,0.0012812963358883995,0.0015326060946938465
2015-08-21,-0.017596042486367137,-0.009885376407801173,-0.01338497031139646,-0.009095639744526842,-0.010171352097918245
2015-08-24,-0.020413996784936578,-0.011696129511532684,-0.015094978029675592,-0.011653189621244432,-0.0136491552614711
2015-08-25,-0.007167794364230279,-0.009963525599012733,-0.009561765218866092,-0.008803655143683836,-0.007161464852193545
2015-08-26,0.04244919639051174,0.03459803036033042,0.039120231429813725,0.03223986891123671,0.03195769970145097
2015-08-27,0.01568743449056245,0.002917032279001001,0.007564216945063345,0.00457895744362639,0.00816912625041724
2015-08-28,-0.0033275686419704615,0.004754307354648996,0.00142430905000686,0.003813335981237113,0.0020263109875887975
2015-08-31,0.0013014905703494638,0.007544700917800551,0.005484189096937824,0.00647191238113319,0.0044302314787880905
2015-09-01,-0.020285498942983787,-0.009761627978737074,-0.014538968927652352,-0.00955369268829046,-0.011143513951102095
2015-09-02,0.02257521800608769,0.020761759434261277,0.0216664727875076,0.019811133846432332,0.019852873370599638
2015-09-03,0.01601165280139168,0.011602609121209277,0.013519587496850784,0.011834595349022231,0.01264893611301834
2015-09-04,-0.016977786099923634,-0.007309292642985839,-0.012005833998555735,-0.007645255206323518,-0.008816859852865495
2015-09-08,0.011827846521315508,0.00962765441511083,0.01116784818064742,0.008260644996115245,0.007743887908485761
2015-09-09,-0.009621098840384461,-0.012839020367276811,-0.011807612606946878,-0.011997858826807923,-0.010873198348948527
2015-09-10,0.010179630387048211,0.015650142308449598,0.014089588660081823,0.014304938224619439,0.012349426207966538
2015-09-11,-0.0025787454424568597,-0.0008005809619544917,-0.0016283395347011737,-0.0009778044811690595,-0.0010986421368449494
2015-09-14,0.013280299400454085,0.004521883996060761,0.008427497783754321,0.005600717760052456,0.0069868317100085136
2015-09-15,0.000421739015801983,0.0008263704017658872,0.0006336762483649076,0.0006804628851658362,0.0009043818652961969
2015-09-16,0.017307529157136545,0.011759296351368971,0.013907799993520714,0.012749665528079117,0.014009864525156783
2015-09-17,0.008085532860477189,0.014124592949309107,0.011658489194376417,0.01328889553932034,0.011767715997366176
2015-09-18,-0.02299544438155884,-0.006573176796951518,-0.014706830935684588,-0.00771178032380572,-0.009884645008506608
2015-09-21,0.0044269622839272875,0.007246354722089539,0.007478855469836139,0.005589112239891343,0.00345433145772925
2015-09-22,-0.0030184514488446035,0.0022244327410093512,-0.00015718563946995182,0.0016371922323322153,0.000693991512941638
2015-09-23,-0.0069316067633010976,0.005318111756260173,0.00025112286993469513,0.003608468690759884,0.0009651676758958316
2015-09-24,0.023406810625421926,0.02359495802877885,0.025269895944071852,0.022184802721792293,0.01949499480614466
2015-09-25,-0.04286085654446135,-0.047209677101811266,-0.047682474497886845,-0.0447218053453876,-0.04085708251587904
2015-09-28,-0.015505183728513812,-0.00691750751165968,-0.011016885707275402,-0.007664702911917188,-0.009011540879072459
2015-09-29,0.020013726554586466,0.017328590292747855,0.02003267638465976,0.016343407241725054,0.014987951002953907
2015-09-30,-0.0025724385636788608,-0.01876064663932698,-0.012324299762328144,-0.01635646146093527,-0.012138657771313595
2015-10-01,0.003729478136280832,0.0031345941114943364,0.003266894323691478,0.0032322778011359,0.0035625078494296203
2015-10-02,0.03458313679971014,0.028399763694070188,0.031249729296809803,0.02912230211244375,0.02993574869719609
2015-10-05,-0.00016856018809725497,-0.008445691568928704,-0.005124294399783026,-0.007269323249315531,-0.005062343692743153
2015-10-06,-0.0047785589328599425,-0.005229691905007138,-0.005693043637040192,-0.004468925258343579,-0.0037827535376825415
2015-10-07,0.006528157839116136,-0.0004701839534985254,0.0017243060381900094,0.001181413788148357,0.003710047383523268
2015-10-08,0.014473570300669448,0.008436705619428744,0.012496541201745355,0.007975933473031264,0.00753386896280434
2015-10-09,-0.010248278226345522,-0.009740621795143062,-0.01126719435577914,-0.008557271723317827,-0.007508123978795925
2015-10-13,-0.017180131918659993,0.0018882761310048063,-0.006439442134289242,-0.0003091668253366161,-0.0034774737190040807
2015-10-14,0.0027570150763199146,0.005839272294638465,0.00500091390625206,0.0051563878571471945,0.0036699073510381955
2015-10-15,0.006117247461164316,0.0018706899692854735,0.004104361375105015,0.00189692550404579,0.0025212202830909875
2015-10-16,7.504647796984826e-05,7.70476828459212e-05,0.00014373411430265967,-0.00010701996863132433,6.951009241591402e-05
2015-10-19,0.008310749070185863,0.009116235635606592,0.009059756560021906,0.008743207076175132,0.00839364767946354
2015-10-20,-0.010620314715917468,-0.006021537535774257,-0.008684021197945263,-0.00596585104654092,-0.006092097781296088
2015-10-21,0.005491435046214718,0.006572919034633192,0.006460815769526378,0.006050735856193063,0.005543877498460655
2015-10-22,0.015674344565556653,0.008156539747691104,0.012282645826156829,0.008236284411396606,0.008791178355910392
2015-10-23,-0.0058405450740731035,-0.006010293468578909,-0.005837122131068802,-0.006160133366678187,-0.0059680036548591915
2015-10-26,-0.012465453362923182,-0.010265539973275289,-0.01171440052133741,-0.01009977321193933,-0.009932354561017648
2015-10-27,0.005533165283208479,0.007991606882400403,0.007263541154462921,0.007399475385585945,0.006559089263688152
2015-10-28,-0.008644044886630581,-0.009179575937722109,-0.008692922573901469,-0.009453359442007422,-0.009230501822229446
2015-10-29,-0.005159453278332156,-0.0047541799223780904,-0.0035167614595289307,-0.006098310301224735,-0.007525062580927666
2015-10-30,-0.01119412039595434,-0.013257753738442977,-0.013196435019403718,-0.012127508705508099,-0.010891986679937354
2015-11-03,0.025547400934886357,0.0021598496239224833,0.013385128891260612,0.003995048340911089,0.007168870605533488
2015-11-04,-0.017859971231084175,-0.014936685691524036,-0.01694719638359566,-0.014622590600945612,-0.014092970669104888
2015-11-05,0.008005894300696162,0.004415953110532489,0.006331291993784237,0.004528223882266832,0.0047205405814565
2015-11-06,-0.012898817722436137,-0.012695712427585612,-0.011818288326576205,-0.013668460318898954,-0.014460654707887748
2015-11-09,-0.015757304227186582,-0.008317889909621479,-0.012336240922749762,-0.008472172871333866,-0.009001520784698068
2015-11-10,0.00433328817772403,0.0002609713483605497,0.0027102750721620765,0.00016413925569408713,0.0001332384448094695
2015-11-11,-0.0004177046747871544,-0.004778107307078878,-0.003770390013711486,-0.0034839644798853545,-0.002523283966753977
2015-11-12,0.0014703058678016362,0.006768379312819463,0.004097466558103362,0.006804699401781553,0.006394837162448563
2015-11-13,-0.00921182956979788,-0.0055045315146495626,-0.007734142357994679,-0.005316451142573634,-0.005372066443920831
2015-11-16,0.017206228368467122,0.010689651539297776,0.014991031717235474,0.009903746195149263,0.009719226375605388
2015-11-17,-0.00447788714335735,-0.0067175850637253036,-0.006137139135459817,-0.006443617950179804,-0.0058415733116297785
2015-11-18,0.008703052996736177,0.002293433216505687,0.006241318408515481,0.0017682340435099548,0.001791064061575686
2015-11-19,0.004421891204297091,0.0030603556790207856,0.002861537010937246,0.004227834399367957,0.004729085406536697
2015-11-23,-0.0007453882014396839,-0.0016465562586121475,-0.00088514308698654,-0.0021651451940998723,-0.0021362257769717693
2015-11-24,0.003300570418360319,0.0018206614534418564,0.002503551838742925,0.002106535925829,0.002157153932528281
2015-11-25,-0.012307260899090395,-0.004299001163873835,-0.007270061528508996,-0.00596411482387732,-0.006996429140612362
2015-11-27,-0.019937963680916305,-0.016817197346262913,-0.018080488382579897,-0.017674630517110258,-0.017881000573978685
2015-11-30,0.004295864576167429,0.012728649500174289,0.00947897648076242,0.011583881676343399,0.010410643326434255
2015-12-01,0.006467565515010353,0.006313566485831581,0.006979892827100261,0.0055565699686035055,0.005238873632445077
2015-12-02,-0.0047618331075277125,-0.012885823969589639,-0.008665636368756098,-0.0125321232314202,-0.012152488183445083
2015-12-03,0.009670130561381014,0.0066619524286568215,0.006240612244598158,0.009162105904261484,0.010271488727190947
2015-12-04,-0.010408465298201589,-0.002567457098992441,-0.005934488719539728,-0.0035974891961146945,-0.004391320029689712
2015-12-07,-0.008216405323910866,-0.009376504223173198,-0.008968192988154853,-0.009343653558893961,-0.009096259039383556
2015-12-08,-0.0007259922521544202,-0.0005093935865463843,0.0002662187851671958,-0.0010615509195295912,-0.0017373479876389654
2015-12-09,0.012052245529153864,0.007346773516363187,0.008118038578246736,0.009272827595915663,0.010474021448893967
2015-12-10,-0.010733037188729743,-0.002536798255577213,-0.006706878256469318,-0.0031298470848616475,-0.003457897588407141
2015-12-11,0.003727182994908893,0.009236411164250532,0.006638893731924295,0.009398430946639074,0.008736305120320996
2015-12-14,0.0005010664536297128,-0.002918503562405834,5.833573949085843e-05,-0.0035161905042539014,-0.0037926567523320484
2015-12-15,-0.0026621010609586683,-0.0034930416949046374,-0.0030371113998999707,-0.0035260298428242383,-0.0033667116413841802
2015-12-16,0.021036741172645916,0.0182350602514584,0.020844138039001297,0.01771911410165272,0.017274311052106188
2015-12-17,-0.01741593882280688,-0.015682882398742222,-0.01783198379810915,-0.015167384812685196,-0.014550588322625905
2015-12-18,-0.019689801095882902,-0.0065258670087142085,-0.01343685112443087,-0.006644395421275533,-0.007295917551976832
2015-12-21,0.006980330993097128,0.010254784365713374,0.009970421302217926,0.009461363292288525,0.008691086365336262
2015-12-22,0.00420795240559468,0.000786779552351951,0.002757605252991454,0.0006674766425714781,0.0008159281923257565
2015-12-23,0.010271029938741946,0.003581409508922565,0.007254830144503751,0.0035760018928856427,0.0038138518649471318
2015-12-28,-0.006552417444021493,-0.008044608916745017,-0.007438932664375234,-0.007905310688959034,-0.007831357197777142
2015-12-29,-0.010969751466716268,-0.01026849806380868,-0.01084550654314234,-0.010239270702107253,-0.010028336399653328
2015-12-30,-0.005259073154158485,0.0003255210218049204,-0.0022883093437400994,0.00016514029886404038,-8.159853680495812e-05
2016-01-04,-0.001344020399863167,0.010069330661869852,0.005004987819705671,0.009663827687684892,0.008565952220836698
2016-01-05,0.0024672460352169814,0.0006782906545188289,0.0012491336011323593,0.0008438018836991275,0.0010342168384239708
2016-01-06,-0.00595743159339367,0.0006409194815887271,-0.0028140060460802906,0.0006800840616170361,0.0002362825333953473
2016-01-07,-0.017464110655998902,-0.005893363937672182,-0.012215113613238087,-0.005772287541569346,-0.006327800419478651
2016-01-08,-0.007957287417319185,-0.007175626562878587,-0.00817072491984632,-0.006929197065300575,-0.006753374194489674
2016-01-11,-0.011509755353930888,-0.01247294219446982,-0.011365125570756687,-0.012749445391378926,-0.012892741105623858
2016-01-12,-0.0005825855952739552,-0.0037256802384086664,-0.0011309784303049281,-0.004206379977692813,-0.004434495222630364
2016-01-13,-0.02109139796176178,-0.013663474397514362,-0.018647528931960616,-0.013111160223762899,-0.01309956226523919
2016-01-14,0.01620578298924768,0.006428432353721811,0.012345606081598844,0.006010909973549392,0.006211854025077114
2016-01-15,-0.016751024931483262,-0.0061661898215442925,-0.011913090259358786,-0.006082654343396624,-0.006571642720847863
2016-01-19,-0.007408174349091483,-0.0074174905597029816,-0.006926300116341533,-0.007405713028400697,-0.007433054486330734
2016-01-20,-0.0008475103661267367,0.007026021983129522,0.002814397614753988,0.006971806950924154,0.006877488639347771
2016-01-21,0.007010028872570259,0.010855869114750604,0.009494914540883583,0.010865209634895179,0.010824361869951832
2016-01-22,0.010334914904800568,-0.00038795732929333893,0.005911476459073654,-0.00039965540473240043,-0.000350025881545064
2016-01-26,-0.0038388945658095067,0.0021974717246018302,-0.0009529865124782192,0.0021977554642179592,0.002112290132226774
2016-01-27,0.0030249494038546232,0.005048879984568595,0.0021239482829655846,0.0049667727678927255,0.005047140390162067
2016-01-28,0.010478315858864053,0.0036391628587602396,0.007888381928593684,0.003720553954778849,0.0037406224877706666
2016-01-29,0.03148523372311808,0.01953215656637981,0.025260980194884777,0.019559487397463285,0.01968707463515749
2016-02-01,-0.0026355736938705404,0.00038836173385642343,-0.0019065195911313758,0.00042047308880569884,0.00043457111490932004
2016-02-02,-0.03772888722713248,-0.025457385211828512,-0.03140415603828205,-0.02554634807345687,-0.025669202737015076
2016-02-03,0.019803123193025653,0.012304365521168684,0.01541051758605607,0.012306133811734676,0.01236655972831904
2016-02-04,0.00916989463741682,0.0073461942669269175,0.006450478575871525,0.00738467304595182,0.007492031507158433
2016-02-05,-0.003009016700770289,0.006767341871633581,0.0008585049438689258,0.006786132747967634,0.0067155205852989465
2016-02-10,0.0021033833581232497,0.010465727251119031,0.00559203348721862,0.010434619425498391,0.010348061503101249
2016-02-11,-0.010319214312504692,0.007119872638486103,-0.0023873676796430368,0.007007348723878487,0.006828828801705326
2016-02-12,0.01635326168278499,0.008491289250010397,0.013577713055660188,0.0084826937655779,0.008510105979498713
2016-02-16,0.01457328803300631,0.005078583528330386,0.010719970707306353,0.005220276934282291,0.005347302956483011
2016-02-17,0.020010345794795038,0.01329639980322139,0.017185432786265928,0.013310469126192628,0.013329403907193544
2016-02-18,-0.0058025670139213534,0.0059346666799371395,-0.001081060402471695,0.005808476243160068,0.005752315515345972
2016-02-19,0.006433405227496557,0.0032007650266834345,0.005329719994254656,0.0032372121293726343,0.003231732001735455
2016-02-22,0.014561467451131937,0.00018815741919045472,0.006829731379845589,0.0002939695083225528,0.0004941756679519418
2016-02-23,-0.010392265090815271,-0.0011510419620943835,-0.00604812781554075,-0.0011077126349614598,-0.0012692080387463828
2016-02-24,-0.0006518610211267931,0.00037421118449893555,0.0005773145516958955,0.0001597286088400486,3.336502962573844e-05
2016-02-25,-0.006984590527568967,-0.006938600422678624,-0.006700613834370574,-0.006925363261849065,-0.006910000110697995
2016-02-26,-0.005561376314271399,-0.004319367488797026,-0.004557149637315688,-0.004331329415027127,-0.004371199846074079
2016-02-29,0.02032577070977284,0.020973765049290428,0.0193285518705047,0.021301597569607436,0.021407843916255487
2016-03-01,0.02739120655646706,0.01448611955119114,0.02137992532972413,0.014386294087210967,0.014553733881874125
2016-03-02,0.002004116012904332,0.000663750961429093,0.00012282842402406777,0.0009678519539081912,0.0011683462910939194
2016-03-03,0.02832618367485271,0.021606376203613272,0.022850797317933172,0.02231444482433181,0.02265641430015397
2016-03-04,0.005426833223130815,-0.0010454683927449602,-0.00032757216016688565,-0.000646235720333585,-0.00016218573902934872
2016-03-07,0.009538516921235599,0.011504618090346981,0.010861666663738574,0.011417958672428813,0.01132387913901309
2016-03-08,-0.0019957144764904565,-0.00326213324173845,-0.002797905268644846,-0.003128312674802009,-0.0031220773228543557
2016-03-09,-0.014514236815248974,-0.018629097085528738,-0.016613744537482447,-0.018628499265220085,-0.018523623239476737
2016-03-10,0.011137345737810478,0.010579151319371035,0.009771280231110688,0.010862197006747292,0.010968049048817523
2016-03-11,-0.005428370857831194,-0.012119744351048118,-0.008218055616452991,-0.01224808483237313,-0.012115823979973957
2016-03-14,-0.01543966966291557,-0.013453573440805782,-0.013939676205443407,-0.013633135837813996,-0.013667826241054882
2016-03-15,-0.01297240118531645,-0.002856577614742617,-0.006103487675953658,-0.003417180437988765,-0.003808449111958635
2016-03-16,0.030343864342523067,0.029946413766456986,0.03082670955628855,0.030032065240199624,0.029839773067188283
2016-03-17,0.016414908221703096,0.004303286832580803,0.006925628463776102,0.004969868611087016,0.005677095655251275
2016-03-18,-0.0028881751586008106,-0.0062438634460166825,-0.004502322392105872,-0.006248154959276797,-0.006202466461841896
2016-03-21,0.0038423259269157028,0.0014136469030682673,0.0026365897999756083,0.0014062531088187712,0.0014660291598040625
2016-03-22,-0.003123877437019097,-0.0023726439818383084,-0.0028840662977045535,-0.0023901073709286114,-0.0023945404826768765
2016-03-23,-0.018165394689140926,-0.015035880021436918,-0.015566994165571817,-0.015742087148612877,-0.01597480836548525
2016-03-24,0.006066776230438258,0.0048874416490854704,0.005946169064432396,0.004717487631161072,0.004619789476323475
2016-03-28,0.00870288165156381,0.0034356747372300774,0.004888890568259374,0.003928929213463413,0.004262670633392342
2016-03-29,0.013034164188522653,0.015906947161421003,0.014753410262621247,0.015922329152601094,0.015794129046707468
2016-03-30,-0.009811552652597201,-0.01326229684600549,-0.01187438373570839,-0.013370275264641381,-0.013187443045949689
2016-03-31,-0.021935421098979148,-0.016954076575287122,-0.01940892322482451,-0.016945774625330236,-0.017027882423951278
2016-04-01,0.011960670905109085,0.005857981903610425,0.009267433471487545,0.005682216617220625,0.0057022615278101915
2016-04-04,-0.025162747363216737,-0.018032903797097728,-0.020616629276661424,-0.018552519594591213,-0.01885242207376039
2016-04-05,0.013408259397593629,0.017543468533994393,0.015447906001814452,0.017829497496333273,0.017713970196046522
2016-04-06,-0.005733601868368658,-0.007275589217183017,-0.005181542255953528,-0.008013463531391781,-0.008270467226953246
2016-04-07,0.004992655214066842,0.010839850352442445,0.007106051118432214,0.011442463262088722,0.011495323345408062
2016-04-08,0.01798202203931895,0.007484043035856579,0.011408232561244378,0.008075167725049267,0.008521337046548637
2016-04-11,-0.01274632671107732,-0.01295641218531315,-0.013938102976619737,-0.012289038505538625,-0.0120693664865365
2016-04-12,0.024668263918703873,0.019019740930831325,0.02124379216158761,0.01922761570471057,0.019467729001808563
2016-04-13,0.014595075408939921,0.006789386555295286,0.010601304945317686,0.00664019376410941,0.006812556521267059
2016-04-14,-0.016005379662395475,-0.016763397669833292,-0.016175223387632665,-0.017087267962185446,-0.01708618851747891
2016-04-15,0.01024913632023695,0.012158682856500114,0.010663062055787582,0.012403432965472704,0.012487170806550223
2016-04-18,0.0031125038574910517,0.00719447993655857,0.006138244997579705,0.006684889710635241,0.006435399024372154
2016-04-19,0.011273369172070714,0.007903111352812504,0.00892234919641572,0.008426214041101486,0.008584092125528528
2016-04-20,-0.003913068270161575,-0.0032546715572702783,-0.0035508797202554393,-0.0033632512341747953,-0.003355283412955451
2016-04-22,-0.006368379320316589,-0.005415050914772853,-0.005315005385980969,-0.0057242904673241385,-0.005866807015946164
2016-04-25,-0.016551887209994412,-0.01354821478062652,-0.014848103976011839,-0.01357338130460997,-0.013687283283438854
2016-04-26,0.013583350955791725,0.009121495765524778,0.010622267823693425,0.009654313000075953,0.009966238079153892
2016-04-27,0.016018540796651298,0.012508767653194317,0.0135850388630985,0.012969667330753552,0.013255173215592832
2016-04-28,-0.004153387503725877,-0.00018616843277022665,-0.0026955492962463623,0.0006933726455268513,0.0007858850028761269
2016-04-29,-0.007107713981244944,-0.004296425159610888,-0.0060996303913962765,-0.0035281330372378956,-0.003459703633787538
2016-05-02,0.0027794618336118215,0.0049022716190022,0.004697460882342854,0.004177454987375093,0.003869528871123969
2016-05-03,-0.011312238075990128,-0.00406101532119352,-0.006834842970138181,-0.004466438462994524,-0.0048675179222406745
2016-05-04,0.00030793157215834154,-0.0034552548561022625,-0.001962742583942358,-0.003187959596620883,-0.0030007163742544495
2016-05-05,-0.012276767819806878,-0.009494587302375386,-0.010511573496807222,-0.009748857873358404,-0.00991320170437053
2016-05-06,0.006233921023920475,0.005565830873278287,0.006121308384960264,0.0056257045032047015,0.005552426433215723
2016-05-09,-0.012657493017798307,-0.013934249901423475,-0.012807814476274394,-0.014691998054989249,-0.014815451392185871
2016-05-10,0.019077950656084815,0.010596040260553418,0.013549963113938995,0.011159976215813293,0.01173288194043705
2016-05-11,-0.004179709217148269,-0.0023622469249309766,-0.003502869614328097,-0.0018146465556532782,-0.0017839170779025157
2016-05-12,0.0061255826209044755,0.004533975774960969,0.00528454114094881,0.004390965595902084,0.00443989622350658
2016-05-13,-0.01777912764990099,-0.0089801418673759,-0.012829279420263708,-0.009064117756896693,-0.009386176279853761
2016-05-16,0.0035007570695571315,0.0019546715665841145,0.0030601729477833023,0.0015556434863261662,0.0014682671008828076
2016-05-17,-0.011856211628223477,-0.008150697286768675,-0.009770643175924701,-0.008048805824162314,-0.008199919519801417
2016-05-18,-0.005671147117533053,-0.004069854880260698,-0.004485501569537729,-0.004726726247158598,-0.004855936774312539
2016-05-19,0.004115789173795483,0.00502261079672338,0.005330363046635577,0.004661570266651882,0.0043818597344241735
2016-05-20,-0.009254664388802073,-0.012316152233474839,-0.01077031708398174,-0.012455863929153996,-0.012410531620853123
2016-05-23,-0.006063236329777059,-0.000989717260748408,-0.003260490298452519,-0.0012504226734921394,-0.0014066652504383258
2016-05-24,-0.002186619023507282,-0.007452111528547188,-0.004629702576348796,-0.008219858722922933,-0.008091508373091425
2016-05-25,0.006087515505920399,0.006292439212537918,0.006582304026173408,0.005855756910002029,0.005682113187227264
2016-05-27,-0.0011042141720890334,-0.0016569471978523374,-0.0006596141412377246,-0.0024935386004932125,-0.0028197986405030942
2016-05-31,-0.008185804311715823,-0.004870856141206385,-0.006191001409451985,-0.004815292369086394,-0.00505664017575958
2016-06-01,0.010932698649149966,0.007452982249907228,0.009100454811769111,0.007465226842405438,0.007581888533361326
2016-06-02,0.008779821660941864,0.004285671522809632,0.0059300445963144524,0.00460249602576795,0.005048487806108254
2016-06-03,0.0075043702352379765,0.007681324918174704,0.006629104526920858,0.008974652311645794,0.009365478027853955
2016-06-06,-0.005171803259543603,-0.005635279783938859,-0.0054315467110229625,-0.005736157764138146,-0.005690028471968581
2016-06-07,-0.0032801992819228337,-0.005444776942231454,-0.004676792360339433,-0.005301030334165684,-0.005078602587139692
2016-06-08,0.0074771854358246384,0.0014023419501648898,0.0031413931687725625,0.0026032359693376967,0.0033924907035145628
2016-06-09,-0.008501303998502758,-0.0035969655243563835,-0.0058927098308343044,-0.0035735615132458415,-0.0037677769392917295
2016-06-10,-0.015773811118618277,-0.006564082040106784,-0.00997566323057402,-0.007087217964515412,-0.00798298620459799
2016-06-13,0.004888772018766166,0.008451344147260417,0.006481783393701196,0.008769057078931919,0.008725443675325713
2016-06-14,-0.007117054894383128,-0.003365381675333605,-0.004341847537329269,-0.0038983024911781994,-0.00449114289306379
2016-06-15,0.004368911507895714,0.003902110317900651,0.0038829079453742764,0.00424233808273835,0.004342929316049555
2016-06-16,0.007013623628985257,0.0027253692616243594,0.004767367683621026,0.0025316841154297146,0.0027267216254435707
2016-06-17,-0.0031810510819791655,-0.003339633778063723,-0.003914931595708833,-0.002576631922220102,-0.002288839816728224
2016-06-20,0.0017472192609676136,-0.0038808524897169503,-0.0018977571679893873,-0.0035573952522716585,-0.0029212803740251403
2016-06-21,0.003017678703578086,-0.0021825253552199015,0.00020942200669788185,-0.0024819686973848185,-0.0021609534942528498
2016-06-22,-0.006988839950351034,-0.0060409537054199975,-0.006101174377598471,-0.006215043106863212,-0.006472337399838766
2016-06-23,0.013765232831451197,0.005104502192637124,0.008622987746062193,0.005256120757444279,0.005956506242554395
2016-06-24,-0.0136161990311907,0.004928938388091322,-0.0039406375574372494,0.006632909190700504,0.005886490103914357
2016-06-27,-0.009773688580206469,-0.005474739959295264,-0.007308485196326506,-0.005111896100301128,-0.005420499898935156
2016-06-28,0.0040895948018449604,-0.006394105380051613,-0.0018381435381498192,-0.006574984775885347,-0.005940335129791507
2016-06-29,0.0048542718087596515,-0.0018763295318261694,0.00047264763182170685,-0.0015211215417320098,-0.0007965764687646355
2016-06-30,0.004815674243366623,0.0026770280755976927,0.003433061187951921,0.002648685896536052,0.002882971349409933
2016-07-01,0.014967403105249502,0.0157777758796155,0.015303789642730473,0.016161493981446874,0.016154793330975813
2016-07-05,-0.001759764286672331,0.006352881184253254,0.002770449013376425,0.006397943259089704,0.005967225807208866
2016-07-06,0.007732595850837126,0.009891013921592248,0.009315236187981066,0.009561575784595341,0.00923756436391052
2016-07-07,0.0004023909629307418,0.0018051103008643124,0.0010967075976058393,0.0017147663933592245,0.0017088704977889781
2016-07-08,0.01425988023946102,0.006578926794198276,0.009802300617434053,0.0068272994412935314,0.00732347009857519
2016-07-11,0.007897490224855017,0.004213657844927755,0.00565163739527582,0.004190722362830168,0.00452055355778681
2016-07-12,-0.002917422604824738,-0.007994665315053355,-0.005861116387157546,-0.008356340396844871,-0.007987069277996953
2016-07-13,0.009627596766731958,0.008802492179460688,0.009273678603205951,0.009047871958179523,0.009003293877004808
2016-07-14,-0.0008600568596217916,-0.0059018010632033505,-0.0044589157885650335,-0.005559502529156325,-0.0048233750213912295
2016-07-15,0.006109131184594304,0.005002168413423898,0.005854105651222714,0.004822864266120219,0.004679690827880474
2016-07-18,0.010419233894237634,0.007420178421463092,0.008460513902260415,0.0077116136635296565,0.008026796870305969
2016-07-19,0.005313356152490303,0.004832293960423931,0.0051326028209116095,0.004890710954518794,0.004860339636391884
2016-07-20,-0.007984823162361486,-0.01103745304745052,-0.009743694822590344,-0.01136706201469497,-0.01113912905853357
2016-07-21,0.0018754283286723057,0.007120536489924916,0.004483436748723667,0.007567766155911302,0.0074503880152138845
2016-07-22,0.009599311206238578,0.00513648505440489,0.007598947988770317,0.004785334349774853,0.004754660420733916
2016-07-25,-0.006173765021982803,-0.00485697976230746,-0.005653476025226281,-0.0049152051326412285,-0.004842982880229444
2016-07-26,0.0006757161272160577,0.000489756573554315,0.0007052437634277145,0.0005936767961288133,0.0005822037509552219
2016-07-27,0.004237755047808597,0.00701366794347657,0.005789984624918639,0.0075675584051039255,0.007616877755373644
2016-07-28,-0.0053987241196612685,-0.0036444338961504298,-0.004572234043431402,-0.0038223812200695526,-0.003857825991198452
2016-07-29,0.006547980571901233,0.0025125677208820206,0.004069489704684014,0.003307974242085638,0.0036190995447307316
2016-08-01,-0.002897660696744014,0.0012890367696435524,-0.00021705571338300655,0.0010025760726721194,0.000752571363510598
2016-08-02,-0.008920458007931044,-0.005657831138894447,-0.00716485549594416,-0.005166932586858236,-0.005125361146560125
2016-08-03,0.015329253871828654,0.009688102033500243,0.012340555367437007,0.009620328692936954,0.009690169939098252
2016-08-04,-0.001731458964238929,-0.005285569507013744,-0.0043197111209005625,-0.0046828190015100355,-0.00431641017956915
2016-08-05,-0.005361520835322655,-0.010533241519398643,-0.008411339122210204,-0.011331345342363542,-0.011326091115113172
2016-08-08,-0.002096714011268354,-0.002039069450242706,-0.0022192973874512805,-0.0020420295173317077,-0.0019965132715873894
2016-08-09,-0.001795953216636661,-0.0029615852867227316,-0.002596221867668378,-0.0026214716356958386,-0.0024876761147150125
2016-08-10,-0.010798130144781773,-0.008124188627315326,-0.00922431353376232,-0.007978189185734612,-0.008034607946461205
2016-08-11,0.014684587733306751,0.009429616597408598,0.011348902850426727,0.00945756964575993,0.009693572610256392
2016-08-12,0.0016349781419430448,0.0035868223844660895,0.002753854548767904,0.0033425884852323505,0.003244585095224635
2016-08-15,0.010590597750625676,0.00926015563444527,0.009615167247236229,0.009476205760415435,0.009615122263391326
2016-08-16,-0.0019422457595091227,0.0002473959172782361,-0.0006540491325039224,0.000506639192632808,0.0004919028482843717
2016-08-17,0.012511635161772734,0.012816194049040136,0.012989398279863309,0.012556497367021706,0.012412770766520278
2016-08-18,-0.0014945742466210812,0.00047426884077204445,-0.0003621623149643874,0.0004889962159495235,0.0004350077199363042
2016-08-19,-0.0007035545974537292,-0.003383010080396586,-0.002024717316711,-0.0036020843519342653,-0.0036357568813473505
2016-08-22,-0.016194462490278887,-0.011875677248855045,-0.013461796721868766,-0.012360511399274339,-0.012646128549400561
2016-08-23,-0.0011484644104026015,9.567010522065787e-05,-0.0008072270605497821,0.00015098901478565537,0.0002285308951064953
2016-08-24,0.0011370654678596174,-0.0018944204545296084,-1.0553267248977057e-05,-0.0022900163300493075,-0.0024369168865943365
2016-08-25,-0.002572102539384426,-0.0013765026965786493,-0.0020983703935457407,-0.0013285091077296588,-0.0012967986242953644
2016-08-26,-0.0060042191197635835,-0.003913287653506193,-0.005267799087844616,-0.003747283004723,-0.0036539495442875765
2016-08-29,0.021870685834500407,0.016367757082768913,0.0193554320050679,0.016198645906021863,0.016141964719848252
2016-08-30,-0.005237024755713712,-0.00595834047932538,-0.005873708462088926,-0.006168898066347657,-0.006136348043808274
2016-08-31,-0.009421293928204249,-0.008402945142862099,-0.00873130900472823,-0.008479968793923733,-0.008544482838492514
2016-09-01,0.0050410384646941255,0.005198975228983175,0.005055490478129142,0.005425146656623529,0.005481051979625843
2016-09-02,0.016026377621017524,0.01383945429916769,0.01433733139761798,0.014509167453486951,0.014788370404858272
2016-09-06,0.00575753839331115,0.005814034419428842,0.005504904237937222,0.006596077059355026,0.006808216159435799
2016-09-08,-0.010418179423791302,-0.012283756788679533,-0.012193017458556232,-0.012071832102418445,-0.011815987046675436
2016-09-09,-0.020000882065465436,-0.01048865931755063,-0.013866142343881891,-0.010729346407804412,-0.011160135476155597
2016-09-12,0.014525605296938493,0.010357756164370258,0.01268729326967074,0.00959693858450835,0.009420794801483527
2016-09-13,-0.02430628605840648,-0.016138219947278813,-0.01956280538655815,-0.016346621498427027,-0.016590855973489676
2016-09-14,0.006769313943507982,0.008040885683607451,0.007600324669259776,0.00807996103368027,0.008032103856705875
2016-09-15,0.013636449411680667,0.00683582086241451,0.010014061395828087,0.006352636011781574,0.006356701023168596
2016-09-16,-0.014433829569539407,-0.013461425711451284,-0.01390619381769896,-0.013418672101156076,-0.013427743618456183
2016-09-19,-0.003695698554066859,-0.0036509361103000747,-0.004236348213365254,-0.0032310868069821957,-0.003017646479140242
2016-09-20,0.003005449990754236,0.001501937663498557,0.001944602251401945,0.001750199961852179,0.0018797622209895484
2016-09-21,0.012820446414637919,0.010145461278188508,0.011448477856281104,0.010352636800145655,0.010415337149133388
2016-09-22,-2.775879512407944e-05,-0.0006145492607071074,-0.0009805965336870516,-0.00037671867988493335,-0.00017052280634474108
2016-09-23,-0.0011234990858806782,0.0011803545650272522,0.0003145359470192512,0.0012178483447877766,0.0011436978028514825
2016-09-26,-0.005999513348837397,-0.003996591172695699,-0.004603842588507801,-0.003803221789976015,-0.003864374552142506
2016-09-27,0.004362657500023085,0.000845502735557752,0.0022757841474794695,2.6873771388200073e-06,-0.0001152535613122213
2016-09-28,0.01261633613368053,0.009110917853543581,0.010475016321414303,0.008875477474240674,0.008930626517163134
2016-09-29,-0.018926013091191626,-0.014189577000747002,-0.016414035822880518,-0.013700829534599356,-0.01363297133363193
2016-09-30,0.0060620867825712235,0.0053017387200277825,0.0058156966608751155,0.004084871598515339,0.0037365475320620153
2016-10-03,0.009552168721699322,0.0036528074743945134,0.0059772420837244395,0.004536405198618434,0.004956769518034588
2016-10-04,-0.015000208645272371,-0.01613088106263967,-0.016587923975466507,-0.01781682423635084,-0.01798655908771072
2016-10-05,0.014666462515403234,0.009714932951625357,0.011941713090441978,0.009548208864688358,0.009592378472339552
2016-10-06,0.0012551421425388066,-0.001085321234671116,-0.0003643659957121002,-0.0014703169459980886,-0.0014424250493109
2016-10-07,0.0009767404142890428,-0.000991069251765243,-0.0003423789781702813,-0.00013093433966567835,0.00018889962629423798
2016-10-10,0.007522064463456586,0.006059583965127868,0.006647084998333204,0.0061017514409089126,0.006157029156752389
2016-10-11,-0.00924686834031295,-0.0092224308763151,-0.009076618271621135,-0.00866454254141444,-0.008560766759056147
2016-10-13,0.0014640420343246699,0.0004147126072079791,0.000976884577175918,0.0009846375006393735,0.0011276580080668383
2016-10-14,0.00023483627110231734,-0.0016138462976673118,-0.0013244272561932701,-0.0013949542026105027,-0.001164855574771093
2016-10-17,0.010072725544227154,0.007846501534296635,0.008711299805602684,0.008789842129356688,0.009112629548128373
2016-10-18,0.012387885508737583,0.008824768342331828,0.010273062213236614,0.00931714990180941,0.009547070238180931
2016-10-19,-0.0019539448572389244,-0.0005700337361842717,-0.001064721564514015,-0.0005419436286950632,-0.000592506216978382
2016-10-20,0.00011653376989619866,-0.0031013601796114395,-0.001855482760700214,-0.002701837992303726,-0.0024883052331380945
2016-10-21,0.0017049789835501916,0.0018932111824292747,0.0016771365684831784,0.0020583975278021826,0.002133066881299236
2016-10-24,-0.0036454976870720934,-0.005225260067853096,-0.00470072451775515,-0.005500298533056348,-0.005495801896935274
2016-10-25,-0.0021314650617854187,-0.002031391476045125,-0.0019020849384636031,-0.0011807612480232276,-0.0010067511829724685
2016-10-26,-0.003125597402380188,-0.002201693756977034,-0.0028269908852881207,-0.0023625063579214927,-0.0023546666483030185
2016-10-27,0.006149186941791752,0.006543951660167773,0.006389122953386817,0.006865604535294219,0.006960772686994438
2016-10-28,0.00597876627729108,0.008689759551995862,0.007860673138589647,0.008763717317796398,0.008514368164904085
2016-10-31,0.006308640078901395,0.004493776002415113,0.0051764889810640875,0.0050194415157943095,0.0053344560933836415
2016-11-01,-0.012544769866414554,-0.0044659515384384485,-0.007253592787221999,-0.004752671180618918,-0.0055254439027519415
2016-11-03,-0.010267885924549525,-0.0032247917403061435,-0.00523244933121836,-0.0029011014655745183,-0.0035672736463228855
2016-11-04,0.000637300691792492,0.0016620313336337346,0.0014110994530108596,0.0015449081840166383,0.0013669298350667649
2016-11-07,0.018876406987209257,0.00633024410372213,0.010375015183318133,0.005523417882592619,0.006390583026621693
2016-11-08,0.002172067917979577,0.0004988077916260349,0.0011819429162081112,-5.375712806192189e-05,-0.00016627484246984606
2016-11-09,-0.005992793666421209,0.002071150069958009,-0.0013022806143963433,0.00026734840074784,-0.0007842291481006905
2016-11-10,-0.016504672155684557,-0.00035991081521091127,-0.007075975624005334,-0.003685583118573936,-0.005690109236525828
2016-11-11,-0.0014337834753521367,0.002931829848181094,0.002576076175895806,-0.0007899653075045632,-0.0030442534123714727
2016-11-14,0.00208647214193598,0.0015501009966255523,0.0013218066906824832,0.0012926460078952974,0.001433615147418212
2016-11-16,0.009263688917107351,0.005658760835005918,0.006768146202208817,0.006427389621552291,0.007069668311364444
2016-11-17,-0.01304011419488004,-0.008740552792694237,-0.010676052583196096,-0.009971610696103462,-0.010560966029521847
2016-11-18,-0.002085376792145472,-0.0050049307003150025,-0.004049681412005558,-0.004948877537625304,-0.0046680471233766715
2016-11-21,0.009348194566339525,0.002699731907093246,0.005204437148484801,0.003433676446388165,0.004143034055424647
2016-11-22,0.007811631642733291,0.005044417189003584,0.005891682330569016,0.005459967427619207,0.005890775271309806
2016-11-23,0.002251228078974385,0.0019888766349506633,0.00192389927413523,0.000409286190935274,-7.023201061295319e-05
2016-11-25,-0.0025182164812104046,0.0019175402758926335,1.1820636875383005e-05,0.0006992317193737225,6.182685431585208e-05
2016-11-28,0.009602270573144759,0.004792841984733455,0.006538968162290505,0.006884147894727586,0.008005047136773302
2016-11-29,-0.015650702165246742,-0.010749257638702818,-0.012154240305920312,-0.01229533471650074,-0.013567041569255079
2016-11-30,0.0028486512801998033,-0.001620111459387964,-0.0005090272149614656,-0.001342443866590254,-0.0005791075839376885
2016-12-01,-0.022199988472347956,-0.008629350373578582,-0.013749537235794976,-0.010333588785706355,-0.012110468090874757
2016-12-02,0.012784073458347785,0.012118278449544698,0.01246528014307338,0.01251571237837056,0.012682548449069783
2016-12-05,-0.0012232108249666679,-0.003915848676112523,-0.0023878294058087886,-0.004865979540065492,-0.00532836311183656
2016-12-06,0.007856401583644626,0.0035799882369422684,0.0046610376060083605,0.004335582245191029,0.00526282105196631
2016-12-07,0.0009050263459389477,-0.001656031935010503,-0.0008726033864176303,-0.0018171382536783722,-0.0015993265733576982
2016-12-08,-0.004515421977676746,-0.0024458531524322296,-0.0029426900278413408,-0.0032843534120991025,-0.003959083299712164
2016-12-09,-0.005805096087223202,-0.005574644162129815,-0.006127317966939064,-0.006463679890023056,-0.006614709999922588
2016-12-12,-0.01353724830840006,-0.010123431548015236,-0.011062853426429532,-0.01051042393733452,-0.011123013066171009
2016-12-13,-0.003200315761742101,-0.005226642657504015,-0.004779137397737877,-0.005459127008115606,-0.005230654027511803
2016-12-14,-0.023772466025955542,-0.01863426420018949,-0.02146203224599627,-0.019009841952835022,-0.019108905511135883
2016-12-15,0.014660536906791692,0.011452555437904398,0.013451894221973671,0.009869354839699656,0.009026712269078068
2016-12-16,-0.003379610354339053,-0.0006295598156335205,-0.0019868673756021074,-6.535780114585131e-05,0.00012725556862395004
2016-12-19,-0.008959272157956453,-0.004539694010144971,-0.005651772896366399,-0.005375570135774569,-0.00637047736189824
2016-12-20,0.001826144041305966,-0.001998498293512435,-0.0008165718496946616,-0.0021037557507314953,-0.001715620641939687
2016-12-21,-0.00418311155512309,-0.005782425274520337,-0.005334489280509156,-0.005166034211353407,-0.004700179802980796
2016-12-22,-0.0025399496685130822,-0.003686792414464947,-0.00289282244907697,-0.003914823650270784,-0.004109253374373235
2016-12-23,-0.00014739223578229344,-0.005834147269022485,-0.003988232472461687,-0.0047098916368499355,-0.003627613525582725
2016-12-27,0.009847742210231854,0.00891430661954185,0.009180187761545439,0.009357967546296881,0.009666265400486438
2016-12-28,0.009245768232378604,0.0050699793327301755,0.006560152658228524,0.006530465045015348,0.007523465745422562
2016-12-29,0.005906514874693034,0.0034632185170449642,0.004670022759963258,0.004554788861607909,0.005085386691329273
2017-01-03,0.014391909608558011,0.008868293622892933,0.010653147562220324,0.009855697708155694,0.010956750431324002
2017-01-04,-0.0031711996872753343,-0.0043369544743496035,-0.0037820961973855107,-0.0044439948875499395,-0.004459859679009262
2017-01-05,0.004608499078755974,0.003779087342243823,0.004167690765585129,0.005055517497908388,0.00564914886356046
2017-01-06,-0.006733658886498516,-0.005219002455928201,-0.006085712499587617,-0.0059898974076379435,-0.006288243619979258
2017-01-09,0.0018604532922819955,0.002856482329684682,0.002636787848808422,0.003421743119702732,0.003489455333478694
2017-01-10,0.0025617193268517927,0.0002793781943407848,0.0011085778353693448,0.0009871783686821658,0.00152094148208935
2017-01-11,0.011952039018054408,0.008446283033891805,0.01052518446982312,0.008236800441061218,0.008006495026767665
2017-01-12,0.0024769219262542382,-0.0013678439061955384,-0.0008582205188877285,0.0006784053507200168,0.0024728140815463784
2017-01-13,0.0033784139929820952,0.007504938958154261,0.006136048635356957,0.006712657305986284,0.005882621078750573
2017-01-17,0.005328059430988054,0.004970247209680311,0.00502251597878752,0.006475329437269417,0.007216880949856859
2017-01-18,-0.003353823145231694,-0.0011270146091440475,-0.002319561573047715,-0.0019296499938962774,-0.00227109843665105
2017-01-19,-0.0012527250946084896,-0.004386292375420883,-0.002797355367899504,-0.004120460545824234,-0.003961214513477074
2017-01-20,0.004082680552407645,0.0010409890170937526,0.0021327597125220003,0.0014819062269237964,0.0019770415235439444
2017-01-23,0.007682504372910777,0.0016160702799916061,0.003841254510949855,0.0033158999849233406,0.004638145332723901
2017-01-24,0.00023427445967880026,0.0016823292100618381,0.0007879651542987801,0.000984749501231125,0.0007550842118508812
2017-01-26,0.0032967807261434115,0.00031206686905006146,0.0012296409760716534,-0.0009275398838498615,-0.0010865870550830594
2017-01-27,-0.0037652152859869964,-0.0048425124678346245,-0.004389274548111064,-0.004453727214482653,-0.004213380998533188
2017-01-30,-0.02013333073814127,-0.015433682953541302,-0.017061145884993023,-0.015518994613059195,-0.01605817865114557
2017-01-31,0.0030305188993291314,0.005763090686709798,0.004521640543713679,0.006622328368345638,0.00688065838928928
2017-02-01,0.005975069615613267,0.004210639557042428,0.005215900865844886,0.0038846956918109237,0.003693398331745711
2017-02-02,-0.005060795431744411,-0.0054529639035808646,-0.0052193127629048194,-0.005027304923449334,-0.004817232434320594
2017-02-03,0.006613156179994156,0.006070948096094582,0.006294882597301802,0.00577552135564504,0.005656915581817306
2017-02-06,-0.007935925191356677,-0.0024633408407451983,-0.004258293579642884,-0.002374004768458852,-0.003075904771832688
2017-02-07,0.0032809587319263533,0.0030849377720064074,0.003144220919249523,0.0029643136129708352,0.002927216105570496
2017-02-08,0.00743905110519027,0.004611994047314105,0.005870235953047521,0.005291797931262103,0.005831861448496912
2017-02-09,-0.0016883584236384564,-0.00137132530383823,-0.0020017293210895554,-0.001977247371815664,-0.0020117772667619434
2017-02-10,0.012018717851095338,0.007123071553310294,0.009072189469274947,0.007817761623834966,0.008624024001760993
2017-02-13,0.006259298141260788,0.004068928256824322,0.00447580503165713,0.00392492601403654,0.0043388964708421995
2017-02-14,-0.0011948829467685045,-0.003052126948038173,-0.0021063079077416665,-0.0033097655881363505,-0.003408165466805417
2017-02-15,0.010424839909727724,0.004434329521516137,0.006668653104860659,0.005393022725240621,0.00656054783692947
2017-02-16,-0.008608393632428782,-0.0052037598422910916,-0.007107195851335583,-0.004621453952066796,-0.0042418288051583345
2017-02-17,0.00712535308208445,0.00878648166649953,0.008456336226955434,0.007788966631956769,0.0068703293204371305
2017-02-21,0.014010341703563078,0.009565122167632828,0.01121438246486439,0.009900824136766047,0.010564128741847657
2017-02-22,-0.004845537963353328,-0.0051393700386707835,-0.004863904017780724,-0.005125855339643623,-0.005188070664761986
2017-02-23,-0.01142333874808401,-0.006411248331251349,-0.008255967660796797,-0.006619282835819139,-0.00728687952021367
2017-02-24,-0.002526922147424463,0.006335243832426718,0.002939072365174208,0.0053884987394959795,0.003972414919247005
2017-03-01,0.006214648264544343,0.0037828040088642738,0.004703392958062037,0.0027403271993307484,0.00240631141836848
2017-03-02,-0.015550397104861365,-0.008223974410231455,-0.011693246001993918,-0.009248998271556124,-0.010101464383403959
2017-03-03,0.01605142544760505,0.009448226317119626,0.012654180970356574,0.009696819352219001,0.010045982674772585
2017-03-06,-0.012066897893626739,-0.010865255089130662,-0.01186208308634315,-0.010809100282650178,-0.01054259318864962
2017-03-07,-0.00516136972874423,-0.005039047634117773,-0.00492857291311783,-0.005640662651429105,-0.006089377478480625
2017-03-08,-0.008273739435366611,-0.0014081889941851093,-0.004284162845586207,-0.0026111768615992874,-0.003952861106923934
2017-03-09,0.0006969077174677418,0.0037899269792301474,0.002367436780488384,0.003008699464540249,0.0023756477743979367
2017-03-10,0.0040223410502163775,0.0001440804093871487,0.002108843540486551,0.00012500155994202424,0.00023119718713241686
2017-03-13,0.00505338680203458,0.002803717200201763,0.003343624550410905,0.0034610678713107045,0.0043695465655360895
2017-03-14,-0.008883090721829084,-0.005176138595976994,-0.006712260456036408,-0.00576883773486596,-0.006476896014286588
2017-03-15,0.022640780893099954,0.016297231404362136,0.019423709533005203,0.017354811419229375,0.018194725184421806
2017-03-16,-0.014388670278864413,-0.01346208672135829,-0.014301043920160775,-0.01266808697553617,-0.011953909844843973
2017-03-17,-0.012950715651254377,-0.008014971652645121,-0.009565938255912976,-0.008824312173479197,-0.010173907352428268
2017-03-20,0.0057259973356570786,0.0007138016408501719,0.0028819370564511374,0.0017025799708174259,0.0026945138095918687
2017-03-21,-0.022405162438903264,-0.014901120779300154,-0.017644391321911968,-0.014584988880607054,-0.0154651751223791
2017-03-22,0.00924595697552512,0.008223251770760645,0.00875145426997268,0.008246693158719445,0.00828183502213954
2017-03-23,0.0033160282099973255,0.005918674125456832,0.004882356307326594,0.0055275633950481184,0.005010246546821028
2017-03-24,0.0058633328099150445,0.0026452451892220027,0.004259574997348697,0.0029377989786497196,0.003206476146632673
2017-03-27,0.0027444946293118835,0.003202432314554854,0.002781147339625898,0.0038398233673821824,0.0043411286253812725
2017-03-28,0.004633432037656004,0.004395838345706184,0.004205387404414059,0.003706500461691122,0.003596614177275959
2017-03-29,0.00909514557308431,0.004138128635477706,0.006178378491426457,0.004815045728814723,0.005720657296378217
2017-03-30,-0.004995668382322115,-0.002031992886990135,-0.003660379970699223,-0.0027790564470714396,-0.00318260608674392
2017-03-31,0.00675638981684984,0.007647222625208594,0.008035359867916916,0.007149752143563484,0.006171939079446274
2017-04-03,-0.0053735117582136924,-0.008845509877536543,-0.00768127144311443,-0.007636971081551046,-0.006382526306573952
2017-04-04,0.006979956718995753,0.005076569562045494,0.005914631540804126,0.00539967517077831,0.00573346480790335
2017-04-05,-0.016911908149043853,-0.01262766204497502,-0.014764873986097259,-0.012638291420774377,-0.012782502024379389
2017-04-06,-0.0023360154829515914,0.002713025074507811,0.0004245283339024908,0.001331524473790283,0.00024202085182386857
2017-04-07,0.006545646508099353,0.005365319877759061,0.006032224659485253,0.005620930544049774,0.005721344310587085
2017-04-10,0.0031202497674890236,0.002939279440047505,0.0031118671120950467,0.0027264001959457647,0.0025474975501553606
2017-04-11,0.0005207766649360091,0.003316120390256994,0.0025334104840069186,0.0036640725810744693,0.003194162661933166
2017-04-12,-0.0020792329861550867,-0.0005884201246497195,-0.0008382417435923313,-0.0004264181329970787,-0.0008411593012236529
2017-04-13,-0.015373491452635115,-0.01018445149236868,-0.01239579779932519,-0.010015598861759593,-0.010440092210640572
2017-04-17,0.014161061039944826,0.004083937190156212,0.008252264073647375,0.004991845558181921,0.006574097076959151
2017-04-18,-0.003803695401863321,-0.002196555308396724,-0.002851457926467315,-0.0017427652016658776,-0.0016947458374967938
2017-04-19,-0.004881812458777896,0.00040281703264237977,-0.0019526910462553326,-0.001100010400255549,-0.002308895865418275
2017-04-20,0.006417782111367575,0.00871780070449509,0.007547472812468344,0.008038044157238456,0.007629057528942561
2017-04-24,0.005735450643333631,-1.9096859417983344e-05,0.002320136595972919,5.9035869188442086e-05,0.0007720431924830364
2017-04-25,0.009860352015798438,0.00939800022816858,0.009235821686857559,0.008547780789375264,0.008477410775075732
2017-04-26,0.002303912556487754,0.006088102076320364,0.004694897747616441,0.0055533764489662804,0.004701251732245502
2017-04-27,-0.004140741715597587,-0.0036117408816825685,-0.004030190545760328,-0.0038442940933293345,-0.0038400133947985135
2017-04-28,0.011234828894800345,0.008316501451054462,0.009868950531837499,0.008903260167385265,0.009210750661575258
2017-05-02,0.007859512926846245,-0.0018656085814835143,0.0020057044796990674,-0.0008024197059912465,0.0009597626427653692
2017-05-03,-0.013541007601241382,-0.013172287260000045,-0.01381239638063955,-0.0136932980713475,-0.013558235644270299
2017-05-04,-0.008953931774279708,-0.0019793527533495366,-0.005120731520051542,-0.00414837227420701,-0.005807687348214815
2017-05-05,0.009801943076358106,0.005611968578151557,0.007436495158360082,0.006107664350011845,0.006743887424000486
2017-05-08,-0.0008212819359879291,0.002271866761100798,0.0008143727810963709,0.001708726741399842,0.0012397330473271836
2017-05-09,0.0052340997510124075,-0.0008523677189114072,0.0017134788228073746,-0.00014487939340315518,0.0008467357181991206
2017-05-10,0.006062912628405506,-0.00021023933610493512,0.002196901577367336,0.0010322451965345438,0.0024514757516332294
2017-05-11,0.0025755770293289567,0.0004583253416215008,0.0015597436865138216,0.001052490487315944,0.001359479837168654
2017-05-12,0.003086855676220684,-0.0026148746478367253,-0.0002035238606761247,-0.001248236695034916,-3.9189764310950915e-05
2017-05-15,-0.00016052257964862241,-0.0022709603613098994,-0.0015468680042269752,-0.001955210002995793,-0.0014525862724526495
2017-05-16,0.0016979501825421526,0.0001685710725698191,0.000913289870374912,0.0007622181403709619,0.0011138517818540495
2017-05-17,-0.010232356183976577,-0.0015120920670962906,-0.004576401244055202,-0.00041634928944838507,-0.0012029900448513424
2017-05-18,-0.022695440726428855,0.03036522597704446,0.008722853672779564,0.01924704803062346,0.00809098679889174
2017-05-19,0.005354982238845035,-0.010538927431137978,-0.0036861852209986337,-0.008339724759103112,-0.00590989066306951
2017-05-22,-0.010201982125606544,-0.0016343111497862741,-0.00542400054833688,-0.002860893072634778,-0.00410535114318187
2017-05-23,0.006427880139386529,-0.0011759603334889355,0.0017381813030041139,-0.00030454555887985643,0.0010949330377769046
2017-05-24,0.006623260920419978,0.004352350305506958,0.0053381172437572295,0.004882440246134125,0.005334062629397762
2017-05-25,0.0028445774979195017,0.005380060729154112,0.004232769472527306,0.004499778887758401,0.0038907036849364033
2017-05-26,0.006365178427177344,0.0024972121291452105,0.004135438896581212,0.004020651833751191,0.005143140133824768
2017-05-30,-0.0023080156208858536,-0.0031233233986641337,-0.0028063317464609066,-0.0031850963833538813,-0.0031183396884580643
2017-05-31,-0.013394366405237435,-0.00941976353658333,-0.010862615173220923,-0.010011701344533051,-0.01088543265267801
2017-06-01,-0.004875605954610539,-0.0016638406703547172,-0.0032408901635398155,-0.0025593137900898713,-0.00310698064887704
2017-06-02,0.005527039622431247,0.0068376407461960345,0.006403209341714321,0.006827853398987333,0.006596984165055998
2017-06-05,0.005168621184500194,0.008803468844962222,0.007449216231516144,0.00809470493792499,0.007241526478782681
2017-06-06,0.007132151306690906,0.005128283574088839,0.006306104628631844,0.006327448621554481,0.006820687742869853
2017-06-07,-8.828554628636472e-05,-0.0016248528873033497,-0.0012394250927232507,-0.0016703055380651033,-0.0013168096213970594
2017-06-08,-0.0029773895782580677,-0.002068298271602824,-0.002465645067744435,-0.00291300230025108,-0.003414229910398502
2017-06-09,-0.01111989138431446,-0.008525879556018435,-0.010026685590118234,-0.008800217185875571,-0.008889770916047835
2017-06-12,-0.0014648654084286408,0.0011181260988630184,0.0004954825708098778,0.0006378912804485317,-0.0001002355049929616
2017-06-13,0.006707994053437091,0.00683335917521294,0.007137939058623169,0.0064796645846177114,0.006076551229579179
2017-06-14,-0.005350972485196961,-0.008717455086375543,-0.007787719221238048,-0.00839173718546455,-0.007645424407789013
2017-06-16,-0.003254538604983216,-0.0026784895876443343,-0.002798114811369917,-0.0028786168995400493,-0.003098095686726568
2017-06-19,0.005203594755622907,0.003936402910652722,0.004284303777316977,0.0034826399591141523,0.003494296016226308
2017-06-20,-0.01408803042650265,-0.006975078429945149,-0.009715733721772113,-0.00742410430437857,-0.008397464850475721
2017-06-21,0.002839234805524401,0.0028007609136102966,0.0030964476371632,0.0027815035871157075,0.0025985303151670838
2017-06-22,0.007188427749290176,0.006212140327623573,0.006604641556488948,0.006444429998756491,0.006647894531280256
2017-06-23,-0.0008388322958780544,0.0002802358619492005,-2.578146864921659e-05,0.0002381858377365596,1.9150735178481702e-05
2017-06-26,0.007396975718003071,-0.00021879531580079842,0.002335044015499815,0.00027542471982538444,0.0015647390057234247
2017-06-27,-0.0067430339218689335,-0.003331018227194008,-0.004705386938486569,-0.003125551916881402,-0.0033577188163479953
2017-06-28,0.0047150428967798665,0.0022066324335145732,0.0032514442347926164,0.002060783064898754,0.002212144719943514
2017-06-29,-0.0034880675724938905,-0.0043947483611698045,-0.004566896972985073,-0.00387868734325191,-0.0032094499217162377
2017-06-30,0.00840066112043167,0.006159794863852585,0.006966984287536638,0.0062134281785099985,0.0065141352999800945
2017-07-03,-0.0002601919662490071,-0.0040060806530769115,-0.0029565822150726924,-0.004194919177043407,-0.003632158939871617
2017-07-05,0.003214229714616832,0.00384799452381809,0.004032418522522046,0.0036198401110287015,0.0031737474900461484
2017-07-06,-0.012077422554918645,-0.009500563829531261,-0.010705531604584017,-0.009267679888498066,-0.0092996563172849
2017-07-07,-0.003690047639986478,-0.005570443349583965,-0.004945661190051681,-0.0060234140621669785,-0.005970847703731081
2017-07-10,0.003968695720621199,0.0002589860741136095,0.0013696548837527304,0.0007822971352698234,0.001627566653702064
2017-07-11,0.006276227355616832,0.00250701990505696,0.0037008740139399,0.0030641239614072635,0.003892686476951464
2017-07-12,0.009593913627748312,0.004282521543054148,0.006245483493933874,0.004667984654872481,0.005461837048361695
2017-07-13,0.0006330499494590163,-0.0011327084479805724,-0.000718864977065916,-0.0009618285535723813,-0.000526831927404156
2017-07-14,0.0018045444402007079,0.0015608933638573653,0.0014987244675180615,0.0018104583458021296,0.0020451443192572123
2017-07-17,-0.0022393004442026435,-0.0014401716793411184,-0.001670647241957551,-0.0013628039238603384,-0.001465449621601802
2017-07-18,0.0011601938706338917,8.085805525005592e-05,0.0005926570688985867,0.00040881473611529336,0.0006054101374382484
2017-07-19,-0.002440604173663902,-0.002042852023129795,-0.002279083232953891,-0.0022742783185147057,-0.002364179905264796
2017-07-20,-0.002468712443569086,-0.0034463970864000754,-0.0028679963890889375,-0.0034253056560402113,-0.0034397378114535064
2017-07-21,-0.004428971181021779,-0.0018795261059808652,-0.003036826020908895,-0.001618594497839397,-0.0016695774188220562
2017-07-24,0.007205294834465714,0.006481865744906215,0.006902140454908467,0.006501854445989381,0.006497965918614604
2017-07-25,0.004848513696159235,0.0048974987813676435,0.0044930972652949775,0.004862946079177378,0.005089590858324531
2017-07-26,-0.0003293383539707501,0.0008445123893532449,0.0011725212970726123,0.0006317601949220626,-8.59100772669125e-05
2017-07-27,-0.0017503854059836474,-0.0019049287258005863,-0.002301077090479795,-0.0016172486802717191,-0.0011854208191210442
2017-07-28,0.003012291854285317,0.0022679490568424743,0.0026529580895580415,0.0026480591867342374,0.0028301414345841755
2017-07-31,0.0019329440130602942,-0.000540721790875875,0.0002469816366555977,-0.00016959649937552376,0.0003640089733468822
2017-08-01,0.00280188012471747,0.000862653874194696,0.0012303027230256293,0.0011318655549290393,0.0017004005845384172
2017-08-02,0.0075002290337720925,0.004927808934165502,0.00601046395937473,0.005030051841273071,0.005292488138331238
2017-08-03,-0.00427882849414145,-0.0036198994909831415,-0.003795261891877867,-0.0035708672843648742,-0.00367153674560967
2017-08-04,-0.0006206954262361656,-0.0007896924859496926,-0.0009765630838741311,-0.0010343210417042537,-0.0009610974188363523
2017-08-07,0.009770201360405534,0.0067775362976454905,0.007700702909386287,0.007070895395070212,0.007667533711381366
2017-08-08,0.0005560044473129335,0.0011122369932974978,0.0009753677374469675,0.0012371997437684427,0.0011820603020651801
2017-08-09,0.0017330182152892307,0.0055594643040622555,0.004270573352042976,0.005596413473037888,0.005080789198937799
2017-08-10,-0.007747327356474048,-0.0036060267310566224,-0.005360401481794879,-0.003563387177920112,-0.004112676290933363
2017-08-11,0.008365703728614525,0.007108100185820082,0.007937843957162861,0.007079902149811333,0.006933471091577102
2017-08-14,0.009868536212364661,0.0091494409484639,0.009190697701354568,0.009079868475355744,0.009444248888330703
2017-08-15,0.0025212233541390934,-0.0006136502887764329,0.0009841402856989138,-0.0006626288132531253,-0.0005315652639346444
2017-08-16,-7.069747668843851e-06,-0.0017544303714716366,-0.0012281922888999807,-0.0013923619259643349,-0.000889818192345585
2017-08-17,-0.010712329257909771,-0.007399094759718965,-0.00909306923951062,-0.0071277595904671465,-0.007233630720499346
2017-08-18,0.008869186244192256,0.0039964713644834405,0.006120794875885143,0.004340687531114898,0.00497222101460883
2017-08-21,-0.0050224373252729295,-0.0031476471636265346,-0.004342898880678646,-0.002998165357096126,-0.0028103115072602904
2017-08-22,0.01375523484721379,0.010453986902815184,0.011541525532041377,0.010652571604065082,0.011446533166473385
2017-08-23,0.007206997914760003,0.0034237843806659814,0.005216915228123662,0.003725749807377681,0.004068572514718148
2017-08-24,0.0004895565044362596,-0.001708098319123263,-0.0013927517110713362,-0.0011720413891950067,-0.00016636557236294366
2017-08-25,0.001245824802242487,0.0028731828120689275,0.002266205857330873,0.0027172348634730745,0.0023932384082382694
2017-08-28,0.004438755537152349,0.007209990818397296,0.006342389260462116,0.007072639874796827,0.0063636714619984295
2017-08-29,0.004360954778009362,0.003832009324240303,0.00407734140086396,0.00380422748458536,0.0038493848483774525
2017-08-30,-0.003552215663085693,-0.0023111909010052863,-0.0026541186092737643,-0.0026073007492085007,-0.0030007587168655713
2017-08-31,0.00015260526195928084,0.002187799425061397,0.0012964260405199188,0.002142250031454688,0.001894473111680492
2017-09-01,0.007200093650172548,0.0039041793157711105,0.00477755163671211,0.0044896134650105005,0.005550496694220787
2017-09-05,0.0001492805317370565,-0.0009563495070800608,-0.0006624160778256451,-0.0004517394923116325,-5.787621726212809e-05
2017-09-06,0.0097642194150833,0.0042345395932677065,0.006180293859415957,0.004763470734985346,0.00598367788012179
2017-09-08,-0.004551662235964469,-0.0035476081110713447,-0.004003273784181405,-0.0034299610878137663,-0.0035175123100886795
2017-09-11,0.00792746507632223,0.0031537097931029017,0.004671583222812831,0.003418758369795612,0.0046195913403842175
2017-09-12,0.007289135872421513,0.009080090676156753,0.00860209817804775,0.008782905132659393,0.008226036598809005
2017-09-13,0.0039541576282193566,0.0026975313715865788,0.0033432728232816833,0.0026432829970493735,0.0027136008837843964
2017-09-14,0.001551890415937184,0.0011058589106909915,0.0015709437693913447,0.001022457106685027,0.0007628628420870081
2017-09-15,0.0065003947082610996,0.0019249923477340932,0.0033749279787080935,0.00247491969316426,0.0036637492002157476
2017-09-18,-0.001588503320436242,-0.0021026135232915196,-0.00220519242631737,-0.001989024656247649,-0.0015271124490675461
2017-09-19,0.0018406600917788589,0.0026819565041330228,0.0024544971622945484,0.0025565164454668123,0.002294229591626851
2017-09-20,-0.001612092692199543,-0.0035873121646822076,-0.0028042844040163453,-0.003494431255794114,-0.0031373450711510696
2017-09-21,-0.005549022214337923,-0.004086434432205983,-0.004775451460963023,-0.004199336591872328,-0.0043083417963785805
2017-09-22,-0.0008177527188825006,-0.0005351131753731919,-0.000520712786598593,-0.0005923801750142122,-0.0007939255831239824
2017-09-25,-0.005387527303677596,0.0012338410089457368,-0.0012771525569176055,0.0007065987281230728,-0.000567480573778158
2017-09-26,0.001600972196776847,0.0006594407681608381,0.0014220631793797555,0.0004033576537274533,0.0001660292590811162
2017-09-27,-0.0026959161149775327,0.00021063336849285792,-0.0007428293549888461,-0.0002895730942399861,-0.0009571323837121464
2017-09-28,-0.0015591310485275438,-0.001364173549440215,-0.0013210897244968444,-0.0014439792275919626,-0.0016119263207549004
2017-09-29,0.0034954945303641597,-0.001161336314326682,0.0004953629585464281,-0.0007268438519101447,0.0002898500364204788
2017-10-02,-0.0007191666759250443,-0.0017459223248693027,-0.001361423392945396,-0.0017481491890044309,-0.0015170494918193792
2017-10-03,0.017579940905263543,0.009653072134993642,0.012124556748250507,0.010719765629960123,0.012795959954413542
2017-10-04,-0.0030341967840626107,-0.003262870570303392,-0.0032255328853431175,-0.0031958771119932647,-0.003103162112857018
2017-10-05,-0.0001235063181694399,0.0003434885594678506,0.00013689796675514087,0.00020754092787474604,0.00018832473215898488
2017-10-06,0.0011935775252168285,0.004823683355970472,0.003829039509120472,0.004302885033117052,0.0031831924885895907
2017-10-09,-0.0010761585060109545,0.0033804057343101023,0.0015564476030271303,0.00311760000368928,0.0024047931015618905
2017-10-10,0.009523225516337924,0.005642689498059526,0.006953480963711295,0.006114621739806936,0.00701711995599859
2017-10-11,-0.0006689370187422422,-0.0005632305521786842,-0.0003874535790014194,-0.0006645504343476993,-0.0008938869654729856
2017-10-13,0.003925513996264858,0.0031883458535061082,0.003453390876813445,0.003265834347977551,0.0033911323699748956
2017-10-16,-0.002799492961852398,-0.0018766572804506223,-0.0024139811817478394,-0.001879462510303837,-0.0018433296088976548
2017-10-17,-0.003151356120699307,-0.0023650654709324094,-0.0021459841478816072,-0.002668544681446848,-0.003289547692250756
2017-10-18,-0.00011243430266512162,-0.0011688383149471616,-0.0011337440653889275,-0.0009279808799536093,-0.00038264044392395224
2017-10-19,-0.0001790404761638417,0.001896654148678539,0.0012650408637559446,0.0016700620250083465,0.0011493654080752176
2017-10-20,0.0009866603430119245,0.0015231262524182637,0.0013133610538261019,0.0014692152150287275,0.0014055120086445784
2017-10-23,-0.007354143593622921,-0.0018965883890491358,-0.003935942726180025,-0.0023368168714342588,-0.0033224118164304484
2017-10-24,0.014546290088060456,0.0128125543789793,0.013843789917781894,0.012775946397631625,0.012726337223549112
2017-10-25,0.0009719039792429978,-0.0013793375697664489,-0.0006070392745441769,-0.0011307257273023596,-0.0006173599081859678
2017-10-26,-0.010478070830502884,-0.005311821755275224,-0.007701646725401447,-0.005547293384936235,-0.006009381929459299
2017-10-27,0.013984936186883696,0.011138298497019366,0.013712101893947186,0.010699450451273075,0.009759236543608508
2017-10-30,-0.018005371239395596,-0.010928360215964885,-0.014486870221817945,-0.011098175978358108,-0.011493034261925805
2017-10-31,0.0010122918837836266,0.0008726033814348524,0.001688457186158973,0.0005386903619408878,-0.0001621422151866248
2017-11-01,-0.0035732098524626716,-0.0013836561881525901,-0.002132182064619306,-0.0015910807717649659,-0.0020539655894293712
2017-11-03,0.0009066276307474415,0.0036319524563035266,0.0023470699833636425,0.003512228543110607,0.003295711386916863
2017-11-06,0.00814595538697394,0.004114179418132403,0.006223015458254497,0.00418886459832453,0.004315561718458412
2017-11-07,-0.01947740254647913,-0.013391693000066656,-0.01558307685025238,-0.013930011159963462,-0.015090604445971913
2017-11-08,0.013198022965710406,0.007123537348270943,0.008693645993676733,0.007936978636388854,0.00969476387069289
2017-11-09,-0.011106618715737116,-0.006659941059796975,-0.007953618945524668,-0.007174573155940112,-0.008337572202920652
2017-11-10,-0.00725463082712127,-0.004153111902332404,-0.005235795800975197,-0.004451970315983523,-0.005064202750739986
2017-11-13,0.006712588399225045,0.006491378939891026,0.006809822463434448,0.006397136306072335,0.00618126291889329
2017-11-14,-0.01629297330913366,-0.008978268584734217,-0.011663483575906502,-0.009581500914915704,-0.010984610913196833
2017-11-16,0.017248743325584258,0.008459115170422523,0.011856276451629925,0.009104723860629339,0.010605788144705763
2017-11-17,0.009469878445679397,0.007806281375354777,0.008195628366625834,0.008108211051715766,0.008605645055622418
2017-11-21,0.008111204641672577,0.003289628581838061,0.0048176484342740055,0.0037396790340476493,0.004984892194650231
2017-11-22,0.0027510545174669995,0.0020762189135488996,0.0027160271858477076,0.0019866911117246843,0.0016571044723984667
2017-11-24,-0.0040895735474067284,-0.003583663323945994,-0.003689016240191662,-0.003677153202773609,-0.0038386697385283555
2017-11-27,-0.0019208741329523888,-0.000640323835235814,-0.0013094395896092715,-0.0006394422862528962,-0.0006871811079751393
2017-11-28,0.004681129347624455,0.0033761871967290286,0.004329586938914394,0.0032192027449459994,0.0029939551514074816
2017-11-29,-0.01753345477739302,-0.011328128816795895,-0.013948502354378094,-0.011717770035466793,-0.012507928904991205
2017-11-30,0.00011459924781922542,0.005364920876256336,0.004001205642641461,0.0045860304845582135,0.0030448005629871546
2017-12-01,0.0041031455724360386,0.0027758170602981257,0.0033549963131016634,0.00286709213267993,0.002997061531505902
2017-12-04,0.004317264970716697,-1.7719096222229516e-05,0.0012949000893704042,0.000476859432365802,0.0016073971921758642
2017-12-05,-0.008974130258270744,-0.009886291500377502,-0.009609067419961379,-0.009795711600952684,-0.009548200364951308
2017-12-06,0.00659477751300284,0.0035127223662005306,0.004601111926701205,0.0037860245926304554,0.0044251141903082925
2017-12-07,-0.0013357478202466087,0.0027366929360140607,0.0018085635498495106,0.002052837469341476,0.0007297070883963286
2017-12-08,0.0007319228524152303,0.0011062044983401642,0.0007100518443261225,0.0011776933457925188,0.0014055295622067588
2017-12-11,0.0012535193208091237,0.00042097808620003465,0.0008354361184746646,0.00041016776242378477,0.0004756352937810771
2017-12-12,0.016761649144212454,0.011855117269860908,0.01432429942840662,0.01194456043322287,0.012156794672681276
2017-12-13,-0.012223157466426732,-0.0035796335793832506,-0.007481051889530957,-0.003925405903203987,-0.004811119095233434
2017-12-14,-0.0006993183083332571,0.0014441791328725696,0.001019414225147863,0.001094775540120096,0.00029030745757572445
2017-12-15,0.002642891394953455,0.0010164051195493214,0.0018166506110375204,0.0010644849344277568,0.0011936372570990896
2017-12-18,0.0018450081190522884,0.00010379430745557354,0.0004940054216485883,0.0004345028543721277,0.0010750354185936548
2017-12-19,-0.003333516598698471,-0.0028413630113891366,-0.002888405029962224,-0.0029762983245249525,-0.003255881895407881
2017-12-20,0.004942617207638912,0.004749757972897147,0.004452887177568144,0.004990097256083378,0.005428499074404141
2017-12-21,0.016350299200088417,0.012367626530102772,0.013576923721208884,0.012928588753611704,0.014010079663073525
2017-12-22,0.004105394533740944,0.005189969166280379,0.004958592412073192,0.004986416189649484,0.0045515511908982235
2017-12-26,0.0061427001804932,0.004468671821735791,0.005141570669474866,0.0046155457105454675,0.0048364335934562306
2017-12-27,0.0003159993643340657,-1.2061046112683506e-05,-0.0002456244172767169,0.00023601785231369191,0.0006859391116535555
2017-12-28,0.005225003009342958,0.00484519240046388,0.005097302473681312,0.004826874577884109,0.004759886345667308
2018-01-02,0.011918678742335551,0.007314551039044172,0.008728034531226295,0.007960050161854092,0.009099097371409294
2018-01-03,0.0008522140226807378,-0.001762995458490956,-0.0005984173538507268,-0.0016350075746667534,-0.0013039414107640641
2018-01-04,0.0026564543617755357,0.0019123586383118503,0.0017447743917026152,0.0022374375656051496,0.0028753941162893964
2018-01-05,0.006708161734231332,0.0052164410452513466,0.0060391562066834294,0.005199115723002519,0.00522480045110299
2018-01-08,0.0001807653445176506,0.0008825724225372113,0.00025041324731124316,0.0010254239499353057,0.0013214345776566597
2018-01-09,-0.003889083120498891,-0.0026196849415126744,-0.002958948495134845,-0.0028339742664997007,-0.003191832248531454
2018-01-10,-0.0020371586851341624,-0.0012241387359122372,-0.001089980146483286,-0.0015650600525102167,-0.0022425682996472574
2018-01-11,0.008726884889156608,0.005358159234599409,0.00640310249115841,0.005811497192377159,0.0067185060218294635
2018-01-12,0.00229049749344509,0.0040143336559482845,0.0034058480447633657,0.0038254997786236317,0.0034238999892603926
2018-01-16,0.006188458819848474,0.006961001362265117,0.006588861509080463,0.0069351569700810845,0.0068526080580195515
2018-01-17,0.012706389701810058,0.00801544466889714,0.00986274375347537,0.008397375330922666,0.00927960375531276
2018-01-18,-0.005002726756504961,-0.006068591191722045,-0.005776564158248003,-0.005906370786218484,-0.005581633905159268
2018-01-19,0.004528164660158731,0.0031181697834221497,0.0039023185485862364,0.0031145027155321018,0.0031065269571473606
2018-01-22,0.002155705558476126,0.0019350780068477756,0.0017598307967286874,0.0021151565792103116,0.0024632701962935847
2018-01-23,-0.0018366923980799445,0.004206253334454295,0.0022477771094376723,0.0034766598557134493,0.0020700454238781808
2018-01-24,0.023686312867933382,0.01229506563854846,0.01640523305701934,0.013375804200602985,0.015465895673730641
2018-01-26,0.01524286102938975,0.01022303892116263,0.012090581968054901,0.01076368851316209,0.011804814060995808
2018-01-29,-0.0065231709702434325,-0.0033673220049464155,-0.004548497313861942,-0.003661945748256546,-0.004231592346258041
2018-01-30,-0.004138031590713569,-0.0051005265136040865,-0.004834547593015676,-0.00498673260756802,-0.004765202512258035
2018-01-31,0.004027217540560594,0.0037652408641755454,0.003747870859415494,0.0038245856491838904,0.0039411859794757755
2018-02-01,0.005744937618644891,0.005549387050367612,0.0055170571412956615,0.005604922091487396,0.005713229760676352
2018-02-02,-0.014937105391829299,-0.010465658494467359,-0.012399562828783118,-0.01077647461690904,-0.011375557381243418
2018-02-05,-0.020308274537365657,-0.014321307224404346,-0.016844251704796673,-0.014906569740518263,-0.016029771907952916
2018-02-06,0.023840982807398582,0.015338341094844013,0.019404206955108902,0.015779212024684568,0.016625380287578647
2018-02-07,-0.01650582844002488,-0.011094610553707673,-0.013839854087601517,-0.011217084913982668,-0.011455331858988914
2018-02-08,-0.01594887242564188,-0.010794792119811374,-0.013487188674801682,-0.011028211042017878,-0.011472941750833422
2018-02-09,0.006025563514215812,0.0030088672341612916,0.005679098441226948,0.002543495310604587,0.0016424624394516672
2018-02-14,0.028370491654127517,0.024427056452491606,0.025952594219733408,0.02477727730633902,0.025453122140703246
2018-02-15,0.0017393181800094224,0.0007440161153757329,0.0006401896707740052,0.0011313850919986634,0.0018789487645547956
2018-02-16,0.003900749729052501,0.0033214183831769793,0.003698527919984274,0.0033045298501121986,0.003271932036178861
2018-02-20,0.0065320657421019624,0.0021050274976698756,0.0034531388806115434,0.002703632282723289,0.0038601885923988293
2018-02-21,1.5028618364263097e-06,-0.0010442718716748183,-0.0008020929024168754,-0.000870667705469847,-0.0005356719065049202
2018-02-22,0.006827336741070025,0.0057840415057048514,0.006192171955381936,0.005855328538729641,0.005994350415523348
2018-02-23,0.0042321497602870305,0.001545105905594934,0.00284140913508658,0.0019503507958115605,0.0025462544604779817
2018-02-26,0.004878175265731643,0.003657971221523533,0.004415396999490652,0.0037625084425809987,0.0038733807396271864
2018-02-27,-0.010873923674843033,-0.009459442263568648,-0.010355160671628644,-0.009411701383722293,-0.009304227463077132
2018-02-28,-0.01196893548316057,-0.007914094273735716,-0.009354339464618496,-0.008534784169810275,-0.009602703271806354
2018-03-01,-0.0001449908642590109,-0.0005822696597168838,-0.0006139686043827975,-0.0006494284760512638,-0.0006606742044804587
2018-03-02,0.004312003697550089,0.004844239272267025,0.004594440646639271,0.004818699509098951,0.004773326885596736
2018-03-05,0.004004462737294578,0.0021818351033612575,0.003287151777231341,0.002346449236165723,0.0025315055133139073
2018-03-06,-0.0038041034191216533,-0.002955695874621341,-0.0034458416075672416,-0.0030858617095954567,-0.00325255093187569
2018-03-07,-0.0035784986307036254,-0.002178300523003829,-0.0028353120405709992,-0.0021219891195807124,-0.0020727962762456488
2018-03-08,-0.0006799499091165416,0.0018604612227108926,0.0012482913149509905,0.0015335499618934437,0.0008611192835104974
2018-03-09,0.013871484860613735,0.009439715734534296,0.011503487958961923,0.00993269940849447,0.010698353574615904
2018-03-12,0.005196475895827176,0.004068271628586974,0.004489260722282727,0.004157522505508772,0.004334597952788526
2018-03-13,-0.0073391678682385615,-0.004915152980362304,-0.0062594193704014044,-0.005041751437943977,-0.005199935916305967
2018-03-14,-0.001225434309397546,-0.0008491554051065844,-0.000891189477468442,-0.0010316672642719982,-0.0013291457700693632
2018-03-15,-0.006449831413484166,-0.0023906610158654774,-0.003570851817139917,-0.0029044181788634915,-0.0039058140858620983
2018-03-16,0.00011537968850214558,-0.00011750093574485376,9.969385301786805e-05,-0.00010982295028349705,-0.00012741511293529428
2018-03-19,-0.008668428236603305,-0.005977766130997185,-0.007201307362018993,-0.006405234653523089,-0.007053999979984356
2018-03-20,0.0006586426551871578,0.0008722664148692045,0.0006772915322156987,0.0010378165939983362,0.0012883318421688108
2018-03-21,0.010691351679222557,0.009394520208670593,0.009752609676632206,0.00924328428935471,0.009138319987267907
2018-03-22,-0.009665098014942487,-0.005812261585889551,-0.008467759830158954,-0.005841956216509653,-0.005701868088391821
2018-03-23,-0.0036146483789188943,-0.00047192247898615494,-0.0023575833422398297,-0.000986412708714477,-0.0016266040262926812
2018-03-26,0.012627535866539336,0.010524137433038597,0.012195726046771079,0.01078880100945902,0.010823942374440764
2018-03-27,-0.012113482075341976,-0.007350120387836754,-0.009451015815283475,-0.007899525573456752,-0.008713983074171197
2018-03-28,0.00018317525329940098,-0.00392121778429054,-0.0019407019162821567,-0.003503264698280595,-0.0029394310900832865
2018-03-29,0.013223312737890541,0.00639908294260262,0.00935483699289179,0.007126940020835416,0.008256371760526026
2018-04-02,-0.010888003486004267,-0.004759684874742615,-0.008327262653031912,-0.005483588331318116,-0.006145192715981718
2018-04-03,-0.00024400313093369066,-0.0003476316810433686,4.240836854434555e-05,-1.613879587250203e-05,0.00017840171949878945
2018-04-04,0.008255108791448165,0.009234487590829961,0.009873335423028127,0.008834177657726988,0.007862600858562508
2018-04-05,-0.000347876940498373,-0.0037057513974886967,-0.002819881321670426,-0.002860996053320478,-0.001525223690314916
2018-04-06,6.728083097529954e-05,0.004939337799965138,0.0026619553432085954,0.004043471761259449,0.0029175898439692295
2018-04-09,-0.008164265515607571,0.00040907723907035356,-0.002677814337437153,-0.00042024706983497515,-0.0020420378772539327
2018-04-10,0.018350339544364682,0.014741816431398706,0.016972502954311935,0.014938784064395683,0.015024942164864755
2018-04-11,0.004235871821611137,0.00283652427045628,0.0029037846602484063,0.0028871276336465425,0.0032663039713757666
2018-04-12,-0.004046588770814356,-0.006461510589256765,-0.005552444708676683,-0.0057359033275459015,-0.0047777118018024955
2018-04-13,-0.004077353148391588,0.002183254158870234,-7.960582237155594e-05,0.0013150650811436402,-0.00014282107980821676
2018-04-16,-0.005050070423109723,-0.0011989271960651691,-0.0017974571103089138,-0.0018466747147779868,-0.0032345970777528277
2018-04-17,0.0077343279795798175,0.003659541907971539,0.005102972899069735,0.004330025152075427,0.005404002654544869
2018-04-18,0.010642506412747626,0.004090928102792153,0.006299095490278566,0.004834952298061061,0.006261585601912083
2018-04-19,-9.20833118052854e-05,0.0006764227433752543,0.00022658266716545748,0.0006019117306474386,0.0005371256771880656
2018-04-20,-0.004420194178551474,-0.003942516436082003,-0.004264959753827688,-0.003931197204310657,-0.003890567181638352
2018-04-23,0.0016612616888722512,0.0026974709427428118,0.0024139725638322473,0.002742234921958053,0.0026578346888202
2018-04-24,0.0008815195361311593,0.0033778626872256507,0.0021622481739314824,0.0028328374088329986,0.0021876414573473828
2018-04-25,0.002002460127595068,0.0025321493213876184,0.003013617000665519,0.0024180202284963324,0.0019493568749370872
2018-04-26,0.010293249415799307,0.004972476334028101,0.007113441545801311,0.005586218961441513,0.0065679556113329976
2018-04-27,-0.0030156586131364392,-0.0031663413900210467,-0.0034651922876589468,-0.0030852120820157045,-0.0028289273871620374
2018-04-30,-0.00575026866923287,-0.0036286998826863303,-0.004789034321136349,-0.0036426591903960773,-0.0036616771584431214
2018-05-02,-0.0053149861503932316,-0.00019433631640862508,-0.0013186978619207043,-0.0008175172030485102,-0.002223511655376635
2018-05-03,-0.00618251896064991,-0.0027678478637463764,-0.0036047793376464926,-0.0033444303816971815,-0.004404263958303955
2018-05-04,-0.0007715236523089818,-0.0005683399580708197,-0.00041420789683426873,-0.000440923017908455,-0.00043456767331970464
2018-05-07,-0.001690679672307755,0.0017938312377455187,0.00046528212155662,0.001624073297092723,0.0011815439766798938
2018-05-08,0.006890416013801758,0.007051870989432592,0.007318842060502849,0.006906122707948456,0.0065967648256720236
2018-05-09,0.012521251009960085,0.009756300090393676,0.010801045082099356,0.010202341400151688,0.010872325806592843
2018-05-10,0.011074649960514025,0.005076081573090193,0.007175542942416321,0.005614197275364479,0.0067100538169889085
2018-05-11,-0.00457711929709119,-0.0001717678472150007,-0.0018915341842137368,-0.00035887946278953753,-0.000872870012522293
2018-05-14,0.004643383249127153,0.005358758177062336,0.005407108721761989,0.005280463079153761,0.00499979051776338
2018-05-15,0.0032426368249522442,0.0025043977658591936,0.0033345083250565883,0.0025387888721569015,0.0023803610966249807
2018-05-16,0.010051037494538268,0.007041080469957286,0.007921006704367784,0.007477962043559352,0.008275137448514656
2018-05-17,-0.02019496811678483,-0.01148977890918658,-0.01422322956280929,-0.012347960433247568,-0.014159558000058225
2018-05-18,0.0030875161872612306,0.007902829949303464,0.006526815417448652,0.0073276522982621195,0.0061622623549839935
2018-05-21,-0.011125708550125159,-0.011409751607079356,-0.0107880715723538,-0.011445188001724949,-0.0116937234148492
2018-05-22,-0.0006827062065909847,-0.00657197654220125,-0.004910886782904326,-0.005984813595952999,-0.0046672152550263305
2018-05-23,-0.012093919568907084,-0.007468875547713826,-0.008590038706605053,-0.008004122050463917,-0.009197876354217573
2018-05-24,-0.006594261601307076,-0.0017069284006902238,-0.0037399655486251133,-0.0022016968846911645,-0.0030048019904746477
2018-05-25,-0.009577872833392332,-0.004891610949812219,-0.006496360421993892,-0.00530013787573853,-0.006221589385763364
2018-05-29,-0.02417691025545113,-0.011994421429616958,-0.016685263013852203,-0.01319838711741909,-0.015456064585098383
2018-05-30,0.009782099021378828,0.007724186722925731,0.008914560435354092,0.008036033317127832,0.008309065402949872
2018-06-01,0.002807810455642024,9.499572875322062e-05,0.0012589594727261278,0.0005347637764045315,0.0011399711831231612
2018-06-04,0.011349914051138872,0.007034063969203533,0.008529368538032997,0.007580943760081646,0.008582124549190412
2018-06-05,-0.011876756753886959,-0.001603681087060382,-0.005205230030137557,-0.0025882773481498817,-0.004650898085060789
2018-06-06,0.0033635919864978157,0.006820514660834104,0.006232947795159098,0.00647521618589145,0.0054358255673029685
2018-06-07,-0.010171334564056738,0.002045811664069838,-0.0017547022798074438,0.0007842428383313258,-0.0020093506072501447
2018-06-08,-0.013752312918615327,-0.022612151497771495,-0.018524327855891583,-0.022211474268824787,-0.021376597497783395
2018-06-11,-0.019996657823367636,-0.018158907572717483,-0.02008238318474452,-0.017790672512705604,-0.016965423579937123
2018-06-12,0.006414061079634474,0.003328417463663109,0.004820719855982113,0.0035567885932608167,0.0038935288982511083
2018-06-13,-0.0055881853183872105,-0.0023297878715659213,-0.003608333471800535,-0.002733123109815942,-0.0034002865406830753
2018-06-14,-0.009683303351363958,-0.0022635332184451616,-0.005709505226187683,-0.002526271692557618,-0.0031428387159714672
2018-06-15,0.005699665783337164,0.00031878860976559134,0.004441751090709542,0.0002730819539977697,-0.00036468071932993057
2018-06-18,-0.012143970365373314,-0.009430265054962245,-0.0105706794262494,-0.009592596665917654,-0.009944112178256765
2018-06-19,0.012238950796302224,0.006684047991058015,0.00830031368950999,0.007274206349609971,0.00861926899101019
2018-06-20,-0.0012353232616100812,-0.0018703102183077955,-0.0025718986587902454,-0.0012498825675462829,-0.00010226540295197413
2018-06-21,-0.00841310199777811,-0.003099336901161737,-0.0036989214373033684,-0.004227282390320518,-0.006549304224252594
2018-06-22,0.001361948045535023,0.0004433715058756036,0.00024548826261578413,0.0007261748308229497,0.0013711173103505667
2018-06-25,0.0015696637995011814,-0.0009560286229254913,-0.00018150721685101004,-0.0009665403967510744,-0.0006405145969042229
2018-06-26,0.0002624768577932288,-0.00030564528372583537,-0.000514653706641651,0.00012604604532465686,0.0008141204487803282
2018-06-27,-0.004384357855460535,0.004351598914280758,0.0005998927992581788,0.003122324181851062,0.0013823694493725527
2018-06-28,0.015202268676246971,0.006989726365382117,0.01091682038590777,0.007914455382858485,0.009101093987596167
2018-06-29,0.008124685213942263,0.006825510560638702,0.007092275834939533,0.007287195499019229,0.008018187134527689
2018-07-02,0.00554751447201129,0.0045066405818782575,0.005474264022149883,0.004576684019945778,0.004466531615657819
2018-07-03,0.00786357840585827,0.005474894282035685,0.006098248658211642,0.0055461585057843205,0.005901682475331277
2018-07-05,0.007521770505027545,0.009088981222536536,0.008262397016065088,0.009429027972714995,0.009836285376557653
2018-07-06,0.010389517723327139,0.0036976398197860736,0.007210454142154335,0.004145598576359211,0.004616297866197168
2018-07-10,0.0011256644672433512,-0.002504513173010731,-0.0004049005805130663,-0.002146804135891984,-0.001861983091274043
2018-07-11,-0.012411060473307303,-0.009604012816860474,-0.011114600776826335,-0.00925606151957666,-0.008813832642010168
2018-07-12,0.016759523751542257,0.012126815738122486,0.014231435124875479,0.01280117319634972,0.013717315270377282
2018-07-13,0.009786736440344652,0.0038418076547052506,0.006700893229212951,0.004416247508517707,0.005157673591413276
2018-07-16,-0.003616742786782535,-0.003370328117644357,-0.0036966477438787507,-0.003073777875569945,-0.0026507204451723253
2018-07-17,0.01313348217158747,0.0019819465895261667,0.007156351462149811,0.0036572750189198715,0.005842913512097041
2018-07-18,-0.009149072167843612,-0.006027378286147328,-0.007372894071925883,-0.006267433123790785,-0.00668299179387239
2018-07-19,0.005460095427682812,0.0043786087365639105,0.0050762715270403535,0.004185559940698825,0.0038908759206709403
2018-07-20,-0.003353888744878803,-0.012493718392837375,-0.009314108975422102,-0.010724840294933131,-0.007961112538480322
2018-07-23,-0.0033903571075710936,-0.0020426368956120997,-0.0023141691758234986,-0.0022611058469862873,-0.0027156074908425048
2018-07-24,0.004807484457199562,-0.0034048812790774775,-1.2041189373997194e-05,-0.0019241310974555466,0.00017580354676472276
2018-07-25,0.0076239133136181145,0.0017302725134901668,0.0042280516589777925,0.002676910915617329,0.004015438023914277
2018-07-26,-0.009648224720553565,-0.005063694796892775,-0.007031052643387784,-0.0052982654127320524,-0.005724084393697149
2018-07-27,0.0033371469142332425,-0.0007042338621835607,0.0008503146273940427,-0.00041203866253316357,0.0001949637586309411
2018-07-30,0.0007239433921389115,-0.0004392638662290494,-0.00022802289503143008,-0.00016160053699552736,0.00040119986055599835
2018-07-31,-0.001113956210622303,0.006243564377558761,0.003535908029086151,0.004852200307808633,0.0026293734230741195
2018-08-01,-0.00299223577649558,-0.005239794456327059,-0.004229157826395823,-0.004543030795820991,-0.0037071506045006234
2018-08-02,0.005588249971088549,0.002063913524158556,0.004043294145725046,0.002635379617329551,0.0031465443690106326
2018-08-03,0.01055752383859801,0.0003872376412277761,0.004477907392515636,0.0020763521116933296,0.004631738845551275
2018-08-06,-0.00475388863125468,-0.0033495306240526237,-0.003724815652340838,-0.003116690376953391,-0.003077366951478096
2018-08-07,-0.0074899570325360244,-0.002447963180759638,-0.004658007687590362,-0.002890238511064201,-0.0035726031687254335
2018-08-08,-0.0016522594872745593,0.004994342032162138,0.002503300545701506,0.0033610352919368584,0.0009788512012320458
2018-08-09,0.002866838102135345,0.007368215581000909,0.005680179200277223,0.006441936567189499,0.005048991596675106
2018-08-10,-0.015046691470487579,-0.0011056082583561864,-0.006982430434393749,-0.003466566472471958,-0.006809671286969904
2018-08-13,0.010328564789987494,0.004048036784539218,0.007135407494764171,0.005149628886494658,0.006399365079974614
2018-08-14,0.00831404738718635,0.0022456771115784246,0.004897380375450644,0.003359595109850924,0.0048403447960111735
2018-08-15,-0.013143707314351837,-0.010224815815621806,-0.010955508515743081,-0.010566262495833763,-0.011474156033610702
2018-08-16,-0.005975024845084295,-0.00613349928364026,-0.0059078237338864616,-0.005577173571749307,-0.005078753574145797
2018-08-17,0.005320755018977072,0.013548829738837502,0.010357634879980551,0.011512520710324823,0.008655598078688832
2018-08-20,0.0024195193338896145,0.0049801723657140985,0.0036610622473016797,0.004791056029146458,0.004607937999424216
2018-08-21,-0.004889002288527564,0.005916497345425517,0.0014518328020239756,0.004286809179284813,0.0018825952686111428
2018-08-22,0.026225601620832276,0.022991174175963216,0.024538447829139855,0.02285473686724815,0.02276040355640663
2018-08-23,-0.015684233883809198,-0.010368833360564031,-0.012498810292167636,-0.01053383182710234,-0.011062287289586704
2018-08-24,0.01272118055353116,0.015268986186268103,0.013967499224688441,0.01429706714696811,0.013262573511288787
2018-08-27,0.013684290436763221,0.006472884639099167,0.009503510063127258,0.007779560641500749,0.009613831413628426
2018-08-28,-0.00030508564708417126,0.002899068930298948,0.0019421447577707756,0.002471504535996979,0.00161218257869924
2018-08-29,0.012818818638925535,0.009545806576939191,0.011125182326590927,0.009759768892738732,0.010032296397776936
2018-08-30,-0.012771641593502497,-0.0027940156104332777,-0.006784767922805222,-0.004606278720295878,-0.0072235060701580965
2018-08-31,-0.00037310259812209893,-0.0075027000496987895,-0.004385543547085642,-0.006606454141776952,-0.005324205458727421
2018-09-04,-0.015787272320393415,-0.004048091194488848,-0.008872830155165726,-0.005685253077110109,-0.008142975839537533
2018-09-05,0.0030354508107821297,0.0021222334729960844,0.002262156712328269,0.002169245663937441,0.0024048198958082365
2018-09-06,0.010071124791244378,0.002946214693508829,0.005725546600275593,0.003937429866412166,0.005515852022424658
2018-09-10,-0.0065350622780682745,-0.009672288791679768,-0.008419513415492323,-0.00875600609924489,-0.0075492511683313435
2018-09-11,-0.006654429541548684,0.005162280387100745,0.0005801446326930889,0.002969938407604536,-0.000277204277685742
2018-09-12,0.0003288437997860902,-0.0002299417926604537,-0.0004915884597570198,2.331567993195731e-05,0.0006243607961292739
2018-09-13,0.0002490501324915699,0.0039357251097745126,0.0028363968102365486,0.00350044600163963,0.002560092693311361
2018-09-14,0.009517061535030411,0.003474262203301056,0.006465597173546943,0.004248151256325669,0.005122755217053674
2018-09-17,0.01019109964710295,0.00384200479885705,0.006065629261831859,0.004592208781812729,0.006005742596796386
2018-09-18,0.006484958537312021,0.00012591427946625586,0.0026953414685536516,0.0019331500923072096,0.00431037291846598
2018-09-19,0.00013397025130973116,0.0014682924210296345,0.0008810857688744533,0.0011570863716382576,0.0007446800539049072
2018-09-20,-0.00045242585134570856,-0.0030929121166619147,-0.001724627303846915,-0.00274759380838453,-0.002386847165871035
2018-09-21,0.005911667795415891,-0.003786329981281873,0.00035490656485374385,-0.0019665069141640732,0.0005018444531514909
2018-09-24,-0.015929845705656424,-0.008312880221706852,-0.011789395954441985,-0.009232737149438865,-0.010464856843154438
2018-09-25,0.01575091064556864,0.01515579030221057,0.015698123443429364,0.014558448994341522,0.013735582729254014
2018-09-26,-0.008929504769528158,-0.0158072873183406,-0.0129935330975762,-0.014454132498787613,-0.012563369919546317
2018-09-27,0.0025399732277905773,-0.007987562684614506,-0.003425059257167133,-0.005621948472191951,-0.0025525533891115836
2018-09-28,-0.006480830609968653,4.4898030273208964e-05,-0.003148801384829581,-0.0009211301325466756,-0.001981306304819321
2018-10-01,0.00016112745570329474,0.0009773648836078083,0.0013269679667883168,0.00048167277561622743,-0.0006314058210870102
2018-10-02,0.01642290113483748,0.003878138790657486,0.007963727154359026,0.005813499834929684,0.009586819589652629
2018-10-03,-0.00040219538266612437,-0.013304029492098548,-0.008239333001381565,-0.01051440617072945,-0.006527618170819145
2018-10-04,0.0026036728079320893,0.007003358782069052,0.004902534181520465,0.005716346489254808,0.004320432891396693
2018-10-05,-0.00831561481118846,-0.00792765525055434,-0.00856840992502699,-0.008375989030406001,-0.008468857673095328
2018-10-08,0.011018487323354045,-0.013060866705716814,-0.0032472730124946023,-0.008082954220101947,-0.0011633752513712102
2018-10-09,-0.0011211171019176003,-0.0036190060515482567,-0.002646741264237529,-0.0034607989378020723,-0.0030662998772422517
2018-10-10,-0.022849635673060375,-0.009925202397480815,-0.01721117193018372,-0.01311631176670802,-0.015722778259985252
2018-10-11,-0.007048818558447273,0.006694303078907617,-0.001772679350172992,0.003028648068194453,0.0005638643356290496
2018-10-15,0.005897079328094159,0.001518199970858535,0.0038704975452690253,0.002162696536427028,0.0027024066678187214
2018-10-16,0.01737402239712669,0.006018810889772,0.011790619865206095,0.008887914223724033,0.01175156411324255
2018-10-17,0.0012591157563193829,-0.0012075603384187274,-3.9909346874144324e-05,-0.0010701813459693286,-0.0008667086829726595
2018-10-18,-0.019214304284441902,-0.00931434576415177,-0.014439842889610977,-0.011177491384914112,-0.012959528597421664
2018-10-19,0.005471759768261726,0.0038435976507720767,0.004561536393988482,0.0037997826003496804,0.0038411520678261527
2018-10-22,0.006444293775875802,-0.000561929169152858,0.0020574446897157,0.00063755433307258,0.0025920871860288432
2018-10-23,0.000473053021284696,0.004693098286232226,0.0024275407217124838,0.0034871987380850136,0.002379363689424896
2018-10-24,-0.025068633818797544,-0.01188075693691817,-0.01943043448676443,-0.014729577629457417,-0.016888160135836397
2018-10-25,0.012746468445431128,0.0043362076541399236,0.009165112463200566,0.005968288436900523,0.007147439720891634
2018-10-26,0.005793489965957891,-0.00018778715908540213,0.00085701843372025,0.00023409666213471066,0.002259516053157564
2018-10-29,-0.024560412071110403,-0.017215417140192247,-0.020754207596444883,-0.017744437259204503,-0.018422768061036758
2018-10-30,0.03616835103594516,0.02297962506157804,0.02973624930453299,0.024731306848802946,0.02664072878522925
2018-10-31,0.004892828229013525,0.003076168452147318,0.004573520746433088,0.0040180364582465935,0.004664847779885826
2018-11-01,0.010398928693483953,0.00829981030247648,0.009076782431034163,0.008407263124121708,0.008744285357307872
2018-11-05,0.006927197503638869,0.00426863436929327,0.005156051405207614,0.0049542442750873305,0.006064312616697342
2018-11-06,0.00033813778164818446,0.004055096473360672,0.003476881196427613,0.0034904106172335718,0.001894111771855769
2018-11-07,0.0004851470304382775,0.0010227501626594703,0.0024611076070057687,0.0011822797499159068,0.00010692610925243488
2018-11-08,-0.01957117174431956,-0.012747496069979674,-0.015489376092493325,-0.013502632725689549,-0.014876445051809531
2018-11-09,-0.0011428201331236637,-0.0054251749936126345,-0.003543084862909265,-0.00498204789628165,-0.004297837984025902
2018-11-12,-0.008828225598680562,-0.007341942744498765,-0.008999283029684658,-0.007465733459199893,-0.006942925627768626
2018-11-13,-0.0015046792510031715,0.0033841557222351348,0.0014440171282231896,0.0025714183338478303,0.0012572937330973873
2018-11-14,0.010460228286210778,0.010047205069874336,0.009406160952083298,0.009526914322723892,0.009565768906462968
2018-11-16,0.01751859570135069,0.008350815304833076,0.01193827476840234,0.009952457622870585,0.012527509273785155
2018-11-19,-0.008521197143379539,-0.003595794633614279,-0.006699870998591338,-0.004610402319587317,-0.005304210756255538
2018-11-21,-0.0038068333936496675,0.0017857043886837897,-0.0012933244901518735,0.0004154438734483487,-0.000955140134384826
2018-11-23,-0.010376656223684298,-0.005514040331289545,-0.007863543361333285,-0.006220952950650506,-0.0071172192310592925
2018-11-26,0.002034839590802989,0.009120063470196303,0.007378033155859286,0.008741793555901944,0.006971744333219643
2018-11-27,0.022872977564294,0.010354367672943487,0.016102786917841533,0.011896712011535198,0.014048524340958065
2018-11-28,0.010894590215469345,0.004613719628530886,0.008033124788093383,0.006194191413159129,0.007800950191857904
2018-11-29,0.0013243949925903088,0.0019718997444576345,0.0012079519250036478,0.001946157667136897,0.0022404838980436886
2018-11-30,0.000856966658157626,0.00022537671498620317,0.0010615243615778361,0.0004069936684494011,0.00023179729440482054
2018-12-03,0.0010582976973249726,0.0007590576934446863,0.0010098075595319459,0.0011993067224769717,0.0016227290711549778
2018-12-04,-0.013894417567312476,-0.0034280944001879466,-0.01022242314246806,-0.006372335565730531,-0.00830923963490047
2018-12-06,0.010936718227039803,0.011587967804613485,0.011712058729768321,0.010847004241301795,0.009688501081222909
2018-12-07,-0.013720100225392108,-0.003966519914501183,-0.010362386979627124,-0.00610501045237538,-0.007216069376019671
2018-12-10,-0.013712962845323433,-0.007269788039663376,-0.009177912983204011,-0.008196256687599062,-0.01031548869155915
2018-12-11,0.0027342790229385665,-0.0005643621303611391,0.000774427618044918,-8.897790586552145e-05,0.0007023860156854172
2018-12-12,0.0013516560511802867,-0.003021731732211717,-0.0012295322914230272,-0.002232878225959573,-0.00103136825932633
2018-12-13,0.006650286877334521,0.004619407770952441,0.00543230960530593,0.005079680364278392,0.005752670479845498
2018-12-14,-0.004305624667046206,-0.00032030792246495255,-0.0028806078865811725,-0.0014564086461632496,-0.0022315172876910217
2018-12-17,-0.009502150235531432,-0.001181977842621784,-0.006166696379502162,-0.0034642316341773442,-0.0052842122521581
2018-12-18,0.001402471660767085,-0.00013351557072893353,0.0003044865423211531,-0.0001704916696080397,7.61314274810768e-05
2018-12-19,-0.014093566813063634,-0.010083692075916847,-0.012557054514875553,-0.010655391531898678,-0.010915008584118542
2018-12-20,-0.005838718858841544,-0.0024038071656789645,-0.005708559996405369,-0.004437346648369398,-0.005319937152542095
2018-12-21,-0.0015971287024107977,0.0010345617915459774,-0.0014032297750719562,0.0003797809637430945,0.0005805538407932407
2018-12-26,0.01041843033860158,0.011845179049342139,0.013022727402087814,0.011440921309728793,0.009448487388846788
2018-12-27,0.008022057956831002,0.007642257765020831,0.008073891015602061,0.007378592662648918,0.006905093987687536
2018-12-28,0.004627015065319608,0.0008584842048994021,0.000822441548428008,0.0023859104160135276,0.005614368603560333
2019-01-02,0.026982523484652507,0.010550897599375515,0.017829051715530512,0.012615979341070161,0.01572989514865906
2019-01-03,-0.013887008640305702,-0.011641045104470789,-0.01567687019494047,-0.012440174967853187,-0.010915644030447855
2019-01-04,0.009744983308801872,-0.00155193827867114,0.006112434728587476,0.0011487920948745063,0.002462662395277948
2019-01-07,-0.009375833086476723,-0.008035465149585964,-0.008882119588608862,-0.007324523004392618,-0.006440511524613525
2019-01-08,0.007614380356992812,0.003190652259790428,0.006075679783877836,0.0039416067121127865,0.004226032679781275
2019-01-09,0.00961026891678677,0.004796254067933287,0.006426203079178708,0.005360980543933129,0.006754966848274936
2019-01-10,-0.0010126076670594647,-0.0038649698736343105,-0.0022458320574377617,-0.002808128680096091,-0.001902831612066825
2019-01-11,0.0035163540590487695,0.005453509194557233,0.004802247678703612,0.00492692633000317,0.004057710055315766
2019-01-14,0.005420881131295489,0.00603186920903693,0.005060787251054899,0.005478585171605584,0.005559675119820968
2019-01-15,-0.004439166164969457,-0.005653644100656624,-0.004378967221515349,-0.00457026318107056,-0.004124549026085347
2019-01-16,0.004728282224287177,0.005984731059811666,0.005456821751391244,0.005812936794018417,0.005530517861012928
2019-01-17,0.013235837800579237,0.010048389149052468,0.012179643284463224,0.010746170964547129,0.010963436163420432
2019-01-18,0.0031845521476491306,-0.00397042325666763,0.0002300825542383619,-0.0015544909349828983,0.00035634847764911496
2019-01-22,-0.012626462667361513,-0.0037121468316730355,-0.008855239358027438,-0.005456861491835836,-0.006661476456746594
2019-01-23,0.017460924204621354,0.010960481628238233,0.01422544445160617,0.011448814321590036,0.012009106675280616
2019-01-24,0.0031663030455288395,-0.00032538793403210893,0.0008480382806094477,0.0004905482026598949,0.0019117519620068227
2019-01-28,-0.008544250547394126,0.004252704186790266,-0.0016259675754166825,0.0013130882777589758,-0.0023243769178137638
2019-01-29,-0.000738086309737363,-0.0015229439602298864,-0.0017450623681043624,-0.0019001573196683345,-0.0016734384316485851
2019-01-30,0.01174367822287626,0.0051510670264670955,0.008557517153549556,0.00645506211848771,0.0077475567588332645
2019-01-31,-0.0032382838025600456,-0.009300553171976221,-0.006531024405470726,-0.007867757079961145,-0.006087719979811168
2019-02-01,0.004540227959107525,0.003565423878652657,0.004121768059146583,0.003813900798116019,0.00400555644756091
2019-02-04,0.004868977780577946,0.0013692454552277006,0.003442525149128271,0.0026212490082510626,0.0036109950176432468
2019-02-05,-0.0012004698234676192,0.0006030236183021249,-3.2312948236447985e-05,0.0005205044659717719,0.00014916448882436694
2019-02-06,-0.020929628693689157,-0.011719064997132463,-0.01452921457337937,-0.012788657957657443,-0.015744160790170606
2019-02-07,-0.0007758162784294153,0.0032836246313830988,0.0008911510654754499,0.0020440724167647105,0.0011066780778047774
2019-02-08,0.004864619520853701,0.005463269212724965,0.0047336412958715384,0.0055003966558994505,0.005947569094633712
2019-02-11,-0.004077704231493882,-0.002464128513452868,-0.002498050818624879,-0.0024264446272261497,-0.0031543256443256305
2019-02-12,0.014664460824004884,0.006513933363035304,0.010539063320477932,0.008009993317603145,0.009701171964805983
2019-02-13,-0.004795649801796683,-0.0037343375195122925,-0.0038859787591764543,-0.0031748257677730197,-0.0029849539915941976
2019-02-14,0.022789423653361753,0.019276050191492606,0.020421713336748384,0.018859446643084525,0.019068330558684145
2019-02-15,-0.00737603170899163,-0.008132383488926438,-0.007664092904663665,-0.007588687998578887,-0.0071081446301495075
2019-02-19,0.0007637825703231004,0.00780169411576119,0.003852509751783447,0.00642327749493259,0.005353153099277339
2019-02-20,-0.007963019901538271,-0.0066266303944013775,-0.0067794793413672345,-0.0065924744556223845,-0.007071432277023402
2019-02-21,0.005688477322705945,0.0030726346676969653,0.004801144892607084,0.0037341517517471756,0.004035903955301953
2019-02-22,0.006015789186680671,0.002868635033744208,0.004184681540635986,0.0034483079749854724,0.004334378374126028
2019-02-25,-0.006016845271474245,-0.005367130831491452,-0.0054841444724007754,-0.005259500929605936,-0.005363405282708472
2019-02-26,0.0075958731527260605,0.0078081696562866815,0.007829634759074638,0.007422389296181678,0.006906180002821037
2019-02-27,-0.006474706646282683,-0.009782023443311118,-0.008148216810329066,-0.008921170939143887,-0.007990047268490962
2019-02-28,-0.013439079081265511,-0.008857275324400738,-0.01040292931794324,-0.009057542410411661,-0.010041094831667971
2019-03-01,-0.002322615712183553,-0.0056283751928767195,-0.0023043754797535568,-0.004100032488419337,-0.004139012061110379
2019-03-06,-0.000811393227892758,0.004976441885485641,0.0021007906431892275,0.003822619758270184,0.002566966616518587
2019-03-07,0.00011801278479057235,0.00269730498588615,0.0010416888200699367,0.002056605258944453,0.0017388311763051271
2019-03-08,0.011338195148945955,0.01338426556935145,0.01175687095163204,0.012241841809878877,0.011627243276517823
2019-03-11,0.0163573482232412,0.0032728768506187006,0.009523032682638408,0.006095275096845767,0.009440971539906888
2019-03-12,-0.0031912941318240056,-0.0026119681573039855,-0.0030819532356570357,-0.0027706001490936504,-0.0027717764993858227
2019-03-13,0.01140639202682302,0.010651842898679384,0.010997965694163754,0.010641887652872403,0.010670912658995313
2019-03-14,-0.005241898795230093,-0.007083231466996257,-0.005773921715309423,-0.006031310543349244,-0.0053132914987847535
2019-03-15,0.0065711612073542525,0.0051779995404142775,0.005915281050178339,0.005226628300236163,0.005262136459153957
2019-03-18,0.003854754943915944,-0.0004967201646542045,0.0013712127015628776,0.00022016313137085967,0.0012589136479343765
2019-03-19,-0.006839849479913676,-0.00588344118458217,-0.006629533888481319,-0.005978207126023061,-0.005848767495151883
2019-03-20,-0.005047871161497901,0.0005240377961530281,-0.0018890881754744437,-0.0010518372514526412,-0.002995487228071159
2019-03-21,-0.007496788004596045,-0.0046295558630981915,-0.004807828660879954,-0.004049124256606592,-0.004657200776649955
2019-03-22,-0.015100274484131714,0.0036844466889325153,-0.005072355840255454,0.000215047941277528,-0.004013413857861574
2019-03-25,0.002837776407345009,0.003276068612108635,0.0028601566983911687,0.002454856430313629,0.001832818394354351
2019-03-26,0.008803340969528452,0.0015284694560191345,0.004979022611155726,0.0032660489674677,0.005229103149619754
2019-03-27,-0.01678315526049271,-0.0030757365435896554,-0.008187285923499082,-0.004906784975461257,-0.008454522187766154
2019-03-28,0.02006987973587455,0.006054950572075002,0.013018915227681819,0.008465620650038922,0.01106726434888195
2019-03-29,-0.0035764167000997696,-0.007336092863452877,-0.006196169161296646,-0.005945213980509877,-0.003885402156488805
2019-04-01,0.0037697255937813906,-0.003831855427314063,0.0002889623010328211,-0.0021454774413595017,-0.0006756977446050962
2019-04-02,-0.002433973582601243,-0.0005435133576007719,-0.0013025281115128578,-0.0011254744683622186,-0.0018832640110593149
2019-04-03,-0.010197938653100758,-0.007780565483056167,-0.008796804557188313,-0.007683809188756811,-0.007805252261135484
2019-04-04,0.01740764277369202,0.012886641210073156,0.01486758223647535,0.01323706004862451,0.013901720907379884
2019-04-05,0.0035516287919082033,0.0010285833785096973,0.0022090916258136685,0.001843590102884223,0.002743030408409777
2019-04-08,0.004402823385970335,0.0040951107904067694,0.004166390339113997,0.003781661818653633,0.0035598203014765915
2019-04-09,-0.008525004408147688,-0.0028196008787569897,-0.005799025728875581,-0.003981356830229575,-0.005084680376094631
2019-04-10,-0.0027697909076243,-0.002890083444550225,-0.0027826094195345877,-0.002919132515419538,-0.0029874656900997685
2019-04-11,-0.01056342225090278,-0.010722021328611183,-0.009888556349950011,-0.00994688800278821,-0.009869562618346333
2019-04-12,-0.008062204315067755,-0.0017899945926552968,-0.0035568754343382318,-0.0022601619242360368,-0.004038671271553615
2019-04-15,0.002422330932272199,0.000349879453905052,0.0013239573261221902,0.00048820859054544974,0.0007091920357655266
2019-04-16,0.00738402178666629,0.0025716564650552914,0.004828348943884706,0.0037504814830249034,0.005177074227216816
2019-04-17,-0.004263376434176526,0.00023736422593135747,-0.0013404757922323095,-0.00046205088770859374,-0.0018076134611922808
2019-04-18,0.01023803187834665,0.007664167852353685,0.008627400979075977,0.008065718742136557,0.008788853214314522
2019-04-22,-0.001886661225171621,-0.0022790090774507583,-0.0022082273998375174,-0.0021243789287058784,-0.0018475615362408126
2019-04-23,0.01332664423663314,0.00787946230416286,0.010831077936341846,0.008860147071711318,0.009765593746994986
2019-04-24,-0.005767289721253545,0.0016211904344461453,-0.0017004007828149913,0.0007102324034457608,-0.0006369519387598159
2019-04-25,0.012601118618193474,0.007253276421002986,0.009337320646444713,0.007644536580377955,0.00860013276482201
2019-04-26,-0.003979884547374431,-0.003175458031240233,-0.003697356830999526,-0.003320610381625983,-0.0033801251865122842
2019-04-29,-0.0008075253770227115,-0.002381983821274895,-0.0014035717360181203,-0.00196085133998072,-0.001652756498457746
2019-04-30,0.0035083146159094877,0.003856781812226855,0.0036830707121044974,0.00358383198529853,0.0032883509627306675
2019-05-02,-0.00800463403609422,-0.006423777497296605,-0.00703282343646887,-0.006482350595370952,-0.00671158471861989
2019-05-03,0.0038506897179387957,0.0015845175713217615,0.002722791366954973,0.0020134912592256267,0.002486052961821348
2019-05-06,-0.004801799793823083,0.0008048325614790417,-0.0016055374309027857,-0.00016778183416079294,-0.0015819485665894166
2019-05-07,-0.00329115880841533,0.002279905688366179,-0.001054104313666651,0.0005952911068757312,-0.000795938408662698
2019-05-08,9.318561351086049e-05,-0.006291886048750001,-0.004232994123582947,-0.005139789998613397,-0.002907616440159297
2019-05-09,-0.0016969949161879773,0.0037805501990518364,0.0014690230081964054,0.002726583964701496,0.0012014324248064891
2019-05-10,-0.00263426881286393,-0.001987926362668288,-0.001909655121987498,-0.0020456479082475135,-0.0024458444210546564
2019-05-13,-0.01637933351765151,-0.0006230109639726312,-0.008766245659277878,-0.004165880405316315,-0.007872687415723814
2019-05-14,0.0022221762633470436,-0.0004490973952733546,0.0011873617526316428,0.0004219205630249731,0.0011261889654697343
2019-05-15,-7.262373409378974e-05,0.0025931051437036736,0.0020774290297768867,0.002514184093512059,0.0017271434513094989
2019-05-16,-0.009236110329418179,-0.007343222624557186,-0.006689508639633398,-0.007106310432093701,-0.0081429952951206
2019-05-17,0.004220073793732119,0.006898678932835853,0.006088810591522232,0.006533098270378115,0.005666476901009892
2019-05-20,0.014085171098879145,0.009852504678744564,0.010818395211493706,0.010162932767756339,0.011480696930833206
2019-05-21,0.016687258761817664,0.004501017710189562,0.009780941804322528,0.006491213100704735,0.009485894564771688
2019-05-22,-0.009446446337208958,-0.010908654315194157,-0.010938562338521092,-0.010437243274582095,-0.009277780510553352
2019-05-23,2.053614919513335e-05,0.00643075091371645,0.00282087333699274,0.004693017256048294,0.0030068514403808603
2019-05-24,-0.0026180751604266243,-0.0033050547616544543,-0.0028970587162758907,-0.0032005252221635797,-0.0031328146730203654
2019-05-28,0.015294329882173587,0.0075965092309547835,0.009731190261073022,0.008607639159636868,0.011192831212067293
2019-05-29,-0.0020168943207407135,-0.005006451694051625,-0.004344035989865088,-0.004961201219321459,-0.004217275803782654
2019-05-30,0.0038917043779451528,0.0030352774908267437,0.0028065552219554576,0.0031600875694321466,0.003843364322176249
2019-05-31,-0.005316475497860299,-0.0003498848633187793,-0.0041291095825387565,-0.0020655451886546247,-0.0029899341077256015
2019-06-03,-0.002363821499127941,0.0010907046245856743,-0.0015251504378296316,0.0001314404922212667,-0.0002619023855170888
2019-06-04,0.0041871693655460025,-0.0016258665203322524,0.0021522800772152155,-0.0001763894125786857,0.0008005620795083709
2019-06-05,-0.009880951793211962,-0.0041929463627603724,-0.006069104685659233,-0.0045114571807076285,-0.005690160878733404
2019-06-06,0.011967223328263743,0.008627277418551888,0.01025337963775717,0.009054231220394787,0.00959334830698575
2019-06-07,0.00496522080353276,0.0035574332981418697,0.004317299517836648,0.003936574188055506,0.004333168063930553
2019-06-10,-0.0007359839822365524,-0.002756668772557746,-0.0008593619491554878,-0.002049100979537331,-0.0019488392248384794
2019-06-11,0.009101680989823077,0.0021960438147118288,0.0048986944547532805,0.003089830843093721,0.004748988986954741
2019-06-12,-0.008077693835563686,-0.0032624992217091175,-0.005877555502144235,-0.0038213001372421765,-0.0043206203795871185
2019-06-13,0.005634091528233986,0.005245290959109397,0.005360106483009943,0.00506877335261082,0.004940375939462889
2019-06-14,-0.0018786700110010302,0.003894040201218358,0.0016869919199515864,0.0031559062807272192,0.0017316573321034133
2019-06-17,-0.0005956157846327782,-0.00032484239167374757,-0.00017269201863160557,-0.000545747042920363,-0.00101078289301029
2019-06-18,0.011222536392295026,0.004970188938798406,0.007555218758763402,0.006081676786331999,0.0077463016157464865
2019-06-19,0.009404545176775313,0.008621799117227293,0.008813867913759143,0.008473262746362632,0.008465279511341938
2019-06-21,0.012417508091919098,0.016050078816259774,0.013007542247231739,0.014899790852270153,0.014617434313108064
2019-06-24,0.0025812218464182604,0.007967027140982396,0.004930022606630832,0.006653240123194038,0.005485710516442326
2019-06-25,-0.013626221326025265,-0.005153284071008627,-0.009066449764848595,-0.006605464053435871,-0.008496800403364483
2019-06-26,0.00413960762975422,-0.0009259880783477517,0.0015971774575477922,-6.659287071673019e-05,0.0008930271870756673
2019-06-27,0.00433033142187192,0.0034225354430674395,0.0042927207143672146,0.0034495227627089967,0.0031506523567463164
2019-06-28,-0.002440427100625388,-0.0027332048631936124,-0.002821783218371672,-0.0023498407322164075,-0.001717491341866489
2019-07-01,-0.0017256289138360681,-0.011073445110485216,-0.005847394947875817,-0.008584422147597337,-0.006311280276706428
2019-07-02,0.005711667119743026,0.01626723189738303,0.011538911700032004,0.013850339457883876,0.010729051481764335
2019-07-03,0.008077459511839571,0.004908957592972921,0.0062222881565001335,0.005806759644574101,0.0070196632233754915
2019-07-05,0.015645520571198803,0.0047251760403863126,0.009724058490726674,0.0061178405150091675,0.008068747220965004
2019-07-08,-0.0014940574910861724,-0.005293821375343973,-0.003967972820756285,-0.004709518082231236,-0.0035760846375489075
2019-07-10,0.012182230809960354,0.01257394280356967,0.011691358835906673,0.011755746153747998,0.011453804348108618
2019-07-11,-0.00708432150301997,-0.009550878452214482,-0.007971494777962829,-0.00878381664851159,-0.008219596218103028
2019-07-12,-0.004934678575659242,-0.0013618933848700487,-0.0025612398261301568,-0.0020713056822872183,-0.003344381099065923
2019-07-15,-0.0019454310923187655,-7.15778020932183e-05,-0.0009153999619269989,-5.9940734201595034e-05,-0.00014532885269430076
2019-07-16,-0.0006396531380393795,-0.002367033314671562,-0.0013749692780651228,-0.0019607968434107908,-0.0016201527002782565
2019-07-17,0.0032770064742754486,0.00865581929494079,0.005306131120981908,0.006965741784132337,0.0056382133658189155
2019-07-18,0.00790341774276622,0.008730209782265389,0.007838032002063225,0.008184278666773964,0.007963799631085254
2019-07-19,-0.013060292927817655,-0.013982431895772831,-0.013324463926154636,-0.013546835324809353,-0.013201500058752378
2019-07-22,0.0030151762239040703,0.0017337524348972077,0.002288620099151242,0.002018661043489745,0.002378029331460699
2019-07-23,0.0007198726747290003,0.0013466219673777394,0.0016678015278651455,0.001588147261785882,0.001432692184409765
2019-07-24,0.004257305413223183,0.004221736380139869,0.004253546090044169,0.004227166085617771,0.004205897697457904
2019-07-25,-0.008048906125026855,-0.004587830375745475,-0.005751513073952034,-0.005214834871693926,-0.006186319651985778
2019-07-26,0.0019415284062635056,0.00046154357863324003,0.0012601680554471507,0.0006011696215620998,0.00077632358948156
2019-07-29,0.006325162632242978,0.00823833639818885,0.007080862200340954,0.007770871998953792,0.007426355915344541
2019-07-30,-0.003696694721012599,-0.0005803201284777773,-0.0021013616205046797,-0.0011693174946995606,-0.0017782024182796837
2019-07-31,-0.01632372946166085,-0.016605836591382674,-0.016757054843884008,-0.01627496610414026,-0.015682351696292916
2019-08-01,0.012639624032772091,0.02338867933743082,0.018078904975713836,0.02095752647743798,0.018312795320663544
2019-08-02,0.005910962699392177,0.0063535582949872695,0.006089859786626937,0.006215310427305124,0.0060625805402973205
2019-08-05,-0.011687330642950642,0.00557547582246044,-0.0027702863821020786,0.0021040181681338485,-0.0018280766956667244
2019-08-06,0.01976959929675453,0.017083133430251737,0.018394826585603173,0.017404042231570056,0.017823268787890905
2019-08-07,0.009976167080895174,0.013391344158068806,0.011652575874904076,0.012494109371684253,0.011510077209041705
2019-08-08,0.008415968133499688,0.0023561515825024425,0.0052817184275987875,0.0035467018511367112,0.004880043829856622
2019-08-09,-0.004983595088219414,-0.004019504467528101,-0.004908676405670569,-0.004270818704173252,-0.004114585924489506
2019-08-12,-0.005982108446387436,0.006714642260966287,0.0011899470706722914,0.004348900709518105,0.0012338608686858253
2019-08-13,0.007925364532193313,-0.00015258221885766217,0.0038441328793756666,0.001494859635355093,0.0032717269995384502
2019-08-14,-0.021472905726496898,-0.005215066415835422,-0.013172051899358581,-0.008030148035919586,-0.011185912526660166
2019-08-15,-0.0011356003572688211,0.0018121754565315095,0.001038253336869204,0.0009185644409970792,-0.0005432105563086916
2019-08-16,0.0020470253653214103,-0.002901296428426441,-0.00037757015887401283,-0.0016391828825633682,-0.00024167097784503092
2019-08-19,-0.0005069906325543848,0.001065213691436755,0.0009801499965498318,0.0011109327879455016,0.000999459092875851
2019-08-20,0.0019682380393054905,0.0040319020920864465,0.003073753273687327,0.0034980356344307796,0.0027491024946643895
2019-08-21,0.011452172897417668,0.0036498488086730203,0.006910943418078544,0.004640792605541059,0.006174882776102783
2019-08-22,-0.00766666687290093,-0.0021218627143385345,-0.004360524868671802,-0.0026571274055739317,-0.003501235373345874
2019-08-23,-0.011854694115518403,0.003381763729450702,-0.0037186902684759066,0.0013319374667316209,-0.0015928213872574903
2019-08-26,0.0016505676899741298,0.0062688809738970855,0.0052737924411704286,0.005383877063375546,0.003851772210433309
2019-08-27,0.008141634850991777,0.009889046561770315,0.008797623329020256,0.00968897397904092,0.009443693442784985
2019-08-28,0.0069217650693709455,0.0031227763937877605,0.004899732473554631,0.003615204038056952,0.004297646418181421
2019-08-29,0.016287559169933907,0.008541922562790703,0.012011907956337558,0.00956612020770106,0.011093739575027507
2019-08-30,0.0009620708842938034,-0.004064728096734301,-0.002043542766719554,-0.0034903796455307695,-0.0025786135137483134
2019-09-03,-0.008619136591507016,0.0018916847862284823,-0.002940869872628262,0.0006759335213773751,-0.001037888590426988
2019-09-04,0.010176672696557795,0.003693950557708077,0.006461807105122613,0.004480634844624772,0.005598744309246747
2019-09-05,-0.0015991884205691256,-0.012229805207073244,-0.0073890685371002214,-0.010475259469939269,-0.008023683684617408
2019-09-06,0.0009365209712602404,-0.00500106875906822,-0.0024525356368184535,-0.004126096258604151,-0.0029201415224047295
2019-09-09,0.002419508319301677,0.0011561546071943757,0.0018360735739796675,0.0013940498975069187,0.0016149708475452376
2019-09-10,0.0018776914892109414,0.0007851864112692355,0.0016442771463458159,0.0006909399377261959,0.0005539188735044289
2019-09-11,-0.00028065664440482025,-0.002381742721366876,-0.0016849181853418888,-0.002118112563108339,-0.0015963481799561555
2019-09-12,0.004472365573414546,0.0023666319438885013,0.0030813739549521418,0.0027632676555178932,0.0033662378955764813
2019-09-13,-0.006673524918436844,-0.00493086319309169,-0.005477500380291487,-0.005035808107282788,-0.00525323050431468
2019-09-16,0.0057978014751867354,0.00821012594659947,0.0071427763249889845,0.007708325316719976,0.00699982773807987
2019-09-17,0.008734482289252906,0.00646607520163149,0.007499466493552108,0.0066111600006601625,0.0068397793409650685
2019-09-18,-0.003063309773211795,-0.003629209889023708,-0.0034460176043954126,-0.003466220279116545,-0.003175937553691517
2019-09-19,0.0027122843897099493,0.007975603553981189,0.005852310602765273,0.007382214543837093,0.006515812038261336
2019-09-20,0.008816352985869235,0.011010149632063102,0.010104947154471309,0.010584727826560891,0.009898379001370852
2019-09-23,-0.0005730887364643432,0.002829650732042547,0.001303942994852689,0.0026105991529042217,0.0021978837250787
2019-09-24,-0.0044932552759986005,-0.001600429040203185,-0.0028822288141364238,-0.001991518155985085,-0.002593500742871205
2019-09-25,0.0027987503420733428,-0.004214739434979749,-0.000931073065877659,-0.003493895685973025,-0.0024138837401287633
2019-09-26,-0.0009051952596176119,-0.0034442738957944892,-0.0029419776611030917,-0.002872771667136617,-0.00195421598916886
2019-09-27,-0.001575848928429464,-0.002397718245300435,-0.0019863616577811515,-0.002445769834926202,-0.0024570512637477537
2019-09-30,-0.003348037511756619,-0.006924226803674545,-0.005074344418983538,-0.006699311341978843,-0.006224319197860439
2019-10-01,-0.004756873796996712,-0.00028975884725457356,-0.0024041349446305236,-0.0007388889304514614,-0.00143384814904151
2019-10-02,-0.020455675123908983,-0.010835020347359054,-0.014944049372199468,-0.01205968924774454,-0.01390329868897981
2019-10-03,-0.0013114794186591112,-0.003299771493273866,-0.002788443084991503,-0.002916269620722865,-0.002235810102448332
2019-10-04,0.005122571651799924,-0.0006672134512468254,0.0017613263498550663,-9.695256310395041e-05,0.0008982900663781319
2019-10-07,-0.015264274019007948,-0.010255316797343818,-0.012168777589344669,-0.010687162121897369,-0.01139704557978328
2019-10-08,-0.002559360976603776,0.002244893028079382,-8.207843409753364e-06,0.0016587137324100393,0.0007476916397982832
2019-10-09,0.011199856546601663,0.007864154132751334,0.009392280921060002,0.008215462991992389,0.008705136383628657
2019-10-10,0.004891998548586255,0.0020163293726376042,0.0034718892343560165,0.0023378503311664166,0.0027966424235781567
2019-10-11,0.012652569576184372,0.004488363555513401,0.007892436491282628,0.005327471218106313,0.006709420774010673
2019-10-14,0.004843510716288272,0.006494137226289783,0.005704179842322102,0.006351551152240264,0.006136224778663027
2019-10-15,0.003087458259661974,0.0026749643423251463,0.003178851004813132,0.002814088928348363,0.0029332429081220337
2019-10-16,0.010167428941900208,0.009004312292906692,0.009514825506045677,0.008879877064899908,0.008774918213946005
2019-10-17,-0.005927100214092831,-0.004199203310432461,-0.005119413823992891,-0.004180794243962022,-0.004144795812463105
2019-10-18,-0.0017005479265940421,-0.0036698890609996697,-0.0026897211819630513,-0.0036497808620053257,-0.0036424207810645598
2019-10-21,0.006335918064009647,0.002145568786884548,0.0037339559586769757,0.0026877888358774003,0.003581302511480263
2019-10-22,0.0034950317668419415,-0.0022725375955886906,-0.00031679173183513044,-0.0015231078693371542,-0.00040935735488596925
2019-10-23,0.0025751888677946516,6.15603117380976e-05,0.0012670010129249556,0.00015181158852901883,0.00029709626223813957
2019-10-24,-0.01149357750704019,-0.00870808108209744,-0.010395490479819159,-0.008583584573935259,-0.008433879514681573
2019-10-25,0.005897419834296068,0.0038816340567798375,0.004960082305150711,0.0038816554357709206,0.003895088264965286
2019-10-28,-0.00048791552538069745,-0.006204308970495964,-0.004049383927876623,-0.005466983199071604,-0.004259859084393615
2019-10-29,-0.0030963106985703167,-0.0008770436215353815,-0.0016769010557809757,-0.0011293755574517663,-0.0015035861888878673
2019-10-30,0.011411634820583171,0.009846509501368715,0.010785742993921538,0.009744328036605875,0.00957552257869406
2019-10-31,-0.008358487214473869,-0.0019291750109894058,-0.004751574998446196,-0.0024381376209335576,-0.003291217590706195
2019-11-01,0.0038917413214547077,0.0007885902185825532,0.0019382495324286417,0.0012101460582350481,0.0018962294023984153
2019-11-04,0.004172609911488111,0.0034773498219262435,0.003746264758403067,0.003599623538706401,0.0038271068193352947
2019-11-05,-0.0008142275083270164,-0.006174874703417771,-0.0036472834350683445,-0.005842734791823866,-0.005247968126534804
2019-11-06,6.673448617878489e-06,0.0060773219457400185,0.0034939877231876535,0.005593586460163091,0.004831453780210423
2019-11-07,0.011527524066889297,0.0064154805234445025,0.008880037070139825,0.006725956161222069,0.007312293736461162
2019-11-08,-0.008550095308464463,-0.0014233294984618728,-0.004023945164970285,-0.0022097717864582736,-0.003356335466066035
2019-11-11,0.007518477024034499,0.003922750219978248,0.005617026385271015,0.004074084280747289,0.004309028719402891
2019-11-12,-0.005997096420477279,-2.184195107965857e-05,-0.0021884025119215983,-0.0007522020458529418,-0.0018646646199897846
2019-11-13,-0.003545668988314131,-8.234623381236973e-05,-0.0014812835190832865,-0.0004225746297226934,-0.0009651163177929921
2019-11-14,0.0041589922315874665,0.004752915105404813,0.004451183829570293,0.004725964822302816,0.004665269551147699
2019-11-18,-0.0007057552138600482,0.0010782564722454505,0.00033441048110171813,0.000859535286542862,0.0006721466682967024
2019-11-19,0.0010621948222238626,0.0030760771662374105,0.002391793117834936,0.0026714383751417266,0.0021789731364171877
2019-11-21,0.007306718988362342,0.0008964579461816958,0.00351387845753561,0.0016567248924838215,0.0026165149975095415
2019-11-22,0.0037827721074674523,0.00019859353518743089,0.0015057597295214775,0.0007781782593872474,0.0015498955260825518
2019-11-25,0.001112858414128199,0.00288092542777519,0.0022361169503185537,0.002531989414752427,0.0022633807571068422
2019-11-26,0.00010124306402102221,0.0063258544754397055,0.004057129506978988,0.005314004663725684,0.004012787373622579
2019-11-27,0.003027084315276848,0.0012494120670478372,0.001916457201725367,0.001524190084664068,0.0019562969729622604
2019-11-29,0.0007811169987730873,-0.00032786219591130866,-1.7724875223122297e-05,-1.855824026975305e-05,0.0002482577189185797
2019-12-02,0.003945593941858557,0.0002770077096522951,0.0018817832171174353,0.0006597951209698705,0.0010216592945023395
2019-12-03,-0.002792348708891896,-0.0011861243345802099,-0.002102696046974277,-0.0010768254082036998,-0.0011266944005012705
2019-12-04,0.007177242448224152,0.0034149139833765728,0.004909601831700099,0.0039284548153315415,0.004623432764984396
2019-12-05,0.0065160937829927,0.005042473482754646,0.005930894933499922,0.004941108093850757,0.004817294158557812
2019-12-06,-0.0003991659948029599,-0.007016241384311304,-0.004130688367156746,-0.006514975214360837,-0.005610432832268031
2019-12-09,-0.005786477607798338,-0.005859673691839844,-0.006063401163632758,-0.005605986311816449,-0.005324059047540362
2019-12-10,-0.0026872604723490777,-0.0010769867797870405,-0.0018357445039187616,-0.0011581315674453266,-0.0013061965516991479
2019-12-11,0.0013373303006452293,0.00011383769287185465,0.0006226537866187763,0.00027563720601588015,0.000419674105412605
2019-12-12,0.00846221727099078,0.0027732170354146787,0.005329832221912196,0.003181297982983086,0.003842478228828391
2019-12-13,-0.00047656756408474734,0.0006870255405987707,-4.728199135286115e-05,0.0007707128171313255,0.0008731624130732176
2019-12-16,-0.001312246687755911,-0.002919532867052973,-0.0019019675934587625,-0.0031324654192688766,-0.0032954337536630807
2019-12-17,0.0008245692157917347,9.692781656014767e-05,0.00013761393698785487,0.00045312400477256603,0.0008928943356126251
2019-12-18,0.006801242155869092,0.002388653638655571,0.004049176468580256,0.0030464462380565592,0.003884242986814412
2019-12-19,0.006975222063510847,0.00582314749237065,0.006354865388909471,0.005861704424404584,0.005936471732680646
2019-12-20,0.0018241335359730757,0.0037994388857484976,0.002963922674219121,0.003552571602267081,0.0033199585527915287
2019-12-23,0.005194567134046399,0.00351920605424715,0.004239995152881388,0.003694665550253093,0.0038738422247070947
2019-12-26,0.010084899855257866,0.008917935523075305,0.009470931462042035,0.009198020366442803,0.009323094438575716
2019-12-27,-0.005004017881176787,-0.003146820846597493,-0.003959466325123287,-0.0033042844983297457,-0.0034824304062640197
2019-12-30,-0.007532654049366476,-0.007038524803411338,-0.0071904180668018545,-0.0069945804736883865,-0.007070094445507256
2020-01-02,0.01787020956551564,0.013415539332728365,0.01508716542475406,0.013948551995533675,0.014634357718128672
2020-01-03,0.0007950081361810373,0.00646466686383955,0.004415625690553831,0.006047520354394495,0.005179549986832702
2020-01-06,-0.00254690194866455,0.003717521162266178,0.0010433088334477164,0.0032981325704689152,0.002669227356441499
2020-01-07,0.0035974927094342118,0.005183733557124082,0.004792136642822731,0.004939385624887884,0.004521820468895723
2020-01-08,-0.005189782807939835,-0.005903134245655459,-0.005744585729494204,-0.005963779845002346,-0.005805167086532256
2020-01-09,-0.0014801296633794984,-0.0006477961625565667,-0.001019428756350184,-0.0009558154340518476,-0.0010884861544941228
2020-01-10,-0.0026670841808023884,0.0005686509474961345,-0.0008237044210903929,0.00045697460973327946,0.000167961067070534
2020-01-13,0.016184768838999466,0.012838784334297573,0.01436314742938772,0.012783011293458345,0.012973196893077393
2020-01-14,0.002883338885672689,0.002066292825328847,0.0025143981985814605,0.002054508982626326,0.00204350136526434
2020-01-15,-0.004540126994822931,0.0026060462913969846,-0.0004209262946002558,0.002029925131590148,0.0012697182106305481
2020-01-16,0.0043431850421571765,0.0037467970241222273,0.00409205869775456,0.0035323204116752423,0.0034578800220580555
2020-01-17,0.012608465953334305,0.008415618140375745,0.010219933934559371,0.008757608247647037,0.009181227733475896
2020-01-21,-0.00737032845464688,-0.0012104431015801606,-0.00378909295610087,-0.0017448701735481118,-0.002432246116137588
2020-01-22,0.006618887031089178,0.0019823155983415383,0.003882011487877551,0.002460690915705927,0.003030085552434054
2020-01-23,0.0037680530354574832,0.0008547546950262057,0.0018715689072892135,0.0013277423842466992,0.0018662885110299462
2020-01-24,-0.005405864268796026,-0.0017453103144847014,-0.0029536186982321443,-0.001442187656699305,-0.0017036941947116834
2020-01-27,-0.016909106020267583,-0.004942404956086794,-0.009403003368268067,-0.006053967962080374,-0.0076358710657022455
2020-01-28,0.009878030563519838,0.002774041217022067,0.0053940065124466864,0.0027731632546809624,0.0034135377587270056
2020-01-29,-0.007143400276814409,-0.0017257701000754182,-0.004099879799969489,-0.001991830429033654,-0.002410619619508638
2020-01-30,0.00790104269179716,0.010316570404828595,0.009397305673777707,0.009353760372817776,0.008667843779176098
2020-01-31,-0.011179616312415205,-0.005617920263580098,-0.0075331602886692705,-0.004931763372479562,-0.005160370885748813
2020-02-03,0.0028722612861921005,-0.0015990089661480763,-1.636750268025757e-05,-0.001921616223195379,-0.0016035826057887487
2020-02-04,0.003563615231918785,0.0009903018982900024,0.0013173909505352936,-0.000391518166056202,-0.0004825750807003754
2020-02-05,0.006420461020205733,0.006798052695266464,0.006478501537968521,0.0058648082540889756,0.005469844319571438
2020-02-06,-0.004331879494164856,0.0017192133689963778,-0.0010327391124416885,0.0010931691466364067,0.0005117392460296945
2020-02-07,-0.0006239844983926984,0.005910581071070629,0.0035060613360333405,0.004823656069321507,0.0036952133157833237
2020-02-10,-0.002267431525739304,0.002711401543390032,0.0005781800767701484,0.001198701245458616,0.0001657098581710925
2020-02-11,0.013041458938630825,0.005247410909422233,0.008352591852225894,0.006668478316288852,0.007938186756999721
2020-02-12,0.009422581230282962,0.00864880299437403,0.008748294236871615,0.00829043165603146,0.008302401523710281
2020-02-13,-0.004302775386756756,-0.0002635275178418446,-0.0018528587572957111,-0.0006071995022161149,-0.0010797068139538895
2020-02-14,-0.00550901259077935,-0.004700516115090175,-0.004749983228458037,-0.005080672930323527,-0.005477621509751309
2020-02-18,0.005992034277406021,0.010560041112156552,0.008753105707001682,0.011159193824194058,0.011097556809996698
2020-02-19,0.013765995510319444,0.011805590493518408,0.012816263092030548,0.012076059580449607,0.012219832059235474
2020-02-20,-0.009711102990087397,-0.0021132582267191073,-0.005276158797227703,-0.0029395177256507435,-0.0038247579935970343
2020-02-21,-0.003601725002229282,0.0005488856566532028,-0.0006492704806827512,0.0013924175574263412,0.0012697634243833528
2020-02-26,-0.05399917142883957,-0.03854772641609581,-0.043606082772957085,-0.037398446726183976,-0.03856157605082415
2020-02-27,-0.021467710049676417,-0.013980422730920549,-0.016264172091444748,-0.012084690849185157,-0.012661478892597272
2020-02-28,0.0023542011754925565,-0.010753295675651565,-0.005503093450029798,-0.01060464049630551,-0.009136811111387245
2020-03-02,0.023434083265356186,0.02060962467830777,0.02105236510032511,0.018247916888811347,0.018136619491193648
2020-03-03,-0.009428701980632241,0.0008544551829152591,-0.0027120381951438307,0.0036251840837901238,0.003182049526261323
2020-03-04,0.021296496162360172,0.023492340833021434,0.021619685348460836,0.019894995128294884,0.018983446388991035
2020-03-05,-0.02044118130178109,0.0018136136785911617,-0.00644037417136713,0.00019838531799050183,-0.0032191997608904542
2020-03-06,-0.026141495126884944,-0.012139137486092253,-0.017876296565108404,-0.014531548393885098,-0.01682314674960897
2020-03-09,-0.08981026342420016,-0.043798850240365235,-0.06267003421679332,-0.04792941130751372,-0.05409861277244882
2020-03-10,0.04459801548745404,0.013549300946467457,0.02600679406389416,0.014973848780026135,0.018815763699693545
2020-03-11,-0.06252743600532323,-0.037002737166175054,-0.047768138243516486,-0.0387322144813613,-0.04175496984700208
2020-03-12,-0.10283382974138046,-0.057948325051840374,-0.07586817588144187,-0.06514611477401874,-0.07265404776516443
2020-03-13,0.07778727290619254,0.023416835526581938,0.045015532703971246,0.028002318919686395,0.03562948898737801
2020-03-16,-0.11212316595534033,-0.04741409685774811,-0.0753398315819642,-0.05150287727619171,-0.05867669334620308
2020-03-17,0.06879297419044925,0.04927089243716826,0.05939455016249243,0.04627682946004158,0.04579765742823213
2020-03-18,-0.08471473565854896,-0.044362979859835956,-0.06262268279381751,-0.04932331175240869,-0.05413340973725039
2020-03-19,0.016097530006366257,0.002655530790039788,0.008616278361216792,0.0029840439231745997,0.004191486193142395
2020-03-20,-0.026394121122724528,-0.029161756413529236,-0.02660955694297138,-0.024080262820945157,-0.022846398396035576
2020-03-23,-0.025560086990093666,0.004947799424711817,-0.007085237692449484,0.0032494715868859143,-0.0007798474482612521
2020-03-24,0.08663222482872979,0.07014889485026911,0.07715920302655582,0.07052534449814735,0.07214785976431813
2020-03-25,0.043469314292434474,0.01746449479229109,0.028258755413831604,0.02158026727302768,0.025643748296516385
2020-03-26,0.028691984919544188,0.0219270345183683,0.02374335922268914,0.0202942200558147,0.021008899798311456
2020-03-27,-0.03602193062593952,-0.001748407891913809,-0.01544637386890793,-0.008873250586880193,-0.018400242523564384
2020-03-30,0.02105134676577708,0.020273342533077197,0.01991074306410832,0.01703680579790766,0.01717439332769379
2020-03-31,-0.01715694468523905,-0.02040829489214385,-0.019347854760088302,-0.022102445355136238,-0.021721133630068324
2020-04-01,-0.022367028082222774,-0.002313977668102961,-0.009201901252543374,-0.0016884690637881544,-0.00753630139601156
2020-04-02,0.022144226251622417,0.021925463090405425,0.02197444539913672,0.020678790330198902,0.020252346394832272
2020-04-03,-0.024674898454361265,-0.0009938184282747384,-0.010377639851346257,-0.005578996806128649,-0.012189542954402388
2020-04-06,0.05263156759442727,0.03321675827788363,0.04021454901688311,0.03496352395201685,0.04097986940574201
2020-04-07,0.017289403768836826,-0.00205365143898561,0.0058304072906610336,0.003035189904451847,0.008580489233082652
2020-04-08,0.024759370032170963,0.005089266775159344,0.012306479604395992,0.005448448368915302,0.010647577790779548
2020-04-09,-0.01246928709498127,-0.0046618154912023745,-0.007805758179902461,-0.005031639127856087,-0.006608752439717546
2020-04-13,0.018187315066513228,0.027880310818505002,0.024553414918500445,0.028000596251495848,0.0250827753461377
2020-04-14,0.015690527621399365,0.01396050856598036,0.014125904191056655,0.011899605663035358,0.01241940004266948
2020-04-15,-0.007470171392048199,0.00140775297727393,-0.0017659753233956084,0.00031160236227379626,-0.002624520138757851
2020-04-16,-0.011035309725362676,-0.004940589128310011,-0.007750685840609025,-0.007012268653969141,-0.008289587501760077
2020-04-17,0.014292007146460341,-0.0005301396759220105,0.004522974908293111,-0.0019380596096276236,0.0020687391007747895
2020-04-20,-0.002057470568396108,0.004485370945910959,0.002328734597379509,0.0057356304631899216,0.00407065085839434
2020-04-22,0.020904423151358785,0.02512879489485337,0.02393480438917223,0.026383026419780672,0.025090501269431787
2020-04-23,-0.0038342113304511687,0.013650833110423153,0.006512441672046036,0.010209971491590128,0.005766462953135204
2020-04-24,-0.01465910706671283,0.02191654346354207,0.006666667382001542,0.006925373604542437,-0.005183466887244838
2020-04-27,0.023676049825061964,0.003110604763040232,0.011015535365940979,0.007271663782996279,0.01362891311225181
2020-04-28,0.019060445016644664,-0.00738617458201798,0.0036231698417052735,0.0006310385142863371,0.00819086323001058
2020-04-29,0.011275793616579294,-0.008256178267818968,-0.000608939381564554,-0.004719953435194467,0.0010851813670587965
2020-04-30,-0.02896097479561005,-0.019558437909622806,-0.023727804323208812,-0.022354765519268033,-0.024335931381249076
2020-05-04,-0.001065471269145583,0.020823324570169506,0.01283732013679427,0.01659166030337065,0.008661118403840215
2020-05-05,-0.0009239308865349807,-0.0010451086977675845,-0.0015428946239065707,-2.97217491679165e-05,0.0015491332756228954
2020-05-06,0.003930667109252031,0.00902891446957383,0.007091894613355556,0.006419818505414125,0.004310185749321219
2020-05-07,0.012016735206364723,0.03391928642670904,0.025471324233236232,0.0270489962085967,0.019475112120998804
2020-05-08,0.01424619557903381,-0.005910174452858741,0.0019113803223776715,-0.0023066259138511216,0.0038133662863495833
2020-05-11,-0.010584495551238566,-0.0023318660548933977,-0.005912854121930603,-0.004784235242644163,-0.006686272679679293
2020-05-12,-0.01686784687201757,-0.0073914943073618115,-0.011176476869693912,-0.006956147963869816,-0.008994225100529427
2020-05-13,0.010523858492927552,0.02078071695009668,0.017400392715550033,0.019363484764429704,0.01499650622844472
2020-05-14,0.019514361898488285,0.015512221466318874,0.017419752459088167,0.015354837322244436,0.015508000524581733
2020-05-15,-0.02054295007616634,-0.014900134263844766,-0.017484563075251158,-0.015455399027493004,-0.016136637013000717
2020-05-18,0.027093613184821397,-0.0028942690870134543,0.008642137485226435,0.002274122411948257,0.011583703152226097
2020-05-19,-0.0062456235855117455,0.0009418054447139548,-0.0018926552685712193,0.0014807979825663027,-6.0676244438209636e-05
2020-05-20,0.007358896956571533,0.002404388439276745,0.004310902546964206,0.0021290945819732875,0.0033468608736956333
2020-05-21,0.0020819655464005987,-0.020665003306423218,-0.01167408493936048,-0.01473282176603913,-0.007690719058909579
2020-05-22,-0.005965261406049324,-0.0008619853770329606,-0.002821194924775963,-0.0020608381838837756,-0.0037378092714250434
2020-05-26,0.018786424088723497,-0.015736089582369935,-0.0020183074075619863,-0.00889848301331169,0.0010345498960222565
2020-05-27,0.015697665495147235,-0.0019158675703043041,0.004969674229803527,0.0019933743899547417,0.007441520845333325
2020-05-28,-0.005969174436291636,0.006088569495073764,0.001114541981447135,0.00370748305004056,0.0006668292668002945
2020-05-29,0.015811917072118018,0.019444962087744228,0.018453326068590112,0.0173579633702208,0.01487693106064681
2020-06-01,0.0027331505979690833,-0.0026225913709010313,-0.0009899922513284445,0.00016051896195507618,0.0029406523573146065
2020-06-02,0.010823902383188646,-0.012373062636417766,-0.003332097754597492,-0.007206512748223686,-0.00027445354394292534
2020-06-03,-0.007888583600817503,-0.036726533045207024,-0.026223744373372666,-0.02989178586114127,-0.01937471459155371
2020-06-04,0.011053107515771718,0.016164733330595114,0.014162473272763971,0.016157823055694527,0.014682716325236891
2020-06-05,-0.002926782191657326,-0.026486298713325113,-0.01728987207469868,-0.024584682287620105,-0.0175783865146457
2020-06-08,0.022877759748697286,0.008325953577152595,0.014167646725650667,0.012061530382788807,0.016008603008775095
2020-06-09,-0.009468189945193954,-0.0016921839757242244,-0.004956885129188299,-0.0015722256102128226,-0.0033188540202251236
2020-06-10,-0.015582278445960466,0.0006814878540833136,-0.005902922044177602,-0.0013417612863385199,-0.005592872564089788
2020-06-12,-0.009947127129702851,0.007674517162861604,0.0009751364036469477,0.006602118864772972,0.0009042110803282407
2020-06-15,0.014154246957136131,0.022844730712910953,0.020103588007680036,0.017549905685356325,0.013322628032025325
2020-06-16,0.0006194222660689062,-0.0036173554756628373,-0.0027159136538395315,-0.00261344040161855,0.0005718601984895951
2020-06-17,0.02498608442586855,0.023438695151349265,0.024423460973494193,0.023587834549654865,0.02307316196525776
2020-06-18,0.010589416304910216,0.014608722599950528,0.0130909078521815,0.013106184802771079,0.01180461860399647
2020-06-19,0.004880962230874957,0.00678557856864678,0.006131821176697348,0.007794040833718847,0.006991285056448805
2020-06-22,-0.016963721047292754,-0.016171401982932463,-0.016783697754702637,-0.015651172388021738,-0.015118368917441557
2020-06-23,0.005343441487418914,-0.0003923402997351088,0.0020581133347027927,0.0012314407333385785,0.0024430560021832743
2020-06-24,-0.014254809757996999,0.0010198260147476618,-0.005338199042453747,-1.618346356728379e-05,-0.0035476354534278174
2020-06-25,0.02274964886772163,0.01771594116393551,0.020203725124861557,0.016679035356342815,0.01685082173760334
2020-06-26,-0.008160799357946105,0.013626280349127896,0.005222392398132291,0.010157352532775124,0.0034382411599211396
2020-06-29,0.014187637227630454,0.0040044201453837665,0.007960012963007983,0.005536748782964338,0.0086401035234502
2020-06-30,0.0028101342107136108,0.008255873726203303,0.0064422638352578596,0.004948069899730035,0.0024968283889381104
2020-07-01,-0.0006632169303084274,-0.014438670747445382,-0.00923468654036491,-0.011120404840592351,-0.006699669169855522
2020-07-02,-0.006853099973459274,-0.0066078668970708035,-0.007272185371308796,-0.005687329883227185,-0.004461250786534545
2020-07-06,0.01852400736781354,0.00852391427187177,0.012270648362057619,0.010965921153819988,0.014294219330706804
2020-07-07,-0.007427529412780642,0.0027364859004523467,-0.0014346271160466182,0.0018996339594866442,-0.0008092876400519591
2020-07-08,0.019374041121386253,0.012256709519994594,0.015327079702192065,0.013658844622912298,0.015090591468754081
2020-07-09,-0.011376777377376291,-0.011213951997100007,-0.01166420003274583,-0.010066064462400983,-0.009343713226391263
2020-07-10,0.01267464111952218,0.008798711638308815,0.010760548387188892,0.007663120733357836,0.008055241874715943
2020-07-13,-0.011656749365259518,-0.003170079454215174,-0.006796063352588676,-0.003989133357912274,-0.00588823142061042
2020-07-14,0.024845351007903548,0.020459190272193978,0.022906435868860875,0.019307247123751592,0.019153222579265904
2020-07-15,2.4232664272450642e-05,-0.006204105697585804,-0.004412894035607344,-0.003752215474999905,-0.0005048330888546674
2020-07-16,-0.007683258018998983,-0.008336457537701085,-0.0076900922228242095,-0.009765764077354433,-0.010343311533912028
2020-07-17,0.01358788621690966,0.010203201214920746,0.011030792767027902,0.012926871512198856,0.014836992909783901
2020-07-20,0.014061225903845512,0.009406770826536005,0.011438865981138968,0.009934064962939656,0.010815577640890207
2020-07-21,-0.0086601551831984,-0.012009828792727929,-0.011073109439420083,-0.009054828736241357,-0.0074769528376034886
2020-07-22,-0.004467427249852151,-0.007169164101410364,-0.006282406672714851,-0.004920383887751493,-0.003948425117439557
2020-07-23,-0.010179968437211475,0.0068437789239585945,-3.701434782627626e-05,0.004437311784234925,-0.00020275542266529
2020-07-24,0.007242132102508097,0.011762671125211474,0.010243085546940901,0.01142687880160984,0.009370902889002776
2020-07-27,0.01661597702066216,0.014134954228869383,0.014987051363375116,0.016477172765690207,0.017212442542975583
2020-07-28,-0.0036897035450076288,0.00150172845594331,-0.0007730860512680565,0.0019982739083278574,0.0007832009194371999
2020-07-29,0.007730205667989308,0.0042722414983055595,0.0052991804234849855,0.005613107248774642,0.007384230374968482
2020-07-30,-0.0002765684820151793,-9.732701784647492e-05,0.00026638898754990323,-0.0016777512920435394,-0.002645813792008737
2020-07-31,-0.008116147737129592,0.004205108401458876,-0.0002087462531494539,-0.0001442768808432244,-0.004409261826937651
2020-08-03,0.009369038949296426,0.016470211470159972,0.014144984928617089,0.013138068605113963,0.010550589671980271
2020-08-04,-0.0009187550854169173,0.013144673462338032,0.008031555753602754,0.009817908142900013,0.004616072927430098
2020-08-05,0.005600347036135747,0.0024505942736783594,0.002999478158787389,0.005107705053658506,0.007289428463417263
2020-08-06,0.017387045225701933,0.0216854342424483,0.0201227359290351,0.02076223882222143,0.01912088912092839
2020-08-07,-0.004585370964541295,-0.0020678567302693115,-0.0023645947813601734,-0.005712757735211453,-0.007252096804507129
2020-08-10,-0.0011238853494744665,-0.004158859980748677,-0.0034017813345106765,-0.002897269587627954,-0.0009453094997813849
2020-08-11,-0.015012146309372712,-0.03357724972694468,-0.025261271868290726,-0.034688967441522486,-0.030262970057498596
2020-08-12,0.003763108311863501,0.002593511022589361,0.0035407599518102197,0.0003929122171616989,0.0003897285281795526
2020-08-13,-0.011061285558683728,-0.00024889545609889515,-0.004761303103371467,-0.0005319207868953009,-0.0037375802705560085
2020-08-14,0.002992128458091269,0.00020579919852473758,0.0010059362499901538,0.001213096983891451,0.0027029996077048255
2020-08-17,-0.0006208111083565325,0.01835445756863361,0.01119671346453333,0.014084211665677231,0.007813679242511057
2020-08-18,0.019535567440347484,0.01422460460007029,0.01611028418401027,0.016721099117054185,0.01832067678357932
2020-08-19,-0.014857494219132765,-0.019995643766942503,-0.01777934917401491,-0.0213526329129193,-0.019411952436931668
2020-08-20,0.022215330673733984,0.027846842648137513,0.02661848001107943,0.024529094329976867,0.02087659617026465
2020-08-21,-0.007393575307201835,-0.010416860947872718,-0.009617514611929254,-0.009778583374313575,-0.007789053072902071
2020-08-24,0.0045653871141172475,-0.0018160465546245698,0.0008722929930617104,-0.0018102626777544528,4.6543598712637564e-05
2020-08-25,0.002282075087636296,0.0013113620821765368,0.0020878509794913405,0.0005152095309657842,2.327261989709687e-05
2020-08-26,-0.010774549676732461,0.0006452302284488303,-0.004085201347432752,-0.0018268816493213662,-0.0044143517502376215
2020-08-27,0.0024768815986688807,-0.003199979569992597,-0.00040707292136279007,-0.004003926938968504,-0.003172834362703502
2020-08-28,0.005859499807091543,-0.0021264580951618696,0.0006058331764180679,0.0018180160249147532,0.004378577287236363
2020-08-31,-0.018134698442260896,-0.0056272458205254595,-0.010544197337933115,-0.008812497505351914,-0.01247621538803
2020-09-01,0.010686269759098591,-0.00440583365477302,0.0010864719383439675,0.00026562259233498263,0.005590710103201389
2020-09-02,-0.0005085025379038694,-0.006734917808723623,-0.003556193519741079,-0.008727419920591737,-0.007573592800453619
2020-09-03,-0.020847255499772965,-0.02193208197159685,-0.022356471838698693,-0.01771555549611908,-0.01663859769263749
2020-09-04,-0.0010600107503140168,-0.0013648426623175992,-0.0017984169678067203,0.000753881407063005,0.001572577918724067
2020-09-08,-0.006949568695586668,0.0038856177940297374,-0.000771032101337905,0.00354574404551478,0.00044262935912695446
2020-09-09,0.009058310751490849,0.002273103727601091,0.0051356173061577,0.0030551622038073175,0.004873342026013559
2020-09-10,-0.021744596471952385,-0.011912549490184866,-0.01619763361928943,-0.01282194604583138,-0.015209021102096786
2020-09-11,-0.003301682973838805,-0.0021976660873755352,-0.002604131265836377,-0.002492968353094905,-0.002770959149146137
2020-09-14,0.019934237015092414,0.013354474661339655,0.016394920408376486,0.013936896252260586,0.01503580151025238
2020-09-15,-0.003290898440400282,-0.004361594326944019,-0.0040994706906292,-0.004323625022709175,-0.003464053558722225
2020-09-16,-0.004701203809592816,-0.003219819144133708,-0.003803506776836081,-0.0031575591909694667,-0.0038199745544713775
2020-09-17,0.0012223793881184115,-0.002579213926534093,-0.001137533795840869,-0.0010782939550934686,-2.8985647335445648e-05
2020-09-18,-0.015281835241761755,-0.001154848444565842,-0.0073860231240931995,-0.002731098303912113,-0.0056632718830070304
2020-09-21,0.0025770245368984483,0.004238649546710854,0.004820010533557384,0.00040663163579455076,-0.0022327136903488947
2020-09-22,-0.0008323394281984719,-0.0023094043790931828,-0.0018538146299408194,-0.002777030912176182,-0.0015921751591626036
2020-09-23,-0.011422727499860601,-0.007089971111575363,-0.008714295415046265,-0.008229099778067555,-0.009560097648334561
2020-09-24,0.016193206447565726,0.011402157167070723,0.013785839302288602,0.01179996201808326,0.012067042676353503
2020-09-25,0.0008455033967337344,-0.0002109875828676438,0.0004710137672320868,-0.001925289769032505,-0.00150485876904501
2020-09-28,-0.01064700256234967,0.004738693790012231,-0.0010643050451676606,-0.0006895276324196919,-0.005163789090504974
2020-09-29,0.0008812916731949474,0.01032909385838441,0.006964457631774046,0.007934250770531517,0.004150053143692183
2020-09-30,0.0070082531520974465,-0.0016506778741937913,0.0021098271320886554,-0.0007555204549293519,0.0015699047168365571
2020-10-01,0.007192647378696798,0.009140498913449958,0.008061561156390961,0.00936956714877468,0.00934444708831958
2020-10-02,-0.011843656428780582,-0.0054029208693865335,-0.008108752932035342,-0.00633653642543363,-0.00818197585408091
2020-10-05,0.020583764262368402,0.008706071977417955,0.014069399776382802,0.009916304724556303,0.012433605023005175
2020-10-06,-0.022146486811999485,-0.024974773200046752,-0.02514479075872869,-0.02171289125036849,-0.018568282550967544
2020-10-07,0.011454761769780804,0.012312910442667158,0.013236054027881701,0.008787611499284373,0.006975949452778348
2020-10-08,0.020194783468840013,0.012129666967021361,0.015417515160054612,0.013783443034099141,0.01601300223358919
2020-10-09,-0.003327526817824336,0.00047148582642706914,-0.001293090297100341,0.0004984987503220844,-0.00043648438951308526
2020-10-13,0.00812128184791714,-0.0016857389575761041,0.002948141263868653,-0.002017216468024773,0.0005412645302993826
2020-10-14,0.0013672400099575118,0.0009688428845365048,0.00040561254020736215,0.0029449056402451974,0.004003629250725439
2020-10-15,0.0030914920093349997,0.007948993545357781,0.006200362751950199,0.006598354189103968,0.004710351871899615
2020-10-16,-0.0051124471333467425,-0.0035182218908564713,-0.003973095785938985,-0.004426866960477707,-0.0050577860261217765
2020-10-19,-0.0020792705172395388,-0.003123283594160832,-0.0034024555833711665,-0.0006775072765027745,0.00018022955127262392
2020-10-20,0.010833768891230564,0.005897083417290145,0.00739829067881017,0.008119738587454479,0.010302987505142726
2020-10-21,0.002403344553781863,0.006729602162111519,0.004862891637455312,0.006327657135829309,0.004974782419809029
2020-10-22,0.006061370559405699,-0.00450313626251524,-0.00015284483149885546,-0.0029052323451531697,0.0003327274393391524
2020-10-23,-0.0013487742900099033,0.001963338237401519,0.0009958815714439376,0.00020188885304015485,-0.0011382978426576866
2020-10-26,-0.0021865164526338895,-0.00035774741683981614,-0.0014494449025737215,0.0007867614559320271,9.245212708226894e-05
2020-10-27,-0.009909235285553639,-0.00030071811449876464,-0.004331178479283156,-0.0020326929021034345,-0.004437919024328567
2020-10-28,-0.02991496643935026,-0.0145936187688271,-0.020612406711006,-0.017656046069702672,-0.022736260113579394
2020-10-29,0.014054203425502707,0.00810223263527888,0.011078385187766533,0.007776090253606151,0.008882399393247128
2020-10-30,-0.018125285666037314,-0.006622576437472879,-0.011241091920577354,-0.008804721308703726,-0.012659758435930174
2020-11-03,0.013922858219475158,0.007845341006371114,0.010177244168912952,0.009098101742783655,0.011740549940513507
2020-11-04,0.018870729262138338,0.00749775920958896,0.013018109547027451,0.00767356740108217,0.010126114425562304
2020-11-05,0.01616903438354643,0.006981975408312968,0.009859902936458755,0.010617049009937133,0.014236015339484074
2020-11-06,0.003116990053327305,-0.0028912708470607033,-0.00012583668947225193,-0.00217818861402827,-0.001528163306020909
2020-11-09,-0.019968168226550148,-0.05479073765673018,-0.04185405413879135,-0.04688897959703016,-0.03246776060124989
2020-11-10,0.018309372554459333,0.018039308040186483,0.018320842519803957,0.017978182406676164,0.017411067400131187
2020-11-11,0.0037639017862906576,0.0018575488074009765,0.0034882189327803802,0.0004446056791006877,4.083137248019656e-05
2020-11-12,-0.015500869148084104,-0.0020512952913970687,-0.007795281229885749,-0.004015977033653401,-0.0077214218582243475
2020-11-13,0.024571591976129858,0.021477596849377913,0.0233205297943761,0.020807580878672044,0.020819616541881567
2020-11-16,0.006602418630960787,-0.0033764913623310373,0.0005226654803174877,-0.001323245514731196,0.00216674699883336
2020-11-17,0.00399579440042783,-0.0040149900662690766,-0.0008142619385061702,-0.002151400358943308,-0.0002753781905324384
2020-11-18,-0.023261823823715375,-0.021861676170927914,-0.023730644667918892,-0.019619299547418395,-0.017827612515725462
2020-11-19,0.010319693434894315,0.006061721791314429,0.008541884530682803,0.005435819535690606,0.005375628760951051
2020-11-20,-0.005629920788024713,0.0021424471714888765,-0.0015266440167914933,0.0017087672264025774,0.0002248555461240948
2020-11-23,0.007283154791298061,-0.00420136934921188,0.001025682720726726,-0.003442654416057995,-6.458037472346539e-05
2020-11-24,0.018240883239746306,0.0005803344214400577,0.00879044850650756,0.0016521492290347982,0.0059348684434429935
2020-11-25,-0.0024866476256079806,-0.006785372696840997,-0.005408869992007039,-0.005115956668248029,-0.00342655118982694
2020-11-27,0.004321774825633084,-0.0011942174028862123,0.0016078406612986716,-0.0014533520479492288,-0.00040554721205394447
2020-11-30,-0.015007665900039949,-0.011228767939012296,-0.012809987657795481,-0.012058954362068188,-0.01272599629190615
2020-12-01,0.019319082986135428,0.013220309961518288,0.015337897964411514,0.015608378865833375,0.01715144668367324
2020-12-02,-0.0021740323639150767,-0.0008956228512972068,-0.0022258622334522696,0.0004177964688150052,0.001236476922747158
2020-12-03,-0.0012755215720088588,-0.0030158407642911452,-0.0028881590179721814,-0.0014851404204358084,-0.0006241824301928999
2020-12-04,0.011203234903401164,0.0038937833123839096,0.0073389373097742195,0.004467153829432256,0.006104823623008466
2020-12-07,-0.005925972419335081,-0.0009135877247864796,-0.0040610324608920945,0.00031301731701315587,1.002633682776521e-06
2020-12-08,0.001221493477923462,0.0015403524845072878,0.001338959685333815,0.0015873502614638674,0.0015945052991977618
2020-12-09,-0.00933295847904348,-0.011013274592294002,-0.010200247771257016,-0.011126794426837,-0.010442429478601615
2020-12-10,0.013688978707535908,0.0005943375822039909,0.0060505377235184205,0.0033031790826456102,0.006229286934038578
2020-12-11,-0.0033660839250377384,-0.0013513312810655535,-0.0026074953809773677,-0.0010517810928702975,-0.0009806658732472353
2020-12-14,-0.00858836371203232,-0.006719928137372529,-0.007889714767033628,-0.006451482251163897,-0.006079860825182353
2020-12-15,0.019759352592291824,0.01919868095140525,0.019998016819454057,0.018365639870381305,0.01745156525315419
2020-12-16,0.011030837315969945,0.00904641220742184,0.009491088527774905,0.010244028873352547,0.01109905610276787
2020-12-17,0.0017647049427603693,0.0020690734401327647,0.0015435794236483692,0.0028029640539874983,0.003113374856644677
2020-12-18,0.0011161747309998175,0.002990376666879178,0.002446105687734469,0.0022935736975686176,0.0013349082493121533
2020-12-21,-0.007876768710078294,0.00045754693598324027,-0.002319362765475406,-0.0024571872932284944,-0.005508745000603185
2020-12-22,-0.00030335299398394464,-0.004431111254558346,-0.003050221689983342,-0.003131859864710983,-0.0012144252964323085
2020-12-23,0.008857887537361638,0.010724454650012087,0.009627700621370305,0.01101266791503284,0.010787321568353062
2020-12-28,0.014565778491305565,0.012577848329242188,0.014138560827351333,0.011402174445833697,0.011325981229468847
2020-12-29,-0.001592853240330174,-0.0033615929906096968,-0.0030836029253626463,-0.002069320086663107,-0.0012479020706236666
2020-12-30,0.00036314299729884973,0.0042961874768900465,0.0026699694056962434,0.0036263890268052536,0.0023495588795691804
2021-01-04,-0.003081263688510688,0.010785040509674087,0.0032503103039935722,0.012191289260349193,0.010227981794885401
2021-01-05,0.024221855722365786,0.026396898665088327,0.02721492407889863,0.023058438400081187,0.01986673953118759
2021-01-06,-0.0039427161564843495,-0.011127972460769558,-0.007396257926885376,-0.010952175423084015,-0.00897320926618129
2021-01-07,0.020498631578780173,0.011752227091512657,0.015505253535720414,0.013604950183096372,0.016756106709116328
2021-01-08,0.007664282857261212,-0.012111073404951704,-0.00302346355502201,-0.010465163352241628,-0.004994850702513675
2021-01-11,-0.00011694838404854414,0.010851917145820887,0.007007282672300571,0.007551380633661534,0.003625173812798508
2021-01-12,0.008151429719971353,0.0010798761836180047,0.004339476533244184,0.001774741650787065,0.0021311002660754923
2021-01-13,-0.029204184746075716,-0.02836498915560984,-0.029523799904542933,-0.027537085610151276,-0.025909095316838462
2021-01-14,0.0058325319749993635,-0.0030750317381047416,0.00024392910410327452,-0.0005550829674451223,0.0018230424606533963
2021-01-15,-0.022839819872665448,-0.0148750032994811,-0.017973051549824162,-0.01718052602397066,-0.019010782188149923
2021-01-19,0.00515829935076463,0.008894798558783534,0.007403850963635663,0.008138766278607481,0.007232426067730872
2021-01-20,0.003431551481249122,0.009976272439831825,0.007993171875401174,0.007359949299687042,0.004445250284812619
2021-01-21,-0.006135447052053133,-0.0015088735525477244,-0.003156947310913346,-0.002784641733116764,-0.004076960703422966
2021-01-22,0.0020482830825036425,0.00750483559665507,0.006061693389731321,0.004970663458167988,0.002674528787048573
2021-01-26,-0.014614313031709987,-0.01909903725141668,-0.017530891463801473,-0.017782781764186767,-0.016029722176146774
2021-01-27,-0.012630616419745574,-0.008357343577984911,-0.011491192916634533,-0.006855049022613488,-0.006790421091598999
2021-01-28,0.02116190563226188,0.014751601025808947,0.017496633917968445,0.01582806580746282,0.017619734020240835
2021-01-29,-0.01954017805662792,-0.005298982794189525,-0.011191946401858667,-0.008026782888126293,-0.012590993538426666
2021-02-01,0.016292198153202583,0.011455346508582789,0.013433908251972384,0.012440712790030376,0.014075710775076236
2021-02-02,-0.0021662839434720537,-0.01487984297217576,-0.008895696452478606,-0.014275066047607731,-0.011092100786827389
2021-02-03,0.0021318425382663418,-0.003035083643938423,-0.0015880907934524924,-0.0006815633539242556,0.0019029800235066212
2021-02-04,-0.0015685355093328682,-0.007486556130445465,-0.003501116868016004,-0.009486222471790555,-0.008597324948565046
2021-02-05,0.010738085110301507,0.00892205408804835,0.009681027161800266,0.009681781909132513,0.009788464470240775
2021-02-08,-0.00040067582225778597,0.0027343164726153645,0.0015681307549741232,0.0019348556274260075,0.000848630713387015
2021-02-09,0.004525289255840135,0.008591180056381395,0.00716482145676122,0.007388918237525087,0.005802278663056245
2021-02-10,-0.0064102884350363785,-0.0027210062924091713,-0.004352376506905789,-0.003156273000938062,-0.004016927181437272
2021-02-11,-0.002215917998637391,-0.008639733064403451,-0.006158599162323651,-0.00741900039470473,-0.005123941001560638
2021-02-12,0.003535414063436592,0.0014227222762685677,0.002855089309532641,0.0009265765750078882,0.0010492760601151332
2021-02-17,0.0025321509193764907,-0.009293303070394127,-0.0035624021865729417,-0.008184999386131785,-0.0050714680137993375
2021-02-18,-0.006098452976208106,-0.0017459209546140818,-0.0035839312430566202,-0.0023517826260167672,-0.003441292796330814
2021-02-19,-0.005223817861686852,-0.0036645100927008667,-0.004452683375199963,-0.0037616102730084,-0.004319892559426328
2021-02-22,-0.01915110369372071,0.008213829893725827,-0.002281191271085356,0.0011237957386110778,-0.007968618311306236
2021-02-23,0.00833146259164059,-0.0016900718975332988,0.001726786068960148,0.00178713296786152,0.0055568222058615165
2021-02-24,0.0023945539870529964,-0.0022985617219815056,9.377609920294744e-05,-0.0021204918526874094,-0.0009889753658985383
2021-02-25,-0.026207909552925752,-0.017303164165978956,-0.0212024163932257,-0.018827720606844976,-0.020821314401703712
2021-02-26,-0.013119773518067264,-0.012512600481708451,-0.01153336887551903,-0.014981629886571243,-0.015849627586226305
2021-03-01,0.01187560906168419,0.008891832445459718,0.011861750626406006,0.006690113084025062,0.006409093341959754
2021-03-02,0.01691612150941676,0.01882578370421962,0.018004033076782625,0.018919397346084697,0.01774128534357848
2021-03-03,-0.0006793655978722142,-0.0029039032508726813,-0.0017324559831199207,-0.002923874778461224,-0.003077042472695572
2021-03-04,-0.01309287422420363,-0.020072248558743108,-0.019276503301864492,-0.01530081652829071,-0.010506967071932594
2021-03-05,0.026744562267869188,0.01958202731084844,0.023792942077068835,0.019177997855278153,0.020059556582312597
2021-03-08,-0.025848853335216818,-0.012768667897218361,-0.017273456257523693,-0.01689651492626784,-0.02079759517329421
2021-03-09,0.021742889487490764,0.028886729984281923,0.02676169200403128,0.025927219228135134,0.02238904919422025
2021-03-10,0.0036605180741119013,-0.00432329318960856,-0.0014266092605895533,-0.0022211268320860207,0.00017063396116606244
2021-03-11,0.0013996087886080375,-0.012740647103680976,-0.007413774395284536,-0.008783049467061549,-0.003971832317294817
2021-03-12,-0.008252036874865868,-0.005597126397390565,-0.006818757888793655,-0.006289702773895682,-0.006696889052656455
2021-03-15,0.009527656382498561,0.01293725651509797,0.011759924656885341,0.011572056126890098,0.010452061905893576
2021-03-16,-0.008474045498739369,-0.007222099919986301,-0.007989864740915925,-0.007013453427395963,-0.0070122480243392255
2021-03-17,0.024136944012750246,0.02024995098280884,0.022093016528008002,0.020640481302229806,0.020777354373168196
2021-03-18,-0.024488573313794164,-0.02304112597957099,-0.02487716155196759,-0.02130841224715335,-0.020269426999456764
2021-03-19,0.005316638384789918,0.0009302392797100389,0.0021574832757481443,0.002653554852027716,0.004012692418976978
2021-03-22,-0.004212689809284097,-0.0012732848252569784,-0.0016855180828449958,-0.0034019029768776643,-0.004709972947268329
2021-03-23,-0.01610472241555223,-0.013947104482788096,-0.015028480632902436,-0.01432286636421865,-0.014630360500211853
2021-03-24,-0.006135348224087493,0.0035984683523067437,-0.000845228737558429,0.002662538224887614,0.0007950378693153125
2021-03-25,0.021004229544870284,0.018071517451621933,0.02033030420837847,0.016596514139647942,0.016048795681584783
2021-03-26,0.012721919824728211,0.011673197335123486,0.012944982260602401,0.010719029182737731,0.010688126269501571
2021-03-29,0.009243150265385905,0.005235270437135228,0.007805212178935846,0.004774074705728331,0.0051207468743551775
2021-03-30,-0.00014627078721415467,-0.010682872078882409,-0.006346493988634387,-0.008799450561598915,-0.00553721393685804
2021-03-31,0.000520059977396011,0.0010686493574450385,0.0005836255397775389,0.0016748919306847831,0.0012631589027200954
2021-04-01,-0.006270700927297387,0.0034581426358572423,-0.0005909932213522572,0.0014637052898864341,-0.0007194369143503463
2021-04-05,0.014396666880079971,0.004004663256912823,0.008843159047653952,0.005689381351680168,0.00835759017776143
2021-04-06,-2.6780618794081833e-05,0.0007849474936528885,0.00011187586732681327,0.0011033229013629542,0.0007821919782280691
2021-04-07,-0.00509381917719842,-0.006043666745763604,-0.006014780868754861,-0.005057040921272847,-0.003852541872805032
2021-04-08,0.008313710981781589,0.008024930724182604,0.008158390532049375,0.007993961332116438,0.007534154254797828
2021-04-09,-0.00032778789385189616,0.001969141781831048,0.001933745386374104,-0.00025219908896329527,-0.001205828870549926
2021-04-12,0.003703149854580036,0.0030510965565682534,0.003071772458530786,0.002870970789880572,0.0029379960827004485
2021-04-13,0.009580143977225754,0.009923911101547759,0.010065854444560995,0.009914895466039462,0.0098493035203405
2021-04-14,0.005268794231923637,0.00023710166826756342,0.002927610652367672,0.0011043340687184617,0.001224823240092878
2021-04-15,0.0015918759884014048,0.0029287331958480324,0.0019155676242469661,0.003289679580415249,0.00330938784648218
2021-04-16,0.005972699413134238,0.00547471180382137,0.005797504359466433,0.005408837755763898,0.005384559507420493
2021-04-19,-0.0070911694979549095,-0.008086724944332395,-0.008077579405215562,-0.00763142795688982,-0.007539288498140089
2021-04-20,-0.010674900033456147,-0.007287803926782141,-0.009858007453352817,-0.006959162508207232,-0.006941574992412923
2021-04-22,-0.0023605905254998247,-0.004045633925633017,-0.0029000737563435117,-0.003767643389112535,-0.0037769881624800366
2021-04-23,0.004204111752116483,0.002012757149645136,0.003301985814271082,0.0017189462878544066,0.0017894738020656485
2021-04-26,0.00030498025251441313,-0.0005878315262533196,-0.0001189223104092881,-0.0004282550759008224,-0.00040987812572572
2021-04-27,-0.00760724400072353,-0.007097806109627983,-0.006916289261373424,-0.00699149111902023,-0.0070238341739455295
2021-04-28,0.008164668078075183,0.0032662306818739928,0.00532231233927612,0.004030785231538124,0.0041794304093735555
2021-04-29,-0.007131764286537895,-0.008320819633151217,-0.00722946486345882,-0.008857218268258858,-0.008878893322639213
2021-04-30,-0.007558395344071672,-0.0028161828101286234,-0.00537170093073641,-0.003233436187157665,-0.0033256710529585305
2021-05-03,0.00524294569171265,0.007621718570203569,0.0061354352003743055,0.007828101262512542,0.007783491407914537
2021-05-04,-0.00492976555367723,-0.005388154540327535,-0.004192118711035605,-0.005172133677169683,-0.005250190083797799
2021-05-05,0.005558027717080444,0.00248640835693231,0.003092395387912544,0.0031665265139877254,0.003342477865915302
2021-05-06,0.0006398603814374559,-0.0005372549382972157,-1.6702073542630062e-05,0.0009294270584807167,0.0010214503201473226
2021-05-07,0.007424445305364391,0.005526003138299022,0.0055337147002387,0.005927788013569269,0.0060803626196843765
2021-05-10,-0.002275489662235382,-0.00012432516799071026,-0.0018215709933314473,0.0005133599986896968,0.0005304744345580412
2021-05-11,0.006622935902197904,0.004835301256425908,0.005533919316636813,0.006015371593364121,0.006101859521548721
2021-05-12,-0.02635983717562524,-0.020207579295980098,-0.023820290966226728,-0.019578826895828596,-0.01928806996574424
2021-05-13,0.012528177381880251,0.01156442212870497,0.012374193306198846,0.01047647738015475,0.010524924857717742
2021-05-14,0.009337435364431034,0.008920177056184416,0.00905451567007553,0.008099858172327357,0.008040104897161206
2021-05-17,0.00860892277201978,0.008883049654151442,0.008504455973232752,0.010266761224764514,0.010376276004873007
2021-05-18,-0.002273683662895734,-0.001839888561645438,-0.0024592316312740748,-0.0007582609856708972,-0.0007459458955439196
2021-05-19,-0.0021586895739492537,0.0007131617531488081,-0.0010473396981737879,0.0005865939234150315,0.0007269002103021981
2021-05-20,0.004800353046868963,0.004166742070173167,0.0048582944357935,0.003355145219213958,0.003422748006975354
2021-05-21,-0.0029714403963989255,0.0007572167090565826,-0.0015068361605904013,0.0006639439993949968,0.000727752566487305
2021-05-24,0.012016891811536467,0.009249389248588116,0.01084163741170015,0.008446699428831021,0.008315300022605344
2021-05-25,-0.0060145587129583795,-0.001597425789515582,-0.004253068527824904,-0.0011645898017676446,-0.0008628728762201574
2021-05-26,0.007093094331047562,0.003853793380761107,0.005784097432100459,0.003957710269201961,0.003792273990221175
2021-05-27,0.0003291946991068002,-0.0014631782448388797,-0.0006893009206278809,-0.0012985956582713914,-0.0014355322787079816
2021-05-28,0.0023085985315221495,0.0008212919222851426,0.0010717334655665695,0.0013420977140733926,0.0010930075427969385
2021-06-01,0.007064056786398275,0.0023471065060365016,0.003912683523075546,0.0029104433783248133,0.0023244695906404524
2021-06-02,0.004463592959158814,0.0022281694632161893,0.0030080013887313684,0.0029391824316548193,0.0027156680492281013
2021-06-04,-0.0033372287876788013,-0.005782043261036097,-0.004787663904312826,-0.00687787738379808,-0.0072768490230391055
2021-06-07,0.001036416780690574,0.0020029612357566552,0.0009556429769344595,0.002351488023209358,0.002305800085035069
2021-06-08,-0.0048212575628238195,-0.004933998957131339,-0.004615151454213463,-0.005345598355708444,-0.005289871250463343
2021-06-09,-0.000428433449154685,7.510763534336135e-05,-0.00012092674367206005,0.0003000787061425383,0.0002637659033557057
2021-06-10,0.0036263355988544405,0.0038310741262596376,0.003755285451883633,0.0035028008531213183,0.0035829671658035305
2021-06-11,0.0008857231446427387,-0.000599642770138784,0.0012656217476870986,-0.0013728376621836714,-0.00135896625117599
2021-06-14,-0.0017925308167786997,-0.003930516426057685,-0.0031428511743607883,-0.004498865983452671,-0.004850656159059577
2021-06-15,0.0007483355522626372,-0.00044606770480229814,0.00019940687764210554,-0.0008418499357564651,-0.0008380309258567901
2021-06-16,-0.018155517499486063,-0.017135266045385348,-0.01838830643572995,-0.018098250964682067,-0.018497103131291926
2021-06-17,-0.00991694058078411,-0.015064835167424242,-0.011517114371270513,-0.016747197229983683,-0.017134950228824396
2021-06-18,-0.0031801860193478504,-0.002987721399028288,-0.003412455990573753,-0.002080170504196567,-0.0022025273285119114
2021-06-21,0.012177706784651996,0.01034054327735345,0.011788452732342962,0.010271671177637538,0.010367623232908395
2021-06-22,-0.0014333517023774587,-0.004806541110606675,-0.0023387051389655135,-0.004940307729499864,-0.005040369582850396
2021-06-23,-0.009372283010825412,-0.008453236364659398,-0.009225556715294896,-0.008089322460140127,-0.008265316413457112
2021-06-24,0.005671633104901091,0.0021293584696557796,0.0041022678182192,0.001867775758462152,0.0016315219251262798
2021-06-25,-0.010138080225755295,-0.007617942135550979,-0.008223883387852878,-0.007155463588185954,-0.006862367208189554
2021-06-28,0.0036137423950175257,0.0031160584037961308,0.0033881245058712236,0.0026530022307707643,0.002696004125793961
2021-06-29,-0.0022857117633484185,-0.00407044792787744,-0.0026609768507517657,-0.004231283143022646,-0.004413062062353926
2021-06-30,0.004432408597434674,0.005820101723330155,0.0055898826540280045,0.006141045976879458,0.00646811120332904
2021-07-01,-0.005856265755968097,-0.0020421217171161235,-0.003961097630597439,-0.0023099791432843104,-0.0021126613109118527
2021-07-02,0.015016411023320572,0.013451583934662009,0.014417087768748723,0.013582845812603628,0.013512843052550641
2021-07-06,-0.006211452087619535,0.0008340465255593312,-0.002184783173199694,0.0013650267359726863,0.002038805153989061
2021-07-07,0.017292802270661312,0.016083799917915077,0.016763796632934647,0.01590598643325678,0.015935178042997145
2021-07-08,-0.006702624004919344,-0.004928325302547783,-0.005642392668122792,-0.004427643128517705,-0.004144714520161773
2021-07-12,0.014643870550194662,0.009464220048631523,0.012455950021515868,0.008834980304284704,0.008519058738283021
2021-07-13,-0.003855112986138104,-0.0023463019067844564,-0.0038541824428730076,-0.0021058517149842404,-0.002279062825962251
2021-07-14,-0.003419281933054169,-0.0036508540794593244,-0.004304703335913344,-0.003499750170975953,-0.0035974625476355077
2021-07-15,-0.004231614614789395,-0.0024958528610963446,-0.0034078946437183693,-0.002474067593400906,-0.0023672255621866845
2021-07-16,-0.011968004348471221,-0.01136491025928239,-0.011662639187807713,-0.011312366175250214,-0.011306374794372178
2021-07-19,-0.0033691836412763354,0.002871525730003887,-0.0006485484217668993,0.003343399473033962,0.0037198830784052565
2021-07-20,0.01338290397929403,0.010267264935030185,0.012796028684428515,0.009819720807254004,0.009782934122957632
2021-07-21,0.006300591202870995,0.002350038664187512,0.00506285698836527,0.001968577054933908,0.0018710805957082679
2021-07-22,-0.005020770569053538,-0.003490118429689167,-0.00471584161457763,-0.003507460096250495,-0.0036086347174497184
2021-07-23,-0.006630654493061625,-0.006648145483889897,-0.006109372735133596,-0.007045115464150574,-0.007074303306583359
2021-07-26,0.008647668716673206,0.005136547754532961,0.007345553795972891,0.004812999890364654,0.004732503706613823
2021-07-27,-0.009360173568203404,-0.007413829913522584,-0.008615673215390385,-0.007177862723478445,-0.007072646266236125
2021-07-28,0.010252821604116646,0.0072070217507987635,0.008608169367600583,0.007182631759188762,0.007083871960491566
2021-07-29,-0.00877405205136082,-0.00622364457352396,-0.008093037582324136,-0.0060026354456942915,-0.005992798001375458
2021-07-30,-0.021392604808627504,-0.013937146896155508,-0.01754329692793259,-0.013696893735983456,-0.013363418786289015
2021-08-02,0.006606329169882686,0.0034988030065528763,0.005257569079849686,0.0036010761656068233,0.003564296232522178
2021-08-03,0.01891170306244916,0.016530556196712686,0.018735897095134253,0.016025499046131018,0.016119452546670316
2021-08-04,-0.013247148598743251,-0.010992296512745851,-0.012345490393184633,-0.010951963592733238,-0.010864543542659953
2021-08-05,-0.009625641637318352,-0.008012414753384874,-0.009073569543267034,-0.008132166153490404,-0.008302485558944368
2021-08-06,0.011351583005730189,0.004420296722564158,0.009243741105017496,0.0037800249717696087,0.0035499173179189417
2021-08-09,0.0001267979122262384,-0.0028626362511257174,-0.0007509006898655354,-0.0031949443187405608,-0.0033611754823329445
2021-08-10,-0.007334910556791493,-0.007949774980132124,-0.007588165998792025,-0.00817983731446111,-0.008219394089114783
2021-08-11,2.5937629852281587e-05,0.0030146701612605905,0.0010518720740663437,0.00330535919355168,0.0034413657144198874
2021-08-12,-0.0032124436643730134,-0.0011860782691824072,-0.0017992887686111513,-0.0013623053092827935,-0.0011901521727782378
2021-08-13,0.006654444322899379,0.008881378164844834,0.00726000916228099,0.009024783850660875,0.00918618935798134
2021-08-16,-0.008340923904765648,-0.005632915060720705,-0.0065740612232002525,-0.005298244691039644,-0.0050434710083688316
2021-08-17,-0.00677087216648223,-0.005756034695755648,-0.006291982359998926,-0.005650874218157098,-0.005518223166275103
2021-08-18,-0.008515453153547861,-0.002042311821219426,-0.006188945068845882,-0.0020641974204580285,-0.0018194393075117135
2021-08-19,0.010040842379338132,0.012405860561501355,0.010735618970453496,0.01148127720439177,0.01163804774630045
2021-08-20,0.007585026054020655,0.005810417515056065,0.006845154770219005,0.0054379933452773,0.00536743303376341
2021-08-23,-0.00492900629283746,-0.0021989931480906194,-0.003867912513404031,-0.002159444761766404,-0.0020843551077046577
2021-08-24,0.010916454743831079,0.004626477861331694,0.007700166290350924,0.0046524761287388364,0.0042389732127782204
2021-08-25,-0.002333794378800527,-0.005391028548173192,-0.003864262104776959,-0.005709954662778656,-0.005978813164695577
2021-08-26,-0.012913528138830871,-0.009135844882506775,-0.011174252229575313,-0.00889384669104687,-0.008679504631679979
2021-08-27,0.014299950597049537,0.012512194170500111,0.01331048762227755,0.012725940718622996,0.012669074175567646
2021-08-30,-0.007499601277114178,-0.007531578715753291,-0.007194267272846138,-0.007713781139093356,-0.007749771603221536
2021-08-31,-0.011118247945720519,-0.008507932007327508,-0.010343134512804997,-0.008551776699400332,-0.008546008600167049
2021-09-01,0.0051778877824985945,0.004018581190627885,0.004664165496016673,0.003983713163103038,0.003956630863864263
2021-09-02,-0.010690627272838475,-0.010097198558814241,-0.009401796425819547,-0.009945915616376587,-0.009688783482961205
2021-09-03,0.0018765761012746096,0.004603237797896804,0.002761349837122546,0.004885568904264228,0.004987007272995714
2021-09-08,-0.019838337270770567,-0.016447541289302207,-0.017320312289292726,-0.016855002643309813,-0.016623523386884394
2021-09-09,0.01610139732283377,0.012277542684013624,0.013871335099821892,0.012194419648337422,0.012130051141924416
2021-09-10,-0.016751799105723775,-0.01410979006521219,-0.016002128182173753,-0.013999673635679862,-0.014091227614491785
2021-09-13,0.012738247117633557,0.01078571588445361,0.011370896080610477,0.010566122798832926,0.010404289750757568
2021-09-14,-0.0020921112517843445,0.001503898714776804,-0.0009905253006227475,0.0016510213025651582,0.0017794322716924804
2021-09-15,-0.0010787996485886132,-0.0027653054463326297,-0.0008640151571454798,-0.0031016920729098887,-0.003162558571564563
2021-09-16,-0.013310908903773963,-0.015053495608467745,-0.013598263311348788,-0.015520795357380672,-0.015506639394460108
2021-09-17,-0.01085004777238917,-0.006196731719830918,-0.008625366681473476,-0.006525719089328469,-0.006649082145212673
2021-09-20,-0.01510338187425064,-0.007351525232600032,-0.012171799641372306,-0.007527638786955967,-0.007659532304827535
2021-09-21,0.006847991833667863,0.005652311803173247,0.005626788603215543,0.00580820964832439,0.005864996555776332
2021-09-22,0.009186698436307473,0.0052940472869215036,0.007664095234677114,0.005646353281560461,0.005759583827470954
2021-09-23,0.010466220600401255,0.004714391359244921,0.008553019725584093,0.004719642843064917,0.0048063999632415935
2021-09-24,0.00042828127423967527,0.002016845285868593,0.0016257334029075692,0.0017707502857150315,0.0016963062704141835
2021-09-27,0.0012693444531335894,0.002291504250241926,0.001581924477141208,0.0025037748733900845,0.0025143098373201864
2021-09-28,-0.018212312213046488,-0.013395201568831545,-0.01590172950816156,-0.0137919180975774,-0.013939343532627822
2021-09-29,0.004032902561610866,0.002013862042352487,0.0031476599629045505,0.00213462979366005,0.0021914595247176628
2021-09-30,0.0021924842434050407,0.007999559327277887,0.0038917368985039464,0.008261424304577039,0.008198261314617329
2021-10-01,0.010038752271574278,0.005285384682434772,0.007829198916380209,0.0053523006778782535,0.0054439260239304635
2021-10-04,-0.013112005671973336,-0.006677170153638992,-0.010202932466166242,-0.006548175013931399,-0.006661716757960274
2021-10-05,0.004715105287759999,0.0035112495880491226,0.005024465470624011,0.003336440621994958,0.003311724827841772
2021-10-06,0.008605041709687278,0.0069639622633163025,0.00850329091102576,0.007080131485475833,0.007041868020418808
2021-10-07,0.0006712696928513026,-0.0006776954810910309,0.0007833300310546569,-0.0006259628374521056,-0.0006132233106760406
2021-10-08,0.010760854885439052,0.00856045888462337,0.00905473589467507,0.008658020105425875,0.00874546125136124
2021-10-11,-0.004798807131736888,-0.0034049914180066766,-0.00412973032813565,-0.0031381028326309224,-0.0031452356916233663
2021-10-13,0.01416440970982851,0.017642913221730696,0.014727696075478514,0.01732395473432741,0.01725817607958519
2021-10-14,-0.002960070126732597,-0.002887714005329409,-0.0023527110142169527,-0.0030023239785262894,-0.0029997721761018835
2021-10-15,0.00318427472010039,-0.0043592057873229634,3.136613468243131e-05,-0.004584396636842352,-0.0045295382938980045
2021-10-18,0.004170025926898279,0.005517176194317189,0.005166598146408658,0.0049853463026866595,0.004901991582167984
2021-10-19,-0.016321676932176617,-0.009099675493001735,-0.011960300832222588,-0.009802745439688239,-0.010009880302904846
2021-10-20,0.004313241916777775,0.005052948444030983,0.004495534588268931,0.004819896546367809,0.004796934334164305
2021-10-21,-0.011163826785816691,-0.003953068843101303,-0.006823808113868098,-0.004572156581308372,-0.0047721806155715555
2021-10-22,0.0035528984354230306,0.003072791124561446,0.00424288594369746,0.003236273531115501,0.0031407783463210594
2021-10-25,0.006595293411840864,0.0023777725400255714,0.0038382710176803276,0.003020151979208139,0.0031878023664565452
2021-10-26,-0.016038706592150506,-0.014049190697750133,-0.014540243096250098,-0.014412228535631498,-0.01449733685173116
2021-10-27,-0.0022257263256010443,-0.0011990256884968698,-0.0023397421792952884,-0.0013863965930205622,-0.0013681906810936984
2021-10-28,0.0013678438178593047,0.0031625071336568965,0.0029508453112868554,0.002706540952476386,0.0025997247718542336
2021-10-29,-0.012167125297302515,-0.00947098596523644,-0.010380892590137712,-0.010480203733291497,-0.010620947154414495
2021-11-01,0.015329950842227835,0.013671654283210448,0.014307515737859667,0.014038985474778509,0.014101662644850453
2021-11-03,-0.0007533959810227996,-0.002570287552987526,-0.0018969841538928917,-0.004540277622875856,-0.004628566341364816
2021-11-04,-0.018060520613690817,-0.011347838089011091,-0.015010880985747972,-0.011319685644024528,-0.011371721780192622
2021-11-05,0.0073957659617082845,0.006915958666193291,0.006356903391522619,0.007074290537504818,0.007152062425589416
2021-11-08,0.0033373851996162268,0.003100649136788294,0.003683062977977135,0.0036329396100106544,0.0036301441151130897
2021-11-09,-0.0014380986168472912,-0.002075508153965637,-0.0026125173482512967,-0.00185126714445208,-0.0017562851254310297
2021-11-10,-0.001873447337226189,0.0011733934535345565,-0.0014000932532528814,0.0018333181816852675,0.001923449827166109
2021-11-11,0.009836072254754635,0.00479582011544292,0.0073247950506523975,0.005589807471275173,0.0057019043240613
2021-11-12,-0.00628221794377348,-0.0030383611759393133,-0.004347232508540707,-0.0034477397473782513,-0.0035374965899183913
2021-11-16,-0.006806202162827954,-0.005185180997298232,-0.005151612801598369,-0.006093606622280811,-0.006249272852380924
2021-11-17,-0.004796407856401668,-0.0009952438802625623,-0.0028370348485947895,-0.0009950992770151874,-0.001118230204404585
2021-11-18,-0.0015128088416781263,0.002382311634071115,0.00020191224835017593,0.0013639888373581683,0.001185053839617851
2021-11-19,0.0017974778149239016,0.0005970490309293259,0.0011219433905089748,0.0004939822648610117,0.0005342276066526353
2021-11-22,-0.004650096372445776,-0.009801652353343949,-0.006077263221358799,-0.010133421392348373,-0.010239327940634632
2021-11-23,0.014080077610978696,0.009844252062937528,0.012422977005929684,0.009783455835631954,0.00979899068233183
2021-11-24,0.0016025013132125881,-0.000598252844982316,0.0005465994080458772,-0.0001673420414070771,-4.5155379843847406e-05
2021-11-26,-0.015772432863023777,-0.013685103762436635,-0.014967733522216788,-0.013198522256186087,-0.013188386072021345
2021-11-29,0.007213138065883316,0.007226943371155148,0.00757868727639906,0.006651680796425282,0.006536765734920535
2021-11-30,-0.010023157198011867,-0.00961218467835045,-0.00995829510445379,-0.008813273115889992,-0.008702764926339182
2021-12-01,-0.009212530228184553,-0.006158286592102009,-0.007810969078263816,-0.005467423364463117,-0.005433013032255119
2021-12-02,0.026924524519892943,0.018523519529793076,0.02312124959596182,0.018405508159921678,0.018537411386797573
2021-12-03,0.0023805326283023918,0.004395556348199736,0.0025213127827298392,0.004771439649209679,0.004896455811222361
2021-12-06,0.017176281548279024,0.013415460498149118,0.016011151136941654,0.013305566567300689,0.013274364033607638
2021-12-07,0.006028512533340034,0.003805810684944556,0.005267903632714779,0.003150461200697632,0.0030739538588224783
2021-12-08,-0.0008160603073223067,-0.0035579299295027456,-0.0024346669767041445,-0.0034970697535848215,-0.0033849037032619646
2021-12-09,-0.01663631608289939,-0.013053134276967741,-0.014891009402970818,-0.013027722205879593,-0.013076933018230603
2021-12-10,0.01321769143600145,0.013167874762010787,0.013133257236356744,0.012797617607277868,0.012763958529293202
2021-12-13,0.00041713158406525715,0.0018037428117601373,0.0012925803641465334,0.002435093263635828,0.0024445791065846713
2021-12-14,-0.00600650733393797,-0.006264218009348402,-0.0059879483800628795,-0.006224219066723639,-0.006229784794249644
2021-12-15,0.013809797003242733,0.01430852456482502,0.014415525188594652,0.01329999031370227,0.01308856248672708
2021-12-16,0.005969861951550035,0.004212926163592845,0.0051356843243932975,0.005845397082321319,0.006075546942267503
2021-12-17,-0.009351839639802222,-0.007261884236976547,-0.008571896384706366,-0.007382611059540831,-0.007539356287086604
2021-12-20,-0.015979629142400822,-0.010973767955778722,-0.013664752991594302,-0.01140995547727963,-0.011798970018768212
2021-12-21,0.009344724861746848,0.008639793659399132,0.009705627259522714,0.00840023173930314,0.008312800680943937
2021-12-22,0.0037505410294384157,0.002919181573454794,0.003683641457504587,0.0026894838493576796,0.0024774780543926327
2021-12-23,-0.003807536265586649,-0.002315819720857216,-0.0030632637012073752,-0.0023557418092679592,-0.002388630206583612
2021-12-27,0.009036887423604274,0.006695949906256576,0.008392360240669382,0.006707535785164625,0.006710851648817209
2021-12-28,-0.00788572250720459,-0.007156521906893342,-0.007552542383991965,-0.007047464606862299,-0.007049766263588921
2021-12-29,-0.004251490788586037,-0.0006156625161047822,-0.0024238815632478734,-0.0009651545773518,-0.0011980354636649303
2021-12-30,4.6020959772863944e-05,-0.0036192592566185325,-0.002170511872594539,-0.003141021057809728,-0.0027619390569323613
2022-01-03,-0.002684733779152919,-0.0005040036026510259,-0.0011084628081490645,-0.0009708515863747648,-0.0012134078687890996
2022-01-04,0.004182467343212428,0.006541567968353517,0.005455356540036504,0.006018000189132088,0.005610720927684085
2022-01-05,-0.0207312690763816,-0.015943701541570363,-0.01877568600916227,-0.016420239613577328,-0.016760697933302728
2022-01-06,0.006389407211932777,0.0016814476083405856,0.004605138631098049,0.0017835780278162908,0.0019916415913969255
2022-01-07,0.006360770649314502,0.0032524816730911997,0.004549238570671702,0.0034624525276344574,0.0038209964273132925
2022-01-10,-0.004866546507058907,-0.0021486344295985668,-0.0036160620997215016,-0.002406072016696304,-0.002623216473591488
2022-01-11,0.014819787219396495,0.009849317856050147,0.012376777978339748,0.010168245043801531,0.010488991848052544
2022-01-12,0.006540930032147054,0.0009459463461664144,0.0034687041361908134,0.0017200285390423858,0.0023951866100151873
2022-01-13,-0.008374071460212828,-0.008548555977360785,-0.00903326583732268,-0.008245469536166885,-0.007990957230261192
2022-01-14,0.008303775574983933,0.005381407601423452,0.006841410726757836,0.0057099854630041445,0.006031762298878221
2022-01-18,-0.004280957198986916,-0.0030658325911872746,-0.004200558534327405,-0.0031160618041585642,-0.0031013337045381847
2022-01-19,0.01017413127802436,0.006868400829049147,0.007938349404483649,0.007116133396832489,0.00727081065867183
2022-01-20,-0.006465895763176743,-0.008558408519887794,-0.008569500113649082,-0.00777834599254935,-0.00690690911258552
2022-01-21,-0.004512522513993814,-0.0031630296579325634,-0.004552099709050378,-0.003278502484836742,-0.003304913289915959
2022-01-24,0.0011734868077893648,0.005316704952232034,0.0035988704974124286,0.0046163487903283324,0.003879583925240002
2022-01-25,0.012699923985287255,0.007586292829419255,0.009532852972654741,0.008146152424721581,0.008713330291835379
2022-01-26,-0.004617323221419158,-0.010870680357139556,-0.007917906799196522,-0.009848039290070392,-0.008733602940201157
2022-01-27,-0.0020194567249889254,-0.007724747359210969,-0.005265974396178449,-0.006919530753556593,-0.0059095124916302855
2022-01-28,0.002680352180954027,0.0027908317425977282,0.003657627482802144,0.002059082981644306,0.0017315497173628226
2022-01-31,0.00340229093640311,0.0024304927548919994,0.0030073835806331216,0.0019224433549512546,0.0019246712538291517
2022-02-01,0.0012370540311200677,-0.003484660862242974,-0.0008945285063592447,-0.0022796628400640487,-0.0015354451997203998
2022-02-02,-0.0017193939591474538,0.0005720593517689014,-5.888270009445877e-06,-4.899890214407513e-05,-0.0006394530156614208
2022-02-03,-0.006854952513036203,-0.005148452961461575,-0.006903763150097399,-0.005067899308833024,-0.005031505716286737
2022-02-04,0.006989432242113702,0.006452750843516506,0.007187599802631772,0.006815046643301657,0.006796807703242856
2022-02-07,-0.0016561265634345084,-0.002691723079174099,-0.0022444560601580237,-0.0025079221179412875,-0.0025277904272836727
2022-02-08,0.0011905871023945706,0.0012084836033356427,0.0013033094824234201,0.001315559942030059,0.0013960599471914185
2022-02-09,0.00528836171924491,0.005474906723891424,0.005718866087397584,0.00516951474156791,0.005045326193276174
2022-02-10,-0.006590043412521366,-0.009531449678441514,-0.008822711455902644,-0.008317079588386875,-0.007482560822739091
2022-02-11,-8.361485437430636e-05,0.0033536427476521928,0.0006099333010677791,0.0034551219995989655,0.0031780571049984615
2022-02-14,0.0040997126456496285,0.0041087140006797595,0.003877814266224706,0.0038883614179085085,0.0037631318456270517
2022-02-15,0.004402318146439613,-0.0004138401313820792,0.002324854503576287,-0.00043464092816911077,9.389026492773676e-05
2022-02-16,0.002489970315029657,0.0027038510818554497,0.002344619347869253,0.0027128058729868516,0.002679392686141682
2022-02-17,-0.013227233386627997,-0.0048645992282791385,-0.01030829351166149,-0.005611824484529715,-0.006315158866795826
2022-02-18,-0.006335113936794522,-0.00633219454643563,-0.0065324295549009865,-0.006538682685046472,-0.0065774793833160376
2022-02-22,-0.002961804022882284,-0.005335306323271643,-0.004585973328924311,-0.005624899724094092,-0.005530687512418251
2022-02-23,-0.0114085716853923,-0.009921911994258065,-0.011576587421442871,-0.010812899947706522,-0.010998121555905136
2022-02-24,0.007528420494630797,0.010441848932104734,0.010104815627574381,0.010846266222831592,0.010503114699780674
2022-02-25,0.01516953059505397,0.01083132142258827,0.01402563474138563,0.012184505702779524,0.0126631903635094
2022-03-02,0.01700403318170753,0.015095103182830968,0.01566294497869803,0.01488617206560874,0.014916257199066437
2022-03-03,-0.006711048186465949,-0.008544003812549241,-0.008236171913314229,-0.008717020041781749,-0.008492224764889663
2022-03-04,0.0014220179259538327,0.006748091832363035,0.003644617206830735,0.0056123624994112485,0.004880388140667414
2022-03-07,-0.022234822931701856,-0.01053054551874616,-0.017885653615719834,-0.012528669810164282,-0.013574254320015671
2022-03-08,0.006811276715978588,0.012481338834504347,0.008956552686257871,0.010446322757905573,0.009355296952934652
2022-03-09,0.0033340380727767504,-0.009417643113471725,-0.0021449942984503854,-0.006568201247339693,-0.004688241581324783
2022-03-10,0.005467266997732594,0.005308874437332651,0.005651059176503358,0.005070191538750879,0.004765399241141812
2022-03-11,-0.01903099285549916,-0.015133186559153612,-0.017482503649773058,-0.015396856949335241,-0.015541256848760098
2022-03-14,-0.01237189832782878,-0.010135768727945485,-0.010974534562956462,-0.010305446632492995,-0.010547589323590886
2022-03-15,-0.00031878275144079,-0.0008020157623826622,0.0010217320450539573,0.00022904062744325319,0.00025871402277520756
2022-03-16,0.02021901706489217,0.014005638307739772,0.01784889476827913,0.014856642269960703,0.015276630483116949
2022-03-17,0.009699470079015931,0.005098501694626697,0.007370486467869723,0.005806724323414234,0.006407771481951359
2022-03-18,0.008732190643833123,0.0015220502026054227,0.00536274977309045,0.0027909418921486873,0.003731395269044487
2022-03-21,0.0011394913785653371,-0.0024451714623556636,-0.0010404637106003658,-0.002278847935926783,-0.0019168012138619135
2022-03-22,0.0005236095202395214,-0.0034253572066629398,-0.0013092861488183843,-0.00254142682807427,-0.0018733111738381055
2022-03-23,-0.0025739552615532484,-0.0018315008609704794,-0.003217802464593737,-0.0027540756124348185,-0.0029042817326278294
2022-03-24,0.005168702479837298,0.003031307452835966,0.003835350094548061,0.0033491669889287702,0.003703875955277467
2022-03-25,-0.0009361124577440586,-0.004669226858035161,-0.002615596142850137,-0.00449972491659072,-0.004266361620875045
2022-03-28,-0.003298974564480983,-0.006738187121397867,-0.004210406326372174,-0.0052998680894003015,-0.004787597468428931
2022-03-29,0.0039543548042256,0.0011347377648046478,0.00256246135868556,0.0018067032534139443,0.002219703361594237
2022-03-30,0.0011061081099985304,0.003694629948100133,0.0019561848923039496,0.0031678435698371922,0.0029152619450967133
2022-03-31,-0.005275528789789494,-0.0045693345293179215,-0.005605682373386124,-0.005530842000709047,-0.005747878336552121
2022-04-01,0.006005639863225031,-0.0021997600620059722,0.0019745340963604743,-0.0018176305843091432,-0.0013330615920690363
2022-04-04,-0.0065601134411655,-0.00782736525917333,-0.007247111452820204,-0.007472683405429867,-0.007277216468092818
2022-04-05,-0.015326745712990506,-0.009951004885613162,-0.01281068044870898,-0.010533053569125702,-0.010882335659971135
2022-04-06,0.0003985312262689206,0.004579033267729195,0.002408262002282732,0.0040127277855668275,0.0035888132720719615
2022-04-07,0.01073790464302338,0.010446536222284619,0.011062743663673432,0.010766434990557234,0.010692783893870437
2022-04-08,0.0002948629758348957,0.0016296374596949314,0.0009123163634937147,0.0009868023938435426,0.000687663109350005
2022-04-11,-0.014821667371255343,-0.011259900421282285,-0.013982586190113952,-0.012510217697472528,-0.01288959776876055
2022-04-12,-0.009361415605123012,-0.0068807242301852905,-0.008696294714150513,-0.007571049913241964,-0.007765686114916826
2022-04-13,0.009954650572596228,0.010233260543872188,0.010534524246811044,0.01057805014389968,0.010578983488968931
2022-04-14,-0.0027940835020647593,-0.001057350775554852,-0.002113798492429668,-0.0016151844659789665,-0.00186434378949096
2022-04-18,-0.005306358484829178,-0.005587701044411289,-0.005646582678639914,-0.005929006572924642,-0.0059592693086218335
2022-04-19,-0.004761677753822159,-0.007650598281005666,-0.0052286743072714305,-0.0059936431409129635,-0.0054306890930111585
2022-04-20,-0.004789392475682027,-0.003938228959147405,-0.004531645904549766,-0.0044386199683736135,-0.004598393756420353
2022-04-22,-0.025954789756474497,-0.012479873706726409,-0.02052626844769515,-0.014639409959953713,-0.015543361017194937
2022-04-25,0.010243302318309002,0.009676756924351375,0.011288957001003536,0.010474540709225268,0.01053355419194338
2022-04-26,-0.01340839368068736,-0.0023809070567990184,-0.008294767775557352,-0.004047828720665541,-0.00520048428374995
2022-04-27,0.012661343472315388,0.007357361347062848,0.010688963197085517,0.008301632577408301,0.008627105259462158
2022-04-28,0.010520600369494766,0.007831128375745011,0.01005254694332001,0.008947326877537774,0.009287554811546523
2022-04-29,-0.02988640676148299,-0.024672823448996815,-0.028744603644480407,-0.026126337162816635,-0.026698879916818994
2022-05-02,-0.0012069430694182566,0.001250107693892229,0.0010319541823901681,0.0022593056037935257,0.002413203700036674
2022-05-03,0.0031927191378948476,0.00031073899075125276,0.0021303156120009293,0.00036125140560722434,0.0003618933908423871
2022-05-04,0.01912669195935415,0.014864618024899618,0.017568806684893558,0.015614174127305395,0.016053271495122798
2022-05-05,-0.028368937060775506,-0.019111292019212054,-0.02456175153866906,-0.02048643271747627,-0.02135982491503285
2022-05-06,0.005067288900529748,0.007642896494320264,0.006595732334497463,0.0073522841803730895,0.0069687783148033484
2022-05-09,-0.017531028123638916,-0.011899870750718465,-0.01536274720862698,-0.013183818892581555,-0.013738314605026227
2022-05-10,-0.0011251174162513601,-0.0034061482436102504,-0.0020350544253501003,-0.00303945085186502,-0.0027834081811410516
2022-05-11,0.005218062742517974,0.004336526493404961,0.004176516537791216,0.003949139966637351,0.0037364798177439117
2022-05-12,0.006818028849168774,0.0004819008780016314,0.003730455414639988,0.0011021083226024383,0.001687094362839194
2022-05-13,0.007832314207610873,-0.00017798091356216076,0.004398028400149439,0.0012625941545693848,0.00219497304832647
2022-05-16,0.004193019261021955,0.0034819937241888713,0.0031754005167975263,0.0030773319710649424,0.003048185931650114
2022-05-17,-0.002509874126282165,-0.00963946516136866,-0.005913628979144685,-0.008531897804514755,-0.0076338312588491814
2022-05-18,-0.024939179087750053,-0.016662036377537128,-0.021944130169416542,-0.018679693580500367,-0.019696110312136705
2022-05-19,0.00407643980973727,0.0034904143715711556,0.003269768513843617,0.002670820983082673,0.002362229809009774
2022-05-20,0.005457069791254208,0.0005283588191018908,0.0026661436288100797,0.0007017621713095425,0.0010507208856904422
2022-05-23,0.008953362937931739,0.0016172460652304286,0.005384407976388051,0.002623509309228228,0.0033241316500493695
2022-05-24,0.0018323766128180666,0.004604104831290234,0.0027613999272739884,0.0037234349881134702,0.0033429095588785405
2022-05-25,0.0035298291502671173,0.0011443140948078155,0.002985893919955261,0.0021585954027851326,0.0025535621959483098
2022-05-26,0.007720584211906176,0.0010976759971014249,0.0048748692221889005,0.002524884689434998,0.003383080156648114
2022-05-27,-0.00015585702022035905,-0.0035990277834447968,-0.0012014463299280151,-0.0019080603995747425,-0.0011362265127474514
2022-05-31,-0.006838956213635843,-0.006681934708390164,-0.006727276917372586,-0.006324892513747102,-0.006166711448619295
2022-06-01,0.005288503585228171,0.008259896781982417,0.006805395501658802,0.007613115823902916,0.007033018476631116
2022-06-02,0.013879465308332147,0.013190307697197944,0.014019000173143992,0.013687261718435503,0.013786707707993189
2022-06-03,-0.010555231458670171,-0.01047495572777606,-0.01056096118195301,-0.010805022670104799,-0.011004052025532606
2022-06-06,-0.006803593298225196,-0.006609001072212315,-0.006336702369822215,-0.005867991877692918,-0.005681601233391889
2022-06-07,0.013321576723675217,0.01707550056383544,0.01624683035274673,0.017768603702411123,0.017464385860487732
2022-06-08,-0.01604154718170069,-0.010324183887026255,-0.013757835678234492,-0.011263996719682078,-0.01168443910790669
2022-06-09,-0.011106353266347062,-0.005989843478212271,-0.00928829138261621,-0.007664973194456012,-0.008407143965136818
2022-06-10,-0.004488095218399037,0.007971873728277585,0.001082839836001056,0.005320511463975076,0.0035874156988253366
2022-06-13,-0.020151792488396388,-0.014221715670400783,-0.017190989561491822,-0.01499978388267186,-0.01564833369768973
2022-06-14,-0.0037203424464519906,-0.004366302502622414,-0.003778291539201721,-0.0039544666924306235,-0.0038278746190165613
2022-06-15,0.01201679982356927,0.009827824692902219,0.011119900353110149,0.009496146612873941,0.009446794981739988
2022-06-17,-0.027882383920712874,-0.0115347576385052,-0.021249614416684045,-0.014472357852791657,-0.015897254941858233
2022-06-21,0.0011816811823010672,-0.0017514635792253745,0.0005887299357730506,6.394366939750071e-05,0.0008763054434289642
2022-06-22,-0.0008213711279407413,0.0016453646907032395,0.00023009212581104438,0.0012259772247292927,0.0009845052069964186
2022-06-23,-0.006157535922345297,-0.004022947266982421,-0.004374442032452956,-0.003165972867637981,-0.0029717181858107287
2022-06-24,0.01518004420171069,0.011123273398548928,0.014763082045152181,0.01364850103282241,0.014466210686496003
2022-06-27,0.0117662606203479,0.006050414299096902,0.008632292174321621,0.006208288493173661,0.006495773853911753
2022-06-28,-0.006958534947563173,-0.004084613762298198,-0.006243500912730155,-0.005193317933835617,-0.0057249368507154424
2022-06-29,-0.0021682441855140396,-0.003377864746982897,-0.002196168367911284,-0.0032272415586983246,-0.0033309727486117236
2022-06-30,-0.009181992087928446,-0.006989266618604438,-0.008207041483197149,-0.0072521318725514575,-0.007390981093849218
2022-07-01,0.00958739641639821,0.01098459837362257,0.010723943442764209,0.011663002144264262,0.011886843320033137
2022-07-05,-0.0014545056438361947,-0.003411592357988301,-0.0014964291996991846,-0.001762736241104962,-0.0011001541671289527
2022-07-06,0.0031842138036689244,-0.0010598352169128335,0.0014331721120860986,-1.3509845800998094e-05,0.000659937060656536
2022-07-07,0.010830629220361694,0.0025269056915330013,0.006681272019439195,0.0032853675014365663,0.004022882523372149
2022-07-08,-0.006777263498553601,-0.007825854388745604,-0.00756238797585849,-0.00813069314003525,-0.008121064316133698
2022-07-11,-0.015640645930304602,-0.00796780043132617,-0.011890147786025814,-0.008264201713309617,-0.008672967592601824
2022-07-12,0.002514053214824723,0.004586111085810074,0.0035040173965747478,0.004308892601357494,0.004084299177828739
2022-07-13,-0.0020916986167414725,-0.0012455339114552195,-0.0017153342102387656,-0.0017670823291411843,-0.0021145524523451
2022-07-14,-0.010472500904676163,-0.008221778736691693,-0.008997424089103909,-0.007808963979766097,-0.007644906145408755
2022-07-15,0.001884238819741783,-0.003231069102702858,-0.0002353366030319209,-0.001956944198131398,-0.0011869203540222455
2022-07-18,-0.003094023191829037,-0.002628477673691909,-0.003393946693673024,-0.0031313295674148893,-0.0032955304765037267
2022-07-19,0.01621263879236256,0.012042512259145743,0.014938553004912465,0.013614367018548632,0.014383407257034634
2022-07-20,0.0014180240180304798,0.00045147275239171394,0.0012455577123363145,0.0013159394732149335,0.0017891720257947434
2022-07-21,0.013424253409763403,0.0160221384536041,0.015023846490353073,0.01601300034889973,0.015759456694998557
2022-07-22,-0.003908135915472175,-0.0026941539560879513,-0.0037089311861400083,-0.003397369199201377,-0.00372661766133059
2022-07-25,0.009166662404251453,0.00013252822675287193,0.004876718201565411,0.0004014445764741938,0.0007579230017216202
2022-07-26,-0.010353029282495041,-0.00977360361337171,-0.010561219905950223,-0.010396434546503635,-0.010635497444678604
2022-07-27,0.014290216941672831,0.008433396058370325,0.011596390103763489,0.009133416067448294,0.009732675413809224
2022-07-28,0.004657166802740639,0.0011252529307216436,0.0025790700486500095,0.001137781826793643,0.0014352841870475027
2022-07-29,0.004077330260073277,0.00197169052561252,0.003209219763222844,0.002768430849485782,0.003298582084910303
2022-08-01,-0.009052762130807024,-0.004386419536528903,-0.007020857969808221,-0.004968467502263693,-0.005428915547183082
2022-08-02,0.009248516857258969,0.009330334227463051,0.009153331122773205,0.009272752249448336,0.009319882414095584
2022-08-03,0.010525203182645774,0.009865888246023715,0.010885888020028538,0.010795213607567591,0.011061952873762158
2022-08-04,0.011399827465734124,0.010868089656023455,0.01027665018464465,0.009692281048466792,0.009302943229690858
2022-08-05,4.6462998571627333e-05,-0.006550824854477115,-0.0032141826227564006,-0.005907287258203364,-0.005210768680197976
2022-08-08,0.004455324655720257,0.0005626920296815058,0.0015838509911279897,-0.00012649844222743258,2.7412278940769108e-05
2022-08-09,0.001140788456700595,0.002010044839562311,0.0013415515214709169,0.0015157472709849912,0.0012896276298462192
2022-08-10,0.005020342380619042,-0.002570475160300825,0.0012850514038039386,-0.000973944274314824,0.0003230270799603262
2022-08-11,0.0019527542548665243,0.00471095660951011,0.003715423822620302,0.004889400322106832,0.0047572247996771864
2022-08-12,0.022757712241158138,0.01607478719541024,0.019469359448170763,0.01657446048819342,0.017197484002021472
2022-08-15,-0.0019446748360781433,-0.006614221396439211,-0.004095847129049424,-0.0054429190101185024,-0.004586318094079338
2022-08-16,0.00632004889439282,0.006177818898439666,0.006450958254791018,0.006423614713944177,0.006532619662230944
2022-08-17,0.0019151374889364236,0.0016652310284478,0.0018037273401033704,0.0016317252604428965,0.0015861954721688963
2022-08-18,0.0009986773253043881,-0.0007567711367281466,0.00028228271131047284,-0.0003812129858190247,-0.00012662069402107098
2022-08-19,-0.014917217073466126,-0.011048051238190656,-0.012852497039508758,-0.011456467219150534,-0.011961435803457005
2022-08-22,-0.013310723920792666,-0.011916964951624956,-0.013201451697267228,-0.012912266986710198,-0.013351344039559872
2022-08-23,0.009470859252911452,0.003980942261584194,0.005974809496763349,0.0032932732259770997,0.0034774829458432245
2022-08-24,0.0008663870996019388,0.001912422009154583,0.0013968509878110658,0.0019439657435157366,0.001880800796854165
2022-08-25,0.00825407928801769,0.00671538959766637,0.007903614154945266,0.007466590440871984,0.007846617735276071
2022-08-26,-0.01815363604098362,-0.017039741674913525,-0.018552364227221507,-0.01872081383954996,-0.019338679017918733
2022-08-29,-0.005231802189279072,-0.006135143212256246,-0.00613917904354084,-0.006678029059195978,-0.006751935363878862
2022-08-30,-0.015732172233732255,-0.00997144676467388,-0.013044334861049505,-0.010218741412487334,-0.010595404614649822
2022-08-31,0.0028919512279997205,0.006244733531502846,0.00518343514550153,0.0062086473189980045,0.005733860798528935
2022-09-01,0.0040847938909592705,0.0012286814572857368,0.0027399765107979737,0.0021627104461771868,0.0028230105109518146
2022-09-02,0.0022579605738894852,0.003556113958025617,0.0023731082107289357,0.002067674562934251,0.001355515101104042
2022-09-06,-0.0038917763498300534,-0.0009198118680349118,-0.0020733810250527793,-0.0007969261981795466,-0.0010364717775168746
2022-09-08,0.00686426520430579,0.00392298801362181,0.006285647202032771,0.005456006812050901,0.006103343303165606
2022-09-09,0.013190242386097945,0.006260596746886175,0.009649053516776467,0.007091025683014274,0.007981985342601172
2022-09-12,0.00617582786610462,0.0020797894456816113,0.004158846404351477,0.0025417362384021033,0.003019098399432006
2022-09-13,-0.02225082421487593,-0.012558750432535667,-0.018345365532963193,-0.014995056732460687,-0.016513113830831518
2022-09-14,-0.0008273458627503878,-0.0027002176085704436,-0.0014472614082046969,-0.0021079627690219023,-0.0018006949431444283
2022-09-15,-0.006389414102091392,-0.007717308501354551,-0.00693522012540789,-0.0071339917406103215,-0.006767739576541336
2022-09-16,0.002634501053942413,0.007769872852622468,0.005329658901284972,0.006716369980993327,0.005768515833932501
2022-09-19,0.01330971387111702,0.003868347804761418,0.008475732042668094,0.004462719256217103,0.005357282642410642
2022-09-20,-0.007119018716835069,-0.009571908725188278,-0.009255867090580797,-0.009967304726292318,-0.009658953597003505
2022-09-21,-0.0066276642358968,-0.0013660113434976868,-0.00473857359527499,-0.0030833273095776147,-0.00403813334131248
2022-09-22,0.01154942595726159,0.005924022743938835,0.008344528971731555,0.005361876578933301,0.005498177878264437
2022-09-23,-0.018211818386765662,-0.012077478928901564,-0.015207055612936395,-0.012081003167138232,-0.012387695538041588
2022-09-26,-0.008530737025080134,-0.0008597953154476182,-0.003986524856387637,-0.0007902264476093177,-0.0014638975305686786
2022-09-27,-0.003705806962160007,-0.0019672224359903465,-0.0028077735144445555,-0.0023213497377650894,-0.0026221030167769468
2022-09-28,0.010034950365691594,0.013469666056655179,0.012322595902583859,0.013495503042677846,0.013038898142435628
2022-09-29,-0.0058157420169810525,-0.0006827412006109155,-0.0037717006845356597,-0.002369018854181242,-0.00337135956597953
2022-09-30,0.012015317206669044,0.009558723970882102,0.009780696164015147,0.008108836569769661,0.007914711834949097
2022-10-03,0.027147913374958806,0.012912556423175188,0.01844898939877657,0.01255164314588177,0.013948744389137435
2022-10-04,0.0034678229637656773,0.002950164232533039,0.003870127195902857,0.004477432948899457,0.00503481038741582
2022-10-05,0.011551626674042702,0.008665225789602578,0.01066716086551271,0.00910818603489246,0.009232478294236611
2022-10-06,-0.0021425311225662463,-0.0015160914894887445,-0.002435991553019426,-0.0023025291626977877,-0.0024982881032668326
2022-10-07,-0.011803778193851417,-0.009239703499799514,-0.011115454543903554,-0.010681476390149686,-0.011361629490768374
2022-10-10,-0.009694424110294593,-0.013427891988077301,-0.011808786637267806,-0.013008387206871455,-0.012416723873817506
2022-10-11,-0.009049345425706219,-0.00390463598369361,-0.006730585506599299,-0.00421030760687333,-0.004558829629594047
2022-10-13,0.01309413529394757,0.00939674302616582,0.013473686057635983,0.011833081166844952,0.01231947151919674
2022-10-14,-0.023575900210795246,-0.018203581814014286,-0.02168740979621657,-0.019147750241380473,-0.01959891968075584
2022-10-17,0.01418205529163626,0.00730079692135251,0.011566583592662695,0.009191496283647826,0.010254882732216156
2022-10-18,0.015333532882408091,0.009092256004564135,0.012420241767966933,0.009805091076783888,0.010469579965853988
2022-10-19,0.00034011279346646907,-0.0045906031874275895,-0.0020833644328359523,-0.004082124765551527,-0.0035384540512096276
2022-10-20,-0.0022928716642094875,-0.005447905981251113,-0.00465232485444948,-0.006123447125295902,-0.005952502170342935
2022-10-21,0.02230657854295334,0.017338571921764453,0.0201415270520164,0.017899877840116332,0.018338941222989805
2022-10-24,-0.015781571393831233,-0.004981246107111595,-0.009245498828314509,-0.003579429545434419,-0.003929387009647498
2022-10-25,-0.0005363463934417886,0.0012280781262573582,0.0015547858794210784,0.002632239068258,0.002725328442526825
2022-10-26,-0.00953517492187769,-0.0018422786469210262,-0.005674669750252218,-0.0027569348333569897,-0.003743248317235167
2022-10-27,0.00788132178998257,0.0027386687884271336,0.004586034460108692,0.0020295592700019607,0.002310590662226937
2022-10-28,0.0059006595791852275,-3.540638557938471e-05,0.004591871638748736,0.0030928230462498947,0.004407122211997488
2022-10-31,-0.0010820677263108432,-0.00959314659809274,-0.0063184381548187065,-0.009859294534632572,-0.008942743822906619
2022-11-01,-0.0052208238217704905,-0.003740253298364848,-0.005979606219593806,-0.0051773129617951365,-0.005305861218044514
2022-11-03,-0.011676790022575304,-0.009353658946947879,-0.012204890905430945,-0.011738683548820766,-0.012375360502330238
2022-11-04,0.0064926076114108205,0.01010010387752308,0.007383295789874919,0.00859022652869486,0.007975068347024484
2022-11-07,-0.011424437965759876,-0.005305195159347554,-0.00718155400723863,-0.003955553394705805,-0.004167052596414124
2022-11-08,0.02053121768447998,0.02576205020691072,0.023536425886431504,0.024182947333991053,0.02273336011021738
2022-11-09,-0.02165637299469325,-0.014025930945809794,-0.018513451099535193,-0.015523826370336447,-0.016499081500823885
2022-11-10,0.006288756132902005,0.021559130105998917,0.017338207465033097,0.024088175449499576,0.022811328815111966
2022-11-11,0.019030750469820678,0.012897490514376199,0.016048904667986048,0.013223416058343818,0.013730655816089916
2022-11-14,0.0028563275914524886,0.0036771282956623258,0.0025674651529420276,0.0027160126360645043,0.0024678573906083707
2022-11-16,-0.01476336799846574,-0.007655895865243233,-0.01051025697148218,-0.007544499592326622,-0.008292176809522558
2022-11-17,0.01066443806495276,0.009915932121907304,0.011727816715292381,0.010456460606565184,0.010040098184529486
2022-11-18,-0.01683680883607558,-0.019748069359724146,-0.018618849039148164,-0.018745095216753303,-0.01780296266171064
2022-11-21,0.0026190009169929397,-0.002477084647500481,-0.0002819467506893249,-0.0025585982074511947,-0.002081044721527743
2022-11-22,-0.003072253394139743,-0.0005178548746468946,-0.0012305048452645277,0.0007034197623003645,0.0009572343725494942
2022-11-23,0.009532954468609885,0.009577823591234056,0.010510691389863812,0.009712701160759356,0.009268152407461852
2022-11-25,0.004477264309475164,0.00499172878326764,0.004926162889036643,0.004880023346937115,0.004684120005623457
2022-11-28,-0.001581132992265039,-0.002588783683469083,-0.002215786172300481,-0.0032860743155012032,-0.0035734524107647685
2022-11-29,0.006866330598221935,0.002414212134972894,0.00369233921671859,0.00184125850604414,0.0022658049037375502
2022-11-30,0.018891675594896955,0.012502041746545971,0.016910260354705803,0.014366228328487093,0.015179288911656342
2022-12-01,-0.015211854955084385,-0.0067910457060335215,-0.01234910173857065,-0.00881212284949192,-0.009590142368285311
2022-12-02,0.0035274790729487096,0.0025021442709620948,0.0027248732002089306,0.0025159164450141345,0.0026454562202882135
2022-12-05,-0.017215409038416278,-0.014739757004667484,-0.01565035618310844,-0.014402568783998478,-0.014481060137958619
2022-12-06,0.003027120917144977,0.004063380288135878,0.0025827504343752866,0.0020226779829231644,0.0013830455911969357
2022-12-07,-0.006578714699175716,-0.0017552304416779086,-0.004699568719191485,-0.0029379637258569466,-0.0034142255339974477
2022-12-08,-0.009784581931117085,-0.008469240264408675,-0.00836580494776522,-0.007272913566973671,-0.007055826315235876
2022-12-09,0.003668756895468356,0.00623316893460892,0.004520560714649559,0.00514939984834989,0.004704038723280553
2022-12-12,-0.005009597579989868,-0.006980795325213799,-0.003898347390558442,-0.003944872410466185,-0.0031665330297548887
2022-12-13,-0.01079932601120891,-0.002808155228099901,-0.0071083935307436116,-0.003321580846776953,-0.003773788415470386
2022-12-14,0.0064437822514836875,0.007119149039740774,0.006746452981152602,0.006468342264604524,0.006266513846583504
2022-12-15,-0.011523136645120674,-0.011237829150355585,-0.012547901080650558,-0.01252429717831869,-0.012766637510265405
2022-12-16,-0.009417854202225313,-0.003070329181031399,-0.007444717386211615,-0.005257308746688311,-0.006082039470252404
2022-12-19,0.013268506666147723,0.010409354746515949,0.011434568657776211,0.009465868624553783,0.00929707568572504
2022-12-20,0.010606487968084903,0.010596008978808509,0.009294841837057404,0.00844643282420329,0.007925664127922892
2022-12-21,0.0018772326825526864,-0.0025706284558993293,0.00031147146704698736,-0.0008287179296325392,-0.00013914585774523952
2022-12-22,-0.005392423403249069,-0.007750263439787305,-0.007026221574647768,-0.008359140075531528,-0.008388160399422312
2022-12-23,0.00897788849345841,0.0062092960735901205,0.007097917174690358,0.006180304136807524,0.006379288846857027
2022-12-27,0.0013586838363085962,0.009780209560614662,0.005574789918266032,0.009198025160420798,0.008599455377284881
2022-12-28,0.00544326658073131,0.0035156092811732386,0.003481177239137206,0.002025500915979729,0.001787864559306668
2022-12-29,-0.005468336550747218,-0.004840385514583445,-0.0048529762817201595,-0.0034694222633630564,-0.002998485657442103
2023-01-03,-0.032087311887670625,-0.013560687552964083,-0.022998224081896165,-0.014211814954023454,-0.015212914275301557
2023-01-04,0.018808146787498384,0.01729199768469448,0.018560978205961514,0.017101767623081646,0.016957376224980482
2023-01-05,0.006071280812804727,-0.001632510475569206,0.001466012953840913,-0.0018442842172381878,-0.0015123051388578883
2023-01-06,0.0074579061797675865,0.003660775784874934,0.005494398764847869,0.003915617882960258,0.00417639793699314
2023-01-09,0.000800383100805918,0.003044215828982844,0.0016848072925247353,0.0028045006787673875,0.0026808663940583372
2023-01-10,0.0066742379812659595,0.002941810589446374,0.004371643555763687,0.002984759478095579,0.003259911506316298
2023-01-11,0.008359308633637527,0.0026760249461521197,0.0056423309115598026,0.003726574768636507,0.0043769359534192075
2023-01-12,-0.004774300864924171,-0.003056741852876942,-0.004171625122213444,-0.0038101282703213134,-0.004141683318944995
2023-01-13,-0.004380003750606124,-2.5799445377232434e-05,-0.0023101129866768305,-0.0006195150581184737,-0.0010225945963517821
2023-01-17,0.001642443612769134,-0.0004978061294720637,0.0005504292176900469,-0.0001719771328844999,6.763791762387932e-05
2023-01-18,-0.006044597290079505,-0.0018287704388291004,-0.005642721232076659,-0.003419580644585756,-0.0038038969411749966
2023-01-19,0.01965687321661101,0.024331681387213165,0.021992566640154705,0.02223816472003019,0.021144027253069173
2023-01-20,-0.00398949593287699,-0.006672977938525635,-0.004028530653734038,-0.004212108595454287,-0.0033980874736209534
2023-01-23,0.001067075634716391,-0.0006827956450927306,0.0009707810797468412,0.0004794462085373486,0.000835721968672555
2023-01-24,0.006058829004483749,0.004646161267985319,0.0047971885162004565,0.003983881283468838,0.0038898367084337455
2023-01-25,0.002846874101346966,0.0003200476924990188,0.0009400124580245751,-0.0002874725937802795,-0.00031419354403561576
2023-01-26,-0.0001616378852322446,-0.006050584347795714,-0.002004916696767769,-0.0039415625864571546,-0.0031172523662039483
2023-01-27,-0.013942776568719319,-0.010061430803117978,-0.01192806099706522,-0.00967599195696708,-0.009620659601869792
2023-01-30,-0.0021558514773268923,0.00033032184691524297,-0.0015589005458612696,-0.0007675445426346258,-0.0011579215998381563
2023-01-31,0.01237362464777787,0.00714101820233438,0.010451166744074767,0.008093124739006639,0.008539243795367493
2023-02-01,-0.005806493095578842,-0.0014511040162443639,-0.0034414407968154704,-0.001506532994167143,-0.0017126514149717815
2023-02-02,-0.022200496452423172,-0.027804689655680778,-0.02397494800799104,-0.024465037902411085,-0.023008496567245632
2023-02-03,-0.005058505694624051,-0.00782840312498375,-0.004981528571305759,-0.005995359161308245,-0.005410729151941358
2023-02-06,0.007573627549983302,0.009356835200055256,0.008475666107185727,0.008701637093852905,0.008446432748981481
2023-02-07,-0.004042444637869423,-0.003552968353320744,-0.003042924502428496,-0.002122328223675654,-0.001646231886724102
2023-02-08,0.013223444328801865,0.013345964583134022,0.012355200961476699,0.011818341951895045,0.011283131266534406
2023-02-09,-0.012054757076663775,-0.00963235680547382,-0.010430983045608511,-0.009253605498017839,-0.00922604583477505
2023-02-10,0.00542324002418041,0.0035177638053261236,0.004871726217487826,0.003557145799705789,0.0035896806525203416
2023-02-13,-0.0007418922226906897,-0.006074085068768063,-0.003161219990666898,-0.004835738182893743,-0.004302252322279028
2023-02-14,-0.008861736410773762,-0.007248722733845306,-0.008092399621218231,-0.00721206506825019,-0.007243234320314133
2023-02-15,0.01517699007503611,0.01015452962640645,0.013303727094096385,0.011300953340578786,0.01175144603914173
2023-02-16,0.0012469883255610283,0.0024534557568783337,0.0012184633480885074,0.0011540383529204106,0.0006695825482336156
2023-02-17,-0.007495845121183313,-0.0061459840137418455,-0.00721140124030216,-0.0068185127724337755,-0.007017670533926046
2023-02-22,-0.020343175279272978,-0.017070692346984526,-0.019381583195351618,-0.01820026005938942,-0.01864064061109948
2023-02-23,0.0004823713090089432,-0.0023743026867801293,-0.0008453360172675895,-0.0019488417293371705,-0.001774548587118971
2023-02-24,-0.011269491854801004,-0.006936443455509256,-0.009098691853159082,-0.00709600565972212,-0.007164323372810559
2023-02-27,0.0027429469912103404,0.003473771290866224,0.0033183644096053946,0.0035547261335078556,0.0035633133782582388
2023-02-28,-0.004084043720203038,-2.815063292666692e-05,-0.0022838838279356758,-0.0006088794541407647,-0.0008654369477345515
2023-03-01,0.000422497131934176,0.00026440732650179666,0.0006314948943650467,-0.00022319236362758305,-0.0005368902646618148
2023-03-02,-0.005788075946406221,-0.004593173748972213,-0.004684326134770835,-0.003664075053742724,-0.0033224448037050846
2023-03-03,0.008425060730875946,0.007908235671480999,0.008638152393746127,0.008558670215143047,0.008769818671460879
2023-03-06,0.004039879827047697,0.0004660765474121268,0.002136662577570323,0.0005028013975990445,0.0006615500602838262
2023-03-07,-0.012012169834172283,-0.012240708689949958,-0.01268322725258729,-0.012400236477312563,-0.012371223744738858
2023-03-08,0.008947253684409781,0.004174015595795919,0.00590789535464244,0.003934525102619622,0.004091589349224666
2023-03-09,-0.011357278235065235,-0.0021605577029959215,-0.008230284156319878,-0.004982813660811035,-0.006049813267670295
2023-03-10,-0.0036842422189807913,0.009300331820943041,0.0014927169907297554,0.006074962542182812,0.004692664826191843
2023-03-13,0.005782112677729813,0.015641751395769826,0.009986442177806188,0.013510532687433009,0.012556353835601813
2023-03-14,0.0013735291673274328,-0.003670345203181481,0.00022148666567044638,-0.0013620649877696361,-0.0005648936233106187
2023-03-15,0.0031101384196363657,0.00916285879586522,0.005489348827508451,0.007677010443011129,0.007115758547497706
2023-03-16,0.010144805836856017,0.004014381813678073,0.008254145360405293,0.005634449742353756,0.006198208704477841
2023-03-17,-0.007847642763485778,0.0058716821938092235,-0.0027212373399141325,0.0022108675233263424,0.0006838694888852733
2023-03-20,-0.005768023528339671,-0.006384444285112311,-0.005271518171529269,-0.005217468977391855,-0.004907440658775258
2023-03-21,-0.0007370392249218114,-0.009319594217897822,-0.003444211019575539,-0.006178605476393457,-0.0049918390630385385
2023-03-22,-0.0021375591810227,0.006816015456916328,0.0008927990256748291,0.0034782469525168275,0.002197872410799796
2023-03-23,-0.013109605583172167,-0.004026482652553147,-0.008761273223856952,-0.0047176406468820205,-0.005157186153632233
2023-03-24,0.008806669249836849,0.0015072484421493346,0.006084279782633125,0.003039754022800589,0.0037050759494175766
2023-03-27,-0.0019115121277357599,-0.007384359607211743,-0.004654627446774111,-0.006531328426944933,-0.006058948799887871
2023-03-28,0.005141367217057396,0.004840523940775223,0.003894141717277236,0.0035331162172954544,0.0032127639649606964
2023-03-29,0.004215045284159219,-0.0019584098014626063,0.0021601645427626053,2.0859418420680846e-05,0.0007503859153957332
2023-03-30,0.012386220288048097,0.010679892573792937,0.01102416523857022,0.01014131218164777,0.010066306666882519
2023-03-31,-0.013011237004863037,-0.015084133992785104,-0.01292581925806504,-0.013118133628093973,-0.01245198642430902
2023-04-03,-0.0016086098193420343,0.00036749035915517125,-0.0006146975970920877,0.00023064533649748826,9.511482855430786e-05
2023-04-04,0.005195975810448489,0.012325625039089912,0.0074124507719745296,0.009769992531935612,0.008869337694965583
2023-04-05,-0.008841170138470815,-0.007878467838663578,-0.008515136990995303,-0.0080930427270555,-0.008163276162836762
2023-04-06,0.00040086175951950124,-0.0014957224373956513,7.412340383028881e-06,-0.0005821358586718397,-0.00022592143186551594
2023-04-10,0.006706584191484212,0.002588912033675563,0.004932606101621137,0.0033488599842353734,0.0036603784617923194
2023-04-11,0.02041731970680499,0.014257070638262969,0.015925506323228835,0.013378594076716939,0.013307075481335875
2023-04-12,-0.0011794274483837087,-0.0020573036910953323,-0.002495583440092962,-0.003175552903045671,-0.003435969988030653
2023-04-13,-0.0020342466742366643,0.0010404020757895896,-0.0005923133671197837,0.0009262816210705615,0.0008907660677936718
2023-04-14,-0.00014377703761285225,-0.005750072181988558,-0.002051966317295873,-0.004414124791268966,-0.003894727639108501
2023-04-17,-0.0026814888258052914,-0.003519698839055425,-0.002820999848102581,-0.0028273755104262733,-0.0025619175291818515
2023-04-18,0.0035286805577508257,0.005517840720621724,0.004544586988705111,0.0054402497420653825,0.00532248011064349
2023-04-19,-0.00908903793703251,-0.0033037947589725294,-0.005468398791951395,-0.002668744204560123,-0.0025999480360593603
2023-04-20,0.003050862641557538,0.0038524915121037665,0.002935199901847288,0.0028310943569399664,0.002522147523414086
2023-04-24,-0.001670702730897096,-0.004127273075111632,-0.002385326658133616,-0.003478054205553396,-0.0031987293487672486
2023-04-25,-0.007910455529079163,-0.0013783112874922847,-0.005788839077848309,-0.0033429566879138784,-0.0040576782383627726
2023-04-26,-0.007007911571323296,-0.007195680065281815,-0.006910555127078694,-0.007040467034006645,-0.007007692145918411
2023-04-27,0.005230291488571651,-0.000963908407561268,0.00304791522111924,0.0007483688566572614,0.0014191721820937322
2023-04-28,0.007635123332194647,0.005510035496761961,0.006411600867086483,0.006047529057835125,0.0063523715622552145
2023-05-02,-0.012494805705320007,-0.0007737724056777643,-0.007322486046297305,-0.0030265866544729636,-0.004010900834561221
2023-05-03,0.0003253464670309203,0.002036016689255973,0.0006835227662914007,0.0006350251240074908,0.00011989613802737106
2023-05-04,0.00017395160214295463,0.003310275757954066,0.0007692413720779171,0.0018108126393181934,0.0013463014061329875
2023-05-05,0.014765682649067932,0.0014877053484113366,0.008886263352464563,0.00415418396351907,0.0053824719375593945
2023-05-08,0.003006928366318886,0.004411505939459527,0.003209795950785249,0.004260564792641604,0.004247052382870375
2023-05-09,0.010991705584524248,0.011213362579733127,0.010790962241953375,0.010201188879941325,0.009823856408008048
2023-05-10,-0.001852784806479234,-0.004482932806113577,-0.0032532123427268292,-0.004021104704938741,-0.003720825942297708
2023-05-11,0.004041317179252386,0.00047662373782925924,0.00235209332721485,0.0010102358917326696,0.0013316395488965022
2023-05-12,-0.003623645170149671,-0.005290234902256439,-0.004810125073503921,-0.005274377757331399,-0.005129934217399496
2023-05-15,0.003946484476658194,0.0020512153117149367,0.00302088762947898,0.00214785870083403,0.002241676774270265
2023-05-16,-0.010482407380157618,-0.009748635254327604,-0.01018662362848689,-0.00927462450596442,-0.009060951889663006
2023-05-17,0.013965820505624114,0.008709281940987048,0.012216414164225059,0.009963288548846738,0.010475082054257729
2023-05-18,0.0027792530837883107,-0.0017419965959643124,0.0011596966632288425,7.164927713085988e-05,0.0008715238250047425
2023-05-19,0.0061381048714103555,0.0095828605479914,0.007400759813351282,0.008672186377786264,0.008266130080220596
2023-05-22,-0.004791214938593104,-0.0053705476331522995,-0.004967489370124641,-0.005154554756891533,-0.005070775804902309
2023-05-23,-0.0034655117816815113,-0.001380597155806478,-0.002962692832482784,-0.0023900901956605074,-0.002778874728189165
2023-05-24,-0.010932840705394718,-0.011311496922245623,-0.01112788790848187,-0.01124798217351337,-0.011207337201331158
2023-05-25,0.009241131317447445,0.00660467261056382,0.008422024929530212,0.008071835917985281,0.008692937605028027
2023-05-26,0.011501679449886722,0.007780210795524476,0.010363071050217157,0.008507981196078176,0.008777168710107955
2023-05-30,-0.003992722213111888,0.0024763887533423103,-0.00013801573457952537,0.0020592790083158547,0.0015266064657993353
2023-05-31,-0.000838527436712658,0.0019613530351550836,0.0006141409900587834,0.0014098875267290032,0.0010659831731716066
2023-06-01,0.010619996493158364,0.00659885997333038,0.008065266974131657,0.006686920720649221,0.006975645968992909
2023-06-02,0.0034858762570440485,-0.007468646914672394,-0.0017613898984212308,-0.005167863629681192,-0.00385538961727022
2023-06-05,-0.0015703530456350101,-0.00035199941281319273,-0.001473114822610872,-0.0010011086722529732,-0.0012088834649988222
2023-06-06,0.011700774790344376,0.00846469920382092,0.009855165656833384,0.008519171278200458,0.00868759159078742
2023-06-07,-0.0005488420094646007,-0.004796759023549239,-0.0028720819857704382,-0.0041289251679111644,-0.003649924818720183
2023-06-09,0.011615506324707035,0.009170523672247544,0.010294160550333708,0.008946754945694104,0.008940304968706724
2023-06-12,0.0023461160617734007,0.000707283178901722,0.001832641771435559,0.001322510353492895,0.0015789691689300004
2023-06-13,-0.00654049094867115,-0.008234408182669043,-0.007027463102802129,-0.007250682473847481,-0.006874809514302892
2023-06-14,0.012766428105829645,0.00812962226047424,0.010108932179340878,0.008142658051966501,0.008328504014447057
2023-06-15,0.0026177953594864983,0.0022367320732676445,0.0026791410601433256,0.0025238583913089647,0.002627668379595915
2023-06-16,-0.0037135894399980755,-0.0019684325639256683,-0.002941610624983644,-0.0020356756962553067,-0.0021032655589054085
2023-06-20,0.0035071357097716644,-0.0007773168622743001,0.0013589581004188709,-0.000580477446452446,-0.0003515270428611784
2023-06-21,0.0024543546253336934,0.00010961869917222346,0.000959811318550593,-0.00010427738632529894,-8.970407272641764e-05
2023-06-22,-0.00902346586435417,-0.010041011149995432,-0.008835466410266042,-0.00912730301897083,-0.008846889561648152
2023-06-23,-0.0012094985484770357,0.0010050428834326413,-0.0006545614037206297,0.00018443971395456815,-7.583263342809931e-05
2023-06-26,-0.004336221000069212,-0.003448359098512583,-0.003909485459124641,-0.003720016106578036,-0.0038871887566641573
2023-06-27,-0.0005369739085928271,-0.001094737069938369,8.995644166243932e-05,-4.738839966553947e-05,0.00023897326763088085
2023-06-28,0.001306917452416692,0.0035389505820196004,0.0030645158799072376,0.0036671489616226355,0.0035674827950175933
2023-06-29,0.009294057295395222,0.006405719849928829,0.007671501181560302,0.006633696805933613,0.006862237417847111
2023-06-30,-0.0010888433440567901,-0.0015033516217565614,-0.0010714671712697763,-0.001326294717063954,-0.0012358180344275238
2023-07-03,0.004589355761219851,0.0028346437968135153,0.003117211200949843,0.002933222272943705,0.00309858399157343
2023-07-05,0.0019233392270418786,0.003798230189823348,0.003048502790341231,0.0038652384297159716,0.0038350787101155107
2023-07-06,-0.011272447027331942,-0.005382940531226556,-0.00818685320321866,-0.005674214274707563,-0.005972265115374823
2023-07-07,0.008451947230719792,0.006451979466950301,0.0069381576119595945,0.005760877283027251,0.005616442038177199
2023-07-10,-0.005635845840522546,-0.0036527448328035612,-0.004500974381629298,-0.0035687933975897352,-0.0035968539801978037
2023-07-11,0.0037201808645806003,0.003512182041413329,0.004284090147911511,0.0037596881673481945,0.0037244801326249406
2023-07-12,-0.004176247818307787,-0.002895943243810355,-0.004134266198888004,-0.0031812840894702493,-0.0032440709656653436
2023-07-13,0.011108128562669885,0.0072401380331180345,0.009241040719528769,0.007579518009059231,0.00786455847735812
2023-07-14,-0.009627342085954895,-0.008077570330202866,-0.008580293549120986,-0.00798258269551775,-0.008023185324176842
2023-07-17,0.007284672746328863,0.006675108411998155,0.007309107152798662,0.006791423414722389,0.006802971261920752
2023-07-18,-0.0015879790392678364,0.0013655275605078839,-0.00016584766709989645,0.0011701703194268197,0.0009940639903494907
2023-07-19,-0.0004128969419051348,-0.0009392600663186162,-0.00047987703343069986,-0.0008620340466986887,-0.0008359059649342144
2023-07-20,-0.0015046316684051773,-0.0023757568559854203,-0.002443696485131563,-0.002423189255354389,-0.0023208432411943305
2023-07-21,0.008859184977321891,0.004563445509536284,0.006206600315587451,0.004757051823464542,0.005076218272521737
2023-07-24,0.004549710471907961,-0.0002073366542284044,0.002105538703829865,0.0002146349170202174,0.0005966075046870669
2023-07-25,0.005253602098269994,0.005707638064812156,0.005371166755839361,0.005574351457220187,0.005515198912569391
2023-07-26,0.0027139602099522913,0.002326555083587996,0.0023265164461405375,0.002131815519145853,0.002062350413672013
2023-07-27,-0.02132764377677392,-0.018913258318165645,-0.020042514938096844,-0.018506851657692093,-0.01835574376424349
2023-07-28,0.006515337685863352,0.005923324631981092,0.006702057731841569,0.005993549084105131,0.005942322805549894
2023-07-31,0.011917978239163705,0.009887311184702518,0.010719057641705259,0.009859731332599464,0.009943609835528187
2023-08-01,-0.004812808742616442,-0.003488550829585973,-0.003956148854893129,-0.0031497478320648433,-0.0030390946064223355
2023-08-02,-0.0025298873542842666,-0.0016311337478839049,-0.002216495757217178,-0.0020466164641472066,-0.0022829262969890434
2023-08-03,0.003318410587639696,0.0070137604546167106,0.005398008915381865,0.006854283216147812,0.00663180579748036
2023-08-04,-0.0076201883186400605,-0.005292655174538081,-0.006578430903442363,-0.005669075093697522,-0.005920710466131116
2023-08-07,0.005648967764766638,0.004612898721892563,0.00591105608930998,0.0050761489091499514,0.005212022053721136
2023-08-08,-0.0014734301024186705,-0.0020441291932068602,-0.0016099456320235895,-0.0019530449794149902,-0.001920188527948029
2023-08-09,-0.008474823873533687,-0.007661977427244369,-0.008383277127414558,-0.007747042978858847,-0.007745372293756435
2023-08-10,-0.005605910006260042,-0.006494328944417204,-0.006391355448266275,-0.006401737688061193,-0.006261309745035634
2023-08-11,0.002356979536731562,0.003472352517646681,0.003250363749516334,0.0034030114060829265,0.003267153897449593
2023-08-14,-0.0008790350268635322,0.00156575978953776,0.001215810437734976,0.0018799709600435877,0.0017892467121144275
2023-08-15,-0.0031646870837041077,-0.0014260789595007138,-0.0023958467100701247,-0.0019312001359610646,-0.0021809144597965033
2023-08-16,-0.00569154654320165,-0.006069714169312185,-0.005972084931916215,-0.006154200424741032,-0.006157405833598764
2023-08-17,-0.004632164104048951,-0.0034446752864584606,-0.004198865940401644,-0.003796541907888074,-0.003941003130055751
2023-08-18,0.0018076713199567834,0.000531701990225434,0.0011019205190284937,0.0006015639849273007,0.0006652677096131977
2023-08-21,-0.0020426493756749804,3.085522301069066e-05,-0.0005108815007326503,0.00011905819995369852,1.9914002284735595e-05
2023-08-22,0.005180054292846207,0.0019641647524281606,0.002811291776947546,0.0018548303868687489,0.002043353494952303
2023-08-23,0.012268695033913007,0.008140406979022864,0.009977943454119507,0.008231664362646208,0.008440471257248222
2023-08-24,-0.011590451577452374,-0.008923719736826236,-0.010856289782974723,-0.009635802301496164,-0.009898975524266917
2023-08-25,-0.004347731883875851,-0.0035802044998687315,-0.003333131857106936,-0.0032140072811731243,-0.003196710173544405
2023-08-28,0.010874405433274564,0.008996547693537586,0.01004806366358067,0.00916522381044477,0.009278480977530363
2023-08-29,0.009149826702160961,0.008206909369810495,0.008687812700968987,0.008470976072426608,0.00861116606531634
2023-08-30,-0.004167335889576252,-0.0020603303655114,-0.0029125806088294314,-0.0020354027296577526,-0.0021120443012495774
2023-08-31,-0.005877360030845546,-0.00068311076524888,-0.002764988006899152,-0.0008489816859627215,-0.0011354839974247674
2023-09-01,0.0130819409810005,0.009778939745492217,0.011126383392897097,0.009890235078350719,0.010103956727138944
2023-09-05,0.000529960093320391,0.0002795886417152121,0.0008693436507380267,0.0003786175771346209,0.0003612529392392407
2023-09-06,-0.008702712788945155,-0.00714651673064396,-0.007826288454756957,-0.007313787986182342,-0.00744067025626027
2023-09-08,-0.00280877881055758,-0.0014513185725205978,-0.001990103447498874,-0.0016206663212880153,-0.0017719541983896444
2023-09-11,0.006180606359658552,0.0020658303929356986,0.003831723722399379,0.0024330110647093166,0.0027495007903115855
2023-09-12,0.003947221819513774,0.0024947763476535012,0.0028641161772119,0.0025530786113741257,0.0026817837652203975
2023-09-13,-0.0013900125682650914,-0.003927501106591061,-0.002748029427476408,-0.003699552111013991,-0.0035089909762814567
2023-09-14,0.004692934291328493,0.001045840186345282,0.0027633825629112038,0.0016303622543539062,0.0019895292508195044
2023-09-15,-0.00489948412534844,-0.002077263355153918,-0.004004227485629944,-0.0030614159714998433,-0.0034693003931136144
2023-09-18,-0.0022429909782138444,-0.0009630737590785069,-0.0016421234296969292,-0.001280990670114483,-0.0014448843276260936
2023-09-19,-0.0028262592838387453,-0.001787377122875678,-0.0022741108973818557,-0.0017991772721873895,-0.0018584609955832774
2023-09-20,0.001645432458704078,0.000943493531968434,0.0006335025682667008,0.0005157673418097022,0.00048044942655877347
2023-09-21,-0.011182765829840468,-0.006156659854422872,-0.008213171962565276,-0.006772252710666072,-0.007291299320246924
2023-09-22,-0.0015271490024243986,-0.0005847273001661085,-0.0012286004875206868,-0.0008021011428829599,-0.0009075217112455572
2023-09-25,0.004198837206473169,0.003659546288960754,0.004565257873351518,0.004081853758435415,0.004149007675324246
2023-09-26,-0.01294755981916711,-0.010768378181635006,-0.011923643678429182,-0.011150564524836728,-0.011368188581452037
2023-09-27,0.0027847619487467445,0.001982006014961116,0.0028898639845650006,0.0027491959192255133,0.002970216200718455
2023-09-28,0.009776480879140813,0.006050427300461397,0.00808452769639399,0.006605125369100298,0.006932876276505845
2023-09-29,-0.003036246818986486,-0.006180829483909354,-0.005123319347660668,-0.00562952557232434,-0.005184250792025113
2023-10-02,-0.004182242454398092,-0.003225040541604629,-0.002785153401556711,-0.0028278708864669954,-0.00287010641645736
2023-10-03,-0.010298336225226735,-0.004637979974869544,-0.00757552993497926,-0.005258547188244198,-0.005666276055972437
2023-10-04,0.007144808494105327,0.006359591002978269,0.007340080887264971,0.006501516308989377,0.006511737253668785
2023-10-05,-0.00016390298264706,2.570527478110133e-05,0.00017327410979813497,6.7502562093435e-05,2.809790681679077e-05
2023-10-06,0.01093841666678062,0.009674154614187816,0.010800661481958107,0.010138714837309857,0.010226747656916644
2023-10-09,0.0084408785516969,0.009540435654497255,0.008656022420097402,0.008948363978879187,0.00871713932985862
2023-10-10,0.0019745548812264567,-0.0031485403879177227,-0.0012104477265823168,-0.0027121479438160516,-0.0022156354587341176
2023-10-11,-0.00017741407829327,0.000682113784290448,-8.270803141303811e-05,0.0005275113880282566,0.0005148807358654376
2023-10-13,-0.002390779200206792,0.0065508061827841465,0.0016548046750137068,0.004742641600875956,0.0038280334492318824
2023-10-16,0.007231500763269436,0.002631053487896653,0.005420806354863017,0.0032826919491027117,0.0035862369977266457
2023-10-17,-0.005037708175954076,-0.0038329268153537376,-0.004552544157011642,-0.003989429280015968,-0.004031016659680783
2023-10-18,-0.0073133516039598015,-0.0011678661815440242,-0.00431644982695237,-0.002450967374680298,-0.0031435722402575377
2023-10-19,-4.9717605006048086e-05,0.002681737061678521,0.0008794475885176034,0.0018424140228892162,0.0014674294220118106
2023-10-20,-0.006209819772879033,-0.0044731714313373016,-0.005573748186868938,-0.005084505552245151,-0.005367816706032747
2023-10-23,-0.00817305863678479,-0.007828923844853055,-0.008254263264222893,-0.007610075035649584,-0.007523087519991608
2023-10-24,0.006602543562884167,0.003885349939360532,0.005304648551835271,0.004222437645281175,0.004430957047968187
2023-10-25,-0.00837596619986503,-0.005269865866600549,-0.007302303777128011,-0.006042502831854818,-0.006371368865960038
2023-10-26,0.009135301734869379,0.0064558730498997735,0.007026415977375918,0.006067716166664207,0.006071112104089989
2023-10-27,-0.014165423894313167,-0.00806972408154514,-0.011764886103242628,-0.00879683495061044,-0.009117548352734864
2023-10-30,0.0030147428231476953,0.0037769018807808255,0.0044830610230448655,0.004352244964648075,0.004398796712968527
2023-10-31,0.00985444628083242,0.006772126981358862,0.009016707665920495,0.007246608657467714,0.007384077256582835
2023-11-01,0.009268665643683479,0.003157447658875616,0.006125050273023935,0.0038799989665884776,0.0043403471327799386
2023-11-03,0.009884150351828044,0.004085234085705949,0.0062673829950560716,0.005165794475228357,0.005918238581418287
2023-11-06,0.0018022370091088475,-0.0005476444868963936,0.0008314328103980954,-0.00014574989382940606,6.49887186581829e-05
2023-11-07,-0.0005832743764942666,-0.00246752328725538,-0.0018536260922413794,-0.0020179457001317357,-0.001746323817724206
2023-11-08,-0.0018978407500695367,-0.0024316837237622485,-0.001956340418382585,-0.0019220077381442648,-0.0017499305977871388
2023-11-09,-0.0003308924322760097,0.00161923216289147,0.0003998393292392656,0.0011039658147999063,0.0008813419818558605
2023-11-10,0.012231270847347257,0.006194467380101866,0.009882286388499362,0.007315105489796435,0.007829526102891138
2023-11-13,0.00034503651010414936,0.0018533620218844997,0.0010500301479196479,0.0015582758225611022,0.0014020045971202327
2023-11-14,0.014077009715673768,0.010248308531428836,0.011689898242036484,0.010420548574492487,0.010559805291838194
2023-11-16,0.0073320806608919075,0.007584050903298972,0.007065527035417696,0.007537767144904388,0.007516073030610058
2023-11-17,0.0033965118117251416,0.0042932145412929714,0.00394063179963841,0.00421373981669791,0.004211936161037805
2023-11-20,0.007429429126514505,0.0035172978969722954,0.005504691619119612,0.003660726212198689,0.0037616969083167223
2023-11-21,-0.00044980278341926253,0.003505335354048964,0.0014532441211817539,0.0032780755110748227,0.0031485406000683696
2023-11-22,0.002996380873204916,0.0023567675330437607,0.002767650308530856,0.00250611387817535,0.0025733454547121905
2023-11-24,-0.0004680998035710887,0.00023354339247106605,0.00010993882897744404,0.0001597254483137503,0.00010336997203756901
2023-11-27,0.0016709422483794855,0.0030386883475541863,0.0022565745907378353,0.002933852026921817,0.002860030271479707
2023-11-28,0.0065838354033391985,0.007040166264662617,0.006675119472011063,0.006818378981549067,0.006720230288955841
2023-11-29,-0.0021812040665910733,-0.00012693954837847345,-0.0011633218056788228,-0.00015397811244228742,-0.00018463346974614548
2023-11-30,0.010113772964134267,0.008043936223774202,0.009288595248029812,0.008175699910468803,0.008244489270979491
2023-12-01,0.0075776459595430674,0.008496167440576487,0.007982192072826194,0.008327056876075043,0.008230382776122067
2023-12-04,-0.015633180957296405,-0.015241670478254527,-0.015629546279987562,-0.014926069992624337,-0.014776933781083712
2023-12-05,0.005198386580279891,0.0036927572314955828,0.004901530190837057,0.0037872994517916146,0.0038005791951727704
2023-12-06,-0.01098729170587037,-0.0097102224866795,-0.010478976038465652,-0.00977332580605088,-0.00983744378971209
2023-12-07,0.0018231805689250815,0.002419227269921028,0.0020726643173363517,0.002526525026411243,0.0025758403110565137
2023-12-08,0.0058530979410928614,0.0021040594851033404,0.004006005573370476,0.002348868784406491,0.002519147670770415
2023-12-11,0.001059415325284609,-0.0006855208181319168,0.0005643699342061656,-0.0004606649563938222,-0.00034640228115617613
2023-12-12,-0.0025715209927181367,-0.000899381621424449,-0.0015688754949158973,-0.0007614966414587005,-0.00073813291806339
2023-12-13,0.02512149444538528,0.02251369605876522,0.023901927470353856,0.022380306853551645,0.022319535907903754
2023-12-14,0.0004478787170050368,-6.42164033330363e-05,-0.0006750263696995107,-0.00016644975483357555,-0.00013499266168752236
2023-12-15,-0.0007954473031339681,0.0008330955138288237,0.00022920522481661233,0.00043563847829211963,0.0001599409848874317
2023-12-18,0.008229613865404878,0.005678560011553346,0.00705732227569552,0.005700050978252446,0.005739799778903776
2023-12-19,-0.0015217907691442612,-0.0034538990362259123,-0.002947121206663093,-0.0030641272673839572,-0.002686889177848029
2023-12-20,-0.009615286807950152,-0.007282061704638492,-0.008538506366968728,-0.0071217364550953625,-0.007087270526258759
2023-12-21,0.010576584884883276,0.00877774851706647,0.009684594035636606,0.008793597217901693,0.008846027744285005
2023-12-22,0.003065260368697792,0.001967392463130348,0.0024464754371435944,0.002116102689942499,0.002232282387554452
2023-12-26,0.004695154693723414,0.0027696383197723454,0.0036764742610736712,0.002969828435937116,0.0031237882743852118
2023-12-27,0.0031195716370231038,0.003077281773295831,0.002996170448500709,0.0032117146621199757,0.003303171692287256
2023-12-28,-0.0006599971143548936,-0.0006172523622576271,-0.000712143716904872,-0.0007310776489916234,-0.000747673039277859
2024-01-02,-0.004653997716764634,-0.0008348216431680924,-0.0023643438748750935,-0.0011441126787496375,-0.0015028328060168047
2024-01-03,0.0012549624250887345,-0.0009322028066155779,0.00016504520505681184,-0.0008532491711481623,-0.000758132022361154
2024-01-04,-0.007728162235535804,-0.005195240306655933,-0.006162706270743261,-0.005384290991916059,-0.005641492620957832
2024-01-05,0.0014858987302841587,-0.0011728930835175943,-0.00013538381900692344,-0.0009074227904926389,-0.0006195830765844426
2024-01-08,0.0021518162672905542,0.001319243571354023,0.0015960790713969674,0.0009013686450639975,0.0008094397554316605
2024-01-09,-0.005014904894729849,-0.0018215176592087507,-0.0032692932557744875,-0.0020075919935199963,-0.0022246575800320256
2024-01-10,-0.001877059349313411,-0.0013958160379816014,-0.0015008197738399225,-0.0017000235091818685,-0.0018824622605738183
2024-01-11,-0.00039959337020086937,-0.001163449490867911,-0.0007203017835872883,-0.0011191514308357565,-0.001098005462693103
2024-01-12,0.0010629334185989993,0.0013819743216896255,0.001164569768868777,0.0016300107528502532,0.001739638835647088
2024-01-16,-0.009661158613462341,-0.005467020194844054,-0.0074163690106138205,-0.005898128139418482,-0.006232913676390039
2024-01-17,-0.003239224466040899,-0.003786631003956635,-0.0033454616503762625,-0.003997619603533656,-0.004130984943403913
2024-01-18,-0.0015652677347681972,0.002896871027562663,0.0011397737635245365,0.002386054155236776,0.0018876359538752593
2024-01-19,0.002068645731610707,0.0031246183563926285,0.0024522815140433137,0.0027706491193510395,0.00263972068538816
2024-01-22,-0.004062903538196742,-7.221469108751815e-05,-0.002034580370917025,-0.0006234502395921541,-0.0009099583725974394
2024-01-23,0.013018196230888606,0.009831697329821705,0.011525012777567676,0.009993111129942701,0.010096125889443053
2024-01-24,-0.009203214010112076,-0.01056320130934716,-0.010275278968939134,-0.010619292809849919,-0.010526072766959766
2024-01-25,0.0052731062665458605,0.004688056501487329,0.0050915861308096135,0.004531939692573452,0.0044756962381122915
2024-01-26,0.002073251933155389,0.0003984786212946335,0.0010295510315408145,0.0006349079945259091,0.0008157502321408603
2024-01-29,0.0014886341542391121,0.004927246642012937,0.0033587180796314764,0.004530156027079512,0.004293127660633466
2024-01-30,0.00013060103394559448,0.00259553855324763,0.0017965305173100676,0.0022093707845704615,0.0019263335002361512
2024-01-31,-0.003372518900561395,-0.005572755134456107,-0.004556038125315234,-0.004646764674983588,-0.004246579140932564
2024-02-01,0.007006568754040503,0.007119867192979134,0.007094786865200759,0.006957513086648875,0.006891900637364602
2024-02-02,-0.006141809671488476,-0.0022828925333989304,-0.004326880222931522,-0.003331786181929254,-0.003775867563583351
2024-02-05,0.006588977056384553,0.005714398232902049,0.00633981872905587,0.005538950855666264,0.005451730776443861
2024-02-06,0.011208284347931002,0.005729915113057525,0.008067261904928149,0.006480660068163692,0.006951946960170547
2024-02-07,-0.0016132419115851412,0.00020433572378266077,-0.0007693093060999993,-0.00028066040462663907,-0.00047201799213581326
2024-02-08,-0.007147474517014813,-0.0024093857204705504,-0.004590428641627102,-0.002914100681905354,-0.0032322116137995954
2024-02-09,3.48371509318978e-05,-0.0013468560956708502,-0.0006301934467177659,-0.0016996624702985265,-0.0018149401683751007
2024-02-14,-0.009789205580943795,-0.010165423183240542,-0.010217789080779837,-0.010512741042652766,-0.010577943811378488
2024-02-15,0.006785866671950989,0.0065984001225077235,0.006698318079184854,0.0065504095674366655,0.006550351513114198
2024-02-16,0.005215986251512291,0.0031390356399585567,0.00420938315673722,0.0036066353417494785,0.0038239157785382033
2024-02-20,0.004807415030557053,0.001213304316474246,0.0030426027184095464,0.0019915952827215203,0.0023263494770045918
2024-02-21,-0.0006224204733060598,-0.0006667645479091404,-0.0007534445885892957,-0.0006455196745871476,-0.0006053761302763428
2024-02-22,0.004875511011688897,0.007495231341596959,0.006298583238349245,0.007059505391315922,0.006684249153852266
2024-02-23,0.0018758738801485165,0.005919565321654709,0.0043595134233515714,0.0055327736841778484,0.005093100055429807
2024-02-26,8.804585992739572e-05,-0.001705865895521751,-0.0008550619801756811,-0.0015681809556305328,-0.0014306189775215345
2024-02-27,0.008029156752114547,0.002284728442762676,0.004771080883721201,0.0027280756001894367,0.0032281127307797366
2024-02-28,-0.009463538914731697,-0.004166704177213601,-0.006775187175751997,-0.004463713398266082,-0.004765109462940171
2024-02-29,-0.0005929540971170074,0.0034235892815802937,0.001879556029526405,0.002969300132535751,0.002490642006905484
2024-03-01,0.004464976916345492,0.0071149591109305865,0.005961948533868728,0.006996500510634271,0.006831159293260187
2024-03-04,-0.0021052065667565892,0.0022610343947438998,0.0002974669679300434,0.0021345556248476153,0.001918303311326416
2024-03-05,-0.0023758179398799253,-0.0008396285574007711,-0.0016347275948431351,-0.0007413414778411902,-0.0006870705628937619
2024-03-06,0.0061286574642306696,0.005654530062510921,0.0058950428204708185,0.005745157086038481,0.0058073000923303955
2024-03-07,0.0005765218129971165,0.0027792983920810477,0.0019476037676781053,0.002461524261428177,0.0021481020885790614
2024-03-08,-0.004364712972215836,0.002807256604850515,-0.0005060009156614661,0.002351079877385107,0.0018796357914491204
2024-03-11,-0.003965441441627474,-0.00189031967445393,-0.0027256244807230454,-0.002097545209527277,-0.002313568461915708
2024-03-12,0.008071240863259863,0.0033231849628859588,0.00547734775544849,0.0034674538988426723,0.0036873420935992786
2024-03-13,0.0028227435937364146,0.00311083392660391,0.0029927334538704833,0.0031764949856112577,0.0032142397556078435
2024-03-14,-0.004483694814052259,-0.0035419113839042574,-0.004174826376439257,-0.003540567202037521,-0.003521736950190415
2024-03-15,-0.004712548986582139,-0.003333506284397128,-0.0038707410786844435,-0.0034257627538159694,-0.0035508758226308183
2024-03-18,0.0038772967100939347,0.00523823995034241,0.004658022351143794,0.005076372786698438,0.004914078713370286
2024-03-19,0.005851912744898397,0.005454922489948531,0.005744227192941215,0.005338789410562985,0.005249403728239602
2024-03-20,0.010844769179905595,0.008277276453926136,0.009532160387627754,0.008438406698208493,0.008609718957699457
2024-03-21,-0.008069319841803183,-0.006309774760489487,-0.007279451992697411,-0.006411327988361928,-0.0064948497848678595
2024-03-22,-0.0069523731383007055,-0.005429627883595483,-0.006137388968206338,-0.005676342018229368,-0.005852762236779866
2024-03-25,0.0004428874175317922,-5.059908344424007e-05,0.00034827740129951925,0.00014779763626820514,0.00019349284829969573
2024-03-26,4.3743678751023266e-05,0.000487820927254194,0.00035735694082536144,0.0005376793664614883,0.0005365277679969085
2024-03-27,0.007124172053018939,0.007114739970829178,0.0071524379489875615,0.007073951683537118,0.007043075953682439
2024-03-28,0.004729166746358017,0.007392112223592011,0.006266642071497789,0.007601265641232471,0.007573929819633155
2024-04-01,0.001409276920267871,0.007714430083771651,0.005344171808171594,0.0073854619207046075,0.006875570619992129
2024-04-02,0.0041649548521755005,0.004748887367215832,0.004648526057522362,0.005332007883568527,0.005526741051219062
2024-04-03,0.00453490259373975,0.006067119751640473,0.005827273334817886,0.005890893347398914,0.005649018042802739
2024-04-04,-0.009199024851114944,-0.011573878549072675,-0.011019651132131283,-0.010983553817357033,-0.010467768356462421
2024-04-05,0.0051431510322495376,0.011169387643577944,0.008884462146485014,0.010709904643700162,0.010161234853567454
2024-04-08,0.011214320751648625,0.006950407863420913,0.008835713197115472,0.007500057920732721,0.007910178096550521
2024-04-09,0.003206215335362642,0.0007035872559672659,0.0016858012856579248,0.0010518374619338168,0.001356221229103711
2024-04-10,-0.007932686585599827,-0.0036774248302362906,-0.005401950302374247,-0.0039298888464469675,-0.004290010939173839
2024-04-11,0.003100276164031655,0.008993121294650248,0.00669254026339875,0.008760232510683507,0.008338792020360482
2024-04-12,-0.006312163112460929,-0.005114921999830007,-0.005350426760352281,-0.005293927328376201,-0.005515526864395082
2024-04-15,0.0009578966905426712,0.00677983162577097,0.004540383566331509,0.007144276794777585,0.006997376030979851
2024-04-16,0.0024649191613851707,0.008487006284360341,0.006158725141843321,0.007996662580772022,0.007431622142351586
2024-04-17,-0.004566038963830689,-0.007023310893253814,-0.005985039511280796,-0.006819227331585057,-0.006625131861226833
2024-04-18,0.0005063654966676477,0.0013577360375043286,0.0009992547182865468,0.0014634092045096875,0.0014728642196764595
2024-04-19,0.003367805118916409,-0.0015449421643856853,0.0008003972258110588,-0.0008584720203942255,-0.0004013422612719009
2024-04-22,-0.0025083480775677128,-0.008441531174429565,-0.0062011917012221585,-0.008756593746996338,-0.00859751138031729
2024-04-23,-0.0033105013274145963,-0.0042341811068423545,-0.0037386476353193938,-0.004394521142163812,-0.004471718513533181
2024-04-24,-0.003210756633081947,-0.0024135185099878674,-0.0028395372747548582,-0.0024580501147742524,-0.0024935605967805878
2024-04-25,0.00016680083107579465,0.0021659421072033713,0.0011587613228160615,0.002221108620702,0.0022095469951716753
2024-04-26,0.007379339038019216,0.0030520621784784706,0.004829027393494593,0.003429227252464646,0.0037742777832200395
2024-04-29,0.0040185069295877165,0.002252895994869302,0.0030176960179828377,0.00236556612037957,0.00247211000068948
2024-04-30,-0.009661345459006092,-0.008852556835740292,-0.00917455821182484,-0.008992006568096143,-0.009098279160441293
2024-05-02,0.0044348728158486745,0.0005580129751236957,0.0022844650798125705,0.0008585186304196971,0.001134762388301188
2024-05-03,0.0034809753487222467,0.00022673192958949786,0.0014487504673803549,0.0003964617796014744,0.0006258651038534437
2024-05-06,0.0050563677634430145,0.0072826801161427045,0.006469629206459473,0.007020871531650859,0.006783232546102775
2024-05-07,0.001581669820965104,-0.0006688089986381117,0.00023207300985404983,-0.0004614007841016811,-0.00027981847654914914
2024-05-08,0.003034531617034964,0.0032615951891099134,0.0032013587756489284,0.003212269141241061,0.003164466643200439
2024-05-09,0.005177949357342427,0.012276979864205775,0.009555389621866429,0.011574391881406833,0.010925436690429016
2024-05-10,-0.0027009713232119406,0.00033907078926273326,-0.0011560358152580645,0.0002549702331357224,0.00014824550122236082
2024-05-13,7.145473620549347e-05,-0.003185099416789075,-0.0017493920918126788,-0.003030456227352827,-0.0028614678454193646
2024-05-14,0.004047852700310752,0.0045633755469022775,0.004381380712211836,0.004510881417151139,0.004468944929237982
2024-05-15,0.0015107097388677051,0.0069846362800291975,0.004440617442739851,0.006455038518156987,0.006063665589210771
2024-05-16,-0.0018583914136643509,-0.003199214099967607,-0.0027541937533109256,-0.0030393843418548643,-0.0028883131947904325
2024-05-17,0.0020526180144628814,0.004703466296134102,0.003509267704321438,0.004671303280525999,0.004588750233903942
2024-05-20,-0.0017185212659923317,-0.0002897933575493238,-0.0009529868411035786,-0.0003774081687921962,-0.0004550510640275285
2024-05-21,-0.0029940988236911675,-0.0016036587213184,-0.002372001676551077,-0.0017296174642000286,-0.001804205140678492
2024-05-22,-0.007876818307675547,-0.007033487324771471,-0.007062432274578576,-0.007494039933305253,-0.0078286600295743
2024-05-23,-0.010664959035370852,-0.012173397746248617,-0.011644642471534175,-0.012593881865546152,-0.012718617518192015
2024-05-24,-0.0006079723523351566,0.0013580968323784537,0.0004014942693017605,0.001045059514153514,0.0009451172043343779
2024-05-28,-0.0013646340939322812,0.00014116069490176025,-0.00047087540717234526,0.00039308689592999703,0.0004857281584831886
2024-05-29,-0.005015714339644361,-0.003289493603969052,-0.004070552212121775,-0.0035541592576210815,-0.0036145675455412796
2024-05-31,0.0012716509110315408,0.0028046902030056707,0.002229661846974985,0.0022598574866760494,0.0021374622445887986
2024-06-03,0.0008529007955383203,0.0021179522408249774,0.001606162503211776,0.0024632509237464202,0.0025410983653828666
2024-06-04,-0.001009701866090844,0.00020146916192039467,-0.0005121354626718557,-0.00027010689984341294,-0.00040579832439353403
2024-06-05,0.004617744242099388,0.007589058979208219,0.006400939729659676,0.007304247108397521,0.00723682873261909
2024-06-06,0.008686409192138695,0.0054232678268665326,0.007109526035657545,0.005906230391224647,0.0060375586446037134
2024-06-07,-0.02025429846813645,-0.01789710079505482,-0.0196821286236495,-0.019316110435976065,-0.019739864902096844
2024-06-10,0.011383445762797102,0.013696551031767548,0.013142046169397306,0.013563975104870844,0.013553053842804471
2024-06-11,0.0032967175939831025,0.002749310017858962,0.0028350130579328403,0.002915377167725422,0.0029471833483626724
2024-06-12,-0.00370721843202598,0.001576459411285697,-0.0007943576638052869,0.0009631824909046322,0.0007986841578865408
2024-06-13,-0.0012881131871704192,-0.0025069054850927943,-0.0017777011334025687,-0.0029211860869398417,-0.0030490826455183526
2024-06-14,-0.0011695092643967799,0.000600632256880753,-0.00038140134282959974,0.0011785901830162174,0.0013256509846250727
2024-06-17,0.002425870382636776,0.004483062543332456,0.003613025990928286,0.003667782528144983,0.003455556223525176
2024-06-18,0.003221690488318629,0.003325157153878687,0.003174430778257483,0.0033264434672609653,0.0033523840495274016
2024-06-20,0.0008447204561013488,0.001597970741496051,0.0009361129861873992,0.0023761116104924376,0.0025907139240431984
2024-06-21,0.0036628531040795278,-0.0006444026139392162,0.0014199243008875373,-0.0010536736043197108,-0.0011755762371086344
2024-06-24,0.0036898648797396645,0.0001700045521643345,0.0017568018251130457,0.0006916305225236621,0.000845507787009923
2024-06-25,-0.000771137131133432,0.0016956594205435635,0.00033080459281698547,0.001214167024157874,0.0010817910318022329
2024-06-26,0.006558353498794221,0.0074118133021446615,0.007141569611821087,0.007143828196208579,0.006991947999922641
2024-06-27,0.012118161574859985,0.010692774961793241,0.011450395727315184,0.010940005089922605,0.011082664028607732
2024-06-28,-0.0008510980958351138,0.0016489987408489762,0.0003462686149827315,0.0015706390861752121,0.0016379057059686026
2024-07-01,0.005446735131029066,0.007292469342318243,0.006175555216604107,0.007288716242685876,0.007298021577264778
2024-07-02,0.01014957205311308,0.01047158654920992,0.01085414507459229,0.010256812852292164,0.010169446470857236
2024-07-03,0.003364354482457789,-0.0013635396698123024,0.0011629893479807342,-0.0010154602722826616,-0.0009245360082135491
2024-07-05,0.009284517883192612,0.008690167992130342,0.009377101610491908,0.009031350747696712,0.00915445175926955
2024-07-08,-0.0038698337374100025,-0.00483497514061337,-0.004745300628337894,-0.005269888084052288,-0.005488162226622859
2024-07-09,0.0012260627792670857,-0.0011979499260913453,1.2289275621704497e-05,-0.0010581099128264676,-0.0010548655186765972
2024-07-10,-0.0015337891680091398,-0.00036684898695938517,-0.0011753072481745905,-0.0004284524958763399,-0.000523454412638166
2024-07-11,0.0074780098896837215,0.007465821125216369,0.00749850545673381,0.008087077078166515,0.008482929379921879
2024-07-12,0.009110593056812612,0.00823132390184046,0.008987849210018389,0.008079308760941208,0.007980165013888384
2024-07-15,0.002914783395013506,0.0036477747034005486,0.003183878803022391,0.003562123133995952,0.003569106819525628
2024-07-16,0.001608296995862297,0.003636529552852642,0.0027432926090142492,0.0039950939404486486,0.004212731776565665
2024-07-17,0.00046258415172649035,-5.641592954509504e-05,0.0001132744960959366,9.858160404303586e-05,0.0002372183340550336
2024-07-18,-0.006326365435776659,-0.0015379472415012999,-0.0038180231862040997,-0.0016906547562810456,-0.0016529910015693964
2024-07-19,-0.004143609762532295,-0.005913818318183808,-0.005219673748738371,-0.006292734601197964,-0.0064755314294114505
2024-07-22,0.004921822441731825,0.004149794046533126,0.004797591773392128,0.004105881008758183,0.0039603573218731595
2024-07-23,-0.004066079777613315,-0.001127666102109611,-0.002442788277201463,-0.0011412471882374221,-0.0010516970786191254
2024-07-24,-0.0020176901050897216,-0.002478266523938205,-0.00223439789637409,-0.002149455504750353,-0.0018583332614227396
2024-07-25,-0.005637607691603493,-0.007075231521903747,-0.006415826770317981,-0.007327618111387797,-0.007492516917428058
2024-07-26,0.011873546886255772,0.01203222179989827,0.01191612997210674,0.01200087924007182,0.011986111013762941
2024-07-29,-0.0016803670547847016,-0.0019297049454101017,-0.0016702777105828475,-0.001983943636924127,-0.001964236498307124
2024-07-30,-0.002091058887426125,-0.001232817125410851,-0.001320140543664567,-0.0004800220104577612,-7.688814689495383e-05
2024-07-31,0.013882357988969994,0.015816018514723713,0.014813762322273619,0.015911573097118763,0.0160297241338142
2024-08-01,-0.006876535588424628,-0.005778376540017535,-0.006574072801140739,-0.00526933093595217,-0.0051437593934061145
2024-08-02,-0.0035577736329157022,-0.0049728611329722386,-0.0034787191214116627,-0.004055078664592005,-0.0035570632733845768
2024-08-05,-0.009696747371014478,-0.011755173163316058,-0.010620692045115626,-0.011036820217161441,-0.010884842486539422
2024-08-06,-0.0037694055130663355,-0.006868516101972676,-0.005884225825413755,-0.007847952363365754,-0.008521725603766864
2024-08-07,0.0006634974758390446,-0.0025372607163344444,-0.0010886367587126455,-0.0023591855072519308,-0.002528380609552206
2024-08-08,0.015828659454958906,0.015779028290761755,0.01609809038130992,0.015510797253614535,0.015533164330999738
2024-08-09,0.0012160604957201092,-0.002446986725822336,-0.001078969781134064,-0.002692809518583707,-0.0031316095235574726
2024-08-12,0.00477752425825275,0.0042438325818182614,0.004815018259553645,0.004985333922504521,0.005297277691141386
2024-08-13,0.009973273385234146,0.008476472102899573,0.009158119082738395,0.007632201252821367,0.007267887360994099
2024-08-14,-0.0020397591616593607,-0.0020314864371075297,-0.002662713953827868,-0.0026568779354642297,-0.0030795434174150592
2024-08-15,0.008981561042098336,0.010419378407409658,0.009561427503287052,0.009796467720806296,0.009628661407060696
2024-08-16,0.00494369864876702,0.0055792718486428255,0.005795207504788392,0.006583426039169229,0.00712286667549404
2024-08-19,0.0066993191197124635,0.003934558929185701,0.00503909513870894,0.003379239460332361,0.0029609070729383026
2024-08-20,0.0023432129887710194,0.0047158995916500085,0.0033874571272856477,0.004977579830481864,0.005131455456131049
2024-08-21,0.0034920386731604213,0.0035529417764720195,0.0034989347978127134,0.0033439891581592343,0.00327409855866905
2024-08-22,-0.004246981412338542,-0.0010974137185935794,-0.0027080064019534378,-0.001231201626819614,-0.0011197904610655003
2024-08-23,0.006984441244855512,0.004699868733742278,0.006249211365897002,0.004815841473947372,0.00488116507376818
2024-08-26,0.002655683814452296,0.0021363539620596413,0.001973771123610568,0.001546186072314973,0.0012078349479670632
2024-08-27,0.0006874193959823764,0.0011912344676343956,0.0009780500499499201,0.001305344567561993,0.0014281417476145679
2024-08-28,0.0023782395527619264,0.0021148217510409224,0.0021300861395474133,0.0018451032554875522,0.0016988971862544376
2024-08-29,0.003973805088499035,0.0070801531427346085,0.005995200891309294,0.007848944715611124,0.008759463478222335
2024-08-30,0.0025998106543536114,0.0023750995475869097,0.002602068940574552,0.0019845753347517165,0.0018285724860301138
2024-09-03,-0.013563511620014734,-0.01270949039695311,-0.013191909153522963,-0.012069106716334271,-0.011782746437631983
2024-09-04,0.0075537143223757385,0.0067567893629709936,0.0069587791540130515,0.006689644390593819,0.006439953452668701
2024-09-05,0.0015176589481224459,1.2974000438225048e-05,0.0008988307760178631,0.00020670640796081318,0.00024779577249129097
2024-09-06,-0.01842870111297473,-0.016606380407227776,-0.01789749984114256,-0.016325507223849182,-0.016264384047277817
2024-09-09,0.008810119851561897,0.008751415618777916,0.009160332664384421,0.008670571840906407,0.008899457919377433
2024-09-10,-0.0010104168866246956,0.0023538451556270796,0.00043123195720433795,0.002594559945079897,0.002871352273183399
2024-09-11,0.005567242827418248,0.004826472069275623,0.005385155611445302,0.004526096324902004,0.004424751446237062
2024-09-12,0.005495829148895505,0.0062524550140536685,0.006445575710339267,0.006980124103856591,0.0076920097930958725
2024-09-13,-0.001047544066910672,-0.001187786988249215,-0.0014883489338206877,-0.0012337176074964013,-0.0015108471058723717
2024-09-16,-0.0021837880013467507,-0.0037492863778456863,-0.0030330888536351116,-0.004011541565861716,-0.004312670545970827
2024-09-17,-0.0024629606035120916,-0.0038878330732671743,-0.003119354569643309,-0.004155513164807538,-0.004391547097834957
2024-09-18,-0.009401812580591324,-0.009449010389396608,-0.00946500126644482,-0.009607371621782334,-0.009711050105946497
2024-09-19,-0.0011558618803504013,0.000904602651462094,-0.00016485079672739277,0.0010234601068878292,0.001267445419429785
2024-09-20,-0.0037317343933817334,0.0016293317051847996,-0.0008908850027600994,0.002668584285526898,0.003764931863785328
2024-09-23,0.005336752694044408,0.006008628866127184,0.006125456987063065,0.006344735009347034,0.0068190205092416144
2024-09-24,0.004978898744887064,0.00296040173168846,0.003817544484468205,0.0028923911152339897,0.002622419139818836
2024-09-25,-0.0033857160568802214,-0.0026870596378258797,-0.003079954969800667,-0.002576226927016964,-0.0024296147789251315
2024-09-26,0.0039376665148308405,0.004539477739555896,0.0038313234504750862,0.004214168411741164,0.0037226855340849675
2024-09-27,-0.002503254390476687,-0.0033559418509084824,-0.0028639722162946205,-0.003601641920754311,-0.0038149387998150093
2024-09-30,-0.004648704174991229,-0.004101663843071166,-0.004386751612557528,-0.00426893766289934,-0.0042440921491424385
2024-10-01,0.0030936820420834816,0.003662771692633069,0.0032709404187897567,0.004036427832580659,0.00422835451263245
2024-10-02,0.0024605208042198664,0.0018564274508567449,0.001983578317445147,0.0015237779762245045,0.0010445240873854485
2024-10-03,-0.00367385574576598,-0.0023829799393684558,-0.002685426608551702,-0.0016535799225566234,-0.000677705367678808
2024-10-04,0.001242597339808111,0.0005922307978867566,0.0009696635850444654,0.0002580862564142899,3.907313969957725e-05
2024-10-07,-0.0036349377777770394,-0.0026191417738566612,-0.003519561499089526,-0.002822534970385705,-0.0031110032124713315
2024-10-08,0.0032810794226400897,0.0035400326987691157,0.0036731481599042754,0.0035997285665375954,0.003944139527529348
2024-10-09,-0.002721979133346565,-0.0005818187525409307,-0.001540405665070346,-0.0002858656143062587,0.0004249623455927651
2024-10-10,0.004279785542132967,0.003738176784673196,0.004183212055129774,0.00404247687701071,0.004261956560252154
2024-10-11,0.005698868980029978,0.006884264827867168,0.0065895574379153474,0.007666818122155119,0.00856915230154443
2024-10-14,0.006442195829742596,0.0034309669904757966,0.005215959799961508,0.002867587698783702,0.002331595938376352
2024-10-15,-0.001081297724842066,0.0020596070882014624,7.387185018327809e-05,0.0025486596876721987,0.0029083021603172063
2024-10-16,0.008302107099024486,0.0083127740576824,0.00845813911003944,0.00853124892715027,0.008792302391606265
2024-10-17,-0.0020136993347020585,-0.001964914560856306,-0.0017014988534221815,-0.0014388723599263618,-0.0008849406528500679
2024-10-18,-0.00038621580733128193,0.0016434222852182228,0.0005079890433627287,0.002180701882256334,0.0026508453421922634
2024-10-21,0.0030490381941997834,0.002361170198786736,0.003025359690840576,0.0027150391709240642,0.003052406281532802
2024-10-22,-0.000756196064754135,0.000258568423167087,-0.00021952249332177827,0.0007514083288967397,0.0012214058486601732
2024-10-23,-0.005241595633284263,-0.0066118764587533,-0.005732127035498223,-0.006689329767826314,-0.0068101832247451305
2024-10-24,0.006293396545253393,0.005177821743117919,0.005897630767044028,0.005205355626268328,0.005184421762639136
2024-10-25,-0.002743480390268673,-0.0011079348074032609,-0.0022084426077940314,-0.0010915847402515198,-0.0010531080518930654
2024-10-28,0.007730353727444376,0.006032595649267845,0.006981485734185186,0.005634534396499415,0.005191587634244429
2024-10-29,0.0004110762150884056,0.002603969442330746,0.0014467002591769412,0.0033152146504531396,0.004076194149578796
2024-10-30,0.00665388040351702,0.005640748351930906,0.00668147729395824,0.006479068447449277,0.007295226208190258
2024-10-31,-0.012951514075237494,-0.012497894907873005,-0.013053564095345511,-0.012837020297166333,-0.013277402765441605
2024-11-01,-0.007438531667488831,-0.003602627008497003,-0.005829335132041219,-0.0031568344759722077,-0.0025001338282287693
2024-11-04,0.011076418739404566,0.007525690159772831,0.00943309364746497,0.006799762920653869,0.005849347141131248
2024-11-05,0.00492962597858224,0.0037992161561931077,0.00465742044004873,0.0037073345732832786,0.0037518639634953445
2024-11-06,-0.0026175811622652476,-0.0041928569916129905,-0.003425940269051131,-0.0058603681091461786,-0.007126792694763303
2024-11-07,-0.008383314976047353,-0.005387008542798774,-0.007420038708004792,-0.005273526068049486,-0.005180099229573051
2024-11-08,0.0007975438987974225,0.0011977177737113344,0.0016302517524170994,0.002076563175137601,0.0033116322513953816
2024-11-11,-0.001051790076561174,-0.002556808246680779,-0.0017683004108664864,-0.0034448620742533005,-0.004200173941585056
2024-11-12,-0.005802552724589377,-0.005800419398684403,-0.006046270818244331,-0.006390631989982012,-0.006960146917720094
2024-11-13,-0.0026104796642135767,-0.0018472320987477982,-0.002519271458227662,-0.002376515486086224,-0.0028199222085017813
2024-11-14,-0.0006576321321098543,-0.0004992145411403455,-0.0006399956454316403,-0.0004928133259286122,-0.0005177369408270098
2024-11-18,-0.0012826046311384385,-0.00039531862869119055,-0.0009135829061081873,0.00022296567955813884,0.0006810791030253622
2024-11-19,0.0043873760249912705,0.005850199746757546,0.004999236487439621,0.006241704173816776,0.006605224780345977
2024-11-21,0.001761718216661313,0.003459168177885794,0.0029858626703347098,0.00474625523659138,0.006183462534329562
2024-11-22,0.013982358588895528,0.012248912156588175,0.013226429821032983,0.01208845090345685,0.011794659668632123
2024-11-25,-0.007734109438984402,-0.007994240781132714,-0.008296921840352701,-0.009409418207593518,-0.010726283904214751
2024-11-26,0.004278424626561277,0.005319058259228648,0.0045394857315233916,0.005074353263938649,0.004818060727828236
2024-11-27,-0.011316945031418755,-0.007109605305430613,-0.009568445043053389,-0.005852539343485162,-0.004532436968272964
2024-11-29,-0.003790839807368522,0.00041490944365993836,-0.0017897669103657846,0.0022275432797416355,0.0041381775245198085
2024-12-02,-0.0038841365925366593,-0.0019464198143651368,-0.0032321096956101883,-0.002178299596242053,-0.0023345174658782122
2024-12-03,0.005380836519674583,0.004899769343108541,0.005128106313499533,0.00467395709727162,0.004444316241526082
2024-12-04,0.0008306566958534052,0.0011581307764181432,0.0010003599217733316,0.0012342609372687787,0.0013266392900824404
2024-12-05,-0.00013265502309820848,-8.219032991710252e-05,-0.0007426505753071221,-0.0018875337584394285,-0.0037000882800744474
2024-12-06,-0.0059122979406472645,-0.0038850394463735938,-0.004789442423587238,-0.0026587796269067943,-0.0013965593453949478
2024-12-09,0.009876624200879014,0.007891037443529397,0.009155509211575236,0.008044536012202962,0.00818899383875853
2024-12-10,0.006850919805219278,0.005192603759075281,0.006228812397786342,0.005447191750330494,0.005609199940768735
2024-12-11,0.010806746153454018,0.007733555937488022,0.009742851074892716,0.007546913559506457,0.007301565206968207
2024-12-12,-0.030070875036815888,-0.025837813443072143,-0.028688936428783816,-0.02600154260585716,-0.026084006744477577
2024-12-13,-0.0008030502396531474,-0.00039858981412555536,-0.00020119287611867437,0.0004411019229450837,0.0013702652398536479
2024-12-16,-0.005407193603495586,-0.0020031223647923053,-0.0040620226360212515,-0.0013086058506326789,-0.0005982716822006734
2024-12-17,0.01691690635967465,0.012021671170547072,0.015523094682124263,0.012354169525069209,0.012694621523076004
2024-12-18,-0.03689141100076749,-0.029401313377998187,-0.03447391033077141,-0.028891533701428756,-0.028338601890146864
2024-12-19,0.007321560110325928,0.0033908747139747937,0.006120343931236559,0.003547912094048567,0.0036400924576085367
2024-12-20,-0.0008302663212483543,0.0009366121084497669,-0.0005526126237722137,0.00024284550946710104,-0.0005219359282592415
2024-12-23,0.00025876710939091297,0.0019496638028497924,0.0013128593398008073,0.0028782165166544083,0.003991917676411172
2024-12-26,0.0070980284762791205,0.0071734146403908015,0.007313116513077792,0.0075645885650413285,0.008007770263441539
2024-12-27,-0.004376617572307943,-0.005369237482223314,-0.004620872158659182,-0.0050788987910639636,-0.004809021961842214
2024-12-30,-0.003092325701670214,-0.004254131038204239,-0.003703020902669122,-0.0045808343222062415,-0.004865949898810413
2025-01-02,0.004965007471866794,0.0028939169962864312,0.004426669651814643,0.0037796737822225904,0.0047205184665176075
2025-01-03,-0.011887736054766333,-0.009145184902868156,-0.01073075464262969,-0.009062894738252846,-0.009045718211614404
2025-01-06,0.004727778344820965,0.0042974224364898455,0.004207892634681022,0.003339516147039779,0.0023818211047935476
2025-01-07,0.002028753073739941,0.0002130553524820961,0.0009491460714022838,-0.0005507904449449776,-0.0012013416841967623
2025-01-08,-0.0006728299086954352,-0.0008731710496884394,-0.00018441099214463368,0.0005267709244367936,0.0018606650494865642
2025-01-10,-0.004631553147653959,-0.00542894147998672,-0.004833487244132438,-0.004797128282704035,-0.004142938668950804
2025-01-13,0.0010819983102475991,0.00024178060736782997,0.0007054473707004217,-0.00015862080828613968,-0.0005467128152619521
2025-01-14,-0.0003759272388008082,-0.000536697111983683,-0.000562440508172859,-0.0007703558726580375,-0.0009890419530030373
2025-01-15,0.020036198860397165,0.018736734839462463,0.01915057571133359,0.017565649236468174,0.016417024611959066
2025-01-16,-0.0074846191241211245,-0.005616094979780061,-0.006542833623796826,-0.004834412514345158,-0.0040497925039189656
2025-01-17,0.008925811264313575,0.008842362413351859,0.00886433813467736,0.00850740339664942,0.008148300408175902
2025-01-21,0.00994311306190812,0.009201924290661873,0.00974749821783112,0.00948436079039476,0.009757188971804286
2025-01-22,-0.004027051180986962,-0.005230780301909045,-0.004545498992547861,-0.005425407739076373,-0.0056349071096963264
2025-01-23,-0.0032539777020040533,-0.002937985987021258,-0.003108672580741896,-0.0029892964155631956,-0.0030445638938200784
2025-01-24,-0.0031465663354086795,-0.0034965314964690492,-0.003415488532738522,-0.003691070788887567,-0.0038435247791716192
2025-01-27,0.008543327457743107,0.006801467444930802,0.007359824264276823,0.00556835741832057,0.0043730449203882036
2025-01-28,-0.0014560068246119342,-0.002095546655367604,-0.0014816345489676547,-0.0016134543126969793,-0.0011551202276349202
2025-01-29,-0.007982686301885271,-0.007316770294868598,-0.007851726173017725,-0.007562420770533251,-0.007791139115756616
2025-01-30,0.024909112558081762,0.022284469631219814,0.023732984388822796,0.02189259325404844,0.021536544759244016
2025-01-31,-0.010551767403981026,-0.009878432299699884,-0.010489322785893346,-0.010195621949555375,-0.010458681548023072
2025-02-03,0.0034455308447823053,0.0012266757770751772,0.0029098474323955062,0.002042230221259279,0.002580366092106232
2025-02-04,-0.006576301175283788,-0.005897871970206624,-0.006281621763757577,-0.005695022514566436,-0.005564823432624435
2025-02-05,0.0038281022151098196,0.004484193007710382,0.004137475174715244,0.0047152065100811566,0.004898807813386241
2025-02-06,0.0034648661995633754,0.002175373685425189,0.00281665095123935,0.0016036379731089985,0.0011722882513768864
2025-02-07,-0.013991546872920937,-0.011633842791938926,-0.013012495898537741,-0.01101724816572378,-0.010658136547992763
2025-02-10,0.013148419018590414,0.010982897007734905,0.012644562412992475,0.011769568227599206,0.012327521769704197
2025-02-11,0.003704221320334935,0.003148043506081845,0.0032839849857137686,0.00257181972096233,0.0020955192945897485
2025-02-12,-0.011526604389031133,-0.010203155709942926,-0.010734223443925842,-0.009392237645171633,-0.008670690006688096
2025-02-13,0.007238630825862611,0.007478527808538092,0.007473758977769712,0.007794586411607828,0.008135730449598482
2025-02-14,0.009459643054607126,0.006920743080597565,0.007589520093444892,0.00442795423726468,0.0022489381307575136
2025-02-18,0.0038269321628997322,0.004100962507360366,0.004127221687989188,0.0048597417930452145,0.005299688672951721
2025-02-19,-0.004248867562564052,-0.0030177164153926705,-0.0035668156838947447,-0.0025376510742357358,-0.0020065947004141997
2025-02-20,0.0003695966974924287,-0.0005495534091519075,-2.2729854045305395e-05,-0.0005951905864943251,-0.0007580375762899876
2025-02-21,-0.010706955737420294,-0.007415651429585926,-0.009554117915921258,-0.006976720517136035,-0.0069291258143455514
2025-02-24,-0.006106326266152285,-0.0055600111341631,-0.005470870742652937,-0.004359655726464361,-0.0033796406972435022
2025-02-25,0.0053032328956118275,0.0028410648189206916,0.004291283764802908,0.0023034805935963987,0.001959730929554898
2025-02-26,-0.006888485826927509,-0.004752180065482963,-0.005928960350752061,-0.004259023019894574,-0.0037804362904509618
2025-02-27,-0.00301636147984583,-0.003967642629743202,-0.0035089716944885865,-0.0042552112579942744,-0.0045597844472024885
2025-02-28,-0.0067659422593905815,-0.002296484880650887,-0.004855013274466995,-0.002089580263378236,-0.001346080498422798
2025-03-05,-0.0006516557195189533,-0.005963068756809579,-0.002382897490761852,-0.0045998511985744835,-0.004248960333905858
2025-03-06,-0.008184163461778462,-0.008848195574857385,-0.008762128075684621,-0.009254027674676802,-0.009980928669849808
2025-03-07,0.010689893960433437,0.01029519509008633,0.010385880446590582,0.00984741635140169,0.009438535689938726
2025-03-10,-0.010461321906736272,-0.009360553470872637,-0.01020418800505725,-0.00933848153335715,-0.009524434058244248
2025-03-11,0.0022960214418209246,-0.0008462970435372979,0.001625010863683099,0.00048613683615639566,0.0016111673204415853
2025-03-12,0.0031568216925293344,0.003287385901848027,0.0032081345362327445,0.0032700792746452405,0.0032771431303926374
2025-03-13,0.00769548154034133,0.006013673257857962,0.00692421081590172,0.006177749319300073,0.0059636786601798995
2025-03-14,0.015460179061338472,0.013448348317911057,0.014083030986203806,0.011612206169696337,0.009961739754038646
2025-03-17,0.009645674683887913,0.008050331800669752,0.008778941474785987,0.007318060202522253,0.006610746209410951
2025-03-18,0.0006052113392305126,-8.640315518705322e-05,0.00027119866652665966,0.00011254469926633913,4.682486821472192e-05
2025-03-19,0.006726496528955414,0.006138960043919101,0.006418008045141202,0.005813811485598915,0.005538948574323867
2025-03-20,-0.005459775687953823,-0.003423437743735424,-0.004704238925261544,-0.003322024869148898,-0.0032265762596111946
2025-03-21,0.006070370752667926,0.005250262367033511,0.0058266188935963345,0.005190243646483956,0.005243205011194359
2025-03-24,-0.001646295745930008,0.0013855247705699104,-0.0003044661265473869,0.0015912552394295816,0.002075170698591886
2025-03-25,0.0010471381352026878,0.0010172036122263989,0.0008476810405877403,0.0006390358537132648,0.00021906317343169143
2025-03-26,0.0010805025568408641,0.0007935560170226517,0.0009315381860527216,0.0008919809522910294,0.0008520533746941423
2025-03-27,0.006175278666478132,0.005977069041188115,0.006241398841514656,0.0065471188734286265,0.006959026229666313
2025-03-28,-0.007279543250749575,-0.007574561495403587,-0.007142058755113553,-0.006540505891333307,-0.005815951691167105
2025-03-31,-0.004097895246360193,-0.003673213155305534,-0.003526243092544628,-0.0026183320493190533,-0.001605469845217773
2025-04-01,0.0012412878464722061,0.0008126842239282041,0.0008013399897614787,8.76537548984035e-05,-0.0006024155513492473
2025-04-02,0.00036215570027621285,0.0011455200041801089,0.0006601254721267514,0.001134450820059383,0.0011557742438592588
2025-04-03,-0.019511693405181673,-0.02337741697273955,-0.02157631354401941,-0.02405333843707277,-0.025385684227141443
2025-04-04,-0.025361886023206635,-0.022991086078750826,-0.023991502554361565,-0.021130679899463066,-0.01968400730655325
2025-04-07,-0.003455294707825583,-0.004099779361321446,-0.0032955192332309218,-0.0029558208449181104,-0.0019295673554690276
2025-04-08,-0.006948184222731435,-0.005664754434758268,-0.0061258890768399864,-0.00459120824936111,-0.00362291555417213
2025-04-09,0.06250107282539064,0.05765844871840138,0.06188940452868067,0.06060771102864422,0.06342976482990458
2025-04-10,-0.028222942308437235,-0.022524227313258892,-0.02660817605446987,-0.02345664058012028,-0.024426741911413426
2025-04-11,0.011854490176043496,0.011286336335537675,0.011688045914874053,0.01132681492370423,0.01139401798657925
2025-04-14,0.005600074788983718,0.005443845926239925,0.005172934440887421,0.004473324031109165,0.0035232055560786915
2025-04-15,0.0013970802583120837,0.0018974333252795529,0.0017436235554478987,0.002395431972607074,0.002840904295635971
2025-04-16,-0.0005923313018825248,-0.00038117202028789993,-0.00012341873702219987,0.0006019433218752863,0.00153014763565575
2025-04-17,0.004477655554748341,0.0027508760603116374,0.003555028237501154,0.0018270804236838044,0.0009542737604265081
2025-04-22,8.566478055473536e-06,-0.0011264660414046944,-0.0006567597879044075,-0.001913491296600463,-0.002680625642584147
2025-04-23,0.00046240769378506663,-0.0006055198479169248,-0.0005553174516834939,-0.00229142567807668,-0.003930522021607252
2025-04-24,0.01571155054618777,0.016215249986382893,0.01582500992407967,0.016117368552351262,0.015977964326348012
2025-04-25,0.0023928542655397324,0.0005315398907181369,0.0016995410139062437,0.0003929632733868891,0.00026481548988328574
2025-04-28,0.004004406039703741,0.0032954215995378254,0.0038390215322364266,0.003460735799538952,0.0036285677608246495
2025-04-29,-0.001652821272341883,-0.002465468070518592,-0.0020849960887743923,-0.0028561484065410562,-0.003234920421919445
2025-04-30,-0.0027335063714277,-0.0011692148494910327,-0.002220023774729552,-0.001101981978009597,-0.001134291733416358
2025-05-02,-0.0009058314912714974,-0.0011866322316131785,-0.0011532213213945306,-0.001525220565476007,-0.0018392752370616325
2025-05-05,-0.0020614580343363813,0.0002410339260344357,-0.000667128107321119,0.0018927380594179828,0.0034280153716442583
2025-05-06,0.010608239604082782,0.01089312745814581,0.011208914023147479,0.012152752386330692,0.013402449018943444
2025-05-07,-0.0022441097217945636,-0.0016521575953828982,-0.002126663867289086,-0.001871260518809604,-0.002046546941719777
2025-05-08,0.008198003848771281,0.0032304353030244014,0.005735042399258478,0.0012089149318960204,-0.0007866600469759586
2025-05-09,-0.0007603149622460132,0.0011779795762919274,-0.00021680829883080396,0.0003164070796141697,-0.00017800957029244976
2025-05-12,0.0038048449731308658,-0.002239462118509887,0.0019465078097182272,0.0004235707177349601,0.0013842370536358696
2025-05-13,0.009201838086453034,0.00813839479028173,0.008602525862045587,0.006246177761183411,0.004713844926940328
2025-05-14,-0.00828264214925141,-0.009808126400101617,-0.008881653203403981,-0.009836283977295078,-0.010284437451531448
2025-05-15,0.007778203331319859,0.010718251762403371,0.008808210409156124,0.011078610426035945,0.011561442467603922
2025-05-16,0.0045645521557003575,0.0006722879617382867,0.003433100992301469,0.0021045079430566413,0.002879155591753613
2025-05-19,0.0018294819130441013,0.0034310367488501544,0.0023150015347595653,0.002839629185317438,0.0025937307446075443
2025-05-20,0.004547648327894548,0.007353107514347334,0.005500478610003814,0.007037194223709871,0.007196627291769846
2025-05-21,-0.01226762678174271,-0.009349482371355912,-0.011212535533041697,-0.009267260125004199,-0.008740976949105451
2025-05-22,-0.006566508248019755,-0.006664434830116613,-0.006636275880989454,-0.006599216086935526,-0.006727479277859571
2025-05-23,0.011174071356881612,0.011898481779000228,0.011575811786881376,0.01213197732361249,0.012842058482304153
2025-05-27,0.0070997304847529065,0.0036970923248979127,0.005865271953611711,0.003921181848546754,0.00338427400343693
2025-05-28,-0.0015392408647116843,-0.0013363700485098755,-0.0013788238763650928,-0.0007375530761671717,-0.0002072560541101118
2025-05-29,-0.003011357394716726,-0.00209340445439622,-0.0027092471216081226,-0.0020704388001408624,-0.0020189690818160524
2025-05-30,-0.004080599800493432,-0.004927770829335668,-0.004149657961578169,-0.003217497956515337,-0.001986762937381485
2025-06-02,0.004535374301105222,0.006380949763466802,0.0053092805116553565,0.0070426468586111185,0.007947900837439228
2025-06-03,0.001118676366832747,-0.0007499215976419914,0.00038854955411174615,-0.0012430123273037856,-0.0019135346230170632
2025-06-04,-0.005283299079925258,-0.0031800069052682284,-0.004606284520176807,-0.003327057841552445,-0.003322641106424182
2025-06-05,-0.006929390276426914,-0.008012089315587365,-0.007341226096102388,-0.008531443224974683,-0.008943329574759986
2025-06-06,-0.00029520561168571834,-0.00343564669155278,-0.0013154673421997152,-0.002772098825059834,-0.002683739225272577
2025-06-09,-0.002821643796061143,-0.0016495726387352563,-0.0024198868791991046,-0.0015513895011663825,-0.0014050701353509256
2025-06-10,0.0019227492771423033,0.00250439158092031,0.002019433365186371,0.0020501584642775676,0.0016210442029500995
2025-06-11,0.004466155944015317,0.0032287318642129983,0.00401092505172427,0.0022271342403077303,0.0016196050388791058
2025-06-12,0.00481427164028642,0.007106304199763926,0.005583254250854653,0.007127669931356192,0.007290519826961911
2025-06-13,0.0016140285967877687,0.0021623688304134186,0.0019495525852975576,0.002329602190138327,0.002870217176074232
2025-06-16,0.004035494824422878,0.001647003348028071,0.0029209762924529903,-0.0002724851051351525,-0.0021197262166679875
2025-06-17,-0.007972285778328276,-0.005129283665184807,-0.007155697907942513,-0.006190472478151347,-0.006835105869760773
2025-06-18,-0.0004766814688790457,-0.0012607050365425595,-0.0007334132791724119,-0.0011035066810637282,-0.0010688609135267332
2025-06-20,-0.007192778490609287,-0.00653005083019243,-0.006845319716271885,-0.005449483945573829,-0.004595799663376465
2025-06-23,0.0035675487829857195,0.0014148829434707756,0.0030647224722271916,0.003187730134300663,0.004408018225340681
2025-06-24,1.2123915784228719e-05,-0.0028837933972712913,-0.0010881851712301526,-0.0031937695913551905,-0.0038798305235311042
2025-06-25,-0.0010161579982321388,-0.0014651652442837896,-0.0009014581550103085,0.0005629099623294857,0.0021336098669644432
2025-06-26,0.006199066033158413,0.004264839356715067,0.005438444185256537,0.00339148254679504,0.00258198604282259
2025-06-27,-0.007567750663816592,-0.008738407167863704,-0.00812356951054133,-0.009186682390660346,-0.00991198557259449
2025-06-30,0.012008722005205995,0.011112588957914891,0.011630619457736049,0.009932544611978459,0.009159264751564058
2025-07-01,0.0026796101870446183,0.005114542786541662,0.0034367483923280753,0.00462409485833049,0.0044098067120002865
2025-07-02,0.0015811120324027905,0.00027736965362424394,0.001274017801394669,0.0010600059716832002,0.0016780927427429116
2025-07-03,0.004887506267522193,0.004453328554617596,0.004501853102676876,0.0030790349293583212,0.0017941401146689393
2025-07-07,-0.0051335362392793404,-0.0030628056020959144,-0.004288717382357192,-0.0018115263896134356,-0.0007232048015444908
2025-07-08,-0.0016598926886078956,-0.0036118973299704748,-0.002339777911533634,-0.0037185150311901632,-0.003956124715848887
2025-07-09,-0.006410781030828938,-0.005301057556917786,-0.00583654202719669,-0.0033095994087024914,-0.0018301223153298148
2025-07-10,0.004427240733125019,0.0037031035058548586,0.004471617668744595,0.006021170383700069,0.00775470206455044
2025-07-11,0.0014351857930942997,0.0024100880257785155,0.0019525540057102981,0.003170759373355156,0.004008012719370013
2025-07-14,-0.006052647114970561,-0.005840337666871845,-0.0059536655224937856,-0.005319571500046181,-0.005024450749013962
2025-07-15,-0.0009772100807691028,-0.0022410866603975433,-0.0014294063617558352,-0.0026149209061430336,-0.0029086880154221726
2025-07-16,0.004796944174124165,0.004177386705151789,0.004672628190784132,0.004575482941117412,0.004917936557746283
2025-07-17,0.0019834498502514335,0.000379142708960673,0.0014759067002176837,0.0007941550420662661,0.0009641152370600518
2025-07-18,-0.015194272251350886,-0.010827730781872102,-0.013638303425506459,-0.009750864791528467,-0.008853622105710572
2025-07-21,0.009175625846032842,0.009402347072781229,0.009369789670711231,0.009552677442611212,0.009913938506994112
2025-07-22,0.001925612806015489,0.0030380757708575595,0.0024049834355006094,0.0034372808574260052,0.003923002568975302
2025-07-23,0.004748660907833094,0.0016006983689479456,0.0034821718052937345,0.0008003715870776389,-0.00021054020100146848
2025-07-24,-0.011600567238976522,-0.010859129478415674,-0.011342472334047062,-0.010349695496246083,-0.010074244629136322
2025-07-25,-0.001184332640545645,-0.00210198873300683,-0.0014791938935873109,-0.0014405216333948348,-0.001173108341322261
2025-07-28,-0.0038470444621723594,-0.004837144048811689,-0.003967514733140352,-0.0031896422240358826,-0.0020278260777275856
2025-07-29,0.002488437421697154,0.002461263193156202,0.002405296518611958,0.0016592075242540787,0.0011408192099668852
2025-07-30,0.0038260870367315966,0.002134566636084634,0.003046065223621083,0.0012732489533904075,0.00030626041473677887
2025-07-31,-0.004682912388627681,-0.002401272619501242,-0.003821390309364116,-0.0019628755238272066,-0.0014256611847282311
2025-08-01,-0.0068843305604156385,-0.003117750904601835,-0.005626052369726959,-0.004523034412150689,-0.004946382040109961
2025-08-04,0.004445527922762425,0.0034861567429902434,0.004118031495887107,0.0037905956251519115,0.003859956678735063
2025-08-05,0.0004685543023169151,0.0005923309379296423,0.0004784832651807775,8.05036229696663e-05,-0.0002051904150105065
2025-08-06,0.004948684383141665,0.003921753951925853,0.0044069135442660725,0.0029235277990537867,0.001970047428217701
2025-08-07,0.009933953915828365,0.00986156187926864,0.00974835081271677,0.008252936220277235,0.0071767389132509785
2025-08-08,-0.006580111551922262,-0.0052562694483713245,-0.006161576283020366,-0.004802828369321412,-0.004617191941982119
2025-08-11,-0.0027801878075341254,-0.003961126128490363,-0.003254210005285606,-0.003864320734306946,-0.003977925014064021
2025-08-12,0.009366325136897297,0.007359863845095949,0.008347165332802383,0.005853244912199843,0.004515520447207213
2025-08-13,-0.005060575519217158,-0.004671276923748311,-0.0047780476745566325,-0.0037782506622088194,-0.0030933616328147227
2025-08-14,-0.002424984507023028,-0.002019102036585977,-0.0022817675849554713,-0.0016280435148957858,-0.0014297984333778038
2025-08-15,-7.016522161648316e-05,-0.0015063216648286753,-0.0005843291202414886,-0.0019321702423119105,-0.00221431612371072
2025-08-18,0.0055277993247288765,0.005202783873826904,0.005359745562719751,0.004926956555956315,0.004684750128871093
2025-08-19,-0.01118492206561421,-0.010202999324829903,-0.010440525269037954,-0.007801865797930017,-0.005958872028970554
2025-08-20,0.004664396500290984,0.0038438021237588386,0.004487567000713356,0.0037018429663549512,0.0037943487252177803
2025-08-21,-0.0009938365193790416,-0.001316091819795175,-0.0011104374436568718,-0.001418376106663502,-0.0014839122716022118
2025-08-22,0.017332353126546088,0.016348251590046364,0.016659402144755187,0.014582192221719168,0.013155900420312996
2025-08-25,-0.0028137945673256484,-0.002874956955903304,-0.0029493465941319128,-0.0036175053915556018,-0.004162841308122557
2025-08-26,0.001077204170771028,0.001921743813046711,0.0015016741114216344,0.00262293158349433,0.0032067142212823183
2025-08-27,0.010179944611356687,0.008511478615258274,0.00956789370205682,0.00811467824596047,0.007806784528379069
2025-08-28,0.0071733805111258665,0.007788529558170004,0.007168735138058088,0.0064532983709307675,0.005488040846203315
2025-08-29,0.0035270666625134336,0.004994234749075604,0.004095663275661407,0.004738597932260674,0.004792506675300711
2025-09-02,3.3380875637995986e-05,0.004274905961853186,0.0018773397212302411,0.0053811930131140075,0.006723165368427001
2025-09-03,-0.0009512548193794287,-0.00047518945096934156,-0.0006814037711443737,5.8460677215259415e-05,0.0005041347464681187
2025-09-04,0.006314188759094861,0.004966826342018384,0.005758742598198814,0.004937289302323742,0.004708730722815919
2025-09-05,0.002898736944186117,0.005463592464170927,0.003506291551250764,0.0034144218903114187,0.00209214492911479
2025-09-08,0.0035255744379217315,0.0028384823502005815,0.003641965099041537,0.0042899072610293985,0.0055491215981878115
2025-09-09,-0.0006883192335737494,-0.0010459332613459835,-0.000805019729037611,-0.0008265515086778138,-0.0007270361891879266
2025-09-10,0.0034663762632814407,0.0032621477147271494,0.003307256865871844,0.00282363707628431,0.0024960633010561095
2025-09-11,0.0023364828962180325,0.0014577034315574637,0.0018677855279175194,0.0011485108998605818,0.0007691242667956333
2025-09-12,-0.004373487496808614,-0.004443390932743072,-0.0043161605930717726,-0.004192540004467645,-0.003966435580886337
2025-09-15,0.004705665392320224,0.005090104624694266,0.004665736436328357,0.004127825781161081,0.0034572105844903867
2025-09-16,0.0013770573274850286,0.0013593320695678124,0.0012861241404356,0.0008484978284693208,0.0005012713924573285
2025-09-17,0.00311926816295162,0.0025533275920103593,0.0025857124136353152,0.00135905377901824,0.00034318055581666955
2025-09-18,-0.0008629423400288377,-0.000935940242677784,-0.0009080741013266042,-0.0006371120820699373,-0.00052988571385186
2025-09-19,0.007769265697378027,0.007541004673900123,0.007913070340110535,0.008238251384919796,0.008857010935789845
2025-09-22,0.003503997916609426,0.0047803252776678585,0.0043512640557575935,0.006027373098939002,0.007169982935556589
2025-09-23,0.002353188056977438,0.0022854351767201938,0.002045984283098035,0.0006215446304583356,-0.0005274505416068514
2025-09-24,-0.0033358479724329925,-0.002469370248964037,-0.0031836179798435493,-0.002799555308875804,-0.003138398793058103
2025-09-25,-0.0028286379798825286,-0.0011111760318827735,-0.001958563425011486,-0.00022897108657233094,0.0005789404696177522
2025-09-26,0.0038150652353343795,0.0031832764972635442,0.003704173435017523,0.0036167326877625237,0.003951723427678185
2025-09-29,0.005372006693008728,0.006871003467170628,0.005922976286901689,0.0064941808433333975,0.006395604790212315
2025-09-30,0.001762453164929022,0.0024415449029812197,0.0021229690075017255,0.0028049184389578163,0.0031537065644368107
2025-10-01,-0.003555249112305585,-0.0017178948429022697,-0.002800188354290565,-0.0010082329301947007,-0.00048682193949006996
2025-10-02,-0.004297245013254882,-0.004865792517131088,-0.004238219481711764,-0.0035876335221698553,-0.0026659889741805385
2025-10-03,0.003431381223387703,0.0038787225944935445,0.0036752488460837797,0.003924388856090098,0.0040743936529406945
2025-10-06,-0.000387031883243738,0.0017949973290226906,0.0005972883562186234,0.002220284150862481,0.002765045720991945
2025-10-07,-0.008585279348556603,-0.006309159286841963,-0.007429567577008826,-0.005008031579627843,-0.0038745877015727965
2025-10-08,0.008695034758864354,0.009565108200022298,0.00915814628444168,0.00983823264464659,0.010198509325521098
2025-10-09,-0.005663963918072958,-0.006882882738424791,-0.006295280754025092,-0.007063505915568313,-0.007319679181549748
2025-10-10,-0.0022982527180759257,0.0026523961640292576,-6.656100069054814e-05,0.0032573725633770695,0.004001863139070975
2025-10-13,0.015681313759642403,0.01543049416845111,0.015952329313325957,0.016474150874121917,0.017356302689105957
2025-10-14,0.004286447083783665,0.004652259948496423,0.004660545777476419,0.0052889235885214365,0.005852298068342036
2025-10-15,0.00259444732730558,0.004897391197766348,0.0033697130782136637,0.004330648470377825,0.003969968882296691
2025-10-16,0.0004172760345244551,0.00361814202527203,0.0018813855907781455,0.0038273194175191825,0.004209475170632089
2025-10-17,0.0042650106342063615,-9.281699412219765e-05,0.0023464722438013333,-0.0008224385519189099,-0.0015726259862958076
2025-10-20,0.00878130781140715,0.01134618201892018,0.009907083024111895,0.011261573571076754,0.011374505470402843
2025-10-21,-0.015539379240070612,-0.02130272962541826,-0.018512971516740553,-0.022481365630908818,-0.02388703061048697
2025-10-22,0.00237146779659363,0.0026896808707013303,0.002379730534303106,0.0020379983820465646,0.0015678652949856712
2025-10-23,0.0065610151087864,0.004768534065132143,0.005909449811524487,0.004650614595236169,0.004543344278562434
2025-10-24,0.0017012946093471245,0.0014244465637298005,0.001497995996523916,0.0015102322063441941,0.001490802824300702
2025-10-27,0.00011935640568422181,-0.004401433036989202,-0.001970780449223425,-0.004897435926863692,-0.005576709206796739
2025-10-28,0.0007898145256649752,-0.0004489763587501232,0.00017538420813957898,-0.000812491002989787,-0.0011642472848563115
2025-10-29,0.0012693444943160145,0.0010812977430287596,0.0008859682245064424,-3.4371965984677434e-05,-0.0009364420048784932
2025-10-30,0.005951820138491943,0.008292772782351998,0.007185996421852092,0.008726556799660154,0.00927857093253198
2025-10-31,0.002222943052596246,0.0014407458752523548,0.0017788110255623222,0.0011056887899535362,0.0007762073953098259
2025-11-03,0.0017341553735794979,0.001399146194317325,0.001414234540521268,0.0005476238061404269,-0.00011523840097667882
2025-11-04,-0.0037293931639727387,-0.003563637052759427,-0.0039043293689098686,-0.004231660633997053,-0.004803205013871546
2025-11-05,0.015123345633209257,0.012911809503523143,0.014240467558394577,0.011958183964136102,0.011269636916327888
2025-11-06,-0.006421082940484695,-0.0046633121267209065,-0.0060102153366595485,-0.005842671566357895,-0.006692773644992465
2025-11-07,0.006341737762138293,0.005606568437886935,0.006140243305957416,0.005619501469829407,0.005707114638318077
2025-11-10,0.009831712696677859,0.011112177098218736,0.010420720253628531,0.011606693460868525,0.0121500669811061
2025-11-11,0.007191204575238639,0.006758386175174662,0.006681694023992719,0.004693203847745612,0.0031167770582897518
2025-11-12,0.0029496045321142834,0.005039799620956798,0.003933851238961023,0.0061092028635281025,0.007140718019347947
2025-11-13,-0.00833545418169603,-0.007140986352857192,-0.008087312684393763,-0.008239871029911552,-0.008971768011347516
2025-11-14,0.0005110068397640907,-0.0018449496715502135,-0.0005367719485810031,-0.002676998193102777,-0.0035718588438892517
2025-11-17,-0.006718157286416774,-0.006044315558488849,-0.006558401401660185,-0.006293608666826811,-0.006516189043434519
2025-11-18,0.0008741899699069549,0.0008416293651215296,0.0010764609175454342,0.0014185279597433928,0.002077359091735959
2025-11-19,-0.003320845895535054,-0.0031321379004125693,-0.0031005876098495755,-0.002188310569114859,-0.0014855281526334671
2025-11-21,0.0003669142952491796,0.0009625320578414486,0.000766316062812013,0.001938103536672042,0.002746510716298662
2025-11-24,0.008858351294208587,0.00877724642613093,0.009065117321457932,0.010009344684267497,0.010975636584777411
2025-11-25,0.004326077999143995,0.0027455128961753096,0.003735004566009517,0.0027097718129041764,0.002543436399060428
2025-11-26,0.01358236467344166,0.01151378361660135,0.012700959313870525,0.010362067477776502,0.009481068260583527
2025-11-28,0.003938149768313538,0.004790447817246573,0.004304465356551627,0.005010801255850586,0.0052747284251046704
2025-12-01,-0.000792827229274135,0.0001561198595373879,-0.00034170246874900477,0.0005637319699021685,0.0010157245174483272
2025-12-02,0.008970651051963666,0.007228749467528735,0.008043607027220599,0.005597721618551882,0.004216819876463899
2025-12-03,-0.0007754060307972959,-0.00021088664679305791,-0.0007806814352013528,-0.001080950594373739,-0.001814937911881193
2025-12-04,0.008143349186176064,0.008372899245600567,0.007883406638380516,0.00655094808515441,0.005139796016653048
2025-12-05,-0.02538437682523689,-0.021086085135896236,-0.02308087131613465,-0.016074609380900818,-0.01223120318575641
2025-12-08,0.011683589221439215,0.0085317741961425,0.010789926443231563,0.009264804151630154,0.009837592491845577
2025-12-09,0.003798199342688274,0.003090339608113115,0.0037624035299677404,0.003930764340389033,0.004665119406702472
2025-12-10,0.006063645485723822,0.0067984305642664515,0.006301249219154252,0.006831858722690757,0.006826462816415327
2025-12-11,0.0005596216935706313,0.00028294714198199417,0.0004693929184422515,6.102270016768691e-05,-3.4829347765222844e-06
2025-12-12,0.0013475202168757052,0.00326739477712965,0.0017137643710432473,0.0017621191042329286,0.0008100556251039514
2025-12-15,0.004731251190066701,0.005005561268041722,0.004573055825120506,0.003997608981970731,0.003244114567062737
2025-12-16,-0.009794270802026432,-0.008629034749436187,-0.008677472181992376,-0.005978577215177496,-0.003876875269887076
2025-12-17,-0.0009097250807713653,0.001574501960384873,0.000372147917309187,0.0027042355502637427,0.003853146674321691
2025-12-18,0.005851196450055627,0.004377247468714708,0.005366069522950907,0.004671663176692618,0.004777637292781201
2025-12-19,0.0021514441233113166,0.0027610189249849966,0.002302996656052764,0.0027806587024826785,0.002693638669793332
2025-12-22,0.0062270107596420505,0.008617162883256584,0.007539831649038733,0.01007229187716667,0.011429396224133139
2025-12-23,0.016306133700958778,0.014402494430284293,0.015691475812452883,0.014256584826992076,0.014251393036797299
2025-12-26,0.004394164470313807,0.004682149423345275,0.004593774541405881,0.0049597703279931835,0.0052267695772470766
2025-12-29,-0.00898140014854762,-0.01228249572511251,-0.010610147805533213,-0.013100967011515134,-0.014280946845069977
2025-12-30,-0.002071750409094316,-0.0038955154053745378,-0.0030320873250770917,-0.005259787242107016,-0.00629886261470043
2026-01-02,-0.008656864248415577,-0.008726396829735122,-0.008916043295635969,-0.009733347505846621,-0.010458581274530731
2026-01-05,0.01321771639034012,0.013037367842895053,0.013407810637036907,0.01343675665195617,0.014005779336500648
2026-01-06,0.003581761555627275,0.005450569002627605,0.003954523357860839,0.004357135265953811,0.0035730886316519134
2026-01-07,-0.008133154853710321,-0.008060357015331891,-0.008029411425358159,-0.007590587219502591,-0.007303143981375375
2026-01-08,0.004327599812430291,0.004642019268033975,0.004382429534801121,0.004293434859785551,0.004097527574897832
2026-01-09,0.0031242537162490917,0.0032274844475146253,0.0031958850090271556,0.003354208298453268,0.0034569268807259808
2026-01-12,0.0032166523506786593,0.005366065412685243,0.0042805911029689,0.006185025625703377,0.007045748406426487
2026-01-13,-0.005171452057310627,-0.004362366705597908,-0.004789366725710964,-0.003972444363629937,-0.0036517600704021242
2026-01-14,0.012565717433628136,0.013290278213246307,0.012608750306662288,0.011789682387248205,0.01076605648978785
2026-01-15,0.0021573276562524544,0.000639796009360386,0.0015848050658473357,0.0004048536723135692,7.829581420713025e-05
2026-01-16,-0.00455803069611095,-0.004309032560255072,-0.004508057572492856,-0.004233781999336364,-0.004226639150675058
2026-01-20,0.011169658089045657,0.013129546928384696,0.012249512949418171,0.012912202457002144,0.013590327939687865
2026-01-21,0.021793956108679728,0.02068679668095871,0.02101056668793811,0.018329447429368984,0.016405838509379603
2026-01-22,0.01575031744324755,0.01583648795829091,0.015629721602944305,0.014538664186476936,0.013646583221175982
2026-01-23,0.011196619331134817,0.012351148188086582,0.011352901915523761,0.010882503246299033,0.009858771766074446
2026-01-26,0.0023106960157711896,0.0033942947586298147,0.0028509301676893457,0.004046016745558619,0.004729476049786131
2026-01-27,0.015407331314874538,0.01414038021047887,0.015024778047264884,0.013121497818498149,0.012571065671593792
2026-01-28,0.009636488429005384,0.014353515989326129,0.011194979065237426,0.013527584256935973,0.01340652218580966
2026-01-29,-0.0027458402872714313,-0.0029337221633719615,-0.0025752837597383883,-0.002087597023992839,-0.0013033914080171716
2026-01-30,-0.028032935438088824,-0.03336542591282265,-0.031142469537925967,-0.035984439374854876,-0.03974324300816699
2026-02-02,0.0012564428338373464,-0.004061987988722741,-0.0010124280328082263,-0.0054397586525135435,-0.007278022639574071
2026-02-03,0.016177453623955337,0.021755433473941026,0.01844133904567615,0.021625952341147312,0.022566189202913554
2026-02-04,-0.013807960206745228,-0.011670380349751604,-0.012792060215602039,-0.009964176204447214,-0.008470824772639517
2026-02-05,-0.005041097358740469,-0.006755328948983559,-0.005962349222096271,-0.008116557556118098,-0.009474859633262778
2026-02-06,0.012351489605634541,0.01200196936943534,0.01262125235984046,0.013253646221182478,0.01446514281448819
2026-02-09,0.013170578829183403,0.01444339317106695,0.013518281112120941,0.013406248647979997,0.012844440150477513
2026-02-10,-0.002784333600764205,-0.0034464294368861774,-0.0030927628699711795,-0.0036693869074949418,-0.003963691265613224
2026-02-11,0.012552501595917259,0.012806399528234395,0.01239838565683056,0.011183381126613273,0.010001494760779672
2026-02-12,-0.01957025185299887,-0.019489100255023106,-0.020036407564111753,-0.020913940055582076,-0.022397439195369826
2026-02-13,0.007086492221948814,0.006633874817230117,0.007339838277956561,0.010164554532245929,0.01330315452092457
2026-02-18,-0.0011000097632645565,-0.001165313769595331,-0.0011429237196780868,-0.0013257912187675078,-0.00156806434594541
2026-02-19,0.00729466702471189,0.006325929190169536,0.0069167138343267775,0.005070579173161293,0.004037982025899517
2026-02-20,0.010674823275475594,0.009456846147247676,0.010372926925416205,0.009547409389935705,0.009705890761352077
2026-02-23,-0.0075661277350316655,-0.005240393609140197,-0.006752362615790094,-0.0034212942587001083,-0.0016458335851065155
2026-02-24,0.008354947118106233,0.007052974766004789,0.007794157566563872,0.004998100937261013,0.0031259789264106177
2026-02-25,-0.0013320851784439024,-0.0009236803356325213,-0.0012682893449182141,-0.0012946963915526242,-0.0016683949639092056
2026-02-26,-0.003232101786986763,-0.0011021448568375235,-0.00261287536399892,-0.0005601172329779394,-1.9077861514370927e-05
2026-02-27,-0.0035003649542415783,-0.003835219348205404,-0.0033650702637680924,-0.001743071739240855,0.00014558293351437203
2026-03-02,0.00929737103216532,0.008814820758862842,0.009336331449072855,0.010369089107417821,0.011767372305664476
2026-03-03,-0.023869461691643827,-0.022006130017839475,-0.023282222206957352,-0.020817819425317092,-0.02004032555943838
2026-03-04,0.0024229969156687545,0.0031103774032851437,0.0024218314173817773,0.0013299017132132303,-0.0001796413036909309
2026-03-05,-0.016316143140045047,-0.01542912273311869,-0.01586885817102026,-0.013269825441318606,-0.011483328913265945
2026-03-06,0.0025033096772875173,0.00015860984659222312,0.0021271421850042357,0.0023326896890398883,0.004354208413731633
2026-03-09,0.0008723571498584085,0.0002072302684193821,0.0004800803234140424,-0.0018875287960257977,-0.0037259114475486723
2026-03-10,0.003869680987645586,0.005004542022366074,0.004023671992861215,0.0035244977333384647,0.00235471524158164
2026-03-11,0.0004554060082439056,0.0004943887247546289,0.0004022851893907259,-0.00012252235370183683,-0.0006528524360774153
2026-03-12,-0.020001836030906613,-0.017744883794939714,-0.01926852012816636,-0.016314589573739,-0.01512487661880019
2026-03-13,-0.005255059440229727,-0.004742406054714174,-0.005057682662423853,-0.004078888196628138,-0.0035615733296127374
2026-03-16,0.013741113779629263,0.010000451252261655,0.012675854888901725,0.009204189850992459,0.00845785408714223
2026-03-17,-0.004896334647829161,-0.003532690638259665,-0.004698318916144708,-0.005068983566647307,-0.006398766730568296
2026-03-18,-0.012231573090329725,-0.011436558647612909,-0.01224590538328635,-0.013528752469258356,-0.01536563090606147
2026-03-19,-0.0007169755851351897,-0.002674598111159712,-0.001473455894750894,-0.005403560155290888,-0.007885765514801728
2026-03-20,-0.023683557472658847,-0.019904998325792976,-0.022697145038954654,-0.020131138297709253,-0.020397981986097085
2026-03-23,0.01595630278292145,0.011707820881284666,0.014321774389578648,0.006815004694900462,0.0025430739440802327
2026-03-24,0.0015765875107631333,0.002323521765016501,0.0017549053458299313,0.002268164483058934,0.0022436359134295706
2026-03-25,0.014340496730588952,0.01264359368071475,0.013898183483833327,0.013053138268107556,0.013515189280695524
2026-03-26,-0.02054525269004586,-0.019658160631196065,-0.020495576341978444,-0.02147018588464585,-0.023082241507666742
2026-03-27,0.0009301769396396055,-0.0006599899223505969,0.0007822193524700446,0.0023773706116525205,0.005187159057711405
2026-03-30,0.0018674686147915256,0.001527980426098794,0.0017047671589892459,0.000984882922249113,0.0005447559541650775
2026-03-31,0.03052363401084191,0.027679556052028414,0.029841591093417934,0.028262167033525704,0.028787027680684522
2026-04-01,-0.000988805924432471,0.0013213486821497065,-0.0003879460852728623,0.0015376529454443975,0.0017636300610510112
2026-04-02,-0.0029181476884312272,-0.002648379065183458,-0.002982185292156239,-0.004091962566410206,-0.005398115054494201
2026-04-06,-5.7651876719233074e-05,-0.0002585140511580013,-0.00015464285148230456,-0.0007812613116923593,-0.0012619369099772608
2026-04-07,0.0029659667410088303,0.0032243094365322473,0.0031154489030520193,0.0040517111280179265,0.004793652866903543
2026-04-08,0.011434766477219232,0.012047677863103819,0.011361298998689005,0.009861302763652255,0.007924342348971186
2026-04-09,0.01256507367775526,0.010104657824782558,0.01183095695605149,0.009360060513349647,0.008739856809965366
2026-04-10,0.0009815841679256887,-5.5264347498250605e-05,0.0004483790894301958,-0.00220259467575329,-0.004000518075841701
2026-04-13,0.0036635072871890966,0.003977549668737965,0.0037152076121889726,0.0034880550649964807,0.0030119835519063663
2026-04-14,0.0037410959967584044,0.005037291124786697,0.004152739396594163,0.0058404898656258435,0.0065558121673164015
2026-04-15,-0.0021777412482710183,-0.001032720632977083,-0.0018532540237457438,-0.0011393214068131376,-0.001318577029964267
2026-04-16,-0.0003945206219562096,-0.0009568611523008805,-0.0004743424123276384,-0.000500361030871081,-0.00012822566654603266
2026-04-17,-0.0025003329033089377,0.00015487722452603827,-0.0016764788585688281,0.001156806563807739,0.0020326424334440522
2026-04-20,0.0011998842568781982,0.0004876683205722602,0.0009716391499944159,-0.00021487191189851126,-0.0008374962330581298
2026-04-22,-0.014776267479400433,-0.011590632537914375,-0.013847879186608165,-0.012098493542907441,-0.012567882391599897
2026-04-23,-0.009630257824605323,-0.007860552714767613,-0.009166298678977022,-0.008291739613635994,-0.008674940158569504
2026-04-24,0.007085575439690499,0.007184802952802918,0.007306952490114083,0.008639009026979963,0.009907079885830193
2026-04-27,-0.008443066530571922,-0.0074922804370208705,-0.00822677206795759,-0.008372258501079716,-0.009153253780936295
2026-04-28,-0.005577385556764998,-0.005418598941283104,-0.0055559542209890275,-0.006411602937776424,-0.007298396369669214
2026-04-29,-0.014583442585162401,-0.011317973453534524,-0.013535620645863366,-0.010510032567282342,-0.009820768386330687
