,0,1,2,3,4
2005-12-05,0.15074154428872216,0.1445361753125088,0.1132132415626259,0.3189995056107458,0.2725095332253973
2005-12-06,0.15074154428872216,0.1445361753125088,0.1132132415626259,0.3189995056107458,0.2725095332253973
2005-12-07,0.15074154428872216,0.1445361753125088,0.1132132415626259,0.3189995056107458,0.2725095332253973
2005-12-08,0.15074154428872216,0.1445361753125088,0.1132132415626259,0.3189995056107458,0.2725095332253973
2005-12-09,0.15074154428872216,0.1445361753125088,0.1132132415626259,0.3189995056107458,0.2725095332253973
2005-12-12,0.15074154428872216,0.1445361753125088,0.1132132415626259,0.3189995056107458,0.2725095332253973
2005-12-13,0.15074154428872216,0.1445361753125088,0.1132132415626259,0.3189995056107458,0.2725095332253973
2005-12-14,0.15074154428872216,0.1445361753125088,0.1132132415626259,0.3189995056107458,0.2725095332253973
2005-12-15,0.15074154428872216,0.1445361753125088,0.1132132415626259,0.3189995056107458,0.2725095332253973
2005-12-16,0.15074154428872216,0.1445361753125088,0.1132132415626259,0.3189995056107458,0.2725095332253973
2005-12-19,0.15074154428872216,0.1445361753125088,0.1132132415626259,0.3189995056107458,0.2725095332253973
2005-12-20,0.15074154428872216,0.1445361753125088,0.1132132415626259,0.3189995056107458,0.2725095332253973
2005-12-21,0.15074154428872216,0.1445361753125088,0.1132132415626259,0.3189995056107458,0.2725095332253973
2005-12-22,0.15074154428872216,0.1445361753125088,0.1132132415626259,0.3189995056107458,0.2725095332253973
2005-12-23,0.15074154428872216,0.1445361753125088,0.1132132415626259,0.3189995056107458,0.2725095332253973
2005-12-27,0.15074154428872216,0.1445361753125088,0.1132132415626259,0.3189995056107458,0.2725095332253973
2005-12-28,0.15074154428872216,0.1445361753125088,0.1132132415626259,0.3189995056107458,0.2725095332253973
2005-12-29,0.15074154428872216,0.1445361753125088,0.1132132415626259,0.3189995056107458,0.2725095332253973
2006-01-03,0.15074154428872216,0.1445361753125088,0.1132132415626259,0.3189995056107458,0.2725095332253973
2006-01-04,0.15074154428872216,0.1445361753125088,0.1132132415626259,0.3189995056107458,0.2725095332253973
2006-01-05,0.15074154428872216,0.1445361753125088,0.1132132415626259,0.3189995056107458,0.2725095332253973
2006-01-06,0.1558788260762293,0.15152413967943731,0.12038961938347639,0.29585308462203674,0.27635433023882017
2006-01-09,0.1558788260762293,0.15152413967943731,0.12038961938347639,0.29585308462203674,0.27635433023882017
2006-01-10,0.1558788260762293,0.15152413967943731,0.12038961938347639,0.29585308462203674,0.27635433023882017
2006-01-11,0.1558788260762293,0.15152413967943731,0.12038961938347639,0.29585308462203674,0.27635433023882017
2006-01-12,0.1558788260762293,0.15152413967943731,0.12038961938347639,0.29585308462203674,0.27635433023882017
2006-01-13,0.1558788260762293,0.15152413967943731,0.12038961938347639,0.29585308462203674,0.27635433023882017
2006-01-17,0.1558788260762293,0.15152413967943731,0.12038961938347639,0.29585308462203674,0.27635433023882017
2006-01-18,0.1558788260762293,0.15152413967943731,0.12038961938347639,0.29585308462203674,0.27635433023882017
2006-01-19,0.1558788260762293,0.15152413967943731,0.12038961938347639,0.29585308462203674,0.27635433023882017
2006-01-20,0.1558788260762293,0.15152413967943731,0.12038961938347639,0.29585308462203674,0.27635433023882017
2006-01-23,0.1558788260762293,0.15152413967943731,0.12038961938347639,0.29585308462203674,0.27635433023882017
2006-01-24,0.1558788260762293,0.15152413967943731,0.12038961938347639,0.29585308462203674,0.27635433023882017
2006-01-26,0.1558788260762293,0.15152413967943731,0.12038961938347639,0.29585308462203674,0.27635433023882017
2006-01-27,0.1558788260762293,0.15152413967943731,0.12038961938347639,0.29585308462203674,0.27635433023882017
2006-01-30,0.1558788260762293,0.15152413967943731,0.12038961938347639,0.29585308462203674,0.27635433023882017
2006-01-31,0.1558788260762293,0.15152413967943731,0.12038961938347639,0.29585308462203674,0.27635433023882017
2006-02-01,0.1558788260762293,0.15152413967943731,0.12038961938347639,0.29585308462203674,0.27635433023882017
2006-02-02,0.1558788260762293,0.15152413967943731,0.12038961938347639,0.29585308462203674,0.27635433023882017
2006-02-03,0.1558788260762293,0.15152413967943731,0.12038961938347639,0.29585308462203674,0.27635433023882017
2006-02-06,0.1558788260762293,0.15152413967943731,0.12038961938347639,0.29585308462203674,0.27635433023882017
2006-02-07,0.1558788260762293,0.15152413967943731,0.12038961938347639,0.29585308462203674,0.27635433023882017
2006-02-08,0.1591527295623834,0.1586096155664416,0.12108207857156805,0.2814948796671367,0.2796606966324703
2006-02-09,0.1591527295623834,0.1586096155664416,0.12108207857156805,0.2814948796671367,0.2796606966324703
2006-02-10,0.1591527295623834,0.1586096155664416,0.12108207857156805,0.2814948796671367,0.2796606966324703
2006-02-13,0.1591527295623834,0.1586096155664416,0.12108207857156805,0.2814948796671367,0.2796606966324703
2006-02-14,0.1591527295623834,0.1586096155664416,0.12108207857156805,0.2814948796671367,0.2796606966324703
2006-02-15,0.1591527295623834,0.1586096155664416,0.12108207857156805,0.2814948796671367,0.2796606966324703
2006-02-16,0.1591527295623834,0.1586096155664416,0.12108207857156805,0.2814948796671367,0.2796606966324703
2006-02-17,0.1591527295623834,0.1586096155664416,0.12108207857156805,0.2814948796671367,0.2796606966324703
2006-02-21,0.1591527295623834,0.1586096155664416,0.12108207857156805,0.2814948796671367,0.2796606966324703
2006-02-22,0.1591527295623834,0.1586096155664416,0.12108207857156805,0.2814948796671367,0.2796606966324703
2006-02-23,0.1591527295623834,0.1586096155664416,0.12108207857156805,0.2814948796671367,0.2796606966324703
2006-02-24,0.1591527295623834,0.1586096155664416,0.12108207857156805,0.2814948796671367,0.2796606966324703
2006-03-01,0.1591527295623834,0.1586096155664416,0.12108207857156805,0.2814948796671367,0.2796606966324703
2006-03-02,0.1591527295623834,0.1586096155664416,0.12108207857156805,0.2814948796671367,0.2796606966324703
2006-03-03,0.1591527295623834,0.1586096155664416,0.12108207857156805,0.2814948796671367,0.2796606966324703
2006-03-06,0.1591527295623834,0.1586096155664416,0.12108207857156805,0.2814948796671367,0.2796606966324703
2006-03-07,0.1591527295623834,0.1586096155664416,0.12108207857156805,0.2814948796671367,0.2796606966324703
2006-03-08,0.1591527295623834,0.1586096155664416,0.12108207857156805,0.2814948796671367,0.2796606966324703
2006-03-09,0.1591527295623834,0.1586096155664416,0.12108207857156805,0.2814948796671367,0.2796606966324703
2006-03-10,0.1591527295623834,0.1586096155664416,0.12108207857156805,0.2814948796671367,0.2796606966324703
2006-03-13,0.1591527295623834,0.1586096155664416,0.12108207857156805,0.2814948796671367,0.2796606966324703
2006-03-14,0.15962600675027544,0.16100151801599527,0.11981402589210438,0.2719704789135913,0.28758797042803375
2006-03-15,0.15962600675027544,0.16100151801599527,0.11981402589210438,0.2719704789135913,0.28758797042803375
2006-03-16,0.15962600675027544,0.16100151801599527,0.11981402589210438,0.2719704789135913,0.28758797042803375
2006-03-17,0.15962600675027544,0.16100151801599527,0.11981402589210438,0.2719704789135913,0.28758797042803375
2006-03-20,0.15962600675027544,0.16100151801599527,0.11981402589210438,0.2719704789135913,0.28758797042803375
2006-03-21,0.15962600675027544,0.16100151801599527,0.11981402589210438,0.2719704789135913,0.28758797042803375
2006-03-22,0.15962600675027544,0.16100151801599527,0.11981402589210438,0.2719704789135913,0.28758797042803375
2006-03-23,0.15962600675027544,0.16100151801599527,0.11981402589210438,0.2719704789135913,0.28758797042803375
2006-03-24,0.15962600675027544,0.16100151801599527,0.11981402589210438,0.2719704789135913,0.28758797042803375
2006-03-27,0.15962600675027544,0.16100151801599527,0.11981402589210438,0.2719704789135913,0.28758797042803375
2006-03-28,0.15962600675027544,0.16100151801599527,0.11981402589210438,0.2719704789135913,0.28758797042803375
2006-03-29,0.15962600675027544,0.16100151801599527,0.11981402589210438,0.2719704789135913,0.28758797042803375
2006-03-30,0.15962600675027544,0.16100151801599527,0.11981402589210438,0.2719704789135913,0.28758797042803375
2006-03-31,0.15962600675027544,0.16100151801599527,0.11981402589210438,0.2719704789135913,0.28758797042803375
2006-04-03,0.15962600675027544,0.16100151801599527,0.11981402589210438,0.2719704789135913,0.28758797042803375
2006-04-04,0.15962600675027544,0.16100151801599527,0.11981402589210438,0.2719704789135913,0.28758797042803375
2006-04-05,0.15962600675027544,0.16100151801599527,0.11981402589210438,0.2719704789135913,0.28758797042803375
2006-04-06,0.15962600675027544,0.16100151801599527,0.11981402589210438,0.2719704789135913,0.28758797042803375
2006-04-07,0.15962600675027544,0.16100151801599527,0.11981402589210438,0.2719704789135913,0.28758797042803375
2006-04-10,0.15962600675027544,0.16100151801599527,0.11981402589210438,0.2719704789135913,0.28758797042803375
2006-04-11,0.15962600675027544,0.16100151801599527,0.11981402589210438,0.2719704789135913,0.28758797042803375
2006-04-12,0.15913814461752607,0.16043411692046475,0.11849941732726299,0.26258933259430917,0.2993389885404371
2006-04-13,0.15913814461752607,0.16043411692046475,0.11849941732726299,0.26258933259430917,0.2993389885404371
2006-04-17,0.15913814461752607,0.16043411692046475,0.11849941732726299,0.26258933259430917,0.2993389885404371
2006-04-18,0.15913814461752607,0.16043411692046475,0.11849941732726299,0.26258933259430917,0.2993389885404371
2006-04-19,0.15913814461752607,0.16043411692046475,0.11849941732726299,0.26258933259430917,0.2993389885404371
2006-04-20,0.15913814461752607,0.16043411692046475,0.11849941732726299,0.26258933259430917,0.2993389885404371
2006-04-24,0.15913814461752607,0.16043411692046475,0.11849941732726299,0.26258933259430917,0.2993389885404371
2006-04-25,0.15913814461752607,0.16043411692046475,0.11849941732726299,0.26258933259430917,0.2993389885404371
2006-04-26,0.15913814461752607,0.16043411692046475,0.11849941732726299,0.26258933259430917,0.2993389885404371
2006-04-27,0.15913814461752607,0.16043411692046475,0.11849941732726299,0.26258933259430917,0.2993389885404371
2006-04-28,0.15913814461752607,0.16043411692046475,0.11849941732726299,0.26258933259430917,0.2993389885404371
2006-05-02,0.15913814461752607,0.16043411692046475,0.11849941732726299,0.26258933259430917,0.2993389885404371
2006-05-03,0.15913814461752607,0.16043411692046475,0.11849941732726299,0.26258933259430917,0.2993389885404371
2006-05-04,0.15913814461752607,0.16043411692046475,0.11849941732726299,0.26258933259430917,0.2993389885404371
2006-05-05,0.15913814461752607,0.16043411692046475,0.11849941732726299,0.26258933259430917,0.2993389885404371
2006-05-08,0.15913814461752607,0.16043411692046475,0.11849941732726299,0.26258933259430917,0.2993389885404371
2006-05-09,0.15913814461752607,0.16043411692046475,0.11849941732726299,0.26258933259430917,0.2993389885404371
2006-05-10,0.15913814461752607,0.16043411692046475,0.11849941732726299,0.26258933259430917,0.2993389885404371
2006-05-11,0.15913814461752607,0.16043411692046475,0.11849941732726299,0.26258933259430917,0.2993389885404371
2006-05-12,0.15913814461752607,0.16043411692046475,0.11849941732726299,0.26258933259430917,0.2993389885404371
2006-05-15,0.15913814461752607,0.16043411692046475,0.11849941732726299,0.26258933259430917,0.2993389885404371
2006-05-16,0.15887566332618078,0.16197678359701975,0.11971722635865403,0.23780965961249545,0.32162066710565
2006-05-17,0.15887566332618078,0.16197678359701975,0.11971722635865403,0.23780965961249545,0.32162066710565
2006-05-18,0.15887566332618078,0.16197678359701975,0.11971722635865403,0.23780965961249545,0.32162066710565
2006-05-19,0.15887566332618078,0.16197678359701975,0.11971722635865403,0.23780965961249545,0.32162066710565
2006-05-22,0.15887566332618078,0.16197678359701975,0.11971722635865403,0.23780965961249545,0.32162066710565
2006-05-23,0.15887566332618078,0.16197678359701975,0.11971722635865403,0.23780965961249545,0.32162066710565
2006-05-24,0.15887566332618078,0.16197678359701975,0.11971722635865403,0.23780965961249545,0.32162066710565
2006-05-25,0.15887566332618078,0.16197678359701975,0.11971722635865403,0.23780965961249545,0.32162066710565
2006-05-26,0.15887566332618078,0.16197678359701975,0.11971722635865403,0.23780965961249545,0.32162066710565
2006-05-30,0.15887566332618078,0.16197678359701975,0.11971722635865403,0.23780965961249545,0.32162066710565
2006-05-31,0.15887566332618078,0.16197678359701975,0.11971722635865403,0.23780965961249545,0.32162066710565
2006-06-01,0.15887566332618078,0.16197678359701975,0.11971722635865403,0.23780965961249545,0.32162066710565
2006-06-02,0.15887566332618078,0.16197678359701975,0.11971722635865403,0.23780965961249545,0.32162066710565
2006-06-05,0.15887566332618078,0.16197678359701975,0.11971722635865403,0.23780965961249545,0.32162066710565
2006-06-06,0.15887566332618078,0.16197678359701975,0.11971722635865403,0.23780965961249545,0.32162066710565
2006-06-07,0.15887566332618078,0.16197678359701975,0.11971722635865403,0.23780965961249545,0.32162066710565
2006-06-08,0.15887566332618078,0.16197678359701975,0.11971722635865403,0.23780965961249545,0.32162066710565
2006-06-09,0.15887566332618078,0.16197678359701975,0.11971722635865403,0.23780965961249545,0.32162066710565
2006-06-12,0.15887566332618078,0.16197678359701975,0.11971722635865403,0.23780965961249545,0.32162066710565
2006-06-13,0.15887566332618078,0.16197678359701975,0.11971722635865403,0.23780965961249545,0.32162066710565
2006-06-14,0.15887566332618078,0.16197678359701975,0.11971722635865403,0.23780965961249545,0.32162066710565
2006-06-16,0.15797050931742546,0.16406412977816165,0.1203348923419854,0.24006453488297277,0.31756593367945474
2006-06-19,0.15797050931742546,0.16406412977816165,0.1203348923419854,0.24006453488297277,0.31756593367945474
2006-06-20,0.15797050931742546,0.16406412977816165,0.1203348923419854,0.24006453488297277,0.31756593367945474
2006-06-21,0.15797050931742546,0.16406412977816165,0.1203348923419854,0.24006453488297277,0.31756593367945474
2006-06-22,0.15797050931742546,0.16406412977816165,0.1203348923419854,0.24006453488297277,0.31756593367945474
2006-06-23,0.15797050931742546,0.16406412977816165,0.1203348923419854,0.24006453488297277,0.31756593367945474
2006-06-26,0.15797050931742546,0.16406412977816165,0.1203348923419854,0.24006453488297277,0.31756593367945474
2006-06-27,0.15797050931742546,0.16406412977816165,0.1203348923419854,0.24006453488297277,0.31756593367945474
2006-06-28,0.15797050931742546,0.16406412977816165,0.1203348923419854,0.24006453488297277,0.31756593367945474
2006-06-29,0.15797050931742546,0.16406412977816165,0.1203348923419854,0.24006453488297277,0.31756593367945474
2006-06-30,0.15797050931742546,0.16406412977816165,0.1203348923419854,0.24006453488297277,0.31756593367945474
2006-07-03,0.15797050931742546,0.16406412977816165,0.1203348923419854,0.24006453488297277,0.31756593367945474
2006-07-05,0.15797050931742546,0.16406412977816165,0.1203348923419854,0.24006453488297277,0.31756593367945474
2006-07-07,0.15797050931742546,0.16406412977816165,0.1203348923419854,0.24006453488297277,0.31756593367945474
2006-07-10,0.15797050931742546,0.16406412977816165,0.1203348923419854,0.24006453488297277,0.31756593367945474
2006-07-11,0.15797050931742546,0.16406412977816165,0.1203348923419854,0.24006453488297277,0.31756593367945474
2006-07-12,0.15797050931742546,0.16406412977816165,0.1203348923419854,0.24006453488297277,0.31756593367945474
2006-07-13,0.15797050931742546,0.16406412977816165,0.1203348923419854,0.24006453488297277,0.31756593367945474
2006-07-14,0.15797050931742546,0.16406412977816165,0.1203348923419854,0.24006453488297277,0.31756593367945474
2006-07-17,0.15797050931742546,0.16406412977816165,0.1203348923419854,0.24006453488297277,0.31756593367945474
2006-07-18,0.15797050931742546,0.16406412977816165,0.1203348923419854,0.24006453488297277,0.31756593367945474
2006-07-19,0.15546437600577073,0.16506128489248847,0.11715729608854897,0.23035393681552338,0.3319631061976685
2006-07-20,0.15546437600577073,0.16506128489248847,0.11715729608854897,0.23035393681552338,0.3319631061976685
2006-07-21,0.15546437600577073,0.16506128489248847,0.11715729608854897,0.23035393681552338,0.3319631061976685
2006-07-24,0.15546437600577073,0.16506128489248847,0.11715729608854897,0.23035393681552338,0.3319631061976685
2006-07-25,0.15546437600577073,0.16506128489248847,0.11715729608854897,0.23035393681552338,0.3319631061976685
2006-07-26,0.15546437600577073,0.16506128489248847,0.11715729608854897,0.23035393681552338,0.3319631061976685
2006-07-27,0.15546437600577073,0.16506128489248847,0.11715729608854897,0.23035393681552338,0.3319631061976685
2006-07-28,0.15546437600577073,0.16506128489248847,0.11715729608854897,0.23035393681552338,0.3319631061976685
2006-07-31,0.15546437600577073,0.16506128489248847,0.11715729608854897,0.23035393681552338,0.3319631061976685
2006-08-01,0.15546437600577073,0.16506128489248847,0.11715729608854897,0.23035393681552338,0.3319631061976685
2006-08-02,0.15546437600577073,0.16506128489248847,0.11715729608854897,0.23035393681552338,0.3319631061976685
2006-08-03,0.15546437600577073,0.16506128489248847,0.11715729608854897,0.23035393681552338,0.3319631061976685
2006-08-04,0.15546437600577073,0.16506128489248847,0.11715729608854897,0.23035393681552338,0.3319631061976685
2006-08-07,0.15546437600577073,0.16506128489248847,0.11715729608854897,0.23035393681552338,0.3319631061976685
2006-08-08,0.15546437600577073,0.16506128489248847,0.11715729608854897,0.23035393681552338,0.3319631061976685
2006-08-09,0.15546437600577073,0.16506128489248847,0.11715729608854897,0.23035393681552338,0.3319631061976685
2006-08-10,0.15546437600577073,0.16506128489248847,0.11715729608854897,0.23035393681552338,0.3319631061976685
2006-08-11,0.15546437600577073,0.16506128489248847,0.11715729608854897,0.23035393681552338,0.3319631061976685
2006-08-14,0.15546437600577073,0.16506128489248847,0.11715729608854897,0.23035393681552338,0.3319631061976685
2006-08-15,0.15546437600577073,0.16506128489248847,0.11715729608854897,0.23035393681552338,0.3319631061976685
2006-08-16,0.15546437600577073,0.16506128489248847,0.11715729608854897,0.23035393681552338,0.3319631061976685
2006-08-17,0.1517246576010109,0.16358733135789022,0.1182305487644466,0.23105516954725527,0.33540229272939714
2006-08-18,0.1517246576010109,0.16358733135789022,0.1182305487644466,0.23105516954725527,0.33540229272939714
2006-08-21,0.1517246576010109,0.16358733135789022,0.1182305487644466,0.23105516954725527,0.33540229272939714
2006-08-22,0.1517246576010109,0.16358733135789022,0.1182305487644466,0.23105516954725527,0.33540229272939714
2006-08-23,0.1517246576010109,0.16358733135789022,0.1182305487644466,0.23105516954725527,0.33540229272939714
2006-08-24,0.1517246576010109,0.16358733135789022,0.1182305487644466,0.23105516954725527,0.33540229272939714
2006-08-25,0.1517246576010109,0.16358733135789022,0.1182305487644466,0.23105516954725527,0.33540229272939714
2006-08-28,0.1517246576010109,0.16358733135789022,0.1182305487644466,0.23105516954725527,0.33540229272939714
2006-08-29,0.1517246576010109,0.16358733135789022,0.1182305487644466,0.23105516954725527,0.33540229272939714
2006-08-30,0.1517246576010109,0.16358733135789022,0.1182305487644466,0.23105516954725527,0.33540229272939714
2006-08-31,0.1517246576010109,0.16358733135789022,0.1182305487644466,0.23105516954725527,0.33540229272939714
2006-09-01,0.1517246576010109,0.16358733135789022,0.1182305487644466,0.23105516954725527,0.33540229272939714
2006-09-05,0.1517246576010109,0.16358733135789022,0.1182305487644466,0.23105516954725527,0.33540229272939714
2006-09-06,0.1517246576010109,0.16358733135789022,0.1182305487644466,0.23105516954725527,0.33540229272939714
2006-09-08,0.1517246576010109,0.16358733135789022,0.1182305487644466,0.23105516954725527,0.33540229272939714
2006-09-11,0.1517246576010109,0.16358733135789022,0.1182305487644466,0.23105516954725527,0.33540229272939714
2006-09-12,0.1517246576010109,0.16358733135789022,0.1182305487644466,0.23105516954725527,0.33540229272939714
2006-09-13,0.1517246576010109,0.16358733135789022,0.1182305487644466,0.23105516954725527,0.33540229272939714
2006-09-14,0.1517246576010109,0.16358733135789022,0.1182305487644466,0.23105516954725527,0.33540229272939714
2006-09-15,0.1517246576010109,0.16358733135789022,0.1182305487644466,0.23105516954725527,0.33540229272939714
2006-09-18,0.1517246576010109,0.16358733135789022,0.1182305487644466,0.23105516954725527,0.33540229272939714
2006-09-19,0.14738518531096662,0.15911770136161194,0.11628577369386668,0.2244088796443247,0.35280245998923015
2006-09-20,0.14738518531096662,0.15911770136161194,0.11628577369386668,0.2244088796443247,0.35280245998923015
2006-09-21,0.14738518531096662,0.15911770136161194,0.11628577369386668,0.2244088796443247,0.35280245998923015
2006-09-22,0.14738518531096662,0.15911770136161194,0.11628577369386668,0.2244088796443247,0.35280245998923015
2006-09-25,0.14738518531096662,0.15911770136161194,0.11628577369386668,0.2244088796443247,0.35280245998923015
2006-09-26,0.14738518531096662,0.15911770136161194,0.11628577369386668,0.2244088796443247,0.35280245998923015
2006-09-27,0.14738518531096662,0.15911770136161194,0.11628577369386668,0.2244088796443247,0.35280245998923015
2006-09-28,0.14738518531096662,0.15911770136161194,0.11628577369386668,0.2244088796443247,0.35280245998923015
2006-09-29,0.14738518531096662,0.15911770136161194,0.11628577369386668,0.2244088796443247,0.35280245998923015
2006-10-02,0.14738518531096662,0.15911770136161194,0.11628577369386668,0.2244088796443247,0.35280245998923015
2006-10-03,0.14738518531096662,0.15911770136161194,0.11628577369386668,0.2244088796443247,0.35280245998923015
2006-10-04,0.14738518531096662,0.15911770136161194,0.11628577369386668,0.2244088796443247,0.35280245998923015
2006-10-05,0.14738518531096662,0.15911770136161194,0.11628577369386668,0.2244088796443247,0.35280245998923015
2006-10-06,0.14738518531096662,0.15911770136161194,0.11628577369386668,0.2244088796443247,0.35280245998923015
2006-10-09,0.14738518531096662,0.15911770136161194,0.11628577369386668,0.2244088796443247,0.35280245998923015
2006-10-10,0.14738518531096662,0.15911770136161194,0.11628577369386668,0.2244088796443247,0.35280245998923015
2006-10-11,0.14738518531096662,0.15911770136161194,0.11628577369386668,0.2244088796443247,0.35280245998923015
2006-10-13,0.14738518531096662,0.15911770136161194,0.11628577369386668,0.2244088796443247,0.35280245998923015
2006-10-16,0.14738518531096662,0.15911770136161194,0.11628577369386668,0.2244088796443247,0.35280245998923015
2006-10-17,0.14738518531096662,0.15911770136161194,0.11628577369386668,0.2244088796443247,0.35280245998923015
2006-10-18,0.14738518531096662,0.15911770136161194,0.11628577369386668,0.2244088796443247,0.35280245998923015
2006-10-19,0.14719882697405406,0.15872814372313884,0.11664737180435604,0.22243214496667213,0.354993512531779
2006-10-20,0.14719882697405406,0.15872814372313884,0.11664737180435604,0.22243214496667213,0.354993512531779
2006-10-23,0.14719882697405406,0.15872814372313884,0.11664737180435604,0.22243214496667213,0.354993512531779
2006-10-24,0.14719882697405406,0.15872814372313884,0.11664737180435604,0.22243214496667213,0.354993512531779
2006-10-25,0.14719882697405406,0.15872814372313884,0.11664737180435604,0.22243214496667213,0.354993512531779
2006-10-26,0.14719882697405406,0.15872814372313884,0.11664737180435604,0.22243214496667213,0.354993512531779
2006-10-27,0.14719882697405406,0.15872814372313884,0.11664737180435604,0.22243214496667213,0.354993512531779
2006-10-30,0.14719882697405406,0.15872814372313884,0.11664737180435604,0.22243214496667213,0.354993512531779
2006-10-31,0.14719882697405406,0.15872814372313884,0.11664737180435604,0.22243214496667213,0.354993512531779
2006-11-01,0.14719882697405406,0.15872814372313884,0.11664737180435604,0.22243214496667213,0.354993512531779
2006-11-03,0.14719882697405406,0.15872814372313884,0.11664737180435604,0.22243214496667213,0.354993512531779
2006-11-06,0.14719882697405406,0.15872814372313884,0.11664737180435604,0.22243214496667213,0.354993512531779
2006-11-07,0.14719882697405406,0.15872814372313884,0.11664737180435604,0.22243214496667213,0.354993512531779
2006-11-08,0.14719882697405406,0.15872814372313884,0.11664737180435604,0.22243214496667213,0.354993512531779
2006-11-09,0.14719882697405406,0.15872814372313884,0.11664737180435604,0.22243214496667213,0.354993512531779
2006-11-10,0.14719882697405406,0.15872814372313884,0.11664737180435604,0.22243214496667213,0.354993512531779
2006-11-13,0.14719882697405406,0.15872814372313884,0.11664737180435604,0.22243214496667213,0.354993512531779
2006-11-14,0.14719882697405406,0.15872814372313884,0.11664737180435604,0.22243214496667213,0.354993512531779
2006-11-16,0.14719882697405406,0.15872814372313884,0.11664737180435604,0.22243214496667213,0.354993512531779
2006-11-17,0.14719882697405406,0.15872814372313884,0.11664737180435604,0.22243214496667213,0.354993512531779
2006-11-21,0.14719882697405406,0.15872814372313884,0.11664737180435604,0.22243214496667213,0.354993512531779
2006-11-22,0.15019976704492313,0.16222977739288738,0.11854346931129263,0.20773315332057643,0.3612938329303206
2006-11-24,0.15019976704492313,0.16222977739288738,0.11854346931129263,0.20773315332057643,0.3612938329303206
2006-11-27,0.15019976704492313,0.16222977739288738,0.11854346931129263,0.20773315332057643,0.3612938329303206
2006-11-28,0.15019976704492313,0.16222977739288738,0.11854346931129263,0.20773315332057643,0.3612938329303206
2006-11-29,0.15019976704492313,0.16222977739288738,0.11854346931129263,0.20773315332057643,0.3612938329303206
2006-11-30,0.15019976704492313,0.16222977739288738,0.11854346931129263,0.20773315332057643,0.3612938329303206
2006-12-01,0.15019976704492313,0.16222977739288738,0.11854346931129263,0.20773315332057643,0.3612938329303206
2006-12-04,0.15019976704492313,0.16222977739288738,0.11854346931129263,0.20773315332057643,0.3612938329303206
2006-12-05,0.15019976704492313,0.16222977739288738,0.11854346931129263,0.20773315332057643,0.3612938329303206
2006-12-06,0.15019976704492313,0.16222977739288738,0.11854346931129263,0.20773315332057643,0.3612938329303206
2006-12-07,0.15019976704492313,0.16222977739288738,0.11854346931129263,0.20773315332057643,0.3612938329303206
2006-12-08,0.15019976704492313,0.16222977739288738,0.11854346931129263,0.20773315332057643,0.3612938329303206
2006-12-11,0.15019976704492313,0.16222977739288738,0.11854346931129263,0.20773315332057643,0.3612938329303206
2006-12-12,0.15019976704492313,0.16222977739288738,0.11854346931129263,0.20773315332057643,0.3612938329303206
2006-12-13,0.15019976704492313,0.16222977739288738,0.11854346931129263,0.20773315332057643,0.3612938329303206
2006-12-14,0.15019976704492313,0.16222977739288738,0.11854346931129263,0.20773315332057643,0.3612938329303206
2006-12-15,0.15019976704492313,0.16222977739288738,0.11854346931129263,0.20773315332057643,0.3612938329303206
2006-12-18,0.15019976704492313,0.16222977739288738,0.11854346931129263,0.20773315332057643,0.3612938329303206
2006-12-19,0.15019976704492313,0.16222977739288738,0.11854346931129263,0.20773315332057643,0.3612938329303206
2006-12-20,0.15019976704492313,0.16222977739288738,0.11854346931129263,0.20773315332057643,0.3612938329303206
2006-12-21,0.15019976704492313,0.16222977739288738,0.11854346931129263,0.20773315332057643,0.3612938329303206
2006-12-22,0.14798279417077664,0.15806226138636228,0.11644215274958473,0.20968134881969677,0.3678314428735795
2006-12-26,0.14798279417077664,0.15806226138636228,0.11644215274958473,0.20968134881969677,0.3678314428735795
2006-12-27,0.14798279417077664,0.15806226138636228,0.11644215274958473,0.20968134881969677,0.3678314428735795
2006-12-28,0.14798279417077664,0.15806226138636228,0.11644215274958473,0.20968134881969677,0.3678314428735795
2007-01-03,0.14798279417077664,0.15806226138636228,0.11644215274958473,0.20968134881969677,0.3678314428735795
2007-01-04,0.14798279417077664,0.15806226138636228,0.11644215274958473,0.20968134881969677,0.3678314428735795
2007-01-05,0.14798279417077664,0.15806226138636228,0.11644215274958473,0.20968134881969677,0.3678314428735795
2007-01-08,0.14798279417077664,0.15806226138636228,0.11644215274958473,0.20968134881969677,0.3678314428735795
2007-01-09,0.14798279417077664,0.15806226138636228,0.11644215274958473,0.20968134881969677,0.3678314428735795
2007-01-10,0.14798279417077664,0.15806226138636228,0.11644215274958473,0.20968134881969677,0.3678314428735795
2007-01-11,0.14798279417077664,0.15806226138636228,0.11644215274958473,0.20968134881969677,0.3678314428735795
2007-01-12,0.14798279417077664,0.15806226138636228,0.11644215274958473,0.20968134881969677,0.3678314428735795
2007-01-16,0.14798279417077664,0.15806226138636228,0.11644215274958473,0.20968134881969677,0.3678314428735795
2007-01-17,0.14798279417077664,0.15806226138636228,0.11644215274958473,0.20968134881969677,0.3678314428735795
2007-01-18,0.14798279417077664,0.15806226138636228,0.11644215274958473,0.20968134881969677,0.3678314428735795
2007-01-19,0.14798279417077664,0.15806226138636228,0.11644215274958473,0.20968134881969677,0.3678314428735795
2007-01-22,0.14798279417077664,0.15806226138636228,0.11644215274958473,0.20968134881969677,0.3678314428735795
2007-01-23,0.14798279417077664,0.15806226138636228,0.11644215274958473,0.20968134881969677,0.3678314428735795
2007-01-24,0.14798279417077664,0.15806226138636228,0.11644215274958473,0.20968134881969677,0.3678314428735795
2007-01-26,0.14798279417077664,0.15806226138636228,0.11644215274958473,0.20968134881969677,0.3678314428735795
2007-01-29,0.14798279417077664,0.15806226138636228,0.11644215274958473,0.20968134881969677,0.3678314428735795
2007-01-30,0.1426845507864349,0.15118125692357387,0.11299048434651061,0.2136984721128791,0.3794452358306015
2007-01-31,0.1426845507864349,0.15118125692357387,0.11299048434651061,0.2136984721128791,0.3794452358306015
2007-02-01,0.1426845507864349,0.15118125692357387,0.11299048434651061,0.2136984721128791,0.3794452358306015
2007-02-02,0.1426845507864349,0.15118125692357387,0.11299048434651061,0.2136984721128791,0.3794452358306015
2007-02-05,0.1426845507864349,0.15118125692357387,0.11299048434651061,0.2136984721128791,0.3794452358306015
2007-02-06,0.1426845507864349,0.15118125692357387,0.11299048434651061,0.2136984721128791,0.3794452358306015
2007-02-07,0.1426845507864349,0.15118125692357387,0.11299048434651061,0.2136984721128791,0.3794452358306015
2007-02-08,0.1426845507864349,0.15118125692357387,0.11299048434651061,0.2136984721128791,0.3794452358306015
2007-02-09,0.1426845507864349,0.15118125692357387,0.11299048434651061,0.2136984721128791,0.3794452358306015
2007-02-12,0.1426845507864349,0.15118125692357387,0.11299048434651061,0.2136984721128791,0.3794452358306015
2007-02-13,0.1426845507864349,0.15118125692357387,0.11299048434651061,0.2136984721128791,0.3794452358306015
2007-02-14,0.1426845507864349,0.15118125692357387,0.11299048434651061,0.2136984721128791,0.3794452358306015
2007-02-15,0.1426845507864349,0.15118125692357387,0.11299048434651061,0.2136984721128791,0.3794452358306015
2007-02-16,0.1426845507864349,0.15118125692357387,0.11299048434651061,0.2136984721128791,0.3794452358306015
2007-02-21,0.1426845507864349,0.15118125692357387,0.11299048434651061,0.2136984721128791,0.3794452358306015
2007-02-22,0.1426845507864349,0.15118125692357387,0.11299048434651061,0.2136984721128791,0.3794452358306015
2007-02-23,0.1426845507864349,0.15118125692357387,0.11299048434651061,0.2136984721128791,0.3794452358306015
2007-02-26,0.1426845507864349,0.15118125692357387,0.11299048434651061,0.2136984721128791,0.3794452358306015
2007-02-27,0.1426845507864349,0.15118125692357387,0.11299048434651061,0.2136984721128791,0.3794452358306015
2007-02-28,0.1426845507864349,0.15118125692357387,0.11299048434651061,0.2136984721128791,0.3794452358306015
2007-03-01,0.1426845507864349,0.15118125692357387,0.11299048434651061,0.2136984721128791,0.3794452358306015
2007-03-02,0.14032023803157395,0.14468152782809834,0.11390106058593782,0.22075513124703375,0.3803420423073562
2007-03-05,0.14032023803157395,0.14468152782809834,0.11390106058593782,0.22075513124703375,0.3803420423073562
2007-03-06,0.14032023803157395,0.14468152782809834,0.11390106058593782,0.22075513124703375,0.3803420423073562
2007-03-07,0.14032023803157395,0.14468152782809834,0.11390106058593782,0.22075513124703375,0.3803420423073562
2007-03-08,0.14032023803157395,0.14468152782809834,0.11390106058593782,0.22075513124703375,0.3803420423073562
2007-03-09,0.14032023803157395,0.14468152782809834,0.11390106058593782,0.22075513124703375,0.3803420423073562
2007-03-12,0.14032023803157395,0.14468152782809834,0.11390106058593782,0.22075513124703375,0.3803420423073562
2007-03-13,0.14032023803157395,0.14468152782809834,0.11390106058593782,0.22075513124703375,0.3803420423073562
2007-03-14,0.14032023803157395,0.14468152782809834,0.11390106058593782,0.22075513124703375,0.3803420423073562
2007-03-15,0.14032023803157395,0.14468152782809834,0.11390106058593782,0.22075513124703375,0.3803420423073562
2007-03-16,0.14032023803157395,0.14468152782809834,0.11390106058593782,0.22075513124703375,0.3803420423073562
2007-03-19,0.14032023803157395,0.14468152782809834,0.11390106058593782,0.22075513124703375,0.3803420423073562
2007-03-20,0.14032023803157395,0.14468152782809834,0.11390106058593782,0.22075513124703375,0.3803420423073562
2007-03-21,0.14032023803157395,0.14468152782809834,0.11390106058593782,0.22075513124703375,0.3803420423073562
2007-03-22,0.14032023803157395,0.14468152782809834,0.11390106058593782,0.22075513124703375,0.3803420423073562
2007-03-23,0.14032023803157395,0.14468152782809834,0.11390106058593782,0.22075513124703375,0.3803420423073562
2007-03-26,0.14032023803157395,0.14468152782809834,0.11390106058593782,0.22075513124703375,0.3803420423073562
2007-03-27,0.14032023803157395,0.14468152782809834,0.11390106058593782,0.22075513124703375,0.3803420423073562
2007-03-28,0.14032023803157395,0.14468152782809834,0.11390106058593782,0.22075513124703375,0.3803420423073562
2007-03-29,0.14032023803157395,0.14468152782809834,0.11390106058593782,0.22075513124703375,0.3803420423073562
2007-03-30,0.14032023803157395,0.14468152782809834,0.11390106058593782,0.22075513124703375,0.3803420423073562
2007-04-02,0.13761752102996783,0.14124597182300622,0.114263219193146,0.23049217157866136,0.3763811163752186
2007-04-03,0.13761752102996783,0.14124597182300622,0.114263219193146,0.23049217157866136,0.3763811163752186
2007-04-04,0.13761752102996783,0.14124597182300622,0.114263219193146,0.23049217157866136,0.3763811163752186
2007-04-05,0.13761752102996783,0.14124597182300622,0.114263219193146,0.23049217157866136,0.3763811163752186
2007-04-09,0.13761752102996783,0.14124597182300622,0.114263219193146,0.23049217157866136,0.3763811163752186
2007-04-10,0.13761752102996783,0.14124597182300622,0.114263219193146,0.23049217157866136,0.3763811163752186
2007-04-11,0.13761752102996783,0.14124597182300622,0.114263219193146,0.23049217157866136,0.3763811163752186
2007-04-12,0.13761752102996783,0.14124597182300622,0.114263219193146,0.23049217157866136,0.3763811163752186
2007-04-13,0.13761752102996783,0.14124597182300622,0.114263219193146,0.23049217157866136,0.3763811163752186
2007-04-16,0.13761752102996783,0.14124597182300622,0.114263219193146,0.23049217157866136,0.3763811163752186
2007-04-17,0.13761752102996783,0.14124597182300622,0.114263219193146,0.23049217157866136,0.3763811163752186
2007-04-18,0.13761752102996783,0.14124597182300622,0.114263219193146,0.23049217157866136,0.3763811163752186
2007-04-19,0.13761752102996783,0.14124597182300622,0.114263219193146,0.23049217157866136,0.3763811163752186
2007-04-20,0.13761752102996783,0.14124597182300622,0.114263219193146,0.23049217157866136,0.3763811163752186
2007-04-23,0.13761752102996783,0.14124597182300622,0.114263219193146,0.23049217157866136,0.3763811163752186
2007-04-24,0.13761752102996783,0.14124597182300622,0.114263219193146,0.23049217157866136,0.3763811163752186
2007-04-25,0.13761752102996783,0.14124597182300622,0.114263219193146,0.23049217157866136,0.3763811163752186
2007-04-26,0.13761752102996783,0.14124597182300622,0.114263219193146,0.23049217157866136,0.3763811163752186
2007-04-27,0.13761752102996783,0.14124597182300622,0.114263219193146,0.23049217157866136,0.3763811163752186
2007-04-30,0.13761752102996783,0.14124597182300622,0.114263219193146,0.23049217157866136,0.3763811163752186
2007-05-02,0.13761752102996783,0.14124597182300622,0.114263219193146,0.23049217157866136,0.3763811163752186
2007-05-03,0.13649401837735065,0.14058083286867584,0.11530743528571194,0.23205014444257138,0.37556756902569016
2007-05-04,0.13649401837735065,0.14058083286867584,0.11530743528571194,0.23205014444257138,0.37556756902569016
2007-05-07,0.13649401837735065,0.14058083286867584,0.11530743528571194,0.23205014444257138,0.37556756902569016
2007-05-08,0.13649401837735065,0.14058083286867584,0.11530743528571194,0.23205014444257138,0.37556756902569016
2007-05-09,0.13649401837735065,0.14058083286867584,0.11530743528571194,0.23205014444257138,0.37556756902569016
2007-05-10,0.13649401837735065,0.14058083286867584,0.11530743528571194,0.23205014444257138,0.37556756902569016
2007-05-11,0.13649401837735065,0.14058083286867584,0.11530743528571194,0.23205014444257138,0.37556756902569016
2007-05-14,0.13649401837735065,0.14058083286867584,0.11530743528571194,0.23205014444257138,0.37556756902569016
2007-05-15,0.13649401837735065,0.14058083286867584,0.11530743528571194,0.23205014444257138,0.37556756902569016
2007-05-16,0.13649401837735065,0.14058083286867584,0.11530743528571194,0.23205014444257138,0.37556756902569016
2007-05-17,0.13649401837735065,0.14058083286867584,0.11530743528571194,0.23205014444257138,0.37556756902569016
2007-05-18,0.13649401837735065,0.14058083286867584,0.11530743528571194,0.23205014444257138,0.37556756902569016
2007-05-21,0.13649401837735065,0.14058083286867584,0.11530743528571194,0.23205014444257138,0.37556756902569016
2007-05-22,0.13649401837735065,0.14058083286867584,0.11530743528571194,0.23205014444257138,0.37556756902569016
2007-05-23,0.13649401837735065,0.14058083286867584,0.11530743528571194,0.23205014444257138,0.37556756902569016
2007-05-24,0.13649401837735065,0.14058083286867584,0.11530743528571194,0.23205014444257138,0.37556756902569016
2007-05-25,0.13649401837735065,0.14058083286867584,0.11530743528571194,0.23205014444257138,0.37556756902569016
2007-05-29,0.13649401837735065,0.14058083286867584,0.11530743528571194,0.23205014444257138,0.37556756902569016
2007-05-30,0.13649401837735065,0.14058083286867584,0.11530743528571194,0.23205014444257138,0.37556756902569016
2007-05-31,0.13649401837735065,0.14058083286867584,0.11530743528571194,0.23205014444257138,0.37556756902569016
2007-06-01,0.13649401837735065,0.14058083286867584,0.11530743528571194,0.23205014444257138,0.37556756902569016
2007-06-04,0.1382230209502036,0.1424866287094032,0.11626324637777385,0.24426711032026205,0.3587599936423573
2007-06-05,0.1382230209502036,0.1424866287094032,0.11626324637777385,0.24426711032026205,0.3587599936423573
2007-06-06,0.1382230209502036,0.1424866287094032,0.11626324637777385,0.24426711032026205,0.3587599936423573
2007-06-08,0.1382230209502036,0.1424866287094032,0.11626324637777385,0.24426711032026205,0.3587599936423573
2007-06-11,0.1382230209502036,0.1424866287094032,0.11626324637777385,0.24426711032026205,0.3587599936423573
2007-06-12,0.1382230209502036,0.1424866287094032,0.11626324637777385,0.24426711032026205,0.3587599936423573
2007-06-13,0.1382230209502036,0.1424866287094032,0.11626324637777385,0.24426711032026205,0.3587599936423573
2007-06-14,0.1382230209502036,0.1424866287094032,0.11626324637777385,0.24426711032026205,0.3587599936423573
2007-06-15,0.1382230209502036,0.1424866287094032,0.11626324637777385,0.24426711032026205,0.3587599936423573
2007-06-18,0.1382230209502036,0.1424866287094032,0.11626324637777385,0.24426711032026205,0.3587599936423573
2007-06-19,0.1382230209502036,0.1424866287094032,0.11626324637777385,0.24426711032026205,0.3587599936423573
2007-06-20,0.1382230209502036,0.1424866287094032,0.11626324637777385,0.24426711032026205,0.3587599936423573
2007-06-21,0.1382230209502036,0.1424866287094032,0.11626324637777385,0.24426711032026205,0.3587599936423573
2007-06-22,0.1382230209502036,0.1424866287094032,0.11626324637777385,0.24426711032026205,0.3587599936423573
2007-06-25,0.1382230209502036,0.1424866287094032,0.11626324637777385,0.24426711032026205,0.3587599936423573
2007-06-26,0.1382230209502036,0.1424866287094032,0.11626324637777385,0.24426711032026205,0.3587599936423573
2007-06-27,0.1382230209502036,0.1424866287094032,0.11626324637777385,0.24426711032026205,0.3587599936423573
2007-06-28,0.1382230209502036,0.1424866287094032,0.11626324637777385,0.24426711032026205,0.3587599936423573
2007-06-29,0.1382230209502036,0.1424866287094032,0.11626324637777385,0.24426711032026205,0.3587599936423573
2007-07-02,0.1382230209502036,0.1424866287094032,0.11626324637777385,0.24426711032026205,0.3587599936423573
2007-07-03,0.1382230209502036,0.1424866287094032,0.11626324637777385,0.24426711032026205,0.3587599936423573
2007-07-05,0.13522600083576086,0.13815964198246455,0.11490084282007984,0.23846723771413336,0.3732462766475613
2007-07-06,0.13522600083576086,0.13815964198246455,0.11490084282007984,0.23846723771413336,0.3732462766475613
2007-07-10,0.13522600083576086,0.13815964198246455,0.11490084282007984,0.23846723771413336,0.3732462766475613
2007-07-11,0.13522600083576086,0.13815964198246455,0.11490084282007984,0.23846723771413336,0.3732462766475613
2007-07-12,0.13522600083576086,0.13815964198246455,0.11490084282007984,0.23846723771413336,0.3732462766475613
2007-07-13,0.13522600083576086,0.13815964198246455,0.11490084282007984,0.23846723771413336,0.3732462766475613
2007-07-16,0.13522600083576086,0.13815964198246455,0.11490084282007984,0.23846723771413336,0.3732462766475613
2007-07-17,0.13522600083576086,0.13815964198246455,0.11490084282007984,0.23846723771413336,0.3732462766475613
2007-07-18,0.13522600083576086,0.13815964198246455,0.11490084282007984,0.23846723771413336,0.3732462766475613
2007-07-19,0.13522600083576086,0.13815964198246455,0.11490084282007984,0.23846723771413336,0.3732462766475613
2007-07-20,0.13522600083576086,0.13815964198246455,0.11490084282007984,0.23846723771413336,0.3732462766475613
2007-07-23,0.13522600083576086,0.13815964198246455,0.11490084282007984,0.23846723771413336,0.3732462766475613
2007-07-24,0.13522600083576086,0.13815964198246455,0.11490084282007984,0.23846723771413336,0.3732462766475613
2007-07-25,0.13522600083576086,0.13815964198246455,0.11490084282007984,0.23846723771413336,0.3732462766475613
2007-07-26,0.13522600083576086,0.13815964198246455,0.11490084282007984,0.23846723771413336,0.3732462766475613
2007-07-27,0.13522600083576086,0.13815964198246455,0.11490084282007984,0.23846723771413336,0.3732462766475613
2007-07-30,0.13522600083576086,0.13815964198246455,0.11490084282007984,0.23846723771413336,0.3732462766475613
2007-07-31,0.13522600083576086,0.13815964198246455,0.11490084282007984,0.23846723771413336,0.3732462766475613
2007-08-01,0.13522600083576086,0.13815964198246455,0.11490084282007984,0.23846723771413336,0.3732462766475613
2007-08-02,0.13522600083576086,0.13815964198246455,0.11490084282007984,0.23846723771413336,0.3732462766475613
2007-08-03,0.13522600083576086,0.13815964198246455,0.11490084282007984,0.23846723771413336,0.3732462766475613
2007-08-06,0.13251658278926703,0.1333147950481999,0.11575975999503954,0.27263383881222025,0.3457750233552733
2007-08-07,0.13251658278926703,0.1333147950481999,0.11575975999503954,0.27263383881222025,0.3457750233552733
2007-08-08,0.13251658278926703,0.1333147950481999,0.11575975999503954,0.27263383881222025,0.3457750233552733
2007-08-09,0.13251658278926703,0.1333147950481999,0.11575975999503954,0.27263383881222025,0.3457750233552733
2007-08-10,0.13251658278926703,0.1333147950481999,0.11575975999503954,0.27263383881222025,0.3457750233552733
2007-08-13,0.13251658278926703,0.1333147950481999,0.11575975999503954,0.27263383881222025,0.3457750233552733
2007-08-14,0.13251658278926703,0.1333147950481999,0.11575975999503954,0.27263383881222025,0.3457750233552733
2007-08-15,0.13251658278926703,0.1333147950481999,0.11575975999503954,0.27263383881222025,0.3457750233552733
2007-08-16,0.13251658278926703,0.1333147950481999,0.11575975999503954,0.27263383881222025,0.3457750233552733
2007-08-17,0.13251658278926703,0.1333147950481999,0.11575975999503954,0.27263383881222025,0.3457750233552733
2007-08-20,0.13251658278926703,0.1333147950481999,0.11575975999503954,0.27263383881222025,0.3457750233552733
2007-08-21,0.13251658278926703,0.1333147950481999,0.11575975999503954,0.27263383881222025,0.3457750233552733
2007-08-22,0.13251658278926703,0.1333147950481999,0.11575975999503954,0.27263383881222025,0.3457750233552733
2007-08-23,0.13251658278926703,0.1333147950481999,0.11575975999503954,0.27263383881222025,0.3457750233552733
2007-08-24,0.13251658278926703,0.1333147950481999,0.11575975999503954,0.27263383881222025,0.3457750233552733
2007-08-27,0.13251658278926703,0.1333147950481999,0.11575975999503954,0.27263383881222025,0.3457750233552733
2007-08-28,0.13251658278926703,0.1333147950481999,0.11575975999503954,0.27263383881222025,0.3457750233552733
2007-08-29,0.13251658278926703,0.1333147950481999,0.11575975999503954,0.27263383881222025,0.3457750233552733
2007-08-30,0.13251658278926703,0.1333147950481999,0.11575975999503954,0.27263383881222025,0.3457750233552733
2007-08-31,0.13251658278926703,0.1333147950481999,0.11575975999503954,0.27263383881222025,0.3457750233552733
2007-09-04,0.13251658278926703,0.1333147950481999,0.11575975999503954,0.27263383881222025,0.3457750233552733
2007-09-05,0.14611602665446516,0.14634478268886994,0.1160743757296864,0.2834656233203582,0.3079991916066203
2007-09-06,0.14611602665446516,0.14634478268886994,0.1160743757296864,0.2834656233203582,0.3079991916066203
2007-09-10,0.14611602665446516,0.14634478268886994,0.1160743757296864,0.2834656233203582,0.3079991916066203
2007-09-11,0.14611602665446516,0.14634478268886994,0.1160743757296864,0.2834656233203582,0.3079991916066203
2007-09-12,0.14611602665446516,0.14634478268886994,0.1160743757296864,0.2834656233203582,0.3079991916066203
2007-09-13,0.14611602665446516,0.14634478268886994,0.1160743757296864,0.2834656233203582,0.3079991916066203
2007-09-14,0.14611602665446516,0.14634478268886994,0.1160743757296864,0.2834656233203582,0.3079991916066203
2007-09-17,0.14611602665446516,0.14634478268886994,0.1160743757296864,0.2834656233203582,0.3079991916066203
2007-09-18,0.14611602665446516,0.14634478268886994,0.1160743757296864,0.2834656233203582,0.3079991916066203
2007-09-19,0.14611602665446516,0.14634478268886994,0.1160743757296864,0.2834656233203582,0.3079991916066203
2007-09-20,0.14611602665446516,0.14634478268886994,0.1160743757296864,0.2834656233203582,0.3079991916066203
2007-09-21,0.14611602665446516,0.14634478268886994,0.1160743757296864,0.2834656233203582,0.3079991916066203
2007-09-24,0.14611602665446516,0.14634478268886994,0.1160743757296864,0.2834656233203582,0.3079991916066203
2007-09-25,0.14611602665446516,0.14634478268886994,0.1160743757296864,0.2834656233203582,0.3079991916066203
2007-09-26,0.14611602665446516,0.14634478268886994,0.1160743757296864,0.2834656233203582,0.3079991916066203
2007-09-27,0.14611602665446516,0.14634478268886994,0.1160743757296864,0.2834656233203582,0.3079991916066203
2007-09-28,0.14611602665446516,0.14634478268886994,0.1160743757296864,0.2834656233203582,0.3079991916066203
2007-10-01,0.14611602665446516,0.14634478268886994,0.1160743757296864,0.2834656233203582,0.3079991916066203
2007-10-02,0.14611602665446516,0.14634478268886994,0.1160743757296864,0.2834656233203582,0.3079991916066203
2007-10-03,0.14611602665446516,0.14634478268886994,0.1160743757296864,0.2834656233203582,0.3079991916066203
2007-10-04,0.14611602665446516,0.14634478268886994,0.1160743757296864,0.2834656233203582,0.3079991916066203
2007-10-05,0.1426220421327385,0.14401663983295732,0.11306849322176685,0.30340894152241826,0.2968838832901191
2007-10-08,0.1426220421327385,0.14401663983295732,0.11306849322176685,0.30340894152241826,0.2968838832901191
2007-10-09,0.1426220421327385,0.14401663983295732,0.11306849322176685,0.30340894152241826,0.2968838832901191
2007-10-10,0.1426220421327385,0.14401663983295732,0.11306849322176685,0.30340894152241826,0.2968838832901191
2007-10-11,0.1426220421327385,0.14401663983295732,0.11306849322176685,0.30340894152241826,0.2968838832901191
2007-10-15,0.1426220421327385,0.14401663983295732,0.11306849322176685,0.30340894152241826,0.2968838832901191
2007-10-16,0.1426220421327385,0.14401663983295732,0.11306849322176685,0.30340894152241826,0.2968838832901191
2007-10-17,0.1426220421327385,0.14401663983295732,0.11306849322176685,0.30340894152241826,0.2968838832901191
2007-10-18,0.1426220421327385,0.14401663983295732,0.11306849322176685,0.30340894152241826,0.2968838832901191
2007-10-19,0.1426220421327385,0.14401663983295732,0.11306849322176685,0.30340894152241826,0.2968838832901191
2007-10-22,0.1426220421327385,0.14401663983295732,0.11306849322176685,0.30340894152241826,0.2968838832901191
2007-10-23,0.1426220421327385,0.14401663983295732,0.11306849322176685,0.30340894152241826,0.2968838832901191
2007-10-24,0.1426220421327385,0.14401663983295732,0.11306849322176685,0.30340894152241826,0.2968838832901191
2007-10-25,0.1426220421327385,0.14401663983295732,0.11306849322176685,0.30340894152241826,0.2968838832901191
2007-10-26,0.1426220421327385,0.14401663983295732,0.11306849322176685,0.30340894152241826,0.2968838832901191
2007-10-29,0.1426220421327385,0.14401663983295732,0.11306849322176685,0.30340894152241826,0.2968838832901191
2007-10-30,0.1426220421327385,0.14401663983295732,0.11306849322176685,0.30340894152241826,0.2968838832901191
2007-10-31,0.1426220421327385,0.14401663983295732,0.11306849322176685,0.30340894152241826,0.2968838832901191
2007-11-01,0.1426220421327385,0.14401663983295732,0.11306849322176685,0.30340894152241826,0.2968838832901191
2007-11-05,0.1426220421327385,0.14401663983295732,0.11306849322176685,0.30340894152241826,0.2968838832901191
2007-11-06,0.1426220421327385,0.14401663983295732,0.11306849322176685,0.30340894152241826,0.2968838832901191
2007-11-07,0.14112659278375206,0.14434234247677047,0.11102215974126098,0.31987464479368327,0.28363426020453314
2007-11-08,0.14112659278375206,0.14434234247677047,0.11102215974126098,0.31987464479368327,0.28363426020453314
2007-11-09,0.14112659278375206,0.14434234247677047,0.11102215974126098,0.31987464479368327,0.28363426020453314
2007-11-12,0.14112659278375206,0.14434234247677047,0.11102215974126098,0.31987464479368327,0.28363426020453314
2007-11-13,0.14112659278375206,0.14434234247677047,0.11102215974126098,0.31987464479368327,0.28363426020453314
2007-11-14,0.14112659278375206,0.14434234247677047,0.11102215974126098,0.31987464479368327,0.28363426020453314
2007-11-16,0.14112659278375206,0.14434234247677047,0.11102215974126098,0.31987464479368327,0.28363426020453314
2007-11-19,0.14112659278375206,0.14434234247677047,0.11102215974126098,0.31987464479368327,0.28363426020453314
2007-11-21,0.14112659278375206,0.14434234247677047,0.11102215974126098,0.31987464479368327,0.28363426020453314
2007-11-23,0.14112659278375206,0.14434234247677047,0.11102215974126098,0.31987464479368327,0.28363426020453314
2007-11-26,0.14112659278375206,0.14434234247677047,0.11102215974126098,0.31987464479368327,0.28363426020453314
2007-11-27,0.14112659278375206,0.14434234247677047,0.11102215974126098,0.31987464479368327,0.28363426020453314
2007-11-28,0.14112659278375206,0.14434234247677047,0.11102215974126098,0.31987464479368327,0.28363426020453314
2007-11-29,0.14112659278375206,0.14434234247677047,0.11102215974126098,0.31987464479368327,0.28363426020453314
2007-11-30,0.14112659278375206,0.14434234247677047,0.11102215974126098,0.31987464479368327,0.28363426020453314
2007-12-03,0.14112659278375206,0.14434234247677047,0.11102215974126098,0.31987464479368327,0.28363426020453314
2007-12-04,0.14112659278375206,0.14434234247677047,0.11102215974126098,0.31987464479368327,0.28363426020453314
2007-12-05,0.14112659278375206,0.14434234247677047,0.11102215974126098,0.31987464479368327,0.28363426020453314
2007-12-06,0.14112659278375206,0.14434234247677047,0.11102215974126098,0.31987464479368327,0.28363426020453314
2007-12-07,0.14112659278375206,0.14434234247677047,0.11102215974126098,0.31987464479368327,0.28363426020453314
2007-12-10,0.14112659278375206,0.14434234247677047,0.11102215974126098,0.31987464479368327,0.28363426020453314
2007-12-11,0.14667454609836028,0.1499527528672612,0.10757693365901708,0.31649017863117757,0.2793055887441839
2007-12-12,0.14667454609836028,0.1499527528672612,0.10757693365901708,0.31649017863117757,0.2793055887441839
2007-12-13,0.14667454609836028,0.1499527528672612,0.10757693365901708,0.31649017863117757,0.2793055887441839
2007-12-14,0.14667454609836028,0.1499527528672612,0.10757693365901708,0.31649017863117757,0.2793055887441839
2007-12-17,0.14667454609836028,0.1499527528672612,0.10757693365901708,0.31649017863117757,0.2793055887441839
2007-12-18,0.14667454609836028,0.1499527528672612,0.10757693365901708,0.31649017863117757,0.2793055887441839
2007-12-19,0.14667454609836028,0.1499527528672612,0.10757693365901708,0.31649017863117757,0.2793055887441839
2007-12-20,0.14667454609836028,0.1499527528672612,0.10757693365901708,0.31649017863117757,0.2793055887441839
2007-12-21,0.14667454609836028,0.1499527528672612,0.10757693365901708,0.31649017863117757,0.2793055887441839
2007-12-26,0.14667454609836028,0.1499527528672612,0.10757693365901708,0.31649017863117757,0.2793055887441839
2007-12-27,0.14667454609836028,0.1499527528672612,0.10757693365901708,0.31649017863117757,0.2793055887441839
2007-12-28,0.14667454609836028,0.1499527528672612,0.10757693365901708,0.31649017863117757,0.2793055887441839
2008-01-02,0.14667454609836028,0.1499527528672612,0.10757693365901708,0.31649017863117757,0.2793055887441839
2008-01-03,0.14667454609836028,0.1499527528672612,0.10757693365901708,0.31649017863117757,0.2793055887441839
2008-01-04,0.14667454609836028,0.1499527528672612,0.10757693365901708,0.31649017863117757,0.2793055887441839
2008-01-07,0.14667454609836028,0.1499527528672612,0.10757693365901708,0.31649017863117757,0.2793055887441839
2008-01-08,0.14667454609836028,0.1499527528672612,0.10757693365901708,0.31649017863117757,0.2793055887441839
2008-01-09,0.14667454609836028,0.1499527528672612,0.10757693365901708,0.31649017863117757,0.2793055887441839
2008-01-10,0.14667454609836028,0.1499527528672612,0.10757693365901708,0.31649017863117757,0.2793055887441839
2008-01-11,0.14667454609836028,0.1499527528672612,0.10757693365901708,0.31649017863117757,0.2793055887441839
2008-01-14,0.14667454609836028,0.1499527528672612,0.10757693365901708,0.31649017863117757,0.2793055887441839
2008-01-15,0.1466478904158352,0.15031733989122104,0.10700182915838195,0.31763278215183166,0.2784001583827302
2008-01-16,0.1466478904158352,0.15031733989122104,0.10700182915838195,0.31763278215183166,0.2784001583827302
2008-01-17,0.1466478904158352,0.15031733989122104,0.10700182915838195,0.31763278215183166,0.2784001583827302
2008-01-18,0.1466478904158352,0.15031733989122104,0.10700182915838195,0.31763278215183166,0.2784001583827302
2008-01-22,0.1466478904158352,0.15031733989122104,0.10700182915838195,0.31763278215183166,0.2784001583827302
2008-01-23,0.1466478904158352,0.15031733989122104,0.10700182915838195,0.31763278215183166,0.2784001583827302
2008-01-24,0.1466478904158352,0.15031733989122104,0.10700182915838195,0.31763278215183166,0.2784001583827302
2008-01-28,0.1466478904158352,0.15031733989122104,0.10700182915838195,0.31763278215183166,0.2784001583827302
2008-01-29,0.1466478904158352,0.15031733989122104,0.10700182915838195,0.31763278215183166,0.2784001583827302
2008-01-30,0.1466478904158352,0.15031733989122104,0.10700182915838195,0.31763278215183166,0.2784001583827302
2008-01-31,0.1466478904158352,0.15031733989122104,0.10700182915838195,0.31763278215183166,0.2784001583827302
2008-02-01,0.1466478904158352,0.15031733989122104,0.10700182915838195,0.31763278215183166,0.2784001583827302
2008-02-06,0.1466478904158352,0.15031733989122104,0.10700182915838195,0.31763278215183166,0.2784001583827302
2008-02-07,0.1466478904158352,0.15031733989122104,0.10700182915838195,0.31763278215183166,0.2784001583827302
2008-02-08,0.1466478904158352,0.15031733989122104,0.10700182915838195,0.31763278215183166,0.2784001583827302
2008-02-11,0.1466478904158352,0.15031733989122104,0.10700182915838195,0.31763278215183166,0.2784001583827302
2008-02-12,0.1466478904158352,0.15031733989122104,0.10700182915838195,0.31763278215183166,0.2784001583827302
2008-02-13,0.1466478904158352,0.15031733989122104,0.10700182915838195,0.31763278215183166,0.2784001583827302
2008-02-14,0.1466478904158352,0.15031733989122104,0.10700182915838195,0.31763278215183166,0.2784001583827302
2008-02-15,0.1466478904158352,0.15031733989122104,0.10700182915838195,0.31763278215183166,0.2784001583827302
2008-02-19,0.1466478904158352,0.15031733989122104,0.10700182915838195,0.31763278215183166,0.2784001583827302
2008-02-20,0.14409976592605203,0.14967706542053097,0.10758599981360543,0.326154968363745,0.2724822004760665
2008-02-21,0.14409976592605203,0.14967706542053097,0.10758599981360543,0.326154968363745,0.2724822004760665
2008-02-22,0.14409976592605203,0.14967706542053097,0.10758599981360543,0.326154968363745,0.2724822004760665
2008-02-25,0.14409976592605203,0.14967706542053097,0.10758599981360543,0.326154968363745,0.2724822004760665
2008-02-26,0.14409976592605203,0.14967706542053097,0.10758599981360543,0.326154968363745,0.2724822004760665
2008-02-27,0.14409976592605203,0.14967706542053097,0.10758599981360543,0.326154968363745,0.2724822004760665
2008-02-28,0.14409976592605203,0.14967706542053097,0.10758599981360543,0.326154968363745,0.2724822004760665
2008-02-29,0.14409976592605203,0.14967706542053097,0.10758599981360543,0.326154968363745,0.2724822004760665
2008-03-03,0.14409976592605203,0.14967706542053097,0.10758599981360543,0.326154968363745,0.2724822004760665
2008-03-04,0.14409976592605203,0.14967706542053097,0.10758599981360543,0.326154968363745,0.2724822004760665
2008-03-05,0.14409976592605203,0.14967706542053097,0.10758599981360543,0.326154968363745,0.2724822004760665
2008-03-06,0.14409976592605203,0.14967706542053097,0.10758599981360543,0.326154968363745,0.2724822004760665
2008-03-07,0.14409976592605203,0.14967706542053097,0.10758599981360543,0.326154968363745,0.2724822004760665
2008-03-10,0.14409976592605203,0.14967706542053097,0.10758599981360543,0.326154968363745,0.2724822004760665
2008-03-11,0.14409976592605203,0.14967706542053097,0.10758599981360543,0.326154968363745,0.2724822004760665
2008-03-12,0.14409976592605203,0.14967706542053097,0.10758599981360543,0.326154968363745,0.2724822004760665
2008-03-13,0.14409976592605203,0.14967706542053097,0.10758599981360543,0.326154968363745,0.2724822004760665
2008-03-14,0.14409976592605203,0.14967706542053097,0.10758599981360543,0.326154968363745,0.2724822004760665
2008-03-17,0.14409976592605203,0.14967706542053097,0.10758599981360543,0.326154968363745,0.2724822004760665
2008-03-18,0.14409976592605203,0.14967706542053097,0.10758599981360543,0.326154968363745,0.2724822004760665
2008-03-19,0.14409976592605203,0.14967706542053097,0.10758599981360543,0.326154968363745,0.2724822004760665
2008-03-20,0.1431662625509336,0.1519659436726863,0.10625704226918244,0.3310307368443133,0.26758001466288445
2008-03-24,0.1431662625509336,0.1519659436726863,0.10625704226918244,0.3310307368443133,0.26758001466288445
2008-03-25,0.1431662625509336,0.1519659436726863,0.10625704226918244,0.3310307368443133,0.26758001466288445
2008-03-26,0.1431662625509336,0.1519659436726863,0.10625704226918244,0.3310307368443133,0.26758001466288445
2008-03-27,0.1431662625509336,0.1519659436726863,0.10625704226918244,0.3310307368443133,0.26758001466288445
2008-03-28,0.1431662625509336,0.1519659436726863,0.10625704226918244,0.3310307368443133,0.26758001466288445
2008-03-31,0.1431662625509336,0.1519659436726863,0.10625704226918244,0.3310307368443133,0.26758001466288445
2008-04-01,0.1431662625509336,0.1519659436726863,0.10625704226918244,0.3310307368443133,0.26758001466288445
2008-04-02,0.1431662625509336,0.1519659436726863,0.10625704226918244,0.3310307368443133,0.26758001466288445
2008-04-03,0.1431662625509336,0.1519659436726863,0.10625704226918244,0.3310307368443133,0.26758001466288445
2008-04-04,0.1431662625509336,0.1519659436726863,0.10625704226918244,0.3310307368443133,0.26758001466288445
2008-04-07,0.1431662625509336,0.1519659436726863,0.10625704226918244,0.3310307368443133,0.26758001466288445
2008-04-08,0.1431662625509336,0.1519659436726863,0.10625704226918244,0.3310307368443133,0.26758001466288445
2008-04-09,0.1431662625509336,0.1519659436726863,0.10625704226918244,0.3310307368443133,0.26758001466288445
2008-04-10,0.1431662625509336,0.1519659436726863,0.10625704226918244,0.3310307368443133,0.26758001466288445
2008-04-11,0.1431662625509336,0.1519659436726863,0.10625704226918244,0.3310307368443133,0.26758001466288445
2008-04-14,0.1431662625509336,0.1519659436726863,0.10625704226918244,0.3310307368443133,0.26758001466288445
2008-04-15,0.1431662625509336,0.1519659436726863,0.10625704226918244,0.3310307368443133,0.26758001466288445
2008-04-16,0.1431662625509336,0.1519659436726863,0.10625704226918244,0.3310307368443133,0.26758001466288445
2008-04-17,0.1431662625509336,0.1519659436726863,0.10625704226918244,0.3310307368443133,0.26758001466288445
2008-04-18,0.1431662625509336,0.1519659436726863,0.10625704226918244,0.3310307368443133,0.26758001466288445
2008-04-22,0.1448274148295163,0.15501391084450208,0.10662912315706817,0.33590877243519296,0.2576207787337205
2008-04-23,0.1448274148295163,0.15501391084450208,0.10662912315706817,0.33590877243519296,0.2576207787337205
2008-04-24,0.1448274148295163,0.15501391084450208,0.10662912315706817,0.33590877243519296,0.2576207787337205
2008-04-25,0.1448274148295163,0.15501391084450208,0.10662912315706817,0.33590877243519296,0.2576207787337205
2008-04-28,0.1448274148295163,0.15501391084450208,0.10662912315706817,0.33590877243519296,0.2576207787337205
2008-04-29,0.1448274148295163,0.15501391084450208,0.10662912315706817,0.33590877243519296,0.2576207787337205
2008-04-30,0.1448274148295163,0.15501391084450208,0.10662912315706817,0.33590877243519296,0.2576207787337205
2008-05-02,0.1448274148295163,0.15501391084450208,0.10662912315706817,0.33590877243519296,0.2576207787337205
2008-05-05,0.1448274148295163,0.15501391084450208,0.10662912315706817,0.33590877243519296,0.2576207787337205
2008-05-06,0.1448274148295163,0.15501391084450208,0.10662912315706817,0.33590877243519296,0.2576207787337205
2008-05-07,0.1448274148295163,0.15501391084450208,0.10662912315706817,0.33590877243519296,0.2576207787337205
2008-05-08,0.1448274148295163,0.15501391084450208,0.10662912315706817,0.33590877243519296,0.2576207787337205
2008-05-09,0.1448274148295163,0.15501391084450208,0.10662912315706817,0.33590877243519296,0.2576207787337205
2008-05-12,0.1448274148295163,0.15501391084450208,0.10662912315706817,0.33590877243519296,0.2576207787337205
2008-05-13,0.1448274148295163,0.15501391084450208,0.10662912315706817,0.33590877243519296,0.2576207787337205
2008-05-14,0.1448274148295163,0.15501391084450208,0.10662912315706817,0.33590877243519296,0.2576207787337205
2008-05-15,0.1448274148295163,0.15501391084450208,0.10662912315706817,0.33590877243519296,0.2576207787337205
2008-05-16,0.1448274148295163,0.15501391084450208,0.10662912315706817,0.33590877243519296,0.2576207787337205
2008-05-19,0.1448274148295163,0.15501391084450208,0.10662912315706817,0.33590877243519296,0.2576207787337205
2008-05-20,0.1448274148295163,0.15501391084450208,0.10662912315706817,0.33590877243519296,0.2576207787337205
2008-05-21,0.1448274148295163,0.15501391084450208,0.10662912315706817,0.33590877243519296,0.2576207787337205
2008-05-23,0.14507730835020238,0.15443971201209464,0.1066277545300647,0.32748635675378723,0.2663688683538511
2008-05-27,0.14507730835020238,0.15443971201209464,0.1066277545300647,0.32748635675378723,0.2663688683538511
2008-05-28,0.14507730835020238,0.15443971201209464,0.1066277545300647,0.32748635675378723,0.2663688683538511
2008-05-29,0.14507730835020238,0.15443971201209464,0.1066277545300647,0.32748635675378723,0.2663688683538511
2008-05-30,0.14507730835020238,0.15443971201209464,0.1066277545300647,0.32748635675378723,0.2663688683538511
2008-06-02,0.14507730835020238,0.15443971201209464,0.1066277545300647,0.32748635675378723,0.2663688683538511
2008-06-03,0.14507730835020238,0.15443971201209464,0.1066277545300647,0.32748635675378723,0.2663688683538511
2008-06-04,0.14507730835020238,0.15443971201209464,0.1066277545300647,0.32748635675378723,0.2663688683538511
2008-06-05,0.14507730835020238,0.15443971201209464,0.1066277545300647,0.32748635675378723,0.2663688683538511
2008-06-06,0.14507730835020238,0.15443971201209464,0.1066277545300647,0.32748635675378723,0.2663688683538511
2008-06-09,0.14507730835020238,0.15443971201209464,0.1066277545300647,0.32748635675378723,0.2663688683538511
2008-06-10,0.14507730835020238,0.15443971201209464,0.1066277545300647,0.32748635675378723,0.2663688683538511
2008-06-11,0.14507730835020238,0.15443971201209464,0.1066277545300647,0.32748635675378723,0.2663688683538511
2008-06-12,0.14507730835020238,0.15443971201209464,0.1066277545300647,0.32748635675378723,0.2663688683538511
2008-06-13,0.14507730835020238,0.15443971201209464,0.1066277545300647,0.32748635675378723,0.2663688683538511
2008-06-16,0.14507730835020238,0.15443971201209464,0.1066277545300647,0.32748635675378723,0.2663688683538511
2008-06-17,0.14507730835020238,0.15443971201209464,0.1066277545300647,0.32748635675378723,0.2663688683538511
2008-06-18,0.14507730835020238,0.15443971201209464,0.1066277545300647,0.32748635675378723,0.2663688683538511
2008-06-19,0.14507730835020238,0.15443971201209464,0.1066277545300647,0.32748635675378723,0.2663688683538511
2008-06-20,0.14507730835020238,0.15443971201209464,0.1066277545300647,0.32748635675378723,0.2663688683538511
2008-06-23,0.14507730835020238,0.15443971201209464,0.1066277545300647,0.32748635675378723,0.2663688683538511
2008-06-24,0.1424272138754928,0.15244180250974387,0.10628067727633268,0.3294994293862526,0.26935087695217813
2008-06-25,0.1424272138754928,0.15244180250974387,0.10628067727633268,0.3294994293862526,0.26935087695217813
2008-06-26,0.1424272138754928,0.15244180250974387,0.10628067727633268,0.3294994293862526,0.26935087695217813
2008-06-27,0.1424272138754928,0.15244180250974387,0.10628067727633268,0.3294994293862526,0.26935087695217813
2008-06-30,0.1424272138754928,0.15244180250974387,0.10628067727633268,0.3294994293862526,0.26935087695217813
2008-07-01,0.1424272138754928,0.15244180250974387,0.10628067727633268,0.3294994293862526,0.26935087695217813
2008-07-02,0.1424272138754928,0.15244180250974387,0.10628067727633268,0.3294994293862526,0.26935087695217813
2008-07-03,0.1424272138754928,0.15244180250974387,0.10628067727633268,0.3294994293862526,0.26935087695217813
2008-07-07,0.1424272138754928,0.15244180250974387,0.10628067727633268,0.3294994293862526,0.26935087695217813
2008-07-08,0.1424272138754928,0.15244180250974387,0.10628067727633268,0.3294994293862526,0.26935087695217813
2008-07-10,0.1424272138754928,0.15244180250974387,0.10628067727633268,0.3294994293862526,0.26935087695217813
2008-07-11,0.1424272138754928,0.15244180250974387,0.10628067727633268,0.3294994293862526,0.26935087695217813
2008-07-14,0.1424272138754928,0.15244180250974387,0.10628067727633268,0.3294994293862526,0.26935087695217813
2008-07-15,0.1424272138754928,0.15244180250974387,0.10628067727633268,0.3294994293862526,0.26935087695217813
2008-07-16,0.1424272138754928,0.15244180250974387,0.10628067727633268,0.3294994293862526,0.26935087695217813
2008-07-17,0.1424272138754928,0.15244180250974387,0.10628067727633268,0.3294994293862526,0.26935087695217813
2008-07-18,0.1424272138754928,0.15244180250974387,0.10628067727633268,0.3294994293862526,0.26935087695217813
2008-07-21,0.1424272138754928,0.15244180250974387,0.10628067727633268,0.3294994293862526,0.26935087695217813
2008-07-22,0.1424272138754928,0.15244180250974387,0.10628067727633268,0.3294994293862526,0.26935087695217813
2008-07-23,0.1424272138754928,0.15244180250974387,0.10628067727633268,0.3294994293862526,0.26935087695217813
2008-07-24,0.1424272138754928,0.15244180250974387,0.10628067727633268,0.3294994293862526,0.26935087695217813
2008-07-25,0.14024757958572756,0.14982192780912207,0.10528429285516598,0.33375093634798125,0.2708952634020032
2008-07-28,0.14024757958572756,0.14982192780912207,0.10528429285516598,0.33375093634798125,0.2708952634020032
2008-07-29,0.14024757958572756,0.14982192780912207,0.10528429285516598,0.33375093634798125,0.2708952634020032
2008-07-30,0.14024757958572756,0.14982192780912207,0.10528429285516598,0.33375093634798125,0.2708952634020032
2008-07-31,0.14024757958572756,0.14982192780912207,0.10528429285516598,0.33375093634798125,0.2708952634020032
2008-08-01,0.14024757958572756,0.14982192780912207,0.10528429285516598,0.33375093634798125,0.2708952634020032
2008-08-04,0.14024757958572756,0.14982192780912207,0.10528429285516598,0.33375093634798125,0.2708952634020032
2008-08-05,0.14024757958572756,0.14982192780912207,0.10528429285516598,0.33375093634798125,0.2708952634020032
2008-08-06,0.14024757958572756,0.14982192780912207,0.10528429285516598,0.33375093634798125,0.2708952634020032
2008-08-07,0.14024757958572756,0.14982192780912207,0.10528429285516598,0.33375093634798125,0.2708952634020032
2008-08-08,0.14024757958572756,0.14982192780912207,0.10528429285516598,0.33375093634798125,0.2708952634020032
2008-08-11,0.14024757958572756,0.14982192780912207,0.10528429285516598,0.33375093634798125,0.2708952634020032
2008-08-12,0.14024757958572756,0.14982192780912207,0.10528429285516598,0.33375093634798125,0.2708952634020032
2008-08-13,0.14024757958572756,0.14982192780912207,0.10528429285516598,0.33375093634798125,0.2708952634020032
2008-08-14,0.14024757958572756,0.14982192780912207,0.10528429285516598,0.33375093634798125,0.2708952634020032
2008-08-15,0.14024757958572756,0.14982192780912207,0.10528429285516598,0.33375093634798125,0.2708952634020032
2008-08-18,0.14024757958572756,0.14982192780912207,0.10528429285516598,0.33375093634798125,0.2708952634020032
2008-08-19,0.14024757958572756,0.14982192780912207,0.10528429285516598,0.33375093634798125,0.2708952634020032
2008-08-20,0.14024757958572756,0.14982192780912207,0.10528429285516598,0.33375093634798125,0.2708952634020032
2008-08-21,0.14024757958572756,0.14982192780912207,0.10528429285516598,0.33375093634798125,0.2708952634020032
2008-08-22,0.14024757958572756,0.14982192780912207,0.10528429285516598,0.33375093634798125,0.2708952634020032
2008-08-25,0.14029626009791887,0.151104659605546,0.10619996607709933,0.3241264394170464,0.2782726748023895
2008-08-26,0.14029626009791887,0.151104659605546,0.10619996607709933,0.3241264394170464,0.2782726748023895
2008-08-27,0.14029626009791887,0.151104659605546,0.10619996607709933,0.3241264394170464,0.2782726748023895
2008-08-28,0.14029626009791887,0.151104659605546,0.10619996607709933,0.3241264394170464,0.2782726748023895
2008-08-29,0.14029626009791887,0.151104659605546,0.10619996607709933,0.3241264394170464,0.2782726748023895
2008-09-02,0.14029626009791887,0.151104659605546,0.10619996607709933,0.3241264394170464,0.2782726748023895
2008-09-03,0.14029626009791887,0.151104659605546,0.10619996607709933,0.3241264394170464,0.2782726748023895
2008-09-04,0.14029626009791887,0.151104659605546,0.10619996607709933,0.3241264394170464,0.2782726748023895
2008-09-05,0.14029626009791887,0.151104659605546,0.10619996607709933,0.3241264394170464,0.2782726748023895
2008-09-08,0.14029626009791887,0.151104659605546,0.10619996607709933,0.3241264394170464,0.2782726748023895
2008-09-09,0.14029626009791887,0.151104659605546,0.10619996607709933,0.3241264394170464,0.2782726748023895
2008-09-10,0.14029626009791887,0.151104659605546,0.10619996607709933,0.3241264394170464,0.2782726748023895
2008-09-11,0.14029626009791887,0.151104659605546,0.10619996607709933,0.3241264394170464,0.2782726748023895
2008-09-12,0.14029626009791887,0.151104659605546,0.10619996607709933,0.3241264394170464,0.2782726748023895
2008-09-15,0.14029626009791887,0.151104659605546,0.10619996607709933,0.3241264394170464,0.2782726748023895
2008-09-16,0.14029626009791887,0.151104659605546,0.10619996607709933,0.3241264394170464,0.2782726748023895
2008-09-17,0.14029626009791887,0.151104659605546,0.10619996607709933,0.3241264394170464,0.2782726748023895
2008-09-18,0.14029626009791887,0.151104659605546,0.10619996607709933,0.3241264394170464,0.2782726748023895
2008-09-19,0.14029626009791887,0.151104659605546,0.10619996607709933,0.3241264394170464,0.2782726748023895
2008-09-22,0.14029626009791887,0.151104659605546,0.10619996607709933,0.3241264394170464,0.2782726748023895
2008-09-23,0.14029626009791887,0.151104659605546,0.10619996607709933,0.3241264394170464,0.2782726748023895
2008-09-24,0.1300762412998835,0.14024461978480093,0.10492536548888683,0.34907067274510595,0.27568310068132285
2008-09-25,0.1300762412998835,0.14024461978480093,0.10492536548888683,0.34907067274510595,0.27568310068132285
2008-09-26,0.1300762412998835,0.14024461978480093,0.10492536548888683,0.34907067274510595,0.27568310068132285
2008-09-29,0.1300762412998835,0.14024461978480093,0.10492536548888683,0.34907067274510595,0.27568310068132285
2008-09-30,0.1300762412998835,0.14024461978480093,0.10492536548888683,0.34907067274510595,0.27568310068132285
2008-10-01,0.1300762412998835,0.14024461978480093,0.10492536548888683,0.34907067274510595,0.27568310068132285
2008-10-02,0.1300762412998835,0.14024461978480093,0.10492536548888683,0.34907067274510595,0.27568310068132285
2008-10-03,0.1300762412998835,0.14024461978480093,0.10492536548888683,0.34907067274510595,0.27568310068132285
2008-10-06,0.1300762412998835,0.14024461978480093,0.10492536548888683,0.34907067274510595,0.27568310068132285
2008-10-07,0.1300762412998835,0.14024461978480093,0.10492536548888683,0.34907067274510595,0.27568310068132285
2008-10-08,0.1300762412998835,0.14024461978480093,0.10492536548888683,0.34907067274510595,0.27568310068132285
2008-10-09,0.1300762412998835,0.14024461978480093,0.10492536548888683,0.34907067274510595,0.27568310068132285
2008-10-10,0.1300762412998835,0.14024461978480093,0.10492536548888683,0.34907067274510595,0.27568310068132285
2008-10-13,0.1300762412998835,0.14024461978480093,0.10492536548888683,0.34907067274510595,0.27568310068132285
2008-10-14,0.1300762412998835,0.14024461978480093,0.10492536548888683,0.34907067274510595,0.27568310068132285
2008-10-15,0.1300762412998835,0.14024461978480093,0.10492536548888683,0.34907067274510595,0.27568310068132285
2008-10-16,0.1300762412998835,0.14024461978480093,0.10492536548888683,0.34907067274510595,0.27568310068132285
2008-10-17,0.1300762412998835,0.14024461978480093,0.10492536548888683,0.34907067274510595,0.27568310068132285
2008-10-20,0.1300762412998835,0.14024461978480093,0.10492536548888683,0.34907067274510595,0.27568310068132285
2008-10-21,0.1300762412998835,0.14024461978480093,0.10492536548888683,0.34907067274510595,0.27568310068132285
2008-10-22,0.1300762412998835,0.14024461978480093,0.10492536548888683,0.34907067274510595,0.27568310068132285
2008-10-23,0.14777428938132306,0.1571756965117315,0.10909068880121801,0.3668080623866343,0.2191512629190932
2008-10-24,0.14777428938132306,0.1571756965117315,0.10909068880121801,0.3668080623866343,0.2191512629190932
2008-10-27,0.14777428938132306,0.1571756965117315,0.10909068880121801,0.3668080623866343,0.2191512629190932
2008-10-28,0.14777428938132306,0.1571756965117315,0.10909068880121801,0.3668080623866343,0.2191512629190932
2008-10-29,0.14777428938132306,0.1571756965117315,0.10909068880121801,0.3668080623866343,0.2191512629190932
2008-10-30,0.14777428938132306,0.1571756965117315,0.10909068880121801,0.3668080623866343,0.2191512629190932
2008-10-31,0.14777428938132306,0.1571756965117315,0.10909068880121801,0.3668080623866343,0.2191512629190932
2008-11-03,0.14777428938132306,0.1571756965117315,0.10909068880121801,0.3668080623866343,0.2191512629190932
2008-11-04,0.14777428938132306,0.1571756965117315,0.10909068880121801,0.3668080623866343,0.2191512629190932
2008-11-05,0.14777428938132306,0.1571756965117315,0.10909068880121801,0.3668080623866343,0.2191512629190932
2008-11-06,0.14777428938132306,0.1571756965117315,0.10909068880121801,0.3668080623866343,0.2191512629190932
2008-11-07,0.14777428938132306,0.1571756965117315,0.10909068880121801,0.3668080623866343,0.2191512629190932
2008-11-10,0.14777428938132306,0.1571756965117315,0.10909068880121801,0.3668080623866343,0.2191512629190932
2008-11-11,0.14777428938132306,0.1571756965117315,0.10909068880121801,0.3668080623866343,0.2191512629190932
2008-11-12,0.14777428938132306,0.1571756965117315,0.10909068880121801,0.3668080623866343,0.2191512629190932
2008-11-13,0.14777428938132306,0.1571756965117315,0.10909068880121801,0.3668080623866343,0.2191512629190932
2008-11-14,0.14777428938132306,0.1571756965117315,0.10909068880121801,0.3668080623866343,0.2191512629190932
2008-11-17,0.14777428938132306,0.1571756965117315,0.10909068880121801,0.3668080623866343,0.2191512629190932
2008-11-18,0.14777428938132306,0.1571756965117315,0.10909068880121801,0.3668080623866343,0.2191512629190932
2008-11-19,0.14777428938132306,0.1571756965117315,0.10909068880121801,0.3668080623866343,0.2191512629190932
2008-11-21,0.14777428938132306,0.1571756965117315,0.10909068880121801,0.3668080623866343,0.2191512629190932
2008-11-24,0.14848995213090324,0.15701837110828232,0.10745253857365812,0.37692081989015935,0.21011831829699704
2008-11-25,0.14848995213090324,0.15701837110828232,0.10745253857365812,0.37692081989015935,0.21011831829699704
2008-11-26,0.14848995213090324,0.15701837110828232,0.10745253857365812,0.37692081989015935,0.21011831829699704
2008-11-28,0.14848995213090324,0.15701837110828232,0.10745253857365812,0.37692081989015935,0.21011831829699704
2008-12-01,0.14848995213090324,0.15701837110828232,0.10745253857365812,0.37692081989015935,0.21011831829699704
2008-12-02,0.14848995213090324,0.15701837110828232,0.10745253857365812,0.37692081989015935,0.21011831829699704
2008-12-03,0.14848995213090324,0.15701837110828232,0.10745253857365812,0.37692081989015935,0.21011831829699704
2008-12-04,0.14848995213090324,0.15701837110828232,0.10745253857365812,0.37692081989015935,0.21011831829699704
2008-12-05,0.14848995213090324,0.15701837110828232,0.10745253857365812,0.37692081989015935,0.21011831829699704
2008-12-08,0.14848995213090324,0.15701837110828232,0.10745253857365812,0.37692081989015935,0.21011831829699704
2008-12-09,0.14848995213090324,0.15701837110828232,0.10745253857365812,0.37692081989015935,0.21011831829699704
2008-12-10,0.14848995213090324,0.15701837110828232,0.10745253857365812,0.37692081989015935,0.21011831829699704
2008-12-11,0.14848995213090324,0.15701837110828232,0.10745253857365812,0.37692081989015935,0.21011831829699704
2008-12-12,0.14848995213090324,0.15701837110828232,0.10745253857365812,0.37692081989015935,0.21011831829699704
2008-12-15,0.14848995213090324,0.15701837110828232,0.10745253857365812,0.37692081989015935,0.21011831829699704
2008-12-16,0.14848995213090324,0.15701837110828232,0.10745253857365812,0.37692081989015935,0.21011831829699704
2008-12-17,0.14848995213090324,0.15701837110828232,0.10745253857365812,0.37692081989015935,0.21011831829699704
2008-12-18,0.14848995213090324,0.15701837110828232,0.10745253857365812,0.37692081989015935,0.21011831829699704
2008-12-19,0.14848995213090324,0.15701837110828232,0.10745253857365812,0.37692081989015935,0.21011831829699704
2008-12-22,0.14848995213090324,0.15701837110828232,0.10745253857365812,0.37692081989015935,0.21011831829699704
2008-12-23,0.14848995213090324,0.15701837110828232,0.10745253857365812,0.37692081989015935,0.21011831829699704
2008-12-26,0.1493467306947783,0.1590158910798339,0.1102349570864104,0.3809394491353774,0.20046297200360003
2008-12-29,0.1493467306947783,0.1590158910798339,0.1102349570864104,0.3809394491353774,0.20046297200360003
2008-12-30,0.1493467306947783,0.1590158910798339,0.1102349570864104,0.3809394491353774,0.20046297200360003
2009-01-02,0.1493467306947783,0.1590158910798339,0.1102349570864104,0.3809394491353774,0.20046297200360003
2009-01-05,0.1493467306947783,0.1590158910798339,0.1102349570864104,0.3809394491353774,0.20046297200360003
2009-01-06,0.1493467306947783,0.1590158910798339,0.1102349570864104,0.3809394491353774,0.20046297200360003
2009-01-07,0.1493467306947783,0.1590158910798339,0.1102349570864104,0.3809394491353774,0.20046297200360003
2009-01-08,0.1493467306947783,0.1590158910798339,0.1102349570864104,0.3809394491353774,0.20046297200360003
2009-01-09,0.1493467306947783,0.1590158910798339,0.1102349570864104,0.3809394491353774,0.20046297200360003
2009-01-12,0.1493467306947783,0.1590158910798339,0.1102349570864104,0.3809394491353774,0.20046297200360003
2009-01-13,0.1493467306947783,0.1590158910798339,0.1102349570864104,0.3809394491353774,0.20046297200360003
2009-01-14,0.1493467306947783,0.1590158910798339,0.1102349570864104,0.3809394491353774,0.20046297200360003
2009-01-15,0.1493467306947783,0.1590158910798339,0.1102349570864104,0.3809394491353774,0.20046297200360003
2009-01-16,0.1493467306947783,0.1590158910798339,0.1102349570864104,0.3809394491353774,0.20046297200360003
2009-01-20,0.1493467306947783,0.1590158910798339,0.1102349570864104,0.3809394491353774,0.20046297200360003
2009-01-21,0.1493467306947783,0.1590158910798339,0.1102349570864104,0.3809394491353774,0.20046297200360003
2009-01-22,0.1493467306947783,0.1590158910798339,0.1102349570864104,0.3809394491353774,0.20046297200360003
2009-01-23,0.1493467306947783,0.1590158910798339,0.1102349570864104,0.3809394491353774,0.20046297200360003
2009-01-26,0.1493467306947783,0.1590158910798339,0.1102349570864104,0.3809394491353774,0.20046297200360003
2009-01-27,0.1493467306947783,0.1590158910798339,0.1102349570864104,0.3809394491353774,0.20046297200360003
2009-01-28,0.1493467306947783,0.1590158910798339,0.1102349570864104,0.3809394491353774,0.20046297200360003
2009-01-29,0.14997833080787723,0.15998926966917576,0.11147168127726562,0.37901578203899194,0.19954493620668945
2009-01-30,0.14997833080787723,0.15998926966917576,0.11147168127726562,0.37901578203899194,0.19954493620668945
2009-02-02,0.14997833080787723,0.15998926966917576,0.11147168127726562,0.37901578203899194,0.19954493620668945
2009-02-03,0.14997833080787723,0.15998926966917576,0.11147168127726562,0.37901578203899194,0.19954493620668945
2009-02-04,0.14997833080787723,0.15998926966917576,0.11147168127726562,0.37901578203899194,0.19954493620668945
2009-02-05,0.14997833080787723,0.15998926966917576,0.11147168127726562,0.37901578203899194,0.19954493620668945
2009-02-06,0.14997833080787723,0.15998926966917576,0.11147168127726562,0.37901578203899194,0.19954493620668945
2009-02-09,0.14997833080787723,0.15998926966917576,0.11147168127726562,0.37901578203899194,0.19954493620668945
2009-02-10,0.14997833080787723,0.15998926966917576,0.11147168127726562,0.37901578203899194,0.19954493620668945
2009-02-11,0.14997833080787723,0.15998926966917576,0.11147168127726562,0.37901578203899194,0.19954493620668945
2009-02-12,0.14997833080787723,0.15998926966917576,0.11147168127726562,0.37901578203899194,0.19954493620668945
2009-02-13,0.14997833080787723,0.15998926966917576,0.11147168127726562,0.37901578203899194,0.19954493620668945
2009-02-17,0.14997833080787723,0.15998926966917576,0.11147168127726562,0.37901578203899194,0.19954493620668945
2009-02-18,0.14997833080787723,0.15998926966917576,0.11147168127726562,0.37901578203899194,0.19954493620668945
2009-02-19,0.14997833080787723,0.15998926966917576,0.11147168127726562,0.37901578203899194,0.19954493620668945
2009-02-20,0.14997833080787723,0.15998926966917576,0.11147168127726562,0.37901578203899194,0.19954493620668945
2009-02-25,0.14997833080787723,0.15998926966917576,0.11147168127726562,0.37901578203899194,0.19954493620668945
2009-02-26,0.14997833080787723,0.15998926966917576,0.11147168127726562,0.37901578203899194,0.19954493620668945
2009-02-27,0.14997833080787723,0.15998926966917576,0.11147168127726562,0.37901578203899194,0.19954493620668945
2009-03-02,0.14997833080787723,0.15998926966917576,0.11147168127726562,0.37901578203899194,0.19954493620668945
2009-03-03,0.14997833080787723,0.15998926966917576,0.11147168127726562,0.37901578203899194,0.19954493620668945
2009-03-04,0.15273356093811252,0.16210570803666252,0.11192027345231984,0.3763890182560923,0.1968514393168127
2009-03-05,0.15273356093811252,0.16210570803666252,0.11192027345231984,0.3763890182560923,0.1968514393168127
2009-03-06,0.15273356093811252,0.16210570803666252,0.11192027345231984,0.3763890182560923,0.1968514393168127
2009-03-09,0.15273356093811252,0.16210570803666252,0.11192027345231984,0.3763890182560923,0.1968514393168127
2009-03-10,0.15273356093811252,0.16210570803666252,0.11192027345231984,0.3763890182560923,0.1968514393168127
2009-03-11,0.15273356093811252,0.16210570803666252,0.11192027345231984,0.3763890182560923,0.1968514393168127
2009-03-12,0.15273356093811252,0.16210570803666252,0.11192027345231984,0.3763890182560923,0.1968514393168127
2009-03-13,0.15273356093811252,0.16210570803666252,0.11192027345231984,0.3763890182560923,0.1968514393168127
2009-03-16,0.15273356093811252,0.16210570803666252,0.11192027345231984,0.3763890182560923,0.1968514393168127
2009-03-17,0.15273356093811252,0.16210570803666252,0.11192027345231984,0.3763890182560923,0.1968514393168127
2009-03-18,0.15273356093811252,0.16210570803666252,0.11192027345231984,0.3763890182560923,0.1968514393168127
2009-03-19,0.15273356093811252,0.16210570803666252,0.11192027345231984,0.3763890182560923,0.1968514393168127
2009-03-20,0.15273356093811252,0.16210570803666252,0.11192027345231984,0.3763890182560923,0.1968514393168127
2009-03-23,0.15273356093811252,0.16210570803666252,0.11192027345231984,0.3763890182560923,0.1968514393168127
2009-03-24,0.15273356093811252,0.16210570803666252,0.11192027345231984,0.3763890182560923,0.1968514393168127
2009-03-25,0.15273356093811252,0.16210570803666252,0.11192027345231984,0.3763890182560923,0.1968514393168127
2009-03-26,0.15273356093811252,0.16210570803666252,0.11192027345231984,0.3763890182560923,0.1968514393168127
2009-03-27,0.15273356093811252,0.16210570803666252,0.11192027345231984,0.3763890182560923,0.1968514393168127
2009-03-30,0.15273356093811252,0.16210570803666252,0.11192027345231984,0.3763890182560923,0.1968514393168127
2009-03-31,0.15273356093811252,0.16210570803666252,0.11192027345231984,0.3763890182560923,0.1968514393168127
2009-04-01,0.15273356093811252,0.16210570803666252,0.11192027345231984,0.3763890182560923,0.1968514393168127
2009-04-02,0.1518929482040723,0.16088227298783253,0.11155442671677554,0.38557215054805694,0.19009820154326276
2009-04-03,0.1518929482040723,0.16088227298783253,0.11155442671677554,0.38557215054805694,0.19009820154326276
2009-04-06,0.1518929482040723,0.16088227298783253,0.11155442671677554,0.38557215054805694,0.19009820154326276
2009-04-07,0.1518929482040723,0.16088227298783253,0.11155442671677554,0.38557215054805694,0.19009820154326276
2009-04-08,0.1518929482040723,0.16088227298783253,0.11155442671677554,0.38557215054805694,0.19009820154326276
2009-04-09,0.1518929482040723,0.16088227298783253,0.11155442671677554,0.38557215054805694,0.19009820154326276
2009-04-13,0.1518929482040723,0.16088227298783253,0.11155442671677554,0.38557215054805694,0.19009820154326276
2009-04-14,0.1518929482040723,0.16088227298783253,0.11155442671677554,0.38557215054805694,0.19009820154326276
2009-04-15,0.1518929482040723,0.16088227298783253,0.11155442671677554,0.38557215054805694,0.19009820154326276
2009-04-16,0.1518929482040723,0.16088227298783253,0.11155442671677554,0.38557215054805694,0.19009820154326276
2009-04-17,0.1518929482040723,0.16088227298783253,0.11155442671677554,0.38557215054805694,0.19009820154326276
2009-04-20,0.1518929482040723,0.16088227298783253,0.11155442671677554,0.38557215054805694,0.19009820154326276
2009-04-22,0.1518929482040723,0.16088227298783253,0.11155442671677554,0.38557215054805694,0.19009820154326276
2009-04-23,0.1518929482040723,0.16088227298783253,0.11155442671677554,0.38557215054805694,0.19009820154326276
2009-04-24,0.1518929482040723,0.16088227298783253,0.11155442671677554,0.38557215054805694,0.19009820154326276
2009-04-27,0.1518929482040723,0.16088227298783253,0.11155442671677554,0.38557215054805694,0.19009820154326276
2009-04-28,0.1518929482040723,0.16088227298783253,0.11155442671677554,0.38557215054805694,0.19009820154326276
2009-04-29,0.1518929482040723,0.16088227298783253,0.11155442671677554,0.38557215054805694,0.19009820154326276
2009-04-30,0.1518929482040723,0.16088227298783253,0.11155442671677554,0.38557215054805694,0.19009820154326276
2009-05-04,0.1518929482040723,0.16088227298783253,0.11155442671677554,0.38557215054805694,0.19009820154326276
2009-05-05,0.1518929482040723,0.16088227298783253,0.11155442671677554,0.38557215054805694,0.19009820154326276
2009-05-06,0.15130071890885402,0.160144200954202,0.11122287822208606,0.38664852302320923,0.19068367889164872
2009-05-07,0.15130071890885402,0.160144200954202,0.11122287822208606,0.38664852302320923,0.19068367889164872
2009-05-08,0.15130071890885402,0.160144200954202,0.11122287822208606,0.38664852302320923,0.19068367889164872
2009-05-11,0.15130071890885402,0.160144200954202,0.11122287822208606,0.38664852302320923,0.19068367889164872
2009-05-12,0.15130071890885402,0.160144200954202,0.11122287822208606,0.38664852302320923,0.19068367889164872
2009-05-13,0.15130071890885402,0.160144200954202,0.11122287822208606,0.38664852302320923,0.19068367889164872
2009-05-14,0.15130071890885402,0.160144200954202,0.11122287822208606,0.38664852302320923,0.19068367889164872
2009-05-15,0.15130071890885402,0.160144200954202,0.11122287822208606,0.38664852302320923,0.19068367889164872
2009-05-18,0.15130071890885402,0.160144200954202,0.11122287822208606,0.38664852302320923,0.19068367889164872
2009-05-19,0.15130071890885402,0.160144200954202,0.11122287822208606,0.38664852302320923,0.19068367889164872
2009-05-20,0.15130071890885402,0.160144200954202,0.11122287822208606,0.38664852302320923,0.19068367889164872
2009-05-21,0.15130071890885402,0.160144200954202,0.11122287822208606,0.38664852302320923,0.19068367889164872
2009-05-22,0.15130071890885402,0.160144200954202,0.11122287822208606,0.38664852302320923,0.19068367889164872
2009-05-26,0.15130071890885402,0.160144200954202,0.11122287822208606,0.38664852302320923,0.19068367889164872
2009-05-27,0.15130071890885402,0.160144200954202,0.11122287822208606,0.38664852302320923,0.19068367889164872
2009-05-28,0.15130071890885402,0.160144200954202,0.11122287822208606,0.38664852302320923,0.19068367889164872
2009-05-29,0.15130071890885402,0.160144200954202,0.11122287822208606,0.38664852302320923,0.19068367889164872
2009-06-01,0.15130071890885402,0.160144200954202,0.11122287822208606,0.38664852302320923,0.19068367889164872
2009-06-02,0.15130071890885402,0.160144200954202,0.11122287822208606,0.38664852302320923,0.19068367889164872
2009-06-03,0.15130071890885402,0.160144200954202,0.11122287822208606,0.38664852302320923,0.19068367889164872
2009-06-04,0.15130071890885402,0.160144200954202,0.11122287822208606,0.38664852302320923,0.19068367889164872
2009-06-05,0.15054311419444658,0.15914653942210266,0.11039388405954638,0.39336305976813724,0.1865534025557671
2009-06-08,0.15054311419444658,0.15914653942210266,0.11039388405954638,0.39336305976813724,0.1865534025557671
2009-06-09,0.15054311419444658,0.15914653942210266,0.11039388405954638,0.39336305976813724,0.1865534025557671
2009-06-10,0.15054311419444658,0.15914653942210266,0.11039388405954638,0.39336305976813724,0.1865534025557671
2009-06-12,0.15054311419444658,0.15914653942210266,0.11039388405954638,0.39336305976813724,0.1865534025557671
2009-06-15,0.15054311419444658,0.15914653942210266,0.11039388405954638,0.39336305976813724,0.1865534025557671
2009-06-16,0.15054311419444658,0.15914653942210266,0.11039388405954638,0.39336305976813724,0.1865534025557671
2009-06-17,0.15054311419444658,0.15914653942210266,0.11039388405954638,0.39336305976813724,0.1865534025557671
2009-06-18,0.15054311419444658,0.15914653942210266,0.11039388405954638,0.39336305976813724,0.1865534025557671
2009-06-19,0.15054311419444658,0.15914653942210266,0.11039388405954638,0.39336305976813724,0.1865534025557671
2009-06-22,0.15054311419444658,0.15914653942210266,0.11039388405954638,0.39336305976813724,0.1865534025557671
2009-06-23,0.15054311419444658,0.15914653942210266,0.11039388405954638,0.39336305976813724,0.1865534025557671
2009-06-24,0.15054311419444658,0.15914653942210266,0.11039388405954638,0.39336305976813724,0.1865534025557671
2009-06-25,0.15054311419444658,0.15914653942210266,0.11039388405954638,0.39336305976813724,0.1865534025557671
2009-06-26,0.15054311419444658,0.15914653942210266,0.11039388405954638,0.39336305976813724,0.1865534025557671
2009-06-29,0.15054311419444658,0.15914653942210266,0.11039388405954638,0.39336305976813724,0.1865534025557671
2009-06-30,0.15054311419444658,0.15914653942210266,0.11039388405954638,0.39336305976813724,0.1865534025557671
2009-07-01,0.15054311419444658,0.15914653942210266,0.11039388405954638,0.39336305976813724,0.1865534025557671
2009-07-02,0.15054311419444658,0.15914653942210266,0.11039388405954638,0.39336305976813724,0.1865534025557671
2009-07-06,0.15054311419444658,0.15914653942210266,0.11039388405954638,0.39336305976813724,0.1865534025557671
2009-07-07,0.15054311419444658,0.15914653942210266,0.11039388405954638,0.39336305976813724,0.1865534025557671
2009-07-08,0.15143729990297305,0.15932824784320326,0.11030024346099405,0.3945496949255572,0.18438451386727248
2009-07-10,0.15143729990297305,0.15932824784320326,0.11030024346099405,0.3945496949255572,0.18438451386727248
2009-07-13,0.15143729990297305,0.15932824784320326,0.11030024346099405,0.3945496949255572,0.18438451386727248
2009-07-14,0.15143729990297305,0.15932824784320326,0.11030024346099405,0.3945496949255572,0.18438451386727248
2009-07-15,0.15143729990297305,0.15932824784320326,0.11030024346099405,0.3945496949255572,0.18438451386727248
2009-07-16,0.15143729990297305,0.15932824784320326,0.11030024346099405,0.3945496949255572,0.18438451386727248
2009-07-17,0.15143729990297305,0.15932824784320326,0.11030024346099405,0.3945496949255572,0.18438451386727248
2009-07-20,0.15143729990297305,0.15932824784320326,0.11030024346099405,0.3945496949255572,0.18438451386727248
2009-07-21,0.15143729990297305,0.15932824784320326,0.11030024346099405,0.3945496949255572,0.18438451386727248
2009-07-22,0.15143729990297305,0.15932824784320326,0.11030024346099405,0.3945496949255572,0.18438451386727248
2009-07-23,0.15143729990297305,0.15932824784320326,0.11030024346099405,0.3945496949255572,0.18438451386727248
2009-07-24,0.15143729990297305,0.15932824784320326,0.11030024346099405,0.3945496949255572,0.18438451386727248
2009-07-27,0.15143729990297305,0.15932824784320326,0.11030024346099405,0.3945496949255572,0.18438451386727248
2009-07-28,0.15143729990297305,0.15932824784320326,0.11030024346099405,0.3945496949255572,0.18438451386727248
2009-07-29,0.15143729990297305,0.15932824784320326,0.11030024346099405,0.3945496949255572,0.18438451386727248
2009-07-30,0.15143729990297305,0.15932824784320326,0.11030024346099405,0.3945496949255572,0.18438451386727248
2009-07-31,0.15143729990297305,0.15932824784320326,0.11030024346099405,0.3945496949255572,0.18438451386727248
2009-08-03,0.15143729990297305,0.15932824784320326,0.11030024346099405,0.3945496949255572,0.18438451386727248
2009-08-04,0.15143729990297305,0.15932824784320326,0.11030024346099405,0.3945496949255572,0.18438451386727248
2009-08-05,0.15143729990297305,0.15932824784320326,0.11030024346099405,0.3945496949255572,0.18438451386727248
2009-08-06,0.15143729990297305,0.15932824784320326,0.11030024346099405,0.3945496949255572,0.18438451386727248
2009-08-07,0.1515843869781635,0.15945819914164747,0.11020991489353767,0.39579093413331085,0.1829565648533406
2009-08-10,0.1515843869781635,0.15945819914164747,0.11020991489353767,0.39579093413331085,0.1829565648533406
2009-08-11,0.1515843869781635,0.15945819914164747,0.11020991489353767,0.39579093413331085,0.1829565648533406
2009-08-12,0.1515843869781635,0.15945819914164747,0.11020991489353767,0.39579093413331085,0.1829565648533406
2009-08-13,0.1515843869781635,0.15945819914164747,0.11020991489353767,0.39579093413331085,0.1829565648533406
2009-08-14,0.1515843869781635,0.15945819914164747,0.11020991489353767,0.39579093413331085,0.1829565648533406
2009-08-17,0.1515843869781635,0.15945819914164747,0.11020991489353767,0.39579093413331085,0.1829565648533406
2009-08-18,0.1515843869781635,0.15945819914164747,0.11020991489353767,0.39579093413331085,0.1829565648533406
2009-08-19,0.1515843869781635,0.15945819914164747,0.11020991489353767,0.39579093413331085,0.1829565648533406
2009-08-20,0.1515843869781635,0.15945819914164747,0.11020991489353767,0.39579093413331085,0.1829565648533406
2009-08-21,0.1515843869781635,0.15945819914164747,0.11020991489353767,0.39579093413331085,0.1829565648533406
2009-08-24,0.1515843869781635,0.15945819914164747,0.11020991489353767,0.39579093413331085,0.1829565648533406
2009-08-25,0.1515843869781635,0.15945819914164747,0.11020991489353767,0.39579093413331085,0.1829565648533406
2009-08-26,0.1515843869781635,0.15945819914164747,0.11020991489353767,0.39579093413331085,0.1829565648533406
2009-08-27,0.1515843869781635,0.15945819914164747,0.11020991489353767,0.39579093413331085,0.1829565648533406
2009-08-28,0.1515843869781635,0.15945819914164747,0.11020991489353767,0.39579093413331085,0.1829565648533406
2009-08-31,0.1515843869781635,0.15945819914164747,0.11020991489353767,0.39579093413331085,0.1829565648533406
2009-09-01,0.1515843869781635,0.15945819914164747,0.11020991489353767,0.39579093413331085,0.1829565648533406
2009-09-02,0.1515843869781635,0.15945819914164747,0.11020991489353767,0.39579093413331085,0.1829565648533406
2009-09-03,0.1515843869781635,0.15945819914164747,0.11020991489353767,0.39579093413331085,0.1829565648533406
2009-09-04,0.1515843869781635,0.15945819914164747,0.11020991489353767,0.39579093413331085,0.1829565648533406
2009-09-08,0.15265234446601333,0.16001285149513036,0.11025483223204612,0.3978384215356944,0.17924155027111582
2009-09-09,0.15265234446601333,0.16001285149513036,0.11025483223204612,0.3978384215356944,0.17924155027111582
2009-09-10,0.15265234446601333,0.16001285149513036,0.11025483223204612,0.3978384215356944,0.17924155027111582
2009-09-11,0.15265234446601333,0.16001285149513036,0.11025483223204612,0.3978384215356944,0.17924155027111582
2009-09-14,0.15265234446601333,0.16001285149513036,0.11025483223204612,0.3978384215356944,0.17924155027111582
2009-09-15,0.15265234446601333,0.16001285149513036,0.11025483223204612,0.3978384215356944,0.17924155027111582
2009-09-16,0.15265234446601333,0.16001285149513036,0.11025483223204612,0.3978384215356944,0.17924155027111582
2009-09-17,0.15265234446601333,0.16001285149513036,0.11025483223204612,0.3978384215356944,0.17924155027111582
2009-09-18,0.15265234446601333,0.16001285149513036,0.11025483223204612,0.3978384215356944,0.17924155027111582
2009-09-21,0.15265234446601333,0.16001285149513036,0.11025483223204612,0.3978384215356944,0.17924155027111582
2009-09-22,0.15265234446601333,0.16001285149513036,0.11025483223204612,0.3978384215356944,0.17924155027111582
2009-09-23,0.15265234446601333,0.16001285149513036,0.11025483223204612,0.3978384215356944,0.17924155027111582
2009-09-24,0.15265234446601333,0.16001285149513036,0.11025483223204612,0.3978384215356944,0.17924155027111582
2009-09-25,0.15265234446601333,0.16001285149513036,0.11025483223204612,0.3978384215356944,0.17924155027111582
2009-09-28,0.15265234446601333,0.16001285149513036,0.11025483223204612,0.3978384215356944,0.17924155027111582
2009-09-29,0.15265234446601333,0.16001285149513036,0.11025483223204612,0.3978384215356944,0.17924155027111582
2009-09-30,0.15265234446601333,0.16001285149513036,0.11025483223204612,0.3978384215356944,0.17924155027111582
2009-10-01,0.15265234446601333,0.16001285149513036,0.11025483223204612,0.3978384215356944,0.17924155027111582
2009-10-02,0.15265234446601333,0.16001285149513036,0.11025483223204612,0.3978384215356944,0.17924155027111582
2009-10-05,0.15265234446601333,0.16001285149513036,0.11025483223204612,0.3978384215356944,0.17924155027111582
2009-10-06,0.15265234446601333,0.16001285149513036,0.11025483223204612,0.3978384215356944,0.17924155027111582
2009-10-07,0.15669683373881174,0.16368621288318014,0.1112701484956584,0.39141159509652246,0.17693520978582722
2009-10-08,0.15669683373881174,0.16368621288318014,0.1112701484956584,0.39141159509652246,0.17693520978582722
2009-10-09,0.15669683373881174,0.16368621288318014,0.1112701484956584,0.39141159509652246,0.17693520978582722
2009-10-13,0.15669683373881174,0.16368621288318014,0.1112701484956584,0.39141159509652246,0.17693520978582722
2009-10-14,0.15669683373881174,0.16368621288318014,0.1112701484956584,0.39141159509652246,0.17693520978582722
2009-10-15,0.15669683373881174,0.16368621288318014,0.1112701484956584,0.39141159509652246,0.17693520978582722
2009-10-16,0.15669683373881174,0.16368621288318014,0.1112701484956584,0.39141159509652246,0.17693520978582722
2009-10-19,0.15669683373881174,0.16368621288318014,0.1112701484956584,0.39141159509652246,0.17693520978582722
2009-10-20,0.15669683373881174,0.16368621288318014,0.1112701484956584,0.39141159509652246,0.17693520978582722
2009-10-21,0.15669683373881174,0.16368621288318014,0.1112701484956584,0.39141159509652246,0.17693520978582722
2009-10-22,0.15669683373881174,0.16368621288318014,0.1112701484956584,0.39141159509652246,0.17693520978582722
2009-10-23,0.15669683373881174,0.16368621288318014,0.1112701484956584,0.39141159509652246,0.17693520978582722
2009-10-26,0.15669683373881174,0.16368621288318014,0.1112701484956584,0.39141159509652246,0.17693520978582722
2009-10-27,0.15669683373881174,0.16368621288318014,0.1112701484956584,0.39141159509652246,0.17693520978582722
2009-10-28,0.15669683373881174,0.16368621288318014,0.1112701484956584,0.39141159509652246,0.17693520978582722
2009-10-29,0.15669683373881174,0.16368621288318014,0.1112701484956584,0.39141159509652246,0.17693520978582722
2009-10-30,0.15669683373881174,0.16368621288318014,0.1112701484956584,0.39141159509652246,0.17693520978582722
2009-11-03,0.15669683373881174,0.16368621288318014,0.1112701484956584,0.39141159509652246,0.17693520978582722
2009-11-04,0.15669683373881174,0.16368621288318014,0.1112701484956584,0.39141159509652246,0.17693520978582722
2009-11-05,0.15669683373881174,0.16368621288318014,0.1112701484956584,0.39141159509652246,0.17693520978582722
2009-11-06,0.15669683373881174,0.16368621288318014,0.1112701484956584,0.39141159509652246,0.17693520978582722
2009-11-09,0.15366846020019748,0.16043993232395168,0.11341929853999878,0.3835963544666245,0.18887595446922756
2009-11-10,0.15366846020019748,0.16043993232395168,0.11341929853999878,0.3835963544666245,0.18887595446922756
2009-11-11,0.15366846020019748,0.16043993232395168,0.11341929853999878,0.3835963544666245,0.18887595446922756
2009-11-12,0.15366846020019748,0.16043993232395168,0.11341929853999878,0.3835963544666245,0.18887595446922756
2009-11-13,0.15366846020019748,0.16043993232395168,0.11341929853999878,0.3835963544666245,0.18887595446922756
2009-11-16,0.15366846020019748,0.16043993232395168,0.11341929853999878,0.3835963544666245,0.18887595446922756
2009-11-17,0.15366846020019748,0.16043993232395168,0.11341929853999878,0.3835963544666245,0.18887595446922756
2009-11-18,0.15366846020019748,0.16043993232395168,0.11341929853999878,0.3835963544666245,0.18887595446922756
2009-11-19,0.15366846020019748,0.16043993232395168,0.11341929853999878,0.3835963544666245,0.18887595446922756
2009-11-23,0.15366846020019748,0.16043993232395168,0.11341929853999878,0.3835963544666245,0.18887595446922756
2009-11-24,0.15366846020019748,0.16043993232395168,0.11341929853999878,0.3835963544666245,0.18887595446922756
2009-11-25,0.15366846020019748,0.16043993232395168,0.11341929853999878,0.3835963544666245,0.18887595446922756
2009-11-27,0.15366846020019748,0.16043993232395168,0.11341929853999878,0.3835963544666245,0.18887595446922756
2009-11-30,0.15366846020019748,0.16043993232395168,0.11341929853999878,0.3835963544666245,0.18887595446922756
2009-12-01,0.15366846020019748,0.16043993232395168,0.11341929853999878,0.3835963544666245,0.18887595446922756
2009-12-02,0.15366846020019748,0.16043993232395168,0.11341929853999878,0.3835963544666245,0.18887595446922756
2009-12-03,0.15366846020019748,0.16043993232395168,0.11341929853999878,0.3835963544666245,0.18887595446922756
2009-12-04,0.15366846020019748,0.16043993232395168,0.11341929853999878,0.3835963544666245,0.18887595446922756
2009-12-07,0.15366846020019748,0.16043993232395168,0.11341929853999878,0.3835963544666245,0.18887595446922756
2009-12-08,0.15366846020019748,0.16043993232395168,0.11341929853999878,0.3835963544666245,0.18887595446922756
2009-12-09,0.15366846020019748,0.16043993232395168,0.11341929853999878,0.3835963544666245,0.18887595446922756
2009-12-10,0.15731913138250286,0.16368071925190153,0.11989073375079257,0.3663630819141753,0.1927463337006277
2009-12-11,0.15731913138250286,0.16368071925190153,0.11989073375079257,0.3663630819141753,0.1927463337006277
2009-12-14,0.15731913138250286,0.16368071925190153,0.11989073375079257,0.3663630819141753,0.1927463337006277
2009-12-15,0.15731913138250286,0.16368071925190153,0.11989073375079257,0.3663630819141753,0.1927463337006277
2009-12-16,0.15731913138250286,0.16368071925190153,0.11989073375079257,0.3663630819141753,0.1927463337006277
2009-12-17,0.15731913138250286,0.16368071925190153,0.11989073375079257,0.3663630819141753,0.1927463337006277
2009-12-18,0.15731913138250286,0.16368071925190153,0.11989073375079257,0.3663630819141753,0.1927463337006277
2009-12-21,0.15731913138250286,0.16368071925190153,0.11989073375079257,0.3663630819141753,0.1927463337006277
2009-12-22,0.15731913138250286,0.16368071925190153,0.11989073375079257,0.3663630819141753,0.1927463337006277
2009-12-23,0.15731913138250286,0.16368071925190153,0.11989073375079257,0.3663630819141753,0.1927463337006277
2009-12-28,0.15731913138250286,0.16368071925190153,0.11989073375079257,0.3663630819141753,0.1927463337006277
2009-12-29,0.15731913138250286,0.16368071925190153,0.11989073375079257,0.3663630819141753,0.1927463337006277
2009-12-30,0.15731913138250286,0.16368071925190153,0.11989073375079257,0.3663630819141753,0.1927463337006277
2010-01-04,0.15731913138250286,0.16368071925190153,0.11989073375079257,0.3663630819141753,0.1927463337006277
2010-01-05,0.15731913138250286,0.16368071925190153,0.11989073375079257,0.3663630819141753,0.1927463337006277
2010-01-06,0.15731913138250286,0.16368071925190153,0.11989073375079257,0.3663630819141753,0.1927463337006277
2010-01-07,0.15731913138250286,0.16368071925190153,0.11989073375079257,0.3663630819141753,0.1927463337006277
2010-01-08,0.15731913138250286,0.16368071925190153,0.11989073375079257,0.3663630819141753,0.1927463337006277
2010-01-11,0.15731913138250286,0.16368071925190153,0.11989073375079257,0.3663630819141753,0.1927463337006277
2010-01-12,0.15731913138250286,0.16368071925190153,0.11989073375079257,0.3663630819141753,0.1927463337006277
2010-01-13,0.15731913138250286,0.16368071925190153,0.11989073375079257,0.3663630819141753,0.1927463337006277
2010-01-14,0.15358133009263059,0.15605157581232895,0.11867446470695424,0.3608276414847387,0.21086498790334757
2010-01-15,0.15358133009263059,0.15605157581232895,0.11867446470695424,0.3608276414847387,0.21086498790334757
2010-01-19,0.15358133009263059,0.15605157581232895,0.11867446470695424,0.3608276414847387,0.21086498790334757
2010-01-20,0.15358133009263059,0.15605157581232895,0.11867446470695424,0.3608276414847387,0.21086498790334757
2010-01-21,0.15358133009263059,0.15605157581232895,0.11867446470695424,0.3608276414847387,0.21086498790334757
2010-01-22,0.15358133009263059,0.15605157581232895,0.11867446470695424,0.3608276414847387,0.21086498790334757
2010-01-26,0.15358133009263059,0.15605157581232895,0.11867446470695424,0.3608276414847387,0.21086498790334757
2010-01-27,0.15358133009263059,0.15605157581232895,0.11867446470695424,0.3608276414847387,0.21086498790334757
2010-01-28,0.15358133009263059,0.15605157581232895,0.11867446470695424,0.3608276414847387,0.21086498790334757
2010-01-29,0.15358133009263059,0.15605157581232895,0.11867446470695424,0.3608276414847387,0.21086498790334757
2010-02-01,0.15358133009263059,0.15605157581232895,0.11867446470695424,0.3608276414847387,0.21086498790334757
2010-02-02,0.15358133009263059,0.15605157581232895,0.11867446470695424,0.3608276414847387,0.21086498790334757
2010-02-03,0.15358133009263059,0.15605157581232895,0.11867446470695424,0.3608276414847387,0.21086498790334757
2010-02-04,0.15358133009263059,0.15605157581232895,0.11867446470695424,0.3608276414847387,0.21086498790334757
2010-02-05,0.15358133009263059,0.15605157581232895,0.11867446470695424,0.3608276414847387,0.21086498790334757
2010-02-08,0.15358133009263059,0.15605157581232895,0.11867446470695424,0.3608276414847387,0.21086498790334757
2010-02-09,0.15358133009263059,0.15605157581232895,0.11867446470695424,0.3608276414847387,0.21086498790334757
2010-02-10,0.15358133009263059,0.15605157581232895,0.11867446470695424,0.3608276414847387,0.21086498790334757
2010-02-11,0.15358133009263059,0.15605157581232895,0.11867446470695424,0.3608276414847387,0.21086498790334757
2010-02-12,0.15358133009263059,0.15605157581232895,0.11867446470695424,0.3608276414847387,0.21086498790334757
2010-02-17,0.15358133009263059,0.15605157581232895,0.11867446470695424,0.3608276414847387,0.21086498790334757
2010-02-18,0.15202684079596485,0.15188289363206006,0.11669817837990033,0.361369094626511,0.2180229925655638
2010-02-19,0.15202684079596485,0.15188289363206006,0.11669817837990033,0.361369094626511,0.2180229925655638
2010-02-22,0.15202684079596485,0.15188289363206006,0.11669817837990033,0.361369094626511,0.2180229925655638
2010-02-23,0.15202684079596485,0.15188289363206006,0.11669817837990033,0.361369094626511,0.2180229925655638
2010-02-24,0.15202684079596485,0.15188289363206006,0.11669817837990033,0.361369094626511,0.2180229925655638
2010-02-25,0.15202684079596485,0.15188289363206006,0.11669817837990033,0.361369094626511,0.2180229925655638
2010-02-26,0.15202684079596485,0.15188289363206006,0.11669817837990033,0.361369094626511,0.2180229925655638
2010-03-01,0.15202684079596485,0.15188289363206006,0.11669817837990033,0.361369094626511,0.2180229925655638
2010-03-02,0.15202684079596485,0.15188289363206006,0.11669817837990033,0.361369094626511,0.2180229925655638
2010-03-03,0.15202684079596485,0.15188289363206006,0.11669817837990033,0.361369094626511,0.2180229925655638
2010-03-04,0.15202684079596485,0.15188289363206006,0.11669817837990033,0.361369094626511,0.2180229925655638
2010-03-05,0.15202684079596485,0.15188289363206006,0.11669817837990033,0.361369094626511,0.2180229925655638
2010-03-08,0.15202684079596485,0.15188289363206006,0.11669817837990033,0.361369094626511,0.2180229925655638
2010-03-09,0.15202684079596485,0.15188289363206006,0.11669817837990033,0.361369094626511,0.2180229925655638
2010-03-10,0.15202684079596485,0.15188289363206006,0.11669817837990033,0.361369094626511,0.2180229925655638
2010-03-11,0.15202684079596485,0.15188289363206006,0.11669817837990033,0.361369094626511,0.2180229925655638
2010-03-12,0.15202684079596485,0.15188289363206006,0.11669817837990033,0.361369094626511,0.2180229925655638
2010-03-15,0.15202684079596485,0.15188289363206006,0.11669817837990033,0.361369094626511,0.2180229925655638
2010-03-16,0.15202684079596485,0.15188289363206006,0.11669817837990033,0.361369094626511,0.2180229925655638
2010-03-17,0.15202684079596485,0.15188289363206006,0.11669817837990033,0.361369094626511,0.2180229925655638
2010-03-18,0.15202684079596485,0.15188289363206006,0.11669817837990033,0.361369094626511,0.2180229925655638
2010-03-19,0.1474700882642317,0.14773040971018295,0.11478808496459746,0.3646509928834716,0.22536042417751634
2010-03-22,0.1474700882642317,0.14773040971018295,0.11478808496459746,0.3646509928834716,0.22536042417751634
2010-03-23,0.1474700882642317,0.14773040971018295,0.11478808496459746,0.3646509928834716,0.22536042417751634
2010-03-24,0.1474700882642317,0.14773040971018295,0.11478808496459746,0.3646509928834716,0.22536042417751634
2010-03-25,0.1474700882642317,0.14773040971018295,0.11478808496459746,0.3646509928834716,0.22536042417751634
2010-03-26,0.1474700882642317,0.14773040971018295,0.11478808496459746,0.3646509928834716,0.22536042417751634
2010-03-29,0.1474700882642317,0.14773040971018295,0.11478808496459746,0.3646509928834716,0.22536042417751634
2010-03-30,0.1474700882642317,0.14773040971018295,0.11478808496459746,0.3646509928834716,0.22536042417751634
2010-03-31,0.1474700882642317,0.14773040971018295,0.11478808496459746,0.3646509928834716,0.22536042417751634
2010-04-01,0.1474700882642317,0.14773040971018295,0.11478808496459746,0.3646509928834716,0.22536042417751634
2010-04-05,0.1474700882642317,0.14773040971018295,0.11478808496459746,0.3646509928834716,0.22536042417751634
2010-04-06,0.1474700882642317,0.14773040971018295,0.11478808496459746,0.3646509928834716,0.22536042417751634
2010-04-07,0.1474700882642317,0.14773040971018295,0.11478808496459746,0.3646509928834716,0.22536042417751634
2010-04-08,0.1474700882642317,0.14773040971018295,0.11478808496459746,0.3646509928834716,0.22536042417751634
2010-04-09,0.1474700882642317,0.14773040971018295,0.11478808496459746,0.3646509928834716,0.22536042417751634
2010-04-12,0.1474700882642317,0.14773040971018295,0.11478808496459746,0.3646509928834716,0.22536042417751634
2010-04-13,0.1474700882642317,0.14773040971018295,0.11478808496459746,0.3646509928834716,0.22536042417751634
2010-04-14,0.1474700882642317,0.14773040971018295,0.11478808496459746,0.3646509928834716,0.22536042417751634
2010-04-15,0.1474700882642317,0.14773040971018295,0.11478808496459746,0.3646509928834716,0.22536042417751634
2010-04-16,0.1474700882642317,0.14773040971018295,0.11478808496459746,0.3646509928834716,0.22536042417751634
2010-04-19,0.1474700882642317,0.14773040971018295,0.11478808496459746,0.3646509928834716,0.22536042417751634
2010-04-20,0.15134983016699485,0.15052329993190663,0.1177780157507358,0.31925262254965375,0.26109623160070894
2010-04-22,0.15134983016699485,0.15052329993190663,0.1177780157507358,0.31925262254965375,0.26109623160070894
2010-04-23,0.15134983016699485,0.15052329993190663,0.1177780157507358,0.31925262254965375,0.26109623160070894
2010-04-26,0.15134983016699485,0.15052329993190663,0.1177780157507358,0.31925262254965375,0.26109623160070894
2010-04-27,0.15134983016699485,0.15052329993190663,0.1177780157507358,0.31925262254965375,0.26109623160070894
2010-04-28,0.15134983016699485,0.15052329993190663,0.1177780157507358,0.31925262254965375,0.26109623160070894
2010-04-29,0.15134983016699485,0.15052329993190663,0.1177780157507358,0.31925262254965375,0.26109623160070894
2010-04-30,0.15134983016699485,0.15052329993190663,0.1177780157507358,0.31925262254965375,0.26109623160070894
2010-05-03,0.15134983016699485,0.15052329993190663,0.1177780157507358,0.31925262254965375,0.26109623160070894
2010-05-04,0.15134983016699485,0.15052329993190663,0.1177780157507358,0.31925262254965375,0.26109623160070894
2010-05-05,0.15134983016699485,0.15052329993190663,0.1177780157507358,0.31925262254965375,0.26109623160070894
2010-05-06,0.15134983016699485,0.15052329993190663,0.1177780157507358,0.31925262254965375,0.26109623160070894
2010-05-07,0.15134983016699485,0.15052329993190663,0.1177780157507358,0.31925262254965375,0.26109623160070894
2010-05-10,0.15134983016699485,0.15052329993190663,0.1177780157507358,0.31925262254965375,0.26109623160070894
2010-05-11,0.15134983016699485,0.15052329993190663,0.1177780157507358,0.31925262254965375,0.26109623160070894
2010-05-12,0.15134983016699485,0.15052329993190663,0.1177780157507358,0.31925262254965375,0.26109623160070894
2010-05-13,0.15134983016699485,0.15052329993190663,0.1177780157507358,0.31925262254965375,0.26109623160070894
2010-05-14,0.15134983016699485,0.15052329993190663,0.1177780157507358,0.31925262254965375,0.26109623160070894
2010-05-17,0.15134983016699485,0.15052329993190663,0.1177780157507358,0.31925262254965375,0.26109623160070894
2010-05-18,0.15134983016699485,0.15052329993190663,0.1177780157507358,0.31925262254965375,0.26109623160070894
2010-05-19,0.15134983016699485,0.15052329993190663,0.1177780157507358,0.31925262254965375,0.26109623160070894
2010-05-20,0.15466196959659656,0.15245526747025667,0.11930977034417872,0.31476520417939835,0.25880778840956975
2010-05-21,0.15466196959659656,0.15245526747025667,0.11930977034417872,0.31476520417939835,0.25880778840956975
2010-05-24,0.15466196959659656,0.15245526747025667,0.11930977034417872,0.31476520417939835,0.25880778840956975
2010-05-25,0.15466196959659656,0.15245526747025667,0.11930977034417872,0.31476520417939835,0.25880778840956975
2010-05-26,0.15466196959659656,0.15245526747025667,0.11930977034417872,0.31476520417939835,0.25880778840956975
2010-05-27,0.15466196959659656,0.15245526747025667,0.11930977034417872,0.31476520417939835,0.25880778840956975
2010-05-28,0.15466196959659656,0.15245526747025667,0.11930977034417872,0.31476520417939835,0.25880778840956975
2010-06-01,0.15466196959659656,0.15245526747025667,0.11930977034417872,0.31476520417939835,0.25880778840956975
2010-06-02,0.15466196959659656,0.15245526747025667,0.11930977034417872,0.31476520417939835,0.25880778840956975
2010-06-04,0.15466196959659656,0.15245526747025667,0.11930977034417872,0.31476520417939835,0.25880778840956975
2010-06-07,0.15466196959659656,0.15245526747025667,0.11930977034417872,0.31476520417939835,0.25880778840956975
2010-06-08,0.15466196959659656,0.15245526747025667,0.11930977034417872,0.31476520417939835,0.25880778840956975
2010-06-09,0.15466196959659656,0.15245526747025667,0.11930977034417872,0.31476520417939835,0.25880778840956975
2010-06-10,0.15466196959659656,0.15245526747025667,0.11930977034417872,0.31476520417939835,0.25880778840956975
2010-06-11,0.15466196959659656,0.15245526747025667,0.11930977034417872,0.31476520417939835,0.25880778840956975
2010-06-14,0.15466196959659656,0.15245526747025667,0.11930977034417872,0.31476520417939835,0.25880778840956975
2010-06-15,0.15466196959659656,0.15245526747025667,0.11930977034417872,0.31476520417939835,0.25880778840956975
2010-06-16,0.15466196959659656,0.15245526747025667,0.11930977034417872,0.31476520417939835,0.25880778840956975
2010-06-17,0.15466196959659656,0.15245526747025667,0.11930977034417872,0.31476520417939835,0.25880778840956975
2010-06-18,0.15466196959659656,0.15245526747025667,0.11930977034417872,0.31476520417939835,0.25880778840956975
2010-06-21,0.15466196959659656,0.15245526747025667,0.11930977034417872,0.31476520417939835,0.25880778840956975
2010-06-22,0.16176681558450018,0.15934431571881177,0.11942352021486187,0.30783073299575875,0.2516346154860674
2010-06-23,0.16176681558450018,0.15934431571881177,0.11942352021486187,0.30783073299575875,0.2516346154860674
2010-06-24,0.16176681558450018,0.15934431571881177,0.11942352021486187,0.30783073299575875,0.2516346154860674
2010-06-25,0.16176681558450018,0.15934431571881177,0.11942352021486187,0.30783073299575875,0.2516346154860674
2010-06-28,0.16176681558450018,0.15934431571881177,0.11942352021486187,0.30783073299575875,0.2516346154860674
2010-06-29,0.16176681558450018,0.15934431571881177,0.11942352021486187,0.30783073299575875,0.2516346154860674
2010-06-30,0.16176681558450018,0.15934431571881177,0.11942352021486187,0.30783073299575875,0.2516346154860674
2010-07-01,0.16176681558450018,0.15934431571881177,0.11942352021486187,0.30783073299575875,0.2516346154860674
2010-07-02,0.16176681558450018,0.15934431571881177,0.11942352021486187,0.30783073299575875,0.2516346154860674
2010-07-06,0.16176681558450018,0.15934431571881177,0.11942352021486187,0.30783073299575875,0.2516346154860674
2010-07-07,0.16176681558450018,0.15934431571881177,0.11942352021486187,0.30783073299575875,0.2516346154860674
2010-07-08,0.16176681558450018,0.15934431571881177,0.11942352021486187,0.30783073299575875,0.2516346154860674
2010-07-12,0.16176681558450018,0.15934431571881177,0.11942352021486187,0.30783073299575875,0.2516346154860674
2010-07-13,0.16176681558450018,0.15934431571881177,0.11942352021486187,0.30783073299575875,0.2516346154860674
2010-07-14,0.16176681558450018,0.15934431571881177,0.11942352021486187,0.30783073299575875,0.2516346154860674
2010-07-15,0.16176681558450018,0.15934431571881177,0.11942352021486187,0.30783073299575875,0.2516346154860674
2010-07-16,0.16176681558450018,0.15934431571881177,0.11942352021486187,0.30783073299575875,0.2516346154860674
2010-07-19,0.16176681558450018,0.15934431571881177,0.11942352021486187,0.30783073299575875,0.2516346154860674
2010-07-20,0.16176681558450018,0.15934431571881177,0.11942352021486187,0.30783073299575875,0.2516346154860674
2010-07-21,0.16176681558450018,0.15934431571881177,0.11942352021486187,0.30783073299575875,0.2516346154860674
2010-07-22,0.16176681558450018,0.15934431571881177,0.11942352021486187,0.30783073299575875,0.2516346154860674
2010-07-23,0.16158298783244737,0.1612404327691559,0.12063633922007001,0.31081843950163063,0.24572180067669608
2010-07-26,0.16158298783244737,0.1612404327691559,0.12063633922007001,0.31081843950163063,0.24572180067669608
2010-07-27,0.16158298783244737,0.1612404327691559,0.12063633922007001,0.31081843950163063,0.24572180067669608
2010-07-28,0.16158298783244737,0.1612404327691559,0.12063633922007001,0.31081843950163063,0.24572180067669608
2010-07-29,0.16158298783244737,0.1612404327691559,0.12063633922007001,0.31081843950163063,0.24572180067669608
2010-07-30,0.16158298783244737,0.1612404327691559,0.12063633922007001,0.31081843950163063,0.24572180067669608
2010-08-02,0.16158298783244737,0.1612404327691559,0.12063633922007001,0.31081843950163063,0.24572180067669608
2010-08-03,0.16158298783244737,0.1612404327691559,0.12063633922007001,0.31081843950163063,0.24572180067669608
2010-08-04,0.16158298783244737,0.1612404327691559,0.12063633922007001,0.31081843950163063,0.24572180067669608
2010-08-05,0.16158298783244737,0.1612404327691559,0.12063633922007001,0.31081843950163063,0.24572180067669608
2010-08-06,0.16158298783244737,0.1612404327691559,0.12063633922007001,0.31081843950163063,0.24572180067669608
2010-08-09,0.16158298783244737,0.1612404327691559,0.12063633922007001,0.31081843950163063,0.24572180067669608
2010-08-10,0.16158298783244737,0.1612404327691559,0.12063633922007001,0.31081843950163063,0.24572180067669608
2010-08-11,0.16158298783244737,0.1612404327691559,0.12063633922007001,0.31081843950163063,0.24572180067669608
2010-08-12,0.16158298783244737,0.1612404327691559,0.12063633922007001,0.31081843950163063,0.24572180067669608
2010-08-13,0.16158298783244737,0.1612404327691559,0.12063633922007001,0.31081843950163063,0.24572180067669608
2010-08-16,0.16158298783244737,0.1612404327691559,0.12063633922007001,0.31081843950163063,0.24572180067669608
2010-08-17,0.16158298783244737,0.1612404327691559,0.12063633922007001,0.31081843950163063,0.24572180067669608
2010-08-18,0.16158298783244737,0.1612404327691559,0.12063633922007001,0.31081843950163063,0.24572180067669608
2010-08-19,0.16158298783244737,0.1612404327691559,0.12063633922007001,0.31081843950163063,0.24572180067669608
2010-08-20,0.16158298783244737,0.1612404327691559,0.12063633922007001,0.31081843950163063,0.24572180067669608
2010-08-23,0.1637301653044511,0.1637009048051388,0.12137816622408812,0.30949870064202817,0.24169206302429388
2010-08-24,0.1637301653044511,0.1637009048051388,0.12137816622408812,0.30949870064202817,0.24169206302429388
2010-08-25,0.1637301653044511,0.1637009048051388,0.12137816622408812,0.30949870064202817,0.24169206302429388
2010-08-26,0.1637301653044511,0.1637009048051388,0.12137816622408812,0.30949870064202817,0.24169206302429388
2010-08-27,0.1637301653044511,0.1637009048051388,0.12137816622408812,0.30949870064202817,0.24169206302429388
2010-08-30,0.1637301653044511,0.1637009048051388,0.12137816622408812,0.30949870064202817,0.24169206302429388
2010-08-31,0.1637301653044511,0.1637009048051388,0.12137816622408812,0.30949870064202817,0.24169206302429388
2010-09-01,0.1637301653044511,0.1637009048051388,0.12137816622408812,0.30949870064202817,0.24169206302429388
2010-09-02,0.1637301653044511,0.1637009048051388,0.12137816622408812,0.30949870064202817,0.24169206302429388
2010-09-03,0.1637301653044511,0.1637009048051388,0.12137816622408812,0.30949870064202817,0.24169206302429388
2010-09-08,0.1637301653044511,0.1637009048051388,0.12137816622408812,0.30949870064202817,0.24169206302429388
2010-09-09,0.1637301653044511,0.1637009048051388,0.12137816622408812,0.30949870064202817,0.24169206302429388
2010-09-10,0.1637301653044511,0.1637009048051388,0.12137816622408812,0.30949870064202817,0.24169206302429388
2010-09-13,0.1637301653044511,0.1637009048051388,0.12137816622408812,0.30949870064202817,0.24169206302429388
2010-09-14,0.1637301653044511,0.1637009048051388,0.12137816622408812,0.30949870064202817,0.24169206302429388
2010-09-15,0.1637301653044511,0.1637009048051388,0.12137816622408812,0.30949870064202817,0.24169206302429388
2010-09-16,0.1637301653044511,0.1637009048051388,0.12137816622408812,0.30949870064202817,0.24169206302429388
2010-09-17,0.1637301653044511,0.1637009048051388,0.12137816622408812,0.30949870064202817,0.24169206302429388
2010-09-20,0.1637301653044511,0.1637009048051388,0.12137816622408812,0.30949870064202817,0.24169206302429388
2010-09-21,0.1637301653044511,0.1637009048051388,0.12137816622408812,0.30949870064202817,0.24169206302429388
2010-09-22,0.1637301653044511,0.1637009048051388,0.12137816622408812,0.30949870064202817,0.24169206302429388
2010-09-23,0.16086061502389912,0.16154496197715537,0.12028751719264338,0.3164803628108515,0.24082654299545067
2010-09-24,0.16086061502389912,0.16154496197715537,0.12028751719264338,0.3164803628108515,0.24082654299545067
2010-09-27,0.16086061502389912,0.16154496197715537,0.12028751719264338,0.3164803628108515,0.24082654299545067
2010-09-28,0.16086061502389912,0.16154496197715537,0.12028751719264338,0.3164803628108515,0.24082654299545067
2010-09-29,0.16086061502389912,0.16154496197715537,0.12028751719264338,0.3164803628108515,0.24082654299545067
2010-09-30,0.16086061502389912,0.16154496197715537,0.12028751719264338,0.3164803628108515,0.24082654299545067
2010-10-01,0.16086061502389912,0.16154496197715537,0.12028751719264338,0.3164803628108515,0.24082654299545067
2010-10-04,0.16086061502389912,0.16154496197715537,0.12028751719264338,0.3164803628108515,0.24082654299545067
2010-10-05,0.16086061502389912,0.16154496197715537,0.12028751719264338,0.3164803628108515,0.24082654299545067
2010-10-06,0.16086061502389912,0.16154496197715537,0.12028751719264338,0.3164803628108515,0.24082654299545067
2010-10-07,0.16086061502389912,0.16154496197715537,0.12028751719264338,0.3164803628108515,0.24082654299545067
2010-10-08,0.16086061502389912,0.16154496197715537,0.12028751719264338,0.3164803628108515,0.24082654299545067
2010-10-11,0.16086061502389912,0.16154496197715537,0.12028751719264338,0.3164803628108515,0.24082654299545067
2010-10-13,0.16086061502389912,0.16154496197715537,0.12028751719264338,0.3164803628108515,0.24082654299545067
2010-10-14,0.16086061502389912,0.16154496197715537,0.12028751719264338,0.3164803628108515,0.24082654299545067
2010-10-15,0.16086061502389912,0.16154496197715537,0.12028751719264338,0.3164803628108515,0.24082654299545067
2010-10-18,0.16086061502389912,0.16154496197715537,0.12028751719264338,0.3164803628108515,0.24082654299545067
2010-10-19,0.16086061502389912,0.16154496197715537,0.12028751719264338,0.3164803628108515,0.24082654299545067
2010-10-20,0.16086061502389912,0.16154496197715537,0.12028751719264338,0.3164803628108515,0.24082654299545067
2010-10-21,0.16086061502389912,0.16154496197715537,0.12028751719264338,0.3164803628108515,0.24082654299545067
2010-10-22,0.16086061502389912,0.16154496197715537,0.12028751719264338,0.3164803628108515,0.24082654299545067
2010-10-25,0.16022010820366328,0.16154934393207046,0.12097181701641962,0.31175742393924355,0.24550130690860314
2010-10-26,0.16022010820366328,0.16154934393207046,0.12097181701641962,0.31175742393924355,0.24550130690860314
2010-10-27,0.16022010820366328,0.16154934393207046,0.12097181701641962,0.31175742393924355,0.24550130690860314
2010-10-28,0.16022010820366328,0.16154934393207046,0.12097181701641962,0.31175742393924355,0.24550130690860314
2010-10-29,0.16022010820366328,0.16154934393207046,0.12097181701641962,0.31175742393924355,0.24550130690860314
2010-11-01,0.16022010820366328,0.16154934393207046,0.12097181701641962,0.31175742393924355,0.24550130690860314
2010-11-03,0.16022010820366328,0.16154934393207046,0.12097181701641962,0.31175742393924355,0.24550130690860314
2010-11-04,0.16022010820366328,0.16154934393207046,0.12097181701641962,0.31175742393924355,0.24550130690860314
2010-11-05,0.16022010820366328,0.16154934393207046,0.12097181701641962,0.31175742393924355,0.24550130690860314
2010-11-08,0.16022010820366328,0.16154934393207046,0.12097181701641962,0.31175742393924355,0.24550130690860314
2010-11-09,0.16022010820366328,0.16154934393207046,0.12097181701641962,0.31175742393924355,0.24550130690860314
2010-11-10,0.16022010820366328,0.16154934393207046,0.12097181701641962,0.31175742393924355,0.24550130690860314
2010-11-11,0.16022010820366328,0.16154934393207046,0.12097181701641962,0.31175742393924355,0.24550130690860314
2010-11-12,0.16022010820366328,0.16154934393207046,0.12097181701641962,0.31175742393924355,0.24550130690860314
2010-11-16,0.16022010820366328,0.16154934393207046,0.12097181701641962,0.31175742393924355,0.24550130690860314
2010-11-17,0.16022010820366328,0.16154934393207046,0.12097181701641962,0.31175742393924355,0.24550130690860314
2010-11-18,0.16022010820366328,0.16154934393207046,0.12097181701641962,0.31175742393924355,0.24550130690860314
2010-11-19,0.16022010820366328,0.16154934393207046,0.12097181701641962,0.31175742393924355,0.24550130690860314
2010-11-22,0.16022010820366328,0.16154934393207046,0.12097181701641962,0.31175742393924355,0.24550130690860314
2010-11-23,0.16022010820366328,0.16154934393207046,0.12097181701641962,0.31175742393924355,0.24550130690860314
2010-11-24,0.16022010820366328,0.16154934393207046,0.12097181701641962,0.31175742393924355,0.24550130690860314
2010-11-26,0.1638032936940297,0.16660893017601378,0.12511593669962512,0.30192275470514907,0.24254908472518238
2010-11-29,0.1638032936940297,0.16660893017601378,0.12511593669962512,0.30192275470514907,0.24254908472518238
2010-11-30,0.1638032936940297,0.16660893017601378,0.12511593669962512,0.30192275470514907,0.24254908472518238
2010-12-01,0.1638032936940297,0.16660893017601378,0.12511593669962512,0.30192275470514907,0.24254908472518238
2010-12-02,0.1638032936940297,0.16660893017601378,0.12511593669962512,0.30192275470514907,0.24254908472518238
2010-12-03,0.1638032936940297,0.16660893017601378,0.12511593669962512,0.30192275470514907,0.24254908472518238
2010-12-06,0.1638032936940297,0.16660893017601378,0.12511593669962512,0.30192275470514907,0.24254908472518238
2010-12-07,0.1638032936940297,0.16660893017601378,0.12511593669962512,0.30192275470514907,0.24254908472518238
2010-12-08,0.1638032936940297,0.16660893017601378,0.12511593669962512,0.30192275470514907,0.24254908472518238
2010-12-09,0.1638032936940297,0.16660893017601378,0.12511593669962512,0.30192275470514907,0.24254908472518238
2010-12-10,0.1638032936940297,0.16660893017601378,0.12511593669962512,0.30192275470514907,0.24254908472518238
2010-12-13,0.1638032936940297,0.16660893017601378,0.12511593669962512,0.30192275470514907,0.24254908472518238
2010-12-14,0.1638032936940297,0.16660893017601378,0.12511593669962512,0.30192275470514907,0.24254908472518238
2010-12-15,0.1638032936940297,0.16660893017601378,0.12511593669962512,0.30192275470514907,0.24254908472518238
2010-12-16,0.1638032936940297,0.16660893017601378,0.12511593669962512,0.30192275470514907,0.24254908472518238
2010-12-17,0.1638032936940297,0.16660893017601378,0.12511593669962512,0.30192275470514907,0.24254908472518238
2010-12-20,0.1638032936940297,0.16660893017601378,0.12511593669962512,0.30192275470514907,0.24254908472518238
2010-12-21,0.1638032936940297,0.16660893017601378,0.12511593669962512,0.30192275470514907,0.24254908472518238
2010-12-22,0.1638032936940297,0.16660893017601378,0.12511593669962512,0.30192275470514907,0.24254908472518238
2010-12-23,0.1638032936940297,0.16660893017601378,0.12511593669962512,0.30192275470514907,0.24254908472518238
2010-12-27,0.1638032936940297,0.16660893017601378,0.12511593669962512,0.30192275470514907,0.24254908472518238
2010-12-28,0.16387057092266402,0.16689066813893766,0.1250643146608855,0.3091580743438329,0.23501637193367994
2010-12-29,0.16387057092266402,0.16689066813893766,0.1250643146608855,0.3091580743438329,0.23501637193367994
2010-12-30,0.16387057092266402,0.16689066813893766,0.1250643146608855,0.3091580743438329,0.23501637193367994
2011-01-03,0.16387057092266402,0.16689066813893766,0.1250643146608855,0.3091580743438329,0.23501637193367994
2011-01-04,0.16387057092266402,0.16689066813893766,0.1250643146608855,0.3091580743438329,0.23501637193367994
2011-01-05,0.16387057092266402,0.16689066813893766,0.1250643146608855,0.3091580743438329,0.23501637193367994
2011-01-06,0.16387057092266402,0.16689066813893766,0.1250643146608855,0.3091580743438329,0.23501637193367994
2011-01-07,0.16387057092266402,0.16689066813893766,0.1250643146608855,0.3091580743438329,0.23501637193367994
2011-01-10,0.16387057092266402,0.16689066813893766,0.1250643146608855,0.3091580743438329,0.23501637193367994
2011-01-11,0.16387057092266402,0.16689066813893766,0.1250643146608855,0.3091580743438329,0.23501637193367994
2011-01-12,0.16387057092266402,0.16689066813893766,0.1250643146608855,0.3091580743438329,0.23501637193367994
2011-01-13,0.16387057092266402,0.16689066813893766,0.1250643146608855,0.3091580743438329,0.23501637193367994
2011-01-14,0.16387057092266402,0.16689066813893766,0.1250643146608855,0.3091580743438329,0.23501637193367994
2011-01-18,0.16387057092266402,0.16689066813893766,0.1250643146608855,0.3091580743438329,0.23501637193367994
2011-01-19,0.16387057092266402,0.16689066813893766,0.1250643146608855,0.3091580743438329,0.23501637193367994
2011-01-20,0.16387057092266402,0.16689066813893766,0.1250643146608855,0.3091580743438329,0.23501637193367994
2011-01-21,0.16387057092266402,0.16689066813893766,0.1250643146608855,0.3091580743438329,0.23501637193367994
2011-01-24,0.16387057092266402,0.16689066813893766,0.1250643146608855,0.3091580743438329,0.23501637193367994
2011-01-26,0.16387057092266402,0.16689066813893766,0.1250643146608855,0.3091580743438329,0.23501637193367994
2011-01-27,0.16387057092266402,0.16689066813893766,0.1250643146608855,0.3091580743438329,0.23501637193367994
2011-01-28,0.16387057092266402,0.16689066813893766,0.1250643146608855,0.3091580743438329,0.23501637193367994
2011-01-31,0.16289365086214055,0.1666653015978687,0.1247252637702474,0.31836505115965436,0.22735073261008903
2011-02-01,0.16289365086214055,0.1666653015978687,0.1247252637702474,0.31836505115965436,0.22735073261008903
2011-02-02,0.16289365086214055,0.1666653015978687,0.1247252637702474,0.31836505115965436,0.22735073261008903
2011-02-03,0.16289365086214055,0.1666653015978687,0.1247252637702474,0.31836505115965436,0.22735073261008903
2011-02-04,0.16289365086214055,0.1666653015978687,0.1247252637702474,0.31836505115965436,0.22735073261008903
2011-02-07,0.16289365086214055,0.1666653015978687,0.1247252637702474,0.31836505115965436,0.22735073261008903
2011-02-08,0.16289365086214055,0.1666653015978687,0.1247252637702474,0.31836505115965436,0.22735073261008903
2011-02-09,0.16289365086214055,0.1666653015978687,0.1247252637702474,0.31836505115965436,0.22735073261008903
2011-02-10,0.16289365086214055,0.1666653015978687,0.1247252637702474,0.31836505115965436,0.22735073261008903
2011-02-11,0.16289365086214055,0.1666653015978687,0.1247252637702474,0.31836505115965436,0.22735073261008903
2011-02-14,0.16289365086214055,0.1666653015978687,0.1247252637702474,0.31836505115965436,0.22735073261008903
2011-02-15,0.16289365086214055,0.1666653015978687,0.1247252637702474,0.31836505115965436,0.22735073261008903
2011-02-16,0.16289365086214055,0.1666653015978687,0.1247252637702474,0.31836505115965436,0.22735073261008903
2011-02-17,0.16289365086214055,0.1666653015978687,0.1247252637702474,0.31836505115965436,0.22735073261008903
2011-02-18,0.16289365086214055,0.1666653015978687,0.1247252637702474,0.31836505115965436,0.22735073261008903
2011-02-22,0.16289365086214055,0.1666653015978687,0.1247252637702474,0.31836505115965436,0.22735073261008903
2011-02-23,0.16289365086214055,0.1666653015978687,0.1247252637702474,0.31836505115965436,0.22735073261008903
2011-02-24,0.16289365086214055,0.1666653015978687,0.1247252637702474,0.31836505115965436,0.22735073261008903
2011-02-25,0.16289365086214055,0.1666653015978687,0.1247252637702474,0.31836505115965436,0.22735073261008903
2011-02-28,0.16289365086214055,0.1666653015978687,0.1247252637702474,0.31836505115965436,0.22735073261008903
2011-03-01,0.16289365086214055,0.1666653015978687,0.1247252637702474,0.31836505115965436,0.22735073261008903
2011-03-02,0.16026708977706586,0.16429683085525051,0.12418762280465871,0.3332320797297999,0.21801637683322506
2011-03-03,0.16026708977706586,0.16429683085525051,0.12418762280465871,0.3332320797297999,0.21801637683322506
2011-03-04,0.16026708977706586,0.16429683085525051,0.12418762280465871,0.3332320797297999,0.21801637683322506
2011-03-09,0.16026708977706586,0.16429683085525051,0.12418762280465871,0.3332320797297999,0.21801637683322506
2011-03-10,0.16026708977706586,0.16429683085525051,0.12418762280465871,0.3332320797297999,0.21801637683322506
2011-03-11,0.16026708977706586,0.16429683085525051,0.12418762280465871,0.3332320797297999,0.21801637683322506
2011-03-14,0.16026708977706586,0.16429683085525051,0.12418762280465871,0.3332320797297999,0.21801637683322506
2011-03-15,0.16026708977706586,0.16429683085525051,0.12418762280465871,0.3332320797297999,0.21801637683322506
2011-03-16,0.16026708977706586,0.16429683085525051,0.12418762280465871,0.3332320797297999,0.21801637683322506
2011-03-17,0.16026708977706586,0.16429683085525051,0.12418762280465871,0.3332320797297999,0.21801637683322506
2011-03-18,0.16026708977706586,0.16429683085525051,0.12418762280465871,0.3332320797297999,0.21801637683322506
2011-03-21,0.16026708977706586,0.16429683085525051,0.12418762280465871,0.3332320797297999,0.21801637683322506
2011-03-22,0.16026708977706586,0.16429683085525051,0.12418762280465871,0.3332320797297999,0.21801637683322506
2011-03-23,0.16026708977706586,0.16429683085525051,0.12418762280465871,0.3332320797297999,0.21801637683322506
2011-03-24,0.16026708977706586,0.16429683085525051,0.12418762280465871,0.3332320797297999,0.21801637683322506
2011-03-25,0.16026708977706586,0.16429683085525051,0.12418762280465871,0.3332320797297999,0.21801637683322506
2011-03-28,0.16026708977706586,0.16429683085525051,0.12418762280465871,0.3332320797297999,0.21801637683322506
2011-03-29,0.16026708977706586,0.16429683085525051,0.12418762280465871,0.3332320797297999,0.21801637683322506
2011-03-30,0.16026708977706586,0.16429683085525051,0.12418762280465871,0.3332320797297999,0.21801637683322506
2011-03-31,0.16026708977706586,0.16429683085525051,0.12418762280465871,0.3332320797297999,0.21801637683322506
2011-04-01,0.16026708977706586,0.16429683085525051,0.12418762280465871,0.3332320797297999,0.21801637683322506
2011-04-04,0.15762847263045085,0.1629237210749331,0.12375260572793265,0.3414514911339111,0.21424370943277232
2011-04-05,0.15762847263045085,0.1629237210749331,0.12375260572793265,0.3414514911339111,0.21424370943277232
2011-04-06,0.15762847263045085,0.1629237210749331,0.12375260572793265,0.3414514911339111,0.21424370943277232
2011-04-07,0.15762847263045085,0.1629237210749331,0.12375260572793265,0.3414514911339111,0.21424370943277232
2011-04-08,0.15762847263045085,0.1629237210749331,0.12375260572793265,0.3414514911339111,0.21424370943277232
2011-04-11,0.15762847263045085,0.1629237210749331,0.12375260572793265,0.3414514911339111,0.21424370943277232
2011-04-12,0.15762847263045085,0.1629237210749331,0.12375260572793265,0.3414514911339111,0.21424370943277232
2011-04-13,0.15762847263045085,0.1629237210749331,0.12375260572793265,0.3414514911339111,0.21424370943277232
2011-04-14,0.15762847263045085,0.1629237210749331,0.12375260572793265,0.3414514911339111,0.21424370943277232
2011-04-15,0.15762847263045085,0.1629237210749331,0.12375260572793265,0.3414514911339111,0.21424370943277232
2011-04-18,0.15762847263045085,0.1629237210749331,0.12375260572793265,0.3414514911339111,0.21424370943277232
2011-04-19,0.15762847263045085,0.1629237210749331,0.12375260572793265,0.3414514911339111,0.21424370943277232
2011-04-20,0.15762847263045085,0.1629237210749331,0.12375260572793265,0.3414514911339111,0.21424370943277232
2011-04-25,0.15762847263045085,0.1629237210749331,0.12375260572793265,0.3414514911339111,0.21424370943277232
2011-04-26,0.15762847263045085,0.1629237210749331,0.12375260572793265,0.3414514911339111,0.21424370943277232
2011-04-27,0.15762847263045085,0.1629237210749331,0.12375260572793265,0.3414514911339111,0.21424370943277232
2011-04-28,0.15762847263045085,0.1629237210749331,0.12375260572793265,0.3414514911339111,0.21424370943277232
2011-04-29,0.15762847263045085,0.1629237210749331,0.12375260572793265,0.3414514911339111,0.21424370943277232
2011-05-02,0.15762847263045085,0.1629237210749331,0.12375260572793265,0.3414514911339111,0.21424370943277232
2011-05-03,0.15762847263045085,0.1629237210749331,0.12375260572793265,0.3414514911339111,0.21424370943277232
2011-05-04,0.15762847263045085,0.1629237210749331,0.12375260572793265,0.3414514911339111,0.21424370943277232
2011-05-05,0.1552997485380092,0.16050842462226517,0.12270336037460522,0.3494430743229371,0.21204539214218338
2011-05-06,0.1552997485380092,0.16050842462226517,0.12270336037460522,0.3494430743229371,0.21204539214218338
2011-05-09,0.1552997485380092,0.16050842462226517,0.12270336037460522,0.3494430743229371,0.21204539214218338
2011-05-10,0.1552997485380092,0.16050842462226517,0.12270336037460522,0.3494430743229371,0.21204539214218338
2011-05-11,0.1552997485380092,0.16050842462226517,0.12270336037460522,0.3494430743229371,0.21204539214218338
2011-05-12,0.1552997485380092,0.16050842462226517,0.12270336037460522,0.3494430743229371,0.21204539214218338
2011-05-13,0.1552997485380092,0.16050842462226517,0.12270336037460522,0.3494430743229371,0.21204539214218338
2011-05-16,0.1552997485380092,0.16050842462226517,0.12270336037460522,0.3494430743229371,0.21204539214218338
2011-05-17,0.1552997485380092,0.16050842462226517,0.12270336037460522,0.3494430743229371,0.21204539214218338
2011-05-18,0.1552997485380092,0.16050842462226517,0.12270336037460522,0.3494430743229371,0.21204539214218338
2011-05-19,0.1552997485380092,0.16050842462226517,0.12270336037460522,0.3494430743229371,0.21204539214218338
2011-05-20,0.1552997485380092,0.16050842462226517,0.12270336037460522,0.3494430743229371,0.21204539214218338
2011-05-23,0.1552997485380092,0.16050842462226517,0.12270336037460522,0.3494430743229371,0.21204539214218338
2011-05-24,0.1552997485380092,0.16050842462226517,0.12270336037460522,0.3494430743229371,0.21204539214218338
2011-05-25,0.1552997485380092,0.16050842462226517,0.12270336037460522,0.3494430743229371,0.21204539214218338
2011-05-26,0.1552997485380092,0.16050842462226517,0.12270336037460522,0.3494430743229371,0.21204539214218338
2011-05-27,0.1552997485380092,0.16050842462226517,0.12270336037460522,0.3494430743229371,0.21204539214218338
2011-05-31,0.1552997485380092,0.16050842462226517,0.12270336037460522,0.3494430743229371,0.21204539214218338
2011-06-01,0.1552997485380092,0.16050842462226517,0.12270336037460522,0.3494430743229371,0.21204539214218338
2011-06-02,0.1552997485380092,0.16050842462226517,0.12270336037460522,0.3494430743229371,0.21204539214218338
2011-06-03,0.1552997485380092,0.16050842462226517,0.12270336037460522,0.3494430743229371,0.21204539214218338
2011-06-06,0.15667318051563311,0.1623267588635692,0.12445024632124554,0.3401977904923007,0.21635202380725135
2011-06-07,0.15667318051563311,0.1623267588635692,0.12445024632124554,0.3401977904923007,0.21635202380725135
2011-06-08,0.15667318051563311,0.1623267588635692,0.12445024632124554,0.3401977904923007,0.21635202380725135
2011-06-09,0.15667318051563311,0.1623267588635692,0.12445024632124554,0.3401977904923007,0.21635202380725135
2011-06-10,0.15667318051563311,0.1623267588635692,0.12445024632124554,0.3401977904923007,0.21635202380725135
2011-06-13,0.15667318051563311,0.1623267588635692,0.12445024632124554,0.3401977904923007,0.21635202380725135
2011-06-14,0.15667318051563311,0.1623267588635692,0.12445024632124554,0.3401977904923007,0.21635202380725135
2011-06-15,0.15667318051563311,0.1623267588635692,0.12445024632124554,0.3401977904923007,0.21635202380725135
2011-06-16,0.15667318051563311,0.1623267588635692,0.12445024632124554,0.3401977904923007,0.21635202380725135
2011-06-17,0.15667318051563311,0.1623267588635692,0.12445024632124554,0.3401977904923007,0.21635202380725135
2011-06-20,0.15667318051563311,0.1623267588635692,0.12445024632124554,0.3401977904923007,0.21635202380725135
2011-06-21,0.15667318051563311,0.1623267588635692,0.12445024632124554,0.3401977904923007,0.21635202380725135
2011-06-22,0.15667318051563311,0.1623267588635692,0.12445024632124554,0.3401977904923007,0.21635202380725135
2011-06-24,0.15667318051563311,0.1623267588635692,0.12445024632124554,0.3401977904923007,0.21635202380725135
2011-06-27,0.15667318051563311,0.1623267588635692,0.12445024632124554,0.3401977904923007,0.21635202380725135
2011-06-28,0.15667318051563311,0.1623267588635692,0.12445024632124554,0.3401977904923007,0.21635202380725135
2011-06-29,0.15667318051563311,0.1623267588635692,0.12445024632124554,0.3401977904923007,0.21635202380725135
2011-06-30,0.15667318051563311,0.1623267588635692,0.12445024632124554,0.3401977904923007,0.21635202380725135
2011-07-01,0.15667318051563311,0.1623267588635692,0.12445024632124554,0.3401977904923007,0.21635202380725135
2011-07-05,0.15667318051563311,0.1623267588635692,0.12445024632124554,0.3401977904923007,0.21635202380725135
2011-07-06,0.15667318051563311,0.1623267588635692,0.12445024632124554,0.3401977904923007,0.21635202380725135
2011-07-07,0.15167829778943592,0.15795481938507988,0.13299396496343466,0.3186555936841268,0.23871732417792269
2011-07-08,0.15167829778943592,0.15795481938507988,0.13299396496343466,0.3186555936841268,0.23871732417792269
2011-07-11,0.15167829778943592,0.15795481938507988,0.13299396496343466,0.3186555936841268,0.23871732417792269
2011-07-12,0.15167829778943592,0.15795481938507988,0.13299396496343466,0.3186555936841268,0.23871732417792269
2011-07-13,0.15167829778943592,0.15795481938507988,0.13299396496343466,0.3186555936841268,0.23871732417792269
2011-07-14,0.15167829778943592,0.15795481938507988,0.13299396496343466,0.3186555936841268,0.23871732417792269
2011-07-15,0.15167829778943592,0.15795481938507988,0.13299396496343466,0.3186555936841268,0.23871732417792269
2011-07-18,0.15167829778943592,0.15795481938507988,0.13299396496343466,0.3186555936841268,0.23871732417792269
2011-07-19,0.15167829778943592,0.15795481938507988,0.13299396496343466,0.3186555936841268,0.23871732417792269
2011-07-20,0.15167829778943592,0.15795481938507988,0.13299396496343466,0.3186555936841268,0.23871732417792269
2011-07-21,0.15167829778943592,0.15795481938507988,0.13299396496343466,0.3186555936841268,0.23871732417792269
2011-07-22,0.15167829778943592,0.15795481938507988,0.13299396496343466,0.3186555936841268,0.23871732417792269
2011-07-25,0.15167829778943592,0.15795481938507988,0.13299396496343466,0.3186555936841268,0.23871732417792269
2011-07-26,0.15167829778943592,0.15795481938507988,0.13299396496343466,0.3186555936841268,0.23871732417792269
2011-07-27,0.15167829778943592,0.15795481938507988,0.13299396496343466,0.3186555936841268,0.23871732417792269
2011-07-28,0.15167829778943592,0.15795481938507988,0.13299396496343466,0.3186555936841268,0.23871732417792269
2011-07-29,0.15167829778943592,0.15795481938507988,0.13299396496343466,0.3186555936841268,0.23871732417792269
2011-08-01,0.15167829778943592,0.15795481938507988,0.13299396496343466,0.3186555936841268,0.23871732417792269
2011-08-02,0.15167829778943592,0.15795481938507988,0.13299396496343466,0.3186555936841268,0.23871732417792269
2011-08-03,0.15167829778943592,0.15795481938507988,0.13299396496343466,0.3186555936841268,0.23871732417792269
2011-08-04,0.15167829778943592,0.15795481938507988,0.13299396496343466,0.3186555936841268,0.23871732417792269
2011-08-05,0.14677283478983094,0.14917036063726194,0.13056483341457517,0.3305771522735519,0.24291481888478014
2011-08-08,0.14677283478983094,0.14917036063726194,0.13056483341457517,0.3305771522735519,0.24291481888478014
2011-08-09,0.14677283478983094,0.14917036063726194,0.13056483341457517,0.3305771522735519,0.24291481888478014
2011-08-10,0.14677283478983094,0.14917036063726194,0.13056483341457517,0.3305771522735519,0.24291481888478014
2011-08-11,0.14677283478983094,0.14917036063726194,0.13056483341457517,0.3305771522735519,0.24291481888478014
2011-08-12,0.14677283478983094,0.14917036063726194,0.13056483341457517,0.3305771522735519,0.24291481888478014
2011-08-15,0.14677283478983094,0.14917036063726194,0.13056483341457517,0.3305771522735519,0.24291481888478014
2011-08-16,0.14677283478983094,0.14917036063726194,0.13056483341457517,0.3305771522735519,0.24291481888478014
2011-08-17,0.14677283478983094,0.14917036063726194,0.13056483341457517,0.3305771522735519,0.24291481888478014
2011-08-18,0.14677283478983094,0.14917036063726194,0.13056483341457517,0.3305771522735519,0.24291481888478014
2011-08-19,0.14677283478983094,0.14917036063726194,0.13056483341457517,0.3305771522735519,0.24291481888478014
2011-08-22,0.14677283478983094,0.14917036063726194,0.13056483341457517,0.3305771522735519,0.24291481888478014
2011-08-23,0.14677283478983094,0.14917036063726194,0.13056483341457517,0.3305771522735519,0.24291481888478014
2011-08-24,0.14677283478983094,0.14917036063726194,0.13056483341457517,0.3305771522735519,0.24291481888478014
2011-08-25,0.14677283478983094,0.14917036063726194,0.13056483341457517,0.3305771522735519,0.24291481888478014
2011-08-26,0.14677283478983094,0.14917036063726194,0.13056483341457517,0.3305771522735519,0.24291481888478014
2011-08-29,0.14677283478983094,0.14917036063726194,0.13056483341457517,0.3305771522735519,0.24291481888478014
2011-08-30,0.14677283478983094,0.14917036063726194,0.13056483341457517,0.3305771522735519,0.24291481888478014
2011-08-31,0.14677283478983094,0.14917036063726194,0.13056483341457517,0.3305771522735519,0.24291481888478014
2011-09-01,0.14677283478983094,0.14917036063726194,0.13056483341457517,0.3305771522735519,0.24291481888478014
2011-09-02,0.14677283478983094,0.14917036063726194,0.13056483341457517,0.3305771522735519,0.24291481888478014
2011-09-06,0.1504841627316662,0.1497236019320962,0.12918736555547036,0.3655816611421357,0.20502320863863158
2011-09-08,0.1504841627316662,0.1497236019320962,0.12918736555547036,0.3655816611421357,0.20502320863863158
2011-09-09,0.1504841627316662,0.1497236019320962,0.12918736555547036,0.3655816611421357,0.20502320863863158
2011-09-12,0.1504841627316662,0.1497236019320962,0.12918736555547036,0.3655816611421357,0.20502320863863158
2011-09-13,0.1504841627316662,0.1497236019320962,0.12918736555547036,0.3655816611421357,0.20502320863863158
2011-09-14,0.1504841627316662,0.1497236019320962,0.12918736555547036,0.3655816611421357,0.20502320863863158
2011-09-15,0.1504841627316662,0.1497236019320962,0.12918736555547036,0.3655816611421357,0.20502320863863158
2011-09-16,0.1504841627316662,0.1497236019320962,0.12918736555547036,0.3655816611421357,0.20502320863863158
2011-09-19,0.1504841627316662,0.1497236019320962,0.12918736555547036,0.3655816611421357,0.20502320863863158
2011-09-20,0.1504841627316662,0.1497236019320962,0.12918736555547036,0.3655816611421357,0.20502320863863158
2011-09-21,0.1504841627316662,0.1497236019320962,0.12918736555547036,0.3655816611421357,0.20502320863863158
2011-09-22,0.1504841627316662,0.1497236019320962,0.12918736555547036,0.3655816611421357,0.20502320863863158
2011-09-23,0.1504841627316662,0.1497236019320962,0.12918736555547036,0.3655816611421357,0.20502320863863158
2011-09-26,0.1504841627316662,0.1497236019320962,0.12918736555547036,0.3655816611421357,0.20502320863863158
2011-09-27,0.1504841627316662,0.1497236019320962,0.12918736555547036,0.3655816611421357,0.20502320863863158
2011-09-28,0.1504841627316662,0.1497236019320962,0.12918736555547036,0.3655816611421357,0.20502320863863158
2011-09-29,0.1504841627316662,0.1497236019320962,0.12918736555547036,0.3655816611421357,0.20502320863863158
2011-09-30,0.1504841627316662,0.1497236019320962,0.12918736555547036,0.3655816611421357,0.20502320863863158
2011-10-03,0.1504841627316662,0.1497236019320962,0.12918736555547036,0.3655816611421357,0.20502320863863158
2011-10-04,0.1504841627316662,0.1497236019320962,0.12918736555547036,0.3655816611421357,0.20502320863863158
2011-10-05,0.1504841627316662,0.1497236019320962,0.12918736555547036,0.3655816611421357,0.20502320863863158
2011-10-06,0.1597288680796911,0.1576092993529654,0.13845121109093583,0.3362373833881923,0.20797323808821533
2011-10-07,0.1597288680796911,0.1576092993529654,0.13845121109093583,0.3362373833881923,0.20797323808821533
2011-10-10,0.1597288680796911,0.1576092993529654,0.13845121109093583,0.3362373833881923,0.20797323808821533
2011-10-11,0.1597288680796911,0.1576092993529654,0.13845121109093583,0.3362373833881923,0.20797323808821533
2011-10-13,0.1597288680796911,0.1576092993529654,0.13845121109093583,0.3362373833881923,0.20797323808821533
2011-10-14,0.1597288680796911,0.1576092993529654,0.13845121109093583,0.3362373833881923,0.20797323808821533
2011-10-17,0.1597288680796911,0.1576092993529654,0.13845121109093583,0.3362373833881923,0.20797323808821533
2011-10-18,0.1597288680796911,0.1576092993529654,0.13845121109093583,0.3362373833881923,0.20797323808821533
2011-10-19,0.1597288680796911,0.1576092993529654,0.13845121109093583,0.3362373833881923,0.20797323808821533
2011-10-20,0.1597288680796911,0.1576092993529654,0.13845121109093583,0.3362373833881923,0.20797323808821533
2011-10-21,0.1597288680796911,0.1576092993529654,0.13845121109093583,0.3362373833881923,0.20797323808821533
2011-10-24,0.1597288680796911,0.1576092993529654,0.13845121109093583,0.3362373833881923,0.20797323808821533
2011-10-25,0.1597288680796911,0.1576092993529654,0.13845121109093583,0.3362373833881923,0.20797323808821533
2011-10-26,0.1597288680796911,0.1576092993529654,0.13845121109093583,0.3362373833881923,0.20797323808821533
2011-10-27,0.1597288680796911,0.1576092993529654,0.13845121109093583,0.3362373833881923,0.20797323808821533
2011-10-28,0.1597288680796911,0.1576092993529654,0.13845121109093583,0.3362373833881923,0.20797323808821533
2011-10-31,0.1597288680796911,0.1576092993529654,0.13845121109093583,0.3362373833881923,0.20797323808821533
2011-11-01,0.1597288680796911,0.1576092993529654,0.13845121109093583,0.3362373833881923,0.20797323808821533
2011-11-03,0.1597288680796911,0.1576092993529654,0.13845121109093583,0.3362373833881923,0.20797323808821533
2011-11-04,0.1597288680796911,0.1576092993529654,0.13845121109093583,0.3362373833881923,0.20797323808821533
2011-11-07,0.1597288680796911,0.1576092993529654,0.13845121109093583,0.3362373833881923,0.20797323808821533
2011-11-08,0.16688348187941196,0.16112120563340418,0.1348857397923926,0.3359588130264001,0.20115075966839122
2011-11-09,0.16688348187941196,0.16112120563340418,0.1348857397923926,0.3359588130264001,0.20115075966839122
2011-11-10,0.16688348187941196,0.16112120563340418,0.1348857397923926,0.3359588130264001,0.20115075966839122
2011-11-11,0.16688348187941196,0.16112120563340418,0.1348857397923926,0.3359588130264001,0.20115075966839122
2011-11-14,0.16688348187941196,0.16112120563340418,0.1348857397923926,0.3359588130264001,0.20115075966839122
2011-11-16,0.16688348187941196,0.16112120563340418,0.1348857397923926,0.3359588130264001,0.20115075966839122
2011-11-17,0.16688348187941196,0.16112120563340418,0.1348857397923926,0.3359588130264001,0.20115075966839122
2011-11-18,0.16688348187941196,0.16112120563340418,0.1348857397923926,0.3359588130264001,0.20115075966839122
2011-11-21,0.16688348187941196,0.16112120563340418,0.1348857397923926,0.3359588130264001,0.20115075966839122
2011-11-22,0.16688348187941196,0.16112120563340418,0.1348857397923926,0.3359588130264001,0.20115075966839122
2011-11-23,0.16688348187941196,0.16112120563340418,0.1348857397923926,0.3359588130264001,0.20115075966839122
2011-11-25,0.16688348187941196,0.16112120563340418,0.1348857397923926,0.3359588130264001,0.20115075966839122
2011-11-28,0.16688348187941196,0.16112120563340418,0.1348857397923926,0.3359588130264001,0.20115075966839122
2011-11-29,0.16688348187941196,0.16112120563340418,0.1348857397923926,0.3359588130264001,0.20115075966839122
2011-11-30,0.16688348187941196,0.16112120563340418,0.1348857397923926,0.3359588130264001,0.20115075966839122
2011-12-01,0.16688348187941196,0.16112120563340418,0.1348857397923926,0.3359588130264001,0.20115075966839122
2011-12-02,0.16688348187941196,0.16112120563340418,0.1348857397923926,0.3359588130264001,0.20115075966839122
2011-12-05,0.16688348187941196,0.16112120563340418,0.1348857397923926,0.3359588130264001,0.20115075966839122
2011-12-06,0.16688348187941196,0.16112120563340418,0.1348857397923926,0.3359588130264001,0.20115075966839122
2011-12-07,0.16688348187941196,0.16112120563340418,0.1348857397923926,0.3359588130264001,0.20115075966839122
2011-12-08,0.16688348187941196,0.16112120563340418,0.1348857397923926,0.3359588130264001,0.20115075966839122
2011-12-09,0.16765804966330486,0.1598726024344284,0.13322211434350187,0.34313618688769976,0.19611104667106516
2011-12-12,0.16765804966330486,0.1598726024344284,0.13322211434350187,0.34313618688769976,0.19611104667106516
2011-12-13,0.16765804966330486,0.1598726024344284,0.13322211434350187,0.34313618688769976,0.19611104667106516
2011-12-14,0.16765804966330486,0.1598726024344284,0.13322211434350187,0.34313618688769976,0.19611104667106516
2011-12-15,0.16765804966330486,0.1598726024344284,0.13322211434350187,0.34313618688769976,0.19611104667106516
2011-12-16,0.16765804966330486,0.1598726024344284,0.13322211434350187,0.34313618688769976,0.19611104667106516
2011-12-19,0.16765804966330486,0.1598726024344284,0.13322211434350187,0.34313618688769976,0.19611104667106516
2011-12-20,0.16765804966330486,0.1598726024344284,0.13322211434350187,0.34313618688769976,0.19611104667106516
2011-12-21,0.16765804966330486,0.1598726024344284,0.13322211434350187,0.34313618688769976,0.19611104667106516
2011-12-22,0.16765804966330486,0.1598726024344284,0.13322211434350187,0.34313618688769976,0.19611104667106516
2011-12-23,0.16765804966330486,0.1598726024344284,0.13322211434350187,0.34313618688769976,0.19611104667106516
2011-12-27,0.16765804966330486,0.1598726024344284,0.13322211434350187,0.34313618688769976,0.19611104667106516
2011-12-28,0.16765804966330486,0.1598726024344284,0.13322211434350187,0.34313618688769976,0.19611104667106516
2011-12-29,0.16765804966330486,0.1598726024344284,0.13322211434350187,0.34313618688769976,0.19611104667106516
2012-01-03,0.16765804966330486,0.1598726024344284,0.13322211434350187,0.34313618688769976,0.19611104667106516
2012-01-04,0.16765804966330486,0.1598726024344284,0.13322211434350187,0.34313618688769976,0.19611104667106516
2012-01-05,0.16765804966330486,0.1598726024344284,0.13322211434350187,0.34313618688769976,0.19611104667106516
2012-01-06,0.16765804966330486,0.1598726024344284,0.13322211434350187,0.34313618688769976,0.19611104667106516
2012-01-09,0.16765804966330486,0.1598726024344284,0.13322211434350187,0.34313618688769976,0.19611104667106516
2012-01-10,0.16765804966330486,0.1598726024344284,0.13322211434350187,0.34313618688769976,0.19611104667106516
2012-01-11,0.16765804966330486,0.1598726024344284,0.13322211434350187,0.34313618688769976,0.19611104667106516
2012-01-12,0.16848804997992378,0.1599796507886417,0.1330957133614616,0.33772213010011387,0.20071445576985908
2012-01-13,0.16848804997992378,0.1599796507886417,0.1330957133614616,0.33772213010011387,0.20071445576985908
2012-01-17,0.16848804997992378,0.1599796507886417,0.1330957133614616,0.33772213010011387,0.20071445576985908
2012-01-18,0.16848804997992378,0.1599796507886417,0.1330957133614616,0.33772213010011387,0.20071445576985908
2012-01-19,0.16848804997992378,0.1599796507886417,0.1330957133614616,0.33772213010011387,0.20071445576985908
2012-01-20,0.16848804997992378,0.1599796507886417,0.1330957133614616,0.33772213010011387,0.20071445576985908
2012-01-23,0.16848804997992378,0.1599796507886417,0.1330957133614616,0.33772213010011387,0.20071445576985908
2012-01-24,0.16848804997992378,0.1599796507886417,0.1330957133614616,0.33772213010011387,0.20071445576985908
2012-01-26,0.16848804997992378,0.1599796507886417,0.1330957133614616,0.33772213010011387,0.20071445576985908
2012-01-27,0.16848804997992378,0.1599796507886417,0.1330957133614616,0.33772213010011387,0.20071445576985908
2012-01-30,0.16848804997992378,0.1599796507886417,0.1330957133614616,0.33772213010011387,0.20071445576985908
2012-01-31,0.16848804997992378,0.1599796507886417,0.1330957133614616,0.33772213010011387,0.20071445576985908
2012-02-01,0.16848804997992378,0.1599796507886417,0.1330957133614616,0.33772213010011387,0.20071445576985908
2012-02-02,0.16848804997992378,0.1599796507886417,0.1330957133614616,0.33772213010011387,0.20071445576985908
2012-02-03,0.16848804997992378,0.1599796507886417,0.1330957133614616,0.33772213010011387,0.20071445576985908
2012-02-06,0.16848804997992378,0.1599796507886417,0.1330957133614616,0.33772213010011387,0.20071445576985908
2012-02-07,0.16848804997992378,0.1599796507886417,0.1330957133614616,0.33772213010011387,0.20071445576985908
2012-02-08,0.16848804997992378,0.1599796507886417,0.1330957133614616,0.33772213010011387,0.20071445576985908
2012-02-09,0.16848804997992378,0.1599796507886417,0.1330957133614616,0.33772213010011387,0.20071445576985908
2012-02-10,0.16848804997992378,0.1599796507886417,0.1330957133614616,0.33772213010011387,0.20071445576985908
2012-02-13,0.16848804997992378,0.1599796507886417,0.1330957133614616,0.33772213010011387,0.20071445576985908
2012-02-14,0.1678655081107143,0.15843289810765548,0.13273053468169532,0.338897285912752,0.20207377318718295
2012-02-15,0.1678655081107143,0.15843289810765548,0.13273053468169532,0.338897285912752,0.20207377318718295
2012-02-16,0.1678655081107143,0.15843289810765548,0.13273053468169532,0.338897285912752,0.20207377318718295
2012-02-17,0.1678655081107143,0.15843289810765548,0.13273053468169532,0.338897285912752,0.20207377318718295
2012-02-22,0.1678655081107143,0.15843289810765548,0.13273053468169532,0.338897285912752,0.20207377318718295
2012-02-23,0.1678655081107143,0.15843289810765548,0.13273053468169532,0.338897285912752,0.20207377318718295
2012-02-24,0.1678655081107143,0.15843289810765548,0.13273053468169532,0.338897285912752,0.20207377318718295
2012-02-27,0.1678655081107143,0.15843289810765548,0.13273053468169532,0.338897285912752,0.20207377318718295
2012-02-28,0.1678655081107143,0.15843289810765548,0.13273053468169532,0.338897285912752,0.20207377318718295
2012-02-29,0.1678655081107143,0.15843289810765548,0.13273053468169532,0.338897285912752,0.20207377318718295
2012-03-01,0.1678655081107143,0.15843289810765548,0.13273053468169532,0.338897285912752,0.20207377318718295
2012-03-02,0.1678655081107143,0.15843289810765548,0.13273053468169532,0.338897285912752,0.20207377318718295
2012-03-05,0.1678655081107143,0.15843289810765548,0.13273053468169532,0.338897285912752,0.20207377318718295
2012-03-06,0.1678655081107143,0.15843289810765548,0.13273053468169532,0.338897285912752,0.20207377318718295
2012-03-07,0.1678655081107143,0.15843289810765548,0.13273053468169532,0.338897285912752,0.20207377318718295
2012-03-08,0.1678655081107143,0.15843289810765548,0.13273053468169532,0.338897285912752,0.20207377318718295
2012-03-09,0.1678655081107143,0.15843289810765548,0.13273053468169532,0.338897285912752,0.20207377318718295
2012-03-12,0.1678655081107143,0.15843289810765548,0.13273053468169532,0.338897285912752,0.20207377318718295
2012-03-13,0.1678655081107143,0.15843289810765548,0.13273053468169532,0.338897285912752,0.20207377318718295
2012-03-14,0.1678655081107143,0.15843289810765548,0.13273053468169532,0.338897285912752,0.20207377318718295
2012-03-15,0.1678655081107143,0.15843289810765548,0.13273053468169532,0.338897285912752,0.20207377318718295
2012-03-16,0.17186277490853538,0.16205562080475092,0.13481145573072845,0.32701011090847204,0.20426003764751324
2012-03-19,0.17186277490853538,0.16205562080475092,0.13481145573072845,0.32701011090847204,0.20426003764751324
2012-03-20,0.17186277490853538,0.16205562080475092,0.13481145573072845,0.32701011090847204,0.20426003764751324
2012-03-21,0.17186277490853538,0.16205562080475092,0.13481145573072845,0.32701011090847204,0.20426003764751324
2012-03-22,0.17186277490853538,0.16205562080475092,0.13481145573072845,0.32701011090847204,0.20426003764751324
2012-03-23,0.17186277490853538,0.16205562080475092,0.13481145573072845,0.32701011090847204,0.20426003764751324
2012-03-26,0.17186277490853538,0.16205562080475092,0.13481145573072845,0.32701011090847204,0.20426003764751324
2012-03-27,0.17186277490853538,0.16205562080475092,0.13481145573072845,0.32701011090847204,0.20426003764751324
2012-03-28,0.17186277490853538,0.16205562080475092,0.13481145573072845,0.32701011090847204,0.20426003764751324
2012-03-29,0.17186277490853538,0.16205562080475092,0.13481145573072845,0.32701011090847204,0.20426003764751324
2012-03-30,0.17186277490853538,0.16205562080475092,0.13481145573072845,0.32701011090847204,0.20426003764751324
2012-04-02,0.17186277490853538,0.16205562080475092,0.13481145573072845,0.32701011090847204,0.20426003764751324
2012-04-03,0.17186277490853538,0.16205562080475092,0.13481145573072845,0.32701011090847204,0.20426003764751324
2012-04-04,0.17186277490853538,0.16205562080475092,0.13481145573072845,0.32701011090847204,0.20426003764751324
2012-04-05,0.17186277490853538,0.16205562080475092,0.13481145573072845,0.32701011090847204,0.20426003764751324
2012-04-09,0.17186277490853538,0.16205562080475092,0.13481145573072845,0.32701011090847204,0.20426003764751324
2012-04-10,0.17186277490853538,0.16205562080475092,0.13481145573072845,0.32701011090847204,0.20426003764751324
2012-04-11,0.17186277490853538,0.16205562080475092,0.13481145573072845,0.32701011090847204,0.20426003764751324
2012-04-12,0.17186277490853538,0.16205562080475092,0.13481145573072845,0.32701011090847204,0.20426003764751324
2012-04-13,0.17186277490853538,0.16205562080475092,0.13481145573072845,0.32701011090847204,0.20426003764751324
2012-04-16,0.17186277490853538,0.16205562080475092,0.13481145573072845,0.32701011090847204,0.20426003764751324
2012-04-17,0.1708800788535394,0.16176225819037282,0.1358674359198588,0.32467403291058655,0.20681619412564245
2012-04-18,0.1708800788535394,0.16176225819037282,0.1358674359198588,0.32467403291058655,0.20681619412564245
2012-04-19,0.1708800788535394,0.16176225819037282,0.1358674359198588,0.32467403291058655,0.20681619412564245
2012-04-20,0.1708800788535394,0.16176225819037282,0.1358674359198588,0.32467403291058655,0.20681619412564245
2012-04-23,0.1708800788535394,0.16176225819037282,0.1358674359198588,0.32467403291058655,0.20681619412564245
2012-04-24,0.1708800788535394,0.16176225819037282,0.1358674359198588,0.32467403291058655,0.20681619412564245
2012-04-25,0.1708800788535394,0.16176225819037282,0.1358674359198588,0.32467403291058655,0.20681619412564245
2012-04-26,0.1708800788535394,0.16176225819037282,0.1358674359198588,0.32467403291058655,0.20681619412564245
2012-04-27,0.1708800788535394,0.16176225819037282,0.1358674359198588,0.32467403291058655,0.20681619412564245
2012-04-30,0.1708800788535394,0.16176225819037282,0.1358674359198588,0.32467403291058655,0.20681619412564245
2012-05-02,0.1708800788535394,0.16176225819037282,0.1358674359198588,0.32467403291058655,0.20681619412564245
2012-05-03,0.1708800788535394,0.16176225819037282,0.1358674359198588,0.32467403291058655,0.20681619412564245
2012-05-04,0.1708800788535394,0.16176225819037282,0.1358674359198588,0.32467403291058655,0.20681619412564245
2012-05-07,0.1708800788535394,0.16176225819037282,0.1358674359198588,0.32467403291058655,0.20681619412564245
2012-05-08,0.1708800788535394,0.16176225819037282,0.1358674359198588,0.32467403291058655,0.20681619412564245
2012-05-09,0.1708800788535394,0.16176225819037282,0.1358674359198588,0.32467403291058655,0.20681619412564245
2012-05-10,0.1708800788535394,0.16176225819037282,0.1358674359198588,0.32467403291058655,0.20681619412564245
2012-05-11,0.1708800788535394,0.16176225819037282,0.1358674359198588,0.32467403291058655,0.20681619412564245
2012-05-14,0.1708800788535394,0.16176225819037282,0.1358674359198588,0.32467403291058655,0.20681619412564245
2012-05-15,0.1708800788535394,0.16176225819037282,0.1358674359198588,0.32467403291058655,0.20681619412564245
2012-05-16,0.1708800788535394,0.16176225819037282,0.1358674359198588,0.32467403291058655,0.20681619412564245
2012-05-17,0.17088970696015257,0.16090118738935802,0.13567435692537538,0.3260569493898529,0.20647779933526106
2012-05-18,0.17088970696015257,0.16090118738935802,0.13567435692537538,0.3260569493898529,0.20647779933526106
2012-05-21,0.17088970696015257,0.16090118738935802,0.13567435692537538,0.3260569493898529,0.20647779933526106
2012-05-22,0.17088970696015257,0.16090118738935802,0.13567435692537538,0.3260569493898529,0.20647779933526106
2012-05-23,0.17088970696015257,0.16090118738935802,0.13567435692537538,0.3260569493898529,0.20647779933526106
2012-05-24,0.17088970696015257,0.16090118738935802,0.13567435692537538,0.3260569493898529,0.20647779933526106
2012-05-25,0.17088970696015257,0.16090118738935802,0.13567435692537538,0.3260569493898529,0.20647779933526106
2012-05-29,0.17088970696015257,0.16090118738935802,0.13567435692537538,0.3260569493898529,0.20647779933526106
2012-05-30,0.17088970696015257,0.16090118738935802,0.13567435692537538,0.3260569493898529,0.20647779933526106
2012-05-31,0.17088970696015257,0.16090118738935802,0.13567435692537538,0.3260569493898529,0.20647779933526106
2012-06-01,0.17088970696015257,0.16090118738935802,0.13567435692537538,0.3260569493898529,0.20647779933526106
2012-06-04,0.17088970696015257,0.16090118738935802,0.13567435692537538,0.3260569493898529,0.20647779933526106
2012-06-05,0.17088970696015257,0.16090118738935802,0.13567435692537538,0.3260569493898529,0.20647779933526106
2012-06-06,0.17088970696015257,0.16090118738935802,0.13567435692537538,0.3260569493898529,0.20647779933526106
2012-06-08,0.17088970696015257,0.16090118738935802,0.13567435692537538,0.3260569493898529,0.20647779933526106
2012-06-11,0.17088970696015257,0.16090118738935802,0.13567435692537538,0.3260569493898529,0.20647779933526106
2012-06-12,0.17088970696015257,0.16090118738935802,0.13567435692537538,0.3260569493898529,0.20647779933526106
2012-06-13,0.17088970696015257,0.16090118738935802,0.13567435692537538,0.3260569493898529,0.20647779933526106
2012-06-14,0.17088970696015257,0.16090118738935802,0.13567435692537538,0.3260569493898529,0.20647779933526106
2012-06-15,0.17088970696015257,0.16090118738935802,0.13567435692537538,0.3260569493898529,0.20647779933526106
2012-06-18,0.17088970696015257,0.16090118738935802,0.13567435692537538,0.3260569493898529,0.20647779933526106
2012-06-19,0.1705970680151585,0.16134923217000072,0.13601134881115778,0.3278060736990469,0.2042362773046361
2012-06-20,0.1705970680151585,0.16134923217000072,0.13601134881115778,0.3278060736990469,0.2042362773046361
2012-06-21,0.1705970680151585,0.16134923217000072,0.13601134881115778,0.3278060736990469,0.2042362773046361
2012-06-22,0.1705970680151585,0.16134923217000072,0.13601134881115778,0.3278060736990469,0.2042362773046361
2012-06-25,0.1705970680151585,0.16134923217000072,0.13601134881115778,0.3278060736990469,0.2042362773046361
2012-06-26,0.1705970680151585,0.16134923217000072,0.13601134881115778,0.3278060736990469,0.2042362773046361
2012-06-27,0.1705970680151585,0.16134923217000072,0.13601134881115778,0.3278060736990469,0.2042362773046361
2012-06-28,0.1705970680151585,0.16134923217000072,0.13601134881115778,0.3278060736990469,0.2042362773046361
2012-06-29,0.1705970680151585,0.16134923217000072,0.13601134881115778,0.3278060736990469,0.2042362773046361
2012-07-02,0.1705970680151585,0.16134923217000072,0.13601134881115778,0.3278060736990469,0.2042362773046361
2012-07-03,0.1705970680151585,0.16134923217000072,0.13601134881115778,0.3278060736990469,0.2042362773046361
2012-07-05,0.1705970680151585,0.16134923217000072,0.13601134881115778,0.3278060736990469,0.2042362773046361
2012-07-06,0.1705970680151585,0.16134923217000072,0.13601134881115778,0.3278060736990469,0.2042362773046361
2012-07-10,0.1705970680151585,0.16134923217000072,0.13601134881115778,0.3278060736990469,0.2042362773046361
2012-07-11,0.1705970680151585,0.16134923217000072,0.13601134881115778,0.3278060736990469,0.2042362773046361
2012-07-12,0.1705970680151585,0.16134923217000072,0.13601134881115778,0.3278060736990469,0.2042362773046361
2012-07-13,0.1705970680151585,0.16134923217000072,0.13601134881115778,0.3278060736990469,0.2042362773046361
2012-07-16,0.1705970680151585,0.16134923217000072,0.13601134881115778,0.3278060736990469,0.2042362773046361
2012-07-17,0.1705970680151585,0.16134923217000072,0.13601134881115778,0.3278060736990469,0.2042362773046361
2012-07-18,0.1705970680151585,0.16134923217000072,0.13601134881115778,0.3278060736990469,0.2042362773046361
2012-07-19,0.1705970680151585,0.16134923217000072,0.13601134881115778,0.3278060736990469,0.2042362773046361
2012-07-20,0.16797002482505147,0.15928542429956988,0.13634929742420962,0.3288165205484894,0.20757873290267964
2012-07-23,0.16797002482505147,0.15928542429956988,0.13634929742420962,0.3288165205484894,0.20757873290267964
2012-07-24,0.16797002482505147,0.15928542429956988,0.13634929742420962,0.3288165205484894,0.20757873290267964
2012-07-25,0.16797002482505147,0.15928542429956988,0.13634929742420962,0.3288165205484894,0.20757873290267964
2012-07-26,0.16797002482505147,0.15928542429956988,0.13634929742420962,0.3288165205484894,0.20757873290267964
2012-07-27,0.16797002482505147,0.15928542429956988,0.13634929742420962,0.3288165205484894,0.20757873290267964
2012-07-30,0.16797002482505147,0.15928542429956988,0.13634929742420962,0.3288165205484894,0.20757873290267964
2012-07-31,0.16797002482505147,0.15928542429956988,0.13634929742420962,0.3288165205484894,0.20757873290267964
2012-08-01,0.16797002482505147,0.15928542429956988,0.13634929742420962,0.3288165205484894,0.20757873290267964
2012-08-02,0.16797002482505147,0.15928542429956988,0.13634929742420962,0.3288165205484894,0.20757873290267964
2012-08-03,0.16797002482505147,0.15928542429956988,0.13634929742420962,0.3288165205484894,0.20757873290267964
2012-08-06,0.16797002482505147,0.15928542429956988,0.13634929742420962,0.3288165205484894,0.20757873290267964
2012-08-07,0.16797002482505147,0.15928542429956988,0.13634929742420962,0.3288165205484894,0.20757873290267964
2012-08-08,0.16797002482505147,0.15928542429956988,0.13634929742420962,0.3288165205484894,0.20757873290267964
2012-08-09,0.16797002482505147,0.15928542429956988,0.13634929742420962,0.3288165205484894,0.20757873290267964
2012-08-10,0.16797002482505147,0.15928542429956988,0.13634929742420962,0.3288165205484894,0.20757873290267964
2012-08-13,0.16797002482505147,0.15928542429956988,0.13634929742420962,0.3288165205484894,0.20757873290267964
2012-08-14,0.16797002482505147,0.15928542429956988,0.13634929742420962,0.3288165205484894,0.20757873290267964
2012-08-15,0.16797002482505147,0.15928542429956988,0.13634929742420962,0.3288165205484894,0.20757873290267964
2012-08-16,0.16797002482505147,0.15928542429956988,0.13634929742420962,0.3288165205484894,0.20757873290267964
2012-08-17,0.16797002482505147,0.15928542429956988,0.13634929742420962,0.3288165205484894,0.20757873290267964
2012-08-20,0.167354320270137,0.15753846664004933,0.1374346757810033,0.3245352927078207,0.21313724460098957
2012-08-21,0.167354320270137,0.15753846664004933,0.1374346757810033,0.3245352927078207,0.21313724460098957
2012-08-22,0.167354320270137,0.15753846664004933,0.1374346757810033,0.3245352927078207,0.21313724460098957
2012-08-23,0.167354320270137,0.15753846664004933,0.1374346757810033,0.3245352927078207,0.21313724460098957
2012-08-24,0.167354320270137,0.15753846664004933,0.1374346757810033,0.3245352927078207,0.21313724460098957
2012-08-27,0.167354320270137,0.15753846664004933,0.1374346757810033,0.3245352927078207,0.21313724460098957
2012-08-28,0.167354320270137,0.15753846664004933,0.1374346757810033,0.3245352927078207,0.21313724460098957
2012-08-29,0.167354320270137,0.15753846664004933,0.1374346757810033,0.3245352927078207,0.21313724460098957
2012-08-30,0.167354320270137,0.15753846664004933,0.1374346757810033,0.3245352927078207,0.21313724460098957
2012-08-31,0.167354320270137,0.15753846664004933,0.1374346757810033,0.3245352927078207,0.21313724460098957
2012-09-04,0.167354320270137,0.15753846664004933,0.1374346757810033,0.3245352927078207,0.21313724460098957
2012-09-05,0.167354320270137,0.15753846664004933,0.1374346757810033,0.3245352927078207,0.21313724460098957
2012-09-06,0.167354320270137,0.15753846664004933,0.1374346757810033,0.3245352927078207,0.21313724460098957
2012-09-10,0.167354320270137,0.15753846664004933,0.1374346757810033,0.3245352927078207,0.21313724460098957
2012-09-11,0.167354320270137,0.15753846664004933,0.1374346757810033,0.3245352927078207,0.21313724460098957
2012-09-12,0.167354320270137,0.15753846664004933,0.1374346757810033,0.3245352927078207,0.21313724460098957
2012-09-13,0.167354320270137,0.15753846664004933,0.1374346757810033,0.3245352927078207,0.21313724460098957
2012-09-14,0.167354320270137,0.15753846664004933,0.1374346757810033,0.3245352927078207,0.21313724460098957
2012-09-17,0.167354320270137,0.15753846664004933,0.1374346757810033,0.3245352927078207,0.21313724460098957
2012-09-18,0.167354320270137,0.15753846664004933,0.1374346757810033,0.3245352927078207,0.21313724460098957
2012-09-19,0.167354320270137,0.15753846664004933,0.1374346757810033,0.3245352927078207,0.21313724460098957
2012-09-20,0.17041415266041907,0.15835110306757594,0.14091254873870235,0.2891010952679617,0.24122110026534094
2012-09-21,0.17041415266041907,0.15835110306757594,0.14091254873870235,0.2891010952679617,0.24122110026534094
2012-09-24,0.17041415266041907,0.15835110306757594,0.14091254873870235,0.2891010952679617,0.24122110026534094
2012-09-25,0.17041415266041907,0.15835110306757594,0.14091254873870235,0.2891010952679617,0.24122110026534094
2012-09-26,0.17041415266041907,0.15835110306757594,0.14091254873870235,0.2891010952679617,0.24122110026534094
2012-09-27,0.17041415266041907,0.15835110306757594,0.14091254873870235,0.2891010952679617,0.24122110026534094
2012-09-28,0.17041415266041907,0.15835110306757594,0.14091254873870235,0.2891010952679617,0.24122110026534094
2012-10-01,0.17041415266041907,0.15835110306757594,0.14091254873870235,0.2891010952679617,0.24122110026534094
2012-10-02,0.17041415266041907,0.15835110306757594,0.14091254873870235,0.2891010952679617,0.24122110026534094
2012-10-03,0.17041415266041907,0.15835110306757594,0.14091254873870235,0.2891010952679617,0.24122110026534094
2012-10-04,0.17041415266041907,0.15835110306757594,0.14091254873870235,0.2891010952679617,0.24122110026534094
2012-10-05,0.17041415266041907,0.15835110306757594,0.14091254873870235,0.2891010952679617,0.24122110026534094
2012-10-08,0.17041415266041907,0.15835110306757594,0.14091254873870235,0.2891010952679617,0.24122110026534094
2012-10-09,0.17041415266041907,0.15835110306757594,0.14091254873870235,0.2891010952679617,0.24122110026534094
2012-10-10,0.17041415266041907,0.15835110306757594,0.14091254873870235,0.2891010952679617,0.24122110026534094
2012-10-11,0.17041415266041907,0.15835110306757594,0.14091254873870235,0.2891010952679617,0.24122110026534094
2012-10-15,0.17041415266041907,0.15835110306757594,0.14091254873870235,0.2891010952679617,0.24122110026534094
2012-10-16,0.17041415266041907,0.15835110306757594,0.14091254873870235,0.2891010952679617,0.24122110026534094
2012-10-17,0.17041415266041907,0.15835110306757594,0.14091254873870235,0.2891010952679617,0.24122110026534094
2012-10-18,0.17041415266041907,0.15835110306757594,0.14091254873870235,0.2891010952679617,0.24122110026534094
2012-10-19,0.17041415266041907,0.15835110306757594,0.14091254873870235,0.2891010952679617,0.24122110026534094
2012-10-22,0.16597103110112177,0.15474336331684108,0.1370507584369127,0.30139829203640006,0.24083655510872445
2012-10-23,0.16597103110112177,0.15474336331684108,0.1370507584369127,0.30139829203640006,0.24083655510872445
2012-10-24,0.16597103110112177,0.15474336331684108,0.1370507584369127,0.30139829203640006,0.24083655510872445
2012-10-25,0.16597103110112177,0.15474336331684108,0.1370507584369127,0.30139829203640006,0.24083655510872445
2012-10-26,0.16597103110112177,0.15474336331684108,0.1370507584369127,0.30139829203640006,0.24083655510872445
2012-10-31,0.16597103110112177,0.15474336331684108,0.1370507584369127,0.30139829203640006,0.24083655510872445
2012-11-01,0.16597103110112177,0.15474336331684108,0.1370507584369127,0.30139829203640006,0.24083655510872445
2012-11-05,0.16597103110112177,0.15474336331684108,0.1370507584369127,0.30139829203640006,0.24083655510872445
2012-11-06,0.16597103110112177,0.15474336331684108,0.1370507584369127,0.30139829203640006,0.24083655510872445
2012-11-07,0.16597103110112177,0.15474336331684108,0.1370507584369127,0.30139829203640006,0.24083655510872445
2012-11-08,0.16597103110112177,0.15474336331684108,0.1370507584369127,0.30139829203640006,0.24083655510872445
2012-11-09,0.16597103110112177,0.15474336331684108,0.1370507584369127,0.30139829203640006,0.24083655510872445
2012-11-12,0.16597103110112177,0.15474336331684108,0.1370507584369127,0.30139829203640006,0.24083655510872445
2012-11-13,0.16597103110112177,0.15474336331684108,0.1370507584369127,0.30139829203640006,0.24083655510872445
2012-11-14,0.16597103110112177,0.15474336331684108,0.1370507584369127,0.30139829203640006,0.24083655510872445
2012-11-16,0.16597103110112177,0.15474336331684108,0.1370507584369127,0.30139829203640006,0.24083655510872445
2012-11-19,0.16597103110112177,0.15474336331684108,0.1370507584369127,0.30139829203640006,0.24083655510872445
2012-11-21,0.16597103110112177,0.15474336331684108,0.1370507584369127,0.30139829203640006,0.24083655510872445
2012-11-23,0.16597103110112177,0.15474336331684108,0.1370507584369127,0.30139829203640006,0.24083655510872445
2012-11-26,0.16597103110112177,0.15474336331684108,0.1370507584369127,0.30139829203640006,0.24083655510872445
2012-11-27,0.16597103110112177,0.15474336331684108,0.1370507584369127,0.30139829203640006,0.24083655510872445
2012-11-28,0.15765373141862196,0.1479454525538438,0.14217312048424624,0.3041121695835963,0.24811552595969177
2012-11-29,0.15765373141862196,0.1479454525538438,0.14217312048424624,0.3041121695835963,0.24811552595969177
2012-11-30,0.15765373141862196,0.1479454525538438,0.14217312048424624,0.3041121695835963,0.24811552595969177
2012-12-03,0.15765373141862196,0.1479454525538438,0.14217312048424624,0.3041121695835963,0.24811552595969177
2012-12-04,0.15765373141862196,0.1479454525538438,0.14217312048424624,0.3041121695835963,0.24811552595969177
2012-12-05,0.15765373141862196,0.1479454525538438,0.14217312048424624,0.3041121695835963,0.24811552595969177
2012-12-06,0.15765373141862196,0.1479454525538438,0.14217312048424624,0.3041121695835963,0.24811552595969177
2012-12-07,0.15765373141862196,0.1479454525538438,0.14217312048424624,0.3041121695835963,0.24811552595969177
2012-12-10,0.15765373141862196,0.1479454525538438,0.14217312048424624,0.3041121695835963,0.24811552595969177
2012-12-11,0.15765373141862196,0.1479454525538438,0.14217312048424624,0.3041121695835963,0.24811552595969177
2012-12-12,0.15765373141862196,0.1479454525538438,0.14217312048424624,0.3041121695835963,0.24811552595969177
2012-12-13,0.15765373141862196,0.1479454525538438,0.14217312048424624,0.3041121695835963,0.24811552595969177
2012-12-14,0.15765373141862196,0.1479454525538438,0.14217312048424624,0.3041121695835963,0.24811552595969177
2012-12-17,0.15765373141862196,0.1479454525538438,0.14217312048424624,0.3041121695835963,0.24811552595969177
2012-12-18,0.15765373141862196,0.1479454525538438,0.14217312048424624,0.3041121695835963,0.24811552595969177
2012-12-19,0.15765373141862196,0.1479454525538438,0.14217312048424624,0.3041121695835963,0.24811552595969177
2012-12-20,0.15765373141862196,0.1479454525538438,0.14217312048424624,0.3041121695835963,0.24811552595969177
2012-12-21,0.15765373141862196,0.1479454525538438,0.14217312048424624,0.3041121695835963,0.24811552595969177
2012-12-26,0.15765373141862196,0.1479454525538438,0.14217312048424624,0.3041121695835963,0.24811552595969177
2012-12-27,0.15765373141862196,0.1479454525538438,0.14217312048424624,0.3041121695835963,0.24811552595969177
2012-12-28,0.15765373141862196,0.1479454525538438,0.14217312048424624,0.3041121695835963,0.24811552595969177
2013-01-02,0.1556071094129034,0.14663893055471483,0.14636998321815461,0.2977208380268823,0.2536631387873448
2013-01-03,0.1556071094129034,0.14663893055471483,0.14636998321815461,0.2977208380268823,0.2536631387873448
2013-01-04,0.1556071094129034,0.14663893055471483,0.14636998321815461,0.2977208380268823,0.2536631387873448
2013-01-07,0.1556071094129034,0.14663893055471483,0.14636998321815461,0.2977208380268823,0.2536631387873448
2013-01-08,0.1556071094129034,0.14663893055471483,0.14636998321815461,0.2977208380268823,0.2536631387873448
2013-01-09,0.1556071094129034,0.14663893055471483,0.14636998321815461,0.2977208380268823,0.2536631387873448
2013-01-10,0.1556071094129034,0.14663893055471483,0.14636998321815461,0.2977208380268823,0.2536631387873448
2013-01-11,0.1556071094129034,0.14663893055471483,0.14636998321815461,0.2977208380268823,0.2536631387873448
2013-01-14,0.1556071094129034,0.14663893055471483,0.14636998321815461,0.2977208380268823,0.2536631387873448
2013-01-15,0.1556071094129034,0.14663893055471483,0.14636998321815461,0.2977208380268823,0.2536631387873448
2013-01-16,0.1556071094129034,0.14663893055471483,0.14636998321815461,0.2977208380268823,0.2536631387873448
2013-01-17,0.1556071094129034,0.14663893055471483,0.14636998321815461,0.2977208380268823,0.2536631387873448
2013-01-18,0.1556071094129034,0.14663893055471483,0.14636998321815461,0.2977208380268823,0.2536631387873448
2013-01-22,0.1556071094129034,0.14663893055471483,0.14636998321815461,0.2977208380268823,0.2536631387873448
2013-01-23,0.1556071094129034,0.14663893055471483,0.14636998321815461,0.2977208380268823,0.2536631387873448
2013-01-24,0.1556071094129034,0.14663893055471483,0.14636998321815461,0.2977208380268823,0.2536631387873448
2013-01-28,0.1556071094129034,0.14663893055471483,0.14636998321815461,0.2977208380268823,0.2536631387873448
2013-01-29,0.1556071094129034,0.14663893055471483,0.14636998321815461,0.2977208380268823,0.2536631387873448
2013-01-30,0.1556071094129034,0.14663893055471483,0.14636998321815461,0.2977208380268823,0.2536631387873448
2013-01-31,0.1556071094129034,0.14663893055471483,0.14636998321815461,0.2977208380268823,0.2536631387873448
2013-02-01,0.1556071094129034,0.14663893055471483,0.14636998321815461,0.2977208380268823,0.2536631387873448
2013-02-04,0.15543584355718298,0.14639629109258054,0.15014943615100113,0.305243282164064,0.24277514703517136
2013-02-05,0.15543584355718298,0.14639629109258054,0.15014943615100113,0.305243282164064,0.24277514703517136
2013-02-06,0.15543584355718298,0.14639629109258054,0.15014943615100113,0.305243282164064,0.24277514703517136
2013-02-07,0.15543584355718298,0.14639629109258054,0.15014943615100113,0.305243282164064,0.24277514703517136
2013-02-08,0.15543584355718298,0.14639629109258054,0.15014943615100113,0.305243282164064,0.24277514703517136
2013-02-13,0.15543584355718298,0.14639629109258054,0.15014943615100113,0.305243282164064,0.24277514703517136
2013-02-14,0.15543584355718298,0.14639629109258054,0.15014943615100113,0.305243282164064,0.24277514703517136
2013-02-15,0.15543584355718298,0.14639629109258054,0.15014943615100113,0.305243282164064,0.24277514703517136
2013-02-19,0.15543584355718298,0.14639629109258054,0.15014943615100113,0.305243282164064,0.24277514703517136
2013-02-20,0.15543584355718298,0.14639629109258054,0.15014943615100113,0.305243282164064,0.24277514703517136
2013-02-21,0.15543584355718298,0.14639629109258054,0.15014943615100113,0.305243282164064,0.24277514703517136
2013-02-22,0.15543584355718298,0.14639629109258054,0.15014943615100113,0.305243282164064,0.24277514703517136
2013-02-25,0.15543584355718298,0.14639629109258054,0.15014943615100113,0.305243282164064,0.24277514703517136
2013-02-26,0.15543584355718298,0.14639629109258054,0.15014943615100113,0.305243282164064,0.24277514703517136
2013-02-27,0.15543584355718298,0.14639629109258054,0.15014943615100113,0.305243282164064,0.24277514703517136
2013-02-28,0.15543584355718298,0.14639629109258054,0.15014943615100113,0.305243282164064,0.24277514703517136
2013-03-01,0.15543584355718298,0.14639629109258054,0.15014943615100113,0.305243282164064,0.24277514703517136
2013-03-04,0.15543584355718298,0.14639629109258054,0.15014943615100113,0.305243282164064,0.24277514703517136
2013-03-05,0.15543584355718298,0.14639629109258054,0.15014943615100113,0.305243282164064,0.24277514703517136
2013-03-06,0.15543584355718298,0.14639629109258054,0.15014943615100113,0.305243282164064,0.24277514703517136
2013-03-07,0.15543584355718298,0.14639629109258054,0.15014943615100113,0.305243282164064,0.24277514703517136
2013-03-08,0.15802973924571304,0.14833838649117884,0.1530544067267552,0.3004258954530927,0.24015157208326027
2013-03-11,0.15802973924571304,0.14833838649117884,0.1530544067267552,0.3004258954530927,0.24015157208326027
2013-03-12,0.15802973924571304,0.14833838649117884,0.1530544067267552,0.3004258954530927,0.24015157208326027
2013-03-13,0.15802973924571304,0.14833838649117884,0.1530544067267552,0.3004258954530927,0.24015157208326027
2013-03-14,0.15802973924571304,0.14833838649117884,0.1530544067267552,0.3004258954530927,0.24015157208326027
2013-03-15,0.15802973924571304,0.14833838649117884,0.1530544067267552,0.3004258954530927,0.24015157208326027
2013-03-18,0.15802973924571304,0.14833838649117884,0.1530544067267552,0.3004258954530927,0.24015157208326027
2013-03-19,0.15802973924571304,0.14833838649117884,0.1530544067267552,0.3004258954530927,0.24015157208326027
2013-03-20,0.15802973924571304,0.14833838649117884,0.1530544067267552,0.3004258954530927,0.24015157208326027
2013-03-21,0.15802973924571304,0.14833838649117884,0.1530544067267552,0.3004258954530927,0.24015157208326027
2013-03-22,0.15802973924571304,0.14833838649117884,0.1530544067267552,0.3004258954530927,0.24015157208326027
2013-03-25,0.15802973924571304,0.14833838649117884,0.1530544067267552,0.3004258954530927,0.24015157208326027
2013-03-26,0.15802973924571304,0.14833838649117884,0.1530544067267552,0.3004258954530927,0.24015157208326027
2013-03-27,0.15802973924571304,0.14833838649117884,0.1530544067267552,0.3004258954530927,0.24015157208326027
2013-03-28,0.15802973924571304,0.14833838649117884,0.1530544067267552,0.3004258954530927,0.24015157208326027
2013-04-01,0.15802973924571304,0.14833838649117884,0.1530544067267552,0.3004258954530927,0.24015157208326027
2013-04-02,0.15802973924571304,0.14833838649117884,0.1530544067267552,0.3004258954530927,0.24015157208326027
2013-04-03,0.15802973924571304,0.14833838649117884,0.1530544067267552,0.3004258954530927,0.24015157208326027
2013-04-04,0.15802973924571304,0.14833838649117884,0.1530544067267552,0.3004258954530927,0.24015157208326027
2013-04-05,0.15802973924571304,0.14833838649117884,0.1530544067267552,0.3004258954530927,0.24015157208326027
2013-04-08,0.15802973924571304,0.14833838649117884,0.1530544067267552,0.3004258954530927,0.24015157208326027
2013-04-09,0.15416982807928395,0.14448804834045537,0.15333186084203668,0.3115026482722652,0.23650761446595886
2013-04-10,0.15416982807928395,0.14448804834045537,0.15333186084203668,0.3115026482722652,0.23650761446595886
2013-04-11,0.15416982807928395,0.14448804834045537,0.15333186084203668,0.3115026482722652,0.23650761446595886
2013-04-12,0.15416982807928395,0.14448804834045537,0.15333186084203668,0.3115026482722652,0.23650761446595886
2013-04-15,0.15416982807928395,0.14448804834045537,0.15333186084203668,0.3115026482722652,0.23650761446595886
2013-04-16,0.15416982807928395,0.14448804834045537,0.15333186084203668,0.3115026482722652,0.23650761446595886
2013-04-17,0.15416982807928395,0.14448804834045537,0.15333186084203668,0.3115026482722652,0.23650761446595886
2013-04-18,0.15416982807928395,0.14448804834045537,0.15333186084203668,0.3115026482722652,0.23650761446595886
2013-04-19,0.15416982807928395,0.14448804834045537,0.15333186084203668,0.3115026482722652,0.23650761446595886
2013-04-22,0.15416982807928395,0.14448804834045537,0.15333186084203668,0.3115026482722652,0.23650761446595886
2013-04-23,0.15416982807928395,0.14448804834045537,0.15333186084203668,0.3115026482722652,0.23650761446595886
2013-04-24,0.15416982807928395,0.14448804834045537,0.15333186084203668,0.3115026482722652,0.23650761446595886
2013-04-25,0.15416982807928395,0.14448804834045537,0.15333186084203668,0.3115026482722652,0.23650761446595886
2013-04-26,0.15416982807928395,0.14448804834045537,0.15333186084203668,0.3115026482722652,0.23650761446595886
2013-04-29,0.15416982807928395,0.14448804834045537,0.15333186084203668,0.3115026482722652,0.23650761446595886
2013-04-30,0.15416982807928395,0.14448804834045537,0.15333186084203668,0.3115026482722652,0.23650761446595886
2013-05-02,0.15416982807928395,0.14448804834045537,0.15333186084203668,0.3115026482722652,0.23650761446595886
2013-05-03,0.15416982807928395,0.14448804834045537,0.15333186084203668,0.3115026482722652,0.23650761446595886
2013-05-06,0.15416982807928395,0.14448804834045537,0.15333186084203668,0.3115026482722652,0.23650761446595886
2013-05-07,0.15416982807928395,0.14448804834045537,0.15333186084203668,0.3115026482722652,0.23650761446595886
2013-05-08,0.15416982807928395,0.14448804834045537,0.15333186084203668,0.3115026482722652,0.23650761446595886
2013-05-09,0.1651314945910549,0.15363326593335996,0.16335198740021736,0.2634226004768164,0.2544606515985514
2013-05-10,0.1651314945910549,0.15363326593335996,0.16335198740021736,0.2634226004768164,0.2544606515985514
2013-05-13,0.1651314945910549,0.15363326593335996,0.16335198740021736,0.2634226004768164,0.2544606515985514
2013-05-14,0.1651314945910549,0.15363326593335996,0.16335198740021736,0.2634226004768164,0.2544606515985514
2013-05-15,0.1651314945910549,0.15363326593335996,0.16335198740021736,0.2634226004768164,0.2544606515985514
2013-05-16,0.1651314945910549,0.15363326593335996,0.16335198740021736,0.2634226004768164,0.2544606515985514
2013-05-17,0.1651314945910549,0.15363326593335996,0.16335198740021736,0.2634226004768164,0.2544606515985514
2013-05-20,0.1651314945910549,0.15363326593335996,0.16335198740021736,0.2634226004768164,0.2544606515985514
2013-05-21,0.1651314945910549,0.15363326593335996,0.16335198740021736,0.2634226004768164,0.2544606515985514
2013-05-22,0.1651314945910549,0.15363326593335996,0.16335198740021736,0.2634226004768164,0.2544606515985514
2013-05-23,0.1651314945910549,0.15363326593335996,0.16335198740021736,0.2634226004768164,0.2544606515985514
2013-05-24,0.1651314945910549,0.15363326593335996,0.16335198740021736,0.2634226004768164,0.2544606515985514
2013-05-28,0.1651314945910549,0.15363326593335996,0.16335198740021736,0.2634226004768164,0.2544606515985514
2013-05-29,0.1651314945910549,0.15363326593335996,0.16335198740021736,0.2634226004768164,0.2544606515985514
2013-05-31,0.1651314945910549,0.15363326593335996,0.16335198740021736,0.2634226004768164,0.2544606515985514
2013-06-03,0.1651314945910549,0.15363326593335996,0.16335198740021736,0.2634226004768164,0.2544606515985514
2013-06-04,0.1651314945910549,0.15363326593335996,0.16335198740021736,0.2634226004768164,0.2544606515985514
2013-06-05,0.1651314945910549,0.15363326593335996,0.16335198740021736,0.2634226004768164,0.2544606515985514
2013-06-06,0.1651314945910549,0.15363326593335996,0.16335198740021736,0.2634226004768164,0.2544606515985514
2013-06-07,0.1651314945910549,0.15363326593335996,0.16335198740021736,0.2634226004768164,0.2544606515985514
2013-06-10,0.1651314945910549,0.15363326593335996,0.16335198740021736,0.2634226004768164,0.2544606515985514
2013-06-11,0.16673403202947965,0.15551954490389494,0.1654630874885261,0.2547014878835558,0.2575818476945436
2013-06-12,0.16673403202947965,0.15551954490389494,0.1654630874885261,0.2547014878835558,0.2575818476945436
2013-06-13,0.16673403202947965,0.15551954490389494,0.1654630874885261,0.2547014878835558,0.2575818476945436
2013-06-14,0.16673403202947965,0.15551954490389494,0.1654630874885261,0.2547014878835558,0.2575818476945436
2013-06-17,0.16673403202947965,0.15551954490389494,0.1654630874885261,0.2547014878835558,0.2575818476945436
2013-06-18,0.16673403202947965,0.15551954490389494,0.1654630874885261,0.2547014878835558,0.2575818476945436
2013-06-19,0.16673403202947965,0.15551954490389494,0.1654630874885261,0.2547014878835558,0.2575818476945436
2013-06-20,0.16673403202947965,0.15551954490389494,0.1654630874885261,0.2547014878835558,0.2575818476945436
2013-06-21,0.16673403202947965,0.15551954490389494,0.1654630874885261,0.2547014878835558,0.2575818476945436
2013-06-24,0.16673403202947965,0.15551954490389494,0.1654630874885261,0.2547014878835558,0.2575818476945436
2013-06-25,0.16673403202947965,0.15551954490389494,0.1654630874885261,0.2547014878835558,0.2575818476945436
2013-06-26,0.16673403202947965,0.15551954490389494,0.1654630874885261,0.2547014878835558,0.2575818476945436
2013-06-27,0.16673403202947965,0.15551954490389494,0.1654630874885261,0.2547014878835558,0.2575818476945436
2013-06-28,0.16673403202947965,0.15551954490389494,0.1654630874885261,0.2547014878835558,0.2575818476945436
2013-07-01,0.16673403202947965,0.15551954490389494,0.1654630874885261,0.2547014878835558,0.2575818476945436
2013-07-02,0.16673403202947965,0.15551954490389494,0.1654630874885261,0.2547014878835558,0.2575818476945436
2013-07-03,0.16673403202947965,0.15551954490389494,0.1654630874885261,0.2547014878835558,0.2575818476945436
2013-07-05,0.16673403202947965,0.15551954490389494,0.1654630874885261,0.2547014878835558,0.2575818476945436
2013-07-08,0.16673403202947965,0.15551954490389494,0.1654630874885261,0.2547014878835558,0.2575818476945436
2013-07-10,0.16673403202947965,0.15551954490389494,0.1654630874885261,0.2547014878835558,0.2575818476945436
2013-07-11,0.16673403202947965,0.15551954490389494,0.1654630874885261,0.2547014878835558,0.2575818476945436
2013-07-12,0.167039485103683,0.15563996484704215,0.16741358139418927,0.23751598928382586,0.2723909793712598
2013-07-15,0.167039485103683,0.15563996484704215,0.16741358139418927,0.23751598928382586,0.2723909793712598
2013-07-16,0.167039485103683,0.15563996484704215,0.16741358139418927,0.23751598928382586,0.2723909793712598
2013-07-17,0.167039485103683,0.15563996484704215,0.16741358139418927,0.23751598928382586,0.2723909793712598
2013-07-18,0.167039485103683,0.15563996484704215,0.16741358139418927,0.23751598928382586,0.2723909793712598
2013-07-19,0.167039485103683,0.15563996484704215,0.16741358139418927,0.23751598928382586,0.2723909793712598
2013-07-22,0.167039485103683,0.15563996484704215,0.16741358139418927,0.23751598928382586,0.2723909793712598
2013-07-23,0.167039485103683,0.15563996484704215,0.16741358139418927,0.23751598928382586,0.2723909793712598
2013-07-24,0.167039485103683,0.15563996484704215,0.16741358139418927,0.23751598928382586,0.2723909793712598
2013-07-25,0.167039485103683,0.15563996484704215,0.16741358139418927,0.23751598928382586,0.2723909793712598
2013-07-26,0.167039485103683,0.15563996484704215,0.16741358139418927,0.23751598928382586,0.2723909793712598
2013-07-29,0.167039485103683,0.15563996484704215,0.16741358139418927,0.23751598928382586,0.2723909793712598
2013-07-30,0.167039485103683,0.15563996484704215,0.16741358139418927,0.23751598928382586,0.2723909793712598
2013-07-31,0.167039485103683,0.15563996484704215,0.16741358139418927,0.23751598928382586,0.2723909793712598
2013-08-01,0.167039485103683,0.15563996484704215,0.16741358139418927,0.23751598928382586,0.2723909793712598
2013-08-02,0.167039485103683,0.15563996484704215,0.16741358139418927,0.23751598928382586,0.2723909793712598
2013-08-05,0.167039485103683,0.15563996484704215,0.16741358139418927,0.23751598928382586,0.2723909793712598
2013-08-06,0.167039485103683,0.15563996484704215,0.16741358139418927,0.23751598928382586,0.2723909793712598
2013-08-07,0.167039485103683,0.15563996484704215,0.16741358139418927,0.23751598928382586,0.2723909793712598
2013-08-08,0.167039485103683,0.15563996484704215,0.16741358139418927,0.23751598928382586,0.2723909793712598
2013-08-09,0.167039485103683,0.15563996484704215,0.16741358139418927,0.23751598928382586,0.2723909793712598
2013-08-12,0.16934121139669944,0.15428754872560024,0.16621242534164338,0.2297897434757703,0.28036907106028675
2013-08-13,0.16934121139669944,0.15428754872560024,0.16621242534164338,0.2297897434757703,0.28036907106028675
2013-08-14,0.16934121139669944,0.15428754872560024,0.16621242534164338,0.2297897434757703,0.28036907106028675
2013-08-15,0.16934121139669944,0.15428754872560024,0.16621242534164338,0.2297897434757703,0.28036907106028675
2013-08-16,0.16934121139669944,0.15428754872560024,0.16621242534164338,0.2297897434757703,0.28036907106028675
2013-08-19,0.16934121139669944,0.15428754872560024,0.16621242534164338,0.2297897434757703,0.28036907106028675
2013-08-20,0.16934121139669944,0.15428754872560024,0.16621242534164338,0.2297897434757703,0.28036907106028675
2013-08-21,0.16934121139669944,0.15428754872560024,0.16621242534164338,0.2297897434757703,0.28036907106028675
2013-08-22,0.16934121139669944,0.15428754872560024,0.16621242534164338,0.2297897434757703,0.28036907106028675
2013-08-23,0.16934121139669944,0.15428754872560024,0.16621242534164338,0.2297897434757703,0.28036907106028675
2013-08-26,0.16934121139669944,0.15428754872560024,0.16621242534164338,0.2297897434757703,0.28036907106028675
2013-08-27,0.16934121139669944,0.15428754872560024,0.16621242534164338,0.2297897434757703,0.28036907106028675
2013-08-28,0.16934121139669944,0.15428754872560024,0.16621242534164338,0.2297897434757703,0.28036907106028675
2013-08-29,0.16934121139669944,0.15428754872560024,0.16621242534164338,0.2297897434757703,0.28036907106028675
2013-08-30,0.16934121139669944,0.15428754872560024,0.16621242534164338,0.2297897434757703,0.28036907106028675
2013-09-03,0.16934121139669944,0.15428754872560024,0.16621242534164338,0.2297897434757703,0.28036907106028675
2013-09-04,0.16934121139669944,0.15428754872560024,0.16621242534164338,0.2297897434757703,0.28036907106028675
2013-09-05,0.16934121139669944,0.15428754872560024,0.16621242534164338,0.2297897434757703,0.28036907106028675
2013-09-06,0.16934121139669944,0.15428754872560024,0.16621242534164338,0.2297897434757703,0.28036907106028675
2013-09-09,0.16934121139669944,0.15428754872560024,0.16621242534164338,0.2297897434757703,0.28036907106028675
2013-09-10,0.16934121139669944,0.15428754872560024,0.16621242534164338,0.2297897434757703,0.28036907106028675
2013-09-11,0.1804793669898503,0.16263836448714325,0.16736547343422573,0.21529817835703824,0.2742186167317426
2013-09-12,0.1804793669898503,0.16263836448714325,0.16736547343422573,0.21529817835703824,0.2742186167317426
2013-09-13,0.1804793669898503,0.16263836448714325,0.16736547343422573,0.21529817835703824,0.2742186167317426
2013-09-16,0.1804793669898503,0.16263836448714325,0.16736547343422573,0.21529817835703824,0.2742186167317426
2013-09-17,0.1804793669898503,0.16263836448714325,0.16736547343422573,0.21529817835703824,0.2742186167317426
2013-09-18,0.1804793669898503,0.16263836448714325,0.16736547343422573,0.21529817835703824,0.2742186167317426
2013-09-19,0.1804793669898503,0.16263836448714325,0.16736547343422573,0.21529817835703824,0.2742186167317426
2013-09-20,0.1804793669898503,0.16263836448714325,0.16736547343422573,0.21529817835703824,0.2742186167317426
2013-09-23,0.1804793669898503,0.16263836448714325,0.16736547343422573,0.21529817835703824,0.2742186167317426
2013-09-24,0.1804793669898503,0.16263836448714325,0.16736547343422573,0.21529817835703824,0.2742186167317426
2013-09-25,0.1804793669898503,0.16263836448714325,0.16736547343422573,0.21529817835703824,0.2742186167317426
2013-09-26,0.1804793669898503,0.16263836448714325,0.16736547343422573,0.21529817835703824,0.2742186167317426
2013-09-27,0.1804793669898503,0.16263836448714325,0.16736547343422573,0.21529817835703824,0.2742186167317426
2013-09-30,0.1804793669898503,0.16263836448714325,0.16736547343422573,0.21529817835703824,0.2742186167317426
2013-10-01,0.1804793669898503,0.16263836448714325,0.16736547343422573,0.21529817835703824,0.2742186167317426
2013-10-02,0.1804793669898503,0.16263836448714325,0.16736547343422573,0.21529817835703824,0.2742186167317426
2013-10-03,0.1804793669898503,0.16263836448714325,0.16736547343422573,0.21529817835703824,0.2742186167317426
2013-10-04,0.1804793669898503,0.16263836448714325,0.16736547343422573,0.21529817835703824,0.2742186167317426
2013-10-07,0.1804793669898503,0.16263836448714325,0.16736547343422573,0.21529817835703824,0.2742186167317426
2013-10-08,0.1804793669898503,0.16263836448714325,0.16736547343422573,0.21529817835703824,0.2742186167317426
2013-10-09,0.1804793669898503,0.16263836448714325,0.16736547343422573,0.21529817835703824,0.2742186167317426
2013-10-10,0.18736881167133876,0.16852962563333537,0.1676414347351129,0.20235007113837358,0.2741100568218394
2013-10-11,0.18736881167133876,0.16852962563333537,0.1676414347351129,0.20235007113837358,0.2741100568218394
2013-10-14,0.18736881167133876,0.16852962563333537,0.1676414347351129,0.20235007113837358,0.2741100568218394
2013-10-15,0.18736881167133876,0.16852962563333537,0.1676414347351129,0.20235007113837358,0.2741100568218394
2013-10-16,0.18736881167133876,0.16852962563333537,0.1676414347351129,0.20235007113837358,0.2741100568218394
2013-10-17,0.18736881167133876,0.16852962563333537,0.1676414347351129,0.20235007113837358,0.2741100568218394
2013-10-18,0.18736881167133876,0.16852962563333537,0.1676414347351129,0.20235007113837358,0.2741100568218394
2013-10-21,0.18736881167133876,0.16852962563333537,0.1676414347351129,0.20235007113837358,0.2741100568218394
2013-10-22,0.18736881167133876,0.16852962563333537,0.1676414347351129,0.20235007113837358,0.2741100568218394
2013-10-23,0.18736881167133876,0.16852962563333537,0.1676414347351129,0.20235007113837358,0.2741100568218394
2013-10-24,0.18736881167133876,0.16852962563333537,0.1676414347351129,0.20235007113837358,0.2741100568218394
2013-10-25,0.18736881167133876,0.16852962563333537,0.1676414347351129,0.20235007113837358,0.2741100568218394
2013-10-28,0.18736881167133876,0.16852962563333537,0.1676414347351129,0.20235007113837358,0.2741100568218394
2013-10-29,0.18736881167133876,0.16852962563333537,0.1676414347351129,0.20235007113837358,0.2741100568218394
2013-10-30,0.18736881167133876,0.16852962563333537,0.1676414347351129,0.20235007113837358,0.2741100568218394
2013-10-31,0.18736881167133876,0.16852962563333537,0.1676414347351129,0.20235007113837358,0.2741100568218394
2013-11-01,0.18736881167133876,0.16852962563333537,0.1676414347351129,0.20235007113837358,0.2741100568218394
2013-11-04,0.18736881167133876,0.16852962563333537,0.1676414347351129,0.20235007113837358,0.2741100568218394
2013-11-05,0.18736881167133876,0.16852962563333537,0.1676414347351129,0.20235007113837358,0.2741100568218394
2013-11-06,0.18736881167133876,0.16852962563333537,0.1676414347351129,0.20235007113837358,0.2741100568218394
2013-11-07,0.18736881167133876,0.16852962563333537,0.1676414347351129,0.20235007113837358,0.2741100568218394
2013-11-08,0.19037236283553488,0.1693500901658154,0.1661389735397665,0.19905895790107891,0.2750796155578043
2013-11-11,0.19037236283553488,0.1693500901658154,0.1661389735397665,0.19905895790107891,0.2750796155578043
2013-11-12,0.19037236283553488,0.1693500901658154,0.1661389735397665,0.19905895790107891,0.2750796155578043
2013-11-13,0.19037236283553488,0.1693500901658154,0.1661389735397665,0.19905895790107891,0.2750796155578043
2013-11-14,0.19037236283553488,0.1693500901658154,0.1661389735397665,0.19905895790107891,0.2750796155578043
2013-11-18,0.19037236283553488,0.1693500901658154,0.1661389735397665,0.19905895790107891,0.2750796155578043
2013-11-19,0.19037236283553488,0.1693500901658154,0.1661389735397665,0.19905895790107891,0.2750796155578043
2013-11-21,0.19037236283553488,0.1693500901658154,0.1661389735397665,0.19905895790107891,0.2750796155578043
2013-11-22,0.19037236283553488,0.1693500901658154,0.1661389735397665,0.19905895790107891,0.2750796155578043
2013-11-25,0.19037236283553488,0.1693500901658154,0.1661389735397665,0.19905895790107891,0.2750796155578043
2013-11-26,0.19037236283553488,0.1693500901658154,0.1661389735397665,0.19905895790107891,0.2750796155578043
2013-11-27,0.19037236283553488,0.1693500901658154,0.1661389735397665,0.19905895790107891,0.2750796155578043
2013-11-29,0.19037236283553488,0.1693500901658154,0.1661389735397665,0.19905895790107891,0.2750796155578043
2013-12-02,0.19037236283553488,0.1693500901658154,0.1661389735397665,0.19905895790107891,0.2750796155578043
2013-12-03,0.19037236283553488,0.1693500901658154,0.1661389735397665,0.19905895790107891,0.2750796155578043
2013-12-04,0.19037236283553488,0.1693500901658154,0.1661389735397665,0.19905895790107891,0.2750796155578043
2013-12-05,0.19037236283553488,0.1693500901658154,0.1661389735397665,0.19905895790107891,0.2750796155578043
2013-12-06,0.19037236283553488,0.1693500901658154,0.1661389735397665,0.19905895790107891,0.2750796155578043
2013-12-09,0.19037236283553488,0.1693500901658154,0.1661389735397665,0.19905895790107891,0.2750796155578043
2013-12-10,0.19037236283553488,0.1693500901658154,0.1661389735397665,0.19905895790107891,0.2750796155578043
2013-12-11,0.19037236283553488,0.1693500901658154,0.1661389735397665,0.19905895790107891,0.2750796155578043
2013-12-12,0.19043490729500306,0.16942080453805036,0.16096536739881576,0.19309951576325254,0.2860794050048783
2013-12-13,0.19043490729500306,0.16942080453805036,0.16096536739881576,0.19309951576325254,0.2860794050048783
2013-12-16,0.19043490729500306,0.16942080453805036,0.16096536739881576,0.19309951576325254,0.2860794050048783
2013-12-17,0.19043490729500306,0.16942080453805036,0.16096536739881576,0.19309951576325254,0.2860794050048783
2013-12-18,0.19043490729500306,0.16942080453805036,0.16096536739881576,0.19309951576325254,0.2860794050048783
2013-12-19,0.19043490729500306,0.16942080453805036,0.16096536739881576,0.19309951576325254,0.2860794050048783
2013-12-20,0.19043490729500306,0.16942080453805036,0.16096536739881576,0.19309951576325254,0.2860794050048783
2013-12-23,0.19043490729500306,0.16942080453805036,0.16096536739881576,0.19309951576325254,0.2860794050048783
2013-12-26,0.19043490729500306,0.16942080453805036,0.16096536739881576,0.19309951576325254,0.2860794050048783
2013-12-27,0.19043490729500306,0.16942080453805036,0.16096536739881576,0.19309951576325254,0.2860794050048783
2013-12-30,0.19043490729500306,0.16942080453805036,0.16096536739881576,0.19309951576325254,0.2860794050048783
2014-01-02,0.19043490729500306,0.16942080453805036,0.16096536739881576,0.19309951576325254,0.2860794050048783
2014-01-03,0.19043490729500306,0.16942080453805036,0.16096536739881576,0.19309951576325254,0.2860794050048783
2014-01-06,0.19043490729500306,0.16942080453805036,0.16096536739881576,0.19309951576325254,0.2860794050048783
2014-01-07,0.19043490729500306,0.16942080453805036,0.16096536739881576,0.19309951576325254,0.2860794050048783
2014-01-08,0.19043490729500306,0.16942080453805036,0.16096536739881576,0.19309951576325254,0.2860794050048783
2014-01-09,0.19043490729500306,0.16942080453805036,0.16096536739881576,0.19309951576325254,0.2860794050048783
2014-01-10,0.19043490729500306,0.16942080453805036,0.16096536739881576,0.19309951576325254,0.2860794050048783
2014-01-13,0.19043490729500306,0.16942080453805036,0.16096536739881576,0.19309951576325254,0.2860794050048783
2014-01-14,0.19043490729500306,0.16942080453805036,0.16096536739881576,0.19309951576325254,0.2860794050048783
2014-01-15,0.19043490729500306,0.16942080453805036,0.16096536739881576,0.19309951576325254,0.2860794050048783
2014-01-16,0.1932400530627224,0.17236144320772337,0.1600128391163439,0.19225806748129481,0.2821275971319155
2014-01-17,0.1932400530627224,0.17236144320772337,0.1600128391163439,0.19225806748129481,0.2821275971319155
2014-01-21,0.1932400530627224,0.17236144320772337,0.1600128391163439,0.19225806748129481,0.2821275971319155
2014-01-22,0.1932400530627224,0.17236144320772337,0.1600128391163439,0.19225806748129481,0.2821275971319155
2014-01-23,0.1932400530627224,0.17236144320772337,0.1600128391163439,0.19225806748129481,0.2821275971319155
2014-01-24,0.1932400530627224,0.17236144320772337,0.1600128391163439,0.19225806748129481,0.2821275971319155
2014-01-27,0.1932400530627224,0.17236144320772337,0.1600128391163439,0.19225806748129481,0.2821275971319155
2014-01-28,0.1932400530627224,0.17236144320772337,0.1600128391163439,0.19225806748129481,0.2821275971319155
2014-01-29,0.1932400530627224,0.17236144320772337,0.1600128391163439,0.19225806748129481,0.2821275971319155
2014-01-30,0.1932400530627224,0.17236144320772337,0.1600128391163439,0.19225806748129481,0.2821275971319155
2014-01-31,0.1932400530627224,0.17236144320772337,0.1600128391163439,0.19225806748129481,0.2821275971319155
2014-02-03,0.1932400530627224,0.17236144320772337,0.1600128391163439,0.19225806748129481,0.2821275971319155
2014-02-04,0.1932400530627224,0.17236144320772337,0.1600128391163439,0.19225806748129481,0.2821275971319155
2014-02-05,0.1932400530627224,0.17236144320772337,0.1600128391163439,0.19225806748129481,0.2821275971319155
2014-02-06,0.1932400530627224,0.17236144320772337,0.1600128391163439,0.19225806748129481,0.2821275971319155
2014-02-07,0.1932400530627224,0.17236144320772337,0.1600128391163439,0.19225806748129481,0.2821275971319155
2014-02-10,0.1932400530627224,0.17236144320772337,0.1600128391163439,0.19225806748129481,0.2821275971319155
2014-02-11,0.1932400530627224,0.17236144320772337,0.1600128391163439,0.19225806748129481,0.2821275971319155
2014-02-12,0.1932400530627224,0.17236144320772337,0.1600128391163439,0.19225806748129481,0.2821275971319155
2014-02-13,0.1932400530627224,0.17236144320772337,0.1600128391163439,0.19225806748129481,0.2821275971319155
2014-02-14,0.1932400530627224,0.17236144320772337,0.1600128391163439,0.19225806748129481,0.2821275971319155
2014-02-18,0.19089810841363322,0.17246307408614162,0.154931717461849,0.19799898342709774,0.2837081166112784
2014-02-19,0.19089810841363322,0.17246307408614162,0.154931717461849,0.19799898342709774,0.2837081166112784
2014-02-20,0.19089810841363322,0.17246307408614162,0.154931717461849,0.19799898342709774,0.2837081166112784
2014-02-21,0.19089810841363322,0.17246307408614162,0.154931717461849,0.19799898342709774,0.2837081166112784
2014-02-24,0.19089810841363322,0.17246307408614162,0.154931717461849,0.19799898342709774,0.2837081166112784
2014-02-25,0.19089810841363322,0.17246307408614162,0.154931717461849,0.19799898342709774,0.2837081166112784
2014-02-26,0.19089810841363322,0.17246307408614162,0.154931717461849,0.19799898342709774,0.2837081166112784
2014-02-27,0.19089810841363322,0.17246307408614162,0.154931717461849,0.19799898342709774,0.2837081166112784
2014-02-28,0.19089810841363322,0.17246307408614162,0.154931717461849,0.19799898342709774,0.2837081166112784
2014-03-05,0.19089810841363322,0.17246307408614162,0.154931717461849,0.19799898342709774,0.2837081166112784
2014-03-06,0.19089810841363322,0.17246307408614162,0.154931717461849,0.19799898342709774,0.2837081166112784
2014-03-07,0.19089810841363322,0.17246307408614162,0.154931717461849,0.19799898342709774,0.2837081166112784
2014-03-10,0.19089810841363322,0.17246307408614162,0.154931717461849,0.19799898342709774,0.2837081166112784
2014-03-11,0.19089810841363322,0.17246307408614162,0.154931717461849,0.19799898342709774,0.2837081166112784
2014-03-12,0.19089810841363322,0.17246307408614162,0.154931717461849,0.19799898342709774,0.2837081166112784
2014-03-13,0.19089810841363322,0.17246307408614162,0.154931717461849,0.19799898342709774,0.2837081166112784
2014-03-14,0.19089810841363322,0.17246307408614162,0.154931717461849,0.19799898342709774,0.2837081166112784
2014-03-17,0.19089810841363322,0.17246307408614162,0.154931717461849,0.19799898342709774,0.2837081166112784
2014-03-18,0.19089810841363322,0.17246307408614162,0.154931717461849,0.19799898342709774,0.2837081166112784
2014-03-19,0.19089810841363322,0.17246307408614162,0.154931717461849,0.19799898342709774,0.2837081166112784
2014-03-20,0.19089810841363322,0.17246307408614162,0.154931717461849,0.19799898342709774,0.2837081166112784
2014-03-21,0.1892400835545732,0.17149061327448223,0.15084856739837604,0.20113314820788303,0.28728758756468553
2014-03-24,0.1892400835545732,0.17149061327448223,0.15084856739837604,0.20113314820788303,0.28728758756468553
2014-03-25,0.1892400835545732,0.17149061327448223,0.15084856739837604,0.20113314820788303,0.28728758756468553
2014-03-26,0.1892400835545732,0.17149061327448223,0.15084856739837604,0.20113314820788303,0.28728758756468553
2014-03-27,0.1892400835545732,0.17149061327448223,0.15084856739837604,0.20113314820788303,0.28728758756468553
2014-03-28,0.1892400835545732,0.17149061327448223,0.15084856739837604,0.20113314820788303,0.28728758756468553
2014-03-31,0.1892400835545732,0.17149061327448223,0.15084856739837604,0.20113314820788303,0.28728758756468553
2014-04-01,0.1892400835545732,0.17149061327448223,0.15084856739837604,0.20113314820788303,0.28728758756468553
2014-04-02,0.1892400835545732,0.17149061327448223,0.15084856739837604,0.20113314820788303,0.28728758756468553
2014-04-03,0.1892400835545732,0.17149061327448223,0.15084856739837604,0.20113314820788303,0.28728758756468553
2014-04-04,0.1892400835545732,0.17149061327448223,0.15084856739837604,0.20113314820788303,0.28728758756468553
2014-04-07,0.1892400835545732,0.17149061327448223,0.15084856739837604,0.20113314820788303,0.28728758756468553
2014-04-08,0.1892400835545732,0.17149061327448223,0.15084856739837604,0.20113314820788303,0.28728758756468553
2014-04-09,0.1892400835545732,0.17149061327448223,0.15084856739837604,0.20113314820788303,0.28728758756468553
2014-04-10,0.1892400835545732,0.17149061327448223,0.15084856739837604,0.20113314820788303,0.28728758756468553
2014-04-11,0.1892400835545732,0.17149061327448223,0.15084856739837604,0.20113314820788303,0.28728758756468553
2014-04-14,0.1892400835545732,0.17149061327448223,0.15084856739837604,0.20113314820788303,0.28728758756468553
2014-04-15,0.1892400835545732,0.17149061327448223,0.15084856739837604,0.20113314820788303,0.28728758756468553
2014-04-16,0.1892400835545732,0.17149061327448223,0.15084856739837604,0.20113314820788303,0.28728758756468553
2014-04-17,0.1892400835545732,0.17149061327448223,0.15084856739837604,0.20113314820788303,0.28728758756468553
2014-04-22,0.1892400835545732,0.17149061327448223,0.15084856739837604,0.20113314820788303,0.28728758756468553
2014-04-23,0.18815285046900926,0.17137802155734386,0.14860803240387285,0.2067404967753705,0.2851205987944036
2014-04-24,0.18815285046900926,0.17137802155734386,0.14860803240387285,0.2067404967753705,0.2851205987944036
2014-04-25,0.18815285046900926,0.17137802155734386,0.14860803240387285,0.2067404967753705,0.2851205987944036
2014-04-28,0.18815285046900926,0.17137802155734386,0.14860803240387285,0.2067404967753705,0.2851205987944036
2014-04-29,0.18815285046900926,0.17137802155734386,0.14860803240387285,0.2067404967753705,0.2851205987944036
2014-04-30,0.18815285046900926,0.17137802155734386,0.14860803240387285,0.2067404967753705,0.2851205987944036
2014-05-02,0.18815285046900926,0.17137802155734386,0.14860803240387285,0.2067404967753705,0.2851205987944036
2014-05-05,0.18815285046900926,0.17137802155734386,0.14860803240387285,0.2067404967753705,0.2851205987944036
2014-05-06,0.18815285046900926,0.17137802155734386,0.14860803240387285,0.2067404967753705,0.2851205987944036
2014-05-07,0.18815285046900926,0.17137802155734386,0.14860803240387285,0.2067404967753705,0.2851205987944036
2014-05-08,0.18815285046900926,0.17137802155734386,0.14860803240387285,0.2067404967753705,0.2851205987944036
2014-05-09,0.18815285046900926,0.17137802155734386,0.14860803240387285,0.2067404967753705,0.2851205987944036
2014-05-12,0.18815285046900926,0.17137802155734386,0.14860803240387285,0.2067404967753705,0.2851205987944036
2014-05-13,0.18815285046900926,0.17137802155734386,0.14860803240387285,0.2067404967753705,0.2851205987944036
2014-05-14,0.18815285046900926,0.17137802155734386,0.14860803240387285,0.2067404967753705,0.2851205987944036
2014-05-15,0.18815285046900926,0.17137802155734386,0.14860803240387285,0.2067404967753705,0.2851205987944036
2014-05-16,0.18815285046900926,0.17137802155734386,0.14860803240387285,0.2067404967753705,0.2851205987944036
2014-05-19,0.18815285046900926,0.17137802155734386,0.14860803240387285,0.2067404967753705,0.2851205987944036
2014-05-20,0.18815285046900926,0.17137802155734386,0.14860803240387285,0.2067404967753705,0.2851205987944036
2014-05-21,0.18815285046900926,0.17137802155734386,0.14860803240387285,0.2067404967753705,0.2851205987944036
2014-05-22,0.18815285046900926,0.17137802155734386,0.14860803240387285,0.2067404967753705,0.2851205987944036
2014-05-23,0.18527165833011452,0.1667553300520491,0.14139831464153352,0.22716205901564693,0.27941263796065596
2014-05-27,0.18527165833011452,0.1667553300520491,0.14139831464153352,0.22716205901564693,0.27941263796065596
2014-05-28,0.18527165833011452,0.1667553300520491,0.14139831464153352,0.22716205901564693,0.27941263796065596
2014-05-29,0.18527165833011452,0.1667553300520491,0.14139831464153352,0.22716205901564693,0.27941263796065596
2014-05-30,0.18527165833011452,0.1667553300520491,0.14139831464153352,0.22716205901564693,0.27941263796065596
2014-06-02,0.18527165833011452,0.1667553300520491,0.14139831464153352,0.22716205901564693,0.27941263796065596
2014-06-03,0.18527165833011452,0.1667553300520491,0.14139831464153352,0.22716205901564693,0.27941263796065596
2014-06-04,0.18527165833011452,0.1667553300520491,0.14139831464153352,0.22716205901564693,0.27941263796065596
2014-06-05,0.18527165833011452,0.1667553300520491,0.14139831464153352,0.22716205901564693,0.27941263796065596
2014-06-06,0.18527165833011452,0.1667553300520491,0.14139831464153352,0.22716205901564693,0.27941263796065596
2014-06-09,0.18527165833011452,0.1667553300520491,0.14139831464153352,0.22716205901564693,0.27941263796065596
2014-06-10,0.18527165833011452,0.1667553300520491,0.14139831464153352,0.22716205901564693,0.27941263796065596
2014-06-11,0.18527165833011452,0.1667553300520491,0.14139831464153352,0.22716205901564693,0.27941263796065596
2014-06-13,0.18527165833011452,0.1667553300520491,0.14139831464153352,0.22716205901564693,0.27941263796065596
2014-06-16,0.18527165833011452,0.1667553300520491,0.14139831464153352,0.22716205901564693,0.27941263796065596
2014-06-17,0.18527165833011452,0.1667553300520491,0.14139831464153352,0.22716205901564693,0.27941263796065596
2014-06-18,0.18527165833011452,0.1667553300520491,0.14139831464153352,0.22716205901564693,0.27941263796065596
2014-06-20,0.18527165833011452,0.1667553300520491,0.14139831464153352,0.22716205901564693,0.27941263796065596
2014-06-23,0.18527165833011452,0.1667553300520491,0.14139831464153352,0.22716205901564693,0.27941263796065596
2014-06-24,0.18527165833011452,0.1667553300520491,0.14139831464153352,0.22716205901564693,0.27941263796065596
2014-06-25,0.18527165833011452,0.1667553300520491,0.14139831464153352,0.22716205901564693,0.27941263796065596
2014-06-26,0.18119119642179438,0.16443207041979963,0.13908383358832951,0.23220834798523007,0.28308455158484647
2014-06-27,0.18119119642179438,0.16443207041979963,0.13908383358832951,0.23220834798523007,0.28308455158484647
2014-06-30,0.18119119642179438,0.16443207041979963,0.13908383358832951,0.23220834798523007,0.28308455158484647
2014-07-01,0.18119119642179438,0.16443207041979963,0.13908383358832951,0.23220834798523007,0.28308455158484647
2014-07-02,0.18119119642179438,0.16443207041979963,0.13908383358832951,0.23220834798523007,0.28308455158484647
2014-07-03,0.18119119642179438,0.16443207041979963,0.13908383358832951,0.23220834798523007,0.28308455158484647
2014-07-07,0.18119119642179438,0.16443207041979963,0.13908383358832951,0.23220834798523007,0.28308455158484647
2014-07-08,0.18119119642179438,0.16443207041979963,0.13908383358832951,0.23220834798523007,0.28308455158484647
2014-07-10,0.18119119642179438,0.16443207041979963,0.13908383358832951,0.23220834798523007,0.28308455158484647
2014-07-11,0.18119119642179438,0.16443207041979963,0.13908383358832951,0.23220834798523007,0.28308455158484647
2014-07-14,0.18119119642179438,0.16443207041979963,0.13908383358832951,0.23220834798523007,0.28308455158484647
2014-07-15,0.18119119642179438,0.16443207041979963,0.13908383358832951,0.23220834798523007,0.28308455158484647
2014-07-16,0.18119119642179438,0.16443207041979963,0.13908383358832951,0.23220834798523007,0.28308455158484647
2014-07-17,0.18119119642179438,0.16443207041979963,0.13908383358832951,0.23220834798523007,0.28308455158484647
2014-07-18,0.18119119642179438,0.16443207041979963,0.13908383358832951,0.23220834798523007,0.28308455158484647
2014-07-21,0.18119119642179438,0.16443207041979963,0.13908383358832951,0.23220834798523007,0.28308455158484647
2014-07-22,0.18119119642179438,0.16443207041979963,0.13908383358832951,0.23220834798523007,0.28308455158484647
2014-07-23,0.18119119642179438,0.16443207041979963,0.13908383358832951,0.23220834798523007,0.28308455158484647
2014-07-24,0.18119119642179438,0.16443207041979963,0.13908383358832951,0.23220834798523007,0.28308455158484647
2014-07-25,0.18119119642179438,0.16443207041979963,0.13908383358832951,0.23220834798523007,0.28308455158484647
2014-07-28,0.18119119642179438,0.16443207041979963,0.13908383358832951,0.23220834798523007,0.28308455158484647
2014-07-29,0.18159781412482343,0.16377447164778008,0.1346155283034658,0.23746025452965683,0.2825519313942739
2014-07-30,0.18159781412482343,0.16377447164778008,0.1346155283034658,0.23746025452965683,0.2825519313942739
2014-07-31,0.18159781412482343,0.16377447164778008,0.1346155283034658,0.23746025452965683,0.2825519313942739
2014-08-01,0.18159781412482343,0.16377447164778008,0.1346155283034658,0.23746025452965683,0.2825519313942739
2014-08-04,0.18159781412482343,0.16377447164778008,0.1346155283034658,0.23746025452965683,0.2825519313942739
2014-08-05,0.18159781412482343,0.16377447164778008,0.1346155283034658,0.23746025452965683,0.2825519313942739
2014-08-06,0.18159781412482343,0.16377447164778008,0.1346155283034658,0.23746025452965683,0.2825519313942739
2014-08-07,0.18159781412482343,0.16377447164778008,0.1346155283034658,0.23746025452965683,0.2825519313942739
2014-08-08,0.18159781412482343,0.16377447164778008,0.1346155283034658,0.23746025452965683,0.2825519313942739
2014-08-11,0.18159781412482343,0.16377447164778008,0.1346155283034658,0.23746025452965683,0.2825519313942739
2014-08-12,0.18159781412482343,0.16377447164778008,0.1346155283034658,0.23746025452965683,0.2825519313942739
2014-08-13,0.18159781412482343,0.16377447164778008,0.1346155283034658,0.23746025452965683,0.2825519313942739
2014-08-14,0.18159781412482343,0.16377447164778008,0.1346155283034658,0.23746025452965683,0.2825519313942739
2014-08-15,0.18159781412482343,0.16377447164778008,0.1346155283034658,0.23746025452965683,0.2825519313942739
2014-08-18,0.18159781412482343,0.16377447164778008,0.1346155283034658,0.23746025452965683,0.2825519313942739
2014-08-19,0.18159781412482343,0.16377447164778008,0.1346155283034658,0.23746025452965683,0.2825519313942739
2014-08-20,0.18159781412482343,0.16377447164778008,0.1346155283034658,0.23746025452965683,0.2825519313942739
2014-08-21,0.18159781412482343,0.16377447164778008,0.1346155283034658,0.23746025452965683,0.2825519313942739
2014-08-22,0.18159781412482343,0.16377447164778008,0.1346155283034658,0.23746025452965683,0.2825519313942739
2014-08-25,0.18159781412482343,0.16377447164778008,0.1346155283034658,0.23746025452965683,0.2825519313942739
2014-08-26,0.18159781412482343,0.16377447164778008,0.1346155283034658,0.23746025452965683,0.2825519313942739
2014-08-27,0.18052216229896959,0.1668817281669621,0.13328164268864112,0.24670490896203626,0.272609557883391
2014-08-28,0.18052216229896959,0.1668817281669621,0.13328164268864112,0.24670490896203626,0.272609557883391
2014-08-29,0.18052216229896959,0.1668817281669621,0.13328164268864112,0.24670490896203626,0.272609557883391
2014-09-02,0.18052216229896959,0.1668817281669621,0.13328164268864112,0.24670490896203626,0.272609557883391
2014-09-03,0.18052216229896959,0.1668817281669621,0.13328164268864112,0.24670490896203626,0.272609557883391
2014-09-04,0.18052216229896959,0.1668817281669621,0.13328164268864112,0.24670490896203626,0.272609557883391
2014-09-05,0.18052216229896959,0.1668817281669621,0.13328164268864112,0.24670490896203626,0.272609557883391
2014-09-08,0.18052216229896959,0.1668817281669621,0.13328164268864112,0.24670490896203626,0.272609557883391
2014-09-09,0.18052216229896959,0.1668817281669621,0.13328164268864112,0.24670490896203626,0.272609557883391
2014-09-10,0.18052216229896959,0.1668817281669621,0.13328164268864112,0.24670490896203626,0.272609557883391
2014-09-11,0.18052216229896959,0.1668817281669621,0.13328164268864112,0.24670490896203626,0.272609557883391
2014-09-12,0.18052216229896959,0.1668817281669621,0.13328164268864112,0.24670490896203626,0.272609557883391
2014-09-15,0.18052216229896959,0.1668817281669621,0.13328164268864112,0.24670490896203626,0.272609557883391
2014-09-16,0.18052216229896959,0.1668817281669621,0.13328164268864112,0.24670490896203626,0.272609557883391
2014-09-17,0.18052216229896959,0.1668817281669621,0.13328164268864112,0.24670490896203626,0.272609557883391
2014-09-18,0.18052216229896959,0.1668817281669621,0.13328164268864112,0.24670490896203626,0.272609557883391
2014-09-19,0.18052216229896959,0.1668817281669621,0.13328164268864112,0.24670490896203626,0.272609557883391
2014-09-22,0.18052216229896959,0.1668817281669621,0.13328164268864112,0.24670490896203626,0.272609557883391
2014-09-23,0.18052216229896959,0.1668817281669621,0.13328164268864112,0.24670490896203626,0.272609557883391
2014-09-24,0.18052216229896959,0.1668817281669621,0.13328164268864112,0.24670490896203626,0.272609557883391
2014-09-25,0.18052216229896959,0.1668817281669621,0.13328164268864112,0.24670490896203626,0.272609557883391
2014-09-26,0.16986745818232155,0.16409254196276712,0.12723228574809575,0.26135022034268274,0.27745749376413287
2014-09-29,0.16986745818232155,0.16409254196276712,0.12723228574809575,0.26135022034268274,0.27745749376413287
2014-09-30,0.16986745818232155,0.16409254196276712,0.12723228574809575,0.26135022034268274,0.27745749376413287
2014-10-01,0.16986745818232155,0.16409254196276712,0.12723228574809575,0.26135022034268274,0.27745749376413287
2014-10-02,0.16986745818232155,0.16409254196276712,0.12723228574809575,0.26135022034268274,0.27745749376413287
2014-10-03,0.16986745818232155,0.16409254196276712,0.12723228574809575,0.26135022034268274,0.27745749376413287
2014-10-06,0.16986745818232155,0.16409254196276712,0.12723228574809575,0.26135022034268274,0.27745749376413287
2014-10-07,0.16986745818232155,0.16409254196276712,0.12723228574809575,0.26135022034268274,0.27745749376413287
2014-10-08,0.16986745818232155,0.16409254196276712,0.12723228574809575,0.26135022034268274,0.27745749376413287
2014-10-09,0.16986745818232155,0.16409254196276712,0.12723228574809575,0.26135022034268274,0.27745749376413287
2014-10-10,0.16986745818232155,0.16409254196276712,0.12723228574809575,0.26135022034268274,0.27745749376413287
2014-10-13,0.16986745818232155,0.16409254196276712,0.12723228574809575,0.26135022034268274,0.27745749376413287
2014-10-14,0.16986745818232155,0.16409254196276712,0.12723228574809575,0.26135022034268274,0.27745749376413287
2014-10-15,0.16986745818232155,0.16409254196276712,0.12723228574809575,0.26135022034268274,0.27745749376413287
2014-10-16,0.16986745818232155,0.16409254196276712,0.12723228574809575,0.26135022034268274,0.27745749376413287
2014-10-17,0.16986745818232155,0.16409254196276712,0.12723228574809575,0.26135022034268274,0.27745749376413287
2014-10-20,0.16986745818232155,0.16409254196276712,0.12723228574809575,0.26135022034268274,0.27745749376413287
2014-10-21,0.16986745818232155,0.16409254196276712,0.12723228574809575,0.26135022034268274,0.27745749376413287
2014-10-22,0.16986745818232155,0.16409254196276712,0.12723228574809575,0.26135022034268274,0.27745749376413287
2014-10-23,0.16986745818232155,0.16409254196276712,0.12723228574809575,0.26135022034268274,0.27745749376413287
2014-10-24,0.16986745818232155,0.16409254196276712,0.12723228574809575,0.26135022034268274,0.27745749376413287
2014-10-27,0.14916855693323763,0.1481698416164489,0.11320186718154465,0.31104959219371836,0.27841014207505055
2014-10-28,0.14916855693323763,0.1481698416164489,0.11320186718154465,0.31104959219371836,0.27841014207505055
2014-10-29,0.14916855693323763,0.1481698416164489,0.11320186718154465,0.31104959219371836,0.27841014207505055
2014-10-30,0.14916855693323763,0.1481698416164489,0.11320186718154465,0.31104959219371836,0.27841014207505055
2014-10-31,0.14916855693323763,0.1481698416164489,0.11320186718154465,0.31104959219371836,0.27841014207505055
2014-11-03,0.14916855693323763,0.1481698416164489,0.11320186718154465,0.31104959219371836,0.27841014207505055
2014-11-04,0.14916855693323763,0.1481698416164489,0.11320186718154465,0.31104959219371836,0.27841014207505055
2014-11-05,0.14916855693323763,0.1481698416164489,0.11320186718154465,0.31104959219371836,0.27841014207505055
2014-11-06,0.14916855693323763,0.1481698416164489,0.11320186718154465,0.31104959219371836,0.27841014207505055
2014-11-10,0.14916855693323763,0.1481698416164489,0.11320186718154465,0.31104959219371836,0.27841014207505055
2014-11-11,0.14916855693323763,0.1481698416164489,0.11320186718154465,0.31104959219371836,0.27841014207505055
2014-11-12,0.14916855693323763,0.1481698416164489,0.11320186718154465,0.31104959219371836,0.27841014207505055
2014-11-13,0.14916855693323763,0.1481698416164489,0.11320186718154465,0.31104959219371836,0.27841014207505055
2014-11-14,0.14916855693323763,0.1481698416164489,0.11320186718154465,0.31104959219371836,0.27841014207505055
2014-11-17,0.14916855693323763,0.1481698416164489,0.11320186718154465,0.31104959219371836,0.27841014207505055
2014-11-18,0.14916855693323763,0.1481698416164489,0.11320186718154465,0.31104959219371836,0.27841014207505055
2014-11-19,0.14916855693323763,0.1481698416164489,0.11320186718154465,0.31104959219371836,0.27841014207505055
2014-11-21,0.14916855693323763,0.1481698416164489,0.11320186718154465,0.31104959219371836,0.27841014207505055
2014-11-24,0.14916855693323763,0.1481698416164489,0.11320186718154465,0.31104959219371836,0.27841014207505055
2014-11-25,0.14916855693323763,0.1481698416164489,0.11320186718154465,0.31104959219371836,0.27841014207505055
2014-11-26,0.14916855693323763,0.1481698416164489,0.11320186718154465,0.31104959219371836,0.27841014207505055
2014-11-28,0.14645213492377213,0.14645288141649251,0.11383474603199269,0.30678250453133604,0.2864777330964066
2014-12-01,0.14645213492377213,0.14645288141649251,0.11383474603199269,0.30678250453133604,0.2864777330964066
2014-12-02,0.14645213492377213,0.14645288141649251,0.11383474603199269,0.30678250453133604,0.2864777330964066
2014-12-03,0.14645213492377213,0.14645288141649251,0.11383474603199269,0.30678250453133604,0.2864777330964066
2014-12-04,0.14645213492377213,0.14645288141649251,0.11383474603199269,0.30678250453133604,0.2864777330964066
2014-12-05,0.14645213492377213,0.14645288141649251,0.11383474603199269,0.30678250453133604,0.2864777330964066
2014-12-08,0.14645213492377213,0.14645288141649251,0.11383474603199269,0.30678250453133604,0.2864777330964066
2014-12-09,0.14645213492377213,0.14645288141649251,0.11383474603199269,0.30678250453133604,0.2864777330964066
2014-12-10,0.14645213492377213,0.14645288141649251,0.11383474603199269,0.30678250453133604,0.2864777330964066
2014-12-11,0.14645213492377213,0.14645288141649251,0.11383474603199269,0.30678250453133604,0.2864777330964066
2014-12-12,0.14645213492377213,0.14645288141649251,0.11383474603199269,0.30678250453133604,0.2864777330964066
2014-12-15,0.14645213492377213,0.14645288141649251,0.11383474603199269,0.30678250453133604,0.2864777330964066
2014-12-16,0.14645213492377213,0.14645288141649251,0.11383474603199269,0.30678250453133604,0.2864777330964066
2014-12-17,0.14645213492377213,0.14645288141649251,0.11383474603199269,0.30678250453133604,0.2864777330964066
2014-12-18,0.14645213492377213,0.14645288141649251,0.11383474603199269,0.30678250453133604,0.2864777330964066
2014-12-19,0.14645213492377213,0.14645288141649251,0.11383474603199269,0.30678250453133604,0.2864777330964066
2014-12-22,0.14645213492377213,0.14645288141649251,0.11383474603199269,0.30678250453133604,0.2864777330964066
2014-12-23,0.14645213492377213,0.14645288141649251,0.11383474603199269,0.30678250453133604,0.2864777330964066
2014-12-26,0.14645213492377213,0.14645288141649251,0.11383474603199269,0.30678250453133604,0.2864777330964066
2014-12-29,0.14645213492377213,0.14645288141649251,0.11383474603199269,0.30678250453133604,0.2864777330964066
2014-12-30,0.14645213492377213,0.14645288141649251,0.11383474603199269,0.30678250453133604,0.2864777330964066
2015-01-02,0.14205078212400896,0.14356714995539618,0.11425204531355238,0.31994280584457674,0.2801872167624658
2015-01-05,0.14205078212400896,0.14356714995539618,0.11425204531355238,0.31994280584457674,0.2801872167624658
2015-01-06,0.14205078212400896,0.14356714995539618,0.11425204531355238,0.31994280584457674,0.2801872167624658
2015-01-07,0.14205078212400896,0.14356714995539618,0.11425204531355238,0.31994280584457674,0.2801872167624658
2015-01-08,0.14205078212400896,0.14356714995539618,0.11425204531355238,0.31994280584457674,0.2801872167624658
2015-01-09,0.14205078212400896,0.14356714995539618,0.11425204531355238,0.31994280584457674,0.2801872167624658
2015-01-12,0.14205078212400896,0.14356714995539618,0.11425204531355238,0.31994280584457674,0.2801872167624658
2015-01-13,0.14205078212400896,0.14356714995539618,0.11425204531355238,0.31994280584457674,0.2801872167624658
2015-01-14,0.14205078212400896,0.14356714995539618,0.11425204531355238,0.31994280584457674,0.2801872167624658
2015-01-15,0.14205078212400896,0.14356714995539618,0.11425204531355238,0.31994280584457674,0.2801872167624658
2015-01-16,0.14205078212400896,0.14356714995539618,0.11425204531355238,0.31994280584457674,0.2801872167624658
2015-01-20,0.14205078212400896,0.14356714995539618,0.11425204531355238,0.31994280584457674,0.2801872167624658
2015-01-21,0.14205078212400896,0.14356714995539618,0.11425204531355238,0.31994280584457674,0.2801872167624658
2015-01-22,0.14205078212400896,0.14356714995539618,0.11425204531355238,0.31994280584457674,0.2801872167624658
2015-01-23,0.14205078212400896,0.14356714995539618,0.11425204531355238,0.31994280584457674,0.2801872167624658
2015-01-26,0.14205078212400896,0.14356714995539618,0.11425204531355238,0.31994280584457674,0.2801872167624658
2015-01-27,0.14205078212400896,0.14356714995539618,0.11425204531355238,0.31994280584457674,0.2801872167624658
2015-01-28,0.14205078212400896,0.14356714995539618,0.11425204531355238,0.31994280584457674,0.2801872167624658
2015-01-29,0.14205078212400896,0.14356714995539618,0.11425204531355238,0.31994280584457674,0.2801872167624658
2015-01-30,0.14205078212400896,0.14356714995539618,0.11425204531355238,0.31994280584457674,0.2801872167624658
2015-02-02,0.14205078212400896,0.14356714995539618,0.11425204531355238,0.31994280584457674,0.2801872167624658
2015-02-03,0.13848895699689623,0.138560524976885,0.11381368693972298,0.3330242360909244,0.2761125949955714
2015-02-04,0.13848895699689623,0.138560524976885,0.11381368693972298,0.3330242360909244,0.2761125949955714
2015-02-05,0.13848895699689623,0.138560524976885,0.11381368693972298,0.3330242360909244,0.2761125949955714
2015-02-06,0.13848895699689623,0.138560524976885,0.11381368693972298,0.3330242360909244,0.2761125949955714
2015-02-09,0.13848895699689623,0.138560524976885,0.11381368693972298,0.3330242360909244,0.2761125949955714
2015-02-10,0.13848895699689623,0.138560524976885,0.11381368693972298,0.3330242360909244,0.2761125949955714
2015-02-11,0.13848895699689623,0.138560524976885,0.11381368693972298,0.3330242360909244,0.2761125949955714
2015-02-12,0.13848895699689623,0.138560524976885,0.11381368693972298,0.3330242360909244,0.2761125949955714
2015-02-13,0.13848895699689623,0.138560524976885,0.11381368693972298,0.3330242360909244,0.2761125949955714
2015-02-18,0.13848895699689623,0.138560524976885,0.11381368693972298,0.3330242360909244,0.2761125949955714
2015-02-19,0.13848895699689623,0.138560524976885,0.11381368693972298,0.3330242360909244,0.2761125949955714
2015-02-20,0.13848895699689623,0.138560524976885,0.11381368693972298,0.3330242360909244,0.2761125949955714
2015-02-23,0.13848895699689623,0.138560524976885,0.11381368693972298,0.3330242360909244,0.2761125949955714
2015-02-24,0.13848895699689623,0.138560524976885,0.11381368693972298,0.3330242360909244,0.2761125949955714
2015-02-25,0.13848895699689623,0.138560524976885,0.11381368693972298,0.3330242360909244,0.2761125949955714
2015-02-26,0.13848895699689623,0.138560524976885,0.11381368693972298,0.3330242360909244,0.2761125949955714
2015-02-27,0.13848895699689623,0.138560524976885,0.11381368693972298,0.3330242360909244,0.2761125949955714
2015-03-02,0.13848895699689623,0.138560524976885,0.11381368693972298,0.3330242360909244,0.2761125949955714
2015-03-03,0.13848895699689623,0.138560524976885,0.11381368693972298,0.3330242360909244,0.2761125949955714
2015-03-04,0.13848895699689623,0.138560524976885,0.11381368693972298,0.3330242360909244,0.2761125949955714
2015-03-05,0.13848895699689623,0.138560524976885,0.11381368693972298,0.3330242360909244,0.2761125949955714
2015-03-06,0.13854044810216873,0.13798717301940858,0.11156868273007368,0.33060611808827356,0.28129757806007544
2015-03-09,0.13854044810216873,0.13798717301940858,0.11156868273007368,0.33060611808827356,0.28129757806007544
2015-03-10,0.13854044810216873,0.13798717301940858,0.11156868273007368,0.33060611808827356,0.28129757806007544
2015-03-11,0.13854044810216873,0.13798717301940858,0.11156868273007368,0.33060611808827356,0.28129757806007544
2015-03-12,0.13854044810216873,0.13798717301940858,0.11156868273007368,0.33060611808827356,0.28129757806007544
2015-03-13,0.13854044810216873,0.13798717301940858,0.11156868273007368,0.33060611808827356,0.28129757806007544
2015-03-16,0.13854044810216873,0.13798717301940858,0.11156868273007368,0.33060611808827356,0.28129757806007544
2015-03-17,0.13854044810216873,0.13798717301940858,0.11156868273007368,0.33060611808827356,0.28129757806007544
2015-03-18,0.13854044810216873,0.13798717301940858,0.11156868273007368,0.33060611808827356,0.28129757806007544
2015-03-19,0.13854044810216873,0.13798717301940858,0.11156868273007368,0.33060611808827356,0.28129757806007544
2015-03-20,0.13854044810216873,0.13798717301940858,0.11156868273007368,0.33060611808827356,0.28129757806007544
2015-03-23,0.13854044810216873,0.13798717301940858,0.11156868273007368,0.33060611808827356,0.28129757806007544
2015-03-24,0.13854044810216873,0.13798717301940858,0.11156868273007368,0.33060611808827356,0.28129757806007544
2015-03-25,0.13854044810216873,0.13798717301940858,0.11156868273007368,0.33060611808827356,0.28129757806007544
2015-03-26,0.13854044810216873,0.13798717301940858,0.11156868273007368,0.33060611808827356,0.28129757806007544
2015-03-27,0.13854044810216873,0.13798717301940858,0.11156868273007368,0.33060611808827356,0.28129757806007544
2015-03-30,0.13854044810216873,0.13798717301940858,0.11156868273007368,0.33060611808827356,0.28129757806007544
2015-03-31,0.13854044810216873,0.13798717301940858,0.11156868273007368,0.33060611808827356,0.28129757806007544
2015-04-01,0.13854044810216873,0.13798717301940858,0.11156868273007368,0.33060611808827356,0.28129757806007544
2015-04-02,0.13854044810216873,0.13798717301940858,0.11156868273007368,0.33060611808827356,0.28129757806007544
2015-04-06,0.13854044810216873,0.13798717301940858,0.11156868273007368,0.33060611808827356,0.28129757806007544
2015-04-07,0.1427272987520462,0.14257472079945396,0.11429645969976089,0.3300353030177305,0.2703662177310084
2015-04-08,0.1427272987520462,0.14257472079945396,0.11429645969976089,0.3300353030177305,0.2703662177310084
2015-04-09,0.1427272987520462,0.14257472079945396,0.11429645969976089,0.3300353030177305,0.2703662177310084
2015-04-10,0.1427272987520462,0.14257472079945396,0.11429645969976089,0.3300353030177305,0.2703662177310084
2015-04-13,0.1427272987520462,0.14257472079945396,0.11429645969976089,0.3300353030177305,0.2703662177310084
2015-04-14,0.1427272987520462,0.14257472079945396,0.11429645969976089,0.3300353030177305,0.2703662177310084
2015-04-15,0.1427272987520462,0.14257472079945396,0.11429645969976089,0.3300353030177305,0.2703662177310084
2015-04-16,0.1427272987520462,0.14257472079945396,0.11429645969976089,0.3300353030177305,0.2703662177310084
2015-04-17,0.1427272987520462,0.14257472079945396,0.11429645969976089,0.3300353030177305,0.2703662177310084
2015-04-20,0.1427272987520462,0.14257472079945396,0.11429645969976089,0.3300353030177305,0.2703662177310084
2015-04-22,0.1427272987520462,0.14257472079945396,0.11429645969976089,0.3300353030177305,0.2703662177310084
2015-04-23,0.1427272987520462,0.14257472079945396,0.11429645969976089,0.3300353030177305,0.2703662177310084
2015-04-24,0.1427272987520462,0.14257472079945396,0.11429645969976089,0.3300353030177305,0.2703662177310084
2015-04-27,0.1427272987520462,0.14257472079945396,0.11429645969976089,0.3300353030177305,0.2703662177310084
2015-04-28,0.1427272987520462,0.14257472079945396,0.11429645969976089,0.3300353030177305,0.2703662177310084
2015-04-29,0.1427272987520462,0.14257472079945396,0.11429645969976089,0.3300353030177305,0.2703662177310084
2015-04-30,0.1427272987520462,0.14257472079945396,0.11429645969976089,0.3300353030177305,0.2703662177310084
2015-05-04,0.1427272987520462,0.14257472079945396,0.11429645969976089,0.3300353030177305,0.2703662177310084
2015-05-05,0.1427272987520462,0.14257472079945396,0.11429645969976089,0.3300353030177305,0.2703662177310084
2015-05-06,0.1427272987520462,0.14257472079945396,0.11429645969976089,0.3300353030177305,0.2703662177310084
2015-05-07,0.1427272987520462,0.14257472079945396,0.11429645969976089,0.3300353030177305,0.2703662177310084
2015-05-08,0.1471945660178084,0.14681554076725864,0.11798979057750834,0.3203084155143454,0.26769168712307917
2015-05-11,0.1471945660178084,0.14681554076725864,0.11798979057750834,0.3203084155143454,0.26769168712307917
2015-05-12,0.1471945660178084,0.14681554076725864,0.11798979057750834,0.3203084155143454,0.26769168712307917
2015-05-13,0.1471945660178084,0.14681554076725864,0.11798979057750834,0.3203084155143454,0.26769168712307917
2015-05-14,0.1471945660178084,0.14681554076725864,0.11798979057750834,0.3203084155143454,0.26769168712307917
2015-05-15,0.1471945660178084,0.14681554076725864,0.11798979057750834,0.3203084155143454,0.26769168712307917
2015-05-18,0.1471945660178084,0.14681554076725864,0.11798979057750834,0.3203084155143454,0.26769168712307917
2015-05-19,0.1471945660178084,0.14681554076725864,0.11798979057750834,0.3203084155143454,0.26769168712307917
2015-05-20,0.1471945660178084,0.14681554076725864,0.11798979057750834,0.3203084155143454,0.26769168712307917
2015-05-21,0.1471945660178084,0.14681554076725864,0.11798979057750834,0.3203084155143454,0.26769168712307917
2015-05-22,0.1471945660178084,0.14681554076725864,0.11798979057750834,0.3203084155143454,0.26769168712307917
2015-05-26,0.1471945660178084,0.14681554076725864,0.11798979057750834,0.3203084155143454,0.26769168712307917
2015-05-27,0.1471945660178084,0.14681554076725864,0.11798979057750834,0.3203084155143454,0.26769168712307917
2015-05-28,0.1471945660178084,0.14681554076725864,0.11798979057750834,0.3203084155143454,0.26769168712307917
2015-05-29,0.1471945660178084,0.14681554076725864,0.11798979057750834,0.3203084155143454,0.26769168712307917
2015-06-01,0.1471945660178084,0.14681554076725864,0.11798979057750834,0.3203084155143454,0.26769168712307917
2015-06-02,0.1471945660178084,0.14681554076725864,0.11798979057750834,0.3203084155143454,0.26769168712307917
2015-06-03,0.1471945660178084,0.14681554076725864,0.11798979057750834,0.3203084155143454,0.26769168712307917
2015-06-05,0.1471945660178084,0.14681554076725864,0.11798979057750834,0.3203084155143454,0.26769168712307917
2015-06-08,0.1471945660178084,0.14681554076725864,0.11798979057750834,0.3203084155143454,0.26769168712307917
2015-06-09,0.1471945660178084,0.14681554076725864,0.11798979057750834,0.3203084155143454,0.26769168712307917
2015-06-10,0.14911119148434016,0.14884733880765566,0.11676944863558548,0.3205197134750877,0.264752307597331
2015-06-11,0.14911119148434016,0.14884733880765566,0.11676944863558548,0.3205197134750877,0.264752307597331
2015-06-12,0.14911119148434016,0.14884733880765566,0.11676944863558548,0.3205197134750877,0.264752307597331
2015-06-15,0.14911119148434016,0.14884733880765566,0.11676944863558548,0.3205197134750877,0.264752307597331
2015-06-16,0.14911119148434016,0.14884733880765566,0.11676944863558548,0.3205197134750877,0.264752307597331
2015-06-17,0.14911119148434016,0.14884733880765566,0.11676944863558548,0.3205197134750877,0.264752307597331
2015-06-18,0.14911119148434016,0.14884733880765566,0.11676944863558548,0.3205197134750877,0.264752307597331
2015-06-19,0.14911119148434016,0.14884733880765566,0.11676944863558548,0.3205197134750877,0.264752307597331
2015-06-22,0.14911119148434016,0.14884733880765566,0.11676944863558548,0.3205197134750877,0.264752307597331
2015-06-23,0.14911119148434016,0.14884733880765566,0.11676944863558548,0.3205197134750877,0.264752307597331
2015-06-24,0.14911119148434016,0.14884733880765566,0.11676944863558548,0.3205197134750877,0.264752307597331
2015-06-25,0.14911119148434016,0.14884733880765566,0.11676944863558548,0.3205197134750877,0.264752307597331
2015-06-26,0.14911119148434016,0.14884733880765566,0.11676944863558548,0.3205197134750877,0.264752307597331
2015-06-29,0.14911119148434016,0.14884733880765566,0.11676944863558548,0.3205197134750877,0.264752307597331
2015-06-30,0.14911119148434016,0.14884733880765566,0.11676944863558548,0.3205197134750877,0.264752307597331
2015-07-01,0.14911119148434016,0.14884733880765566,0.11676944863558548,0.3205197134750877,0.264752307597331
2015-07-02,0.14911119148434016,0.14884733880765566,0.11676944863558548,0.3205197134750877,0.264752307597331
2015-07-06,0.14911119148434016,0.14884733880765566,0.11676944863558548,0.3205197134750877,0.264752307597331
2015-07-07,0.14911119148434016,0.14884733880765566,0.11676944863558548,0.3205197134750877,0.264752307597331
2015-07-08,0.14911119148434016,0.14884733880765566,0.11676944863558548,0.3205197134750877,0.264752307597331
2015-07-10,0.14911119148434016,0.14884733880765566,0.11676944863558548,0.3205197134750877,0.264752307597331
2015-07-13,0.15222938340307243,0.15180579433428165,0.11585255498770144,0.3255787175511603,0.2545335497237842
2015-07-14,0.15222938340307243,0.15180579433428165,0.11585255498770144,0.3255787175511603,0.2545335497237842
2015-07-15,0.15222938340307243,0.15180579433428165,0.11585255498770144,0.3255787175511603,0.2545335497237842
2015-07-16,0.15222938340307243,0.15180579433428165,0.11585255498770144,0.3255787175511603,0.2545335497237842
2015-07-17,0.15222938340307243,0.15180579433428165,0.11585255498770144,0.3255787175511603,0.2545335497237842
2015-07-20,0.15222938340307243,0.15180579433428165,0.11585255498770144,0.3255787175511603,0.2545335497237842
2015-07-21,0.15222938340307243,0.15180579433428165,0.11585255498770144,0.3255787175511603,0.2545335497237842
2015-07-22,0.15222938340307243,0.15180579433428165,0.11585255498770144,0.3255787175511603,0.2545335497237842
2015-07-23,0.15222938340307243,0.15180579433428165,0.11585255498770144,0.3255787175511603,0.2545335497237842
2015-07-24,0.15222938340307243,0.15180579433428165,0.11585255498770144,0.3255787175511603,0.2545335497237842
2015-07-27,0.15222938340307243,0.15180579433428165,0.11585255498770144,0.3255787175511603,0.2545335497237842
2015-07-28,0.15222938340307243,0.15180579433428165,0.11585255498770144,0.3255787175511603,0.2545335497237842
2015-07-29,0.15222938340307243,0.15180579433428165,0.11585255498770144,0.3255787175511603,0.2545335497237842
2015-07-30,0.15222938340307243,0.15180579433428165,0.11585255498770144,0.3255787175511603,0.2545335497237842
2015-07-31,0.15222938340307243,0.15180579433428165,0.11585255498770144,0.3255787175511603,0.2545335497237842
2015-08-03,0.15222938340307243,0.15180579433428165,0.11585255498770144,0.3255787175511603,0.2545335497237842
2015-08-04,0.15222938340307243,0.15180579433428165,0.11585255498770144,0.3255787175511603,0.2545335497237842
2015-08-05,0.15222938340307243,0.15180579433428165,0.11585255498770144,0.3255787175511603,0.2545335497237842
2015-08-06,0.15222938340307243,0.15180579433428165,0.11585255498770144,0.3255787175511603,0.2545335497237842
2015-08-07,0.15222938340307243,0.15180579433428165,0.11585255498770144,0.3255787175511603,0.2545335497237842
2015-08-10,0.15222938340307243,0.15180579433428165,0.11585255498770144,0.3255787175511603,0.2545335497237842
2015-08-11,0.15257434782627763,0.15220574463544503,0.11683128278192413,0.3234524035711485,0.2549362211852046
2015-08-12,0.15257434782627763,0.15220574463544503,0.11683128278192413,0.3234524035711485,0.2549362211852046
2015-08-13,0.15257434782627763,0.15220574463544503,0.11683128278192413,0.3234524035711485,0.2549362211852046
2015-08-14,0.15257434782627763,0.15220574463544503,0.11683128278192413,0.3234524035711485,0.2549362211852046
2015-08-17,0.15257434782627763,0.15220574463544503,0.11683128278192413,0.3234524035711485,0.2549362211852046
2015-08-18,0.15257434782627763,0.15220574463544503,0.11683128278192413,0.3234524035711485,0.2549362211852046
2015-08-19,0.15257434782627763,0.15220574463544503,0.11683128278192413,0.3234524035711485,0.2549362211852046
2015-08-20,0.15257434782627763,0.15220574463544503,0.11683128278192413,0.3234524035711485,0.2549362211852046
2015-08-21,0.15257434782627763,0.15220574463544503,0.11683128278192413,0.3234524035711485,0.2549362211852046
2015-08-24,0.15257434782627763,0.15220574463544503,0.11683128278192413,0.3234524035711485,0.2549362211852046
2015-08-25,0.15257434782627763,0.15220574463544503,0.11683128278192413,0.3234524035711485,0.2549362211852046
2015-08-26,0.15257434782627763,0.15220574463544503,0.11683128278192413,0.3234524035711485,0.2549362211852046
2015-08-27,0.15257434782627763,0.15220574463544503,0.11683128278192413,0.3234524035711485,0.2549362211852046
2015-08-28,0.15257434782627763,0.15220574463544503,0.11683128278192413,0.3234524035711485,0.2549362211852046
2015-08-31,0.15257434782627763,0.15220574463544503,0.11683128278192413,0.3234524035711485,0.2549362211852046
2015-09-01,0.15257434782627763,0.15220574463544503,0.11683128278192413,0.3234524035711485,0.2549362211852046
2015-09-02,0.15257434782627763,0.15220574463544503,0.11683128278192413,0.3234524035711485,0.2549362211852046
2015-09-03,0.15257434782627763,0.15220574463544503,0.11683128278192413,0.3234524035711485,0.2549362211852046
2015-09-04,0.15257434782627763,0.15220574463544503,0.11683128278192413,0.3234524035711485,0.2549362211852046
2015-09-08,0.15257434782627763,0.15220574463544503,0.11683128278192413,0.3234524035711485,0.2549362211852046
2015-09-09,0.15257434782627763,0.15220574463544503,0.11683128278192413,0.3234524035711485,0.2549362211852046
2015-09-10,0.156724329371218,0.15612261592212373,0.11565864186147606,0.34588909511092947,0.22560531773425277
2015-09-11,0.156724329371218,0.15612261592212373,0.11565864186147606,0.34588909511092947,0.22560531773425277
2015-09-14,0.156724329371218,0.15612261592212373,0.11565864186147606,0.34588909511092947,0.22560531773425277
2015-09-15,0.156724329371218,0.15612261592212373,0.11565864186147606,0.34588909511092947,0.22560531773425277
2015-09-16,0.156724329371218,0.15612261592212373,0.11565864186147606,0.34588909511092947,0.22560531773425277
2015-09-17,0.156724329371218,0.15612261592212373,0.11565864186147606,0.34588909511092947,0.22560531773425277
2015-09-18,0.156724329371218,0.15612261592212373,0.11565864186147606,0.34588909511092947,0.22560531773425277
2015-09-21,0.156724329371218,0.15612261592212373,0.11565864186147606,0.34588909511092947,0.22560531773425277
2015-09-22,0.156724329371218,0.15612261592212373,0.11565864186147606,0.34588909511092947,0.22560531773425277
2015-09-23,0.156724329371218,0.15612261592212373,0.11565864186147606,0.34588909511092947,0.22560531773425277
2015-09-24,0.156724329371218,0.15612261592212373,0.11565864186147606,0.34588909511092947,0.22560531773425277
2015-09-25,0.156724329371218,0.15612261592212373,0.11565864186147606,0.34588909511092947,0.22560531773425277
2015-09-28,0.156724329371218,0.15612261592212373,0.11565864186147606,0.34588909511092947,0.22560531773425277
2015-09-29,0.156724329371218,0.15612261592212373,0.11565864186147606,0.34588909511092947,0.22560531773425277
2015-09-30,0.156724329371218,0.15612261592212373,0.11565864186147606,0.34588909511092947,0.22560531773425277
2015-10-01,0.156724329371218,0.15612261592212373,0.11565864186147606,0.34588909511092947,0.22560531773425277
2015-10-02,0.156724329371218,0.15612261592212373,0.11565864186147606,0.34588909511092947,0.22560531773425277
2015-10-05,0.156724329371218,0.15612261592212373,0.11565864186147606,0.34588909511092947,0.22560531773425277
2015-10-06,0.156724329371218,0.15612261592212373,0.11565864186147606,0.34588909511092947,0.22560531773425277
2015-10-07,0.156724329371218,0.15612261592212373,0.11565864186147606,0.34588909511092947,0.22560531773425277
2015-10-08,0.156724329371218,0.15612261592212373,0.11565864186147606,0.34588909511092947,0.22560531773425277
2015-10-09,0.17382840728148588,0.17220269225954193,0.11434087834548269,0.3160270357930998,0.2236009863203897
2015-10-13,0.17382840728148588,0.17220269225954193,0.11434087834548269,0.3160270357930998,0.2236009863203897
2015-10-14,0.17382840728148588,0.17220269225954193,0.11434087834548269,0.3160270357930998,0.2236009863203897
2015-10-15,0.17382840728148588,0.17220269225954193,0.11434087834548269,0.3160270357930998,0.2236009863203897
2015-10-16,0.17382840728148588,0.17220269225954193,0.11434087834548269,0.3160270357930998,0.2236009863203897
2015-10-19,0.17382840728148588,0.17220269225954193,0.11434087834548269,0.3160270357930998,0.2236009863203897
2015-10-20,0.17382840728148588,0.17220269225954193,0.11434087834548269,0.3160270357930998,0.2236009863203897
2015-10-21,0.17382840728148588,0.17220269225954193,0.11434087834548269,0.3160270357930998,0.2236009863203897
2015-10-22,0.17382840728148588,0.17220269225954193,0.11434087834548269,0.3160270357930998,0.2236009863203897
2015-10-23,0.17382840728148588,0.17220269225954193,0.11434087834548269,0.3160270357930998,0.2236009863203897
2015-10-26,0.17382840728148588,0.17220269225954193,0.11434087834548269,0.3160270357930998,0.2236009863203897
2015-10-27,0.17382840728148588,0.17220269225954193,0.11434087834548269,0.3160270357930998,0.2236009863203897
2015-10-28,0.17382840728148588,0.17220269225954193,0.11434087834548269,0.3160270357930998,0.2236009863203897
2015-10-29,0.17382840728148588,0.17220269225954193,0.11434087834548269,0.3160270357930998,0.2236009863203897
2015-10-30,0.17382840728148588,0.17220269225954193,0.11434087834548269,0.3160270357930998,0.2236009863203897
2015-11-03,0.17382840728148588,0.17220269225954193,0.11434087834548269,0.3160270357930998,0.2236009863203897
2015-11-04,0.17382840728148588,0.17220269225954193,0.11434087834548269,0.3160270357930998,0.2236009863203897
2015-11-05,0.17382840728148588,0.17220269225954193,0.11434087834548269,0.3160270357930998,0.2236009863203897
2015-11-06,0.17382840728148588,0.17220269225954193,0.11434087834548269,0.3160270357930998,0.2236009863203897
2015-11-09,0.17382840728148588,0.17220269225954193,0.11434087834548269,0.3160270357930998,0.2236009863203897
2015-11-10,0.17382840728148588,0.17220269225954193,0.11434087834548269,0.3160270357930998,0.2236009863203897
2015-11-11,0.18416213817921678,0.18223529483011475,0.1156028315068257,0.30465194108266236,0.21334779440118046
2015-11-12,0.18416213817921678,0.18223529483011475,0.1156028315068257,0.30465194108266236,0.21334779440118046
2015-11-13,0.18416213817921678,0.18223529483011475,0.1156028315068257,0.30465194108266236,0.21334779440118046
2015-11-16,0.18416213817921678,0.18223529483011475,0.1156028315068257,0.30465194108266236,0.21334779440118046
2015-11-17,0.18416213817921678,0.18223529483011475,0.1156028315068257,0.30465194108266236,0.21334779440118046
2015-11-18,0.18416213817921678,0.18223529483011475,0.1156028315068257,0.30465194108266236,0.21334779440118046
2015-11-19,0.18416213817921678,0.18223529483011475,0.1156028315068257,0.30465194108266236,0.21334779440118046
2015-11-23,0.18416213817921678,0.18223529483011475,0.1156028315068257,0.30465194108266236,0.21334779440118046
2015-11-24,0.18416213817921678,0.18223529483011475,0.1156028315068257,0.30465194108266236,0.21334779440118046
2015-11-25,0.18416213817921678,0.18223529483011475,0.1156028315068257,0.30465194108266236,0.21334779440118046
2015-11-27,0.18416213817921678,0.18223529483011475,0.1156028315068257,0.30465194108266236,0.21334779440118046
2015-11-30,0.18416213817921678,0.18223529483011475,0.1156028315068257,0.30465194108266236,0.21334779440118046
2015-12-01,0.18416213817921678,0.18223529483011475,0.1156028315068257,0.30465194108266236,0.21334779440118046
2015-12-02,0.18416213817921678,0.18223529483011475,0.1156028315068257,0.30465194108266236,0.21334779440118046
2015-12-03,0.18416213817921678,0.18223529483011475,0.1156028315068257,0.30465194108266236,0.21334779440118046
2015-12-04,0.18416213817921678,0.18223529483011475,0.1156028315068257,0.30465194108266236,0.21334779440118046
2015-12-07,0.18416213817921678,0.18223529483011475,0.1156028315068257,0.30465194108266236,0.21334779440118046
2015-12-08,0.18416213817921678,0.18223529483011475,0.1156028315068257,0.30465194108266236,0.21334779440118046
2015-12-09,0.18416213817921678,0.18223529483011475,0.1156028315068257,0.30465194108266236,0.21334779440118046
2015-12-10,0.18416213817921678,0.18223529483011475,0.1156028315068257,0.30465194108266236,0.21334779440118046
2015-12-11,0.18416213817921678,0.18223529483011475,0.1156028315068257,0.30465194108266236,0.21334779440118046
2015-12-14,0.19005523777617522,0.18691523886591166,0.11396337794323856,0.30288942028659405,0.20617672512808055
2015-12-15,0.19005523777617522,0.18691523886591166,0.11396337794323856,0.30288942028659405,0.20617672512808055
2015-12-16,0.19005523777617522,0.18691523886591166,0.11396337794323856,0.30288942028659405,0.20617672512808055
2015-12-17,0.19005523777617522,0.18691523886591166,0.11396337794323856,0.30288942028659405,0.20617672512808055
2015-12-18,0.19005523777617522,0.18691523886591166,0.11396337794323856,0.30288942028659405,0.20617672512808055
2015-12-21,0.19005523777617522,0.18691523886591166,0.11396337794323856,0.30288942028659405,0.20617672512808055
2015-12-22,0.19005523777617522,0.18691523886591166,0.11396337794323856,0.30288942028659405,0.20617672512808055
2015-12-23,0.19005523777617522,0.18691523886591166,0.11396337794323856,0.30288942028659405,0.20617672512808055
2015-12-28,0.19005523777617522,0.18691523886591166,0.11396337794323856,0.30288942028659405,0.20617672512808055
2015-12-29,0.19005523777617522,0.18691523886591166,0.11396337794323856,0.30288942028659405,0.20617672512808055
2015-12-30,0.19005523777617522,0.18691523886591166,0.11396337794323856,0.30288942028659405,0.20617672512808055
2016-01-04,0.19005523777617522,0.18691523886591166,0.11396337794323856,0.30288942028659405,0.20617672512808055
2016-01-05,0.19005523777617522,0.18691523886591166,0.11396337794323856,0.30288942028659405,0.20617672512808055
2016-01-06,0.19005523777617522,0.18691523886591166,0.11396337794323856,0.30288942028659405,0.20617672512808055
2016-01-07,0.19005523777617522,0.18691523886591166,0.11396337794323856,0.30288942028659405,0.20617672512808055
2016-01-08,0.19005523777617522,0.18691523886591166,0.11396337794323856,0.30288942028659405,0.20617672512808055
2016-01-11,0.19005523777617522,0.18691523886591166,0.11396337794323856,0.30288942028659405,0.20617672512808055
2016-01-12,0.19005523777617522,0.18691523886591166,0.11396337794323856,0.30288942028659405,0.20617672512808055
2016-01-13,0.19005523777617522,0.18691523886591166,0.11396337794323856,0.30288942028659405,0.20617672512808055
2016-01-14,0.19005523777617522,0.18691523886591166,0.11396337794323856,0.30288942028659405,0.20617672512808055
2016-01-15,0.19005523777617522,0.18691523886591166,0.11396337794323856,0.30288942028659405,0.20617672512808055
2016-01-19,0.19996873354347472,0.19619904242770864,0.11048441555421619,0.2987286823291381,0.1946191261454625
2016-01-20,0.19996873354347472,0.19619904242770864,0.11048441555421619,0.2987286823291381,0.1946191261454625
2016-01-21,0.19996873354347472,0.19619904242770864,0.11048441555421619,0.2987286823291381,0.1946191261454625
2016-01-22,0.19996873354347472,0.19619904242770864,0.11048441555421619,0.2987286823291381,0.1946191261454625
2016-01-26,0.19996873354347472,0.19619904242770864,0.11048441555421619,0.2987286823291381,0.1946191261454625
2016-01-27,0.19996873354347472,0.19619904242770864,0.11048441555421619,0.2987286823291381,0.1946191261454625
2016-01-28,0.19996873354347472,0.19619904242770864,0.11048441555421619,0.2987286823291381,0.1946191261454625
2016-01-29,0.19996873354347472,0.19619904242770864,0.11048441555421619,0.2987286823291381,0.1946191261454625
2016-02-01,0.19996873354347472,0.19619904242770864,0.11048441555421619,0.2987286823291381,0.1946191261454625
2016-02-02,0.19996873354347472,0.19619904242770864,0.11048441555421619,0.2987286823291381,0.1946191261454625
2016-02-03,0.19996873354347472,0.19619904242770864,0.11048441555421619,0.2987286823291381,0.1946191261454625
2016-02-04,0.19996873354347472,0.19619904242770864,0.11048441555421619,0.2987286823291381,0.1946191261454625
2016-02-05,0.19996873354347472,0.19619904242770864,0.11048441555421619,0.2987286823291381,0.1946191261454625
2016-02-10,0.19996873354347472,0.19619904242770864,0.11048441555421619,0.2987286823291381,0.1946191261454625
2016-02-11,0.19996873354347472,0.19619904242770864,0.11048441555421619,0.2987286823291381,0.1946191261454625
2016-02-12,0.19996873354347472,0.19619904242770864,0.11048441555421619,0.2987286823291381,0.1946191261454625
2016-02-16,0.19996873354347472,0.19619904242770864,0.11048441555421619,0.2987286823291381,0.1946191261454625
2016-02-17,0.19996873354347472,0.19619904242770864,0.11048441555421619,0.2987286823291381,0.1946191261454625
2016-02-18,0.19996873354347472,0.19619904242770864,0.11048441555421619,0.2987286823291381,0.1946191261454625
2016-02-19,0.19996873354347472,0.19619904242770864,0.11048441555421619,0.2987286823291381,0.1946191261454625
2016-02-22,0.19996873354347472,0.19619904242770864,0.11048441555421619,0.2987286823291381,0.1946191261454625
2016-02-23,0.19649478615438848,0.19314680786589417,0.10647502448672823,0.30902250152381633,0.19486087996917287
2016-02-24,0.19649478615438848,0.19314680786589417,0.10647502448672823,0.30902250152381633,0.19486087996917287
2016-02-25,0.19649478615438848,0.19314680786589417,0.10647502448672823,0.30902250152381633,0.19486087996917287
2016-02-26,0.19649478615438848,0.19314680786589417,0.10647502448672823,0.30902250152381633,0.19486087996917287
2016-02-29,0.19649478615438848,0.19314680786589417,0.10647502448672823,0.30902250152381633,0.19486087996917287
2016-03-01,0.19649478615438848,0.19314680786589417,0.10647502448672823,0.30902250152381633,0.19486087996917287
2016-03-02,0.19649478615438848,0.19314680786589417,0.10647502448672823,0.30902250152381633,0.19486087996917287
2016-03-03,0.19649478615438848,0.19314680786589417,0.10647502448672823,0.30902250152381633,0.19486087996917287
2016-03-04,0.19649478615438848,0.19314680786589417,0.10647502448672823,0.30902250152381633,0.19486087996917287
2016-03-07,0.19649478615438848,0.19314680786589417,0.10647502448672823,0.30902250152381633,0.19486087996917287
2016-03-08,0.19649478615438848,0.19314680786589417,0.10647502448672823,0.30902250152381633,0.19486087996917287
2016-03-09,0.19649478615438848,0.19314680786589417,0.10647502448672823,0.30902250152381633,0.19486087996917287
2016-03-10,0.19649478615438848,0.19314680786589417,0.10647502448672823,0.30902250152381633,0.19486087996917287
2016-03-11,0.19649478615438848,0.19314680786589417,0.10647502448672823,0.30902250152381633,0.19486087996917287
2016-03-14,0.19649478615438848,0.19314680786589417,0.10647502448672823,0.30902250152381633,0.19486087996917287
2016-03-15,0.19649478615438848,0.19314680786589417,0.10647502448672823,0.30902250152381633,0.19486087996917287
2016-03-16,0.19649478615438848,0.19314680786589417,0.10647502448672823,0.30902250152381633,0.19486087996917287
2016-03-17,0.19649478615438848,0.19314680786589417,0.10647502448672823,0.30902250152381633,0.19486087996917287
2016-03-18,0.19649478615438848,0.19314680786589417,0.10647502448672823,0.30902250152381633,0.19486087996917287
2016-03-21,0.19649478615438848,0.19314680786589417,0.10647502448672823,0.30902250152381633,0.19486087996917287
2016-03-22,0.19649478615438848,0.19314680786589417,0.10647502448672823,0.30902250152381633,0.19486087996917287
2016-03-23,0.1950703564496239,0.19141269985872672,0.10738816138731488,0.30177253588350644,0.20435624642082814
2016-03-24,0.1950703564496239,0.19141269985872672,0.10738816138731488,0.30177253588350644,0.20435624642082814
2016-03-28,0.1950703564496239,0.19141269985872672,0.10738816138731488,0.30177253588350644,0.20435624642082814
2016-03-29,0.1950703564496239,0.19141269985872672,0.10738816138731488,0.30177253588350644,0.20435624642082814
2016-03-30,0.1950703564496239,0.19141269985872672,0.10738816138731488,0.30177253588350644,0.20435624642082814
2016-03-31,0.1950703564496239,0.19141269985872672,0.10738816138731488,0.30177253588350644,0.20435624642082814
2016-04-01,0.1950703564496239,0.19141269985872672,0.10738816138731488,0.30177253588350644,0.20435624642082814
2016-04-04,0.1950703564496239,0.19141269985872672,0.10738816138731488,0.30177253588350644,0.20435624642082814
2016-04-05,0.1950703564496239,0.19141269985872672,0.10738816138731488,0.30177253588350644,0.20435624642082814
2016-04-06,0.1950703564496239,0.19141269985872672,0.10738816138731488,0.30177253588350644,0.20435624642082814
2016-04-07,0.1950703564496239,0.19141269985872672,0.10738816138731488,0.30177253588350644,0.20435624642082814
2016-04-08,0.1950703564496239,0.19141269985872672,0.10738816138731488,0.30177253588350644,0.20435624642082814
2016-04-11,0.1950703564496239,0.19141269985872672,0.10738816138731488,0.30177253588350644,0.20435624642082814
2016-04-12,0.1950703564496239,0.19141269985872672,0.10738816138731488,0.30177253588350644,0.20435624642082814
2016-04-13,0.1950703564496239,0.19141269985872672,0.10738816138731488,0.30177253588350644,0.20435624642082814
2016-04-14,0.1950703564496239,0.19141269985872672,0.10738816138731488,0.30177253588350644,0.20435624642082814
2016-04-15,0.1950703564496239,0.19141269985872672,0.10738816138731488,0.30177253588350644,0.20435624642082814
2016-04-18,0.1950703564496239,0.19141269985872672,0.10738816138731488,0.30177253588350644,0.20435624642082814
2016-04-19,0.1950703564496239,0.19141269985872672,0.10738816138731488,0.30177253588350644,0.20435624642082814
2016-04-20,0.1950703564496239,0.19141269985872672,0.10738816138731488,0.30177253588350644,0.20435624642082814
2016-04-22,0.1950703564496239,0.19141269985872672,0.10738816138731488,0.30177253588350644,0.20435624642082814
2016-04-25,0.19285678732419553,0.18913488775895076,0.10745876643848329,0.2978141633564567,0.21273539512191378
2016-04-26,0.19285678732419553,0.18913488775895076,0.10745876643848329,0.2978141633564567,0.21273539512191378
2016-04-27,0.19285678732419553,0.18913488775895076,0.10745876643848329,0.2978141633564567,0.21273539512191378
2016-04-28,0.19285678732419553,0.18913488775895076,0.10745876643848329,0.2978141633564567,0.21273539512191378
2016-04-29,0.19285678732419553,0.18913488775895076,0.10745876643848329,0.2978141633564567,0.21273539512191378
2016-05-02,0.19285678732419553,0.18913488775895076,0.10745876643848329,0.2978141633564567,0.21273539512191378
2016-05-03,0.19285678732419553,0.18913488775895076,0.10745876643848329,0.2978141633564567,0.21273539512191378
2016-05-04,0.19285678732419553,0.18913488775895076,0.10745876643848329,0.2978141633564567,0.21273539512191378
2016-05-05,0.19285678732419553,0.18913488775895076,0.10745876643848329,0.2978141633564567,0.21273539512191378
2016-05-06,0.19285678732419553,0.18913488775895076,0.10745876643848329,0.2978141633564567,0.21273539512191378
2016-05-09,0.19285678732419553,0.18913488775895076,0.10745876643848329,0.2978141633564567,0.21273539512191378
2016-05-10,0.19285678732419553,0.18913488775895076,0.10745876643848329,0.2978141633564567,0.21273539512191378
2016-05-11,0.19285678732419553,0.18913488775895076,0.10745876643848329,0.2978141633564567,0.21273539512191378
2016-05-12,0.19285678732419553,0.18913488775895076,0.10745876643848329,0.2978141633564567,0.21273539512191378
2016-05-13,0.19285678732419553,0.18913488775895076,0.10745876643848329,0.2978141633564567,0.21273539512191378
2016-05-16,0.19285678732419553,0.18913488775895076,0.10745876643848329,0.2978141633564567,0.21273539512191378
2016-05-17,0.19285678732419553,0.18913488775895076,0.10745876643848329,0.2978141633564567,0.21273539512191378
2016-05-18,0.19285678732419553,0.18913488775895076,0.10745876643848329,0.2978141633564567,0.21273539512191378
2016-05-19,0.19285678732419553,0.18913488775895076,0.10745876643848329,0.2978141633564567,0.21273539512191378
2016-05-20,0.19285678732419553,0.18913488775895076,0.10745876643848329,0.2978141633564567,0.21273539512191378
2016-05-23,0.19285678732419553,0.18913488775895076,0.10745876643848329,0.2978141633564567,0.21273539512191378
2016-05-24,0.18838811153620855,0.18510701004031938,0.10507834482494607,0.30478312190895884,0.21664341168956724
2016-05-25,0.18838811153620855,0.18510701004031938,0.10507834482494607,0.30478312190895884,0.21664341168956724
2016-05-27,0.18838811153620855,0.18510701004031938,0.10507834482494607,0.30478312190895884,0.21664341168956724
2016-05-31,0.18838811153620855,0.18510701004031938,0.10507834482494607,0.30478312190895884,0.21664341168956724
2016-06-01,0.18838811153620855,0.18510701004031938,0.10507834482494607,0.30478312190895884,0.21664341168956724
2016-06-02,0.18838811153620855,0.18510701004031938,0.10507834482494607,0.30478312190895884,0.21664341168956724
2016-06-03,0.18838811153620855,0.18510701004031938,0.10507834482494607,0.30478312190895884,0.21664341168956724
2016-06-06,0.18838811153620855,0.18510701004031938,0.10507834482494607,0.30478312190895884,0.21664341168956724
2016-06-07,0.18838811153620855,0.18510701004031938,0.10507834482494607,0.30478312190895884,0.21664341168956724
2016-06-08,0.18838811153620855,0.18510701004031938,0.10507834482494607,0.30478312190895884,0.21664341168956724
2016-06-09,0.18838811153620855,0.18510701004031938,0.10507834482494607,0.30478312190895884,0.21664341168956724
2016-06-10,0.18838811153620855,0.18510701004031938,0.10507834482494607,0.30478312190895884,0.21664341168956724
2016-06-13,0.18838811153620855,0.18510701004031938,0.10507834482494607,0.30478312190895884,0.21664341168956724
2016-06-14,0.18838811153620855,0.18510701004031938,0.10507834482494607,0.30478312190895884,0.21664341168956724
2016-06-15,0.18838811153620855,0.18510701004031938,0.10507834482494607,0.30478312190895884,0.21664341168956724
2016-06-16,0.18838811153620855,0.18510701004031938,0.10507834482494607,0.30478312190895884,0.21664341168956724
2016-06-17,0.18838811153620855,0.18510701004031938,0.10507834482494607,0.30478312190895884,0.21664341168956724
2016-06-20,0.18838811153620855,0.18510701004031938,0.10507834482494607,0.30478312190895884,0.21664341168956724
2016-06-21,0.18838811153620855,0.18510701004031938,0.10507834482494607,0.30478312190895884,0.21664341168956724
2016-06-22,0.18838811153620855,0.18510701004031938,0.10507834482494607,0.30478312190895884,0.21664341168956724
2016-06-23,0.18838811153620855,0.18510701004031938,0.10507834482494607,0.30478312190895884,0.21664341168956724
2016-06-24,0.1866958722176846,0.1836448550759649,0.10494329182984488,0.3070217413400525,0.21769423953645323
2016-06-27,0.1866958722176846,0.1836448550759649,0.10494329182984488,0.3070217413400525,0.21769423953645323
2016-06-28,0.1866958722176846,0.1836448550759649,0.10494329182984488,0.3070217413400525,0.21769423953645323
2016-06-29,0.1866958722176846,0.1836448550759649,0.10494329182984488,0.3070217413400525,0.21769423953645323
2016-06-30,0.1866958722176846,0.1836448550759649,0.10494329182984488,0.3070217413400525,0.21769423953645323
2016-07-01,0.1866958722176846,0.1836448550759649,0.10494329182984488,0.3070217413400525,0.21769423953645323
2016-07-05,0.1866958722176846,0.1836448550759649,0.10494329182984488,0.3070217413400525,0.21769423953645323
2016-07-06,0.1866958722176846,0.1836448550759649,0.10494329182984488,0.3070217413400525,0.21769423953645323
2016-07-07,0.1866958722176846,0.1836448550759649,0.10494329182984488,0.3070217413400525,0.21769423953645323
2016-07-08,0.1866958722176846,0.1836448550759649,0.10494329182984488,0.3070217413400525,0.21769423953645323
2016-07-11,0.1866958722176846,0.1836448550759649,0.10494329182984488,0.3070217413400525,0.21769423953645323
2016-07-12,0.1866958722176846,0.1836448550759649,0.10494329182984488,0.3070217413400525,0.21769423953645323
2016-07-13,0.1866958722176846,0.1836448550759649,0.10494329182984488,0.3070217413400525,0.21769423953645323
2016-07-14,0.1866958722176846,0.1836448550759649,0.10494329182984488,0.3070217413400525,0.21769423953645323
2016-07-15,0.1866958722176846,0.1836448550759649,0.10494329182984488,0.3070217413400525,0.21769423953645323
2016-07-18,0.1866958722176846,0.1836448550759649,0.10494329182984488,0.3070217413400525,0.21769423953645323
2016-07-19,0.1866958722176846,0.1836448550759649,0.10494329182984488,0.3070217413400525,0.21769423953645323
2016-07-20,0.1866958722176846,0.1836448550759649,0.10494329182984488,0.3070217413400525,0.21769423953645323
2016-07-21,0.1866958722176846,0.1836448550759649,0.10494329182984488,0.3070217413400525,0.21769423953645323
2016-07-22,0.1866958722176846,0.1836448550759649,0.10494329182984488,0.3070217413400525,0.21769423953645323
2016-07-25,0.1866958722176846,0.1836448550759649,0.10494329182984488,0.3070217413400525,0.21769423953645323
2016-07-26,0.18709459795287503,0.18393139580862186,0.10562676446625195,0.3030297645461164,0.22031747722613482
2016-07-27,0.18709459795287503,0.18393139580862186,0.10562676446625195,0.3030297645461164,0.22031747722613482
2016-07-28,0.18709459795287503,0.18393139580862186,0.10562676446625195,0.3030297645461164,0.22031747722613482
2016-07-29,0.18709459795287503,0.18393139580862186,0.10562676446625195,0.3030297645461164,0.22031747722613482
2016-08-01,0.18709459795287503,0.18393139580862186,0.10562676446625195,0.3030297645461164,0.22031747722613482
2016-08-02,0.18709459795287503,0.18393139580862186,0.10562676446625195,0.3030297645461164,0.22031747722613482
2016-08-03,0.18709459795287503,0.18393139580862186,0.10562676446625195,0.3030297645461164,0.22031747722613482
2016-08-04,0.18709459795287503,0.18393139580862186,0.10562676446625195,0.3030297645461164,0.22031747722613482
2016-08-05,0.18709459795287503,0.18393139580862186,0.10562676446625195,0.3030297645461164,0.22031747722613482
2016-08-08,0.18709459795287503,0.18393139580862186,0.10562676446625195,0.3030297645461164,0.22031747722613482
2016-08-09,0.18709459795287503,0.18393139580862186,0.10562676446625195,0.3030297645461164,0.22031747722613482
2016-08-10,0.18709459795287503,0.18393139580862186,0.10562676446625195,0.3030297645461164,0.22031747722613482
2016-08-11,0.18709459795287503,0.18393139580862186,0.10562676446625195,0.3030297645461164,0.22031747722613482
2016-08-12,0.18709459795287503,0.18393139580862186,0.10562676446625195,0.3030297645461164,0.22031747722613482
2016-08-15,0.18709459795287503,0.18393139580862186,0.10562676446625195,0.3030297645461164,0.22031747722613482
2016-08-16,0.18709459795287503,0.18393139580862186,0.10562676446625195,0.3030297645461164,0.22031747722613482
2016-08-17,0.18709459795287503,0.18393139580862186,0.10562676446625195,0.3030297645461164,0.22031747722613482
2016-08-18,0.18709459795287503,0.18393139580862186,0.10562676446625195,0.3030297645461164,0.22031747722613482
2016-08-19,0.18709459795287503,0.18393139580862186,0.10562676446625195,0.3030297645461164,0.22031747722613482
2016-08-22,0.18709459795287503,0.18393139580862186,0.10562676446625195,0.3030297645461164,0.22031747722613482
2016-08-23,0.18709459795287503,0.18393139580862186,0.10562676446625195,0.3030297645461164,0.22031747722613482
2016-08-24,0.18785918609590999,0.18456446999868598,0.10495639713851612,0.3039522667827688,0.21866767998411912
2016-08-25,0.18785918609590999,0.18456446999868598,0.10495639713851612,0.3039522667827688,0.21866767998411912
2016-08-26,0.18785918609590999,0.18456446999868598,0.10495639713851612,0.3039522667827688,0.21866767998411912
2016-08-29,0.18785918609590999,0.18456446999868598,0.10495639713851612,0.3039522667827688,0.21866767998411912
2016-08-30,0.18785918609590999,0.18456446999868598,0.10495639713851612,0.3039522667827688,0.21866767998411912
2016-08-31,0.18785918609590999,0.18456446999868598,0.10495639713851612,0.3039522667827688,0.21866767998411912
2016-09-01,0.18785918609590999,0.18456446999868598,0.10495639713851612,0.3039522667827688,0.21866767998411912
2016-09-02,0.18785918609590999,0.18456446999868598,0.10495639713851612,0.3039522667827688,0.21866767998411912
2016-09-06,0.18785918609590999,0.18456446999868598,0.10495639713851612,0.3039522667827688,0.21866767998411912
2016-09-08,0.18785918609590999,0.18456446999868598,0.10495639713851612,0.3039522667827688,0.21866767998411912
2016-09-09,0.18785918609590999,0.18456446999868598,0.10495639713851612,0.3039522667827688,0.21866767998411912
2016-09-12,0.18785918609590999,0.18456446999868598,0.10495639713851612,0.3039522667827688,0.21866767998411912
2016-09-13,0.18785918609590999,0.18456446999868598,0.10495639713851612,0.3039522667827688,0.21866767998411912
2016-09-14,0.18785918609590999,0.18456446999868598,0.10495639713851612,0.3039522667827688,0.21866767998411912
2016-09-15,0.18785918609590999,0.18456446999868598,0.10495639713851612,0.3039522667827688,0.21866767998411912
2016-09-16,0.18785918609590999,0.18456446999868598,0.10495639713851612,0.3039522667827688,0.21866767998411912
2016-09-19,0.18785918609590999,0.18456446999868598,0.10495639713851612,0.3039522667827688,0.21866767998411912
2016-09-20,0.18785918609590999,0.18456446999868598,0.10495639713851612,0.3039522667827688,0.21866767998411912
2016-09-21,0.18785918609590999,0.18456446999868598,0.10495639713851612,0.3039522667827688,0.21866767998411912
2016-09-22,0.18785918609590999,0.18456446999868598,0.10495639713851612,0.3039522667827688,0.21866767998411912
2016-09-23,0.18785918609590999,0.18456446999868598,0.10495639713851612,0.3039522667827688,0.21866767998411912
2016-09-26,0.18721960150579436,0.18401463347290334,0.10370881292310558,0.2868220639907614,0.2382348881074354
2016-09-27,0.18721960150579436,0.18401463347290334,0.10370881292310558,0.2868220639907614,0.2382348881074354
2016-09-28,0.18721960150579436,0.18401463347290334,0.10370881292310558,0.2868220639907614,0.2382348881074354
2016-09-29,0.18721960150579436,0.18401463347290334,0.10370881292310558,0.2868220639907614,0.2382348881074354
2016-09-30,0.18721960150579436,0.18401463347290334,0.10370881292310558,0.2868220639907614,0.2382348881074354
2016-10-03,0.18721960150579436,0.18401463347290334,0.10370881292310558,0.2868220639907614,0.2382348881074354
2016-10-04,0.18721960150579436,0.18401463347290334,0.10370881292310558,0.2868220639907614,0.2382348881074354
2016-10-05,0.18721960150579436,0.18401463347290334,0.10370881292310558,0.2868220639907614,0.2382348881074354
2016-10-06,0.18721960150579436,0.18401463347290334,0.10370881292310558,0.2868220639907614,0.2382348881074354
2016-10-07,0.18721960150579436,0.18401463347290334,0.10370881292310558,0.2868220639907614,0.2382348881074354
2016-10-10,0.18721960150579436,0.18401463347290334,0.10370881292310558,0.2868220639907614,0.2382348881074354
2016-10-11,0.18721960150579436,0.18401463347290334,0.10370881292310558,0.2868220639907614,0.2382348881074354
2016-10-13,0.18721960150579436,0.18401463347290334,0.10370881292310558,0.2868220639907614,0.2382348881074354
2016-10-14,0.18721960150579436,0.18401463347290334,0.10370881292310558,0.2868220639907614,0.2382348881074354
2016-10-17,0.18721960150579436,0.18401463347290334,0.10370881292310558,0.2868220639907614,0.2382348881074354
2016-10-18,0.18721960150579436,0.18401463347290334,0.10370881292310558,0.2868220639907614,0.2382348881074354
2016-10-19,0.18721960150579436,0.18401463347290334,0.10370881292310558,0.2868220639907614,0.2382348881074354
2016-10-20,0.18721960150579436,0.18401463347290334,0.10370881292310558,0.2868220639907614,0.2382348881074354
2016-10-21,0.18721960150579436,0.18401463347290334,0.10370881292310558,0.2868220639907614,0.2382348881074354
2016-10-24,0.18721960150579436,0.18401463347290334,0.10370881292310558,0.2868220639907614,0.2382348881074354
2016-10-25,0.18721960150579436,0.18401463347290334,0.10370881292310558,0.2868220639907614,0.2382348881074354
2016-10-26,0.17570846042224217,0.17353268607808897,0.10439502720343881,0.30062577397641754,0.24573805231981247
2016-10-27,0.17570846042224217,0.17353268607808897,0.10439502720343881,0.30062577397641754,0.24573805231981247
2016-10-28,0.17570846042224217,0.17353268607808897,0.10439502720343881,0.30062577397641754,0.24573805231981247
2016-10-31,0.17570846042224217,0.17353268607808897,0.10439502720343881,0.30062577397641754,0.24573805231981247
2016-11-01,0.17570846042224217,0.17353268607808897,0.10439502720343881,0.30062577397641754,0.24573805231981247
2016-11-03,0.17570846042224217,0.17353268607808897,0.10439502720343881,0.30062577397641754,0.24573805231981247
2016-11-04,0.17570846042224217,0.17353268607808897,0.10439502720343881,0.30062577397641754,0.24573805231981247
2016-11-07,0.17570846042224217,0.17353268607808897,0.10439502720343881,0.30062577397641754,0.24573805231981247
2016-11-08,0.17570846042224217,0.17353268607808897,0.10439502720343881,0.30062577397641754,0.24573805231981247
2016-11-09,0.17570846042224217,0.17353268607808897,0.10439502720343881,0.30062577397641754,0.24573805231981247
2016-11-10,0.17570846042224217,0.17353268607808897,0.10439502720343881,0.30062577397641754,0.24573805231981247
2016-11-11,0.17570846042224217,0.17353268607808897,0.10439502720343881,0.30062577397641754,0.24573805231981247
2016-11-14,0.17570846042224217,0.17353268607808897,0.10439502720343881,0.30062577397641754,0.24573805231981247
2016-11-16,0.17570846042224217,0.17353268607808897,0.10439502720343881,0.30062577397641754,0.24573805231981247
2016-11-17,0.17570846042224217,0.17353268607808897,0.10439502720343881,0.30062577397641754,0.24573805231981247
2016-11-18,0.17570846042224217,0.17353268607808897,0.10439502720343881,0.30062577397641754,0.24573805231981247
2016-11-21,0.17570846042224217,0.17353268607808897,0.10439502720343881,0.30062577397641754,0.24573805231981247
2016-11-22,0.17570846042224217,0.17353268607808897,0.10439502720343881,0.30062577397641754,0.24573805231981247
2016-11-23,0.17570846042224217,0.17353268607808897,0.10439502720343881,0.30062577397641754,0.24573805231981247
2016-11-25,0.17570846042224217,0.17353268607808897,0.10439502720343881,0.30062577397641754,0.24573805231981247
2016-11-28,0.17570846042224217,0.17353268607808897,0.10439502720343881,0.30062577397641754,0.24573805231981247
2016-11-29,0.17177280654697497,0.1695260198546566,0.10540101647700614,0.30220731230724446,0.2510928448141179
2016-11-30,0.17177280654697497,0.1695260198546566,0.10540101647700614,0.30220731230724446,0.2510928448141179
2016-12-01,0.17177280654697497,0.1695260198546566,0.10540101647700614,0.30220731230724446,0.2510928448141179
2016-12-02,0.17177280654697497,0.1695260198546566,0.10540101647700614,0.30220731230724446,0.2510928448141179
2016-12-05,0.17177280654697497,0.1695260198546566,0.10540101647700614,0.30220731230724446,0.2510928448141179
2016-12-06,0.17177280654697497,0.1695260198546566,0.10540101647700614,0.30220731230724446,0.2510928448141179
2016-12-07,0.17177280654697497,0.1695260198546566,0.10540101647700614,0.30220731230724446,0.2510928448141179
2016-12-08,0.17177280654697497,0.1695260198546566,0.10540101647700614,0.30220731230724446,0.2510928448141179
2016-12-09,0.17177280654697497,0.1695260198546566,0.10540101647700614,0.30220731230724446,0.2510928448141179
2016-12-12,0.17177280654697497,0.1695260198546566,0.10540101647700614,0.30220731230724446,0.2510928448141179
2016-12-13,0.17177280654697497,0.1695260198546566,0.10540101647700614,0.30220731230724446,0.2510928448141179
2016-12-14,0.17177280654697497,0.1695260198546566,0.10540101647700614,0.30220731230724446,0.2510928448141179
2016-12-15,0.17177280654697497,0.1695260198546566,0.10540101647700614,0.30220731230724446,0.2510928448141179
2016-12-16,0.17177280654697497,0.1695260198546566,0.10540101647700614,0.30220731230724446,0.2510928448141179
2016-12-19,0.17177280654697497,0.1695260198546566,0.10540101647700614,0.30220731230724446,0.2510928448141179
2016-12-20,0.17177280654697497,0.1695260198546566,0.10540101647700614,0.30220731230724446,0.2510928448141179
2016-12-21,0.17177280654697497,0.1695260198546566,0.10540101647700614,0.30220731230724446,0.2510928448141179
2016-12-22,0.17177280654697497,0.1695260198546566,0.10540101647700614,0.30220731230724446,0.2510928448141179
2016-12-23,0.17177280654697497,0.1695260198546566,0.10540101647700614,0.30220731230724446,0.2510928448141179
2016-12-27,0.17177280654697497,0.1695260198546566,0.10540101647700614,0.30220731230724446,0.2510928448141179
2016-12-28,0.17177280654697497,0.1695260198546566,0.10540101647700614,0.30220731230724446,0.2510928448141179
2016-12-29,0.16798224805019144,0.1660112423812689,0.10547302375963272,0.30685497201665574,0.25367851379225115
2017-01-03,0.16798224805019144,0.1660112423812689,0.10547302375963272,0.30685497201665574,0.25367851379225115
2017-01-04,0.16798224805019144,0.1660112423812689,0.10547302375963272,0.30685497201665574,0.25367851379225115
2017-01-05,0.16798224805019144,0.1660112423812689,0.10547302375963272,0.30685497201665574,0.25367851379225115
2017-01-06,0.16798224805019144,0.1660112423812689,0.10547302375963272,0.30685497201665574,0.25367851379225115
2017-01-09,0.16798224805019144,0.1660112423812689,0.10547302375963272,0.30685497201665574,0.25367851379225115
2017-01-10,0.16798224805019144,0.1660112423812689,0.10547302375963272,0.30685497201665574,0.25367851379225115
2017-01-11,0.16798224805019144,0.1660112423812689,0.10547302375963272,0.30685497201665574,0.25367851379225115
2017-01-12,0.16798224805019144,0.1660112423812689,0.10547302375963272,0.30685497201665574,0.25367851379225115
2017-01-13,0.16798224805019144,0.1660112423812689,0.10547302375963272,0.30685497201665574,0.25367851379225115
2017-01-17,0.16798224805019144,0.1660112423812689,0.10547302375963272,0.30685497201665574,0.25367851379225115
2017-01-18,0.16798224805019144,0.1660112423812689,0.10547302375963272,0.30685497201665574,0.25367851379225115
2017-01-19,0.16798224805019144,0.1660112423812689,0.10547302375963272,0.30685497201665574,0.25367851379225115
2017-01-20,0.16798224805019144,0.1660112423812689,0.10547302375963272,0.30685497201665574,0.25367851379225115
2017-01-23,0.16798224805019144,0.1660112423812689,0.10547302375963272,0.30685497201665574,0.25367851379225115
2017-01-24,0.16798224805019144,0.1660112423812689,0.10547302375963272,0.30685497201665574,0.25367851379225115
2017-01-26,0.16798224805019144,0.1660112423812689,0.10547302375963272,0.30685497201665574,0.25367851379225115
2017-01-27,0.16798224805019144,0.1660112423812689,0.10547302375963272,0.30685497201665574,0.25367851379225115
2017-01-30,0.16798224805019144,0.1660112423812689,0.10547302375963272,0.30685497201665574,0.25367851379225115
2017-01-31,0.16798224805019144,0.1660112423812689,0.10547302375963272,0.30685497201665574,0.25367851379225115
2017-02-01,0.16798224805019144,0.1660112423812689,0.10547302375963272,0.30685497201665574,0.25367851379225115
2017-02-02,0.16115016427166584,0.15885430920772645,0.1068984461423677,0.29995448520394935,0.27314259517429074
2017-02-03,0.16115016427166584,0.15885430920772645,0.1068984461423677,0.29995448520394935,0.27314259517429074
2017-02-06,0.16115016427166584,0.15885430920772645,0.1068984461423677,0.29995448520394935,0.27314259517429074
2017-02-07,0.16115016427166584,0.15885430920772645,0.1068984461423677,0.29995448520394935,0.27314259517429074
2017-02-08,0.16115016427166584,0.15885430920772645,0.1068984461423677,0.29995448520394935,0.27314259517429074
2017-02-09,0.16115016427166584,0.15885430920772645,0.1068984461423677,0.29995448520394935,0.27314259517429074
2017-02-10,0.16115016427166584,0.15885430920772645,0.1068984461423677,0.29995448520394935,0.27314259517429074
2017-02-13,0.16115016427166584,0.15885430920772645,0.1068984461423677,0.29995448520394935,0.27314259517429074
2017-02-14,0.16115016427166584,0.15885430920772645,0.1068984461423677,0.29995448520394935,0.27314259517429074
2017-02-15,0.16115016427166584,0.15885430920772645,0.1068984461423677,0.29995448520394935,0.27314259517429074
2017-02-16,0.16115016427166584,0.15885430920772645,0.1068984461423677,0.29995448520394935,0.27314259517429074
2017-02-17,0.16115016427166584,0.15885430920772645,0.1068984461423677,0.29995448520394935,0.27314259517429074
2017-02-21,0.16115016427166584,0.15885430920772645,0.1068984461423677,0.29995448520394935,0.27314259517429074
2017-02-22,0.16115016427166584,0.15885430920772645,0.1068984461423677,0.29995448520394935,0.27314259517429074
2017-02-23,0.16115016427166584,0.15885430920772645,0.1068984461423677,0.29995448520394935,0.27314259517429074
2017-02-24,0.16115016427166584,0.15885430920772645,0.1068984461423677,0.29995448520394935,0.27314259517429074
2017-03-01,0.16115016427166584,0.15885430920772645,0.1068984461423677,0.29995448520394935,0.27314259517429074
2017-03-02,0.16115016427166584,0.15885430920772645,0.1068984461423677,0.29995448520394935,0.27314259517429074
2017-03-03,0.16115016427166584,0.15885430920772645,0.1068984461423677,0.29995448520394935,0.27314259517429074
2017-03-06,0.16115016427166584,0.15885430920772645,0.1068984461423677,0.29995448520394935,0.27314259517429074
2017-03-07,0.16115016427166584,0.15885430920772645,0.1068984461423677,0.29995448520394935,0.27314259517429074
2017-03-08,0.1629532149660213,0.16056470513445756,0.10834561019767182,0.2839922501420539,0.2841442195597954
2017-03-09,0.1629532149660213,0.16056470513445756,0.10834561019767182,0.2839922501420539,0.2841442195597954
2017-03-10,0.1629532149660213,0.16056470513445756,0.10834561019767182,0.2839922501420539,0.2841442195597954
2017-03-13,0.1629532149660213,0.16056470513445756,0.10834561019767182,0.2839922501420539,0.2841442195597954
2017-03-14,0.1629532149660213,0.16056470513445756,0.10834561019767182,0.2839922501420539,0.2841442195597954
2017-03-15,0.1629532149660213,0.16056470513445756,0.10834561019767182,0.2839922501420539,0.2841442195597954
2017-03-16,0.1629532149660213,0.16056470513445756,0.10834561019767182,0.2839922501420539,0.2841442195597954
2017-03-17,0.1629532149660213,0.16056470513445756,0.10834561019767182,0.2839922501420539,0.2841442195597954
2017-03-20,0.1629532149660213,0.16056470513445756,0.10834561019767182,0.2839922501420539,0.2841442195597954
2017-03-21,0.1629532149660213,0.16056470513445756,0.10834561019767182,0.2839922501420539,0.2841442195597954
2017-03-22,0.1629532149660213,0.16056470513445756,0.10834561019767182,0.2839922501420539,0.2841442195597954
2017-03-23,0.1629532149660213,0.16056470513445756,0.10834561019767182,0.2839922501420539,0.2841442195597954
2017-03-24,0.1629532149660213,0.16056470513445756,0.10834561019767182,0.2839922501420539,0.2841442195597954
2017-03-27,0.1629532149660213,0.16056470513445756,0.10834561019767182,0.2839922501420539,0.2841442195597954
2017-03-28,0.1629532149660213,0.16056470513445756,0.10834561019767182,0.2839922501420539,0.2841442195597954
2017-03-29,0.1629532149660213,0.16056470513445756,0.10834561019767182,0.2839922501420539,0.2841442195597954
2017-03-30,0.1629532149660213,0.16056470513445756,0.10834561019767182,0.2839922501420539,0.2841442195597954
2017-03-31,0.1629532149660213,0.16056470513445756,0.10834561019767182,0.2839922501420539,0.2841442195597954
2017-04-03,0.1629532149660213,0.16056470513445756,0.10834561019767182,0.2839922501420539,0.2841442195597954
2017-04-04,0.1629532149660213,0.16056470513445756,0.10834561019767182,0.2839922501420539,0.2841442195597954
2017-04-05,0.1629532149660213,0.16056470513445756,0.10834561019767182,0.2839922501420539,0.2841442195597954
2017-04-06,0.15940746730254174,0.15766069725891024,0.10677163862441415,0.29924381863464483,0.27691637817948916
2017-04-07,0.15940746730254174,0.15766069725891024,0.10677163862441415,0.29924381863464483,0.27691637817948916
2017-04-10,0.15940746730254174,0.15766069725891024,0.10677163862441415,0.29924381863464483,0.27691637817948916
2017-04-11,0.15940746730254174,0.15766069725891024,0.10677163862441415,0.29924381863464483,0.27691637817948916
2017-04-12,0.15940746730254174,0.15766069725891024,0.10677163862441415,0.29924381863464483,0.27691637817948916
2017-04-13,0.15940746730254174,0.15766069725891024,0.10677163862441415,0.29924381863464483,0.27691637817948916
2017-04-17,0.15940746730254174,0.15766069725891024,0.10677163862441415,0.29924381863464483,0.27691637817948916
2017-04-18,0.15940746730254174,0.15766069725891024,0.10677163862441415,0.29924381863464483,0.27691637817948916
2017-04-19,0.15940746730254174,0.15766069725891024,0.10677163862441415,0.29924381863464483,0.27691637817948916
2017-04-20,0.15940746730254174,0.15766069725891024,0.10677163862441415,0.29924381863464483,0.27691637817948916
2017-04-24,0.15940746730254174,0.15766069725891024,0.10677163862441415,0.29924381863464483,0.27691637817948916
2017-04-25,0.15940746730254174,0.15766069725891024,0.10677163862441415,0.29924381863464483,0.27691637817948916
2017-04-26,0.15940746730254174,0.15766069725891024,0.10677163862441415,0.29924381863464483,0.27691637817948916
2017-04-27,0.15940746730254174,0.15766069725891024,0.10677163862441415,0.29924381863464483,0.27691637817948916
2017-04-28,0.15940746730254174,0.15766069725891024,0.10677163862441415,0.29924381863464483,0.27691637817948916
2017-05-02,0.15940746730254174,0.15766069725891024,0.10677163862441415,0.29924381863464483,0.27691637817948916
2017-05-03,0.15940746730254174,0.15766069725891024,0.10677163862441415,0.29924381863464483,0.27691637817948916
2017-05-04,0.15940746730254174,0.15766069725891024,0.10677163862441415,0.29924381863464483,0.27691637817948916
2017-05-05,0.15940746730254174,0.15766069725891024,0.10677163862441415,0.29924381863464483,0.27691637817948916
2017-05-08,0.15940746730254174,0.15766069725891024,0.10677163862441415,0.29924381863464483,0.27691637817948916
2017-05-09,0.15940746730254174,0.15766069725891024,0.10677163862441415,0.29924381863464483,0.27691637817948916
2017-05-10,0.1580966953275145,0.15674723016191328,0.10443070115138488,0.3094495493532152,0.27127582400597217
2017-05-11,0.1580966953275145,0.15674723016191328,0.10443070115138488,0.3094495493532152,0.27127582400597217
2017-05-12,0.1580966953275145,0.15674723016191328,0.10443070115138488,0.3094495493532152,0.27127582400597217
2017-05-15,0.1580966953275145,0.15674723016191328,0.10443070115138488,0.3094495493532152,0.27127582400597217
2017-05-16,0.1580966953275145,0.15674723016191328,0.10443070115138488,0.3094495493532152,0.27127582400597217
2017-05-17,0.1580966953275145,0.15674723016191328,0.10443070115138488,0.3094495493532152,0.27127582400597217
2017-05-18,0.1580966953275145,0.15674723016191328,0.10443070115138488,0.3094495493532152,0.27127582400597217
2017-05-19,0.1580966953275145,0.15674723016191328,0.10443070115138488,0.3094495493532152,0.27127582400597217
2017-05-22,0.1580966953275145,0.15674723016191328,0.10443070115138488,0.3094495493532152,0.27127582400597217
2017-05-23,0.1580966953275145,0.15674723016191328,0.10443070115138488,0.3094495493532152,0.27127582400597217
2017-05-24,0.1580966953275145,0.15674723016191328,0.10443070115138488,0.3094495493532152,0.27127582400597217
2017-05-25,0.1580966953275145,0.15674723016191328,0.10443070115138488,0.3094495493532152,0.27127582400597217
2017-05-26,0.1580966953275145,0.15674723016191328,0.10443070115138488,0.3094495493532152,0.27127582400597217
2017-05-30,0.1580966953275145,0.15674723016191328,0.10443070115138488,0.3094495493532152,0.27127582400597217
2017-05-31,0.1580966953275145,0.15674723016191328,0.10443070115138488,0.3094495493532152,0.27127582400597217
2017-06-01,0.1580966953275145,0.15674723016191328,0.10443070115138488,0.3094495493532152,0.27127582400597217
2017-06-02,0.1580966953275145,0.15674723016191328,0.10443070115138488,0.3094495493532152,0.27127582400597217
2017-06-05,0.1580966953275145,0.15674723016191328,0.10443070115138488,0.3094495493532152,0.27127582400597217
2017-06-06,0.1580966953275145,0.15674723016191328,0.10443070115138488,0.3094495493532152,0.27127582400597217
2017-06-07,0.1580966953275145,0.15674723016191328,0.10443070115138488,0.3094495493532152,0.27127582400597217
2017-06-08,0.1580966953275145,0.15674723016191328,0.10443070115138488,0.3094495493532152,0.27127582400597217
2017-06-09,0.16602758233188836,0.16464599762346988,0.110909932741076,0.29529598972200155,0.26312049758156425
2017-06-12,0.16602758233188836,0.16464599762346988,0.110909932741076,0.29529598972200155,0.26312049758156425
2017-06-13,0.16602758233188836,0.16464599762346988,0.110909932741076,0.29529598972200155,0.26312049758156425
2017-06-14,0.16602758233188836,0.16464599762346988,0.110909932741076,0.29529598972200155,0.26312049758156425
2017-06-16,0.16602758233188836,0.16464599762346988,0.110909932741076,0.29529598972200155,0.26312049758156425
2017-06-19,0.16602758233188836,0.16464599762346988,0.110909932741076,0.29529598972200155,0.26312049758156425
2017-06-20,0.16602758233188836,0.16464599762346988,0.110909932741076,0.29529598972200155,0.26312049758156425
2017-06-21,0.16602758233188836,0.16464599762346988,0.110909932741076,0.29529598972200155,0.26312049758156425
2017-06-22,0.16602758233188836,0.16464599762346988,0.110909932741076,0.29529598972200155,0.26312049758156425
2017-06-23,0.16602758233188836,0.16464599762346988,0.110909932741076,0.29529598972200155,0.26312049758156425
2017-06-26,0.16602758233188836,0.16464599762346988,0.110909932741076,0.29529598972200155,0.26312049758156425
2017-06-27,0.16602758233188836,0.16464599762346988,0.110909932741076,0.29529598972200155,0.26312049758156425
2017-06-28,0.16602758233188836,0.16464599762346988,0.110909932741076,0.29529598972200155,0.26312049758156425
2017-06-29,0.16602758233188836,0.16464599762346988,0.110909932741076,0.29529598972200155,0.26312049758156425
2017-06-30,0.16602758233188836,0.16464599762346988,0.110909932741076,0.29529598972200155,0.26312049758156425
2017-07-03,0.16602758233188836,0.16464599762346988,0.110909932741076,0.29529598972200155,0.26312049758156425
2017-07-05,0.16602758233188836,0.16464599762346988,0.110909932741076,0.29529598972200155,0.26312049758156425
2017-07-06,0.16602758233188836,0.16464599762346988,0.110909932741076,0.29529598972200155,0.26312049758156425
2017-07-07,0.16602758233188836,0.16464599762346988,0.110909932741076,0.29529598972200155,0.26312049758156425
2017-07-10,0.16602758233188836,0.16464599762346988,0.110909932741076,0.29529598972200155,0.26312049758156425
2017-07-11,0.16602758233188836,0.16464599762346988,0.110909932741076,0.29529598972200155,0.26312049758156425
2017-07-12,0.16880286938758451,0.16737514473158707,0.11085433753502053,0.29215542495395946,0.2608122233918485
2017-07-13,0.16880286938758451,0.16737514473158707,0.11085433753502053,0.29215542495395946,0.2608122233918485
2017-07-14,0.16880286938758451,0.16737514473158707,0.11085433753502053,0.29215542495395946,0.2608122233918485
2017-07-17,0.16880286938758451,0.16737514473158707,0.11085433753502053,0.29215542495395946,0.2608122233918485
2017-07-18,0.16880286938758451,0.16737514473158707,0.11085433753502053,0.29215542495395946,0.2608122233918485
2017-07-19,0.16880286938758451,0.16737514473158707,0.11085433753502053,0.29215542495395946,0.2608122233918485
2017-07-20,0.16880286938758451,0.16737514473158707,0.11085433753502053,0.29215542495395946,0.2608122233918485
2017-07-21,0.16880286938758451,0.16737514473158707,0.11085433753502053,0.29215542495395946,0.2608122233918485
2017-07-24,0.16880286938758451,0.16737514473158707,0.11085433753502053,0.29215542495395946,0.2608122233918485
2017-07-25,0.16880286938758451,0.16737514473158707,0.11085433753502053,0.29215542495395946,0.2608122233918485
2017-07-26,0.16880286938758451,0.16737514473158707,0.11085433753502053,0.29215542495395946,0.2608122233918485
2017-07-27,0.16880286938758451,0.16737514473158707,0.11085433753502053,0.29215542495395946,0.2608122233918485
2017-07-28,0.16880286938758451,0.16737514473158707,0.11085433753502053,0.29215542495395946,0.2608122233918485
2017-07-31,0.16880286938758451,0.16737514473158707,0.11085433753502053,0.29215542495395946,0.2608122233918485
2017-08-01,0.16880286938758451,0.16737514473158707,0.11085433753502053,0.29215542495395946,0.2608122233918485
2017-08-02,0.16880286938758451,0.16737514473158707,0.11085433753502053,0.29215542495395946,0.2608122233918485
2017-08-03,0.16880286938758451,0.16737514473158707,0.11085433753502053,0.29215542495395946,0.2608122233918485
2017-08-04,0.16880286938758451,0.16737514473158707,0.11085433753502053,0.29215542495395946,0.2608122233918485
2017-08-07,0.16880286938758451,0.16737514473158707,0.11085433753502053,0.29215542495395946,0.2608122233918485
2017-08-08,0.16880286938758451,0.16737514473158707,0.11085433753502053,0.29215542495395946,0.2608122233918485
2017-08-09,0.16880286938758451,0.16737514473158707,0.11085433753502053,0.29215542495395946,0.2608122233918485
2017-08-10,0.16685663415559504,0.16566386285735038,0.11026734459224487,0.29467576738295526,0.26253639101185455
2017-08-11,0.16685663415559504,0.16566386285735038,0.11026734459224487,0.29467576738295526,0.26253639101185455
2017-08-14,0.16685663415559504,0.16566386285735038,0.11026734459224487,0.29467576738295526,0.26253639101185455
2017-08-15,0.16685663415559504,0.16566386285735038,0.11026734459224487,0.29467576738295526,0.26253639101185455
2017-08-16,0.16685663415559504,0.16566386285735038,0.11026734459224487,0.29467576738295526,0.26253639101185455
2017-08-17,0.16685663415559504,0.16566386285735038,0.11026734459224487,0.29467576738295526,0.26253639101185455
2017-08-18,0.16685663415559504,0.16566386285735038,0.11026734459224487,0.29467576738295526,0.26253639101185455
2017-08-21,0.16685663415559504,0.16566386285735038,0.11026734459224487,0.29467576738295526,0.26253639101185455
2017-08-22,0.16685663415559504,0.16566386285735038,0.11026734459224487,0.29467576738295526,0.26253639101185455
2017-08-23,0.16685663415559504,0.16566386285735038,0.11026734459224487,0.29467576738295526,0.26253639101185455
2017-08-24,0.16685663415559504,0.16566386285735038,0.11026734459224487,0.29467576738295526,0.26253639101185455
2017-08-25,0.16685663415559504,0.16566386285735038,0.11026734459224487,0.29467576738295526,0.26253639101185455
2017-08-28,0.16685663415559504,0.16566386285735038,0.11026734459224487,0.29467576738295526,0.26253639101185455
2017-08-29,0.16685663415559504,0.16566386285735038,0.11026734459224487,0.29467576738295526,0.26253639101185455
2017-08-30,0.16685663415559504,0.16566386285735038,0.11026734459224487,0.29467576738295526,0.26253639101185455
2017-08-31,0.16685663415559504,0.16566386285735038,0.11026734459224487,0.29467576738295526,0.26253639101185455
2017-09-01,0.16685663415559504,0.16566386285735038,0.11026734459224487,0.29467576738295526,0.26253639101185455
2017-09-05,0.16685663415559504,0.16566386285735038,0.11026734459224487,0.29467576738295526,0.26253639101185455
2017-09-06,0.16685663415559504,0.16566386285735038,0.11026734459224487,0.29467576738295526,0.26253639101185455
2017-09-08,0.16685663415559504,0.16566386285735038,0.11026734459224487,0.29467576738295526,0.26253639101185455
2017-09-11,0.16685663415559504,0.16566386285735038,0.11026734459224487,0.29467576738295526,0.26253639101185455
2017-09-12,0.16613945273069,0.16499453639553482,0.10948630892989004,0.3024085223965294,0.2569711795473558
2017-09-13,0.16613945273069,0.16499453639553482,0.10948630892989004,0.3024085223965294,0.2569711795473558
2017-09-14,0.16613945273069,0.16499453639553482,0.10948630892989004,0.3024085223965294,0.2569711795473558
2017-09-15,0.16613945273069,0.16499453639553482,0.10948630892989004,0.3024085223965294,0.2569711795473558
2017-09-18,0.16613945273069,0.16499453639553482,0.10948630892989004,0.3024085223965294,0.2569711795473558
2017-09-19,0.16613945273069,0.16499453639553482,0.10948630892989004,0.3024085223965294,0.2569711795473558
2017-09-20,0.16613945273069,0.16499453639553482,0.10948630892989004,0.3024085223965294,0.2569711795473558
2017-09-21,0.16613945273069,0.16499453639553482,0.10948630892989004,0.3024085223965294,0.2569711795473558
2017-09-22,0.16613945273069,0.16499453639553482,0.10948630892989004,0.3024085223965294,0.2569711795473558
2017-09-25,0.16613945273069,0.16499453639553482,0.10948630892989004,0.3024085223965294,0.2569711795473558
2017-09-26,0.16613945273069,0.16499453639553482,0.10948630892989004,0.3024085223965294,0.2569711795473558
2017-09-27,0.16613945273069,0.16499453639553482,0.10948630892989004,0.3024085223965294,0.2569711795473558
2017-09-28,0.16613945273069,0.16499453639553482,0.10948630892989004,0.3024085223965294,0.2569711795473558
2017-09-29,0.16613945273069,0.16499453639553482,0.10948630892989004,0.3024085223965294,0.2569711795473558
2017-10-02,0.16613945273069,0.16499453639553482,0.10948630892989004,0.3024085223965294,0.2569711795473558
2017-10-03,0.16613945273069,0.16499453639553482,0.10948630892989004,0.3024085223965294,0.2569711795473558
2017-10-04,0.16613945273069,0.16499453639553482,0.10948630892989004,0.3024085223965294,0.2569711795473558
2017-10-05,0.16613945273069,0.16499453639553482,0.10948630892989004,0.3024085223965294,0.2569711795473558
2017-10-06,0.16613945273069,0.16499453639553482,0.10948630892989004,0.3024085223965294,0.2569711795473558
2017-10-09,0.16613945273069,0.16499453639553482,0.10948630892989004,0.3024085223965294,0.2569711795473558
2017-10-10,0.16613945273069,0.16499453639553482,0.10948630892989004,0.3024085223965294,0.2569711795473558
2017-10-11,0.16401407685296598,0.16310382930177675,0.11179997729404623,0.2995730499917583,0.26150906655945266
2017-10-13,0.16401407685296598,0.16310382930177675,0.11179997729404623,0.2995730499917583,0.26150906655945266
2017-10-16,0.16401407685296598,0.16310382930177675,0.11179997729404623,0.2995730499917583,0.26150906655945266
2017-10-17,0.16401407685296598,0.16310382930177675,0.11179997729404623,0.2995730499917583,0.26150906655945266
2017-10-18,0.16401407685296598,0.16310382930177675,0.11179997729404623,0.2995730499917583,0.26150906655945266
2017-10-19,0.16401407685296598,0.16310382930177675,0.11179997729404623,0.2995730499917583,0.26150906655945266
2017-10-20,0.16401407685296598,0.16310382930177675,0.11179997729404623,0.2995730499917583,0.26150906655945266
2017-10-23,0.16401407685296598,0.16310382930177675,0.11179997729404623,0.2995730499917583,0.26150906655945266
2017-10-24,0.16401407685296598,0.16310382930177675,0.11179997729404623,0.2995730499917583,0.26150906655945266
2017-10-25,0.16401407685296598,0.16310382930177675,0.11179997729404623,0.2995730499917583,0.26150906655945266
2017-10-26,0.16401407685296598,0.16310382930177675,0.11179997729404623,0.2995730499917583,0.26150906655945266
2017-10-27,0.16401407685296598,0.16310382930177675,0.11179997729404623,0.2995730499917583,0.26150906655945266
2017-10-30,0.16401407685296598,0.16310382930177675,0.11179997729404623,0.2995730499917583,0.26150906655945266
2017-10-31,0.16401407685296598,0.16310382930177675,0.11179997729404623,0.2995730499917583,0.26150906655945266
2017-11-01,0.16401407685296598,0.16310382930177675,0.11179997729404623,0.2995730499917583,0.26150906655945266
2017-11-03,0.16401407685296598,0.16310382930177675,0.11179997729404623,0.2995730499917583,0.26150906655945266
2017-11-06,0.16401407685296598,0.16310382930177675,0.11179997729404623,0.2995730499917583,0.26150906655945266
2017-11-07,0.16401407685296598,0.16310382930177675,0.11179997729404623,0.2995730499917583,0.26150906655945266
2017-11-08,0.16401407685296598,0.16310382930177675,0.11179997729404623,0.2995730499917583,0.26150906655945266
2017-11-09,0.16401407685296598,0.16310382930177675,0.11179997729404623,0.2995730499917583,0.26150906655945266
2017-11-10,0.16401407685296598,0.16310382930177675,0.11179997729404623,0.2995730499917583,0.26150906655945266
2017-11-13,0.1620826478111703,0.1612504598374495,0.10865646098421128,0.3054288256337407,0.2625816057334283
2017-11-14,0.1620826478111703,0.1612504598374495,0.10865646098421128,0.3054288256337407,0.2625816057334283
2017-11-16,0.1620826478111703,0.1612504598374495,0.10865646098421128,0.3054288256337407,0.2625816057334283
2017-11-17,0.1620826478111703,0.1612504598374495,0.10865646098421128,0.3054288256337407,0.2625816057334283
2017-11-21,0.1620826478111703,0.1612504598374495,0.10865646098421128,0.3054288256337407,0.2625816057334283
2017-11-22,0.1620826478111703,0.1612504598374495,0.10865646098421128,0.3054288256337407,0.2625816057334283
2017-11-24,0.1620826478111703,0.1612504598374495,0.10865646098421128,0.3054288256337407,0.2625816057334283
2017-11-27,0.1620826478111703,0.1612504598374495,0.10865646098421128,0.3054288256337407,0.2625816057334283
2017-11-28,0.1620826478111703,0.1612504598374495,0.10865646098421128,0.3054288256337407,0.2625816057334283
2017-11-29,0.1620826478111703,0.1612504598374495,0.10865646098421128,0.3054288256337407,0.2625816057334283
2017-11-30,0.1620826478111703,0.1612504598374495,0.10865646098421128,0.3054288256337407,0.2625816057334283
2017-12-01,0.1620826478111703,0.1612504598374495,0.10865646098421128,0.3054288256337407,0.2625816057334283
2017-12-04,0.1620826478111703,0.1612504598374495,0.10865646098421128,0.3054288256337407,0.2625816057334283
2017-12-05,0.1620826478111703,0.1612504598374495,0.10865646098421128,0.3054288256337407,0.2625816057334283
2017-12-06,0.1620826478111703,0.1612504598374495,0.10865646098421128,0.3054288256337407,0.2625816057334283
2017-12-07,0.1620826478111703,0.1612504598374495,0.10865646098421128,0.3054288256337407,0.2625816057334283
2017-12-08,0.1620826478111703,0.1612504598374495,0.10865646098421128,0.3054288256337407,0.2625816057334283
2017-12-11,0.1620826478111703,0.1612504598374495,0.10865646098421128,0.3054288256337407,0.2625816057334283
2017-12-12,0.1620826478111703,0.1612504598374495,0.10865646098421128,0.3054288256337407,0.2625816057334283
2017-12-13,0.1620826478111703,0.1612504598374495,0.10865646098421128,0.3054288256337407,0.2625816057334283
2017-12-14,0.1620826478111703,0.1612504598374495,0.10865646098421128,0.3054288256337407,0.2625816057334283
2017-12-15,0.16546087612780944,0.16474660567002888,0.10829905276270847,0.29958412973736004,0.26190933570209324
2017-12-18,0.16546087612780944,0.16474660567002888,0.10829905276270847,0.29958412973736004,0.26190933570209324
2017-12-19,0.16546087612780944,0.16474660567002888,0.10829905276270847,0.29958412973736004,0.26190933570209324
2017-12-20,0.16546087612780944,0.16474660567002888,0.10829905276270847,0.29958412973736004,0.26190933570209324
2017-12-21,0.16546087612780944,0.16474660567002888,0.10829905276270847,0.29958412973736004,0.26190933570209324
2017-12-22,0.16546087612780944,0.16474660567002888,0.10829905276270847,0.29958412973736004,0.26190933570209324
2017-12-26,0.16546087612780944,0.16474660567002888,0.10829905276270847,0.29958412973736004,0.26190933570209324
2017-12-27,0.16546087612780944,0.16474660567002888,0.10829905276270847,0.29958412973736004,0.26190933570209324
2017-12-28,0.16546087612780944,0.16474660567002888,0.10829905276270847,0.29958412973736004,0.26190933570209324
2018-01-02,0.16546087612780944,0.16474660567002888,0.10829905276270847,0.29958412973736004,0.26190933570209324
2018-01-03,0.16546087612780944,0.16474660567002888,0.10829905276270847,0.29958412973736004,0.26190933570209324
2018-01-04,0.16546087612780944,0.16474660567002888,0.10829905276270847,0.29958412973736004,0.26190933570209324
2018-01-05,0.16546087612780944,0.16474660567002888,0.10829905276270847,0.29958412973736004,0.26190933570209324
2018-01-08,0.16546087612780944,0.16474660567002888,0.10829905276270847,0.29958412973736004,0.26190933570209324
2018-01-09,0.16546087612780944,0.16474660567002888,0.10829905276270847,0.29958412973736004,0.26190933570209324
2018-01-10,0.16546087612780944,0.16474660567002888,0.10829905276270847,0.29958412973736004,0.26190933570209324
2018-01-11,0.16546087612780944,0.16474660567002888,0.10829905276270847,0.29958412973736004,0.26190933570209324
2018-01-12,0.16546087612780944,0.16474660567002888,0.10829905276270847,0.29958412973736004,0.26190933570209324
2018-01-16,0.16546087612780944,0.16474660567002888,0.10829905276270847,0.29958412973736004,0.26190933570209324
2018-01-17,0.16546087612780944,0.16474660567002888,0.10829905276270847,0.29958412973736004,0.26190933570209324
2018-01-18,0.16546087612780944,0.16474660567002888,0.10829905276270847,0.29958412973736004,0.26190933570209324
2018-01-19,0.16594765812675868,0.16561181121792548,0.10996464633221388,0.3005509334458923,0.25792495087720974
2018-01-22,0.16594765812675868,0.16561181121792548,0.10996464633221388,0.3005509334458923,0.25792495087720974
2018-01-23,0.16594765812675868,0.16561181121792548,0.10996464633221388,0.3005509334458923,0.25792495087720974
2018-01-24,0.16594765812675868,0.16561181121792548,0.10996464633221388,0.3005509334458923,0.25792495087720974
2018-01-26,0.16594765812675868,0.16561181121792548,0.10996464633221388,0.3005509334458923,0.25792495087720974
2018-01-29,0.16594765812675868,0.16561181121792548,0.10996464633221388,0.3005509334458923,0.25792495087720974
2018-01-30,0.16594765812675868,0.16561181121792548,0.10996464633221388,0.3005509334458923,0.25792495087720974
2018-01-31,0.16594765812675868,0.16561181121792548,0.10996464633221388,0.3005509334458923,0.25792495087720974
2018-02-01,0.16594765812675868,0.16561181121792548,0.10996464633221388,0.3005509334458923,0.25792495087720974
2018-02-02,0.16594765812675868,0.16561181121792548,0.10996464633221388,0.3005509334458923,0.25792495087720974
2018-02-05,0.16594765812675868,0.16561181121792548,0.10996464633221388,0.3005509334458923,0.25792495087720974
2018-02-06,0.16594765812675868,0.16561181121792548,0.10996464633221388,0.3005509334458923,0.25792495087720974
2018-02-07,0.16594765812675868,0.16561181121792548,0.10996464633221388,0.3005509334458923,0.25792495087720974
2018-02-08,0.16594765812675868,0.16561181121792548,0.10996464633221388,0.3005509334458923,0.25792495087720974
2018-02-09,0.16594765812675868,0.16561181121792548,0.10996464633221388,0.3005509334458923,0.25792495087720974
2018-02-14,0.16594765812675868,0.16561181121792548,0.10996464633221388,0.3005509334458923,0.25792495087720974
2018-02-15,0.16594765812675868,0.16561181121792548,0.10996464633221388,0.3005509334458923,0.25792495087720974
2018-02-16,0.16594765812675868,0.16561181121792548,0.10996464633221388,0.3005509334458923,0.25792495087720974
2018-02-20,0.16594765812675868,0.16561181121792548,0.10996464633221388,0.3005509334458923,0.25792495087720974
2018-02-21,0.16594765812675868,0.16561181121792548,0.10996464633221388,0.3005509334458923,0.25792495087720974
2018-02-22,0.16594765812675868,0.16561181121792548,0.10996464633221388,0.3005509334458923,0.25792495087720974
2018-02-23,0.16365552635337907,0.1636644723581806,0.10691497759759562,0.327288908245335,0.23847611544550976
2018-02-26,0.16365552635337907,0.1636644723581806,0.10691497759759562,0.327288908245335,0.23847611544550976
2018-02-27,0.16365552635337907,0.1636644723581806,0.10691497759759562,0.327288908245335,0.23847611544550976
2018-02-28,0.16365552635337907,0.1636644723581806,0.10691497759759562,0.327288908245335,0.23847611544550976
2018-03-01,0.16365552635337907,0.1636644723581806,0.10691497759759562,0.327288908245335,0.23847611544550976
2018-03-02,0.16365552635337907,0.1636644723581806,0.10691497759759562,0.327288908245335,0.23847611544550976
2018-03-05,0.16365552635337907,0.1636644723581806,0.10691497759759562,0.327288908245335,0.23847611544550976
2018-03-06,0.16365552635337907,0.1636644723581806,0.10691497759759562,0.327288908245335,0.23847611544550976
2018-03-07,0.16365552635337907,0.1636644723581806,0.10691497759759562,0.327288908245335,0.23847611544550976
2018-03-08,0.16365552635337907,0.1636644723581806,0.10691497759759562,0.327288908245335,0.23847611544550976
2018-03-09,0.16365552635337907,0.1636644723581806,0.10691497759759562,0.327288908245335,0.23847611544550976
2018-03-12,0.16365552635337907,0.1636644723581806,0.10691497759759562,0.327288908245335,0.23847611544550976
2018-03-13,0.16365552635337907,0.1636644723581806,0.10691497759759562,0.327288908245335,0.23847611544550976
2018-03-14,0.16365552635337907,0.1636644723581806,0.10691497759759562,0.327288908245335,0.23847611544550976
2018-03-15,0.16365552635337907,0.1636644723581806,0.10691497759759562,0.327288908245335,0.23847611544550976
2018-03-16,0.16365552635337907,0.1636644723581806,0.10691497759759562,0.327288908245335,0.23847611544550976
2018-03-19,0.16365552635337907,0.1636644723581806,0.10691497759759562,0.327288908245335,0.23847611544550976
2018-03-20,0.16365552635337907,0.1636644723581806,0.10691497759759562,0.327288908245335,0.23847611544550976
2018-03-21,0.16365552635337907,0.1636644723581806,0.10691497759759562,0.327288908245335,0.23847611544550976
2018-03-22,0.16365552635337907,0.1636644723581806,0.10691497759759562,0.327288908245335,0.23847611544550976
2018-03-23,0.16365552635337907,0.1636644723581806,0.10691497759759562,0.327288908245335,0.23847611544550976
2018-03-26,0.16376610370535596,0.1640840696628135,0.10918311952375878,0.3308856720009113,0.23208103510716044
2018-03-27,0.16376610370535596,0.1640840696628135,0.10918311952375878,0.3308856720009113,0.23208103510716044
2018-03-28,0.16376610370535596,0.1640840696628135,0.10918311952375878,0.3308856720009113,0.23208103510716044
2018-03-29,0.16376610370535596,0.1640840696628135,0.10918311952375878,0.3308856720009113,0.23208103510716044
2018-04-02,0.16376610370535596,0.1640840696628135,0.10918311952375878,0.3308856720009113,0.23208103510716044
2018-04-03,0.16376610370535596,0.1640840696628135,0.10918311952375878,0.3308856720009113,0.23208103510716044
2018-04-04,0.16376610370535596,0.1640840696628135,0.10918311952375878,0.3308856720009113,0.23208103510716044
2018-04-05,0.16376610370535596,0.1640840696628135,0.10918311952375878,0.3308856720009113,0.23208103510716044
2018-04-06,0.16376610370535596,0.1640840696628135,0.10918311952375878,0.3308856720009113,0.23208103510716044
2018-04-09,0.16376610370535596,0.1640840696628135,0.10918311952375878,0.3308856720009113,0.23208103510716044
2018-04-10,0.16376610370535596,0.1640840696628135,0.10918311952375878,0.3308856720009113,0.23208103510716044
2018-04-11,0.16376610370535596,0.1640840696628135,0.10918311952375878,0.3308856720009113,0.23208103510716044
2018-04-12,0.16376610370535596,0.1640840696628135,0.10918311952375878,0.3308856720009113,0.23208103510716044
2018-04-13,0.16376610370535596,0.1640840696628135,0.10918311952375878,0.3308856720009113,0.23208103510716044
2018-04-16,0.16376610370535596,0.1640840696628135,0.10918311952375878,0.3308856720009113,0.23208103510716044
2018-04-17,0.16376610370535596,0.1640840696628135,0.10918311952375878,0.3308856720009113,0.23208103510716044
2018-04-18,0.16376610370535596,0.1640840696628135,0.10918311952375878,0.3308856720009113,0.23208103510716044
2018-04-19,0.16376610370535596,0.1640840696628135,0.10918311952375878,0.3308856720009113,0.23208103510716044
2018-04-20,0.16376610370535596,0.1640840696628135,0.10918311952375878,0.3308856720009113,0.23208103510716044
2018-04-23,0.16376610370535596,0.1640840696628135,0.10918311952375878,0.3308856720009113,0.23208103510716044
2018-04-24,0.16376610370535596,0.1640840696628135,0.10918311952375878,0.3308856720009113,0.23208103510716044
2018-04-25,0.16479753303855454,0.16528573287056644,0.11041092195484616,0.3351644499321557,0.22434136220387718
2018-04-26,0.16479753303855454,0.16528573287056644,0.11041092195484616,0.3351644499321557,0.22434136220387718
2018-04-27,0.16479753303855454,0.16528573287056644,0.11041092195484616,0.3351644499321557,0.22434136220387718
2018-04-30,0.16479753303855454,0.16528573287056644,0.11041092195484616,0.3351644499321557,0.22434136220387718
2018-05-02,0.16479753303855454,0.16528573287056644,0.11041092195484616,0.3351644499321557,0.22434136220387718
2018-05-03,0.16479753303855454,0.16528573287056644,0.11041092195484616,0.3351644499321557,0.22434136220387718
2018-05-04,0.16479753303855454,0.16528573287056644,0.11041092195484616,0.3351644499321557,0.22434136220387718
2018-05-07,0.16479753303855454,0.16528573287056644,0.11041092195484616,0.3351644499321557,0.22434136220387718
2018-05-08,0.16479753303855454,0.16528573287056644,0.11041092195484616,0.3351644499321557,0.22434136220387718
2018-05-09,0.16479753303855454,0.16528573287056644,0.11041092195484616,0.3351644499321557,0.22434136220387718
2018-05-10,0.16479753303855454,0.16528573287056644,0.11041092195484616,0.3351644499321557,0.22434136220387718
2018-05-11,0.16479753303855454,0.16528573287056644,0.11041092195484616,0.3351644499321557,0.22434136220387718
2018-05-14,0.16479753303855454,0.16528573287056644,0.11041092195484616,0.3351644499321557,0.22434136220387718
2018-05-15,0.16479753303855454,0.16528573287056644,0.11041092195484616,0.3351644499321557,0.22434136220387718
2018-05-16,0.16479753303855454,0.16528573287056644,0.11041092195484616,0.3351644499321557,0.22434136220387718
2018-05-17,0.16479753303855454,0.16528573287056644,0.11041092195484616,0.3351644499321557,0.22434136220387718
2018-05-18,0.16479753303855454,0.16528573287056644,0.11041092195484616,0.3351644499321557,0.22434136220387718
2018-05-21,0.16479753303855454,0.16528573287056644,0.11041092195484616,0.3351644499321557,0.22434136220387718
2018-05-22,0.16479753303855454,0.16528573287056644,0.11041092195484616,0.3351644499321557,0.22434136220387718
2018-05-23,0.16479753303855454,0.16528573287056644,0.11041092195484616,0.3351644499321557,0.22434136220387718
2018-05-24,0.16479753303855454,0.16528573287056644,0.11041092195484616,0.3351644499321557,0.22434136220387718
2018-05-25,0.16193357221925764,0.16314126363759085,0.11152506690393477,0.340402009963075,0.2229980872761418
2018-05-29,0.16193357221925764,0.16314126363759085,0.11152506690393477,0.340402009963075,0.2229980872761418
2018-05-30,0.16193357221925764,0.16314126363759085,0.11152506690393477,0.340402009963075,0.2229980872761418
2018-06-01,0.16193357221925764,0.16314126363759085,0.11152506690393477,0.340402009963075,0.2229980872761418
2018-06-04,0.16193357221925764,0.16314126363759085,0.11152506690393477,0.340402009963075,0.2229980872761418
2018-06-05,0.16193357221925764,0.16314126363759085,0.11152506690393477,0.340402009963075,0.2229980872761418
2018-06-06,0.16193357221925764,0.16314126363759085,0.11152506690393477,0.340402009963075,0.2229980872761418
2018-06-07,0.16193357221925764,0.16314126363759085,0.11152506690393477,0.340402009963075,0.2229980872761418
2018-06-08,0.16193357221925764,0.16314126363759085,0.11152506690393477,0.340402009963075,0.2229980872761418
2018-06-11,0.16193357221925764,0.16314126363759085,0.11152506690393477,0.340402009963075,0.2229980872761418
2018-06-12,0.16193357221925764,0.16314126363759085,0.11152506690393477,0.340402009963075,0.2229980872761418
2018-06-13,0.16193357221925764,0.16314126363759085,0.11152506690393477,0.340402009963075,0.2229980872761418
2018-06-14,0.16193357221925764,0.16314126363759085,0.11152506690393477,0.340402009963075,0.2229980872761418
2018-06-15,0.16193357221925764,0.16314126363759085,0.11152506690393477,0.340402009963075,0.2229980872761418
2018-06-18,0.16193357221925764,0.16314126363759085,0.11152506690393477,0.340402009963075,0.2229980872761418
2018-06-19,0.16193357221925764,0.16314126363759085,0.11152506690393477,0.340402009963075,0.2229980872761418
2018-06-20,0.16193357221925764,0.16314126363759085,0.11152506690393477,0.340402009963075,0.2229980872761418
2018-06-21,0.16193357221925764,0.16314126363759085,0.11152506690393477,0.340402009963075,0.2229980872761418
2018-06-22,0.16193357221925764,0.16314126363759085,0.11152506690393477,0.340402009963075,0.2229980872761418
2018-06-25,0.16193357221925764,0.16314126363759085,0.11152506690393477,0.340402009963075,0.2229980872761418
2018-06-26,0.16193357221925764,0.16314126363759085,0.11152506690393477,0.340402009963075,0.2229980872761418
2018-06-27,0.15310483813007045,0.15460938908177793,0.10170732425319096,0.37041503574393825,0.22016341279102247
2018-06-28,0.15310483813007045,0.15460938908177793,0.10170732425319096,0.37041503574393825,0.22016341279102247
2018-06-29,0.15310483813007045,0.15460938908177793,0.10170732425319096,0.37041503574393825,0.22016341279102247
2018-07-02,0.15310483813007045,0.15460938908177793,0.10170732425319096,0.37041503574393825,0.22016341279102247
2018-07-03,0.15310483813007045,0.15460938908177793,0.10170732425319096,0.37041503574393825,0.22016341279102247
2018-07-05,0.15310483813007045,0.15460938908177793,0.10170732425319096,0.37041503574393825,0.22016341279102247
2018-07-06,0.15310483813007045,0.15460938908177793,0.10170732425319096,0.37041503574393825,0.22016341279102247
2018-07-10,0.15310483813007045,0.15460938908177793,0.10170732425319096,0.37041503574393825,0.22016341279102247
2018-07-11,0.15310483813007045,0.15460938908177793,0.10170732425319096,0.37041503574393825,0.22016341279102247
2018-07-12,0.15310483813007045,0.15460938908177793,0.10170732425319096,0.37041503574393825,0.22016341279102247
2018-07-13,0.15310483813007045,0.15460938908177793,0.10170732425319096,0.37041503574393825,0.22016341279102247
2018-07-16,0.15310483813007045,0.15460938908177793,0.10170732425319096,0.37041503574393825,0.22016341279102247
2018-07-17,0.15310483813007045,0.15460938908177793,0.10170732425319096,0.37041503574393825,0.22016341279102247
2018-07-18,0.15310483813007045,0.15460938908177793,0.10170732425319096,0.37041503574393825,0.22016341279102247
2018-07-19,0.15310483813007045,0.15460938908177793,0.10170732425319096,0.37041503574393825,0.22016341279102247
2018-07-20,0.15310483813007045,0.15460938908177793,0.10170732425319096,0.37041503574393825,0.22016341279102247
2018-07-23,0.15310483813007045,0.15460938908177793,0.10170732425319096,0.37041503574393825,0.22016341279102247
2018-07-24,0.15310483813007045,0.15460938908177793,0.10170732425319096,0.37041503574393825,0.22016341279102247
2018-07-25,0.15310483813007045,0.15460938908177793,0.10170732425319096,0.37041503574393825,0.22016341279102247
2018-07-26,0.15310483813007045,0.15460938908177793,0.10170732425319096,0.37041503574393825,0.22016341279102247
2018-07-27,0.15310483813007045,0.15460938908177793,0.10170732425319096,0.37041503574393825,0.22016341279102247
2018-07-30,0.152675498708588,0.15419451226033817,0.10012184273196091,0.37481986159493563,0.2181882847041773
2018-07-31,0.152675498708588,0.15419451226033817,0.10012184273196091,0.37481986159493563,0.2181882847041773
2018-08-01,0.152675498708588,0.15419451226033817,0.10012184273196091,0.37481986159493563,0.2181882847041773
2018-08-02,0.152675498708588,0.15419451226033817,0.10012184273196091,0.37481986159493563,0.2181882847041773
2018-08-03,0.152675498708588,0.15419451226033817,0.10012184273196091,0.37481986159493563,0.2181882847041773
2018-08-06,0.152675498708588,0.15419451226033817,0.10012184273196091,0.37481986159493563,0.2181882847041773
2018-08-07,0.152675498708588,0.15419451226033817,0.10012184273196091,0.37481986159493563,0.2181882847041773
2018-08-08,0.152675498708588,0.15419451226033817,0.10012184273196091,0.37481986159493563,0.2181882847041773
2018-08-09,0.152675498708588,0.15419451226033817,0.10012184273196091,0.37481986159493563,0.2181882847041773
2018-08-10,0.152675498708588,0.15419451226033817,0.10012184273196091,0.37481986159493563,0.2181882847041773
2018-08-13,0.152675498708588,0.15419451226033817,0.10012184273196091,0.37481986159493563,0.2181882847041773
2018-08-14,0.152675498708588,0.15419451226033817,0.10012184273196091,0.37481986159493563,0.2181882847041773
2018-08-15,0.152675498708588,0.15419451226033817,0.10012184273196091,0.37481986159493563,0.2181882847041773
2018-08-16,0.152675498708588,0.15419451226033817,0.10012184273196091,0.37481986159493563,0.2181882847041773
2018-08-17,0.152675498708588,0.15419451226033817,0.10012184273196091,0.37481986159493563,0.2181882847041773
2018-08-20,0.152675498708588,0.15419451226033817,0.10012184273196091,0.37481986159493563,0.2181882847041773
2018-08-21,0.152675498708588,0.15419451226033817,0.10012184273196091,0.37481986159493563,0.2181882847041773
2018-08-22,0.152675498708588,0.15419451226033817,0.10012184273196091,0.37481986159493563,0.2181882847041773
2018-08-23,0.152675498708588,0.15419451226033817,0.10012184273196091,0.37481986159493563,0.2181882847041773
2018-08-24,0.152675498708588,0.15419451226033817,0.10012184273196091,0.37481986159493563,0.2181882847041773
2018-08-27,0.152675498708588,0.15419451226033817,0.10012184273196091,0.37481986159493563,0.2181882847041773
2018-08-28,0.1548470486202405,0.1563970403020587,0.1004332957481127,0.36191557885680153,0.22640703647278654
2018-08-29,0.1548470486202405,0.1563970403020587,0.1004332957481127,0.36191557885680153,0.22640703647278654
2018-08-30,0.1548470486202405,0.1563970403020587,0.1004332957481127,0.36191557885680153,0.22640703647278654
2018-08-31,0.1548470486202405,0.1563970403020587,0.1004332957481127,0.36191557885680153,0.22640703647278654
2018-09-04,0.1548470486202405,0.1563970403020587,0.1004332957481127,0.36191557885680153,0.22640703647278654
2018-09-05,0.1548470486202405,0.1563970403020587,0.1004332957481127,0.36191557885680153,0.22640703647278654
2018-09-06,0.1548470486202405,0.1563970403020587,0.1004332957481127,0.36191557885680153,0.22640703647278654
2018-09-10,0.1548470486202405,0.1563970403020587,0.1004332957481127,0.36191557885680153,0.22640703647278654
2018-09-11,0.1548470486202405,0.1563970403020587,0.1004332957481127,0.36191557885680153,0.22640703647278654
2018-09-12,0.1548470486202405,0.1563970403020587,0.1004332957481127,0.36191557885680153,0.22640703647278654
2018-09-13,0.1548470486202405,0.1563970403020587,0.1004332957481127,0.36191557885680153,0.22640703647278654
2018-09-14,0.1548470486202405,0.1563970403020587,0.1004332957481127,0.36191557885680153,0.22640703647278654
2018-09-17,0.1548470486202405,0.1563970403020587,0.1004332957481127,0.36191557885680153,0.22640703647278654
2018-09-18,0.1548470486202405,0.1563970403020587,0.1004332957481127,0.36191557885680153,0.22640703647278654
2018-09-19,0.1548470486202405,0.1563970403020587,0.1004332957481127,0.36191557885680153,0.22640703647278654
2018-09-20,0.1548470486202405,0.1563970403020587,0.1004332957481127,0.36191557885680153,0.22640703647278654
2018-09-21,0.1548470486202405,0.1563970403020587,0.1004332957481127,0.36191557885680153,0.22640703647278654
2018-09-24,0.1548470486202405,0.1563970403020587,0.1004332957481127,0.36191557885680153,0.22640703647278654
2018-09-25,0.1548470486202405,0.1563970403020587,0.1004332957481127,0.36191557885680153,0.22640703647278654
2018-09-26,0.1548470486202405,0.1563970403020587,0.1004332957481127,0.36191557885680153,0.22640703647278654
2018-09-27,0.1548470486202405,0.1563970403020587,0.1004332957481127,0.36191557885680153,0.22640703647278654
2018-09-28,0.1570811203866172,0.15877437567973773,0.10129389808652317,0.3490947861452184,0.23375581970190348
2018-10-01,0.1570811203866172,0.15877437567973773,0.10129389808652317,0.3490947861452184,0.23375581970190348
2018-10-02,0.1570811203866172,0.15877437567973773,0.10129389808652317,0.3490947861452184,0.23375581970190348
2018-10-03,0.1570811203866172,0.15877437567973773,0.10129389808652317,0.3490947861452184,0.23375581970190348
2018-10-04,0.1570811203866172,0.15877437567973773,0.10129389808652317,0.3490947861452184,0.23375581970190348
2018-10-05,0.1570811203866172,0.15877437567973773,0.10129389808652317,0.3490947861452184,0.23375581970190348
2018-10-08,0.1570811203866172,0.15877437567973773,0.10129389808652317,0.3490947861452184,0.23375581970190348
2018-10-09,0.1570811203866172,0.15877437567973773,0.10129389808652317,0.3490947861452184,0.23375581970190348
2018-10-10,0.1570811203866172,0.15877437567973773,0.10129389808652317,0.3490947861452184,0.23375581970190348
2018-10-11,0.1570811203866172,0.15877437567973773,0.10129389808652317,0.3490947861452184,0.23375581970190348
2018-10-15,0.1570811203866172,0.15877437567973773,0.10129389808652317,0.3490947861452184,0.23375581970190348
2018-10-16,0.1570811203866172,0.15877437567973773,0.10129389808652317,0.3490947861452184,0.23375581970190348
2018-10-17,0.1570811203866172,0.15877437567973773,0.10129389808652317,0.3490947861452184,0.23375581970190348
2018-10-18,0.1570811203866172,0.15877437567973773,0.10129389808652317,0.3490947861452184,0.23375581970190348
2018-10-19,0.1570811203866172,0.15877437567973773,0.10129389808652317,0.3490947861452184,0.23375581970190348
2018-10-22,0.1570811203866172,0.15877437567973773,0.10129389808652317,0.3490947861452184,0.23375581970190348
2018-10-23,0.1570811203866172,0.15877437567973773,0.10129389808652317,0.3490947861452184,0.23375581970190348
2018-10-24,0.1570811203866172,0.15877437567973773,0.10129389808652317,0.3490947861452184,0.23375581970190348
2018-10-25,0.1570811203866172,0.15877437567973773,0.10129389808652317,0.3490947861452184,0.23375581970190348
2018-10-26,0.1570811203866172,0.15877437567973773,0.10129389808652317,0.3490947861452184,0.23375581970190348
2018-10-29,0.1570811203866172,0.15877437567973773,0.10129389808652317,0.3490947861452184,0.23375581970190348
2018-10-30,0.15757834264911652,0.15927490782443324,0.10079587966738812,0.36463033130037764,0.21772053855868448
2018-10-31,0.15757834264911652,0.15927490782443324,0.10079587966738812,0.36463033130037764,0.21772053855868448
2018-11-01,0.15757834264911652,0.15927490782443324,0.10079587966738812,0.36463033130037764,0.21772053855868448
2018-11-05,0.15757834264911652,0.15927490782443324,0.10079587966738812,0.36463033130037764,0.21772053855868448
2018-11-06,0.15757834264911652,0.15927490782443324,0.10079587966738812,0.36463033130037764,0.21772053855868448
2018-11-07,0.15757834264911652,0.15927490782443324,0.10079587966738812,0.36463033130037764,0.21772053855868448
2018-11-08,0.15757834264911652,0.15927490782443324,0.10079587966738812,0.36463033130037764,0.21772053855868448
2018-11-09,0.15757834264911652,0.15927490782443324,0.10079587966738812,0.36463033130037764,0.21772053855868448
2018-11-12,0.15757834264911652,0.15927490782443324,0.10079587966738812,0.36463033130037764,0.21772053855868448
2018-11-13,0.15757834264911652,0.15927490782443324,0.10079587966738812,0.36463033130037764,0.21772053855868448
2018-11-14,0.15757834264911652,0.15927490782443324,0.10079587966738812,0.36463033130037764,0.21772053855868448
2018-11-16,0.15757834264911652,0.15927490782443324,0.10079587966738812,0.36463033130037764,0.21772053855868448
2018-11-19,0.15757834264911652,0.15927490782443324,0.10079587966738812,0.36463033130037764,0.21772053855868448
2018-11-21,0.15757834264911652,0.15927490782443324,0.10079587966738812,0.36463033130037764,0.21772053855868448
2018-11-23,0.15757834264911652,0.15927490782443324,0.10079587966738812,0.36463033130037764,0.21772053855868448
2018-11-26,0.15757834264911652,0.15927490782443324,0.10079587966738812,0.36463033130037764,0.21772053855868448
2018-11-27,0.15757834264911652,0.15927490782443324,0.10079587966738812,0.36463033130037764,0.21772053855868448
2018-11-28,0.15757834264911652,0.15927490782443324,0.10079587966738812,0.36463033130037764,0.21772053855868448
2018-11-29,0.15757834264911652,0.15927490782443324,0.10079587966738812,0.36463033130037764,0.21772053855868448
2018-11-30,0.15757834264911652,0.15927490782443324,0.10079587966738812,0.36463033130037764,0.21772053855868448
2018-12-03,0.15757834264911652,0.15927490782443324,0.10079587966738812,0.36463033130037764,0.21772053855868448
2018-12-04,0.15684310002910512,0.15870122268838852,0.1023341487492807,0.37231983522018325,0.20980169331304244
2018-12-06,0.15684310002910512,0.15870122268838852,0.1023341487492807,0.37231983522018325,0.20980169331304244
2018-12-07,0.15684310002910512,0.15870122268838852,0.1023341487492807,0.37231983522018325,0.20980169331304244
2018-12-10,0.15684310002910512,0.15870122268838852,0.1023341487492807,0.37231983522018325,0.20980169331304244
2018-12-11,0.15684310002910512,0.15870122268838852,0.1023341487492807,0.37231983522018325,0.20980169331304244
2018-12-12,0.15684310002910512,0.15870122268838852,0.1023341487492807,0.37231983522018325,0.20980169331304244
2018-12-13,0.15684310002910512,0.15870122268838852,0.1023341487492807,0.37231983522018325,0.20980169331304244
2018-12-14,0.15684310002910512,0.15870122268838852,0.1023341487492807,0.37231983522018325,0.20980169331304244
2018-12-17,0.15684310002910512,0.15870122268838852,0.1023341487492807,0.37231983522018325,0.20980169331304244
2018-12-18,0.15684310002910512,0.15870122268838852,0.1023341487492807,0.37231983522018325,0.20980169331304244
2018-12-19,0.15684310002910512,0.15870122268838852,0.1023341487492807,0.37231983522018325,0.20980169331304244
2018-12-20,0.15684310002910512,0.15870122268838852,0.1023341487492807,0.37231983522018325,0.20980169331304244
2018-12-21,0.15684310002910512,0.15870122268838852,0.1023341487492807,0.37231983522018325,0.20980169331304244
2018-12-26,0.15684310002910512,0.15870122268838852,0.1023341487492807,0.37231983522018325,0.20980169331304244
2018-12-27,0.15684310002910512,0.15870122268838852,0.1023341487492807,0.37231983522018325,0.20980169331304244
2018-12-28,0.15684310002910512,0.15870122268838852,0.1023341487492807,0.37231983522018325,0.20980169331304244
2019-01-02,0.15684310002910512,0.15870122268838852,0.1023341487492807,0.37231983522018325,0.20980169331304244
2019-01-03,0.15684310002910512,0.15870122268838852,0.1023341487492807,0.37231983522018325,0.20980169331304244
2019-01-04,0.15684310002910512,0.15870122268838852,0.1023341487492807,0.37231983522018325,0.20980169331304244
2019-01-07,0.15684310002910512,0.15870122268838852,0.1023341487492807,0.37231983522018325,0.20980169331304244
2019-01-08,0.15684310002910512,0.15870122268838852,0.1023341487492807,0.37231983522018325,0.20980169331304244
2019-01-09,0.16096599006952578,0.16290263236007352,0.10286427202429216,0.38126480058031437,0.19200230496579404
2019-01-10,0.16096599006952578,0.16290263236007352,0.10286427202429216,0.38126480058031437,0.19200230496579404
2019-01-11,0.16096599006952578,0.16290263236007352,0.10286427202429216,0.38126480058031437,0.19200230496579404
2019-01-14,0.16096599006952578,0.16290263236007352,0.10286427202429216,0.38126480058031437,0.19200230496579404
2019-01-15,0.16096599006952578,0.16290263236007352,0.10286427202429216,0.38126480058031437,0.19200230496579404
2019-01-16,0.16096599006952578,0.16290263236007352,0.10286427202429216,0.38126480058031437,0.19200230496579404
2019-01-17,0.16096599006952578,0.16290263236007352,0.10286427202429216,0.38126480058031437,0.19200230496579404
2019-01-18,0.16096599006952578,0.16290263236007352,0.10286427202429216,0.38126480058031437,0.19200230496579404
2019-01-22,0.16096599006952578,0.16290263236007352,0.10286427202429216,0.38126480058031437,0.19200230496579404
2019-01-23,0.16096599006952578,0.16290263236007352,0.10286427202429216,0.38126480058031437,0.19200230496579404
2019-01-24,0.16096599006952578,0.16290263236007352,0.10286427202429216,0.38126480058031437,0.19200230496579404
2019-01-28,0.16096599006952578,0.16290263236007352,0.10286427202429216,0.38126480058031437,0.19200230496579404
2019-01-29,0.16096599006952578,0.16290263236007352,0.10286427202429216,0.38126480058031437,0.19200230496579404
2019-01-30,0.16096599006952578,0.16290263236007352,0.10286427202429216,0.38126480058031437,0.19200230496579404
2019-01-31,0.16096599006952578,0.16290263236007352,0.10286427202429216,0.38126480058031437,0.19200230496579404
2019-02-01,0.16096599006952578,0.16290263236007352,0.10286427202429216,0.38126480058031437,0.19200230496579404
2019-02-04,0.16096599006952578,0.16290263236007352,0.10286427202429216,0.38126480058031437,0.19200230496579404
2019-02-05,0.16096599006952578,0.16290263236007352,0.10286427202429216,0.38126480058031437,0.19200230496579404
2019-02-06,0.16096599006952578,0.16290263236007352,0.10286427202429216,0.38126480058031437,0.19200230496579404
2019-02-07,0.16096599006952578,0.16290263236007352,0.10286427202429216,0.38126480058031437,0.19200230496579404
2019-02-08,0.16096599006952578,0.16290263236007352,0.10286427202429216,0.38126480058031437,0.19200230496579404
2019-02-11,0.16085125569467623,0.16272070930556484,0.10186728588872906,0.3829178745034474,0.19164287460758248
2019-02-12,0.16085125569467623,0.16272070930556484,0.10186728588872906,0.3829178745034474,0.19164287460758248
2019-02-13,0.16085125569467623,0.16272070930556484,0.10186728588872906,0.3829178745034474,0.19164287460758248
2019-02-14,0.16085125569467623,0.16272070930556484,0.10186728588872906,0.3829178745034474,0.19164287460758248
2019-02-15,0.16085125569467623,0.16272070930556484,0.10186728588872906,0.3829178745034474,0.19164287460758248
2019-02-19,0.16085125569467623,0.16272070930556484,0.10186728588872906,0.3829178745034474,0.19164287460758248
2019-02-20,0.16085125569467623,0.16272070930556484,0.10186728588872906,0.3829178745034474,0.19164287460758248
2019-02-21,0.16085125569467623,0.16272070930556484,0.10186728588872906,0.3829178745034474,0.19164287460758248
2019-02-22,0.16085125569467623,0.16272070930556484,0.10186728588872906,0.3829178745034474,0.19164287460758248
2019-02-25,0.16085125569467623,0.16272070930556484,0.10186728588872906,0.3829178745034474,0.19164287460758248
2019-02-26,0.16085125569467623,0.16272070930556484,0.10186728588872906,0.3829178745034474,0.19164287460758248
2019-02-27,0.16085125569467623,0.16272070930556484,0.10186728588872906,0.3829178745034474,0.19164287460758248
2019-02-28,0.16085125569467623,0.16272070930556484,0.10186728588872906,0.3829178745034474,0.19164287460758248
2019-03-01,0.16085125569467623,0.16272070930556484,0.10186728588872906,0.3829178745034474,0.19164287460758248
2019-03-06,0.16085125569467623,0.16272070930556484,0.10186728588872906,0.3829178745034474,0.19164287460758248
2019-03-07,0.16085125569467623,0.16272070930556484,0.10186728588872906,0.3829178745034474,0.19164287460758248
2019-03-08,0.16085125569467623,0.16272070930556484,0.10186728588872906,0.3829178745034474,0.19164287460758248
2019-03-11,0.16085125569467623,0.16272070930556484,0.10186728588872906,0.3829178745034474,0.19164287460758248
2019-03-12,0.16085125569467623,0.16272070930556484,0.10186728588872906,0.3829178745034474,0.19164287460758248
2019-03-13,0.16085125569467623,0.16272070930556484,0.10186728588872906,0.3829178745034474,0.19164287460758248
2019-03-14,0.16085125569467623,0.16272070930556484,0.10186728588872906,0.3829178745034474,0.19164287460758248
2019-03-15,0.16354394940040856,0.16580865112481202,0.10397408226437692,0.36354058646120047,0.20313273074920207
2019-03-18,0.16354394940040856,0.16580865112481202,0.10397408226437692,0.36354058646120047,0.20313273074920207
2019-03-19,0.16354394940040856,0.16580865112481202,0.10397408226437692,0.36354058646120047,0.20313273074920207
2019-03-20,0.16354394940040856,0.16580865112481202,0.10397408226437692,0.36354058646120047,0.20313273074920207
2019-03-21,0.16354394940040856,0.16580865112481202,0.10397408226437692,0.36354058646120047,0.20313273074920207
2019-03-22,0.16354394940040856,0.16580865112481202,0.10397408226437692,0.36354058646120047,0.20313273074920207
2019-03-25,0.16354394940040856,0.16580865112481202,0.10397408226437692,0.36354058646120047,0.20313273074920207
2019-03-26,0.16354394940040856,0.16580865112481202,0.10397408226437692,0.36354058646120047,0.20313273074920207
2019-03-27,0.16354394940040856,0.16580865112481202,0.10397408226437692,0.36354058646120047,0.20313273074920207
2019-03-28,0.16354394940040856,0.16580865112481202,0.10397408226437692,0.36354058646120047,0.20313273074920207
2019-03-29,0.16354394940040856,0.16580865112481202,0.10397408226437692,0.36354058646120047,0.20313273074920207
2019-04-01,0.16354394940040856,0.16580865112481202,0.10397408226437692,0.36354058646120047,0.20313273074920207
2019-04-02,0.16354394940040856,0.16580865112481202,0.10397408226437692,0.36354058646120047,0.20313273074920207
2019-04-03,0.16354394940040856,0.16580865112481202,0.10397408226437692,0.36354058646120047,0.20313273074920207
2019-04-04,0.16354394940040856,0.16580865112481202,0.10397408226437692,0.36354058646120047,0.20313273074920207
2019-04-05,0.16354394940040856,0.16580865112481202,0.10397408226437692,0.36354058646120047,0.20313273074920207
2019-04-08,0.16354394940040856,0.16580865112481202,0.10397408226437692,0.36354058646120047,0.20313273074920207
2019-04-09,0.16354394940040856,0.16580865112481202,0.10397408226437692,0.36354058646120047,0.20313273074920207
2019-04-10,0.16354394940040856,0.16580865112481202,0.10397408226437692,0.36354058646120047,0.20313273074920207
2019-04-11,0.16354394940040856,0.16580865112481202,0.10397408226437692,0.36354058646120047,0.20313273074920207
2019-04-12,0.16354394940040856,0.16580865112481202,0.10397408226437692,0.36354058646120047,0.20313273074920207
2019-04-15,0.16094704151781306,0.16315032974843935,0.10191767908240358,0.36509304975420825,0.2088918998971358
2019-04-16,0.16094704151781306,0.16315032974843935,0.10191767908240358,0.36509304975420825,0.2088918998971358
2019-04-17,0.16094704151781306,0.16315032974843935,0.10191767908240358,0.36509304975420825,0.2088918998971358
2019-04-18,0.16094704151781306,0.16315032974843935,0.10191767908240358,0.36509304975420825,0.2088918998971358
2019-04-22,0.16094704151781306,0.16315032974843935,0.10191767908240358,0.36509304975420825,0.2088918998971358
2019-04-23,0.16094704151781306,0.16315032974843935,0.10191767908240358,0.36509304975420825,0.2088918998971358
2019-04-24,0.16094704151781306,0.16315032974843935,0.10191767908240358,0.36509304975420825,0.2088918998971358
2019-04-25,0.16094704151781306,0.16315032974843935,0.10191767908240358,0.36509304975420825,0.2088918998971358
2019-04-26,0.16094704151781306,0.16315032974843935,0.10191767908240358,0.36509304975420825,0.2088918998971358
2019-04-29,0.16094704151781306,0.16315032974843935,0.10191767908240358,0.36509304975420825,0.2088918998971358
2019-04-30,0.16094704151781306,0.16315032974843935,0.10191767908240358,0.36509304975420825,0.2088918998971358
2019-05-02,0.16094704151781306,0.16315032974843935,0.10191767908240358,0.36509304975420825,0.2088918998971358
2019-05-03,0.16094704151781306,0.16315032974843935,0.10191767908240358,0.36509304975420825,0.2088918998971358
2019-05-06,0.16094704151781306,0.16315032974843935,0.10191767908240358,0.36509304975420825,0.2088918998971358
2019-05-07,0.16094704151781306,0.16315032974843935,0.10191767908240358,0.36509304975420825,0.2088918998971358
2019-05-08,0.16094704151781306,0.16315032974843935,0.10191767908240358,0.36509304975420825,0.2088918998971358
2019-05-09,0.16094704151781306,0.16315032974843935,0.10191767908240358,0.36509304975420825,0.2088918998971358
2019-05-10,0.16094704151781306,0.16315032974843935,0.10191767908240358,0.36509304975420825,0.2088918998971358
2019-05-13,0.16094704151781306,0.16315032974843935,0.10191767908240358,0.36509304975420825,0.2088918998971358
2019-05-14,0.16094704151781306,0.16315032974843935,0.10191767908240358,0.36509304975420825,0.2088918998971358
2019-05-15,0.16094704151781306,0.16315032974843935,0.10191767908240358,0.36509304975420825,0.2088918998971358
2019-05-16,0.15894572377575428,0.16112345186500984,0.10171393679307439,0.36834331307808305,0.2098735744880785
2019-05-17,0.15894572377575428,0.16112345186500984,0.10171393679307439,0.36834331307808305,0.2098735744880785
2019-05-20,0.15894572377575428,0.16112345186500984,0.10171393679307439,0.36834331307808305,0.2098735744880785
2019-05-21,0.15894572377575428,0.16112345186500984,0.10171393679307439,0.36834331307808305,0.2098735744880785
2019-05-22,0.15894572377575428,0.16112345186500984,0.10171393679307439,0.36834331307808305,0.2098735744880785
2019-05-23,0.15894572377575428,0.16112345186500984,0.10171393679307439,0.36834331307808305,0.2098735744880785
2019-05-24,0.15894572377575428,0.16112345186500984,0.10171393679307439,0.36834331307808305,0.2098735744880785
2019-05-28,0.15894572377575428,0.16112345186500984,0.10171393679307439,0.36834331307808305,0.2098735744880785
2019-05-29,0.15894572377575428,0.16112345186500984,0.10171393679307439,0.36834331307808305,0.2098735744880785
2019-05-30,0.15894572377575428,0.16112345186500984,0.10171393679307439,0.36834331307808305,0.2098735744880785
2019-05-31,0.15894572377575428,0.16112345186500984,0.10171393679307439,0.36834331307808305,0.2098735744880785
2019-06-03,0.15894572377575428,0.16112345186500984,0.10171393679307439,0.36834331307808305,0.2098735744880785
2019-06-04,0.15894572377575428,0.16112345186500984,0.10171393679307439,0.36834331307808305,0.2098735744880785
2019-06-05,0.15894572377575428,0.16112345186500984,0.10171393679307439,0.36834331307808305,0.2098735744880785
2019-06-06,0.15894572377575428,0.16112345186500984,0.10171393679307439,0.36834331307808305,0.2098735744880785
2019-06-07,0.15894572377575428,0.16112345186500984,0.10171393679307439,0.36834331307808305,0.2098735744880785
2019-06-10,0.15894572377575428,0.16112345186500984,0.10171393679307439,0.36834331307808305,0.2098735744880785
2019-06-11,0.15894572377575428,0.16112345186500984,0.10171393679307439,0.36834331307808305,0.2098735744880785
2019-06-12,0.15894572377575428,0.16112345186500984,0.10171393679307439,0.36834331307808305,0.2098735744880785
2019-06-13,0.15894572377575428,0.16112345186500984,0.10171393679307439,0.36834331307808305,0.2098735744880785
2019-06-14,0.15894572377575428,0.16112345186500984,0.10171393679307439,0.36834331307808305,0.2098735744880785
2019-06-17,0.1595292103154391,0.161360903155576,0.10063450515793208,0.3669257705370556,0.2115496108339971
2019-06-18,0.1595292103154391,0.161360903155576,0.10063450515793208,0.3669257705370556,0.2115496108339971
2019-06-19,0.1595292103154391,0.161360903155576,0.10063450515793208,0.3669257705370556,0.2115496108339971
2019-06-21,0.1595292103154391,0.161360903155576,0.10063450515793208,0.3669257705370556,0.2115496108339971
2019-06-24,0.1595292103154391,0.161360903155576,0.10063450515793208,0.3669257705370556,0.2115496108339971
2019-06-25,0.1595292103154391,0.161360903155576,0.10063450515793208,0.3669257705370556,0.2115496108339971
2019-06-26,0.1595292103154391,0.161360903155576,0.10063450515793208,0.3669257705370556,0.2115496108339971
2019-06-27,0.1595292103154391,0.161360903155576,0.10063450515793208,0.3669257705370556,0.2115496108339971
2019-06-28,0.1595292103154391,0.161360903155576,0.10063450515793208,0.3669257705370556,0.2115496108339971
2019-07-01,0.1595292103154391,0.161360903155576,0.10063450515793208,0.3669257705370556,0.2115496108339971
2019-07-02,0.1595292103154391,0.161360903155576,0.10063450515793208,0.3669257705370556,0.2115496108339971
2019-07-03,0.1595292103154391,0.161360903155576,0.10063450515793208,0.3669257705370556,0.2115496108339971
2019-07-05,0.1595292103154391,0.161360903155576,0.10063450515793208,0.3669257705370556,0.2115496108339971
2019-07-08,0.1595292103154391,0.161360903155576,0.10063450515793208,0.3669257705370556,0.2115496108339971
2019-07-10,0.1595292103154391,0.161360903155576,0.10063450515793208,0.3669257705370556,0.2115496108339971
2019-07-11,0.1595292103154391,0.161360903155576,0.10063450515793208,0.3669257705370556,0.2115496108339971
2019-07-12,0.1595292103154391,0.161360903155576,0.10063450515793208,0.3669257705370556,0.2115496108339971
2019-07-15,0.1595292103154391,0.161360903155576,0.10063450515793208,0.3669257705370556,0.2115496108339971
2019-07-16,0.1595292103154391,0.161360903155576,0.10063450515793208,0.3669257705370556,0.2115496108339971
2019-07-17,0.1595292103154391,0.161360903155576,0.10063450515793208,0.3669257705370556,0.2115496108339971
2019-07-18,0.1595292103154391,0.161360903155576,0.10063450515793208,0.3669257705370556,0.2115496108339971
2019-07-19,0.16122311637053138,0.16295407712599272,0.10065239261810749,0.35562726978105225,0.21954314410431625
2019-07-22,0.16122311637053138,0.16295407712599272,0.10065239261810749,0.35562726978105225,0.21954314410431625
2019-07-23,0.16122311637053138,0.16295407712599272,0.10065239261810749,0.35562726978105225,0.21954314410431625
2019-07-24,0.16122311637053138,0.16295407712599272,0.10065239261810749,0.35562726978105225,0.21954314410431625
2019-07-25,0.16122311637053138,0.16295407712599272,0.10065239261810749,0.35562726978105225,0.21954314410431625
2019-07-26,0.16122311637053138,0.16295407712599272,0.10065239261810749,0.35562726978105225,0.21954314410431625
2019-07-29,0.16122311637053138,0.16295407712599272,0.10065239261810749,0.35562726978105225,0.21954314410431625
2019-07-30,0.16122311637053138,0.16295407712599272,0.10065239261810749,0.35562726978105225,0.21954314410431625
2019-07-31,0.16122311637053138,0.16295407712599272,0.10065239261810749,0.35562726978105225,0.21954314410431625
2019-08-01,0.16122311637053138,0.16295407712599272,0.10065239261810749,0.35562726978105225,0.21954314410431625
2019-08-02,0.16122311637053138,0.16295407712599272,0.10065239261810749,0.35562726978105225,0.21954314410431625
2019-08-05,0.16122311637053138,0.16295407712599272,0.10065239261810749,0.35562726978105225,0.21954314410431625
2019-08-06,0.16122311637053138,0.16295407712599272,0.10065239261810749,0.35562726978105225,0.21954314410431625
2019-08-07,0.16122311637053138,0.16295407712599272,0.10065239261810749,0.35562726978105225,0.21954314410431625
2019-08-08,0.16122311637053138,0.16295407712599272,0.10065239261810749,0.35562726978105225,0.21954314410431625
2019-08-09,0.16122311637053138,0.16295407712599272,0.10065239261810749,0.35562726978105225,0.21954314410431625
2019-08-12,0.16122311637053138,0.16295407712599272,0.10065239261810749,0.35562726978105225,0.21954314410431625
2019-08-13,0.16122311637053138,0.16295407712599272,0.10065239261810749,0.35562726978105225,0.21954314410431625
2019-08-14,0.16122311637053138,0.16295407712599272,0.10065239261810749,0.35562726978105225,0.21954314410431625
2019-08-15,0.16122311637053138,0.16295407712599272,0.10065239261810749,0.35562726978105225,0.21954314410431625
2019-08-16,0.16122311637053138,0.16295407712599272,0.10065239261810749,0.35562726978105225,0.21954314410431625
2019-08-19,0.16202951206194263,0.16391465459180515,0.10424101048402026,0.3476392555020471,0.22217556736018487
2019-08-20,0.16202951206194263,0.16391465459180515,0.10424101048402026,0.3476392555020471,0.22217556736018487
2019-08-21,0.16202951206194263,0.16391465459180515,0.10424101048402026,0.3476392555020471,0.22217556736018487
2019-08-22,0.16202951206194263,0.16391465459180515,0.10424101048402026,0.3476392555020471,0.22217556736018487
2019-08-23,0.16202951206194263,0.16391465459180515,0.10424101048402026,0.3476392555020471,0.22217556736018487
2019-08-26,0.16202951206194263,0.16391465459180515,0.10424101048402026,0.3476392555020471,0.22217556736018487
2019-08-27,0.16202951206194263,0.16391465459180515,0.10424101048402026,0.3476392555020471,0.22217556736018487
2019-08-28,0.16202951206194263,0.16391465459180515,0.10424101048402026,0.3476392555020471,0.22217556736018487
2019-08-29,0.16202951206194263,0.16391465459180515,0.10424101048402026,0.3476392555020471,0.22217556736018487
2019-08-30,0.16202951206194263,0.16391465459180515,0.10424101048402026,0.3476392555020471,0.22217556736018487
2019-09-03,0.16202951206194263,0.16391465459180515,0.10424101048402026,0.3476392555020471,0.22217556736018487
2019-09-04,0.16202951206194263,0.16391465459180515,0.10424101048402026,0.3476392555020471,0.22217556736018487
2019-09-05,0.16202951206194263,0.16391465459180515,0.10424101048402026,0.3476392555020471,0.22217556736018487
2019-09-06,0.16202951206194263,0.16391465459180515,0.10424101048402026,0.3476392555020471,0.22217556736018487
2019-09-09,0.16202951206194263,0.16391465459180515,0.10424101048402026,0.3476392555020471,0.22217556736018487
2019-09-10,0.16202951206194263,0.16391465459180515,0.10424101048402026,0.3476392555020471,0.22217556736018487
2019-09-11,0.16202951206194263,0.16391465459180515,0.10424101048402026,0.3476392555020471,0.22217556736018487
2019-09-12,0.16202951206194263,0.16391465459180515,0.10424101048402026,0.3476392555020471,0.22217556736018487
2019-09-13,0.16202951206194263,0.16391465459180515,0.10424101048402026,0.3476392555020471,0.22217556736018487
2019-09-16,0.16202951206194263,0.16391465459180515,0.10424101048402026,0.3476392555020471,0.22217556736018487
2019-09-17,0.16202951206194263,0.16391465459180515,0.10424101048402026,0.3476392555020471,0.22217556736018487
2019-09-18,0.16119242965498995,0.16303329933991942,0.104415014803344,0.35454198607558557,0.21681727012616103
2019-09-19,0.16119242965498995,0.16303329933991942,0.104415014803344,0.35454198607558557,0.21681727012616103
2019-09-20,0.16119242965498995,0.16303329933991942,0.104415014803344,0.35454198607558557,0.21681727012616103
2019-09-23,0.16119242965498995,0.16303329933991942,0.104415014803344,0.35454198607558557,0.21681727012616103
2019-09-24,0.16119242965498995,0.16303329933991942,0.104415014803344,0.35454198607558557,0.21681727012616103
2019-09-25,0.16119242965498995,0.16303329933991942,0.104415014803344,0.35454198607558557,0.21681727012616103
2019-09-26,0.16119242965498995,0.16303329933991942,0.104415014803344,0.35454198607558557,0.21681727012616103
2019-09-27,0.16119242965498995,0.16303329933991942,0.104415014803344,0.35454198607558557,0.21681727012616103
2019-09-30,0.16119242965498995,0.16303329933991942,0.104415014803344,0.35454198607558557,0.21681727012616103
2019-10-01,0.16119242965498995,0.16303329933991942,0.104415014803344,0.35454198607558557,0.21681727012616103
2019-10-02,0.16119242965498995,0.16303329933991942,0.104415014803344,0.35454198607558557,0.21681727012616103
2019-10-03,0.16119242965498995,0.16303329933991942,0.104415014803344,0.35454198607558557,0.21681727012616103
2019-10-04,0.16119242965498995,0.16303329933991942,0.104415014803344,0.35454198607558557,0.21681727012616103
2019-10-07,0.16119242965498995,0.16303329933991942,0.104415014803344,0.35454198607558557,0.21681727012616103
2019-10-08,0.16119242965498995,0.16303329933991942,0.104415014803344,0.35454198607558557,0.21681727012616103
2019-10-09,0.16119242965498995,0.16303329933991942,0.104415014803344,0.35454198607558557,0.21681727012616103
2019-10-10,0.16119242965498995,0.16303329933991942,0.104415014803344,0.35454198607558557,0.21681727012616103
2019-10-11,0.16119242965498995,0.16303329933991942,0.104415014803344,0.35454198607558557,0.21681727012616103
2019-10-14,0.16119242965498995,0.16303329933991942,0.104415014803344,0.35454198607558557,0.21681727012616103
2019-10-15,0.16119242965498995,0.16303329933991942,0.104415014803344,0.35454198607558557,0.21681727012616103
2019-10-16,0.16119242965498995,0.16303329933991942,0.104415014803344,0.35454198607558557,0.21681727012616103
2019-10-17,0.15991891093102495,0.1618378174683212,0.10544898480483213,0.35973399936629585,0.21306028742952593
2019-10-18,0.15991891093102495,0.1618378174683212,0.10544898480483213,0.35973399936629585,0.21306028742952593
2019-10-21,0.15991891093102495,0.1618378174683212,0.10544898480483213,0.35973399936629585,0.21306028742952593
2019-10-22,0.15991891093102495,0.1618378174683212,0.10544898480483213,0.35973399936629585,0.21306028742952593
2019-10-23,0.15991891093102495,0.1618378174683212,0.10544898480483213,0.35973399936629585,0.21306028742952593
2019-10-24,0.15991891093102495,0.1618378174683212,0.10544898480483213,0.35973399936629585,0.21306028742952593
2019-10-25,0.15991891093102495,0.1618378174683212,0.10544898480483213,0.35973399936629585,0.21306028742952593
2019-10-28,0.15991891093102495,0.1618378174683212,0.10544898480483213,0.35973399936629585,0.21306028742952593
2019-10-29,0.15991891093102495,0.1618378174683212,0.10544898480483213,0.35973399936629585,0.21306028742952593
2019-10-30,0.15991891093102495,0.1618378174683212,0.10544898480483213,0.35973399936629585,0.21306028742952593
2019-10-31,0.15991891093102495,0.1618378174683212,0.10544898480483213,0.35973399936629585,0.21306028742952593
2019-11-01,0.15991891093102495,0.1618378174683212,0.10544898480483213,0.35973399936629585,0.21306028742952593
2019-11-04,0.15991891093102495,0.1618378174683212,0.10544898480483213,0.35973399936629585,0.21306028742952593
2019-11-05,0.15991891093102495,0.1618378174683212,0.10544898480483213,0.35973399936629585,0.21306028742952593
2019-11-06,0.15991891093102495,0.1618378174683212,0.10544898480483213,0.35973399936629585,0.21306028742952593
2019-11-07,0.15991891093102495,0.1618378174683212,0.10544898480483213,0.35973399936629585,0.21306028742952593
2019-11-08,0.15991891093102495,0.1618378174683212,0.10544898480483213,0.35973399936629585,0.21306028742952593
2019-11-11,0.15991891093102495,0.1618378174683212,0.10544898480483213,0.35973399936629585,0.21306028742952593
2019-11-12,0.15991891093102495,0.1618378174683212,0.10544898480483213,0.35973399936629585,0.21306028742952593
2019-11-13,0.15991891093102495,0.1618378174683212,0.10544898480483213,0.35973399936629585,0.21306028742952593
2019-11-14,0.15991891093102495,0.1618378174683212,0.10544898480483213,0.35973399936629585,0.21306028742952593
2019-11-18,0.16042769118810354,0.1626750605323483,0.10567348247168677,0.3485466540728064,0.22267711173505508
2019-11-19,0.16042769118810354,0.1626750605323483,0.10567348247168677,0.3485466540728064,0.22267711173505508
2019-11-21,0.16042769118810354,0.1626750605323483,0.10567348247168677,0.3485466540728064,0.22267711173505508
2019-11-22,0.16042769118810354,0.1626750605323483,0.10567348247168677,0.3485466540728064,0.22267711173505508
2019-11-25,0.16042769118810354,0.1626750605323483,0.10567348247168677,0.3485466540728064,0.22267711173505508
2019-11-26,0.16042769118810354,0.1626750605323483,0.10567348247168677,0.3485466540728064,0.22267711173505508
2019-11-27,0.16042769118810354,0.1626750605323483,0.10567348247168677,0.3485466540728064,0.22267711173505508
2019-11-29,0.16042769118810354,0.1626750605323483,0.10567348247168677,0.3485466540728064,0.22267711173505508
2019-12-02,0.16042769118810354,0.1626750605323483,0.10567348247168677,0.3485466540728064,0.22267711173505508
2019-12-03,0.16042769118810354,0.1626750605323483,0.10567348247168677,0.3485466540728064,0.22267711173505508
2019-12-04,0.16042769118810354,0.1626750605323483,0.10567348247168677,0.3485466540728064,0.22267711173505508
2019-12-05,0.16042769118810354,0.1626750605323483,0.10567348247168677,0.3485466540728064,0.22267711173505508
2019-12-06,0.16042769118810354,0.1626750605323483,0.10567348247168677,0.3485466540728064,0.22267711173505508
2019-12-09,0.16042769118810354,0.1626750605323483,0.10567348247168677,0.3485466540728064,0.22267711173505508
2019-12-10,0.16042769118810354,0.1626750605323483,0.10567348247168677,0.3485466540728064,0.22267711173505508
2019-12-11,0.16042769118810354,0.1626750605323483,0.10567348247168677,0.3485466540728064,0.22267711173505508
2019-12-12,0.16042769118810354,0.1626750605323483,0.10567348247168677,0.3485466540728064,0.22267711173505508
2019-12-13,0.16042769118810354,0.1626750605323483,0.10567348247168677,0.3485466540728064,0.22267711173505508
2019-12-16,0.16042769118810354,0.1626750605323483,0.10567348247168677,0.3485466540728064,0.22267711173505508
2019-12-17,0.16042769118810354,0.1626750605323483,0.10567348247168677,0.3485466540728064,0.22267711173505508
2019-12-18,0.16042769118810354,0.1626750605323483,0.10567348247168677,0.3485466540728064,0.22267711173505508
2019-12-19,0.16169971924145657,0.16407550979283453,0.10671074056541832,0.3406479390192188,0.22686609138107178
2019-12-20,0.16169971924145657,0.16407550979283453,0.10671074056541832,0.3406479390192188,0.22686609138107178
2019-12-23,0.16169971924145657,0.16407550979283453,0.10671074056541832,0.3406479390192188,0.22686609138107178
2019-12-26,0.16169971924145657,0.16407550979283453,0.10671074056541832,0.3406479390192188,0.22686609138107178
2019-12-27,0.16169971924145657,0.16407550979283453,0.10671074056541832,0.3406479390192188,0.22686609138107178
2019-12-30,0.16169971924145657,0.16407550979283453,0.10671074056541832,0.3406479390192188,0.22686609138107178
2020-01-02,0.16169971924145657,0.16407550979283453,0.10671074056541832,0.3406479390192188,0.22686609138107178
2020-01-03,0.16169971924145657,0.16407550979283453,0.10671074056541832,0.3406479390192188,0.22686609138107178
2020-01-06,0.16169971924145657,0.16407550979283453,0.10671074056541832,0.3406479390192188,0.22686609138107178
2020-01-07,0.16169971924145657,0.16407550979283453,0.10671074056541832,0.3406479390192188,0.22686609138107178
2020-01-08,0.16169971924145657,0.16407550979283453,0.10671074056541832,0.3406479390192188,0.22686609138107178
2020-01-09,0.16169971924145657,0.16407550979283453,0.10671074056541832,0.3406479390192188,0.22686609138107178
2020-01-10,0.16169971924145657,0.16407550979283453,0.10671074056541832,0.3406479390192188,0.22686609138107178
2020-01-13,0.16169971924145657,0.16407550979283453,0.10671074056541832,0.3406479390192188,0.22686609138107178
2020-01-14,0.16169971924145657,0.16407550979283453,0.10671074056541832,0.3406479390192188,0.22686609138107178
2020-01-15,0.16169971924145657,0.16407550979283453,0.10671074056541832,0.3406479390192188,0.22686609138107178
2020-01-16,0.16169971924145657,0.16407550979283453,0.10671074056541832,0.3406479390192188,0.22686609138107178
2020-01-17,0.16169971924145657,0.16407550979283453,0.10671074056541832,0.3406479390192188,0.22686609138107178
2020-01-21,0.16169971924145657,0.16407550979283453,0.10671074056541832,0.3406479390192188,0.22686609138107178
2020-01-22,0.16169971924145657,0.16407550979283453,0.10671074056541832,0.3406479390192188,0.22686609138107178
2020-01-23,0.16169971924145657,0.16407550979283453,0.10671074056541832,0.3406479390192188,0.22686609138107178
2020-01-24,0.1516930780770773,0.1542399043763152,0.10742423029945079,0.3243737517412192,0.26226903550593755
2020-01-27,0.1516930780770773,0.1542399043763152,0.10742423029945079,0.3243737517412192,0.26226903550593755
2020-01-28,0.1516930780770773,0.1542399043763152,0.10742423029945079,0.3243737517412192,0.26226903550593755
2020-01-29,0.1516930780770773,0.1542399043763152,0.10742423029945079,0.3243737517412192,0.26226903550593755
2020-01-30,0.1516930780770773,0.1542399043763152,0.10742423029945079,0.3243737517412192,0.26226903550593755
2020-01-31,0.1516930780770773,0.1542399043763152,0.10742423029945079,0.3243737517412192,0.26226903550593755
2020-02-03,0.1516930780770773,0.1542399043763152,0.10742423029945079,0.3243737517412192,0.26226903550593755
2020-02-04,0.1516930780770773,0.1542399043763152,0.10742423029945079,0.3243737517412192,0.26226903550593755
2020-02-05,0.1516930780770773,0.1542399043763152,0.10742423029945079,0.3243737517412192,0.26226903550593755
2020-02-06,0.1516930780770773,0.1542399043763152,0.10742423029945079,0.3243737517412192,0.26226903550593755
2020-02-07,0.1516930780770773,0.1542399043763152,0.10742423029945079,0.3243737517412192,0.26226903550593755
2020-02-10,0.1516930780770773,0.1542399043763152,0.10742423029945079,0.3243737517412192,0.26226903550593755
2020-02-11,0.1516930780770773,0.1542399043763152,0.10742423029945079,0.3243737517412192,0.26226903550593755
2020-02-12,0.1516930780770773,0.1542399043763152,0.10742423029945079,0.3243737517412192,0.26226903550593755
2020-02-13,0.1516930780770773,0.1542399043763152,0.10742423029945079,0.3243737517412192,0.26226903550593755
2020-02-14,0.1516930780770773,0.1542399043763152,0.10742423029945079,0.3243737517412192,0.26226903550593755
2020-02-18,0.1516930780770773,0.1542399043763152,0.10742423029945079,0.3243737517412192,0.26226903550593755
2020-02-19,0.1516930780770773,0.1542399043763152,0.10742423029945079,0.3243737517412192,0.26226903550593755
2020-02-20,0.1516930780770773,0.1542399043763152,0.10742423029945079,0.3243737517412192,0.26226903550593755
2020-02-21,0.1516930780770773,0.1542399043763152,0.10742423029945079,0.3243737517412192,0.26226903550593755
2020-02-26,0.1516930780770773,0.1542399043763152,0.10742423029945079,0.3243737517412192,0.26226903550593755
2020-02-27,0.14750261476530432,0.15010968946453715,0.11345717617925033,0.35391254619332857,0.23501797339757968
2020-02-28,0.14750261476530432,0.15010968946453715,0.11345717617925033,0.35391254619332857,0.23501797339757968
2020-03-02,0.14750261476530432,0.15010968946453715,0.11345717617925033,0.35391254619332857,0.23501797339757968
2020-03-03,0.14750261476530432,0.15010968946453715,0.11345717617925033,0.35391254619332857,0.23501797339757968
2020-03-04,0.14750261476530432,0.15010968946453715,0.11345717617925033,0.35391254619332857,0.23501797339757968
2020-03-05,0.14750261476530432,0.15010968946453715,0.11345717617925033,0.35391254619332857,0.23501797339757968
2020-03-06,0.14750261476530432,0.15010968946453715,0.11345717617925033,0.35391254619332857,0.23501797339757968
2020-03-09,0.14750261476530432,0.15010968946453715,0.11345717617925033,0.35391254619332857,0.23501797339757968
2020-03-10,0.14750261476530432,0.15010968946453715,0.11345717617925033,0.35391254619332857,0.23501797339757968
2020-03-11,0.14750261476530432,0.15010968946453715,0.11345717617925033,0.35391254619332857,0.23501797339757968
2020-03-12,0.14750261476530432,0.15010968946453715,0.11345717617925033,0.35391254619332857,0.23501797339757968
2020-03-13,0.14750261476530432,0.15010968946453715,0.11345717617925033,0.35391254619332857,0.23501797339757968
2020-03-16,0.14750261476530432,0.15010968946453715,0.11345717617925033,0.35391254619332857,0.23501797339757968
2020-03-17,0.14750261476530432,0.15010968946453715,0.11345717617925033,0.35391254619332857,0.23501797339757968
2020-03-18,0.14750261476530432,0.15010968946453715,0.11345717617925033,0.35391254619332857,0.23501797339757968
2020-03-19,0.14750261476530432,0.15010968946453715,0.11345717617925033,0.35391254619332857,0.23501797339757968
2020-03-20,0.14750261476530432,0.15010968946453715,0.11345717617925033,0.35391254619332857,0.23501797339757968
2020-03-23,0.14750261476530432,0.15010968946453715,0.11345717617925033,0.35391254619332857,0.23501797339757968
2020-03-24,0.14750261476530432,0.15010968946453715,0.11345717617925033,0.35391254619332857,0.23501797339757968
2020-03-25,0.14750261476530432,0.15010968946453715,0.11345717617925033,0.35391254619332857,0.23501797339757968
2020-03-26,0.14750261476530432,0.15010968946453715,0.11345717617925033,0.35391254619332857,0.23501797339757968
2020-03-27,0.12128930005070929,0.1238518355249604,0.09744428467674761,0.47092365492974564,0.18649092481783705
2020-03-30,0.12128930005070929,0.1238518355249604,0.09744428467674761,0.47092365492974564,0.18649092481783705
2020-03-31,0.12128930005070929,0.1238518355249604,0.09744428467674761,0.47092365492974564,0.18649092481783705
2020-04-01,0.12128930005070929,0.1238518355249604,0.09744428467674761,0.47092365492974564,0.18649092481783705
2020-04-02,0.12128930005070929,0.1238518355249604,0.09744428467674761,0.47092365492974564,0.18649092481783705
2020-04-03,0.12128930005070929,0.1238518355249604,0.09744428467674761,0.47092365492974564,0.18649092481783705
2020-04-06,0.12128930005070929,0.1238518355249604,0.09744428467674761,0.47092365492974564,0.18649092481783705
2020-04-07,0.12128930005070929,0.1238518355249604,0.09744428467674761,0.47092365492974564,0.18649092481783705
2020-04-08,0.12128930005070929,0.1238518355249604,0.09744428467674761,0.47092365492974564,0.18649092481783705
2020-04-09,0.12128930005070929,0.1238518355249604,0.09744428467674761,0.47092365492974564,0.18649092481783705
2020-04-13,0.12128930005070929,0.1238518355249604,0.09744428467674761,0.47092365492974564,0.18649092481783705
2020-04-14,0.12128930005070929,0.1238518355249604,0.09744428467674761,0.47092365492974564,0.18649092481783705
2020-04-15,0.12128930005070929,0.1238518355249604,0.09744428467674761,0.47092365492974564,0.18649092481783705
2020-04-16,0.12128930005070929,0.1238518355249604,0.09744428467674761,0.47092365492974564,0.18649092481783705
2020-04-17,0.12128930005070929,0.1238518355249604,0.09744428467674761,0.47092365492974564,0.18649092481783705
2020-04-20,0.12128930005070929,0.1238518355249604,0.09744428467674761,0.47092365492974564,0.18649092481783705
2020-04-22,0.12128930005070929,0.1238518355249604,0.09744428467674761,0.47092365492974564,0.18649092481783705
2020-04-23,0.12128930005070929,0.1238518355249604,0.09744428467674761,0.47092365492974564,0.18649092481783705
2020-04-24,0.12128930005070929,0.1238518355249604,0.09744428467674761,0.47092365492974564,0.18649092481783705
2020-04-27,0.12128930005070929,0.1238518355249604,0.09744428467674761,0.47092365492974564,0.18649092481783705
2020-04-28,0.12128930005070929,0.1238518355249604,0.09744428467674761,0.47092365492974564,0.18649092481783705
2020-04-29,0.12194523443304356,0.12430883352023168,0.0995289427221392,0.47147901659789837,0.1827379727266871
2020-04-30,0.12194523443304356,0.12430883352023168,0.0995289427221392,0.47147901659789837,0.1827379727266871
2020-05-04,0.12194523443304356,0.12430883352023168,0.0995289427221392,0.47147901659789837,0.1827379727266871
2020-05-05,0.12194523443304356,0.12430883352023168,0.0995289427221392,0.47147901659789837,0.1827379727266871
2020-05-06,0.12194523443304356,0.12430883352023168,0.0995289427221392,0.47147901659789837,0.1827379727266871
2020-05-07,0.12194523443304356,0.12430883352023168,0.0995289427221392,0.47147901659789837,0.1827379727266871
2020-05-08,0.12194523443304356,0.12430883352023168,0.0995289427221392,0.47147901659789837,0.1827379727266871
2020-05-11,0.12194523443304356,0.12430883352023168,0.0995289427221392,0.47147901659789837,0.1827379727266871
2020-05-12,0.12194523443304356,0.12430883352023168,0.0995289427221392,0.47147901659789837,0.1827379727266871
2020-05-13,0.12194523443304356,0.12430883352023168,0.0995289427221392,0.47147901659789837,0.1827379727266871
2020-05-14,0.12194523443304356,0.12430883352023168,0.0995289427221392,0.47147901659789837,0.1827379727266871
2020-05-15,0.12194523443304356,0.12430883352023168,0.0995289427221392,0.47147901659789837,0.1827379727266871
2020-05-18,0.12194523443304356,0.12430883352023168,0.0995289427221392,0.47147901659789837,0.1827379727266871
2020-05-19,0.12194523443304356,0.12430883352023168,0.0995289427221392,0.47147901659789837,0.1827379727266871
2020-05-20,0.12194523443304356,0.12430883352023168,0.0995289427221392,0.47147901659789837,0.1827379727266871
2020-05-21,0.12194523443304356,0.12430883352023168,0.0995289427221392,0.47147901659789837,0.1827379727266871
2020-05-22,0.12194523443304356,0.12430883352023168,0.0995289427221392,0.47147901659789837,0.1827379727266871
2020-05-26,0.12194523443304356,0.12430883352023168,0.0995289427221392,0.47147901659789837,0.1827379727266871
2020-05-27,0.12194523443304356,0.12430883352023168,0.0995289427221392,0.47147901659789837,0.1827379727266871
2020-05-28,0.12194523443304356,0.12430883352023168,0.0995289427221392,0.47147901659789837,0.1827379727266871
2020-05-29,0.12194523443304356,0.12430883352023168,0.0995289427221392,0.47147901659789837,0.1827379727266871
2020-06-01,0.12631903326492175,0.12889243669344055,0.10137219472263044,0.45870565936117763,0.18471067595782967
2020-06-02,0.12631903326492175,0.12889243669344055,0.10137219472263044,0.45870565936117763,0.18471067595782967
2020-06-03,0.12631903326492175,0.12889243669344055,0.10137219472263044,0.45870565936117763,0.18471067595782967
2020-06-04,0.12631903326492175,0.12889243669344055,0.10137219472263044,0.45870565936117763,0.18471067595782967
2020-06-05,0.12631903326492175,0.12889243669344055,0.10137219472263044,0.45870565936117763,0.18471067595782967
2020-06-08,0.12631903326492175,0.12889243669344055,0.10137219472263044,0.45870565936117763,0.18471067595782967
2020-06-09,0.12631903326492175,0.12889243669344055,0.10137219472263044,0.45870565936117763,0.18471067595782967
2020-06-10,0.12631903326492175,0.12889243669344055,0.10137219472263044,0.45870565936117763,0.18471067595782967
2020-06-12,0.12631903326492175,0.12889243669344055,0.10137219472263044,0.45870565936117763,0.18471067595782967
2020-06-15,0.12631903326492175,0.12889243669344055,0.10137219472263044,0.45870565936117763,0.18471067595782967
2020-06-16,0.12631903326492175,0.12889243669344055,0.10137219472263044,0.45870565936117763,0.18471067595782967
2020-06-17,0.12631903326492175,0.12889243669344055,0.10137219472263044,0.45870565936117763,0.18471067595782967
2020-06-18,0.12631903326492175,0.12889243669344055,0.10137219472263044,0.45870565936117763,0.18471067595782967
2020-06-19,0.12631903326492175,0.12889243669344055,0.10137219472263044,0.45870565936117763,0.18471067595782967
2020-06-22,0.12631903326492175,0.12889243669344055,0.10137219472263044,0.45870565936117763,0.18471067595782967
2020-06-23,0.12631903326492175,0.12889243669344055,0.10137219472263044,0.45870565936117763,0.18471067595782967
2020-06-24,0.12631903326492175,0.12889243669344055,0.10137219472263044,0.45870565936117763,0.18471067595782967
2020-06-25,0.12631903326492175,0.12889243669344055,0.10137219472263044,0.45870565936117763,0.18471067595782967
2020-06-26,0.12631903326492175,0.12889243669344055,0.10137219472263044,0.45870565936117763,0.18471067595782967
2020-06-29,0.12631903326492175,0.12889243669344055,0.10137219472263044,0.45870565936117763,0.18471067595782967
2020-06-30,0.12631903326492175,0.12889243669344055,0.10137219472263044,0.45870565936117763,0.18471067595782967
2020-07-01,0.13175912593171982,0.13447120916228003,0.10420526961294964,0.4432913482213548,0.18627304707169576
2020-07-02,0.13175912593171982,0.13447120916228003,0.10420526961294964,0.4432913482213548,0.18627304707169576
2020-07-06,0.13175912593171982,0.13447120916228003,0.10420526961294964,0.4432913482213548,0.18627304707169576
2020-07-07,0.13175912593171982,0.13447120916228003,0.10420526961294964,0.4432913482213548,0.18627304707169576
2020-07-08,0.13175912593171982,0.13447120916228003,0.10420526961294964,0.4432913482213548,0.18627304707169576
2020-07-09,0.13175912593171982,0.13447120916228003,0.10420526961294964,0.4432913482213548,0.18627304707169576
2020-07-10,0.13175912593171982,0.13447120916228003,0.10420526961294964,0.4432913482213548,0.18627304707169576
2020-07-13,0.13175912593171982,0.13447120916228003,0.10420526961294964,0.4432913482213548,0.18627304707169576
2020-07-14,0.13175912593171982,0.13447120916228003,0.10420526961294964,0.4432913482213548,0.18627304707169576
2020-07-15,0.13175912593171982,0.13447120916228003,0.10420526961294964,0.4432913482213548,0.18627304707169576
2020-07-16,0.13175912593171982,0.13447120916228003,0.10420526961294964,0.4432913482213548,0.18627304707169576
2020-07-17,0.13175912593171982,0.13447120916228003,0.10420526961294964,0.4432913482213548,0.18627304707169576
2020-07-20,0.13175912593171982,0.13447120916228003,0.10420526961294964,0.4432913482213548,0.18627304707169576
2020-07-21,0.13175912593171982,0.13447120916228003,0.10420526961294964,0.4432913482213548,0.18627304707169576
2020-07-22,0.13175912593171982,0.13447120916228003,0.10420526961294964,0.4432913482213548,0.18627304707169576
2020-07-23,0.13175912593171982,0.13447120916228003,0.10420526961294964,0.4432913482213548,0.18627304707169576
2020-07-24,0.13175912593171982,0.13447120916228003,0.10420526961294964,0.4432913482213548,0.18627304707169576
2020-07-27,0.13175912593171982,0.13447120916228003,0.10420526961294964,0.4432913482213548,0.18627304707169576
2020-07-28,0.13175912593171982,0.13447120916228003,0.10420526961294964,0.4432913482213548,0.18627304707169576
2020-07-29,0.13175912593171982,0.13447120916228003,0.10420526961294964,0.4432913482213548,0.18627304707169576
2020-07-30,0.13175912593171982,0.13447120916228003,0.10420526961294964,0.4432913482213548,0.18627304707169576
2020-07-31,0.1323627988815994,0.1352223064205033,0.1041721077230804,0.44413194008288287,0.184110846891934
2020-08-03,0.1323627988815994,0.1352223064205033,0.1041721077230804,0.44413194008288287,0.184110846891934
2020-08-04,0.1323627988815994,0.1352223064205033,0.1041721077230804,0.44413194008288287,0.184110846891934
2020-08-05,0.1323627988815994,0.1352223064205033,0.1041721077230804,0.44413194008288287,0.184110846891934
2020-08-06,0.1323627988815994,0.1352223064205033,0.1041721077230804,0.44413194008288287,0.184110846891934
2020-08-07,0.1323627988815994,0.1352223064205033,0.1041721077230804,0.44413194008288287,0.184110846891934
2020-08-10,0.1323627988815994,0.1352223064205033,0.1041721077230804,0.44413194008288287,0.184110846891934
2020-08-11,0.1323627988815994,0.1352223064205033,0.1041721077230804,0.44413194008288287,0.184110846891934
2020-08-12,0.1323627988815994,0.1352223064205033,0.1041721077230804,0.44413194008288287,0.184110846891934
2020-08-13,0.1323627988815994,0.1352223064205033,0.1041721077230804,0.44413194008288287,0.184110846891934
2020-08-14,0.1323627988815994,0.1352223064205033,0.1041721077230804,0.44413194008288287,0.184110846891934
2020-08-17,0.1323627988815994,0.1352223064205033,0.1041721077230804,0.44413194008288287,0.184110846891934
2020-08-18,0.1323627988815994,0.1352223064205033,0.1041721077230804,0.44413194008288287,0.184110846891934
2020-08-19,0.1323627988815994,0.1352223064205033,0.1041721077230804,0.44413194008288287,0.184110846891934
2020-08-20,0.1323627988815994,0.1352223064205033,0.1041721077230804,0.44413194008288287,0.184110846891934
2020-08-21,0.1323627988815994,0.1352223064205033,0.1041721077230804,0.44413194008288287,0.184110846891934
2020-08-24,0.1323627988815994,0.1352223064205033,0.1041721077230804,0.44413194008288287,0.184110846891934
2020-08-25,0.1323627988815994,0.1352223064205033,0.1041721077230804,0.44413194008288287,0.184110846891934
2020-08-26,0.1323627988815994,0.1352223064205033,0.1041721077230804,0.44413194008288287,0.184110846891934
2020-08-27,0.1323627988815994,0.1352223064205033,0.1041721077230804,0.44413194008288287,0.184110846891934
2020-08-28,0.1323627988815994,0.1352223064205033,0.1041721077230804,0.44413194008288287,0.184110846891934
2020-08-31,0.13455989663138976,0.1375093867450744,0.10586739997315436,0.43490553101495916,0.1871577856354224
2020-09-01,0.13455989663138976,0.1375093867450744,0.10586739997315436,0.43490553101495916,0.1871577856354224
2020-09-02,0.13455989663138976,0.1375093867450744,0.10586739997315436,0.43490553101495916,0.1871577856354224
2020-09-03,0.13455989663138976,0.1375093867450744,0.10586739997315436,0.43490553101495916,0.1871577856354224
2020-09-04,0.13455989663138976,0.1375093867450744,0.10586739997315436,0.43490553101495916,0.1871577856354224
2020-09-08,0.13455989663138976,0.1375093867450744,0.10586739997315436,0.43490553101495916,0.1871577856354224
2020-09-09,0.13455989663138976,0.1375093867450744,0.10586739997315436,0.43490553101495916,0.1871577856354224
2020-09-10,0.13455989663138976,0.1375093867450744,0.10586739997315436,0.43490553101495916,0.1871577856354224
2020-09-11,0.13455989663138976,0.1375093867450744,0.10586739997315436,0.43490553101495916,0.1871577856354224
2020-09-14,0.13455989663138976,0.1375093867450744,0.10586739997315436,0.43490553101495916,0.1871577856354224
2020-09-15,0.13455989663138976,0.1375093867450744,0.10586739997315436,0.43490553101495916,0.1871577856354224
2020-09-16,0.13455989663138976,0.1375093867450744,0.10586739997315436,0.43490553101495916,0.1871577856354224
2020-09-17,0.13455989663138976,0.1375093867450744,0.10586739997315436,0.43490553101495916,0.1871577856354224
2020-09-18,0.13455989663138976,0.1375093867450744,0.10586739997315436,0.43490553101495916,0.1871577856354224
2020-09-21,0.13455989663138976,0.1375093867450744,0.10586739997315436,0.43490553101495916,0.1871577856354224
2020-09-22,0.13455989663138976,0.1375093867450744,0.10586739997315436,0.43490553101495916,0.1871577856354224
2020-09-23,0.13455989663138976,0.1375093867450744,0.10586739997315436,0.43490553101495916,0.1871577856354224
2020-09-24,0.13455989663138976,0.1375093867450744,0.10586739997315436,0.43490553101495916,0.1871577856354224
2020-09-25,0.13455989663138976,0.1375093867450744,0.10586739997315436,0.43490553101495916,0.1871577856354224
2020-09-28,0.13455989663138976,0.1375093867450744,0.10586739997315436,0.43490553101495916,0.1871577856354224
2020-09-29,0.13455989663138976,0.1375093867450744,0.10586739997315436,0.43490553101495916,0.1871577856354224
2020-09-30,0.13487079128792084,0.13783167223356457,0.10566440137659172,0.4363434744083444,0.18528966069357855
2020-10-01,0.13487079128792084,0.13783167223356457,0.10566440137659172,0.4363434744083444,0.18528966069357855
2020-10-02,0.13487079128792084,0.13783167223356457,0.10566440137659172,0.4363434744083444,0.18528966069357855
2020-10-05,0.13487079128792084,0.13783167223356457,0.10566440137659172,0.4363434744083444,0.18528966069357855
2020-10-06,0.13487079128792084,0.13783167223356457,0.10566440137659172,0.4363434744083444,0.18528966069357855
2020-10-07,0.13487079128792084,0.13783167223356457,0.10566440137659172,0.4363434744083444,0.18528966069357855
2020-10-08,0.13487079128792084,0.13783167223356457,0.10566440137659172,0.4363434744083444,0.18528966069357855
2020-10-09,0.13487079128792084,0.13783167223356457,0.10566440137659172,0.4363434744083444,0.18528966069357855
2020-10-13,0.13487079128792084,0.13783167223356457,0.10566440137659172,0.4363434744083444,0.18528966069357855
2020-10-14,0.13487079128792084,0.13783167223356457,0.10566440137659172,0.4363434744083444,0.18528966069357855
2020-10-15,0.13487079128792084,0.13783167223356457,0.10566440137659172,0.4363434744083444,0.18528966069357855
2020-10-16,0.13487079128792084,0.13783167223356457,0.10566440137659172,0.4363434744083444,0.18528966069357855
2020-10-19,0.13487079128792084,0.13783167223356457,0.10566440137659172,0.4363434744083444,0.18528966069357855
2020-10-20,0.13487079128792084,0.13783167223356457,0.10566440137659172,0.4363434744083444,0.18528966069357855
2020-10-21,0.13487079128792084,0.13783167223356457,0.10566440137659172,0.4363434744083444,0.18528966069357855
2020-10-22,0.13487079128792084,0.13783167223356457,0.10566440137659172,0.4363434744083444,0.18528966069357855
2020-10-23,0.13487079128792084,0.13783167223356457,0.10566440137659172,0.4363434744083444,0.18528966069357855
2020-10-26,0.13487079128792084,0.13783167223356457,0.10566440137659172,0.4363434744083444,0.18528966069357855
2020-10-27,0.13487079128792084,0.13783167223356457,0.10566440137659172,0.4363434744083444,0.18528966069357855
2020-10-28,0.13487079128792084,0.13783167223356457,0.10566440137659172,0.4363434744083444,0.18528966069357855
2020-10-29,0.13487079128792084,0.13783167223356457,0.10566440137659172,0.4363434744083444,0.18528966069357855
2020-10-30,0.13545470573533383,0.138495200565748,0.1056019318949497,0.4366757545727379,0.18377240723123064
2020-11-03,0.13545470573533383,0.138495200565748,0.1056019318949497,0.4366757545727379,0.18377240723123064
2020-11-04,0.13545470573533383,0.138495200565748,0.1056019318949497,0.4366757545727379,0.18377240723123064
2020-11-05,0.13545470573533383,0.138495200565748,0.1056019318949497,0.4366757545727379,0.18377240723123064
2020-11-06,0.13545470573533383,0.138495200565748,0.1056019318949497,0.4366757545727379,0.18377240723123064
2020-11-09,0.13545470573533383,0.138495200565748,0.1056019318949497,0.4366757545727379,0.18377240723123064
2020-11-10,0.13545470573533383,0.138495200565748,0.1056019318949497,0.4366757545727379,0.18377240723123064
2020-11-11,0.13545470573533383,0.138495200565748,0.1056019318949497,0.4366757545727379,0.18377240723123064
2020-11-12,0.13545470573533383,0.138495200565748,0.1056019318949497,0.4366757545727379,0.18377240723123064
2020-11-13,0.13545470573533383,0.138495200565748,0.1056019318949497,0.4366757545727379,0.18377240723123064
2020-11-16,0.13545470573533383,0.138495200565748,0.1056019318949497,0.4366757545727379,0.18377240723123064
2020-11-17,0.13545470573533383,0.138495200565748,0.1056019318949497,0.4366757545727379,0.18377240723123064
2020-11-18,0.13545470573533383,0.138495200565748,0.1056019318949497,0.4366757545727379,0.18377240723123064
2020-11-19,0.13545470573533383,0.138495200565748,0.1056019318949497,0.4366757545727379,0.18377240723123064
2020-11-20,0.13545470573533383,0.138495200565748,0.1056019318949497,0.4366757545727379,0.18377240723123064
2020-11-23,0.13545470573533383,0.138495200565748,0.1056019318949497,0.4366757545727379,0.18377240723123064
2020-11-24,0.13545470573533383,0.138495200565748,0.1056019318949497,0.4366757545727379,0.18377240723123064
2020-11-25,0.13545470573533383,0.138495200565748,0.1056019318949497,0.4366757545727379,0.18377240723123064
2020-11-27,0.13545470573533383,0.138495200565748,0.1056019318949497,0.4366757545727379,0.18377240723123064
2020-11-30,0.13545470573533383,0.138495200565748,0.1056019318949497,0.4366757545727379,0.18377240723123064
2020-12-01,0.13545470573533383,0.138495200565748,0.1056019318949497,0.4366757545727379,0.18377240723123064
2020-12-02,0.14040483496250242,0.14360724334472388,0.10726838648777057,0.42182871043656467,0.1868908247684384
2020-12-03,0.14040483496250242,0.14360724334472388,0.10726838648777057,0.42182871043656467,0.1868908247684384
2020-12-04,0.14040483496250242,0.14360724334472388,0.10726838648777057,0.42182871043656467,0.1868908247684384
2020-12-07,0.14040483496250242,0.14360724334472388,0.10726838648777057,0.42182871043656467,0.1868908247684384
2020-12-08,0.14040483496250242,0.14360724334472388,0.10726838648777057,0.42182871043656467,0.1868908247684384
2020-12-09,0.14040483496250242,0.14360724334472388,0.10726838648777057,0.42182871043656467,0.1868908247684384
2020-12-10,0.14040483496250242,0.14360724334472388,0.10726838648777057,0.42182871043656467,0.1868908247684384
2020-12-11,0.14040483496250242,0.14360724334472388,0.10726838648777057,0.42182871043656467,0.1868908247684384
2020-12-14,0.14040483496250242,0.14360724334472388,0.10726838648777057,0.42182871043656467,0.1868908247684384
2020-12-15,0.14040483496250242,0.14360724334472388,0.10726838648777057,0.42182871043656467,0.1868908247684384
2020-12-16,0.14040483496250242,0.14360724334472388,0.10726838648777057,0.42182871043656467,0.1868908247684384
2020-12-17,0.14040483496250242,0.14360724334472388,0.10726838648777057,0.42182871043656467,0.1868908247684384
2020-12-18,0.14040483496250242,0.14360724334472388,0.10726838648777057,0.42182871043656467,0.1868908247684384
2020-12-21,0.14040483496250242,0.14360724334472388,0.10726838648777057,0.42182871043656467,0.1868908247684384
2020-12-22,0.14040483496250242,0.14360724334472388,0.10726838648777057,0.42182871043656467,0.1868908247684384
2020-12-23,0.14040483496250242,0.14360724334472388,0.10726838648777057,0.42182871043656467,0.1868908247684384
2020-12-28,0.14040483496250242,0.14360724334472388,0.10726838648777057,0.42182871043656467,0.1868908247684384
2020-12-29,0.14040483496250242,0.14360724334472388,0.10726838648777057,0.42182871043656467,0.1868908247684384
2020-12-30,0.14040483496250242,0.14360724334472388,0.10726838648777057,0.42182871043656467,0.1868908247684384
2021-01-04,0.14040483496250242,0.14360724334472388,0.10726838648777057,0.42182871043656467,0.1868908247684384
2021-01-05,0.14040483496250242,0.14360724334472388,0.10726838648777057,0.42182871043656467,0.1868908247684384
2021-01-06,0.14178967767037376,0.14514259628100862,0.10751266894039922,0.4185888351969278,0.1869662219112907
2021-01-07,0.14178967767037376,0.14514259628100862,0.10751266894039922,0.4185888351969278,0.1869662219112907
2021-01-08,0.14178967767037376,0.14514259628100862,0.10751266894039922,0.4185888351969278,0.1869662219112907
2021-01-11,0.14178967767037376,0.14514259628100862,0.10751266894039922,0.4185888351969278,0.1869662219112907
2021-01-12,0.14178967767037376,0.14514259628100862,0.10751266894039922,0.4185888351969278,0.1869662219112907
2021-01-13,0.14178967767037376,0.14514259628100862,0.10751266894039922,0.4185888351969278,0.1869662219112907
2021-01-14,0.14178967767037376,0.14514259628100862,0.10751266894039922,0.4185888351969278,0.1869662219112907
2021-01-15,0.14178967767037376,0.14514259628100862,0.10751266894039922,0.4185888351969278,0.1869662219112907
2021-01-19,0.14178967767037376,0.14514259628100862,0.10751266894039922,0.4185888351969278,0.1869662219112907
2021-01-20,0.14178967767037376,0.14514259628100862,0.10751266894039922,0.4185888351969278,0.1869662219112907
2021-01-21,0.14178967767037376,0.14514259628100862,0.10751266894039922,0.4185888351969278,0.1869662219112907
2021-01-22,0.14178967767037376,0.14514259628100862,0.10751266894039922,0.4185888351969278,0.1869662219112907
2021-01-26,0.14178967767037376,0.14514259628100862,0.10751266894039922,0.4185888351969278,0.1869662219112907
2021-01-27,0.14178967767037376,0.14514259628100862,0.10751266894039922,0.4185888351969278,0.1869662219112907
2021-01-28,0.14178967767037376,0.14514259628100862,0.10751266894039922,0.4185888351969278,0.1869662219112907
2021-01-29,0.14178967767037376,0.14514259628100862,0.10751266894039922,0.4185888351969278,0.1869662219112907
2021-02-01,0.14178967767037376,0.14514259628100862,0.10751266894039922,0.4185888351969278,0.1869662219112907
2021-02-02,0.14178967767037376,0.14514259628100862,0.10751266894039922,0.4185888351969278,0.1869662219112907
2021-02-03,0.14178967767037376,0.14514259628100862,0.10751266894039922,0.4185888351969278,0.1869662219112907
2021-02-04,0.14178967767037376,0.14514259628100862,0.10751266894039922,0.4185888351969278,0.1869662219112907
2021-02-05,0.14178967767037376,0.14514259628100862,0.10751266894039922,0.4185888351969278,0.1869662219112907
2021-02-08,0.14325034055687794,0.14718548479991214,0.10849877781153149,0.41281980390333245,0.188245592928346
2021-02-09,0.14325034055687794,0.14718548479991214,0.10849877781153149,0.41281980390333245,0.188245592928346
2021-02-10,0.14325034055687794,0.14718548479991214,0.10849877781153149,0.41281980390333245,0.188245592928346
2021-02-11,0.14325034055687794,0.14718548479991214,0.10849877781153149,0.41281980390333245,0.188245592928346
2021-02-12,0.14325034055687794,0.14718548479991214,0.10849877781153149,0.41281980390333245,0.188245592928346
2021-02-17,0.14325034055687794,0.14718548479991214,0.10849877781153149,0.41281980390333245,0.188245592928346
2021-02-18,0.14325034055687794,0.14718548479991214,0.10849877781153149,0.41281980390333245,0.188245592928346
2021-02-19,0.14325034055687794,0.14718548479991214,0.10849877781153149,0.41281980390333245,0.188245592928346
2021-02-22,0.14325034055687794,0.14718548479991214,0.10849877781153149,0.41281980390333245,0.188245592928346
2021-02-23,0.14325034055687794,0.14718548479991214,0.10849877781153149,0.41281980390333245,0.188245592928346
2021-02-24,0.14325034055687794,0.14718548479991214,0.10849877781153149,0.41281980390333245,0.188245592928346
2021-02-25,0.14325034055687794,0.14718548479991214,0.10849877781153149,0.41281980390333245,0.188245592928346
2021-02-26,0.14325034055687794,0.14718548479991214,0.10849877781153149,0.41281980390333245,0.188245592928346
2021-03-01,0.14325034055687794,0.14718548479991214,0.10849877781153149,0.41281980390333245,0.188245592928346
2021-03-02,0.14325034055687794,0.14718548479991214,0.10849877781153149,0.41281980390333245,0.188245592928346
2021-03-03,0.14325034055687794,0.14718548479991214,0.10849877781153149,0.41281980390333245,0.188245592928346
2021-03-04,0.14325034055687794,0.14718548479991214,0.10849877781153149,0.41281980390333245,0.188245592928346
2021-03-05,0.14325034055687794,0.14718548479991214,0.10849877781153149,0.41281980390333245,0.188245592928346
2021-03-08,0.14325034055687794,0.14718548479991214,0.10849877781153149,0.41281980390333245,0.188245592928346
2021-03-09,0.14325034055687794,0.14718548479991214,0.10849877781153149,0.41281980390333245,0.188245592928346
2021-03-10,0.14325034055687794,0.14718548479991214,0.10849877781153149,0.41281980390333245,0.188245592928346
2021-03-11,0.1465208103240391,0.15076196119570054,0.10919940526715496,0.4018445291605751,0.1916732940525304
2021-03-12,0.1465208103240391,0.15076196119570054,0.10919940526715496,0.4018445291605751,0.1916732940525304
2021-03-15,0.1465208103240391,0.15076196119570054,0.10919940526715496,0.4018445291605751,0.1916732940525304
2021-03-16,0.1465208103240391,0.15076196119570054,0.10919940526715496,0.4018445291605751,0.1916732940525304
2021-03-17,0.1465208103240391,0.15076196119570054,0.10919940526715496,0.4018445291605751,0.1916732940525304
2021-03-18,0.1465208103240391,0.15076196119570054,0.10919940526715496,0.4018445291605751,0.1916732940525304
2021-03-19,0.1465208103240391,0.15076196119570054,0.10919940526715496,0.4018445291605751,0.1916732940525304
2021-03-22,0.1465208103240391,0.15076196119570054,0.10919940526715496,0.4018445291605751,0.1916732940525304
2021-03-23,0.1465208103240391,0.15076196119570054,0.10919940526715496,0.4018445291605751,0.1916732940525304
2021-03-24,0.1465208103240391,0.15076196119570054,0.10919940526715496,0.4018445291605751,0.1916732940525304
2021-03-25,0.1465208103240391,0.15076196119570054,0.10919940526715496,0.4018445291605751,0.1916732940525304
2021-03-26,0.1465208103240391,0.15076196119570054,0.10919940526715496,0.4018445291605751,0.1916732940525304
2021-03-29,0.1465208103240391,0.15076196119570054,0.10919940526715496,0.4018445291605751,0.1916732940525304
2021-03-30,0.1465208103240391,0.15076196119570054,0.10919940526715496,0.4018445291605751,0.1916732940525304
2021-03-31,0.1465208103240391,0.15076196119570054,0.10919940526715496,0.4018445291605751,0.1916732940525304
2021-04-01,0.1465208103240391,0.15076196119570054,0.10919940526715496,0.4018445291605751,0.1916732940525304
2021-04-05,0.1465208103240391,0.15076196119570054,0.10919940526715496,0.4018445291605751,0.1916732940525304
2021-04-06,0.1465208103240391,0.15076196119570054,0.10919940526715496,0.4018445291605751,0.1916732940525304
2021-04-07,0.1465208103240391,0.15076196119570054,0.10919940526715496,0.4018445291605751,0.1916732940525304
2021-04-08,0.1465208103240391,0.15076196119570054,0.10919940526715496,0.4018445291605751,0.1916732940525304
2021-04-09,0.1465208103240391,0.15076196119570054,0.10919940526715496,0.4018445291605751,0.1916732940525304
2021-04-12,0.18468534598980865,0.19104851220638408,0.1218175736543191,0.293728425944878,0.20872014220461022
2021-04-13,0.18468534598980865,0.19104851220638408,0.1218175736543191,0.293728425944878,0.20872014220461022
2021-04-14,0.18468534598980865,0.19104851220638408,0.1218175736543191,0.293728425944878,0.20872014220461022
2021-04-15,0.18468534598980865,0.19104851220638408,0.1218175736543191,0.293728425944878,0.20872014220461022
2021-04-16,0.18468534598980865,0.19104851220638408,0.1218175736543191,0.293728425944878,0.20872014220461022
2021-04-19,0.18468534598980865,0.19104851220638408,0.1218175736543191,0.293728425944878,0.20872014220461022
2021-04-20,0.18468534598980865,0.19104851220638408,0.1218175736543191,0.293728425944878,0.20872014220461022
2021-04-22,0.18468534598980865,0.19104851220638408,0.1218175736543191,0.293728425944878,0.20872014220461022
2021-04-23,0.18468534598980865,0.19104851220638408,0.1218175736543191,0.293728425944878,0.20872014220461022
2021-04-26,0.18468534598980865,0.19104851220638408,0.1218175736543191,0.293728425944878,0.20872014220461022
2021-04-27,0.18468534598980865,0.19104851220638408,0.1218175736543191,0.293728425944878,0.20872014220461022
2021-04-28,0.18468534598980865,0.19104851220638408,0.1218175736543191,0.293728425944878,0.20872014220461022
2021-04-29,0.18468534598980865,0.19104851220638408,0.1218175736543191,0.293728425944878,0.20872014220461022
2021-04-30,0.18468534598980865,0.19104851220638408,0.1218175736543191,0.293728425944878,0.20872014220461022
2021-05-03,0.18468534598980865,0.19104851220638408,0.1218175736543191,0.293728425944878,0.20872014220461022
2021-05-04,0.18468534598980865,0.19104851220638408,0.1218175736543191,0.293728425944878,0.20872014220461022
2021-05-05,0.18468534598980865,0.19104851220638408,0.1218175736543191,0.293728425944878,0.20872014220461022
2021-05-06,0.18468534598980865,0.19104851220638408,0.1218175736543191,0.293728425944878,0.20872014220461022
2021-05-07,0.18468534598980865,0.19104851220638408,0.1218175736543191,0.293728425944878,0.20872014220461022
2021-05-10,0.18468534598980865,0.19104851220638408,0.1218175736543191,0.293728425944878,0.20872014220461022
2021-05-11,0.18468534598980865,0.19104851220638408,0.1218175736543191,0.293728425944878,0.20872014220461022
2021-05-12,0.19430227238066233,0.2025515689653504,0.12074724811787306,0.27134539009377223,0.21105352044234205
2021-05-13,0.19430227238066233,0.2025515689653504,0.12074724811787306,0.27134539009377223,0.21105352044234205
2021-05-14,0.19430227238066233,0.2025515689653504,0.12074724811787306,0.27134539009377223,0.21105352044234205
2021-05-17,0.19430227238066233,0.2025515689653504,0.12074724811787306,0.27134539009377223,0.21105352044234205
2021-05-18,0.19430227238066233,0.2025515689653504,0.12074724811787306,0.27134539009377223,0.21105352044234205
2021-05-19,0.19430227238066233,0.2025515689653504,0.12074724811787306,0.27134539009377223,0.21105352044234205
2021-05-20,0.19430227238066233,0.2025515689653504,0.12074724811787306,0.27134539009377223,0.21105352044234205
2021-05-21,0.19430227238066233,0.2025515689653504,0.12074724811787306,0.27134539009377223,0.21105352044234205
2021-05-24,0.19430227238066233,0.2025515689653504,0.12074724811787306,0.27134539009377223,0.21105352044234205
2021-05-25,0.19430227238066233,0.2025515689653504,0.12074724811787306,0.27134539009377223,0.21105352044234205
2021-05-26,0.19430227238066233,0.2025515689653504,0.12074724811787306,0.27134539009377223,0.21105352044234205
2021-05-27,0.19430227238066233,0.2025515689653504,0.12074724811787306,0.27134539009377223,0.21105352044234205
2021-05-28,0.19430227238066233,0.2025515689653504,0.12074724811787306,0.27134539009377223,0.21105352044234205
2021-06-01,0.19430227238066233,0.2025515689653504,0.12074724811787306,0.27134539009377223,0.21105352044234205
2021-06-02,0.19430227238066233,0.2025515689653504,0.12074724811787306,0.27134539009377223,0.21105352044234205
2021-06-04,0.19430227238066233,0.2025515689653504,0.12074724811787306,0.27134539009377223,0.21105352044234205
2021-06-07,0.19430227238066233,0.2025515689653504,0.12074724811787306,0.27134539009377223,0.21105352044234205
2021-06-08,0.19430227238066233,0.2025515689653504,0.12074724811787306,0.27134539009377223,0.21105352044234205
2021-06-09,0.19430227238066233,0.2025515689653504,0.12074724811787306,0.27134539009377223,0.21105352044234205
2021-06-10,0.19430227238066233,0.2025515689653504,0.12074724811787306,0.27134539009377223,0.21105352044234205
2021-06-11,0.19430227238066233,0.2025515689653504,0.12074724811787306,0.27134539009377223,0.21105352044234205
2021-06-14,0.1969917220166926,0.20504192511690952,0.12291593049668757,0.2652481174120669,0.20980230495764346
2021-06-15,0.1969917220166926,0.20504192511690952,0.12291593049668757,0.2652481174120669,0.20980230495764346
2021-06-16,0.1969917220166926,0.20504192511690952,0.12291593049668757,0.2652481174120669,0.20980230495764346
2021-06-17,0.1969917220166926,0.20504192511690952,0.12291593049668757,0.2652481174120669,0.20980230495764346
2021-06-18,0.1969917220166926,0.20504192511690952,0.12291593049668757,0.2652481174120669,0.20980230495764346
2021-06-21,0.1969917220166926,0.20504192511690952,0.12291593049668757,0.2652481174120669,0.20980230495764346
2021-06-22,0.1969917220166926,0.20504192511690952,0.12291593049668757,0.2652481174120669,0.20980230495764346
2021-06-23,0.1969917220166926,0.20504192511690952,0.12291593049668757,0.2652481174120669,0.20980230495764346
2021-06-24,0.1969917220166926,0.20504192511690952,0.12291593049668757,0.2652481174120669,0.20980230495764346
2021-06-25,0.1969917220166926,0.20504192511690952,0.12291593049668757,0.2652481174120669,0.20980230495764346
2021-06-28,0.1969917220166926,0.20504192511690952,0.12291593049668757,0.2652481174120669,0.20980230495764346
2021-06-29,0.1969917220166926,0.20504192511690952,0.12291593049668757,0.2652481174120669,0.20980230495764346
2021-06-30,0.1969917220166926,0.20504192511690952,0.12291593049668757,0.2652481174120669,0.20980230495764346
2021-07-01,0.1969917220166926,0.20504192511690952,0.12291593049668757,0.2652481174120669,0.20980230495764346
2021-07-02,0.1969917220166926,0.20504192511690952,0.12291593049668757,0.2652481174120669,0.20980230495764346
2021-07-06,0.1969917220166926,0.20504192511690952,0.12291593049668757,0.2652481174120669,0.20980230495764346
2021-07-07,0.1969917220166926,0.20504192511690952,0.12291593049668757,0.2652481174120669,0.20980230495764346
2021-07-08,0.1969917220166926,0.20504192511690952,0.12291593049668757,0.2652481174120669,0.20980230495764346
2021-07-12,0.1969917220166926,0.20504192511690952,0.12291593049668757,0.2652481174120669,0.20980230495764346
2021-07-13,0.1969917220166926,0.20504192511690952,0.12291593049668757,0.2652481174120669,0.20980230495764346
2021-07-14,0.1969917220166926,0.20504192511690952,0.12291593049668757,0.2652481174120669,0.20980230495764346
2021-07-15,0.1968429353794872,0.204798492214093,0.12373167984321286,0.26191160015804266,0.2127152924051643
2021-07-16,0.1968429353794872,0.204798492214093,0.12373167984321286,0.26191160015804266,0.2127152924051643
2021-07-19,0.1968429353794872,0.204798492214093,0.12373167984321286,0.26191160015804266,0.2127152924051643
2021-07-20,0.1968429353794872,0.204798492214093,0.12373167984321286,0.26191160015804266,0.2127152924051643
2021-07-21,0.1968429353794872,0.204798492214093,0.12373167984321286,0.26191160015804266,0.2127152924051643
2021-07-22,0.1968429353794872,0.204798492214093,0.12373167984321286,0.26191160015804266,0.2127152924051643
2021-07-23,0.1968429353794872,0.204798492214093,0.12373167984321286,0.26191160015804266,0.2127152924051643
2021-07-26,0.1968429353794872,0.204798492214093,0.12373167984321286,0.26191160015804266,0.2127152924051643
2021-07-27,0.1968429353794872,0.204798492214093,0.12373167984321286,0.26191160015804266,0.2127152924051643
2021-07-28,0.1968429353794872,0.204798492214093,0.12373167984321286,0.26191160015804266,0.2127152924051643
2021-07-29,0.1968429353794872,0.204798492214093,0.12373167984321286,0.26191160015804266,0.2127152924051643
2021-07-30,0.1968429353794872,0.204798492214093,0.12373167984321286,0.26191160015804266,0.2127152924051643
2021-08-02,0.1968429353794872,0.204798492214093,0.12373167984321286,0.26191160015804266,0.2127152924051643
2021-08-03,0.1968429353794872,0.204798492214093,0.12373167984321286,0.26191160015804266,0.2127152924051643
2021-08-04,0.1968429353794872,0.204798492214093,0.12373167984321286,0.26191160015804266,0.2127152924051643
2021-08-05,0.1968429353794872,0.204798492214093,0.12373167984321286,0.26191160015804266,0.2127152924051643
2021-08-06,0.1968429353794872,0.204798492214093,0.12373167984321286,0.26191160015804266,0.2127152924051643
2021-08-09,0.1968429353794872,0.204798492214093,0.12373167984321286,0.26191160015804266,0.2127152924051643
2021-08-10,0.1968429353794872,0.204798492214093,0.12373167984321286,0.26191160015804266,0.2127152924051643
2021-08-11,0.1968429353794872,0.204798492214093,0.12373167984321286,0.26191160015804266,0.2127152924051643
2021-08-12,0.1968429353794872,0.204798492214093,0.12373167984321286,0.26191160015804266,0.2127152924051643
2021-08-13,0.19689069424541117,0.20593511607687542,0.12237023067163601,0.26237567884818325,0.21242828015789425
2021-08-16,0.19689069424541117,0.20593511607687542,0.12237023067163601,0.26237567884818325,0.21242828015789425
2021-08-17,0.19689069424541117,0.20593511607687542,0.12237023067163601,0.26237567884818325,0.21242828015789425
2021-08-18,0.19689069424541117,0.20593511607687542,0.12237023067163601,0.26237567884818325,0.21242828015789425
2021-08-19,0.19689069424541117,0.20593511607687542,0.12237023067163601,0.26237567884818325,0.21242828015789425
2021-08-20,0.19689069424541117,0.20593511607687542,0.12237023067163601,0.26237567884818325,0.21242828015789425
2021-08-23,0.19689069424541117,0.20593511607687542,0.12237023067163601,0.26237567884818325,0.21242828015789425
2021-08-24,0.19689069424541117,0.20593511607687542,0.12237023067163601,0.26237567884818325,0.21242828015789425
2021-08-25,0.19689069424541117,0.20593511607687542,0.12237023067163601,0.26237567884818325,0.21242828015789425
2021-08-26,0.19689069424541117,0.20593511607687542,0.12237023067163601,0.26237567884818325,0.21242828015789425
2021-08-27,0.19689069424541117,0.20593511607687542,0.12237023067163601,0.26237567884818325,0.21242828015789425
2021-08-30,0.19689069424541117,0.20593511607687542,0.12237023067163601,0.26237567884818325,0.21242828015789425
2021-08-31,0.19689069424541117,0.20593511607687542,0.12237023067163601,0.26237567884818325,0.21242828015789425
2021-09-01,0.19689069424541117,0.20593511607687542,0.12237023067163601,0.26237567884818325,0.21242828015789425
2021-09-02,0.19689069424541117,0.20593511607687542,0.12237023067163601,0.26237567884818325,0.21242828015789425
2021-09-03,0.19689069424541117,0.20593511607687542,0.12237023067163601,0.26237567884818325,0.21242828015789425
2021-09-08,0.19689069424541117,0.20593511607687542,0.12237023067163601,0.26237567884818325,0.21242828015789425
2021-09-09,0.19689069424541117,0.20593511607687542,0.12237023067163601,0.26237567884818325,0.21242828015789425
2021-09-10,0.19689069424541117,0.20593511607687542,0.12237023067163601,0.26237567884818325,0.21242828015789425
2021-09-13,0.19689069424541117,0.20593511607687542,0.12237023067163601,0.26237567884818325,0.21242828015789425
2021-09-14,0.19689069424541117,0.20593511607687542,0.12237023067163601,0.26237567884818325,0.21242828015789425
2021-09-15,0.1932649324800991,0.2005923805575211,0.11855321756071063,0.27473432438721895,0.21285514501445024
2021-09-16,0.1932649324800991,0.2005923805575211,0.11855321756071063,0.27473432438721895,0.21285514501445024
2021-09-17,0.1932649324800991,0.2005923805575211,0.11855321756071063,0.27473432438721895,0.21285514501445024
2021-09-20,0.1932649324800991,0.2005923805575211,0.11855321756071063,0.27473432438721895,0.21285514501445024
2021-09-21,0.1932649324800991,0.2005923805575211,0.11855321756071063,0.27473432438721895,0.21285514501445024
2021-09-22,0.1932649324800991,0.2005923805575211,0.11855321756071063,0.27473432438721895,0.21285514501445024
2021-09-23,0.1932649324800991,0.2005923805575211,0.11855321756071063,0.27473432438721895,0.21285514501445024
2021-09-24,0.1932649324800991,0.2005923805575211,0.11855321756071063,0.27473432438721895,0.21285514501445024
2021-09-27,0.1932649324800991,0.2005923805575211,0.11855321756071063,0.27473432438721895,0.21285514501445024
2021-09-28,0.1932649324800991,0.2005923805575211,0.11855321756071063,0.27473432438721895,0.21285514501445024
2021-09-29,0.1932649324800991,0.2005923805575211,0.11855321756071063,0.27473432438721895,0.21285514501445024
2021-09-30,0.1932649324800991,0.2005923805575211,0.11855321756071063,0.27473432438721895,0.21285514501445024
2021-10-01,0.1932649324800991,0.2005923805575211,0.11855321756071063,0.27473432438721895,0.21285514501445024
2021-10-04,0.1932649324800991,0.2005923805575211,0.11855321756071063,0.27473432438721895,0.21285514501445024
2021-10-05,0.1932649324800991,0.2005923805575211,0.11855321756071063,0.27473432438721895,0.21285514501445024
2021-10-06,0.1932649324800991,0.2005923805575211,0.11855321756071063,0.27473432438721895,0.21285514501445024
2021-10-07,0.1932649324800991,0.2005923805575211,0.11855321756071063,0.27473432438721895,0.21285514501445024
2021-10-08,0.1932649324800991,0.2005923805575211,0.11855321756071063,0.27473432438721895,0.21285514501445024
2021-10-11,0.1932649324800991,0.2005923805575211,0.11855321756071063,0.27473432438721895,0.21285514501445024
2021-10-13,0.1932649324800991,0.2005923805575211,0.11855321756071063,0.27473432438721895,0.21285514501445024
2021-10-14,0.1932649324800991,0.2005923805575211,0.11855321756071063,0.27473432438721895,0.21285514501445024
2021-10-15,0.19138317375924055,0.19886994250798662,0.11976615636123714,0.27156462291687294,0.21841610445466264
2021-10-18,0.19138317375924055,0.19886994250798662,0.11976615636123714,0.27156462291687294,0.21841610445466264
2021-10-19,0.19138317375924055,0.19886994250798662,0.11976615636123714,0.27156462291687294,0.21841610445466264
2021-10-20,0.19138317375924055,0.19886994250798662,0.11976615636123714,0.27156462291687294,0.21841610445466264
2021-10-21,0.19138317375924055,0.19886994250798662,0.11976615636123714,0.27156462291687294,0.21841610445466264
2021-10-22,0.19138317375924055,0.19886994250798662,0.11976615636123714,0.27156462291687294,0.21841610445466264
2021-10-25,0.19138317375924055,0.19886994250798662,0.11976615636123714,0.27156462291687294,0.21841610445466264
2021-10-26,0.19138317375924055,0.19886994250798662,0.11976615636123714,0.27156462291687294,0.21841610445466264
2021-10-27,0.19138317375924055,0.19886994250798662,0.11976615636123714,0.27156462291687294,0.21841610445466264
2021-10-28,0.19138317375924055,0.19886994250798662,0.11976615636123714,0.27156462291687294,0.21841610445466264
2021-10-29,0.19138317375924055,0.19886994250798662,0.11976615636123714,0.27156462291687294,0.21841610445466264
2021-11-01,0.19138317375924055,0.19886994250798662,0.11976615636123714,0.27156462291687294,0.21841610445466264
2021-11-03,0.19138317375924055,0.19886994250798662,0.11976615636123714,0.27156462291687294,0.21841610445466264
2021-11-04,0.19138317375924055,0.19886994250798662,0.11976615636123714,0.27156462291687294,0.21841610445466264
2021-11-05,0.19138317375924055,0.19886994250798662,0.11976615636123714,0.27156462291687294,0.21841610445466264
2021-11-08,0.19138317375924055,0.19886994250798662,0.11976615636123714,0.27156462291687294,0.21841610445466264
2021-11-09,0.19138317375924055,0.19886994250798662,0.11976615636123714,0.27156462291687294,0.21841610445466264
2021-11-10,0.19138317375924055,0.19886994250798662,0.11976615636123714,0.27156462291687294,0.21841610445466264
2021-11-11,0.19138317375924055,0.19886994250798662,0.11976615636123714,0.27156462291687294,0.21841610445466264
2021-11-12,0.19138317375924055,0.19886994250798662,0.11976615636123714,0.27156462291687294,0.21841610445466264
2021-11-16,0.19138317375924055,0.19886994250798662,0.11976615636123714,0.27156462291687294,0.21841610445466264
2021-11-17,0.18886484300399298,0.19600118372171949,0.11780285025277017,0.2661027905302411,0.23122833249127628
2021-11-18,0.18886484300399298,0.19600118372171949,0.11780285025277017,0.2661027905302411,0.23122833249127628
2021-11-19,0.18886484300399298,0.19600118372171949,0.11780285025277017,0.2661027905302411,0.23122833249127628
2021-11-22,0.18886484300399298,0.19600118372171949,0.11780285025277017,0.2661027905302411,0.23122833249127628
2021-11-23,0.18886484300399298,0.19600118372171949,0.11780285025277017,0.2661027905302411,0.23122833249127628
2021-11-24,0.18886484300399298,0.19600118372171949,0.11780285025277017,0.2661027905302411,0.23122833249127628
2021-11-26,0.18886484300399298,0.19600118372171949,0.11780285025277017,0.2661027905302411,0.23122833249127628
2021-11-29,0.18886484300399298,0.19600118372171949,0.11780285025277017,0.2661027905302411,0.23122833249127628
2021-11-30,0.18886484300399298,0.19600118372171949,0.11780285025277017,0.2661027905302411,0.23122833249127628
2021-12-01,0.18886484300399298,0.19600118372171949,0.11780285025277017,0.2661027905302411,0.23122833249127628
2021-12-02,0.18886484300399298,0.19600118372171949,0.11780285025277017,0.2661027905302411,0.23122833249127628
2021-12-03,0.18886484300399298,0.19600118372171949,0.11780285025277017,0.2661027905302411,0.23122833249127628
2021-12-06,0.18886484300399298,0.19600118372171949,0.11780285025277017,0.2661027905302411,0.23122833249127628
2021-12-07,0.18886484300399298,0.19600118372171949,0.11780285025277017,0.2661027905302411,0.23122833249127628
2021-12-08,0.18886484300399298,0.19600118372171949,0.11780285025277017,0.2661027905302411,0.23122833249127628
2021-12-09,0.18886484300399298,0.19600118372171949,0.11780285025277017,0.2661027905302411,0.23122833249127628
2021-12-10,0.18886484300399298,0.19600118372171949,0.11780285025277017,0.2661027905302411,0.23122833249127628
2021-12-13,0.18886484300399298,0.19600118372171949,0.11780285025277017,0.2661027905302411,0.23122833249127628
2021-12-14,0.18886484300399298,0.19600118372171949,0.11780285025277017,0.2661027905302411,0.23122833249127628
2021-12-15,0.18886484300399298,0.19600118372171949,0.11780285025277017,0.2661027905302411,0.23122833249127628
2021-12-16,0.18886484300399298,0.19600118372171949,0.11780285025277017,0.2661027905302411,0.23122833249127628
2021-12-17,0.1817627512969152,0.18886883747616814,0.11955350600611186,0.2812269947434648,0.22858791047734006
2021-12-20,0.1817627512969152,0.18886883747616814,0.11955350600611186,0.2812269947434648,0.22858791047734006
2021-12-21,0.1817627512969152,0.18886883747616814,0.11955350600611186,0.2812269947434648,0.22858791047734006
2021-12-22,0.1817627512969152,0.18886883747616814,0.11955350600611186,0.2812269947434648,0.22858791047734006
2021-12-23,0.1817627512969152,0.18886883747616814,0.11955350600611186,0.2812269947434648,0.22858791047734006
2021-12-27,0.1817627512969152,0.18886883747616814,0.11955350600611186,0.2812269947434648,0.22858791047734006
2021-12-28,0.1817627512969152,0.18886883747616814,0.11955350600611186,0.2812269947434648,0.22858791047734006
2021-12-29,0.1817627512969152,0.18886883747616814,0.11955350600611186,0.2812269947434648,0.22858791047734006
2021-12-30,0.1817627512969152,0.18886883747616814,0.11955350600611186,0.2812269947434648,0.22858791047734006
2022-01-03,0.1817627512969152,0.18886883747616814,0.11955350600611186,0.2812269947434648,0.22858791047734006
2022-01-04,0.1817627512969152,0.18886883747616814,0.11955350600611186,0.2812269947434648,0.22858791047734006
2022-01-05,0.1817627512969152,0.18886883747616814,0.11955350600611186,0.2812269947434648,0.22858791047734006
2022-01-06,0.1817627512969152,0.18886883747616814,0.11955350600611186,0.2812269947434648,0.22858791047734006
2022-01-07,0.1817627512969152,0.18886883747616814,0.11955350600611186,0.2812269947434648,0.22858791047734006
2022-01-10,0.1817627512969152,0.18886883747616814,0.11955350600611186,0.2812269947434648,0.22858791047734006
2022-01-11,0.1817627512969152,0.18886883747616814,0.11955350600611186,0.2812269947434648,0.22858791047734006
2022-01-12,0.1817627512969152,0.18886883747616814,0.11955350600611186,0.2812269947434648,0.22858791047734006
2022-01-13,0.1817627512969152,0.18886883747616814,0.11955350600611186,0.2812269947434648,0.22858791047734006
2022-01-14,0.1817627512969152,0.18886883747616814,0.11955350600611186,0.2812269947434648,0.22858791047734006
2022-01-18,0.1817627512969152,0.18886883747616814,0.11955350600611186,0.2812269947434648,0.22858791047734006
2022-01-19,0.1817627512969152,0.18886883747616814,0.11955350600611186,0.2812269947434648,0.22858791047734006
2022-01-20,0.17758287748754284,0.1842515893627766,0.11926562577890733,0.28909141774456987,0.22980848962620343
2022-01-21,0.17758287748754284,0.1842515893627766,0.11926562577890733,0.28909141774456987,0.22980848962620343
2022-01-24,0.17758287748754284,0.1842515893627766,0.11926562577890733,0.28909141774456987,0.22980848962620343
2022-01-25,0.17758287748754284,0.1842515893627766,0.11926562577890733,0.28909141774456987,0.22980848962620343
2022-01-26,0.17758287748754284,0.1842515893627766,0.11926562577890733,0.28909141774456987,0.22980848962620343
2022-01-27,0.17758287748754284,0.1842515893627766,0.11926562577890733,0.28909141774456987,0.22980848962620343
2022-01-28,0.17758287748754284,0.1842515893627766,0.11926562577890733,0.28909141774456987,0.22980848962620343
2022-01-31,0.17758287748754284,0.1842515893627766,0.11926562577890733,0.28909141774456987,0.22980848962620343
2022-02-01,0.17758287748754284,0.1842515893627766,0.11926562577890733,0.28909141774456987,0.22980848962620343
2022-02-02,0.17758287748754284,0.1842515893627766,0.11926562577890733,0.28909141774456987,0.22980848962620343
2022-02-03,0.17758287748754284,0.1842515893627766,0.11926562577890733,0.28909141774456987,0.22980848962620343
2022-02-04,0.17758287748754284,0.1842515893627766,0.11926562577890733,0.28909141774456987,0.22980848962620343
2022-02-07,0.17758287748754284,0.1842515893627766,0.11926562577890733,0.28909141774456987,0.22980848962620343
2022-02-08,0.17758287748754284,0.1842515893627766,0.11926562577890733,0.28909141774456987,0.22980848962620343
2022-02-09,0.17758287748754284,0.1842515893627766,0.11926562577890733,0.28909141774456987,0.22980848962620343
2022-02-10,0.17758287748754284,0.1842515893627766,0.11926562577890733,0.28909141774456987,0.22980848962620343
2022-02-11,0.17758287748754284,0.1842515893627766,0.11926562577890733,0.28909141774456987,0.22980848962620343
2022-02-14,0.17758287748754284,0.1842515893627766,0.11926562577890733,0.28909141774456987,0.22980848962620343
2022-02-15,0.17758287748754284,0.1842515893627766,0.11926562577890733,0.28909141774456987,0.22980848962620343
2022-02-16,0.17758287748754284,0.1842515893627766,0.11926562577890733,0.28909141774456987,0.22980848962620343
2022-02-17,0.17758287748754284,0.1842515893627766,0.11926562577890733,0.28909141774456987,0.22980848962620343
2022-02-18,0.18141169008917069,0.1861120558906731,0.11847106458641543,0.2906771970263937,0.22332799240734713
2022-02-22,0.18141169008917069,0.1861120558906731,0.11847106458641543,0.2906771970263937,0.22332799240734713
2022-02-23,0.18141169008917069,0.1861120558906731,0.11847106458641543,0.2906771970263937,0.22332799240734713
2022-02-24,0.18141169008917069,0.1861120558906731,0.11847106458641543,0.2906771970263937,0.22332799240734713
2022-02-25,0.18141169008917069,0.1861120558906731,0.11847106458641543,0.2906771970263937,0.22332799240734713
2022-03-02,0.18141169008917069,0.1861120558906731,0.11847106458641543,0.2906771970263937,0.22332799240734713
2022-03-03,0.18141169008917069,0.1861120558906731,0.11847106458641543,0.2906771970263937,0.22332799240734713
2022-03-04,0.18141169008917069,0.1861120558906731,0.11847106458641543,0.2906771970263937,0.22332799240734713
2022-03-07,0.18141169008917069,0.1861120558906731,0.11847106458641543,0.2906771970263937,0.22332799240734713
2022-03-08,0.18141169008917069,0.1861120558906731,0.11847106458641543,0.2906771970263937,0.22332799240734713
2022-03-09,0.18141169008917069,0.1861120558906731,0.11847106458641543,0.2906771970263937,0.22332799240734713
2022-03-10,0.18141169008917069,0.1861120558906731,0.11847106458641543,0.2906771970263937,0.22332799240734713
2022-03-11,0.18141169008917069,0.1861120558906731,0.11847106458641543,0.2906771970263937,0.22332799240734713
2022-03-14,0.18141169008917069,0.1861120558906731,0.11847106458641543,0.2906771970263937,0.22332799240734713
2022-03-15,0.18141169008917069,0.1861120558906731,0.11847106458641543,0.2906771970263937,0.22332799240734713
2022-03-16,0.18141169008917069,0.1861120558906731,0.11847106458641543,0.2906771970263937,0.22332799240734713
2022-03-17,0.18141169008917069,0.1861120558906731,0.11847106458641543,0.2906771970263937,0.22332799240734713
2022-03-18,0.18141169008917069,0.1861120558906731,0.11847106458641543,0.2906771970263937,0.22332799240734713
2022-03-21,0.18141169008917069,0.1861120558906731,0.11847106458641543,0.2906771970263937,0.22332799240734713
2022-03-22,0.18141169008917069,0.1861120558906731,0.11847106458641543,0.2906771970263937,0.22332799240734713
2022-03-23,0.18141169008917069,0.1861120558906731,0.11847106458641543,0.2906771970263937,0.22332799240734713
2022-03-24,0.18084563360501435,0.18623811859797806,0.11959978665461041,0.2983636918044188,0.21495276933797833
2022-03-25,0.18084563360501435,0.18623811859797806,0.11959978665461041,0.2983636918044188,0.21495276933797833
2022-03-28,0.18084563360501435,0.18623811859797806,0.11959978665461041,0.2983636918044188,0.21495276933797833
2022-03-29,0.18084563360501435,0.18623811859797806,0.11959978665461041,0.2983636918044188,0.21495276933797833
2022-03-30,0.18084563360501435,0.18623811859797806,0.11959978665461041,0.2983636918044188,0.21495276933797833
2022-03-31,0.18084563360501435,0.18623811859797806,0.11959978665461041,0.2983636918044188,0.21495276933797833
2022-04-01,0.18084563360501435,0.18623811859797806,0.11959978665461041,0.2983636918044188,0.21495276933797833
2022-04-04,0.18084563360501435,0.18623811859797806,0.11959978665461041,0.2983636918044188,0.21495276933797833
2022-04-05,0.18084563360501435,0.18623811859797806,0.11959978665461041,0.2983636918044188,0.21495276933797833
2022-04-06,0.18084563360501435,0.18623811859797806,0.11959978665461041,0.2983636918044188,0.21495276933797833
2022-04-07,0.18084563360501435,0.18623811859797806,0.11959978665461041,0.2983636918044188,0.21495276933797833
2022-04-08,0.18084563360501435,0.18623811859797806,0.11959978665461041,0.2983636918044188,0.21495276933797833
2022-04-11,0.18084563360501435,0.18623811859797806,0.11959978665461041,0.2983636918044188,0.21495276933797833
2022-04-12,0.18084563360501435,0.18623811859797806,0.11959978665461041,0.2983636918044188,0.21495276933797833
2022-04-13,0.18084563360501435,0.18623811859797806,0.11959978665461041,0.2983636918044188,0.21495276933797833
2022-04-14,0.18084563360501435,0.18623811859797806,0.11959978665461041,0.2983636918044188,0.21495276933797833
2022-04-18,0.18084563360501435,0.18623811859797806,0.11959978665461041,0.2983636918044188,0.21495276933797833
2022-04-19,0.18084563360501435,0.18623811859797806,0.11959978665461041,0.2983636918044188,0.21495276933797833
2022-04-20,0.18084563360501435,0.18623811859797806,0.11959978665461041,0.2983636918044188,0.21495276933797833
2022-04-22,0.18084563360501435,0.18623811859797806,0.11959978665461041,0.2983636918044188,0.21495276933797833
2022-04-25,0.18084563360501435,0.18623811859797806,0.11959978665461041,0.2983636918044188,0.21495276933797833
2022-04-26,0.17643835361835603,0.1829139044692914,0.11876658135681072,0.3096181273790394,0.21226303317650247
2022-04-27,0.17643835361835603,0.1829139044692914,0.11876658135681072,0.3096181273790394,0.21226303317650247
2022-04-28,0.17643835361835603,0.1829139044692914,0.11876658135681072,0.3096181273790394,0.21226303317650247
2022-04-29,0.17643835361835603,0.1829139044692914,0.11876658135681072,0.3096181273790394,0.21226303317650247
2022-05-02,0.17643835361835603,0.1829139044692914,0.11876658135681072,0.3096181273790394,0.21226303317650247
2022-05-03,0.17643835361835603,0.1829139044692914,0.11876658135681072,0.3096181273790394,0.21226303317650247
2022-05-04,0.17643835361835603,0.1829139044692914,0.11876658135681072,0.3096181273790394,0.21226303317650247
2022-05-05,0.17643835361835603,0.1829139044692914,0.11876658135681072,0.3096181273790394,0.21226303317650247
2022-05-06,0.17643835361835603,0.1829139044692914,0.11876658135681072,0.3096181273790394,0.21226303317650247
2022-05-09,0.17643835361835603,0.1829139044692914,0.11876658135681072,0.3096181273790394,0.21226303317650247
2022-05-10,0.17643835361835603,0.1829139044692914,0.11876658135681072,0.3096181273790394,0.21226303317650247
2022-05-11,0.17643835361835603,0.1829139044692914,0.11876658135681072,0.3096181273790394,0.21226303317650247
2022-05-12,0.17643835361835603,0.1829139044692914,0.11876658135681072,0.3096181273790394,0.21226303317650247
2022-05-13,0.17643835361835603,0.1829139044692914,0.11876658135681072,0.3096181273790394,0.21226303317650247
2022-05-16,0.17643835361835603,0.1829139044692914,0.11876658135681072,0.3096181273790394,0.21226303317650247
2022-05-17,0.17643835361835603,0.1829139044692914,0.11876658135681072,0.3096181273790394,0.21226303317650247
2022-05-18,0.17643835361835603,0.1829139044692914,0.11876658135681072,0.3096181273790394,0.21226303317650247
2022-05-19,0.17643835361835603,0.1829139044692914,0.11876658135681072,0.3096181273790394,0.21226303317650247
2022-05-20,0.17643835361835603,0.1829139044692914,0.11876658135681072,0.3096181273790394,0.21226303317650247
2022-05-23,0.17643835361835603,0.1829139044692914,0.11876658135681072,0.3096181273790394,0.21226303317650247
2022-05-24,0.17643835361835603,0.1829139044692914,0.11876658135681072,0.3096181273790394,0.21226303317650247
2022-05-25,0.17781151928461678,0.1843796124508951,0.11875213218810544,0.3252282494528662,0.19382848662351648
2022-05-26,0.17781151928461678,0.1843796124508951,0.11875213218810544,0.3252282494528662,0.19382848662351648
2022-05-27,0.17781151928461678,0.1843796124508951,0.11875213218810544,0.3252282494528662,0.19382848662351648
2022-05-31,0.17781151928461678,0.1843796124508951,0.11875213218810544,0.3252282494528662,0.19382848662351648
2022-06-01,0.17781151928461678,0.1843796124508951,0.11875213218810544,0.3252282494528662,0.19382848662351648
2022-06-02,0.17781151928461678,0.1843796124508951,0.11875213218810544,0.3252282494528662,0.19382848662351648
2022-06-03,0.17781151928461678,0.1843796124508951,0.11875213218810544,0.3252282494528662,0.19382848662351648
2022-06-06,0.17781151928461678,0.1843796124508951,0.11875213218810544,0.3252282494528662,0.19382848662351648
2022-06-07,0.17781151928461678,0.1843796124508951,0.11875213218810544,0.3252282494528662,0.19382848662351648
2022-06-08,0.17781151928461678,0.1843796124508951,0.11875213218810544,0.3252282494528662,0.19382848662351648
2022-06-09,0.17781151928461678,0.1843796124508951,0.11875213218810544,0.3252282494528662,0.19382848662351648
2022-06-10,0.17781151928461678,0.1843796124508951,0.11875213218810544,0.3252282494528662,0.19382848662351648
2022-06-13,0.17781151928461678,0.1843796124508951,0.11875213218810544,0.3252282494528662,0.19382848662351648
2022-06-14,0.17781151928461678,0.1843796124508951,0.11875213218810544,0.3252282494528662,0.19382848662351648
2022-06-15,0.17781151928461678,0.1843796124508951,0.11875213218810544,0.3252282494528662,0.19382848662351648
2022-06-17,0.17781151928461678,0.1843796124508951,0.11875213218810544,0.3252282494528662,0.19382848662351648
2022-06-21,0.17781151928461678,0.1843796124508951,0.11875213218810544,0.3252282494528662,0.19382848662351648
2022-06-22,0.17781151928461678,0.1843796124508951,0.11875213218810544,0.3252282494528662,0.19382848662351648
2022-06-23,0.17781151928461678,0.1843796124508951,0.11875213218810544,0.3252282494528662,0.19382848662351648
2022-06-24,0.17781151928461678,0.1843796124508951,0.11875213218810544,0.3252282494528662,0.19382848662351648
2022-06-27,0.17781151928461678,0.1843796124508951,0.11875213218810544,0.3252282494528662,0.19382848662351648
2022-06-28,0.1770707622329948,0.18573292339816974,0.11988846380005061,0.3285631455330334,0.18874470503575147
2022-06-29,0.1770707622329948,0.18573292339816974,0.11988846380005061,0.3285631455330334,0.18874470503575147
2022-06-30,0.1770707622329948,0.18573292339816974,0.11988846380005061,0.3285631455330334,0.18874470503575147
2022-07-01,0.1770707622329948,0.18573292339816974,0.11988846380005061,0.3285631455330334,0.18874470503575147
2022-07-05,0.1770707622329948,0.18573292339816974,0.11988846380005061,0.3285631455330334,0.18874470503575147
2022-07-06,0.1770707622329948,0.18573292339816974,0.11988846380005061,0.3285631455330334,0.18874470503575147
2022-07-07,0.1770707622329948,0.18573292339816974,0.11988846380005061,0.3285631455330334,0.18874470503575147
2022-07-08,0.1770707622329948,0.18573292339816974,0.11988846380005061,0.3285631455330334,0.18874470503575147
2022-07-11,0.1770707622329948,0.18573292339816974,0.11988846380005061,0.3285631455330334,0.18874470503575147
2022-07-12,0.1770707622329948,0.18573292339816974,0.11988846380005061,0.3285631455330334,0.18874470503575147
2022-07-13,0.1770707622329948,0.18573292339816974,0.11988846380005061,0.3285631455330334,0.18874470503575147
2022-07-14,0.1770707622329948,0.18573292339816974,0.11988846380005061,0.3285631455330334,0.18874470503575147
2022-07-15,0.1770707622329948,0.18573292339816974,0.11988846380005061,0.3285631455330334,0.18874470503575147
2022-07-18,0.1770707622329948,0.18573292339816974,0.11988846380005061,0.3285631455330334,0.18874470503575147
2022-07-19,0.1770707622329948,0.18573292339816974,0.11988846380005061,0.3285631455330334,0.18874470503575147
2022-07-20,0.1770707622329948,0.18573292339816974,0.11988846380005061,0.3285631455330334,0.18874470503575147
2022-07-21,0.1770707622329948,0.18573292339816974,0.11988846380005061,0.3285631455330334,0.18874470503575147
2022-07-22,0.1770707622329948,0.18573292339816974,0.11988846380005061,0.3285631455330334,0.18874470503575147
2022-07-25,0.1770707622329948,0.18573292339816974,0.11988846380005061,0.3285631455330334,0.18874470503575147
2022-07-26,0.1770707622329948,0.18573292339816974,0.11988846380005061,0.3285631455330334,0.18874470503575147
2022-07-27,0.1770707622329948,0.18573292339816974,0.11988846380005061,0.3285631455330334,0.18874470503575147
2022-07-28,0.1733686788258167,0.18212397177121237,0.11964753306459727,0.3417955498086304,0.18306426652974325
2022-07-29,0.1733686788258167,0.18212397177121237,0.11964753306459727,0.3417955498086304,0.18306426652974325
2022-08-01,0.1733686788258167,0.18212397177121237,0.11964753306459727,0.3417955498086304,0.18306426652974325
2022-08-02,0.1733686788258167,0.18212397177121237,0.11964753306459727,0.3417955498086304,0.18306426652974325
2022-08-03,0.1733686788258167,0.18212397177121237,0.11964753306459727,0.3417955498086304,0.18306426652974325
2022-08-04,0.1733686788258167,0.18212397177121237,0.11964753306459727,0.3417955498086304,0.18306426652974325
2022-08-05,0.1733686788258167,0.18212397177121237,0.11964753306459727,0.3417955498086304,0.18306426652974325
2022-08-08,0.1733686788258167,0.18212397177121237,0.11964753306459727,0.3417955498086304,0.18306426652974325
2022-08-09,0.1733686788258167,0.18212397177121237,0.11964753306459727,0.3417955498086304,0.18306426652974325
2022-08-10,0.1733686788258167,0.18212397177121237,0.11964753306459727,0.3417955498086304,0.18306426652974325
2022-08-11,0.1733686788258167,0.18212397177121237,0.11964753306459727,0.3417955498086304,0.18306426652974325
2022-08-12,0.1733686788258167,0.18212397177121237,0.11964753306459727,0.3417955498086304,0.18306426652974325
2022-08-15,0.1733686788258167,0.18212397177121237,0.11964753306459727,0.3417955498086304,0.18306426652974325
2022-08-16,0.1733686788258167,0.18212397177121237,0.11964753306459727,0.3417955498086304,0.18306426652974325
2022-08-17,0.1733686788258167,0.18212397177121237,0.11964753306459727,0.3417955498086304,0.18306426652974325
2022-08-18,0.1733686788258167,0.18212397177121237,0.11964753306459727,0.3417955498086304,0.18306426652974325
2022-08-19,0.1733686788258167,0.18212397177121237,0.11964753306459727,0.3417955498086304,0.18306426652974325
2022-08-22,0.1733686788258167,0.18212397177121237,0.11964753306459727,0.3417955498086304,0.18306426652974325
2022-08-23,0.1733686788258167,0.18212397177121237,0.11964753306459727,0.3417955498086304,0.18306426652974325
2022-08-24,0.1733686788258167,0.18212397177121237,0.11964753306459727,0.3417955498086304,0.18306426652974325
2022-08-25,0.1733686788258167,0.18212397177121237,0.11964753306459727,0.3417955498086304,0.18306426652974325
2022-08-26,0.17155882237321723,0.17930815135273379,0.1227824823736657,0.3436350237965508,0.18271552010383255
2022-08-29,0.17155882237321723,0.17930815135273379,0.1227824823736657,0.3436350237965508,0.18271552010383255
2022-08-30,0.17155882237321723,0.17930815135273379,0.1227824823736657,0.3436350237965508,0.18271552010383255
2022-08-31,0.17155882237321723,0.17930815135273379,0.1227824823736657,0.3436350237965508,0.18271552010383255
2022-09-01,0.17155882237321723,0.17930815135273379,0.1227824823736657,0.3436350237965508,0.18271552010383255
2022-09-02,0.17155882237321723,0.17930815135273379,0.1227824823736657,0.3436350237965508,0.18271552010383255
2022-09-06,0.17155882237321723,0.17930815135273379,0.1227824823736657,0.3436350237965508,0.18271552010383255
2022-09-08,0.17155882237321723,0.17930815135273379,0.1227824823736657,0.3436350237965508,0.18271552010383255
2022-09-09,0.17155882237321723,0.17930815135273379,0.1227824823736657,0.3436350237965508,0.18271552010383255
2022-09-12,0.17155882237321723,0.17930815135273379,0.1227824823736657,0.3436350237965508,0.18271552010383255
2022-09-13,0.17155882237321723,0.17930815135273379,0.1227824823736657,0.3436350237965508,0.18271552010383255
2022-09-14,0.17155882237321723,0.17930815135273379,0.1227824823736657,0.3436350237965508,0.18271552010383255
2022-09-15,0.17155882237321723,0.17930815135273379,0.1227824823736657,0.3436350237965508,0.18271552010383255
2022-09-16,0.17155882237321723,0.17930815135273379,0.1227824823736657,0.3436350237965508,0.18271552010383255
2022-09-19,0.17155882237321723,0.17930815135273379,0.1227824823736657,0.3436350237965508,0.18271552010383255
2022-09-20,0.17155882237321723,0.17930815135273379,0.1227824823736657,0.3436350237965508,0.18271552010383255
2022-09-21,0.17155882237321723,0.17930815135273379,0.1227824823736657,0.3436350237965508,0.18271552010383255
2022-09-22,0.17155882237321723,0.17930815135273379,0.1227824823736657,0.3436350237965508,0.18271552010383255
2022-09-23,0.17155882237321723,0.17930815135273379,0.1227824823736657,0.3436350237965508,0.18271552010383255
2022-09-26,0.17155882237321723,0.17930815135273379,0.1227824823736657,0.3436350237965508,0.18271552010383255
2022-09-27,0.17155882237321723,0.17930815135273379,0.1227824823736657,0.3436350237965508,0.18271552010383255
2022-09-28,0.17094687011098425,0.18090879852409758,0.12405789329326483,0.35072532622708963,0.1733611118445637
2022-09-29,0.17094687011098425,0.18090879852409758,0.12405789329326483,0.35072532622708963,0.1733611118445637
2022-09-30,0.17094687011098425,0.18090879852409758,0.12405789329326483,0.35072532622708963,0.1733611118445637
2022-10-03,0.17094687011098425,0.18090879852409758,0.12405789329326483,0.35072532622708963,0.1733611118445637
2022-10-04,0.17094687011098425,0.18090879852409758,0.12405789329326483,0.35072532622708963,0.1733611118445637
2022-10-05,0.17094687011098425,0.18090879852409758,0.12405789329326483,0.35072532622708963,0.1733611118445637
2022-10-06,0.17094687011098425,0.18090879852409758,0.12405789329326483,0.35072532622708963,0.1733611118445637
2022-10-07,0.17094687011098425,0.18090879852409758,0.12405789329326483,0.35072532622708963,0.1733611118445637
2022-10-10,0.17094687011098425,0.18090879852409758,0.12405789329326483,0.35072532622708963,0.1733611118445637
2022-10-11,0.17094687011098425,0.18090879852409758,0.12405789329326483,0.35072532622708963,0.1733611118445637
2022-10-13,0.17094687011098425,0.18090879852409758,0.12405789329326483,0.35072532622708963,0.1733611118445637
2022-10-14,0.17094687011098425,0.18090879852409758,0.12405789329326483,0.35072532622708963,0.1733611118445637
2022-10-17,0.17094687011098425,0.18090879852409758,0.12405789329326483,0.35072532622708963,0.1733611118445637
2022-10-18,0.17094687011098425,0.18090879852409758,0.12405789329326483,0.35072532622708963,0.1733611118445637
2022-10-19,0.17094687011098425,0.18090879852409758,0.12405789329326483,0.35072532622708963,0.1733611118445637
2022-10-20,0.17094687011098425,0.18090879852409758,0.12405789329326483,0.35072532622708963,0.1733611118445637
2022-10-21,0.17094687011098425,0.18090879852409758,0.12405789329326483,0.35072532622708963,0.1733611118445637
2022-10-24,0.17094687011098425,0.18090879852409758,0.12405789329326483,0.35072532622708963,0.1733611118445637
2022-10-25,0.17094687011098425,0.18090879852409758,0.12405789329326483,0.35072532622708963,0.1733611118445637
2022-10-26,0.17094687011098425,0.18090879852409758,0.12405789329326483,0.35072532622708963,0.1733611118445637
2022-10-27,0.17094687011098425,0.18090879852409758,0.12405789329326483,0.35072532622708963,0.1733611118445637
2022-10-28,0.17190523491245802,0.1820447177641279,0.12264922257879161,0.35188518500025595,0.17151563974436654
2022-10-31,0.17190523491245802,0.1820447177641279,0.12264922257879161,0.35188518500025595,0.17151563974436654
2022-11-01,0.17190523491245802,0.1820447177641279,0.12264922257879161,0.35188518500025595,0.17151563974436654
2022-11-03,0.17190523491245802,0.1820447177641279,0.12264922257879161,0.35188518500025595,0.17151563974436654
2022-11-04,0.17190523491245802,0.1820447177641279,0.12264922257879161,0.35188518500025595,0.17151563974436654
2022-11-07,0.17190523491245802,0.1820447177641279,0.12264922257879161,0.35188518500025595,0.17151563974436654
2022-11-08,0.17190523491245802,0.1820447177641279,0.12264922257879161,0.35188518500025595,0.17151563974436654
2022-11-09,0.17190523491245802,0.1820447177641279,0.12264922257879161,0.35188518500025595,0.17151563974436654
2022-11-10,0.17190523491245802,0.1820447177641279,0.12264922257879161,0.35188518500025595,0.17151563974436654
2022-11-11,0.17190523491245802,0.1820447177641279,0.12264922257879161,0.35188518500025595,0.17151563974436654
2022-11-14,0.17190523491245802,0.1820447177641279,0.12264922257879161,0.35188518500025595,0.17151563974436654
2022-11-16,0.17190523491245802,0.1820447177641279,0.12264922257879161,0.35188518500025595,0.17151563974436654
2022-11-17,0.17190523491245802,0.1820447177641279,0.12264922257879161,0.35188518500025595,0.17151563974436654
2022-11-18,0.17190523491245802,0.1820447177641279,0.12264922257879161,0.35188518500025595,0.17151563974436654
2022-11-21,0.17190523491245802,0.1820447177641279,0.12264922257879161,0.35188518500025595,0.17151563974436654
2022-11-22,0.17190523491245802,0.1820447177641279,0.12264922257879161,0.35188518500025595,0.17151563974436654
2022-11-23,0.17190523491245802,0.1820447177641279,0.12264922257879161,0.35188518500025595,0.17151563974436654
2022-11-25,0.17190523491245802,0.1820447177641279,0.12264922257879161,0.35188518500025595,0.17151563974436654
2022-11-28,0.17190523491245802,0.1820447177641279,0.12264922257879161,0.35188518500025595,0.17151563974436654
2022-11-29,0.17190523491245802,0.1820447177641279,0.12264922257879161,0.35188518500025595,0.17151563974436654
2022-11-30,0.17190523491245802,0.1820447177641279,0.12264922257879161,0.35188518500025595,0.17151563974436654
2022-12-01,0.1839363299286971,0.1951871087971189,0.12839312576131928,0.3283383409321876,0.16414509458067703
2022-12-02,0.1839363299286971,0.1951871087971189,0.12839312576131928,0.3283383409321876,0.16414509458067703
2022-12-05,0.1839363299286971,0.1951871087971189,0.12839312576131928,0.3283383409321876,0.16414509458067703
2022-12-06,0.1839363299286971,0.1951871087971189,0.12839312576131928,0.3283383409321876,0.16414509458067703
2022-12-07,0.1839363299286971,0.1951871087971189,0.12839312576131928,0.3283383409321876,0.16414509458067703
2022-12-08,0.1839363299286971,0.1951871087971189,0.12839312576131928,0.3283383409321876,0.16414509458067703
2022-12-09,0.1839363299286971,0.1951871087971189,0.12839312576131928,0.3283383409321876,0.16414509458067703
2022-12-12,0.1839363299286971,0.1951871087971189,0.12839312576131928,0.3283383409321876,0.16414509458067703
2022-12-13,0.1839363299286971,0.1951871087971189,0.12839312576131928,0.3283383409321876,0.16414509458067703
2022-12-14,0.1839363299286971,0.1951871087971189,0.12839312576131928,0.3283383409321876,0.16414509458067703
2022-12-15,0.1839363299286971,0.1951871087971189,0.12839312576131928,0.3283383409321876,0.16414509458067703
2022-12-16,0.1839363299286971,0.1951871087971189,0.12839312576131928,0.3283383409321876,0.16414509458067703
2022-12-19,0.1839363299286971,0.1951871087971189,0.12839312576131928,0.3283383409321876,0.16414509458067703
2022-12-20,0.1839363299286971,0.1951871087971189,0.12839312576131928,0.3283383409321876,0.16414509458067703
2022-12-21,0.1839363299286971,0.1951871087971189,0.12839312576131928,0.3283383409321876,0.16414509458067703
2022-12-22,0.1839363299286971,0.1951871087971189,0.12839312576131928,0.3283383409321876,0.16414509458067703
2022-12-23,0.1839363299286971,0.1951871087971189,0.12839312576131928,0.3283383409321876,0.16414509458067703
2022-12-27,0.1839363299286971,0.1951871087971189,0.12839312576131928,0.3283383409321876,0.16414509458067703
2022-12-28,0.1839363299286971,0.1951871087971189,0.12839312576131928,0.3283383409321876,0.16414509458067703
2022-12-29,0.1839363299286971,0.1951871087971189,0.12839312576131928,0.3283383409321876,0.16414509458067703
2023-01-03,0.1839363299286971,0.1951871087971189,0.12839312576131928,0.3283383409321876,0.16414509458067703
2023-01-04,0.18294178334962974,0.19256725597467622,0.12424304034073334,0.33131437792924046,0.16893354240572028
2023-01-05,0.18294178334962974,0.19256725597467622,0.12424304034073334,0.33131437792924046,0.16893354240572028
2023-01-06,0.18294178334962974,0.19256725597467622,0.12424304034073334,0.33131437792924046,0.16893354240572028
2023-01-09,0.18294178334962974,0.19256725597467622,0.12424304034073334,0.33131437792924046,0.16893354240572028
2023-01-10,0.18294178334962974,0.19256725597467622,0.12424304034073334,0.33131437792924046,0.16893354240572028
2023-01-11,0.18294178334962974,0.19256725597467622,0.12424304034073334,0.33131437792924046,0.16893354240572028
2023-01-12,0.18294178334962974,0.19256725597467622,0.12424304034073334,0.33131437792924046,0.16893354240572028
2023-01-13,0.18294178334962974,0.19256725597467622,0.12424304034073334,0.33131437792924046,0.16893354240572028
2023-01-17,0.18294178334962974,0.19256725597467622,0.12424304034073334,0.33131437792924046,0.16893354240572028
2023-01-18,0.18294178334962974,0.19256725597467622,0.12424304034073334,0.33131437792924046,0.16893354240572028
2023-01-19,0.18294178334962974,0.19256725597467622,0.12424304034073334,0.33131437792924046,0.16893354240572028
2023-01-20,0.18294178334962974,0.19256725597467622,0.12424304034073334,0.33131437792924046,0.16893354240572028
2023-01-23,0.18294178334962974,0.19256725597467622,0.12424304034073334,0.33131437792924046,0.16893354240572028
2023-01-24,0.18294178334962974,0.19256725597467622,0.12424304034073334,0.33131437792924046,0.16893354240572028
2023-01-25,0.18294178334962974,0.19256725597467622,0.12424304034073334,0.33131437792924046,0.16893354240572028
2023-01-26,0.18294178334962974,0.19256725597467622,0.12424304034073334,0.33131437792924046,0.16893354240572028
2023-01-27,0.18294178334962974,0.19256725597467622,0.12424304034073334,0.33131437792924046,0.16893354240572028
2023-01-30,0.18294178334962974,0.19256725597467622,0.12424304034073334,0.33131437792924046,0.16893354240572028
2023-01-31,0.18294178334962974,0.19256725597467622,0.12424304034073334,0.33131437792924046,0.16893354240572028
2023-02-01,0.18294178334962974,0.19256725597467622,0.12424304034073334,0.33131437792924046,0.16893354240572028
2023-02-02,0.18294178334962974,0.19256725597467622,0.12424304034073334,0.33131437792924046,0.16893354240572028
2023-02-03,0.1870620226770836,0.1964414422708311,0.12452871078862379,0.31720667593941976,0.17476114832404174
2023-02-06,0.1870620226770836,0.1964414422708311,0.12452871078862379,0.31720667593941976,0.17476114832404174
2023-02-07,0.1870620226770836,0.1964414422708311,0.12452871078862379,0.31720667593941976,0.17476114832404174
2023-02-08,0.1870620226770836,0.1964414422708311,0.12452871078862379,0.31720667593941976,0.17476114832404174
2023-02-09,0.1870620226770836,0.1964414422708311,0.12452871078862379,0.31720667593941976,0.17476114832404174
2023-02-10,0.1870620226770836,0.1964414422708311,0.12452871078862379,0.31720667593941976,0.17476114832404174
2023-02-13,0.1870620226770836,0.1964414422708311,0.12452871078862379,0.31720667593941976,0.17476114832404174
2023-02-14,0.1870620226770836,0.1964414422708311,0.12452871078862379,0.31720667593941976,0.17476114832404174
2023-02-15,0.1870620226770836,0.1964414422708311,0.12452871078862379,0.31720667593941976,0.17476114832404174
2023-02-16,0.1870620226770836,0.1964414422708311,0.12452871078862379,0.31720667593941976,0.17476114832404174
2023-02-17,0.1870620226770836,0.1964414422708311,0.12452871078862379,0.31720667593941976,0.17476114832404174
2023-02-22,0.1870620226770836,0.1964414422708311,0.12452871078862379,0.31720667593941976,0.17476114832404174
2023-02-23,0.1870620226770836,0.1964414422708311,0.12452871078862379,0.31720667593941976,0.17476114832404174
2023-02-24,0.1870620226770836,0.1964414422708311,0.12452871078862379,0.31720667593941976,0.17476114832404174
2023-02-27,0.1870620226770836,0.1964414422708311,0.12452871078862379,0.31720667593941976,0.17476114832404174
2023-02-28,0.1870620226770836,0.1964414422708311,0.12452871078862379,0.31720667593941976,0.17476114832404174
2023-03-01,0.1870620226770836,0.1964414422708311,0.12452871078862379,0.31720667593941976,0.17476114832404174
2023-03-02,0.1870620226770836,0.1964414422708311,0.12452871078862379,0.31720667593941976,0.17476114832404174
2023-03-03,0.1870620226770836,0.1964414422708311,0.12452871078862379,0.31720667593941976,0.17476114832404174
2023-03-06,0.1870620226770836,0.1964414422708311,0.12452871078862379,0.31720667593941976,0.17476114832404174
2023-03-07,0.1870620226770836,0.1964414422708311,0.12452871078862379,0.31720667593941976,0.17476114832404174
2023-03-08,0.18534238052764665,0.1938006879072259,0.12489988639375059,0.3172695399757669,0.17868750519560997
2023-03-09,0.18534238052764665,0.1938006879072259,0.12489988639375059,0.3172695399757669,0.17868750519560997
2023-03-10,0.18534238052764665,0.1938006879072259,0.12489988639375059,0.3172695399757669,0.17868750519560997
2023-03-13,0.18534238052764665,0.1938006879072259,0.12489988639375059,0.3172695399757669,0.17868750519560997
2023-03-14,0.18534238052764665,0.1938006879072259,0.12489988639375059,0.3172695399757669,0.17868750519560997
2023-03-15,0.18534238052764665,0.1938006879072259,0.12489988639375059,0.3172695399757669,0.17868750519560997
2023-03-16,0.18534238052764665,0.1938006879072259,0.12489988639375059,0.3172695399757669,0.17868750519560997
2023-03-17,0.18534238052764665,0.1938006879072259,0.12489988639375059,0.3172695399757669,0.17868750519560997
2023-03-20,0.18534238052764665,0.1938006879072259,0.12489988639375059,0.3172695399757669,0.17868750519560997
2023-03-21,0.18534238052764665,0.1938006879072259,0.12489988639375059,0.3172695399757669,0.17868750519560997
2023-03-22,0.18534238052764665,0.1938006879072259,0.12489988639375059,0.3172695399757669,0.17868750519560997
2023-03-23,0.18534238052764665,0.1938006879072259,0.12489988639375059,0.3172695399757669,0.17868750519560997
2023-03-24,0.18534238052764665,0.1938006879072259,0.12489988639375059,0.3172695399757669,0.17868750519560997
2023-03-27,0.18534238052764665,0.1938006879072259,0.12489988639375059,0.3172695399757669,0.17868750519560997
2023-03-28,0.18534238052764665,0.1938006879072259,0.12489988639375059,0.3172695399757669,0.17868750519560997
2023-03-29,0.18534238052764665,0.1938006879072259,0.12489988639375059,0.3172695399757669,0.17868750519560997
2023-03-30,0.18534238052764665,0.1938006879072259,0.12489988639375059,0.3172695399757669,0.17868750519560997
2023-03-31,0.18534238052764665,0.1938006879072259,0.12489988639375059,0.3172695399757669,0.17868750519560997
2023-04-03,0.18534238052764665,0.1938006879072259,0.12489988639375059,0.3172695399757669,0.17868750519560997
2023-04-04,0.18534238052764665,0.1938006879072259,0.12489988639375059,0.3172695399757669,0.17868750519560997
2023-04-05,0.18534238052764665,0.1938006879072259,0.12489988639375059,0.3172695399757669,0.17868750519560997
2023-04-06,0.18527105204086664,0.19169565613075096,0.1245904987611711,0.3149989044636563,0.18344388860355504
2023-04-10,0.18527105204086664,0.19169565613075096,0.1245904987611711,0.3149989044636563,0.18344388860355504
2023-04-11,0.18527105204086664,0.19169565613075096,0.1245904987611711,0.3149989044636563,0.18344388860355504
2023-04-12,0.18527105204086664,0.19169565613075096,0.1245904987611711,0.3149989044636563,0.18344388860355504
2023-04-13,0.18527105204086664,0.19169565613075096,0.1245904987611711,0.3149989044636563,0.18344388860355504
2023-04-14,0.18527105204086664,0.19169565613075096,0.1245904987611711,0.3149989044636563,0.18344388860355504
2023-04-17,0.18527105204086664,0.19169565613075096,0.1245904987611711,0.3149989044636563,0.18344388860355504
2023-04-18,0.18527105204086664,0.19169565613075096,0.1245904987611711,0.3149989044636563,0.18344388860355504
2023-04-19,0.18527105204086664,0.19169565613075096,0.1245904987611711,0.3149989044636563,0.18344388860355504
2023-04-20,0.18527105204086664,0.19169565613075096,0.1245904987611711,0.3149989044636563,0.18344388860355504
2023-04-24,0.18527105204086664,0.19169565613075096,0.1245904987611711,0.3149989044636563,0.18344388860355504
2023-04-25,0.18527105204086664,0.19169565613075096,0.1245904987611711,0.3149989044636563,0.18344388860355504
2023-04-26,0.18527105204086664,0.19169565613075096,0.1245904987611711,0.3149989044636563,0.18344388860355504
2023-04-27,0.18527105204086664,0.19169565613075096,0.1245904987611711,0.3149989044636563,0.18344388860355504
2023-04-28,0.18527105204086664,0.19169565613075096,0.1245904987611711,0.3149989044636563,0.18344388860355504
2023-05-02,0.18527105204086664,0.19169565613075096,0.1245904987611711,0.3149989044636563,0.18344388860355504
2023-05-03,0.18527105204086664,0.19169565613075096,0.1245904987611711,0.3149989044636563,0.18344388860355504
2023-05-04,0.18527105204086664,0.19169565613075096,0.1245904987611711,0.3149989044636563,0.18344388860355504
2023-05-05,0.18527105204086664,0.19169565613075096,0.1245904987611711,0.3149989044636563,0.18344388860355504
2023-05-08,0.18527105204086664,0.19169565613075096,0.1245904987611711,0.3149989044636563,0.18344388860355504
2023-05-09,0.18527105204086664,0.19169565613075096,0.1245904987611711,0.3149989044636563,0.18344388860355504
2023-05-10,0.1809530786055014,0.1867592404706392,0.12407282643800768,0.31994511851182117,0.18826973597403066
2023-05-11,0.1809530786055014,0.1867592404706392,0.12407282643800768,0.31994511851182117,0.18826973597403066
2023-05-12,0.1809530786055014,0.1867592404706392,0.12407282643800768,0.31994511851182117,0.18826973597403066
2023-05-15,0.1809530786055014,0.1867592404706392,0.12407282643800768,0.31994511851182117,0.18826973597403066
2023-05-16,0.1809530786055014,0.1867592404706392,0.12407282643800768,0.31994511851182117,0.18826973597403066
2023-05-17,0.1809530786055014,0.1867592404706392,0.12407282643800768,0.31994511851182117,0.18826973597403066
2023-05-18,0.1809530786055014,0.1867592404706392,0.12407282643800768,0.31994511851182117,0.18826973597403066
2023-05-19,0.1809530786055014,0.1867592404706392,0.12407282643800768,0.31994511851182117,0.18826973597403066
2023-05-22,0.1809530786055014,0.1867592404706392,0.12407282643800768,0.31994511851182117,0.18826973597403066
2023-05-23,0.1809530786055014,0.1867592404706392,0.12407282643800768,0.31994511851182117,0.18826973597403066
2023-05-24,0.1809530786055014,0.1867592404706392,0.12407282643800768,0.31994511851182117,0.18826973597403066
2023-05-25,0.1809530786055014,0.1867592404706392,0.12407282643800768,0.31994511851182117,0.18826973597403066
2023-05-26,0.1809530786055014,0.1867592404706392,0.12407282643800768,0.31994511851182117,0.18826973597403066
2023-05-30,0.1809530786055014,0.1867592404706392,0.12407282643800768,0.31994511851182117,0.18826973597403066
2023-05-31,0.1809530786055014,0.1867592404706392,0.12407282643800768,0.31994511851182117,0.18826973597403066
2023-06-01,0.1809530786055014,0.1867592404706392,0.12407282643800768,0.31994511851182117,0.18826973597403066
2023-06-02,0.1809530786055014,0.1867592404706392,0.12407282643800768,0.31994511851182117,0.18826973597403066
2023-06-05,0.1809530786055014,0.1867592404706392,0.12407282643800768,0.31994511851182117,0.18826973597403066
2023-06-06,0.1809530786055014,0.1867592404706392,0.12407282643800768,0.31994511851182117,0.18826973597403066
2023-06-07,0.1809530786055014,0.1867592404706392,0.12407282643800768,0.31994511851182117,0.18826973597403066
2023-06-09,0.1809530786055014,0.1867592404706392,0.12407282643800768,0.31994511851182117,0.18826973597403066
2023-06-12,0.1809031905746409,0.18652992973492424,0.12530948540713865,0.3062337831435304,0.2010236111397658
2023-06-13,0.1809031905746409,0.18652992973492424,0.12530948540713865,0.3062337831435304,0.2010236111397658
2023-06-14,0.1809031905746409,0.18652992973492424,0.12530948540713865,0.3062337831435304,0.2010236111397658
2023-06-15,0.1809031905746409,0.18652992973492424,0.12530948540713865,0.3062337831435304,0.2010236111397658
2023-06-16,0.1809031905746409,0.18652992973492424,0.12530948540713865,0.3062337831435304,0.2010236111397658
2023-06-20,0.1809031905746409,0.18652992973492424,0.12530948540713865,0.3062337831435304,0.2010236111397658
2023-06-21,0.1809031905746409,0.18652992973492424,0.12530948540713865,0.3062337831435304,0.2010236111397658
2023-06-22,0.1809031905746409,0.18652992973492424,0.12530948540713865,0.3062337831435304,0.2010236111397658
2023-06-23,0.1809031905746409,0.18652992973492424,0.12530948540713865,0.3062337831435304,0.2010236111397658
2023-06-26,0.1809031905746409,0.18652992973492424,0.12530948540713865,0.3062337831435304,0.2010236111397658
2023-06-27,0.1809031905746409,0.18652992973492424,0.12530948540713865,0.3062337831435304,0.2010236111397658
2023-06-28,0.1809031905746409,0.18652992973492424,0.12530948540713865,0.3062337831435304,0.2010236111397658
2023-06-29,0.1809031905746409,0.18652992973492424,0.12530948540713865,0.3062337831435304,0.2010236111397658
2023-06-30,0.1809031905746409,0.18652992973492424,0.12530948540713865,0.3062337831435304,0.2010236111397658
2023-07-03,0.1809031905746409,0.18652992973492424,0.12530948540713865,0.3062337831435304,0.2010236111397658
2023-07-05,0.1809031905746409,0.18652992973492424,0.12530948540713865,0.3062337831435304,0.2010236111397658
2023-07-06,0.1809031905746409,0.18652992973492424,0.12530948540713865,0.3062337831435304,0.2010236111397658
2023-07-07,0.1809031905746409,0.18652992973492424,0.12530948540713865,0.3062337831435304,0.2010236111397658
2023-07-10,0.1809031905746409,0.18652992973492424,0.12530948540713865,0.3062337831435304,0.2010236111397658
2023-07-11,0.1809031905746409,0.18652992973492424,0.12530948540713865,0.3062337831435304,0.2010236111397658
2023-07-12,0.1809031905746409,0.18652992973492424,0.12530948540713865,0.3062337831435304,0.2010236111397658
2023-07-13,0.18106079578915127,0.1844784030681747,0.12449878243299972,0.30000612474027144,0.20995589396940287
2023-07-14,0.18106079578915127,0.1844784030681747,0.12449878243299972,0.30000612474027144,0.20995589396940287
2023-07-17,0.18106079578915127,0.1844784030681747,0.12449878243299972,0.30000612474027144,0.20995589396940287
2023-07-18,0.18106079578915127,0.1844784030681747,0.12449878243299972,0.30000612474027144,0.20995589396940287
2023-07-19,0.18106079578915127,0.1844784030681747,0.12449878243299972,0.30000612474027144,0.20995589396940287
2023-07-20,0.18106079578915127,0.1844784030681747,0.12449878243299972,0.30000612474027144,0.20995589396940287
2023-07-21,0.18106079578915127,0.1844784030681747,0.12449878243299972,0.30000612474027144,0.20995589396940287
2023-07-24,0.18106079578915127,0.1844784030681747,0.12449878243299972,0.30000612474027144,0.20995589396940287
2023-07-25,0.18106079578915127,0.1844784030681747,0.12449878243299972,0.30000612474027144,0.20995589396940287
2023-07-26,0.18106079578915127,0.1844784030681747,0.12449878243299972,0.30000612474027144,0.20995589396940287
2023-07-27,0.18106079578915127,0.1844784030681747,0.12449878243299972,0.30000612474027144,0.20995589396940287
2023-07-28,0.18106079578915127,0.1844784030681747,0.12449878243299972,0.30000612474027144,0.20995589396940287
2023-07-31,0.18106079578915127,0.1844784030681747,0.12449878243299972,0.30000612474027144,0.20995589396940287
2023-08-01,0.18106079578915127,0.1844784030681747,0.12449878243299972,0.30000612474027144,0.20995589396940287
2023-08-02,0.18106079578915127,0.1844784030681747,0.12449878243299972,0.30000612474027144,0.20995589396940287
2023-08-03,0.18106079578915127,0.1844784030681747,0.12449878243299972,0.30000612474027144,0.20995589396940287
2023-08-04,0.18106079578915127,0.1844784030681747,0.12449878243299972,0.30000612474027144,0.20995589396940287
2023-08-07,0.18106079578915127,0.1844784030681747,0.12449878243299972,0.30000612474027144,0.20995589396940287
2023-08-08,0.18106079578915127,0.1844784030681747,0.12449878243299972,0.30000612474027144,0.20995589396940287
2023-08-09,0.18106079578915127,0.1844784030681747,0.12449878243299972,0.30000612474027144,0.20995589396940287
2023-08-10,0.18106079578915127,0.1844784030681747,0.12449878243299972,0.30000612474027144,0.20995589396940287
2023-08-11,0.1813006672215223,0.1846612132128182,0.1233750699526672,0.2942312617214749,0.21643178789151743
2023-08-14,0.1813006672215223,0.1846612132128182,0.1233750699526672,0.2942312617214749,0.21643178789151743
2023-08-15,0.1813006672215223,0.1846612132128182,0.1233750699526672,0.2942312617214749,0.21643178789151743
2023-08-16,0.1813006672215223,0.1846612132128182,0.1233750699526672,0.2942312617214749,0.21643178789151743
2023-08-17,0.1813006672215223,0.1846612132128182,0.1233750699526672,0.2942312617214749,0.21643178789151743
2023-08-18,0.1813006672215223,0.1846612132128182,0.1233750699526672,0.2942312617214749,0.21643178789151743
2023-08-21,0.1813006672215223,0.1846612132128182,0.1233750699526672,0.2942312617214749,0.21643178789151743
2023-08-22,0.1813006672215223,0.1846612132128182,0.1233750699526672,0.2942312617214749,0.21643178789151743
2023-08-23,0.1813006672215223,0.1846612132128182,0.1233750699526672,0.2942312617214749,0.21643178789151743
2023-08-24,0.1813006672215223,0.1846612132128182,0.1233750699526672,0.2942312617214749,0.21643178789151743
2023-08-25,0.1813006672215223,0.1846612132128182,0.1233750699526672,0.2942312617214749,0.21643178789151743
2023-08-28,0.1813006672215223,0.1846612132128182,0.1233750699526672,0.2942312617214749,0.21643178789151743
2023-08-29,0.1813006672215223,0.1846612132128182,0.1233750699526672,0.2942312617214749,0.21643178789151743
2023-08-30,0.1813006672215223,0.1846612132128182,0.1233750699526672,0.2942312617214749,0.21643178789151743
2023-08-31,0.1813006672215223,0.1846612132128182,0.1233750699526672,0.2942312617214749,0.21643178789151743
2023-09-01,0.1813006672215223,0.1846612132128182,0.1233750699526672,0.2942312617214749,0.21643178789151743
2023-09-05,0.1813006672215223,0.1846612132128182,0.1233750699526672,0.2942312617214749,0.21643178789151743
2023-09-06,0.1813006672215223,0.1846612132128182,0.1233750699526672,0.2942312617214749,0.21643178789151743
2023-09-08,0.1813006672215223,0.1846612132128182,0.1233750699526672,0.2942312617214749,0.21643178789151743
2023-09-11,0.1813006672215223,0.1846612132128182,0.1233750699526672,0.2942312617214749,0.21643178789151743
2023-09-12,0.1813006672215223,0.1846612132128182,0.1233750699526672,0.2942312617214749,0.21643178789151743
2023-09-13,0.18137023427565369,0.18415501578029056,0.12176773984664069,0.2951665950562554,0.21754041504115967
2023-09-14,0.18137023427565369,0.18415501578029056,0.12176773984664069,0.2951665950562554,0.21754041504115967
2023-09-15,0.18137023427565369,0.18415501578029056,0.12176773984664069,0.2951665950562554,0.21754041504115967
2023-09-18,0.18137023427565369,0.18415501578029056,0.12176773984664069,0.2951665950562554,0.21754041504115967
2023-09-19,0.18137023427565369,0.18415501578029056,0.12176773984664069,0.2951665950562554,0.21754041504115967
2023-09-20,0.18137023427565369,0.18415501578029056,0.12176773984664069,0.2951665950562554,0.21754041504115967
2023-09-21,0.18137023427565369,0.18415501578029056,0.12176773984664069,0.2951665950562554,0.21754041504115967
2023-09-22,0.18137023427565369,0.18415501578029056,0.12176773984664069,0.2951665950562554,0.21754041504115967
2023-09-25,0.18137023427565369,0.18415501578029056,0.12176773984664069,0.2951665950562554,0.21754041504115967
2023-09-26,0.18137023427565369,0.18415501578029056,0.12176773984664069,0.2951665950562554,0.21754041504115967
2023-09-27,0.18137023427565369,0.18415501578029056,0.12176773984664069,0.2951665950562554,0.21754041504115967
2023-09-28,0.18137023427565369,0.18415501578029056,0.12176773984664069,0.2951665950562554,0.21754041504115967
2023-09-29,0.18137023427565369,0.18415501578029056,0.12176773984664069,0.2951665950562554,0.21754041504115967
2023-10-02,0.18137023427565369,0.18415501578029056,0.12176773984664069,0.2951665950562554,0.21754041504115967
2023-10-03,0.18137023427565369,0.18415501578029056,0.12176773984664069,0.2951665950562554,0.21754041504115967
2023-10-04,0.18137023427565369,0.18415501578029056,0.12176773984664069,0.2951665950562554,0.21754041504115967
2023-10-05,0.18137023427565369,0.18415501578029056,0.12176773984664069,0.2951665950562554,0.21754041504115967
2023-10-06,0.18137023427565369,0.18415501578029056,0.12176773984664069,0.2951665950562554,0.21754041504115967
2023-10-09,0.18137023427565369,0.18415501578029056,0.12176773984664069,0.2951665950562554,0.21754041504115967
2023-10-10,0.18137023427565369,0.18415501578029056,0.12176773984664069,0.2951665950562554,0.21754041504115967
2023-10-11,0.18137023427565369,0.18415501578029056,0.12176773984664069,0.2951665950562554,0.21754041504115967
2023-10-13,0.18171277311410483,0.1840243445880894,0.12218519802881414,0.2895496978556232,0.22252798641336854
2023-10-16,0.18171277311410483,0.1840243445880894,0.12218519802881414,0.2895496978556232,0.22252798641336854
2023-10-17,0.18171277311410483,0.1840243445880894,0.12218519802881414,0.2895496978556232,0.22252798641336854
2023-10-18,0.18171277311410483,0.1840243445880894,0.12218519802881414,0.2895496978556232,0.22252798641336854
2023-10-19,0.18171277311410483,0.1840243445880894,0.12218519802881414,0.2895496978556232,0.22252798641336854
2023-10-20,0.18171277311410483,0.1840243445880894,0.12218519802881414,0.2895496978556232,0.22252798641336854
2023-10-23,0.18171277311410483,0.1840243445880894,0.12218519802881414,0.2895496978556232,0.22252798641336854
2023-10-24,0.18171277311410483,0.1840243445880894,0.12218519802881414,0.2895496978556232,0.22252798641336854
2023-10-25,0.18171277311410483,0.1840243445880894,0.12218519802881414,0.2895496978556232,0.22252798641336854
2023-10-26,0.18171277311410483,0.1840243445880894,0.12218519802881414,0.2895496978556232,0.22252798641336854
2023-10-27,0.18171277311410483,0.1840243445880894,0.12218519802881414,0.2895496978556232,0.22252798641336854
2023-10-30,0.18171277311410483,0.1840243445880894,0.12218519802881414,0.2895496978556232,0.22252798641336854
2023-10-31,0.18171277311410483,0.1840243445880894,0.12218519802881414,0.2895496978556232,0.22252798641336854
2023-11-01,0.18171277311410483,0.1840243445880894,0.12218519802881414,0.2895496978556232,0.22252798641336854
2023-11-03,0.18171277311410483,0.1840243445880894,0.12218519802881414,0.2895496978556232,0.22252798641336854
2023-11-06,0.18171277311410483,0.1840243445880894,0.12218519802881414,0.2895496978556232,0.22252798641336854
2023-11-07,0.18171277311410483,0.1840243445880894,0.12218519802881414,0.2895496978556232,0.22252798641336854
2023-11-08,0.18171277311410483,0.1840243445880894,0.12218519802881414,0.2895496978556232,0.22252798641336854
2023-11-09,0.18171277311410483,0.1840243445880894,0.12218519802881414,0.2895496978556232,0.22252798641336854
2023-11-10,0.18171277311410483,0.1840243445880894,0.12218519802881414,0.2895496978556232,0.22252798641336854
2023-11-13,0.18171277311410483,0.1840243445880894,0.12218519802881414,0.2895496978556232,0.22252798641336854
2023-11-14,0.18402595557317555,0.18482167277906553,0.12134746232522527,0.2893755559062043,0.2204293534163294
2023-11-16,0.18402595557317555,0.18482167277906553,0.12134746232522527,0.2893755559062043,0.2204293534163294
2023-11-17,0.18402595557317555,0.18482167277906553,0.12134746232522527,0.2893755559062043,0.2204293534163294
2023-11-20,0.18402595557317555,0.18482167277906553,0.12134746232522527,0.2893755559062043,0.2204293534163294
2023-11-21,0.18402595557317555,0.18482167277906553,0.12134746232522527,0.2893755559062043,0.2204293534163294
2023-11-22,0.18402595557317555,0.18482167277906553,0.12134746232522527,0.2893755559062043,0.2204293534163294
2023-11-24,0.18402595557317555,0.18482167277906553,0.12134746232522527,0.2893755559062043,0.2204293534163294
2023-11-27,0.18402595557317555,0.18482167277906553,0.12134746232522527,0.2893755559062043,0.2204293534163294
2023-11-28,0.18402595557317555,0.18482167277906553,0.12134746232522527,0.2893755559062043,0.2204293534163294
2023-11-29,0.18402595557317555,0.18482167277906553,0.12134746232522527,0.2893755559062043,0.2204293534163294
2023-11-30,0.18402595557317555,0.18482167277906553,0.12134746232522527,0.2893755559062043,0.2204293534163294
2023-12-01,0.18402595557317555,0.18482167277906553,0.12134746232522527,0.2893755559062043,0.2204293534163294
2023-12-04,0.18402595557317555,0.18482167277906553,0.12134746232522527,0.2893755559062043,0.2204293534163294
2023-12-05,0.18402595557317555,0.18482167277906553,0.12134746232522527,0.2893755559062043,0.2204293534163294
2023-12-06,0.18402595557317555,0.18482167277906553,0.12134746232522527,0.2893755559062043,0.2204293534163294
2023-12-07,0.18402595557317555,0.18482167277906553,0.12134746232522527,0.2893755559062043,0.2204293534163294
2023-12-08,0.18402595557317555,0.18482167277906553,0.12134746232522527,0.2893755559062043,0.2204293534163294
2023-12-11,0.18402595557317555,0.18482167277906553,0.12134746232522527,0.2893755559062043,0.2204293534163294
2023-12-12,0.18402595557317555,0.18482167277906553,0.12134746232522527,0.2893755559062043,0.2204293534163294
2023-12-13,0.18402595557317555,0.18482167277906553,0.12134746232522527,0.2893755559062043,0.2204293534163294
2023-12-14,0.18402595557317555,0.18482167277906553,0.12134746232522527,0.2893755559062043,0.2204293534163294
2023-12-15,0.16991147306569668,0.1696509774253429,0.11443134229981124,0.3011529902318575,0.24485321697729168
2023-12-18,0.16991147306569668,0.1696509774253429,0.11443134229981124,0.3011529902318575,0.24485321697729168
2023-12-19,0.16991147306569668,0.1696509774253429,0.11443134229981124,0.3011529902318575,0.24485321697729168
2023-12-20,0.16991147306569668,0.1696509774253429,0.11443134229981124,0.3011529902318575,0.24485321697729168
2023-12-21,0.16991147306569668,0.1696509774253429,0.11443134229981124,0.3011529902318575,0.24485321697729168
2023-12-22,0.16991147306569668,0.1696509774253429,0.11443134229981124,0.3011529902318575,0.24485321697729168
2023-12-26,0.16991147306569668,0.1696509774253429,0.11443134229981124,0.3011529902318575,0.24485321697729168
2023-12-27,0.16991147306569668,0.1696509774253429,0.11443134229981124,0.3011529902318575,0.24485321697729168
2023-12-28,0.16991147306569668,0.1696509774253429,0.11443134229981124,0.3011529902318575,0.24485321697729168
2024-01-02,0.16991147306569668,0.1696509774253429,0.11443134229981124,0.3011529902318575,0.24485321697729168
2024-01-03,0.16991147306569668,0.1696509774253429,0.11443134229981124,0.3011529902318575,0.24485321697729168
2024-01-04,0.16991147306569668,0.1696509774253429,0.11443134229981124,0.3011529902318575,0.24485321697729168
2024-01-05,0.16991147306569668,0.1696509774253429,0.11443134229981124,0.3011529902318575,0.24485321697729168
2024-01-08,0.16991147306569668,0.1696509774253429,0.11443134229981124,0.3011529902318575,0.24485321697729168
2024-01-09,0.16991147306569668,0.1696509774253429,0.11443134229981124,0.3011529902318575,0.24485321697729168
2024-01-10,0.16991147306569668,0.1696509774253429,0.11443134229981124,0.3011529902318575,0.24485321697729168
2024-01-11,0.16991147306569668,0.1696509774253429,0.11443134229981124,0.3011529902318575,0.24485321697729168
2024-01-12,0.16991147306569668,0.1696509774253429,0.11443134229981124,0.3011529902318575,0.24485321697729168
2024-01-16,0.16991147306569668,0.1696509774253429,0.11443134229981124,0.3011529902318575,0.24485321697729168
2024-01-17,0.16991147306569668,0.1696509774253429,0.11443134229981124,0.3011529902318575,0.24485321697729168
2024-01-18,0.16991147306569668,0.1696509774253429,0.11443134229981124,0.3011529902318575,0.24485321697729168
2024-01-19,0.1727331524004858,0.1737612907420662,0.11738303961221004,0.2919335282843893,0.2441889889608486
2024-01-22,0.1727331524004858,0.1737612907420662,0.11738303961221004,0.2919335282843893,0.2441889889608486
2024-01-23,0.1727331524004858,0.1737612907420662,0.11738303961221004,0.2919335282843893,0.2441889889608486
2024-01-24,0.1727331524004858,0.1737612907420662,0.11738303961221004,0.2919335282843893,0.2441889889608486
2024-01-25,0.1727331524004858,0.1737612907420662,0.11738303961221004,0.2919335282843893,0.2441889889608486
2024-01-26,0.1727331524004858,0.1737612907420662,0.11738303961221004,0.2919335282843893,0.2441889889608486
2024-01-29,0.1727331524004858,0.1737612907420662,0.11738303961221004,0.2919335282843893,0.2441889889608486
2024-01-30,0.1727331524004858,0.1737612907420662,0.11738303961221004,0.2919335282843893,0.2441889889608486
2024-01-31,0.1727331524004858,0.1737612907420662,0.11738303961221004,0.2919335282843893,0.2441889889608486
2024-02-01,0.1727331524004858,0.1737612907420662,0.11738303961221004,0.2919335282843893,0.2441889889608486
2024-02-02,0.1727331524004858,0.1737612907420662,0.11738303961221004,0.2919335282843893,0.2441889889608486
2024-02-05,0.1727331524004858,0.1737612907420662,0.11738303961221004,0.2919335282843893,0.2441889889608486
2024-02-06,0.1727331524004858,0.1737612907420662,0.11738303961221004,0.2919335282843893,0.2441889889608486
2024-02-07,0.1727331524004858,0.1737612907420662,0.11738303961221004,0.2919335282843893,0.2441889889608486
2024-02-08,0.1727331524004858,0.1737612907420662,0.11738303961221004,0.2919335282843893,0.2441889889608486
2024-02-09,0.1727331524004858,0.1737612907420662,0.11738303961221004,0.2919335282843893,0.2441889889608486
2024-02-14,0.1727331524004858,0.1737612907420662,0.11738303961221004,0.2919335282843893,0.2441889889608486
2024-02-15,0.1727331524004858,0.1737612907420662,0.11738303961221004,0.2919335282843893,0.2441889889608486
2024-02-16,0.1727331524004858,0.1737612907420662,0.11738303961221004,0.2919335282843893,0.2441889889608486
2024-02-20,0.1727331524004858,0.1737612907420662,0.11738303961221004,0.2919335282843893,0.2441889889608486
2024-02-21,0.1727331524004858,0.1737612907420662,0.11738303961221004,0.2919335282843893,0.2441889889608486
2024-02-22,0.16701802995141438,0.16779955714908956,0.1189263953300461,0.30628582887088074,0.23997018869856926
2024-02-23,0.16701802995141438,0.16779955714908956,0.1189263953300461,0.30628582887088074,0.23997018869856926
2024-02-26,0.16701802995141438,0.16779955714908956,0.1189263953300461,0.30628582887088074,0.23997018869856926
2024-02-27,0.16701802995141438,0.16779955714908956,0.1189263953300461,0.30628582887088074,0.23997018869856926
2024-02-28,0.16701802995141438,0.16779955714908956,0.1189263953300461,0.30628582887088074,0.23997018869856926
2024-02-29,0.16701802995141438,0.16779955714908956,0.1189263953300461,0.30628582887088074,0.23997018869856926
2024-03-01,0.16701802995141438,0.16779955714908956,0.1189263953300461,0.30628582887088074,0.23997018869856926
2024-03-04,0.16701802995141438,0.16779955714908956,0.1189263953300461,0.30628582887088074,0.23997018869856926
2024-03-05,0.16701802995141438,0.16779955714908956,0.1189263953300461,0.30628582887088074,0.23997018869856926
2024-03-06,0.16701802995141438,0.16779955714908956,0.1189263953300461,0.30628582887088074,0.23997018869856926
2024-03-07,0.16701802995141438,0.16779955714908956,0.1189263953300461,0.30628582887088074,0.23997018869856926
2024-03-08,0.16701802995141438,0.16779955714908956,0.1189263953300461,0.30628582887088074,0.23997018869856926
2024-03-11,0.16701802995141438,0.16779955714908956,0.1189263953300461,0.30628582887088074,0.23997018869856926
2024-03-12,0.16701802995141438,0.16779955714908956,0.1189263953300461,0.30628582887088074,0.23997018869856926
2024-03-13,0.16701802995141438,0.16779955714908956,0.1189263953300461,0.30628582887088074,0.23997018869856926
2024-03-14,0.16701802995141438,0.16779955714908956,0.1189263953300461,0.30628582887088074,0.23997018869856926
2024-03-15,0.16701802995141438,0.16779955714908956,0.1189263953300461,0.30628582887088074,0.23997018869856926
2024-03-18,0.16701802995141438,0.16779955714908956,0.1189263953300461,0.30628582887088074,0.23997018869856926
2024-03-19,0.16701802995141438,0.16779955714908956,0.1189263953300461,0.30628582887088074,0.23997018869856926
2024-03-20,0.16701802995141438,0.16779955714908956,0.1189263953300461,0.30628582887088074,0.23997018869856926
2024-03-21,0.16701802995141438,0.16779955714908956,0.1189263953300461,0.30628582887088074,0.23997018869856926
2024-03-22,0.16514354782516286,0.16654696062467725,0.11730066695653608,0.31116237823451093,0.2398464463591129
2024-03-25,0.16514354782516286,0.16654696062467725,0.11730066695653608,0.31116237823451093,0.2398464463591129
2024-03-26,0.16514354782516286,0.16654696062467725,0.11730066695653608,0.31116237823451093,0.2398464463591129
2024-03-27,0.16514354782516286,0.16654696062467725,0.11730066695653608,0.31116237823451093,0.2398464463591129
2024-03-28,0.16514354782516286,0.16654696062467725,0.11730066695653608,0.31116237823451093,0.2398464463591129
2024-04-01,0.16514354782516286,0.16654696062467725,0.11730066695653608,0.31116237823451093,0.2398464463591129
2024-04-02,0.16514354782516286,0.16654696062467725,0.11730066695653608,0.31116237823451093,0.2398464463591129
2024-04-03,0.16514354782516286,0.16654696062467725,0.11730066695653608,0.31116237823451093,0.2398464463591129
2024-04-04,0.16514354782516286,0.16654696062467725,0.11730066695653608,0.31116237823451093,0.2398464463591129
2024-04-05,0.16514354782516286,0.16654696062467725,0.11730066695653608,0.31116237823451093,0.2398464463591129
2024-04-08,0.16514354782516286,0.16654696062467725,0.11730066695653608,0.31116237823451093,0.2398464463591129
2024-04-09,0.16514354782516286,0.16654696062467725,0.11730066695653608,0.31116237823451093,0.2398464463591129
2024-04-10,0.16514354782516286,0.16654696062467725,0.11730066695653608,0.31116237823451093,0.2398464463591129
2024-04-11,0.16514354782516286,0.16654696062467725,0.11730066695653608,0.31116237823451093,0.2398464463591129
2024-04-12,0.16514354782516286,0.16654696062467725,0.11730066695653608,0.31116237823451093,0.2398464463591129
2024-04-15,0.16514354782516286,0.16654696062467725,0.11730066695653608,0.31116237823451093,0.2398464463591129
2024-04-16,0.16514354782516286,0.16654696062467725,0.11730066695653608,0.31116237823451093,0.2398464463591129
2024-04-17,0.16514354782516286,0.16654696062467725,0.11730066695653608,0.31116237823451093,0.2398464463591129
2024-04-18,0.16514354782516286,0.16654696062467725,0.11730066695653608,0.31116237823451093,0.2398464463591129
2024-04-19,0.16514354782516286,0.16654696062467725,0.11730066695653608,0.31116237823451093,0.2398464463591129
2024-04-22,0.16514354782516286,0.16654696062467725,0.11730066695653608,0.31116237823451093,0.2398464463591129
2024-04-23,0.17041950909098103,0.172509983233773,0.12172306410674154,0.2964671839200509,0.23888025964845355
2024-04-24,0.17041950909098103,0.172509983233773,0.12172306410674154,0.2964671839200509,0.23888025964845355
2024-04-25,0.17041950909098103,0.172509983233773,0.12172306410674154,0.2964671839200509,0.23888025964845355
2024-04-26,0.17041950909098103,0.172509983233773,0.12172306410674154,0.2964671839200509,0.23888025964845355
2024-04-29,0.17041950909098103,0.172509983233773,0.12172306410674154,0.2964671839200509,0.23888025964845355
2024-04-30,0.17041950909098103,0.172509983233773,0.12172306410674154,0.2964671839200509,0.23888025964845355
2024-05-02,0.17041950909098103,0.172509983233773,0.12172306410674154,0.2964671839200509,0.23888025964845355
2024-05-03,0.17041950909098103,0.172509983233773,0.12172306410674154,0.2964671839200509,0.23888025964845355
2024-05-06,0.17041950909098103,0.172509983233773,0.12172306410674154,0.2964671839200509,0.23888025964845355
2024-05-07,0.17041950909098103,0.172509983233773,0.12172306410674154,0.2964671839200509,0.23888025964845355
2024-05-08,0.17041950909098103,0.172509983233773,0.12172306410674154,0.2964671839200509,0.23888025964845355
2024-05-09,0.17041950909098103,0.172509983233773,0.12172306410674154,0.2964671839200509,0.23888025964845355
2024-05-10,0.17041950909098103,0.172509983233773,0.12172306410674154,0.2964671839200509,0.23888025964845355
2024-05-13,0.17041950909098103,0.172509983233773,0.12172306410674154,0.2964671839200509,0.23888025964845355
2024-05-14,0.17041950909098103,0.172509983233773,0.12172306410674154,0.2964671839200509,0.23888025964845355
2024-05-15,0.17041950909098103,0.172509983233773,0.12172306410674154,0.2964671839200509,0.23888025964845355
2024-05-16,0.17041950909098103,0.172509983233773,0.12172306410674154,0.2964671839200509,0.23888025964845355
2024-05-17,0.17041950909098103,0.172509983233773,0.12172306410674154,0.2964671839200509,0.23888025964845355
2024-05-20,0.17041950909098103,0.172509983233773,0.12172306410674154,0.2964671839200509,0.23888025964845355
2024-05-21,0.17041950909098103,0.172509983233773,0.12172306410674154,0.2964671839200509,0.23888025964845355
2024-05-22,0.17041950909098103,0.172509983233773,0.12172306410674154,0.2964671839200509,0.23888025964845355
2024-05-23,0.18120056258680767,0.1818350655717856,0.12559777707117642,0.27438981721905753,0.23697677755117272
2024-05-24,0.18120056258680767,0.1818350655717856,0.12559777707117642,0.27438981721905753,0.23697677755117272
2024-05-28,0.18120056258680767,0.1818350655717856,0.12559777707117642,0.27438981721905753,0.23697677755117272
2024-05-29,0.18120056258680767,0.1818350655717856,0.12559777707117642,0.27438981721905753,0.23697677755117272
2024-05-31,0.18120056258680767,0.1818350655717856,0.12559777707117642,0.27438981721905753,0.23697677755117272
2024-06-03,0.18120056258680767,0.1818350655717856,0.12559777707117642,0.27438981721905753,0.23697677755117272
2024-06-04,0.18120056258680767,0.1818350655717856,0.12559777707117642,0.27438981721905753,0.23697677755117272
2024-06-05,0.18120056258680767,0.1818350655717856,0.12559777707117642,0.27438981721905753,0.23697677755117272
2024-06-06,0.18120056258680767,0.1818350655717856,0.12559777707117642,0.27438981721905753,0.23697677755117272
2024-06-07,0.18120056258680767,0.1818350655717856,0.12559777707117642,0.27438981721905753,0.23697677755117272
2024-06-10,0.18120056258680767,0.1818350655717856,0.12559777707117642,0.27438981721905753,0.23697677755117272
2024-06-11,0.18120056258680767,0.1818350655717856,0.12559777707117642,0.27438981721905753,0.23697677755117272
2024-06-12,0.18120056258680767,0.1818350655717856,0.12559777707117642,0.27438981721905753,0.23697677755117272
2024-06-13,0.18120056258680767,0.1818350655717856,0.12559777707117642,0.27438981721905753,0.23697677755117272
2024-06-14,0.18120056258680767,0.1818350655717856,0.12559777707117642,0.27438981721905753,0.23697677755117272
2024-06-17,0.18120056258680767,0.1818350655717856,0.12559777707117642,0.27438981721905753,0.23697677755117272
2024-06-18,0.18120056258680767,0.1818350655717856,0.12559777707117642,0.27438981721905753,0.23697677755117272
2024-06-20,0.18120056258680767,0.1818350655717856,0.12559777707117642,0.27438981721905753,0.23697677755117272
2024-06-21,0.18120056258680767,0.1818350655717856,0.12559777707117642,0.27438981721905753,0.23697677755117272
2024-06-24,0.18120056258680767,0.1818350655717856,0.12559777707117642,0.27438981721905753,0.23697677755117272
2024-06-25,0.18120056258680767,0.1818350655717856,0.12559777707117642,0.27438981721905753,0.23697677755117272
2024-06-26,0.18306894196903514,0.1847568995627964,0.1259144861821516,0.25570408003683687,0.25055559224918
2024-06-27,0.18306894196903514,0.1847568995627964,0.1259144861821516,0.25570408003683687,0.25055559224918
2024-06-28,0.18306894196903514,0.1847568995627964,0.1259144861821516,0.25570408003683687,0.25055559224918
2024-07-01,0.18306894196903514,0.1847568995627964,0.1259144861821516,0.25570408003683687,0.25055559224918
2024-07-02,0.18306894196903514,0.1847568995627964,0.1259144861821516,0.25570408003683687,0.25055559224918
2024-07-03,0.18306894196903514,0.1847568995627964,0.1259144861821516,0.25570408003683687,0.25055559224918
2024-07-05,0.18306894196903514,0.1847568995627964,0.1259144861821516,0.25570408003683687,0.25055559224918
2024-07-08,0.18306894196903514,0.1847568995627964,0.1259144861821516,0.25570408003683687,0.25055559224918
2024-07-09,0.18306894196903514,0.1847568995627964,0.1259144861821516,0.25570408003683687,0.25055559224918
2024-07-10,0.18306894196903514,0.1847568995627964,0.1259144861821516,0.25570408003683687,0.25055559224918
2024-07-11,0.18306894196903514,0.1847568995627964,0.1259144861821516,0.25570408003683687,0.25055559224918
2024-07-12,0.18306894196903514,0.1847568995627964,0.1259144861821516,0.25570408003683687,0.25055559224918
2024-07-15,0.18306894196903514,0.1847568995627964,0.1259144861821516,0.25570408003683687,0.25055559224918
2024-07-16,0.18306894196903514,0.1847568995627964,0.1259144861821516,0.25570408003683687,0.25055559224918
2024-07-17,0.18306894196903514,0.1847568995627964,0.1259144861821516,0.25570408003683687,0.25055559224918
2024-07-18,0.18306894196903514,0.1847568995627964,0.1259144861821516,0.25570408003683687,0.25055559224918
2024-07-19,0.18306894196903514,0.1847568995627964,0.1259144861821516,0.25570408003683687,0.25055559224918
2024-07-22,0.18306894196903514,0.1847568995627964,0.1259144861821516,0.25570408003683687,0.25055559224918
2024-07-23,0.18306894196903514,0.1847568995627964,0.1259144861821516,0.25570408003683687,0.25055559224918
2024-07-24,0.18306894196903514,0.1847568995627964,0.1259144861821516,0.25570408003683687,0.25055559224918
2024-07-25,0.18306894196903514,0.1847568995627964,0.1259144861821516,0.25570408003683687,0.25055559224918
2024-07-26,0.188862595057484,0.1902024372749239,0.12881288126751422,0.24665884277120814,0.2454632436288698
2024-07-29,0.188862595057484,0.1902024372749239,0.12881288126751422,0.24665884277120814,0.2454632436288698
2024-07-30,0.188862595057484,0.1902024372749239,0.12881288126751422,0.24665884277120814,0.2454632436288698
2024-07-31,0.188862595057484,0.1902024372749239,0.12881288126751422,0.24665884277120814,0.2454632436288698
2024-08-01,0.188862595057484,0.1902024372749239,0.12881288126751422,0.24665884277120814,0.2454632436288698
2024-08-02,0.188862595057484,0.1902024372749239,0.12881288126751422,0.24665884277120814,0.2454632436288698
2024-08-05,0.188862595057484,0.1902024372749239,0.12881288126751422,0.24665884277120814,0.2454632436288698
2024-08-06,0.188862595057484,0.1902024372749239,0.12881288126751422,0.24665884277120814,0.2454632436288698
2024-08-07,0.188862595057484,0.1902024372749239,0.12881288126751422,0.24665884277120814,0.2454632436288698
2024-08-08,0.188862595057484,0.1902024372749239,0.12881288126751422,0.24665884277120814,0.2454632436288698
2024-08-09,0.188862595057484,0.1902024372749239,0.12881288126751422,0.24665884277120814,0.2454632436288698
2024-08-12,0.188862595057484,0.1902024372749239,0.12881288126751422,0.24665884277120814,0.2454632436288698
2024-08-13,0.188862595057484,0.1902024372749239,0.12881288126751422,0.24665884277120814,0.2454632436288698
2024-08-14,0.188862595057484,0.1902024372749239,0.12881288126751422,0.24665884277120814,0.2454632436288698
2024-08-15,0.188862595057484,0.1902024372749239,0.12881288126751422,0.24665884277120814,0.2454632436288698
2024-08-16,0.188862595057484,0.1902024372749239,0.12881288126751422,0.24665884277120814,0.2454632436288698
2024-08-19,0.188862595057484,0.1902024372749239,0.12881288126751422,0.24665884277120814,0.2454632436288698
2024-08-20,0.188862595057484,0.1902024372749239,0.12881288126751422,0.24665884277120814,0.2454632436288698
2024-08-21,0.188862595057484,0.1902024372749239,0.12881288126751422,0.24665884277120814,0.2454632436288698
2024-08-22,0.188862595057484,0.1902024372749239,0.12881288126751422,0.24665884277120814,0.2454632436288698
2024-08-23,0.188862595057484,0.1902024372749239,0.12881288126751422,0.24665884277120814,0.2454632436288698
2024-08-26,0.19453064616674695,0.19498761266233408,0.1337195952369892,0.24476636494380904,0.23199578099012075
2024-08-27,0.19453064616674695,0.19498761266233408,0.1337195952369892,0.24476636494380904,0.23199578099012075
2024-08-28,0.19453064616674695,0.19498761266233408,0.1337195952369892,0.24476636494380904,0.23199578099012075
2024-08-29,0.19453064616674695,0.19498761266233408,0.1337195952369892,0.24476636494380904,0.23199578099012075
2024-08-30,0.19453064616674695,0.19498761266233408,0.1337195952369892,0.24476636494380904,0.23199578099012075
2024-09-03,0.19453064616674695,0.19498761266233408,0.1337195952369892,0.24476636494380904,0.23199578099012075
2024-09-04,0.19453064616674695,0.19498761266233408,0.1337195952369892,0.24476636494380904,0.23199578099012075
2024-09-05,0.19453064616674695,0.19498761266233408,0.1337195952369892,0.24476636494380904,0.23199578099012075
2024-09-06,0.19453064616674695,0.19498761266233408,0.1337195952369892,0.24476636494380904,0.23199578099012075
2024-09-09,0.19453064616674695,0.19498761266233408,0.1337195952369892,0.24476636494380904,0.23199578099012075
2024-09-10,0.19453064616674695,0.19498761266233408,0.1337195952369892,0.24476636494380904,0.23199578099012075
2024-09-11,0.19453064616674695,0.19498761266233408,0.1337195952369892,0.24476636494380904,0.23199578099012075
2024-09-12,0.19453064616674695,0.19498761266233408,0.1337195952369892,0.24476636494380904,0.23199578099012075
2024-09-13,0.19453064616674695,0.19498761266233408,0.1337195952369892,0.24476636494380904,0.23199578099012075
2024-09-16,0.19453064616674695,0.19498761266233408,0.1337195952369892,0.24476636494380904,0.23199578099012075
2024-09-17,0.19453064616674695,0.19498761266233408,0.1337195952369892,0.24476636494380904,0.23199578099012075
2024-09-18,0.19453064616674695,0.19498761266233408,0.1337195952369892,0.24476636494380904,0.23199578099012075
2024-09-19,0.19453064616674695,0.19498761266233408,0.1337195952369892,0.24476636494380904,0.23199578099012075
2024-09-20,0.19453064616674695,0.19498761266233408,0.1337195952369892,0.24476636494380904,0.23199578099012075
2024-09-23,0.19453064616674695,0.19498761266233408,0.1337195952369892,0.24476636494380904,0.23199578099012075
2024-09-24,0.19453064616674695,0.19498761266233408,0.1337195952369892,0.24476636494380904,0.23199578099012075
2024-09-25,0.20251348765691093,0.20346698543581954,0.13596717217263696,0.2367647494993871,0.2212876052352455
2024-09-26,0.20251348765691093,0.20346698543581954,0.13596717217263696,0.2367647494993871,0.2212876052352455
2024-09-27,0.20251348765691093,0.20346698543581954,0.13596717217263696,0.2367647494993871,0.2212876052352455
2024-09-30,0.20251348765691093,0.20346698543581954,0.13596717217263696,0.2367647494993871,0.2212876052352455
2024-10-01,0.20251348765691093,0.20346698543581954,0.13596717217263696,0.2367647494993871,0.2212876052352455
2024-10-02,0.20251348765691093,0.20346698543581954,0.13596717217263696,0.2367647494993871,0.2212876052352455
2024-10-03,0.20251348765691093,0.20346698543581954,0.13596717217263696,0.2367647494993871,0.2212876052352455
2024-10-04,0.20251348765691093,0.20346698543581954,0.13596717217263696,0.2367647494993871,0.2212876052352455
2024-10-07,0.20251348765691093,0.20346698543581954,0.13596717217263696,0.2367647494993871,0.2212876052352455
2024-10-08,0.20251348765691093,0.20346698543581954,0.13596717217263696,0.2367647494993871,0.2212876052352455
2024-10-09,0.20251348765691093,0.20346698543581954,0.13596717217263696,0.2367647494993871,0.2212876052352455
2024-10-10,0.20251348765691093,0.20346698543581954,0.13596717217263696,0.2367647494993871,0.2212876052352455
2024-10-11,0.20251348765691093,0.20346698543581954,0.13596717217263696,0.2367647494993871,0.2212876052352455
2024-10-14,0.20251348765691093,0.20346698543581954,0.13596717217263696,0.2367647494993871,0.2212876052352455
2024-10-15,0.20251348765691093,0.20346698543581954,0.13596717217263696,0.2367647494993871,0.2212876052352455
2024-10-16,0.20251348765691093,0.20346698543581954,0.13596717217263696,0.2367647494993871,0.2212876052352455
2024-10-17,0.20251348765691093,0.20346698543581954,0.13596717217263696,0.2367647494993871,0.2212876052352455
2024-10-18,0.20251348765691093,0.20346698543581954,0.13596717217263696,0.2367647494993871,0.2212876052352455
2024-10-21,0.20251348765691093,0.20346698543581954,0.13596717217263696,0.2367647494993871,0.2212876052352455
2024-10-22,0.20251348765691093,0.20346698543581954,0.13596717217263696,0.2367647494993871,0.2212876052352455
2024-10-23,0.20251348765691093,0.20346698543581954,0.13596717217263696,0.2367647494993871,0.2212876052352455
2024-10-24,0.20440652713155613,0.2052168485197999,0.1363629422841523,0.22891643254064925,0.22509724952384239
2024-10-25,0.20440652713155613,0.2052168485197999,0.1363629422841523,0.22891643254064925,0.22509724952384239
2024-10-28,0.20440652713155613,0.2052168485197999,0.1363629422841523,0.22891643254064925,0.22509724952384239
2024-10-29,0.20440652713155613,0.2052168485197999,0.1363629422841523,0.22891643254064925,0.22509724952384239
2024-10-30,0.20440652713155613,0.2052168485197999,0.1363629422841523,0.22891643254064925,0.22509724952384239
2024-10-31,0.20440652713155613,0.2052168485197999,0.1363629422841523,0.22891643254064925,0.22509724952384239
2024-11-01,0.20440652713155613,0.2052168485197999,0.1363629422841523,0.22891643254064925,0.22509724952384239
2024-11-04,0.20440652713155613,0.2052168485197999,0.1363629422841523,0.22891643254064925,0.22509724952384239
2024-11-05,0.20440652713155613,0.2052168485197999,0.1363629422841523,0.22891643254064925,0.22509724952384239
2024-11-06,0.20440652713155613,0.2052168485197999,0.1363629422841523,0.22891643254064925,0.22509724952384239
2024-11-07,0.20440652713155613,0.2052168485197999,0.1363629422841523,0.22891643254064925,0.22509724952384239
2024-11-08,0.20440652713155613,0.2052168485197999,0.1363629422841523,0.22891643254064925,0.22509724952384239
2024-11-11,0.20440652713155613,0.2052168485197999,0.1363629422841523,0.22891643254064925,0.22509724952384239
2024-11-12,0.20440652713155613,0.2052168485197999,0.1363629422841523,0.22891643254064925,0.22509724952384239
2024-11-13,0.20440652713155613,0.2052168485197999,0.1363629422841523,0.22891643254064925,0.22509724952384239
2024-11-14,0.20440652713155613,0.2052168485197999,0.1363629422841523,0.22891643254064925,0.22509724952384239
2024-11-18,0.20440652713155613,0.2052168485197999,0.1363629422841523,0.22891643254064925,0.22509724952384239
2024-11-19,0.20440652713155613,0.2052168485197999,0.1363629422841523,0.22891643254064925,0.22509724952384239
2024-11-21,0.20440652713155613,0.2052168485197999,0.1363629422841523,0.22891643254064925,0.22509724952384239
2024-11-22,0.20440652713155613,0.2052168485197999,0.1363629422841523,0.22891643254064925,0.22509724952384239
2024-11-25,0.20440652713155613,0.2052168485197999,0.1363629422841523,0.22891643254064925,0.22509724952384239
2024-11-26,0.20928065352257744,0.21014983132403975,0.13791423935599495,0.20153156941746192,0.24112370637992595
2024-11-27,0.20928065352257744,0.21014983132403975,0.13791423935599495,0.20153156941746192,0.24112370637992595
2024-11-29,0.20928065352257744,0.21014983132403975,0.13791423935599495,0.20153156941746192,0.24112370637992595
2024-12-02,0.20928065352257744,0.21014983132403975,0.13791423935599495,0.20153156941746192,0.24112370637992595
2024-12-03,0.20928065352257744,0.21014983132403975,0.13791423935599495,0.20153156941746192,0.24112370637992595
2024-12-04,0.20928065352257744,0.21014983132403975,0.13791423935599495,0.20153156941746192,0.24112370637992595
2024-12-05,0.20928065352257744,0.21014983132403975,0.13791423935599495,0.20153156941746192,0.24112370637992595
2024-12-06,0.20928065352257744,0.21014983132403975,0.13791423935599495,0.20153156941746192,0.24112370637992595
2024-12-09,0.20928065352257744,0.21014983132403975,0.13791423935599495,0.20153156941746192,0.24112370637992595
2024-12-10,0.20928065352257744,0.21014983132403975,0.13791423935599495,0.20153156941746192,0.24112370637992595
2024-12-11,0.20928065352257744,0.21014983132403975,0.13791423935599495,0.20153156941746192,0.24112370637992595
2024-12-12,0.20928065352257744,0.21014983132403975,0.13791423935599495,0.20153156941746192,0.24112370637992595
2024-12-13,0.20928065352257744,0.21014983132403975,0.13791423935599495,0.20153156941746192,0.24112370637992595
2024-12-16,0.20928065352257744,0.21014983132403975,0.13791423935599495,0.20153156941746192,0.24112370637992595
2024-12-17,0.20928065352257744,0.21014983132403975,0.13791423935599495,0.20153156941746192,0.24112370637992595
2024-12-18,0.20928065352257744,0.21014983132403975,0.13791423935599495,0.20153156941746192,0.24112370637992595
2024-12-19,0.20928065352257744,0.21014983132403975,0.13791423935599495,0.20153156941746192,0.24112370637992595
2024-12-20,0.20928065352257744,0.21014983132403975,0.13791423935599495,0.20153156941746192,0.24112370637992595
2024-12-23,0.20928065352257744,0.21014983132403975,0.13791423935599495,0.20153156941746192,0.24112370637992595
2024-12-26,0.20928065352257744,0.21014983132403975,0.13791423935599495,0.20153156941746192,0.24112370637992595
2024-12-27,0.20928065352257744,0.21014983132403975,0.13791423935599495,0.20153156941746192,0.24112370637992595
2024-12-30,0.2132021772488079,0.21221444252629237,0.12855171166787524,0.20533642484486708,0.24069524371215748
2025-01-02,0.2132021772488079,0.21221444252629237,0.12855171166787524,0.20533642484486708,0.24069524371215748
2025-01-03,0.2132021772488079,0.21221444252629237,0.12855171166787524,0.20533642484486708,0.24069524371215748
2025-01-06,0.2132021772488079,0.21221444252629237,0.12855171166787524,0.20533642484486708,0.24069524371215748
2025-01-07,0.2132021772488079,0.21221444252629237,0.12855171166787524,0.20533642484486708,0.24069524371215748
2025-01-08,0.2132021772488079,0.21221444252629237,0.12855171166787524,0.20533642484486708,0.24069524371215748
2025-01-10,0.2132021772488079,0.21221444252629237,0.12855171166787524,0.20533642484486708,0.24069524371215748
2025-01-13,0.2132021772488079,0.21221444252629237,0.12855171166787524,0.20533642484486708,0.24069524371215748
2025-01-14,0.2132021772488079,0.21221444252629237,0.12855171166787524,0.20533642484486708,0.24069524371215748
2025-01-15,0.2132021772488079,0.21221444252629237,0.12855171166787524,0.20533642484486708,0.24069524371215748
2025-01-16,0.2132021772488079,0.21221444252629237,0.12855171166787524,0.20533642484486708,0.24069524371215748
2025-01-17,0.2132021772488079,0.21221444252629237,0.12855171166787524,0.20533642484486708,0.24069524371215748
2025-01-21,0.2132021772488079,0.21221444252629237,0.12855171166787524,0.20533642484486708,0.24069524371215748
2025-01-22,0.2132021772488079,0.21221444252629237,0.12855171166787524,0.20533642484486708,0.24069524371215748
2025-01-23,0.2132021772488079,0.21221444252629237,0.12855171166787524,0.20533642484486708,0.24069524371215748
2025-01-24,0.2132021772488079,0.21221444252629237,0.12855171166787524,0.20533642484486708,0.24069524371215748
2025-01-27,0.2132021772488079,0.21221444252629237,0.12855171166787524,0.20533642484486708,0.24069524371215748
2025-01-28,0.2132021772488079,0.21221444252629237,0.12855171166787524,0.20533642484486708,0.24069524371215748
2025-01-29,0.2132021772488079,0.21221444252629237,0.12855171166787524,0.20533642484486708,0.24069524371215748
2025-01-30,0.2132021772488079,0.21221444252629237,0.12855171166787524,0.20533642484486708,0.24069524371215748
2025-01-31,0.2132021772488079,0.21221444252629237,0.12855171166787524,0.20533642484486708,0.24069524371215748
2025-02-03,0.2103692874239829,0.20898367466021125,0.1306364240913244,0.20802967249166585,0.24198094133281567
2025-02-04,0.2103692874239829,0.20898367466021125,0.1306364240913244,0.20802967249166585,0.24198094133281567
2025-02-05,0.2103692874239829,0.20898367466021125,0.1306364240913244,0.20802967249166585,0.24198094133281567
2025-02-06,0.2103692874239829,0.20898367466021125,0.1306364240913244,0.20802967249166585,0.24198094133281567
2025-02-07,0.2103692874239829,0.20898367466021125,0.1306364240913244,0.20802967249166585,0.24198094133281567
2025-02-10,0.2103692874239829,0.20898367466021125,0.1306364240913244,0.20802967249166585,0.24198094133281567
2025-02-11,0.2103692874239829,0.20898367466021125,0.1306364240913244,0.20802967249166585,0.24198094133281567
2025-02-12,0.2103692874239829,0.20898367466021125,0.1306364240913244,0.20802967249166585,0.24198094133281567
2025-02-13,0.2103692874239829,0.20898367466021125,0.1306364240913244,0.20802967249166585,0.24198094133281567
2025-02-14,0.2103692874239829,0.20898367466021125,0.1306364240913244,0.20802967249166585,0.24198094133281567
2025-02-18,0.2103692874239829,0.20898367466021125,0.1306364240913244,0.20802967249166585,0.24198094133281567
2025-02-19,0.2103692874239829,0.20898367466021125,0.1306364240913244,0.20802967249166585,0.24198094133281567
2025-02-20,0.2103692874239829,0.20898367466021125,0.1306364240913244,0.20802967249166585,0.24198094133281567
2025-02-21,0.2103692874239829,0.20898367466021125,0.1306364240913244,0.20802967249166585,0.24198094133281567
2025-02-24,0.2103692874239829,0.20898367466021125,0.1306364240913244,0.20802967249166585,0.24198094133281567
2025-02-25,0.2103692874239829,0.20898367466021125,0.1306364240913244,0.20802967249166585,0.24198094133281567
2025-02-26,0.2103692874239829,0.20898367466021125,0.1306364240913244,0.20802967249166585,0.24198094133281567
2025-02-27,0.2103692874239829,0.20898367466021125,0.1306364240913244,0.20802967249166585,0.24198094133281567
2025-02-28,0.2103692874239829,0.20898367466021125,0.1306364240913244,0.20802967249166585,0.24198094133281567
2025-03-05,0.2103692874239829,0.20898367466021125,0.1306364240913244,0.20802967249166585,0.24198094133281567
2025-03-06,0.2103692874239829,0.20898367466021125,0.1306364240913244,0.20802967249166585,0.24198094133281567
2025-03-07,0.21118658303942855,0.20979167634148943,0.12942842709244023,0.21495366658671022,0.23463964693993164
2025-03-10,0.21118658303942855,0.20979167634148943,0.12942842709244023,0.21495366658671022,0.23463964693993164
2025-03-11,0.21118658303942855,0.20979167634148943,0.12942842709244023,0.21495366658671022,0.23463964693993164
2025-03-12,0.21118658303942855,0.20979167634148943,0.12942842709244023,0.21495366658671022,0.23463964693993164
2025-03-13,0.21118658303942855,0.20979167634148943,0.12942842709244023,0.21495366658671022,0.23463964693993164
2025-03-14,0.21118658303942855,0.20979167634148943,0.12942842709244023,0.21495366658671022,0.23463964693993164
2025-03-17,0.21118658303942855,0.20979167634148943,0.12942842709244023,0.21495366658671022,0.23463964693993164
2025-03-18,0.21118658303942855,0.20979167634148943,0.12942842709244023,0.21495366658671022,0.23463964693993164
2025-03-19,0.21118658303942855,0.20979167634148943,0.12942842709244023,0.21495366658671022,0.23463964693993164
2025-03-20,0.21118658303942855,0.20979167634148943,0.12942842709244023,0.21495366658671022,0.23463964693993164
2025-03-21,0.21118658303942855,0.20979167634148943,0.12942842709244023,0.21495366658671022,0.23463964693993164
2025-03-24,0.21118658303942855,0.20979167634148943,0.12942842709244023,0.21495366658671022,0.23463964693993164
2025-03-25,0.21118658303942855,0.20979167634148943,0.12942842709244023,0.21495366658671022,0.23463964693993164
2025-03-26,0.21118658303942855,0.20979167634148943,0.12942842709244023,0.21495366658671022,0.23463964693993164
2025-03-27,0.21118658303942855,0.20979167634148943,0.12942842709244023,0.21495366658671022,0.23463964693993164
2025-03-28,0.21118658303942855,0.20979167634148943,0.12942842709244023,0.21495366658671022,0.23463964693993164
2025-03-31,0.21118658303942855,0.20979167634148943,0.12942842709244023,0.21495366658671022,0.23463964693993164
2025-04-01,0.21118658303942855,0.20979167634148943,0.12942842709244023,0.21495366658671022,0.23463964693993164
2025-04-02,0.21118658303942855,0.20979167634148943,0.12942842709244023,0.21495366658671022,0.23463964693993164
2025-04-03,0.21118658303942855,0.20979167634148943,0.12942842709244023,0.21495366658671022,0.23463964693993164
2025-04-04,0.21118658303942855,0.20979167634148943,0.12942842709244023,0.21495366658671022,0.23463964693993164
2025-04-07,0.2118624433893739,0.21110902277527627,0.13229700304916794,0.22740556948917784,0.21732596129700407
2025-04-08,0.2118624433893739,0.21110902277527627,0.13229700304916794,0.22740556948917784,0.21732596129700407
2025-04-09,0.2118624433893739,0.21110902277527627,0.13229700304916794,0.22740556948917784,0.21732596129700407
2025-04-10,0.2118624433893739,0.21110902277527627,0.13229700304916794,0.22740556948917784,0.21732596129700407
2025-04-11,0.2118624433893739,0.21110902277527627,0.13229700304916794,0.22740556948917784,0.21732596129700407
2025-04-14,0.2118624433893739,0.21110902277527627,0.13229700304916794,0.22740556948917784,0.21732596129700407
2025-04-15,0.2118624433893739,0.21110902277527627,0.13229700304916794,0.22740556948917784,0.21732596129700407
2025-04-16,0.2118624433893739,0.21110902277527627,0.13229700304916794,0.22740556948917784,0.21732596129700407
2025-04-17,0.2118624433893739,0.21110902277527627,0.13229700304916794,0.22740556948917784,0.21732596129700407
2025-04-22,0.2118624433893739,0.21110902277527627,0.13229700304916794,0.22740556948917784,0.21732596129700407
2025-04-23,0.2118624433893739,0.21110902277527627,0.13229700304916794,0.22740556948917784,0.21732596129700407
2025-04-24,0.2118624433893739,0.21110902277527627,0.13229700304916794,0.22740556948917784,0.21732596129700407
2025-04-25,0.2118624433893739,0.21110902277527627,0.13229700304916794,0.22740556948917784,0.21732596129700407
2025-04-28,0.2118624433893739,0.21110902277527627,0.13229700304916794,0.22740556948917784,0.21732596129700407
2025-04-29,0.2118624433893739,0.21110902277527627,0.13229700304916794,0.22740556948917784,0.21732596129700407
2025-04-30,0.2118624433893739,0.21110902277527627,0.13229700304916794,0.22740556948917784,0.21732596129700407
2025-05-02,0.2118624433893739,0.21110902277527627,0.13229700304916794,0.22740556948917784,0.21732596129700407
2025-05-05,0.2118624433893739,0.21110902277527627,0.13229700304916794,0.22740556948917784,0.21732596129700407
2025-05-06,0.2118624433893739,0.21110902277527627,0.13229700304916794,0.22740556948917784,0.21732596129700407
2025-05-07,0.2118624433893739,0.21110902277527627,0.13229700304916794,0.22740556948917784,0.21732596129700407
2025-05-08,0.2118624433893739,0.21110902277527627,0.13229700304916794,0.22740556948917784,0.21732596129700407
2025-05-09,0.22344562880978822,0.2235384795249801,0.13687886408597064,0.23785853255228287,0.17827849502697818
2025-05-12,0.22344562880978822,0.2235384795249801,0.13687886408597064,0.23785853255228287,0.17827849502697818
2025-05-13,0.22344562880978822,0.2235384795249801,0.13687886408597064,0.23785853255228287,0.17827849502697818
2025-05-14,0.22344562880978822,0.2235384795249801,0.13687886408597064,0.23785853255228287,0.17827849502697818
2025-05-15,0.22344562880978822,0.2235384795249801,0.13687886408597064,0.23785853255228287,0.17827849502697818
2025-05-16,0.22344562880978822,0.2235384795249801,0.13687886408597064,0.23785853255228287,0.17827849502697818
2025-05-19,0.22344562880978822,0.2235384795249801,0.13687886408597064,0.23785853255228287,0.17827849502697818
2025-05-20,0.22344562880978822,0.2235384795249801,0.13687886408597064,0.23785853255228287,0.17827849502697818
2025-05-21,0.22344562880978822,0.2235384795249801,0.13687886408597064,0.23785853255228287,0.17827849502697818
2025-05-22,0.22344562880978822,0.2235384795249801,0.13687886408597064,0.23785853255228287,0.17827849502697818
2025-05-23,0.22344562880978822,0.2235384795249801,0.13687886408597064,0.23785853255228287,0.17827849502697818
2025-05-27,0.22344562880978822,0.2235384795249801,0.13687886408597064,0.23785853255228287,0.17827849502697818
2025-05-28,0.22344562880978822,0.2235384795249801,0.13687886408597064,0.23785853255228287,0.17827849502697818
2025-05-29,0.22344562880978822,0.2235384795249801,0.13687886408597064,0.23785853255228287,0.17827849502697818
2025-05-30,0.22344562880978822,0.2235384795249801,0.13687886408597064,0.23785853255228287,0.17827849502697818
2025-06-02,0.22344562880978822,0.2235384795249801,0.13687886408597064,0.23785853255228287,0.17827849502697818
2025-06-03,0.22344562880978822,0.2235384795249801,0.13687886408597064,0.23785853255228287,0.17827849502697818
2025-06-04,0.22344562880978822,0.2235384795249801,0.13687886408597064,0.23785853255228287,0.17827849502697818
2025-06-05,0.22344562880978822,0.2235384795249801,0.13687886408597064,0.23785853255228287,0.17827849502697818
2025-06-06,0.22344562880978822,0.2235384795249801,0.13687886408597064,0.23785853255228287,0.17827849502697818
2025-06-09,0.22344562880978822,0.2235384795249801,0.13687886408597064,0.23785853255228287,0.17827849502697818
2025-06-10,0.22362332653055075,0.22382212381409597,0.13751603179218777,0.23663364297479386,0.1784048748883716
2025-06-11,0.22362332653055075,0.22382212381409597,0.13751603179218777,0.23663364297479386,0.1784048748883716
2025-06-12,0.22362332653055075,0.22382212381409597,0.13751603179218777,0.23663364297479386,0.1784048748883716
2025-06-13,0.22362332653055075,0.22382212381409597,0.13751603179218777,0.23663364297479386,0.1784048748883716
2025-06-16,0.22362332653055075,0.22382212381409597,0.13751603179218777,0.23663364297479386,0.1784048748883716
2025-06-17,0.22362332653055075,0.22382212381409597,0.13751603179218777,0.23663364297479386,0.1784048748883716
2025-06-18,0.22362332653055075,0.22382212381409597,0.13751603179218777,0.23663364297479386,0.1784048748883716
2025-06-20,0.22362332653055075,0.22382212381409597,0.13751603179218777,0.23663364297479386,0.1784048748883716
2025-06-23,0.22362332653055075,0.22382212381409597,0.13751603179218777,0.23663364297479386,0.1784048748883716
2025-06-24,0.22362332653055075,0.22382212381409597,0.13751603179218777,0.23663364297479386,0.1784048748883716
2025-06-25,0.22362332653055075,0.22382212381409597,0.13751603179218777,0.23663364297479386,0.1784048748883716
2025-06-26,0.22362332653055075,0.22382212381409597,0.13751603179218777,0.23663364297479386,0.1784048748883716
2025-06-27,0.22362332653055075,0.22382212381409597,0.13751603179218777,0.23663364297479386,0.1784048748883716
2025-06-30,0.22362332653055075,0.22382212381409597,0.13751603179218777,0.23663364297479386,0.1784048748883716
2025-07-01,0.22362332653055075,0.22382212381409597,0.13751603179218777,0.23663364297479386,0.1784048748883716
2025-07-02,0.22362332653055075,0.22382212381409597,0.13751603179218777,0.23663364297479386,0.1784048748883716
2025-07-03,0.22362332653055075,0.22382212381409597,0.13751603179218777,0.23663364297479386,0.1784048748883716
2025-07-07,0.22362332653055075,0.22382212381409597,0.13751603179218777,0.23663364297479386,0.1784048748883716
2025-07-08,0.22362332653055075,0.22382212381409597,0.13751603179218777,0.23663364297479386,0.1784048748883716
2025-07-09,0.22362332653055075,0.22382212381409597,0.13751603179218777,0.23663364297479386,0.1784048748883716
2025-07-10,0.22362332653055075,0.22382212381409597,0.13751603179218777,0.23663364297479386,0.1784048748883716
2025-07-11,0.222757834460948,0.22236099060269926,0.13704051084523108,0.24226233313338955,0.17557833095773212
2025-07-14,0.222757834460948,0.22236099060269926,0.13704051084523108,0.24226233313338955,0.17557833095773212
2025-07-15,0.222757834460948,0.22236099060269926,0.13704051084523108,0.24226233313338955,0.17557833095773212
2025-07-16,0.222757834460948,0.22236099060269926,0.13704051084523108,0.24226233313338955,0.17557833095773212
2025-07-17,0.222757834460948,0.22236099060269926,0.13704051084523108,0.24226233313338955,0.17557833095773212
2025-07-18,0.222757834460948,0.22236099060269926,0.13704051084523108,0.24226233313338955,0.17557833095773212
2025-07-21,0.222757834460948,0.22236099060269926,0.13704051084523108,0.24226233313338955,0.17557833095773212
2025-07-22,0.222757834460948,0.22236099060269926,0.13704051084523108,0.24226233313338955,0.17557833095773212
2025-07-23,0.222757834460948,0.22236099060269926,0.13704051084523108,0.24226233313338955,0.17557833095773212
2025-07-24,0.222757834460948,0.22236099060269926,0.13704051084523108,0.24226233313338955,0.17557833095773212
2025-07-25,0.222757834460948,0.22236099060269926,0.13704051084523108,0.24226233313338955,0.17557833095773212
2025-07-28,0.222757834460948,0.22236099060269926,0.13704051084523108,0.24226233313338955,0.17557833095773212
2025-07-29,0.222757834460948,0.22236099060269926,0.13704051084523108,0.24226233313338955,0.17557833095773212
2025-07-30,0.222757834460948,0.22236099060269926,0.13704051084523108,0.24226233313338955,0.17557833095773212
2025-07-31,0.222757834460948,0.22236099060269926,0.13704051084523108,0.24226233313338955,0.17557833095773212
2025-08-01,0.222757834460948,0.22236099060269926,0.13704051084523108,0.24226233313338955,0.17557833095773212
2025-08-04,0.222757834460948,0.22236099060269926,0.13704051084523108,0.24226233313338955,0.17557833095773212
2025-08-05,0.222757834460948,0.22236099060269926,0.13704051084523108,0.24226233313338955,0.17557833095773212
2025-08-06,0.222757834460948,0.22236099060269926,0.13704051084523108,0.24226233313338955,0.17557833095773212
2025-08-07,0.222757834460948,0.22236099060269926,0.13704051084523108,0.24226233313338955,0.17557833095773212
2025-08-08,0.222757834460948,0.22236099060269926,0.13704051084523108,0.24226233313338955,0.17557833095773212
2025-08-11,0.2200920671266388,0.22060043513837108,0.13535562787737065,0.2471806960475219,0.17677117381009755
2025-08-12,0.2200920671266388,0.22060043513837108,0.13535562787737065,0.2471806960475219,0.17677117381009755
2025-08-13,0.2200920671266388,0.22060043513837108,0.13535562787737065,0.2471806960475219,0.17677117381009755
2025-08-14,0.2200920671266388,0.22060043513837108,0.13535562787737065,0.2471806960475219,0.17677117381009755
2025-08-15,0.2200920671266388,0.22060043513837108,0.13535562787737065,0.2471806960475219,0.17677117381009755
2025-08-18,0.2200920671266388,0.22060043513837108,0.13535562787737065,0.2471806960475219,0.17677117381009755
2025-08-19,0.2200920671266388,0.22060043513837108,0.13535562787737065,0.2471806960475219,0.17677117381009755
2025-08-20,0.2200920671266388,0.22060043513837108,0.13535562787737065,0.2471806960475219,0.17677117381009755
2025-08-21,0.2200920671266388,0.22060043513837108,0.13535562787737065,0.2471806960475219,0.17677117381009755
2025-08-22,0.2200920671266388,0.22060043513837108,0.13535562787737065,0.2471806960475219,0.17677117381009755
2025-08-25,0.2200920671266388,0.22060043513837108,0.13535562787737065,0.2471806960475219,0.17677117381009755
2025-08-26,0.2200920671266388,0.22060043513837108,0.13535562787737065,0.2471806960475219,0.17677117381009755
2025-08-27,0.2200920671266388,0.22060043513837108,0.13535562787737065,0.2471806960475219,0.17677117381009755
2025-08-28,0.2200920671266388,0.22060043513837108,0.13535562787737065,0.2471806960475219,0.17677117381009755
2025-08-29,0.2200920671266388,0.22060043513837108,0.13535562787737065,0.2471806960475219,0.17677117381009755
2025-09-02,0.2200920671266388,0.22060043513837108,0.13535562787737065,0.2471806960475219,0.17677117381009755
2025-09-03,0.2200920671266388,0.22060043513837108,0.13535562787737065,0.2471806960475219,0.17677117381009755
2025-09-04,0.2200920671266388,0.22060043513837108,0.13535562787737065,0.2471806960475219,0.17677117381009755
2025-09-05,0.2200920671266388,0.22060043513837108,0.13535562787737065,0.2471806960475219,0.17677117381009755
2025-09-08,0.2200920671266388,0.22060043513837108,0.13535562787737065,0.2471806960475219,0.17677117381009755
2025-09-09,0.2200920671266388,0.22060043513837108,0.13535562787737065,0.2471806960475219,0.17677117381009755
2025-09-10,0.21563894920379853,0.21606830162051344,0.13340044942113038,0.25197956936086047,0.18291273039369735
2025-09-11,0.21563894920379853,0.21606830162051344,0.13340044942113038,0.25197956936086047,0.18291273039369735
2025-09-12,0.21563894920379853,0.21606830162051344,0.13340044942113038,0.25197956936086047,0.18291273039369735
2025-09-15,0.21563894920379853,0.21606830162051344,0.13340044942113038,0.25197956936086047,0.18291273039369735
2025-09-16,0.21563894920379853,0.21606830162051344,0.13340044942113038,0.25197956936086047,0.18291273039369735
2025-09-17,0.21563894920379853,0.21606830162051344,0.13340044942113038,0.25197956936086047,0.18291273039369735
2025-09-18,0.21563894920379853,0.21606830162051344,0.13340044942113038,0.25197956936086047,0.18291273039369735
2025-09-19,0.21563894920379853,0.21606830162051344,0.13340044942113038,0.25197956936086047,0.18291273039369735
2025-09-22,0.21563894920379853,0.21606830162051344,0.13340044942113038,0.25197956936086047,0.18291273039369735
2025-09-23,0.21563894920379853,0.21606830162051344,0.13340044942113038,0.25197956936086047,0.18291273039369735
2025-09-24,0.21563894920379853,0.21606830162051344,0.13340044942113038,0.25197956936086047,0.18291273039369735
2025-09-25,0.21563894920379853,0.21606830162051344,0.13340044942113038,0.25197956936086047,0.18291273039369735
2025-09-26,0.21563894920379853,0.21606830162051344,0.13340044942113038,0.25197956936086047,0.18291273039369735
2025-09-29,0.21563894920379853,0.21606830162051344,0.13340044942113038,0.25197956936086047,0.18291273039369735
2025-09-30,0.21563894920379853,0.21606830162051344,0.13340044942113038,0.25197956936086047,0.18291273039369735
2025-10-01,0.21563894920379853,0.21606830162051344,0.13340044942113038,0.25197956936086047,0.18291273039369735
2025-10-02,0.21563894920379853,0.21606830162051344,0.13340044942113038,0.25197956936086047,0.18291273039369735
2025-10-03,0.21563894920379853,0.21606830162051344,0.13340044942113038,0.25197956936086047,0.18291273039369735
2025-10-06,0.21563894920379853,0.21606830162051344,0.13340044942113038,0.25197956936086047,0.18291273039369735
2025-10-07,0.21563894920379853,0.21606830162051344,0.13340044942113038,0.25197956936086047,0.18291273039369735
2025-10-08,0.21563894920379853,0.21606830162051344,0.13340044942113038,0.25197956936086047,0.18291273039369735
2025-10-09,0.21435398355373633,0.21411359667406624,0.13297834205390438,0.25220886973969797,0.18634520797859513
2025-10-10,0.21435398355373633,0.21411359667406624,0.13297834205390438,0.25220886973969797,0.18634520797859513
2025-10-13,0.21435398355373633,0.21411359667406624,0.13297834205390438,0.25220886973969797,0.18634520797859513
2025-10-14,0.21435398355373633,0.21411359667406624,0.13297834205390438,0.25220886973969797,0.18634520797859513
2025-10-15,0.21435398355373633,0.21411359667406624,0.13297834205390438,0.25220886973969797,0.18634520797859513
2025-10-16,0.21435398355373633,0.21411359667406624,0.13297834205390438,0.25220886973969797,0.18634520797859513
2025-10-17,0.21435398355373633,0.21411359667406624,0.13297834205390438,0.25220886973969797,0.18634520797859513
2025-10-20,0.21435398355373633,0.21411359667406624,0.13297834205390438,0.25220886973969797,0.18634520797859513
2025-10-21,0.21435398355373633,0.21411359667406624,0.13297834205390438,0.25220886973969797,0.18634520797859513
2025-10-22,0.21435398355373633,0.21411359667406624,0.13297834205390438,0.25220886973969797,0.18634520797859513
2025-10-23,0.21435398355373633,0.21411359667406624,0.13297834205390438,0.25220886973969797,0.18634520797859513
2025-10-24,0.21435398355373633,0.21411359667406624,0.13297834205390438,0.25220886973969797,0.18634520797859513
2025-10-27,0.21435398355373633,0.21411359667406624,0.13297834205390438,0.25220886973969797,0.18634520797859513
2025-10-28,0.21435398355373633,0.21411359667406624,0.13297834205390438,0.25220886973969797,0.18634520797859513
2025-10-29,0.21435398355373633,0.21411359667406624,0.13297834205390438,0.25220886973969797,0.18634520797859513
2025-10-30,0.21435398355373633,0.21411359667406624,0.13297834205390438,0.25220886973969797,0.18634520797859513
2025-10-31,0.21435398355373633,0.21411359667406624,0.13297834205390438,0.25220886973969797,0.18634520797859513
2025-11-03,0.21435398355373633,0.21411359667406624,0.13297834205390438,0.25220886973969797,0.18634520797859513
2025-11-04,0.21435398355373633,0.21411359667406624,0.13297834205390438,0.25220886973969797,0.18634520797859513
2025-11-05,0.21435398355373633,0.21411359667406624,0.13297834205390438,0.25220886973969797,0.18634520797859513
2025-11-06,0.21435398355373633,0.21411359667406624,0.13297834205390438,0.25220886973969797,0.18634520797859513
2025-11-07,0.21803095794870914,0.21783435790684688,0.13458856813280373,0.2382633548783402,0.19128276113330003
2025-11-10,0.21803095794870914,0.21783435790684688,0.13458856813280373,0.2382633548783402,0.19128276113330003
2025-11-11,0.21803095794870914,0.21783435790684688,0.13458856813280373,0.2382633548783402,0.19128276113330003
2025-11-12,0.21803095794870914,0.21783435790684688,0.13458856813280373,0.2382633548783402,0.19128276113330003
2025-11-13,0.21803095794870914,0.21783435790684688,0.13458856813280373,0.2382633548783402,0.19128276113330003
2025-11-14,0.21803095794870914,0.21783435790684688,0.13458856813280373,0.2382633548783402,0.19128276113330003
2025-11-17,0.21803095794870914,0.21783435790684688,0.13458856813280373,0.2382633548783402,0.19128276113330003
2025-11-18,0.21803095794870914,0.21783435790684688,0.13458856813280373,0.2382633548783402,0.19128276113330003
2025-11-19,0.21803095794870914,0.21783435790684688,0.13458856813280373,0.2382633548783402,0.19128276113330003
2025-11-21,0.21803095794870914,0.21783435790684688,0.13458856813280373,0.2382633548783402,0.19128276113330003
2025-11-24,0.21803095794870914,0.21783435790684688,0.13458856813280373,0.2382633548783402,0.19128276113330003
2025-11-25,0.21803095794870914,0.21783435790684688,0.13458856813280373,0.2382633548783402,0.19128276113330003
2025-11-26,0.21803095794870914,0.21783435790684688,0.13458856813280373,0.2382633548783402,0.19128276113330003
2025-11-28,0.21803095794870914,0.21783435790684688,0.13458856813280373,0.2382633548783402,0.19128276113330003
2025-12-01,0.21803095794870914,0.21783435790684688,0.13458856813280373,0.2382633548783402,0.19128276113330003
2025-12-02,0.21803095794870914,0.21783435790684688,0.13458856813280373,0.2382633548783402,0.19128276113330003
2025-12-03,0.21803095794870914,0.21783435790684688,0.13458856813280373,0.2382633548783402,0.19128276113330003
2025-12-04,0.21803095794870914,0.21783435790684688,0.13458856813280373,0.2382633548783402,0.19128276113330003
2025-12-05,0.21803095794870914,0.21783435790684688,0.13458856813280373,0.2382633548783402,0.19128276113330003
2025-12-08,0.21803095794870914,0.21783435790684688,0.13458856813280373,0.2382633548783402,0.19128276113330003
2025-12-09,0.21803095794870914,0.21783435790684688,0.13458856813280373,0.2382633548783402,0.19128276113330003
2025-12-10,0.21297880355420815,0.2128604081313778,0.13295463044476097,0.24711855811982814,0.19408759974982492
2025-12-11,0.21297880355420815,0.2128604081313778,0.13295463044476097,0.24711855811982814,0.19408759974982492
2025-12-12,0.21297880355420815,0.2128604081313778,0.13295463044476097,0.24711855811982814,0.19408759974982492
2025-12-15,0.21297880355420815,0.2128604081313778,0.13295463044476097,0.24711855811982814,0.19408759974982492
2025-12-16,0.21297880355420815,0.2128604081313778,0.13295463044476097,0.24711855811982814,0.19408759974982492
2025-12-17,0.21297880355420815,0.2128604081313778,0.13295463044476097,0.24711855811982814,0.19408759974982492
2025-12-18,0.21297880355420815,0.2128604081313778,0.13295463044476097,0.24711855811982814,0.19408759974982492
2025-12-19,0.21297880355420815,0.2128604081313778,0.13295463044476097,0.24711855811982814,0.19408759974982492
2025-12-22,0.21297880355420815,0.2128604081313778,0.13295463044476097,0.24711855811982814,0.19408759974982492
2025-12-23,0.21297880355420815,0.2128604081313778,0.13295463044476097,0.24711855811982814,0.19408759974982492
2025-12-26,0.21297880355420815,0.2128604081313778,0.13295463044476097,0.24711855811982814,0.19408759974982492
2025-12-29,0.21297880355420815,0.2128604081313778,0.13295463044476097,0.24711855811982814,0.19408759974982492
2025-12-30,0.21297880355420815,0.2128604081313778,0.13295463044476097,0.24711855811982814,0.19408759974982492
2026-01-02,0.21297880355420815,0.2128604081313778,0.13295463044476097,0.24711855811982814,0.19408759974982492
2026-01-05,0.21297880355420815,0.2128604081313778,0.13295463044476097,0.24711855811982814,0.19408759974982492
2026-01-06,0.21297880355420815,0.2128604081313778,0.13295463044476097,0.24711855811982814,0.19408759974982492
2026-01-07,0.21297880355420815,0.2128604081313778,0.13295463044476097,0.24711855811982814,0.19408759974982492
2026-01-08,0.21297880355420815,0.2128604081313778,0.13295463044476097,0.24711855811982814,0.19408759974982492
2026-01-09,0.21297880355420815,0.2128604081313778,0.13295463044476097,0.24711855811982814,0.19408759974982492
2026-01-12,0.21297880355420815,0.2128604081313778,0.13295463044476097,0.24711855811982814,0.19408759974982492
2026-01-13,0.21297880355420815,0.2128604081313778,0.13295463044476097,0.24711855811982814,0.19408759974982492
2026-01-14,0.2132254785262541,0.21367238950096912,0.14229022444567377,0.24013116136621804,0.19068074616088507
2026-01-15,0.2132254785262541,0.21367238950096912,0.14229022444567377,0.24013116136621804,0.19068074616088507
2026-01-16,0.2132254785262541,0.21367238950096912,0.14229022444567377,0.24013116136621804,0.19068074616088507
2026-01-20,0.2132254785262541,0.21367238950096912,0.14229022444567377,0.24013116136621804,0.19068074616088507
2026-01-21,0.2132254785262541,0.21367238950096912,0.14229022444567377,0.24013116136621804,0.19068074616088507
2026-01-22,0.2132254785262541,0.21367238950096912,0.14229022444567377,0.24013116136621804,0.19068074616088507
2026-01-23,0.2132254785262541,0.21367238950096912,0.14229022444567377,0.24013116136621804,0.19068074616088507
2026-01-26,0.2132254785262541,0.21367238950096912,0.14229022444567377,0.24013116136621804,0.19068074616088507
2026-01-27,0.2132254785262541,0.21367238950096912,0.14229022444567377,0.24013116136621804,0.19068074616088507
2026-01-28,0.2132254785262541,0.21367238950096912,0.14229022444567377,0.24013116136621804,0.19068074616088507
2026-01-29,0.2132254785262541,0.21367238950096912,0.14229022444567377,0.24013116136621804,0.19068074616088507
2026-01-30,0.2132254785262541,0.21367238950096912,0.14229022444567377,0.24013116136621804,0.19068074616088507
2026-02-02,0.2132254785262541,0.21367238950096912,0.14229022444567377,0.24013116136621804,0.19068074616088507
2026-02-03,0.2132254785262541,0.21367238950096912,0.14229022444567377,0.24013116136621804,0.19068074616088507
2026-02-04,0.2132254785262541,0.21367238950096912,0.14229022444567377,0.24013116136621804,0.19068074616088507
2026-02-05,0.2132254785262541,0.21367238950096912,0.14229022444567377,0.24013116136621804,0.19068074616088507
2026-02-06,0.2132254785262541,0.21367238950096912,0.14229022444567377,0.24013116136621804,0.19068074616088507
2026-02-09,0.2132254785262541,0.21367238950096912,0.14229022444567377,0.24013116136621804,0.19068074616088507
2026-02-10,0.2132254785262541,0.21367238950096912,0.14229022444567377,0.24013116136621804,0.19068074616088507
2026-02-11,0.2132254785262541,0.21367238950096912,0.14229022444567377,0.24013116136621804,0.19068074616088507
2026-02-12,0.2132254785262541,0.21367238950096912,0.14229022444567377,0.24013116136621804,0.19068074616088507
2026-02-13,0.21367663017398,0.21511556273890978,0.14771109178080008,0.20802646809588107,0.21547024721042912
2026-02-18,0.21367663017398,0.21511556273890978,0.14771109178080008,0.20802646809588107,0.21547024721042912
2026-02-19,0.21367663017398,0.21511556273890978,0.14771109178080008,0.20802646809588107,0.21547024721042912
2026-02-20,0.21367663017398,0.21511556273890978,0.14771109178080008,0.20802646809588107,0.21547024721042912
2026-02-23,0.21367663017398,0.21511556273890978,0.14771109178080008,0.20802646809588107,0.21547024721042912
2026-02-24,0.21367663017398,0.21511556273890978,0.14771109178080008,0.20802646809588107,0.21547024721042912
2026-02-25,0.21367663017398,0.21511556273890978,0.14771109178080008,0.20802646809588107,0.21547024721042912
2026-02-26,0.21367663017398,0.21511556273890978,0.14771109178080008,0.20802646809588107,0.21547024721042912
2026-02-27,0.21367663017398,0.21511556273890978,0.14771109178080008,0.20802646809588107,0.21547024721042912
2026-03-02,0.21367663017398,0.21511556273890978,0.14771109178080008,0.20802646809588107,0.21547024721042912
2026-03-03,0.21367663017398,0.21511556273890978,0.14771109178080008,0.20802646809588107,0.21547024721042912
2026-03-04,0.21367663017398,0.21511556273890978,0.14771109178080008,0.20802646809588107,0.21547024721042912
2026-03-05,0.21367663017398,0.21511556273890978,0.14771109178080008,0.20802646809588107,0.21547024721042912
2026-03-06,0.21367663017398,0.21511556273890978,0.14771109178080008,0.20802646809588107,0.21547024721042912
2026-03-09,0.21367663017398,0.21511556273890978,0.14771109178080008,0.20802646809588107,0.21547024721042912
2026-03-10,0.21367663017398,0.21511556273890978,0.14771109178080008,0.20802646809588107,0.21547024721042912
2026-03-11,0.21367663017398,0.21511556273890978,0.14771109178080008,0.20802646809588107,0.21547024721042912
2026-03-12,0.21367663017398,0.21511556273890978,0.14771109178080008,0.20802646809588107,0.21547024721042912
2026-03-13,0.21367663017398,0.21511556273890978,0.14771109178080008,0.20802646809588107,0.21547024721042912
2026-03-16,0.21367663017398,0.21511556273890978,0.14771109178080008,0.20802646809588107,0.21547024721042912
2026-03-17,0.21367663017398,0.21511556273890978,0.14771109178080008,0.20802646809588107,0.21547024721042912
2026-03-18,0.2099744748499099,0.21108212018747527,0.14833235090944547,0.20566020870543592,0.22495084534773346
2026-03-19,0.2099744748499099,0.21108212018747527,0.14833235090944547,0.20566020870543592,0.22495084534773346
2026-03-20,0.2099744748499099,0.21108212018747527,0.14833235090944547,0.20566020870543592,0.22495084534773346
2026-03-23,0.2099744748499099,0.21108212018747527,0.14833235090944547,0.20566020870543592,0.22495084534773346
2026-03-24,0.2099744748499099,0.21108212018747527,0.14833235090944547,0.20566020870543592,0.22495084534773346
2026-03-25,0.2099744748499099,0.21108212018747527,0.14833235090944547,0.20566020870543592,0.22495084534773346
2026-03-26,0.2099744748499099,0.21108212018747527,0.14833235090944547,0.20566020870543592,0.22495084534773346
2026-03-27,0.2099744748499099,0.21108212018747527,0.14833235090944547,0.20566020870543592,0.22495084534773346
2026-03-30,0.2099744748499099,0.21108212018747527,0.14833235090944547,0.20566020870543592,0.22495084534773346
2026-03-31,0.2099744748499099,0.21108212018747527,0.14833235090944547,0.20566020870543592,0.22495084534773346
2026-04-01,0.2099744748499099,0.21108212018747527,0.14833235090944547,0.20566020870543592,0.22495084534773346
2026-04-02,0.2099744748499099,0.21108212018747527,0.14833235090944547,0.20566020870543592,0.22495084534773346
2026-04-06,0.2099744748499099,0.21108212018747527,0.14833235090944547,0.20566020870543592,0.22495084534773346
2026-04-07,0.2099744748499099,0.21108212018747527,0.14833235090944547,0.20566020870543592,0.22495084534773346
2026-04-08,0.2099744748499099,0.21108212018747527,0.14833235090944547,0.20566020870543592,0.22495084534773346
2026-04-09,0.2099744748499099,0.21108212018747527,0.14833235090944547,0.20566020870543592,0.22495084534773346
2026-04-10,0.2099744748499099,0.21108212018747527,0.14833235090944547,0.20566020870543592,0.22495084534773346
2026-04-13,0.2099744748499099,0.21108212018747527,0.14833235090944547,0.20566020870543592,0.22495084534773346
2026-04-14,0.2099744748499099,0.21108212018747527,0.14833235090944547,0.20566020870543592,0.22495084534773346
2026-04-15,0.2099744748499099,0.21108212018747527,0.14833235090944547,0.20566020870543592,0.22495084534773346
2026-04-16,0.2099744748499099,0.21108212018747527,0.14833235090944547,0.20566020870543592,0.22495084534773346
2026-04-17,0.209685469255548,0.20901205278247476,0.14642421967527594,0.19406433012023613,0.24081392816646513
2026-04-20,0.209685469255548,0.20901205278247476,0.14642421967527594,0.19406433012023613,0.24081392816646513
2026-04-22,0.209685469255548,0.20901205278247476,0.14642421967527594,0.19406433012023613,0.24081392816646513
2026-04-23,0.209685469255548,0.20901205278247476,0.14642421967527594,0.19406433012023613,0.24081392816646513
2026-04-24,0.209685469255548,0.20901205278247476,0.14642421967527594,0.19406433012023613,0.24081392816646513
2026-04-27,0.209685469255548,0.20901205278247476,0.14642421967527594,0.19406433012023613,0.24081392816646513
2026-04-28,0.209685469255548,0.20901205278247476,0.14642421967527594,0.19406433012023613,0.24081392816646513
2026-04-29,0.209685469255548,0.20901205278247476,0.14642421967527594,0.19406433012023613,0.24081392816646513
