,0,1,2,3,4
2005-12-05,0.022759553288055345,0.4099743709762696,0.0,0.36940740526722254,0.19785867046845257
2005-12-06,0.022759553288055345,0.4099743709762696,0.0,0.36940740526722254,0.19785867046845257
2005-12-07,0.022759553288055345,0.4099743709762696,0.0,0.36940740526722254,0.19785867046845257
2005-12-08,0.022759553288055345,0.4099743709762696,0.0,0.36940740526722254,0.19785867046845257
2005-12-09,0.022759553288055345,0.4099743709762696,0.0,0.36940740526722254,0.19785867046845257
2005-12-12,0.022759553288055345,0.4099743709762696,0.0,0.36940740526722254,0.19785867046845257
2005-12-13,0.022759553288055345,0.4099743709762696,0.0,0.36940740526722254,0.19785867046845257
2005-12-14,0.022759553288055345,0.4099743709762696,0.0,0.36940740526722254,0.19785867046845257
2005-12-15,0.022759553288055345,0.4099743709762696,0.0,0.36940740526722254,0.19785867046845257
2005-12-16,0.022759553288055345,0.4099743709762696,0.0,0.36940740526722254,0.19785867046845257
2005-12-19,0.022759553288055345,0.4099743709762696,0.0,0.36940740526722254,0.19785867046845257
2005-12-20,0.022759553288055345,0.4099743709762696,0.0,0.36940740526722254,0.19785867046845257
2005-12-21,0.022759553288055345,0.4099743709762696,0.0,0.36940740526722254,0.19785867046845257
2005-12-22,0.022759553288055345,0.4099743709762696,0.0,0.36940740526722254,0.19785867046845257
2005-12-23,0.022759553288055345,0.4099743709762696,0.0,0.36940740526722254,0.19785867046845257
2005-12-27,0.022759553288055345,0.4099743709762696,0.0,0.36940740526722254,0.19785867046845257
2005-12-28,0.022759553288055345,0.4099743709762696,0.0,0.36940740526722254,0.19785867046845257
2005-12-29,0.022759553288055345,0.4099743709762696,0.0,0.36940740526722254,0.19785867046845257
2006-01-03,0.022759553288055345,0.4099743709762696,0.0,0.36940740526722254,0.19785867046845257
2006-01-04,0.022759553288055345,0.4099743709762696,0.0,0.36940740526722254,0.19785867046845257
2006-01-05,0.022759553288055345,0.4099743709762696,0.0,0.36940740526722254,0.19785867046845257
2006-01-06,0.0021618250416006175,0.43545027959312904,2.3886762824509516e-17,0.36905183271879904,0.19333606264647132
2006-01-09,0.0021618250416006175,0.43545027959312904,2.3886762824509516e-17,0.36905183271879904,0.19333606264647132
2006-01-10,0.0021618250416006175,0.43545027959312904,2.3886762824509516e-17,0.36905183271879904,0.19333606264647132
2006-01-11,0.0021618250416006175,0.43545027959312904,2.3886762824509516e-17,0.36905183271879904,0.19333606264647132
2006-01-12,0.0021618250416006175,0.43545027959312904,2.3886762824509516e-17,0.36905183271879904,0.19333606264647132
2006-01-13,0.0021618250416006175,0.43545027959312904,2.3886762824509516e-17,0.36905183271879904,0.19333606264647132
2006-01-17,0.0021618250416006175,0.43545027959312904,2.3886762824509516e-17,0.36905183271879904,0.19333606264647132
2006-01-18,0.0021618250416006175,0.43545027959312904,2.3886762824509516e-17,0.36905183271879904,0.19333606264647132
2006-01-19,0.0021618250416006175,0.43545027959312904,2.3886762824509516e-17,0.36905183271879904,0.19333606264647132
2006-01-20,0.0021618250416006175,0.43545027959312904,2.3886762824509516e-17,0.36905183271879904,0.19333606264647132
2006-01-23,0.0021618250416006175,0.43545027959312904,2.3886762824509516e-17,0.36905183271879904,0.19333606264647132
2006-01-24,0.0021618250416006175,0.43545027959312904,2.3886762824509516e-17,0.36905183271879904,0.19333606264647132
2006-01-26,0.0021618250416006175,0.43545027959312904,2.3886762824509516e-17,0.36905183271879904,0.19333606264647132
2006-01-27,0.0021618250416006175,0.43545027959312904,2.3886762824509516e-17,0.36905183271879904,0.19333606264647132
2006-01-30,0.0021618250416006175,0.43545027959312904,2.3886762824509516e-17,0.36905183271879904,0.19333606264647132
2006-01-31,0.0021618250416006175,0.43545027959312904,2.3886762824509516e-17,0.36905183271879904,0.19333606264647132
2006-02-01,0.0021618250416006175,0.43545027959312904,2.3886762824509516e-17,0.36905183271879904,0.19333606264647132
2006-02-02,0.0021618250416006175,0.43545027959312904,2.3886762824509516e-17,0.36905183271879904,0.19333606264647132
2006-02-03,0.0021618250416006175,0.43545027959312904,2.3886762824509516e-17,0.36905183271879904,0.19333606264647132
2006-02-06,0.0021618250416006175,0.43545027959312904,2.3886762824509516e-17,0.36905183271879904,0.19333606264647132
2006-02-07,0.0021618250416006175,0.43545027959312904,2.3886762824509516e-17,0.36905183271879904,0.19333606264647132
2006-02-08,0.0,0.436594552610694,2.4512851955083555e-17,0.3685382860241312,0.1948671613651748
2006-02-09,0.0,0.436594552610694,2.4512851955083555e-17,0.3685382860241312,0.1948671613651748
2006-02-10,0.0,0.436594552610694,2.4512851955083555e-17,0.3685382860241312,0.1948671613651748
2006-02-13,0.0,0.436594552610694,2.4512851955083555e-17,0.3685382860241312,0.1948671613651748
2006-02-14,0.0,0.436594552610694,2.4512851955083555e-17,0.3685382860241312,0.1948671613651748
2006-02-15,0.0,0.436594552610694,2.4512851955083555e-17,0.3685382860241312,0.1948671613651748
2006-02-16,0.0,0.436594552610694,2.4512851955083555e-17,0.3685382860241312,0.1948671613651748
2006-02-17,0.0,0.436594552610694,2.4512851955083555e-17,0.3685382860241312,0.1948671613651748
2006-02-21,0.0,0.436594552610694,2.4512851955083555e-17,0.3685382860241312,0.1948671613651748
2006-02-22,0.0,0.436594552610694,2.4512851955083555e-17,0.3685382860241312,0.1948671613651748
2006-02-23,0.0,0.436594552610694,2.4512851955083555e-17,0.3685382860241312,0.1948671613651748
2006-02-24,0.0,0.436594552610694,2.4512851955083555e-17,0.3685382860241312,0.1948671613651748
2006-03-01,0.0,0.436594552610694,2.4512851955083555e-17,0.3685382860241312,0.1948671613651748
2006-03-02,0.0,0.436594552610694,2.4512851955083555e-17,0.3685382860241312,0.1948671613651748
2006-03-03,0.0,0.436594552610694,2.4512851955083555e-17,0.3685382860241312,0.1948671613651748
2006-03-06,0.0,0.436594552610694,2.4512851955083555e-17,0.3685382860241312,0.1948671613651748
2006-03-07,0.0,0.436594552610694,2.4512851955083555e-17,0.3685382860241312,0.1948671613651748
2006-03-08,0.0,0.436594552610694,2.4512851955083555e-17,0.3685382860241312,0.1948671613651748
2006-03-09,0.0,0.436594552610694,2.4512851955083555e-17,0.3685382860241312,0.1948671613651748
2006-03-10,0.0,0.436594552610694,2.4512851955083555e-17,0.3685382860241312,0.1948671613651748
2006-03-13,0.0,0.436594552610694,2.4512851955083555e-17,0.3685382860241312,0.1948671613651748
2006-03-14,5.653795224442247e-17,0.43166503031182724,0.0,0.3522554984343301,0.21607947125384264
2006-03-15,5.653795224442247e-17,0.43166503031182724,0.0,0.3522554984343301,0.21607947125384264
2006-03-16,5.653795224442247e-17,0.43166503031182724,0.0,0.3522554984343301,0.21607947125384264
2006-03-17,5.653795224442247e-17,0.43166503031182724,0.0,0.3522554984343301,0.21607947125384264
2006-03-20,5.653795224442247e-17,0.43166503031182724,0.0,0.3522554984343301,0.21607947125384264
2006-03-21,5.653795224442247e-17,0.43166503031182724,0.0,0.3522554984343301,0.21607947125384264
2006-03-22,5.653795224442247e-17,0.43166503031182724,0.0,0.3522554984343301,0.21607947125384264
2006-03-23,5.653795224442247e-17,0.43166503031182724,0.0,0.3522554984343301,0.21607947125384264
2006-03-24,5.653795224442247e-17,0.43166503031182724,0.0,0.3522554984343301,0.21607947125384264
2006-03-27,5.653795224442247e-17,0.43166503031182724,0.0,0.3522554984343301,0.21607947125384264
2006-03-28,5.653795224442247e-17,0.43166503031182724,0.0,0.3522554984343301,0.21607947125384264
2006-03-29,5.653795224442247e-17,0.43166503031182724,0.0,0.3522554984343301,0.21607947125384264
2006-03-30,5.653795224442247e-17,0.43166503031182724,0.0,0.3522554984343301,0.21607947125384264
2006-03-31,5.653795224442247e-17,0.43166503031182724,0.0,0.3522554984343301,0.21607947125384264
2006-04-03,5.653795224442247e-17,0.43166503031182724,0.0,0.3522554984343301,0.21607947125384264
2006-04-04,5.653795224442247e-17,0.43166503031182724,0.0,0.3522554984343301,0.21607947125384264
2006-04-05,5.653795224442247e-17,0.43166503031182724,0.0,0.3522554984343301,0.21607947125384264
2006-04-06,5.653795224442247e-17,0.43166503031182724,0.0,0.3522554984343301,0.21607947125384264
2006-04-07,5.653795224442247e-17,0.43166503031182724,0.0,0.3522554984343301,0.21607947125384264
2006-04-10,5.653795224442247e-17,0.43166503031182724,0.0,0.3522554984343301,0.21607947125384264
2006-04-11,5.653795224442247e-17,0.43166503031182724,0.0,0.3522554984343301,0.21607947125384264
2006-04-12,4.926041556637604e-17,0.4303810372560438,2.965087140982859e-18,0.33891483074914536,0.2307041319948107
2006-04-13,4.926041556637604e-17,0.4303810372560438,2.965087140982859e-18,0.33891483074914536,0.2307041319948107
2006-04-17,4.926041556637604e-17,0.4303810372560438,2.965087140982859e-18,0.33891483074914536,0.2307041319948107
2006-04-18,4.926041556637604e-17,0.4303810372560438,2.965087140982859e-18,0.33891483074914536,0.2307041319948107
2006-04-19,4.926041556637604e-17,0.4303810372560438,2.965087140982859e-18,0.33891483074914536,0.2307041319948107
2006-04-20,4.926041556637604e-17,0.4303810372560438,2.965087140982859e-18,0.33891483074914536,0.2307041319948107
2006-04-24,4.926041556637604e-17,0.4303810372560438,2.965087140982859e-18,0.33891483074914536,0.2307041319948107
2006-04-25,4.926041556637604e-17,0.4303810372560438,2.965087140982859e-18,0.33891483074914536,0.2307041319948107
2006-04-26,4.926041556637604e-17,0.4303810372560438,2.965087140982859e-18,0.33891483074914536,0.2307041319948107
2006-04-27,4.926041556637604e-17,0.4303810372560438,2.965087140982859e-18,0.33891483074914536,0.2307041319948107
2006-04-28,4.926041556637604e-17,0.4303810372560438,2.965087140982859e-18,0.33891483074914536,0.2307041319948107
2006-05-02,4.926041556637604e-17,0.4303810372560438,2.965087140982859e-18,0.33891483074914536,0.2307041319948107
2006-05-03,4.926041556637604e-17,0.4303810372560438,2.965087140982859e-18,0.33891483074914536,0.2307041319948107
2006-05-04,4.926041556637604e-17,0.4303810372560438,2.965087140982859e-18,0.33891483074914536,0.2307041319948107
2006-05-05,4.926041556637604e-17,0.4303810372560438,2.965087140982859e-18,0.33891483074914536,0.2307041319948107
2006-05-08,4.926041556637604e-17,0.4303810372560438,2.965087140982859e-18,0.33891483074914536,0.2307041319948107
2006-05-09,4.926041556637604e-17,0.4303810372560438,2.965087140982859e-18,0.33891483074914536,0.2307041319948107
2006-05-10,4.926041556637604e-17,0.4303810372560438,2.965087140982859e-18,0.33891483074914536,0.2307041319948107
2006-05-11,4.926041556637604e-17,0.4303810372560438,2.965087140982859e-18,0.33891483074914536,0.2307041319948107
2006-05-12,4.926041556637604e-17,0.4303810372560438,2.965087140982859e-18,0.33891483074914536,0.2307041319948107
2006-05-15,4.926041556637604e-17,0.4303810372560438,2.965087140982859e-18,0.33891483074914536,0.2307041319948107
2006-05-16,2.841973430545309e-17,0.41422241875586735,0.0,0.3051773870872524,0.2806001941568802
2006-05-17,2.841973430545309e-17,0.41422241875586735,0.0,0.3051773870872524,0.2806001941568802
2006-05-18,2.841973430545309e-17,0.41422241875586735,0.0,0.3051773870872524,0.2806001941568802
2006-05-19,2.841973430545309e-17,0.41422241875586735,0.0,0.3051773870872524,0.2806001941568802
2006-05-22,2.841973430545309e-17,0.41422241875586735,0.0,0.3051773870872524,0.2806001941568802
2006-05-23,2.841973430545309e-17,0.41422241875586735,0.0,0.3051773870872524,0.2806001941568802
2006-05-24,2.841973430545309e-17,0.41422241875586735,0.0,0.3051773870872524,0.2806001941568802
2006-05-25,2.841973430545309e-17,0.41422241875586735,0.0,0.3051773870872524,0.2806001941568802
2006-05-26,2.841973430545309e-17,0.41422241875586735,0.0,0.3051773870872524,0.2806001941568802
2006-05-30,2.841973430545309e-17,0.41422241875586735,0.0,0.3051773870872524,0.2806001941568802
2006-05-31,2.841973430545309e-17,0.41422241875586735,0.0,0.3051773870872524,0.2806001941568802
2006-06-01,2.841973430545309e-17,0.41422241875586735,0.0,0.3051773870872524,0.2806001941568802
2006-06-02,2.841973430545309e-17,0.41422241875586735,0.0,0.3051773870872524,0.2806001941568802
2006-06-05,2.841973430545309e-17,0.41422241875586735,0.0,0.3051773870872524,0.2806001941568802
2006-06-06,2.841973430545309e-17,0.41422241875586735,0.0,0.3051773870872524,0.2806001941568802
2006-06-07,2.841973430545309e-17,0.41422241875586735,0.0,0.3051773870872524,0.2806001941568802
2006-06-08,2.841973430545309e-17,0.41422241875586735,0.0,0.3051773870872524,0.2806001941568802
2006-06-09,2.841973430545309e-17,0.41422241875586735,0.0,0.3051773870872524,0.2806001941568802
2006-06-12,2.841973430545309e-17,0.41422241875586735,0.0,0.3051773870872524,0.2806001941568802
2006-06-13,2.841973430545309e-17,0.41422241875586735,0.0,0.3051773870872524,0.2806001941568802
2006-06-14,2.841973430545309e-17,0.41422241875586735,0.0,0.3051773870872524,0.2806001941568802
2006-06-16,0.0,0.4165528583241728,5.1041221756966615e-17,0.30041824848190213,0.283028893193925
2006-06-19,0.0,0.4165528583241728,5.1041221756966615e-17,0.30041824848190213,0.283028893193925
2006-06-20,0.0,0.4165528583241728,5.1041221756966615e-17,0.30041824848190213,0.283028893193925
2006-06-21,0.0,0.4165528583241728,5.1041221756966615e-17,0.30041824848190213,0.283028893193925
2006-06-22,0.0,0.4165528583241728,5.1041221756966615e-17,0.30041824848190213,0.283028893193925
2006-06-23,0.0,0.4165528583241728,5.1041221756966615e-17,0.30041824848190213,0.283028893193925
2006-06-26,0.0,0.4165528583241728,5.1041221756966615e-17,0.30041824848190213,0.283028893193925
2006-06-27,0.0,0.4165528583241728,5.1041221756966615e-17,0.30041824848190213,0.283028893193925
2006-06-28,0.0,0.4165528583241728,5.1041221756966615e-17,0.30041824848190213,0.283028893193925
2006-06-29,0.0,0.4165528583241728,5.1041221756966615e-17,0.30041824848190213,0.283028893193925
2006-06-30,0.0,0.4165528583241728,5.1041221756966615e-17,0.30041824848190213,0.283028893193925
2006-07-03,0.0,0.4165528583241728,5.1041221756966615e-17,0.30041824848190213,0.283028893193925
2006-07-05,0.0,0.4165528583241728,5.1041221756966615e-17,0.30041824848190213,0.283028893193925
2006-07-07,0.0,0.4165528583241728,5.1041221756966615e-17,0.30041824848190213,0.283028893193925
2006-07-10,0.0,0.4165528583241728,5.1041221756966615e-17,0.30041824848190213,0.283028893193925
2006-07-11,0.0,0.4165528583241728,5.1041221756966615e-17,0.30041824848190213,0.283028893193925
2006-07-12,0.0,0.4165528583241728,5.1041221756966615e-17,0.30041824848190213,0.283028893193925
2006-07-13,0.0,0.4165528583241728,5.1041221756966615e-17,0.30041824848190213,0.283028893193925
2006-07-14,0.0,0.4165528583241728,5.1041221756966615e-17,0.30041824848190213,0.283028893193925
2006-07-17,0.0,0.4165528583241728,5.1041221756966615e-17,0.30041824848190213,0.283028893193925
2006-07-18,0.0,0.4165528583241728,5.1041221756966615e-17,0.30041824848190213,0.283028893193925
2006-07-19,0.0,0.4086505450018918,0.0,0.2944178221563254,0.2969316328417827
2006-07-20,0.0,0.4086505450018918,0.0,0.2944178221563254,0.2969316328417827
2006-07-21,0.0,0.4086505450018918,0.0,0.2944178221563254,0.2969316328417827
2006-07-24,0.0,0.4086505450018918,0.0,0.2944178221563254,0.2969316328417827
2006-07-25,0.0,0.4086505450018918,0.0,0.2944178221563254,0.2969316328417827
2006-07-26,0.0,0.4086505450018918,0.0,0.2944178221563254,0.2969316328417827
2006-07-27,0.0,0.4086505450018918,0.0,0.2944178221563254,0.2969316328417827
2006-07-28,0.0,0.4086505450018918,0.0,0.2944178221563254,0.2969316328417827
2006-07-31,0.0,0.4086505450018918,0.0,0.2944178221563254,0.2969316328417827
2006-08-01,0.0,0.4086505450018918,0.0,0.2944178221563254,0.2969316328417827
2006-08-02,0.0,0.4086505450018918,0.0,0.2944178221563254,0.2969316328417827
2006-08-03,0.0,0.4086505450018918,0.0,0.2944178221563254,0.2969316328417827
2006-08-04,0.0,0.4086505450018918,0.0,0.2944178221563254,0.2969316328417827
2006-08-07,0.0,0.4086505450018918,0.0,0.2944178221563254,0.2969316328417827
2006-08-08,0.0,0.4086505450018918,0.0,0.2944178221563254,0.2969316328417827
2006-08-09,0.0,0.4086505450018918,0.0,0.2944178221563254,0.2969316328417827
2006-08-10,0.0,0.4086505450018918,0.0,0.2944178221563254,0.2969316328417827
2006-08-11,0.0,0.4086505450018918,0.0,0.2944178221563254,0.2969316328417827
2006-08-14,0.0,0.4086505450018918,0.0,0.2944178221563254,0.2969316328417827
2006-08-15,0.0,0.4086505450018918,0.0,0.2944178221563254,0.2969316328417827
2006-08-16,0.0,0.4086505450018918,0.0,0.2944178221563254,0.2969316328417827
2006-08-17,8.911841787596926e-18,0.39987683140069896,5.947139373916953e-17,0.3066872138577302,0.29343595474157086
2006-08-18,8.911841787596926e-18,0.39987683140069896,5.947139373916953e-17,0.3066872138577302,0.29343595474157086
2006-08-21,8.911841787596926e-18,0.39987683140069896,5.947139373916953e-17,0.3066872138577302,0.29343595474157086
2006-08-22,8.911841787596926e-18,0.39987683140069896,5.947139373916953e-17,0.3066872138577302,0.29343595474157086
2006-08-23,8.911841787596926e-18,0.39987683140069896,5.947139373916953e-17,0.3066872138577302,0.29343595474157086
2006-08-24,8.911841787596926e-18,0.39987683140069896,5.947139373916953e-17,0.3066872138577302,0.29343595474157086
2006-08-25,8.911841787596926e-18,0.39987683140069896,5.947139373916953e-17,0.3066872138577302,0.29343595474157086
2006-08-28,8.911841787596926e-18,0.39987683140069896,5.947139373916953e-17,0.3066872138577302,0.29343595474157086
2006-08-29,8.911841787596926e-18,0.39987683140069896,5.947139373916953e-17,0.3066872138577302,0.29343595474157086
2006-08-30,8.911841787596926e-18,0.39987683140069896,5.947139373916953e-17,0.3066872138577302,0.29343595474157086
2006-08-31,8.911841787596926e-18,0.39987683140069896,5.947139373916953e-17,0.3066872138577302,0.29343595474157086
2006-09-01,8.911841787596926e-18,0.39987683140069896,5.947139373916953e-17,0.3066872138577302,0.29343595474157086
2006-09-05,8.911841787596926e-18,0.39987683140069896,5.947139373916953e-17,0.3066872138577302,0.29343595474157086
2006-09-06,8.911841787596926e-18,0.39987683140069896,5.947139373916953e-17,0.3066872138577302,0.29343595474157086
2006-09-08,8.911841787596926e-18,0.39987683140069896,5.947139373916953e-17,0.3066872138577302,0.29343595474157086
2006-09-11,8.911841787596926e-18,0.39987683140069896,5.947139373916953e-17,0.3066872138577302,0.29343595474157086
2006-09-12,8.911841787596926e-18,0.39987683140069896,5.947139373916953e-17,0.3066872138577302,0.29343595474157086
2006-09-13,8.911841787596926e-18,0.39987683140069896,5.947139373916953e-17,0.3066872138577302,0.29343595474157086
2006-09-14,8.911841787596926e-18,0.39987683140069896,5.947139373916953e-17,0.3066872138577302,0.29343595474157086
2006-09-15,8.911841787596926e-18,0.39987683140069896,5.947139373916953e-17,0.3066872138577302,0.29343595474157086
2006-09-18,8.911841787596926e-18,0.39987683140069896,5.947139373916953e-17,0.3066872138577302,0.29343595474157086
2006-09-19,0.0,0.3831591503003543,6.180174378287597e-17,0.3077582011459357,0.3090826485537098
2006-09-20,0.0,0.3831591503003543,6.180174378287597e-17,0.3077582011459357,0.3090826485537098
2006-09-21,0.0,0.3831591503003543,6.180174378287597e-17,0.3077582011459357,0.3090826485537098
2006-09-22,0.0,0.3831591503003543,6.180174378287597e-17,0.3077582011459357,0.3090826485537098
2006-09-25,0.0,0.3831591503003543,6.180174378287597e-17,0.3077582011459357,0.3090826485537098
2006-09-26,0.0,0.3831591503003543,6.180174378287597e-17,0.3077582011459357,0.3090826485537098
2006-09-27,0.0,0.3831591503003543,6.180174378287597e-17,0.3077582011459357,0.3090826485537098
2006-09-28,0.0,0.3831591503003543,6.180174378287597e-17,0.3077582011459357,0.3090826485537098
2006-09-29,0.0,0.3831591503003543,6.180174378287597e-17,0.3077582011459357,0.3090826485537098
2006-10-02,0.0,0.3831591503003543,6.180174378287597e-17,0.3077582011459357,0.3090826485537098
2006-10-03,0.0,0.3831591503003543,6.180174378287597e-17,0.3077582011459357,0.3090826485537098
2006-10-04,0.0,0.3831591503003543,6.180174378287597e-17,0.3077582011459357,0.3090826485537098
2006-10-05,0.0,0.3831591503003543,6.180174378287597e-17,0.3077582011459357,0.3090826485537098
2006-10-06,0.0,0.3831591503003543,6.180174378287597e-17,0.3077582011459357,0.3090826485537098
2006-10-09,0.0,0.3831591503003543,6.180174378287597e-17,0.3077582011459357,0.3090826485537098
2006-10-10,0.0,0.3831591503003543,6.180174378287597e-17,0.3077582011459357,0.3090826485537098
2006-10-11,0.0,0.3831591503003543,6.180174378287597e-17,0.3077582011459357,0.3090826485537098
2006-10-13,0.0,0.3831591503003543,6.180174378287597e-17,0.3077582011459357,0.3090826485537098
2006-10-16,0.0,0.3831591503003543,6.180174378287597e-17,0.3077582011459357,0.3090826485537098
2006-10-17,0.0,0.3831591503003543,6.180174378287597e-17,0.3077582011459357,0.3090826485537098
2006-10-18,0.0,0.3831591503003543,6.180174378287597e-17,0.3077582011459357,0.3090826485537098
2006-10-19,2.957875781116773e-17,0.3842584349569685,0.0,0.30962059178021706,0.3061209732628145
2006-10-20,2.957875781116773e-17,0.3842584349569685,0.0,0.30962059178021706,0.3061209732628145
2006-10-23,2.957875781116773e-17,0.3842584349569685,0.0,0.30962059178021706,0.3061209732628145
2006-10-24,2.957875781116773e-17,0.3842584349569685,0.0,0.30962059178021706,0.3061209732628145
2006-10-25,2.957875781116773e-17,0.3842584349569685,0.0,0.30962059178021706,0.3061209732628145
2006-10-26,2.957875781116773e-17,0.3842584349569685,0.0,0.30962059178021706,0.3061209732628145
2006-10-27,2.957875781116773e-17,0.3842584349569685,0.0,0.30962059178021706,0.3061209732628145
2006-10-30,2.957875781116773e-17,0.3842584349569685,0.0,0.30962059178021706,0.3061209732628145
2006-10-31,2.957875781116773e-17,0.3842584349569685,0.0,0.30962059178021706,0.3061209732628145
2006-11-01,2.957875781116773e-17,0.3842584349569685,0.0,0.30962059178021706,0.3061209732628145
2006-11-03,2.957875781116773e-17,0.3842584349569685,0.0,0.30962059178021706,0.3061209732628145
2006-11-06,2.957875781116773e-17,0.3842584349569685,0.0,0.30962059178021706,0.3061209732628145
2006-11-07,2.957875781116773e-17,0.3842584349569685,0.0,0.30962059178021706,0.3061209732628145
2006-11-08,2.957875781116773e-17,0.3842584349569685,0.0,0.30962059178021706,0.3061209732628145
2006-11-09,2.957875781116773e-17,0.3842584349569685,0.0,0.30962059178021706,0.3061209732628145
2006-11-10,2.957875781116773e-17,0.3842584349569685,0.0,0.30962059178021706,0.3061209732628145
2006-11-13,2.957875781116773e-17,0.3842584349569685,0.0,0.30962059178021706,0.3061209732628145
2006-11-14,2.957875781116773e-17,0.3842584349569685,0.0,0.30962059178021706,0.3061209732628145
2006-11-16,2.957875781116773e-17,0.3842584349569685,0.0,0.30962059178021706,0.3061209732628145
2006-11-17,2.957875781116773e-17,0.3842584349569685,0.0,0.30962059178021706,0.3061209732628145
2006-11-21,2.957875781116773e-17,0.3842584349569685,0.0,0.30962059178021706,0.3061209732628145
2006-11-22,3.408273048766932e-17,0.380296496457182,5.593663064020095e-17,0.29758641621940113,0.3221170873234168
2006-11-24,3.408273048766932e-17,0.380296496457182,5.593663064020095e-17,0.29758641621940113,0.3221170873234168
2006-11-27,3.408273048766932e-17,0.380296496457182,5.593663064020095e-17,0.29758641621940113,0.3221170873234168
2006-11-28,3.408273048766932e-17,0.380296496457182,5.593663064020095e-17,0.29758641621940113,0.3221170873234168
2006-11-29,3.408273048766932e-17,0.380296496457182,5.593663064020095e-17,0.29758641621940113,0.3221170873234168
2006-11-30,3.408273048766932e-17,0.380296496457182,5.593663064020095e-17,0.29758641621940113,0.3221170873234168
2006-12-01,3.408273048766932e-17,0.380296496457182,5.593663064020095e-17,0.29758641621940113,0.3221170873234168
2006-12-04,3.408273048766932e-17,0.380296496457182,5.593663064020095e-17,0.29758641621940113,0.3221170873234168
2006-12-05,3.408273048766932e-17,0.380296496457182,5.593663064020095e-17,0.29758641621940113,0.3221170873234168
2006-12-06,3.408273048766932e-17,0.380296496457182,5.593663064020095e-17,0.29758641621940113,0.3221170873234168
2006-12-07,3.408273048766932e-17,0.380296496457182,5.593663064020095e-17,0.29758641621940113,0.3221170873234168
2006-12-08,3.408273048766932e-17,0.380296496457182,5.593663064020095e-17,0.29758641621940113,0.3221170873234168
2006-12-11,3.408273048766932e-17,0.380296496457182,5.593663064020095e-17,0.29758641621940113,0.3221170873234168
2006-12-12,3.408273048766932e-17,0.380296496457182,5.593663064020095e-17,0.29758641621940113,0.3221170873234168
2006-12-13,3.408273048766932e-17,0.380296496457182,5.593663064020095e-17,0.29758641621940113,0.3221170873234168
2006-12-14,3.408273048766932e-17,0.380296496457182,5.593663064020095e-17,0.29758641621940113,0.3221170873234168
2006-12-15,3.408273048766932e-17,0.380296496457182,5.593663064020095e-17,0.29758641621940113,0.3221170873234168
2006-12-18,3.408273048766932e-17,0.380296496457182,5.593663064020095e-17,0.29758641621940113,0.3221170873234168
2006-12-19,3.408273048766932e-17,0.380296496457182,5.593663064020095e-17,0.29758641621940113,0.3221170873234168
2006-12-20,3.408273048766932e-17,0.380296496457182,5.593663064020095e-17,0.29758641621940113,0.3221170873234168
2006-12-21,3.408273048766932e-17,0.380296496457182,5.593663064020095e-17,0.29758641621940113,0.3221170873234168
2006-12-22,0.0,0.37505971051399406,3.452875361884778e-17,0.30396044283167334,0.3209798466543325
2006-12-26,0.0,0.37505971051399406,3.452875361884778e-17,0.30396044283167334,0.3209798466543325
2006-12-27,0.0,0.37505971051399406,3.452875361884778e-17,0.30396044283167334,0.3209798466543325
2006-12-28,0.0,0.37505971051399406,3.452875361884778e-17,0.30396044283167334,0.3209798466543325
2007-01-03,0.0,0.37505971051399406,3.452875361884778e-17,0.30396044283167334,0.3209798466543325
2007-01-04,0.0,0.37505971051399406,3.452875361884778e-17,0.30396044283167334,0.3209798466543325
2007-01-05,0.0,0.37505971051399406,3.452875361884778e-17,0.30396044283167334,0.3209798466543325
2007-01-08,0.0,0.37505971051399406,3.452875361884778e-17,0.30396044283167334,0.3209798466543325
2007-01-09,0.0,0.37505971051399406,3.452875361884778e-17,0.30396044283167334,0.3209798466543325
2007-01-10,0.0,0.37505971051399406,3.452875361884778e-17,0.30396044283167334,0.3209798466543325
2007-01-11,0.0,0.37505971051399406,3.452875361884778e-17,0.30396044283167334,0.3209798466543325
2007-01-12,0.0,0.37505971051399406,3.452875361884778e-17,0.30396044283167334,0.3209798466543325
2007-01-16,0.0,0.37505971051399406,3.452875361884778e-17,0.30396044283167334,0.3209798466543325
2007-01-17,0.0,0.37505971051399406,3.452875361884778e-17,0.30396044283167334,0.3209798466543325
2007-01-18,0.0,0.37505971051399406,3.452875361884778e-17,0.30396044283167334,0.3209798466543325
2007-01-19,0.0,0.37505971051399406,3.452875361884778e-17,0.30396044283167334,0.3209798466543325
2007-01-22,0.0,0.37505971051399406,3.452875361884778e-17,0.30396044283167334,0.3209798466543325
2007-01-23,0.0,0.37505971051399406,3.452875361884778e-17,0.30396044283167334,0.3209798466543325
2007-01-24,0.0,0.37505971051399406,3.452875361884778e-17,0.30396044283167334,0.3209798466543325
2007-01-26,0.0,0.37505971051399406,3.452875361884778e-17,0.30396044283167334,0.3209798466543325
2007-01-29,0.0,0.37505971051399406,3.452875361884778e-17,0.30396044283167334,0.3209798466543325
2007-01-30,7.508276226833317e-17,0.36114690084902756,0.0,0.3079152772943428,0.3309378218566297
2007-01-31,7.508276226833317e-17,0.36114690084902756,0.0,0.3079152772943428,0.3309378218566297
2007-02-01,7.508276226833317e-17,0.36114690084902756,0.0,0.3079152772943428,0.3309378218566297
2007-02-02,7.508276226833317e-17,0.36114690084902756,0.0,0.3079152772943428,0.3309378218566297
2007-02-05,7.508276226833317e-17,0.36114690084902756,0.0,0.3079152772943428,0.3309378218566297
2007-02-06,7.508276226833317e-17,0.36114690084902756,0.0,0.3079152772943428,0.3309378218566297
2007-02-07,7.508276226833317e-17,0.36114690084902756,0.0,0.3079152772943428,0.3309378218566297
2007-02-08,7.508276226833317e-17,0.36114690084902756,0.0,0.3079152772943428,0.3309378218566297
2007-02-09,7.508276226833317e-17,0.36114690084902756,0.0,0.3079152772943428,0.3309378218566297
2007-02-12,7.508276226833317e-17,0.36114690084902756,0.0,0.3079152772943428,0.3309378218566297
2007-02-13,7.508276226833317e-17,0.36114690084902756,0.0,0.3079152772943428,0.3309378218566297
2007-02-14,7.508276226833317e-17,0.36114690084902756,0.0,0.3079152772943428,0.3309378218566297
2007-02-15,7.508276226833317e-17,0.36114690084902756,0.0,0.3079152772943428,0.3309378218566297
2007-02-16,7.508276226833317e-17,0.36114690084902756,0.0,0.3079152772943428,0.3309378218566297
2007-02-21,7.508276226833317e-17,0.36114690084902756,0.0,0.3079152772943428,0.3309378218566297
2007-02-22,7.508276226833317e-17,0.36114690084902756,0.0,0.3079152772943428,0.3309378218566297
2007-02-23,7.508276226833317e-17,0.36114690084902756,0.0,0.3079152772943428,0.3309378218566297
2007-02-26,7.508276226833317e-17,0.36114690084902756,0.0,0.3079152772943428,0.3309378218566297
2007-02-27,7.508276226833317e-17,0.36114690084902756,0.0,0.3079152772943428,0.3309378218566297
2007-02-28,7.508276226833317e-17,0.36114690084902756,0.0,0.3079152772943428,0.3309378218566297
2007-03-01,7.508276226833317e-17,0.36114690084902756,0.0,0.3079152772943428,0.3309378218566297
2007-03-02,0.0,0.35302368247718097,0.0,0.3207660471148161,0.3262102704080029
2007-03-05,0.0,0.35302368247718097,0.0,0.3207660471148161,0.3262102704080029
2007-03-06,0.0,0.35302368247718097,0.0,0.3207660471148161,0.3262102704080029
2007-03-07,0.0,0.35302368247718097,0.0,0.3207660471148161,0.3262102704080029
2007-03-08,0.0,0.35302368247718097,0.0,0.3207660471148161,0.3262102704080029
2007-03-09,0.0,0.35302368247718097,0.0,0.3207660471148161,0.3262102704080029
2007-03-12,0.0,0.35302368247718097,0.0,0.3207660471148161,0.3262102704080029
2007-03-13,0.0,0.35302368247718097,0.0,0.3207660471148161,0.3262102704080029
2007-03-14,0.0,0.35302368247718097,0.0,0.3207660471148161,0.3262102704080029
2007-03-15,0.0,0.35302368247718097,0.0,0.3207660471148161,0.3262102704080029
2007-03-16,0.0,0.35302368247718097,0.0,0.3207660471148161,0.3262102704080029
2007-03-19,0.0,0.35302368247718097,0.0,0.3207660471148161,0.3262102704080029
2007-03-20,0.0,0.35302368247718097,0.0,0.3207660471148161,0.3262102704080029
2007-03-21,0.0,0.35302368247718097,0.0,0.3207660471148161,0.3262102704080029
2007-03-22,0.0,0.35302368247718097,0.0,0.3207660471148161,0.3262102704080029
2007-03-23,0.0,0.35302368247718097,0.0,0.3207660471148161,0.3262102704080029
2007-03-26,0.0,0.35302368247718097,0.0,0.3207660471148161,0.3262102704080029
2007-03-27,0.0,0.35302368247718097,0.0,0.3207660471148161,0.3262102704080029
2007-03-28,0.0,0.35302368247718097,0.0,0.3207660471148161,0.3262102704080029
2007-03-29,0.0,0.35302368247718097,0.0,0.3207660471148161,0.3262102704080029
2007-03-30,0.0,0.35302368247718097,0.0,0.3207660471148161,0.3262102704080029
2007-04-02,8.243694966304483e-17,0.3455769536871333,0.0,0.33587755512310624,0.3185454911897605
2007-04-03,8.243694966304483e-17,0.3455769536871333,0.0,0.33587755512310624,0.3185454911897605
2007-04-04,8.243694966304483e-17,0.3455769536871333,0.0,0.33587755512310624,0.3185454911897605
2007-04-05,8.243694966304483e-17,0.3455769536871333,0.0,0.33587755512310624,0.3185454911897605
2007-04-09,8.243694966304483e-17,0.3455769536871333,0.0,0.33587755512310624,0.3185454911897605
2007-04-10,8.243694966304483e-17,0.3455769536871333,0.0,0.33587755512310624,0.3185454911897605
2007-04-11,8.243694966304483e-17,0.3455769536871333,0.0,0.33587755512310624,0.3185454911897605
2007-04-12,8.243694966304483e-17,0.3455769536871333,0.0,0.33587755512310624,0.3185454911897605
2007-04-13,8.243694966304483e-17,0.3455769536871333,0.0,0.33587755512310624,0.3185454911897605
2007-04-16,8.243694966304483e-17,0.3455769536871333,0.0,0.33587755512310624,0.3185454911897605
2007-04-17,8.243694966304483e-17,0.3455769536871333,0.0,0.33587755512310624,0.3185454911897605
2007-04-18,8.243694966304483e-17,0.3455769536871333,0.0,0.33587755512310624,0.3185454911897605
2007-04-19,8.243694966304483e-17,0.3455769536871333,0.0,0.33587755512310624,0.3185454911897605
2007-04-20,8.243694966304483e-17,0.3455769536871333,0.0,0.33587755512310624,0.3185454911897605
2007-04-23,8.243694966304483e-17,0.3455769536871333,0.0,0.33587755512310624,0.3185454911897605
2007-04-24,8.243694966304483e-17,0.3455769536871333,0.0,0.33587755512310624,0.3185454911897605
2007-04-25,8.243694966304483e-17,0.3455769536871333,0.0,0.33587755512310624,0.3185454911897605
2007-04-26,8.243694966304483e-17,0.3455769536871333,0.0,0.33587755512310624,0.3185454911897605
2007-04-27,8.243694966304483e-17,0.3455769536871333,0.0,0.33587755512310624,0.3185454911897605
2007-04-30,8.243694966304483e-17,0.3455769536871333,0.0,0.33587755512310624,0.3185454911897605
2007-05-02,8.243694966304483e-17,0.3455769536871333,0.0,0.33587755512310624,0.3185454911897605
2007-05-03,0.0,0.3354053623315935,0.0,0.34360979625077553,0.320984841417631
2007-05-04,0.0,0.3354053623315935,0.0,0.34360979625077553,0.320984841417631
2007-05-07,0.0,0.3354053623315935,0.0,0.34360979625077553,0.320984841417631
2007-05-08,0.0,0.3354053623315935,0.0,0.34360979625077553,0.320984841417631
2007-05-09,0.0,0.3354053623315935,0.0,0.34360979625077553,0.320984841417631
2007-05-10,0.0,0.3354053623315935,0.0,0.34360979625077553,0.320984841417631
2007-05-11,0.0,0.3354053623315935,0.0,0.34360979625077553,0.320984841417631
2007-05-14,0.0,0.3354053623315935,0.0,0.34360979625077553,0.320984841417631
2007-05-15,0.0,0.3354053623315935,0.0,0.34360979625077553,0.320984841417631
2007-05-16,0.0,0.3354053623315935,0.0,0.34360979625077553,0.320984841417631
2007-05-17,0.0,0.3354053623315935,0.0,0.34360979625077553,0.320984841417631
2007-05-18,0.0,0.3354053623315935,0.0,0.34360979625077553,0.320984841417631
2007-05-21,0.0,0.3354053623315935,0.0,0.34360979625077553,0.320984841417631
2007-05-22,0.0,0.3354053623315935,0.0,0.34360979625077553,0.320984841417631
2007-05-23,0.0,0.3354053623315935,0.0,0.34360979625077553,0.320984841417631
2007-05-24,0.0,0.3354053623315935,0.0,0.34360979625077553,0.320984841417631
2007-05-25,0.0,0.3354053623315935,0.0,0.34360979625077553,0.320984841417631
2007-05-29,0.0,0.3354053623315935,0.0,0.34360979625077553,0.320984841417631
2007-05-30,0.0,0.3354053623315935,0.0,0.34360979625077553,0.320984841417631
2007-05-31,0.0,0.3354053623315935,0.0,0.34360979625077553,0.320984841417631
2007-06-01,0.0,0.3354053623315935,0.0,0.34360979625077553,0.320984841417631
2007-06-04,0.0,0.3610706141002188,1.937395632392827e-17,0.3475971574003669,0.2913322284994143
2007-06-05,0.0,0.3610706141002188,1.937395632392827e-17,0.3475971574003669,0.2913322284994143
2007-06-06,0.0,0.3610706141002188,1.937395632392827e-17,0.3475971574003669,0.2913322284994143
2007-06-08,0.0,0.3610706141002188,1.937395632392827e-17,0.3475971574003669,0.2913322284994143
2007-06-11,0.0,0.3610706141002188,1.937395632392827e-17,0.3475971574003669,0.2913322284994143
2007-06-12,0.0,0.3610706141002188,1.937395632392827e-17,0.3475971574003669,0.2913322284994143
2007-06-13,0.0,0.3610706141002188,1.937395632392827e-17,0.3475971574003669,0.2913322284994143
2007-06-14,0.0,0.3610706141002188,1.937395632392827e-17,0.3475971574003669,0.2913322284994143
2007-06-15,0.0,0.3610706141002188,1.937395632392827e-17,0.3475971574003669,0.2913322284994143
2007-06-18,0.0,0.3610706141002188,1.937395632392827e-17,0.3475971574003669,0.2913322284994143
2007-06-19,0.0,0.3610706141002188,1.937395632392827e-17,0.3475971574003669,0.2913322284994143
2007-06-20,0.0,0.3610706141002188,1.937395632392827e-17,0.3475971574003669,0.2913322284994143
2007-06-21,0.0,0.3610706141002188,1.937395632392827e-17,0.3475971574003669,0.2913322284994143
2007-06-22,0.0,0.3610706141002188,1.937395632392827e-17,0.3475971574003669,0.2913322284994143
2007-06-25,0.0,0.3610706141002188,1.937395632392827e-17,0.3475971574003669,0.2913322284994143
2007-06-26,0.0,0.3610706141002188,1.937395632392827e-17,0.3475971574003669,0.2913322284994143
2007-06-27,0.0,0.3610706141002188,1.937395632392827e-17,0.3475971574003669,0.2913322284994143
2007-06-28,0.0,0.3610706141002188,1.937395632392827e-17,0.3475971574003669,0.2913322284994143
2007-06-29,0.0,0.3610706141002188,1.937395632392827e-17,0.3475971574003669,0.2913322284994143
2007-07-02,0.0,0.3610706141002188,1.937395632392827e-17,0.3475971574003669,0.2913322284994143
2007-07-03,0.0,0.3610706141002188,1.937395632392827e-17,0.3475971574003669,0.2913322284994143
2007-07-05,0.0,0.32124941840558197,7.304704797823126e-17,0.3832805963484062,0.2954699852460118
2007-07-06,0.0,0.32124941840558197,7.304704797823126e-17,0.3832805963484062,0.2954699852460118
2007-07-10,0.0,0.32124941840558197,7.304704797823126e-17,0.3832805963484062,0.2954699852460118
2007-07-11,0.0,0.32124941840558197,7.304704797823126e-17,0.3832805963484062,0.2954699852460118
2007-07-12,0.0,0.32124941840558197,7.304704797823126e-17,0.3832805963484062,0.2954699852460118
2007-07-13,0.0,0.32124941840558197,7.304704797823126e-17,0.3832805963484062,0.2954699852460118
2007-07-16,0.0,0.32124941840558197,7.304704797823126e-17,0.3832805963484062,0.2954699852460118
2007-07-17,0.0,0.32124941840558197,7.304704797823126e-17,0.3832805963484062,0.2954699852460118
2007-07-18,0.0,0.32124941840558197,7.304704797823126e-17,0.3832805963484062,0.2954699852460118
2007-07-19,0.0,0.32124941840558197,7.304704797823126e-17,0.3832805963484062,0.2954699852460118
2007-07-20,0.0,0.32124941840558197,7.304704797823126e-17,0.3832805963484062,0.2954699852460118
2007-07-23,0.0,0.32124941840558197,7.304704797823126e-17,0.3832805963484062,0.2954699852460118
2007-07-24,0.0,0.32124941840558197,7.304704797823126e-17,0.3832805963484062,0.2954699852460118
2007-07-25,0.0,0.32124941840558197,7.304704797823126e-17,0.3832805963484062,0.2954699852460118
2007-07-26,0.0,0.32124941840558197,7.304704797823126e-17,0.3832805963484062,0.2954699852460118
2007-07-27,0.0,0.32124941840558197,7.304704797823126e-17,0.3832805963484062,0.2954699852460118
2007-07-30,0.0,0.32124941840558197,7.304704797823126e-17,0.3832805963484062,0.2954699852460118
2007-07-31,0.0,0.32124941840558197,7.304704797823126e-17,0.3832805963484062,0.2954699852460118
2007-08-01,0.0,0.32124941840558197,7.304704797823126e-17,0.3832805963484062,0.2954699852460118
2007-08-02,0.0,0.32124941840558197,7.304704797823126e-17,0.3832805963484062,0.2954699852460118
2007-08-03,0.0,0.32124941840558197,7.304704797823126e-17,0.3832805963484062,0.2954699852460118
2007-08-06,0.04596686037132073,0.27177650219627375,4.894451575913768e-18,0.404582268631074,0.27767436880133156
2007-08-07,0.04596686037132073,0.27177650219627375,4.894451575913768e-18,0.404582268631074,0.27767436880133156
2007-08-08,0.04596686037132073,0.27177650219627375,4.894451575913768e-18,0.404582268631074,0.27767436880133156
2007-08-09,0.04596686037132073,0.27177650219627375,4.894451575913768e-18,0.404582268631074,0.27767436880133156
2007-08-10,0.04596686037132073,0.27177650219627375,4.894451575913768e-18,0.404582268631074,0.27767436880133156
2007-08-13,0.04596686037132073,0.27177650219627375,4.894451575913768e-18,0.404582268631074,0.27767436880133156
2007-08-14,0.04596686037132073,0.27177650219627375,4.894451575913768e-18,0.404582268631074,0.27767436880133156
2007-08-15,0.04596686037132073,0.27177650219627375,4.894451575913768e-18,0.404582268631074,0.27767436880133156
2007-08-16,0.04596686037132073,0.27177650219627375,4.894451575913768e-18,0.404582268631074,0.27767436880133156
2007-08-17,0.04596686037132073,0.27177650219627375,4.894451575913768e-18,0.404582268631074,0.27767436880133156
2007-08-20,0.04596686037132073,0.27177650219627375,4.894451575913768e-18,0.404582268631074,0.27767436880133156
2007-08-21,0.04596686037132073,0.27177650219627375,4.894451575913768e-18,0.404582268631074,0.27767436880133156
2007-08-22,0.04596686037132073,0.27177650219627375,4.894451575913768e-18,0.404582268631074,0.27767436880133156
2007-08-23,0.04596686037132073,0.27177650219627375,4.894451575913768e-18,0.404582268631074,0.27767436880133156
2007-08-24,0.04596686037132073,0.27177650219627375,4.894451575913768e-18,0.404582268631074,0.27767436880133156
2007-08-27,0.04596686037132073,0.27177650219627375,4.894451575913768e-18,0.404582268631074,0.27767436880133156
2007-08-28,0.04596686037132073,0.27177650219627375,4.894451575913768e-18,0.404582268631074,0.27767436880133156
2007-08-29,0.04596686037132073,0.27177650219627375,4.894451575913768e-18,0.404582268631074,0.27767436880133156
2007-08-30,0.04596686037132073,0.27177650219627375,4.894451575913768e-18,0.404582268631074,0.27767436880133156
2007-08-31,0.04596686037132073,0.27177650219627375,4.894451575913768e-18,0.404582268631074,0.27767436880133156
2007-09-04,0.04596686037132073,0.27177650219627375,4.894451575913768e-18,0.404582268631074,0.27767436880133156
2007-09-05,0.0830959483117178,0.305252067344263,1.6786258023690784e-17,0.3785473678938514,0.23310461645016767
2007-09-06,0.0830959483117178,0.305252067344263,1.6786258023690784e-17,0.3785473678938514,0.23310461645016767
2007-09-10,0.0830959483117178,0.305252067344263,1.6786258023690784e-17,0.3785473678938514,0.23310461645016767
2007-09-11,0.0830959483117178,0.305252067344263,1.6786258023690784e-17,0.3785473678938514,0.23310461645016767
2007-09-12,0.0830959483117178,0.305252067344263,1.6786258023690784e-17,0.3785473678938514,0.23310461645016767
2007-09-13,0.0830959483117178,0.305252067344263,1.6786258023690784e-17,0.3785473678938514,0.23310461645016767
2007-09-14,0.0830959483117178,0.305252067344263,1.6786258023690784e-17,0.3785473678938514,0.23310461645016767
2007-09-17,0.0830959483117178,0.305252067344263,1.6786258023690784e-17,0.3785473678938514,0.23310461645016767
2007-09-18,0.0830959483117178,0.305252067344263,1.6786258023690784e-17,0.3785473678938514,0.23310461645016767
2007-09-19,0.0830959483117178,0.305252067344263,1.6786258023690784e-17,0.3785473678938514,0.23310461645016767
2007-09-20,0.0830959483117178,0.305252067344263,1.6786258023690784e-17,0.3785473678938514,0.23310461645016767
2007-09-21,0.0830959483117178,0.305252067344263,1.6786258023690784e-17,0.3785473678938514,0.23310461645016767
2007-09-24,0.0830959483117178,0.305252067344263,1.6786258023690784e-17,0.3785473678938514,0.23310461645016767
2007-09-25,0.0830959483117178,0.305252067344263,1.6786258023690784e-17,0.3785473678938514,0.23310461645016767
2007-09-26,0.0830959483117178,0.305252067344263,1.6786258023690784e-17,0.3785473678938514,0.23310461645016767
2007-09-27,0.0830959483117178,0.305252067344263,1.6786258023690784e-17,0.3785473678938514,0.23310461645016767
2007-09-28,0.0830959483117178,0.305252067344263,1.6786258023690784e-17,0.3785473678938514,0.23310461645016767
2007-10-01,0.0830959483117178,0.305252067344263,1.6786258023690784e-17,0.3785473678938514,0.23310461645016767
2007-10-02,0.0830959483117178,0.305252067344263,1.6786258023690784e-17,0.3785473678938514,0.23310461645016767
2007-10-03,0.0830959483117178,0.305252067344263,1.6786258023690784e-17,0.3785473678938514,0.23310461645016767
2007-10-04,0.0830959483117178,0.305252067344263,1.6786258023690784e-17,0.3785473678938514,0.23310461645016767
2007-10-05,0.09729203172502401,0.3101366778039739,3.741329481791633e-17,0.3976472731620417,0.1949240173089604
2007-10-08,0.09729203172502401,0.3101366778039739,3.741329481791633e-17,0.3976472731620417,0.1949240173089604
2007-10-09,0.09729203172502401,0.3101366778039739,3.741329481791633e-17,0.3976472731620417,0.1949240173089604
2007-10-10,0.09729203172502401,0.3101366778039739,3.741329481791633e-17,0.3976472731620417,0.1949240173089604
2007-10-11,0.09729203172502401,0.3101366778039739,3.741329481791633e-17,0.3976472731620417,0.1949240173089604
2007-10-15,0.09729203172502401,0.3101366778039739,3.741329481791633e-17,0.3976472731620417,0.1949240173089604
2007-10-16,0.09729203172502401,0.3101366778039739,3.741329481791633e-17,0.3976472731620417,0.1949240173089604
2007-10-17,0.09729203172502401,0.3101366778039739,3.741329481791633e-17,0.3976472731620417,0.1949240173089604
2007-10-18,0.09729203172502401,0.3101366778039739,3.741329481791633e-17,0.3976472731620417,0.1949240173089604
2007-10-19,0.09729203172502401,0.3101366778039739,3.741329481791633e-17,0.3976472731620417,0.1949240173089604
2007-10-22,0.09729203172502401,0.3101366778039739,3.741329481791633e-17,0.3976472731620417,0.1949240173089604
2007-10-23,0.09729203172502401,0.3101366778039739,3.741329481791633e-17,0.3976472731620417,0.1949240173089604
2007-10-24,0.09729203172502401,0.3101366778039739,3.741329481791633e-17,0.3976472731620417,0.1949240173089604
2007-10-25,0.09729203172502401,0.3101366778039739,3.741329481791633e-17,0.3976472731620417,0.1949240173089604
2007-10-26,0.09729203172502401,0.3101366778039739,3.741329481791633e-17,0.3976472731620417,0.1949240173089604
2007-10-29,0.09729203172502401,0.3101366778039739,3.741329481791633e-17,0.3976472731620417,0.1949240173089604
2007-10-30,0.09729203172502401,0.3101366778039739,3.741329481791633e-17,0.3976472731620417,0.1949240173089604
2007-10-31,0.09729203172502401,0.3101366778039739,3.741329481791633e-17,0.3976472731620417,0.1949240173089604
2007-11-01,0.09729203172502401,0.3101366778039739,3.741329481791633e-17,0.3976472731620417,0.1949240173089604
2007-11-05,0.09729203172502401,0.3101366778039739,3.741329481791633e-17,0.3976472731620417,0.1949240173089604
2007-11-06,0.09729203172502401,0.3101366778039739,3.741329481791633e-17,0.3976472731620417,0.1949240173089604
2007-11-07,0.14107416506596288,0.27400915561342704,0.0,0.41152703213713426,0.17338964718347585
2007-11-08,0.14107416506596288,0.27400915561342704,0.0,0.41152703213713426,0.17338964718347585
2007-11-09,0.14107416506596288,0.27400915561342704,0.0,0.41152703213713426,0.17338964718347585
2007-11-12,0.14107416506596288,0.27400915561342704,0.0,0.41152703213713426,0.17338964718347585
2007-11-13,0.14107416506596288,0.27400915561342704,0.0,0.41152703213713426,0.17338964718347585
2007-11-14,0.14107416506596288,0.27400915561342704,0.0,0.41152703213713426,0.17338964718347585
2007-11-16,0.14107416506596288,0.27400915561342704,0.0,0.41152703213713426,0.17338964718347585
2007-11-19,0.14107416506596288,0.27400915561342704,0.0,0.41152703213713426,0.17338964718347585
2007-11-21,0.14107416506596288,0.27400915561342704,0.0,0.41152703213713426,0.17338964718347585
2007-11-23,0.14107416506596288,0.27400915561342704,0.0,0.41152703213713426,0.17338964718347585
2007-11-26,0.14107416506596288,0.27400915561342704,0.0,0.41152703213713426,0.17338964718347585
2007-11-27,0.14107416506596288,0.27400915561342704,0.0,0.41152703213713426,0.17338964718347585
2007-11-28,0.14107416506596288,0.27400915561342704,0.0,0.41152703213713426,0.17338964718347585
2007-11-29,0.14107416506596288,0.27400915561342704,0.0,0.41152703213713426,0.17338964718347585
2007-11-30,0.14107416506596288,0.27400915561342704,0.0,0.41152703213713426,0.17338964718347585
2007-12-03,0.14107416506596288,0.27400915561342704,0.0,0.41152703213713426,0.17338964718347585
2007-12-04,0.14107416506596288,0.27400915561342704,0.0,0.41152703213713426,0.17338964718347585
2007-12-05,0.14107416506596288,0.27400915561342704,0.0,0.41152703213713426,0.17338964718347585
2007-12-06,0.14107416506596288,0.27400915561342704,0.0,0.41152703213713426,0.17338964718347585
2007-12-07,0.14107416506596288,0.27400915561342704,0.0,0.41152703213713426,0.17338964718347585
2007-12-10,0.14107416506596288,0.27400915561342704,0.0,0.41152703213713426,0.17338964718347585
2007-12-11,0.1482456123370466,0.2724025978777263,0.0,0.4127616101361143,0.16659017964911288
2007-12-12,0.1482456123370466,0.2724025978777263,0.0,0.4127616101361143,0.16659017964911288
2007-12-13,0.1482456123370466,0.2724025978777263,0.0,0.4127616101361143,0.16659017964911288
2007-12-14,0.1482456123370466,0.2724025978777263,0.0,0.4127616101361143,0.16659017964911288
2007-12-17,0.1482456123370466,0.2724025978777263,0.0,0.4127616101361143,0.16659017964911288
2007-12-18,0.1482456123370466,0.2724025978777263,0.0,0.4127616101361143,0.16659017964911288
2007-12-19,0.1482456123370466,0.2724025978777263,0.0,0.4127616101361143,0.16659017964911288
2007-12-20,0.1482456123370466,0.2724025978777263,0.0,0.4127616101361143,0.16659017964911288
2007-12-21,0.1482456123370466,0.2724025978777263,0.0,0.4127616101361143,0.16659017964911288
2007-12-26,0.1482456123370466,0.2724025978777263,0.0,0.4127616101361143,0.16659017964911288
2007-12-27,0.1482456123370466,0.2724025978777263,0.0,0.4127616101361143,0.16659017964911288
2007-12-28,0.1482456123370466,0.2724025978777263,0.0,0.4127616101361143,0.16659017964911288
2008-01-02,0.1482456123370466,0.2724025978777263,0.0,0.4127616101361143,0.16659017964911288
2008-01-03,0.1482456123370466,0.2724025978777263,0.0,0.4127616101361143,0.16659017964911288
2008-01-04,0.1482456123370466,0.2724025978777263,0.0,0.4127616101361143,0.16659017964911288
2008-01-07,0.1482456123370466,0.2724025978777263,0.0,0.4127616101361143,0.16659017964911288
2008-01-08,0.1482456123370466,0.2724025978777263,0.0,0.4127616101361143,0.16659017964911288
2008-01-09,0.1482456123370466,0.2724025978777263,0.0,0.4127616101361143,0.16659017964911288
2008-01-10,0.1482456123370466,0.2724025978777263,0.0,0.4127616101361143,0.16659017964911288
2008-01-11,0.1482456123370466,0.2724025978777263,0.0,0.4127616101361143,0.16659017964911288
2008-01-14,0.1482456123370466,0.2724025978777263,0.0,0.4127616101361143,0.16659017964911288
2008-01-15,0.15997610335343077,0.24776620602375674,0.0,0.40126703439893524,0.19099065622387731
2008-01-16,0.15997610335343077,0.24776620602375674,0.0,0.40126703439893524,0.19099065622387731
2008-01-17,0.15997610335343077,0.24776620602375674,0.0,0.40126703439893524,0.19099065622387731
2008-01-18,0.15997610335343077,0.24776620602375674,0.0,0.40126703439893524,0.19099065622387731
2008-01-22,0.15997610335343077,0.24776620602375674,0.0,0.40126703439893524,0.19099065622387731
2008-01-23,0.15997610335343077,0.24776620602375674,0.0,0.40126703439893524,0.19099065622387731
2008-01-24,0.15997610335343077,0.24776620602375674,0.0,0.40126703439893524,0.19099065622387731
2008-01-28,0.15997610335343077,0.24776620602375674,0.0,0.40126703439893524,0.19099065622387731
2008-01-29,0.15997610335343077,0.24776620602375674,0.0,0.40126703439893524,0.19099065622387731
2008-01-30,0.15997610335343077,0.24776620602375674,0.0,0.40126703439893524,0.19099065622387731
2008-01-31,0.15997610335343077,0.24776620602375674,0.0,0.40126703439893524,0.19099065622387731
2008-02-01,0.15997610335343077,0.24776620602375674,0.0,0.40126703439893524,0.19099065622387731
2008-02-06,0.15997610335343077,0.24776620602375674,0.0,0.40126703439893524,0.19099065622387731
2008-02-07,0.15997610335343077,0.24776620602375674,0.0,0.40126703439893524,0.19099065622387731
2008-02-08,0.15997610335343077,0.24776620602375674,0.0,0.40126703439893524,0.19099065622387731
2008-02-11,0.15997610335343077,0.24776620602375674,0.0,0.40126703439893524,0.19099065622387731
2008-02-12,0.15997610335343077,0.24776620602375674,0.0,0.40126703439893524,0.19099065622387731
2008-02-13,0.15997610335343077,0.24776620602375674,0.0,0.40126703439893524,0.19099065622387731
2008-02-14,0.15997610335343077,0.24776620602375674,0.0,0.40126703439893524,0.19099065622387731
2008-02-15,0.15997610335343077,0.24776620602375674,0.0,0.40126703439893524,0.19099065622387731
2008-02-19,0.15997610335343077,0.24776620602375674,0.0,0.40126703439893524,0.19099065622387731
2008-02-20,0.0808366609130628,0.31624794234133646,4.9143470485113366e-17,0.4003421457849916,0.20257325096060905
2008-02-21,0.0808366609130628,0.31624794234133646,4.9143470485113366e-17,0.4003421457849916,0.20257325096060905
2008-02-22,0.0808366609130628,0.31624794234133646,4.9143470485113366e-17,0.4003421457849916,0.20257325096060905
2008-02-25,0.0808366609130628,0.31624794234133646,4.9143470485113366e-17,0.4003421457849916,0.20257325096060905
2008-02-26,0.0808366609130628,0.31624794234133646,4.9143470485113366e-17,0.4003421457849916,0.20257325096060905
2008-02-27,0.0808366609130628,0.31624794234133646,4.9143470485113366e-17,0.4003421457849916,0.20257325096060905
2008-02-28,0.0808366609130628,0.31624794234133646,4.9143470485113366e-17,0.4003421457849916,0.20257325096060905
2008-02-29,0.0808366609130628,0.31624794234133646,4.9143470485113366e-17,0.4003421457849916,0.20257325096060905
2008-03-03,0.0808366609130628,0.31624794234133646,4.9143470485113366e-17,0.4003421457849916,0.20257325096060905
2008-03-04,0.0808366609130628,0.31624794234133646,4.9143470485113366e-17,0.4003421457849916,0.20257325096060905
2008-03-05,0.0808366609130628,0.31624794234133646,4.9143470485113366e-17,0.4003421457849916,0.20257325096060905
2008-03-06,0.0808366609130628,0.31624794234133646,4.9143470485113366e-17,0.4003421457849916,0.20257325096060905
2008-03-07,0.0808366609130628,0.31624794234133646,4.9143470485113366e-17,0.4003421457849916,0.20257325096060905
2008-03-10,0.0808366609130628,0.31624794234133646,4.9143470485113366e-17,0.4003421457849916,0.20257325096060905
2008-03-11,0.0808366609130628,0.31624794234133646,4.9143470485113366e-17,0.4003421457849916,0.20257325096060905
2008-03-12,0.0808366609130628,0.31624794234133646,4.9143470485113366e-17,0.4003421457849916,0.20257325096060905
2008-03-13,0.0808366609130628,0.31624794234133646,4.9143470485113366e-17,0.4003421457849916,0.20257325096060905
2008-03-14,0.0808366609130628,0.31624794234133646,4.9143470485113366e-17,0.4003421457849916,0.20257325096060905
2008-03-17,0.0808366609130628,0.31624794234133646,4.9143470485113366e-17,0.4003421457849916,0.20257325096060905
2008-03-18,0.0808366609130628,0.31624794234133646,4.9143470485113366e-17,0.4003421457849916,0.20257325096060905
2008-03-19,0.0808366609130628,0.31624794234133646,4.9143470485113366e-17,0.4003421457849916,0.20257325096060905
2008-03-20,0.0,0.38975307694020705,0.0,0.4091212545313655,0.2011256685284274
2008-03-24,0.0,0.38975307694020705,0.0,0.4091212545313655,0.2011256685284274
2008-03-25,0.0,0.38975307694020705,0.0,0.4091212545313655,0.2011256685284274
2008-03-26,0.0,0.38975307694020705,0.0,0.4091212545313655,0.2011256685284274
2008-03-27,0.0,0.38975307694020705,0.0,0.4091212545313655,0.2011256685284274
2008-03-28,0.0,0.38975307694020705,0.0,0.4091212545313655,0.2011256685284274
2008-03-31,0.0,0.38975307694020705,0.0,0.4091212545313655,0.2011256685284274
2008-04-01,0.0,0.38975307694020705,0.0,0.4091212545313655,0.2011256685284274
2008-04-02,0.0,0.38975307694020705,0.0,0.4091212545313655,0.2011256685284274
2008-04-03,0.0,0.38975307694020705,0.0,0.4091212545313655,0.2011256685284274
2008-04-04,0.0,0.38975307694020705,0.0,0.4091212545313655,0.2011256685284274
2008-04-07,0.0,0.38975307694020705,0.0,0.4091212545313655,0.2011256685284274
2008-04-08,0.0,0.38975307694020705,0.0,0.4091212545313655,0.2011256685284274
2008-04-09,0.0,0.38975307694020705,0.0,0.4091212545313655,0.2011256685284274
2008-04-10,0.0,0.38975307694020705,0.0,0.4091212545313655,0.2011256685284274
2008-04-11,0.0,0.38975307694020705,0.0,0.4091212545313655,0.2011256685284274
2008-04-14,0.0,0.38975307694020705,0.0,0.4091212545313655,0.2011256685284274
2008-04-15,0.0,0.38975307694020705,0.0,0.4091212545313655,0.2011256685284274
2008-04-16,0.0,0.38975307694020705,0.0,0.4091212545313655,0.2011256685284274
2008-04-17,0.0,0.38975307694020705,0.0,0.4091212545313655,0.2011256685284274
2008-04-18,0.0,0.38975307694020705,0.0,0.4091212545313655,0.2011256685284274
2008-04-22,0.0,0.3680410569646911,1.3560248313239066e-16,0.4078187742481199,0.22414016878718884
2008-04-23,0.0,0.3680410569646911,1.3560248313239066e-16,0.4078187742481199,0.22414016878718884
2008-04-24,0.0,0.3680410569646911,1.3560248313239066e-16,0.4078187742481199,0.22414016878718884
2008-04-25,0.0,0.3680410569646911,1.3560248313239066e-16,0.4078187742481199,0.22414016878718884
2008-04-28,0.0,0.3680410569646911,1.3560248313239066e-16,0.4078187742481199,0.22414016878718884
2008-04-29,0.0,0.3680410569646911,1.3560248313239066e-16,0.4078187742481199,0.22414016878718884
2008-04-30,0.0,0.3680410569646911,1.3560248313239066e-16,0.4078187742481199,0.22414016878718884
2008-05-02,0.0,0.3680410569646911,1.3560248313239066e-16,0.4078187742481199,0.22414016878718884
2008-05-05,0.0,0.3680410569646911,1.3560248313239066e-16,0.4078187742481199,0.22414016878718884
2008-05-06,0.0,0.3680410569646911,1.3560248313239066e-16,0.4078187742481199,0.22414016878718884
2008-05-07,0.0,0.3680410569646911,1.3560248313239066e-16,0.4078187742481199,0.22414016878718884
2008-05-08,0.0,0.3680410569646911,1.3560248313239066e-16,0.4078187742481199,0.22414016878718884
2008-05-09,0.0,0.3680410569646911,1.3560248313239066e-16,0.4078187742481199,0.22414016878718884
2008-05-12,0.0,0.3680410569646911,1.3560248313239066e-16,0.4078187742481199,0.22414016878718884
2008-05-13,0.0,0.3680410569646911,1.3560248313239066e-16,0.4078187742481199,0.22414016878718884
2008-05-14,0.0,0.3680410569646911,1.3560248313239066e-16,0.4078187742481199,0.22414016878718884
2008-05-15,0.0,0.3680410569646911,1.3560248313239066e-16,0.4078187742481199,0.22414016878718884
2008-05-16,0.0,0.3680410569646911,1.3560248313239066e-16,0.4078187742481199,0.22414016878718884
2008-05-19,0.0,0.3680410569646911,1.3560248313239066e-16,0.4078187742481199,0.22414016878718884
2008-05-20,0.0,0.3680410569646911,1.3560248313239066e-16,0.4078187742481199,0.22414016878718884
2008-05-21,0.0,0.3680410569646911,1.3560248313239066e-16,0.4078187742481199,0.22414016878718884
2008-05-23,0.0,0.36504384590992817,2.4779771957666753e-17,0.4001295425895235,0.23482661150054837
2008-05-27,0.0,0.36504384590992817,2.4779771957666753e-17,0.4001295425895235,0.23482661150054837
2008-05-28,0.0,0.36504384590992817,2.4779771957666753e-17,0.4001295425895235,0.23482661150054837
2008-05-29,0.0,0.36504384590992817,2.4779771957666753e-17,0.4001295425895235,0.23482661150054837
2008-05-30,0.0,0.36504384590992817,2.4779771957666753e-17,0.4001295425895235,0.23482661150054837
2008-06-02,0.0,0.36504384590992817,2.4779771957666753e-17,0.4001295425895235,0.23482661150054837
2008-06-03,0.0,0.36504384590992817,2.4779771957666753e-17,0.4001295425895235,0.23482661150054837
2008-06-04,0.0,0.36504384590992817,2.4779771957666753e-17,0.4001295425895235,0.23482661150054837
2008-06-05,0.0,0.36504384590992817,2.4779771957666753e-17,0.4001295425895235,0.23482661150054837
2008-06-06,0.0,0.36504384590992817,2.4779771957666753e-17,0.4001295425895235,0.23482661150054837
2008-06-09,0.0,0.36504384590992817,2.4779771957666753e-17,0.4001295425895235,0.23482661150054837
2008-06-10,0.0,0.36504384590992817,2.4779771957666753e-17,0.4001295425895235,0.23482661150054837
2008-06-11,0.0,0.36504384590992817,2.4779771957666753e-17,0.4001295425895235,0.23482661150054837
2008-06-12,0.0,0.36504384590992817,2.4779771957666753e-17,0.4001295425895235,0.23482661150054837
2008-06-13,0.0,0.36504384590992817,2.4779771957666753e-17,0.4001295425895235,0.23482661150054837
2008-06-16,0.0,0.36504384590992817,2.4779771957666753e-17,0.4001295425895235,0.23482661150054837
2008-06-17,0.0,0.36504384590992817,2.4779771957666753e-17,0.4001295425895235,0.23482661150054837
2008-06-18,0.0,0.36504384590992817,2.4779771957666753e-17,0.4001295425895235,0.23482661150054837
2008-06-19,0.0,0.36504384590992817,2.4779771957666753e-17,0.4001295425895235,0.23482661150054837
2008-06-20,0.0,0.36504384590992817,2.4779771957666753e-17,0.4001295425895235,0.23482661150054837
2008-06-23,0.0,0.36504384590992817,2.4779771957666753e-17,0.4001295425895235,0.23482661150054837
2008-06-24,5.4357936387673795e-18,0.34703280769111694,7.411225307723626e-17,0.40244405821941126,0.2505231340894718
2008-06-25,5.4357936387673795e-18,0.34703280769111694,7.411225307723626e-17,0.40244405821941126,0.2505231340894718
2008-06-26,5.4357936387673795e-18,0.34703280769111694,7.411225307723626e-17,0.40244405821941126,0.2505231340894718
2008-06-27,5.4357936387673795e-18,0.34703280769111694,7.411225307723626e-17,0.40244405821941126,0.2505231340894718
2008-06-30,5.4357936387673795e-18,0.34703280769111694,7.411225307723626e-17,0.40244405821941126,0.2505231340894718
2008-07-01,5.4357936387673795e-18,0.34703280769111694,7.411225307723626e-17,0.40244405821941126,0.2505231340894718
2008-07-02,5.4357936387673795e-18,0.34703280769111694,7.411225307723626e-17,0.40244405821941126,0.2505231340894718
2008-07-03,5.4357936387673795e-18,0.34703280769111694,7.411225307723626e-17,0.40244405821941126,0.2505231340894718
2008-07-07,5.4357936387673795e-18,0.34703280769111694,7.411225307723626e-17,0.40244405821941126,0.2505231340894718
2008-07-08,5.4357936387673795e-18,0.34703280769111694,7.411225307723626e-17,0.40244405821941126,0.2505231340894718
2008-07-10,5.4357936387673795e-18,0.34703280769111694,7.411225307723626e-17,0.40244405821941126,0.2505231340894718
2008-07-11,5.4357936387673795e-18,0.34703280769111694,7.411225307723626e-17,0.40244405821941126,0.2505231340894718
2008-07-14,5.4357936387673795e-18,0.34703280769111694,7.411225307723626e-17,0.40244405821941126,0.2505231340894718
2008-07-15,5.4357936387673795e-18,0.34703280769111694,7.411225307723626e-17,0.40244405821941126,0.2505231340894718
2008-07-16,5.4357936387673795e-18,0.34703280769111694,7.411225307723626e-17,0.40244405821941126,0.2505231340894718
2008-07-17,5.4357936387673795e-18,0.34703280769111694,7.411225307723626e-17,0.40244405821941126,0.2505231340894718
2008-07-18,5.4357936387673795e-18,0.34703280769111694,7.411225307723626e-17,0.40244405821941126,0.2505231340894718
2008-07-21,5.4357936387673795e-18,0.34703280769111694,7.411225307723626e-17,0.40244405821941126,0.2505231340894718
2008-07-22,5.4357936387673795e-18,0.34703280769111694,7.411225307723626e-17,0.40244405821941126,0.2505231340894718
2008-07-23,5.4357936387673795e-18,0.34703280769111694,7.411225307723626e-17,0.40244405821941126,0.2505231340894718
2008-07-24,5.4357936387673795e-18,0.34703280769111694,7.411225307723626e-17,0.40244405821941126,0.2505231340894718
2008-07-25,2.966825427974558e-17,0.32926092292261766,0.0,0.40193688769083125,0.2688021893865511
2008-07-28,2.966825427974558e-17,0.32926092292261766,0.0,0.40193688769083125,0.2688021893865511
2008-07-29,2.966825427974558e-17,0.32926092292261766,0.0,0.40193688769083125,0.2688021893865511
2008-07-30,2.966825427974558e-17,0.32926092292261766,0.0,0.40193688769083125,0.2688021893865511
2008-07-31,2.966825427974558e-17,0.32926092292261766,0.0,0.40193688769083125,0.2688021893865511
2008-08-01,2.966825427974558e-17,0.32926092292261766,0.0,0.40193688769083125,0.2688021893865511
2008-08-04,2.966825427974558e-17,0.32926092292261766,0.0,0.40193688769083125,0.2688021893865511
2008-08-05,2.966825427974558e-17,0.32926092292261766,0.0,0.40193688769083125,0.2688021893865511
2008-08-06,2.966825427974558e-17,0.32926092292261766,0.0,0.40193688769083125,0.2688021893865511
2008-08-07,2.966825427974558e-17,0.32926092292261766,0.0,0.40193688769083125,0.2688021893865511
2008-08-08,2.966825427974558e-17,0.32926092292261766,0.0,0.40193688769083125,0.2688021893865511
2008-08-11,2.966825427974558e-17,0.32926092292261766,0.0,0.40193688769083125,0.2688021893865511
2008-08-12,2.966825427974558e-17,0.32926092292261766,0.0,0.40193688769083125,0.2688021893865511
2008-08-13,2.966825427974558e-17,0.32926092292261766,0.0,0.40193688769083125,0.2688021893865511
2008-08-14,2.966825427974558e-17,0.32926092292261766,0.0,0.40193688769083125,0.2688021893865511
2008-08-15,2.966825427974558e-17,0.32926092292261766,0.0,0.40193688769083125,0.2688021893865511
2008-08-18,2.966825427974558e-17,0.32926092292261766,0.0,0.40193688769083125,0.2688021893865511
2008-08-19,2.966825427974558e-17,0.32926092292261766,0.0,0.40193688769083125,0.2688021893865511
2008-08-20,2.966825427974558e-17,0.32926092292261766,0.0,0.40193688769083125,0.2688021893865511
2008-08-21,2.966825427974558e-17,0.32926092292261766,0.0,0.40193688769083125,0.2688021893865511
2008-08-22,2.966825427974558e-17,0.32926092292261766,0.0,0.40193688769083125,0.2688021893865511
2008-08-25,0.0,0.310828780135943,1.8771612448231339e-16,0.39641327815472854,0.29275794170932834
2008-08-26,0.0,0.310828780135943,1.8771612448231339e-16,0.39641327815472854,0.29275794170932834
2008-08-27,0.0,0.310828780135943,1.8771612448231339e-16,0.39641327815472854,0.29275794170932834
2008-08-28,0.0,0.310828780135943,1.8771612448231339e-16,0.39641327815472854,0.29275794170932834
2008-08-29,0.0,0.310828780135943,1.8771612448231339e-16,0.39641327815472854,0.29275794170932834
2008-09-02,0.0,0.310828780135943,1.8771612448231339e-16,0.39641327815472854,0.29275794170932834
2008-09-03,0.0,0.310828780135943,1.8771612448231339e-16,0.39641327815472854,0.29275794170932834
2008-09-04,0.0,0.310828780135943,1.8771612448231339e-16,0.39641327815472854,0.29275794170932834
2008-09-05,0.0,0.310828780135943,1.8771612448231339e-16,0.39641327815472854,0.29275794170932834
2008-09-08,0.0,0.310828780135943,1.8771612448231339e-16,0.39641327815472854,0.29275794170932834
2008-09-09,0.0,0.310828780135943,1.8771612448231339e-16,0.39641327815472854,0.29275794170932834
2008-09-10,0.0,0.310828780135943,1.8771612448231339e-16,0.39641327815472854,0.29275794170932834
2008-09-11,0.0,0.310828780135943,1.8771612448231339e-16,0.39641327815472854,0.29275794170932834
2008-09-12,0.0,0.310828780135943,1.8771612448231339e-16,0.39641327815472854,0.29275794170932834
2008-09-15,0.0,0.310828780135943,1.8771612448231339e-16,0.39641327815472854,0.29275794170932834
2008-09-16,0.0,0.310828780135943,1.8771612448231339e-16,0.39641327815472854,0.29275794170932834
2008-09-17,0.0,0.310828780135943,1.8771612448231339e-16,0.39641327815472854,0.29275794170932834
2008-09-18,0.0,0.310828780135943,1.8771612448231339e-16,0.39641327815472854,0.29275794170932834
2008-09-19,0.0,0.310828780135943,1.8771612448231339e-16,0.39641327815472854,0.29275794170932834
2008-09-22,0.0,0.310828780135943,1.8771612448231339e-16,0.39641327815472854,0.29275794170932834
2008-09-23,0.0,0.310828780135943,1.8771612448231339e-16,0.39641327815472854,0.29275794170932834
2008-09-24,0.0,0.27320443099349523,1.8830001282598815e-19,0.4256593579552591,0.3011362110512457
2008-09-25,0.0,0.27320443099349523,1.8830001282598815e-19,0.4256593579552591,0.3011362110512457
2008-09-26,0.0,0.27320443099349523,1.8830001282598815e-19,0.4256593579552591,0.3011362110512457
2008-09-29,0.0,0.27320443099349523,1.8830001282598815e-19,0.4256593579552591,0.3011362110512457
2008-09-30,0.0,0.27320443099349523,1.8830001282598815e-19,0.4256593579552591,0.3011362110512457
2008-10-01,0.0,0.27320443099349523,1.8830001282598815e-19,0.4256593579552591,0.3011362110512457
2008-10-02,0.0,0.27320443099349523,1.8830001282598815e-19,0.4256593579552591,0.3011362110512457
2008-10-03,0.0,0.27320443099349523,1.8830001282598815e-19,0.4256593579552591,0.3011362110512457
2008-10-06,0.0,0.27320443099349523,1.8830001282598815e-19,0.4256593579552591,0.3011362110512457
2008-10-07,0.0,0.27320443099349523,1.8830001282598815e-19,0.4256593579552591,0.3011362110512457
2008-10-08,0.0,0.27320443099349523,1.8830001282598815e-19,0.4256593579552591,0.3011362110512457
2008-10-09,0.0,0.27320443099349523,1.8830001282598815e-19,0.4256593579552591,0.3011362110512457
2008-10-10,0.0,0.27320443099349523,1.8830001282598815e-19,0.4256593579552591,0.3011362110512457
2008-10-13,0.0,0.27320443099349523,1.8830001282598815e-19,0.4256593579552591,0.3011362110512457
2008-10-14,0.0,0.27320443099349523,1.8830001282598815e-19,0.4256593579552591,0.3011362110512457
2008-10-15,0.0,0.27320443099349523,1.8830001282598815e-19,0.4256593579552591,0.3011362110512457
2008-10-16,0.0,0.27320443099349523,1.8830001282598815e-19,0.4256593579552591,0.3011362110512457
2008-10-17,0.0,0.27320443099349523,1.8830001282598815e-19,0.4256593579552591,0.3011362110512457
2008-10-20,0.0,0.27320443099349523,1.8830001282598815e-19,0.4256593579552591,0.3011362110512457
2008-10-21,0.0,0.27320443099349523,1.8830001282598815e-19,0.4256593579552591,0.3011362110512457
2008-10-22,0.0,0.27320443099349523,1.8830001282598815e-19,0.4256593579552591,0.3011362110512457
2008-10-23,0.060646256950288115,0.3266957167491344,2.1757421559292817e-19,0.43374052471500446,0.17891750158557315
2008-10-24,0.060646256950288115,0.3266957167491344,2.1757421559292817e-19,0.43374052471500446,0.17891750158557315
2008-10-27,0.060646256950288115,0.3266957167491344,2.1757421559292817e-19,0.43374052471500446,0.17891750158557315
2008-10-28,0.060646256950288115,0.3266957167491344,2.1757421559292817e-19,0.43374052471500446,0.17891750158557315
2008-10-29,0.060646256950288115,0.3266957167491344,2.1757421559292817e-19,0.43374052471500446,0.17891750158557315
2008-10-30,0.060646256950288115,0.3266957167491344,2.1757421559292817e-19,0.43374052471500446,0.17891750158557315
2008-10-31,0.060646256950288115,0.3266957167491344,2.1757421559292817e-19,0.43374052471500446,0.17891750158557315
2008-11-03,0.060646256950288115,0.3266957167491344,2.1757421559292817e-19,0.43374052471500446,0.17891750158557315
2008-11-04,0.060646256950288115,0.3266957167491344,2.1757421559292817e-19,0.43374052471500446,0.17891750158557315
2008-11-05,0.060646256950288115,0.3266957167491344,2.1757421559292817e-19,0.43374052471500446,0.17891750158557315
2008-11-06,0.060646256950288115,0.3266957167491344,2.1757421559292817e-19,0.43374052471500446,0.17891750158557315
2008-11-07,0.060646256950288115,0.3266957167491344,2.1757421559292817e-19,0.43374052471500446,0.17891750158557315
2008-11-10,0.060646256950288115,0.3266957167491344,2.1757421559292817e-19,0.43374052471500446,0.17891750158557315
2008-11-11,0.060646256950288115,0.3266957167491344,2.1757421559292817e-19,0.43374052471500446,0.17891750158557315
2008-11-12,0.060646256950288115,0.3266957167491344,2.1757421559292817e-19,0.43374052471500446,0.17891750158557315
2008-11-13,0.060646256950288115,0.3266957167491344,2.1757421559292817e-19,0.43374052471500446,0.17891750158557315
2008-11-14,0.060646256950288115,0.3266957167491344,2.1757421559292817e-19,0.43374052471500446,0.17891750158557315
2008-11-17,0.060646256950288115,0.3266957167491344,2.1757421559292817e-19,0.43374052471500446,0.17891750158557315
2008-11-18,0.060646256950288115,0.3266957167491344,2.1757421559292817e-19,0.43374052471500446,0.17891750158557315
2008-11-19,0.060646256950288115,0.3266957167491344,2.1757421559292817e-19,0.43374052471500446,0.17891750158557315
2008-11-21,0.060646256950288115,0.3266957167491344,2.1757421559292817e-19,0.43374052471500446,0.17891750158557315
2008-11-24,0.07041153807596089,0.32571645683665607,3.9033664824395374e-17,0.4431042985360092,0.16076770655137385
2008-11-25,0.07041153807596089,0.32571645683665607,3.9033664824395374e-17,0.4431042985360092,0.16076770655137385
2008-11-26,0.07041153807596089,0.32571645683665607,3.9033664824395374e-17,0.4431042985360092,0.16076770655137385
2008-11-28,0.07041153807596089,0.32571645683665607,3.9033664824395374e-17,0.4431042985360092,0.16076770655137385
2008-12-01,0.07041153807596089,0.32571645683665607,3.9033664824395374e-17,0.4431042985360092,0.16076770655137385
2008-12-02,0.07041153807596089,0.32571645683665607,3.9033664824395374e-17,0.4431042985360092,0.16076770655137385
2008-12-03,0.07041153807596089,0.32571645683665607,3.9033664824395374e-17,0.4431042985360092,0.16076770655137385
2008-12-04,0.07041153807596089,0.32571645683665607,3.9033664824395374e-17,0.4431042985360092,0.16076770655137385
2008-12-05,0.07041153807596089,0.32571645683665607,3.9033664824395374e-17,0.4431042985360092,0.16076770655137385
2008-12-08,0.07041153807596089,0.32571645683665607,3.9033664824395374e-17,0.4431042985360092,0.16076770655137385
2008-12-09,0.07041153807596089,0.32571645683665607,3.9033664824395374e-17,0.4431042985360092,0.16076770655137385
2008-12-10,0.07041153807596089,0.32571645683665607,3.9033664824395374e-17,0.4431042985360092,0.16076770655137385
2008-12-11,0.07041153807596089,0.32571645683665607,3.9033664824395374e-17,0.4431042985360092,0.16076770655137385
2008-12-12,0.07041153807596089,0.32571645683665607,3.9033664824395374e-17,0.4431042985360092,0.16076770655137385
2008-12-15,0.07041153807596089,0.32571645683665607,3.9033664824395374e-17,0.4431042985360092,0.16076770655137385
2008-12-16,0.07041153807596089,0.32571645683665607,3.9033664824395374e-17,0.4431042985360092,0.16076770655137385
2008-12-17,0.07041153807596089,0.32571645683665607,3.9033664824395374e-17,0.4431042985360092,0.16076770655137385
2008-12-18,0.07041153807596089,0.32571645683665607,3.9033664824395374e-17,0.4431042985360092,0.16076770655137385
2008-12-19,0.07041153807596089,0.32571645683665607,3.9033664824395374e-17,0.4431042985360092,0.16076770655137385
2008-12-22,0.07041153807596089,0.32571645683665607,3.9033664824395374e-17,0.4431042985360092,0.16076770655137385
2008-12-23,0.07041153807596089,0.32571645683665607,3.9033664824395374e-17,0.4431042985360092,0.16076770655137385
2008-12-26,0.05342546928440764,0.3537029761176699,3.5027912112065496e-17,0.44807787058763393,0.1447936840102885
2008-12-29,0.05342546928440764,0.3537029761176699,3.5027912112065496e-17,0.44807787058763393,0.1447936840102885
2008-12-30,0.05342546928440764,0.3537029761176699,3.5027912112065496e-17,0.44807787058763393,0.1447936840102885
2009-01-02,0.05342546928440764,0.3537029761176699,3.5027912112065496e-17,0.44807787058763393,0.1447936840102885
2009-01-05,0.05342546928440764,0.3537029761176699,3.5027912112065496e-17,0.44807787058763393,0.1447936840102885
2009-01-06,0.05342546928440764,0.3537029761176699,3.5027912112065496e-17,0.44807787058763393,0.1447936840102885
2009-01-07,0.05342546928440764,0.3537029761176699,3.5027912112065496e-17,0.44807787058763393,0.1447936840102885
2009-01-08,0.05342546928440764,0.3537029761176699,3.5027912112065496e-17,0.44807787058763393,0.1447936840102885
2009-01-09,0.05342546928440764,0.3537029761176699,3.5027912112065496e-17,0.44807787058763393,0.1447936840102885
2009-01-12,0.05342546928440764,0.3537029761176699,3.5027912112065496e-17,0.44807787058763393,0.1447936840102885
2009-01-13,0.05342546928440764,0.3537029761176699,3.5027912112065496e-17,0.44807787058763393,0.1447936840102885
2009-01-14,0.05342546928440764,0.3537029761176699,3.5027912112065496e-17,0.44807787058763393,0.1447936840102885
2009-01-15,0.05342546928440764,0.3537029761176699,3.5027912112065496e-17,0.44807787058763393,0.1447936840102885
2009-01-16,0.05342546928440764,0.3537029761176699,3.5027912112065496e-17,0.44807787058763393,0.1447936840102885
2009-01-20,0.05342546928440764,0.3537029761176699,3.5027912112065496e-17,0.44807787058763393,0.1447936840102885
2009-01-21,0.05342546928440764,0.3537029761176699,3.5027912112065496e-17,0.44807787058763393,0.1447936840102885
2009-01-22,0.05342546928440764,0.3537029761176699,3.5027912112065496e-17,0.44807787058763393,0.1447936840102885
2009-01-23,0.05342546928440764,0.3537029761176699,3.5027912112065496e-17,0.44807787058763393,0.1447936840102885
2009-01-26,0.05342546928440764,0.3537029761176699,3.5027912112065496e-17,0.44807787058763393,0.1447936840102885
2009-01-27,0.05342546928440764,0.3537029761176699,3.5027912112065496e-17,0.44807787058763393,0.1447936840102885
2009-01-28,0.05342546928440764,0.3537029761176699,3.5027912112065496e-17,0.44807787058763393,0.1447936840102885
2009-01-29,0.030905313500253283,0.38461962452593607,1.0068139760910034e-16,0.45397555819708135,0.13049950377672917
2009-01-30,0.030905313500253283,0.38461962452593607,1.0068139760910034e-16,0.45397555819708135,0.13049950377672917
2009-02-02,0.030905313500253283,0.38461962452593607,1.0068139760910034e-16,0.45397555819708135,0.13049950377672917
2009-02-03,0.030905313500253283,0.38461962452593607,1.0068139760910034e-16,0.45397555819708135,0.13049950377672917
2009-02-04,0.030905313500253283,0.38461962452593607,1.0068139760910034e-16,0.45397555819708135,0.13049950377672917
2009-02-05,0.030905313500253283,0.38461962452593607,1.0068139760910034e-16,0.45397555819708135,0.13049950377672917
2009-02-06,0.030905313500253283,0.38461962452593607,1.0068139760910034e-16,0.45397555819708135,0.13049950377672917
2009-02-09,0.030905313500253283,0.38461962452593607,1.0068139760910034e-16,0.45397555819708135,0.13049950377672917
2009-02-10,0.030905313500253283,0.38461962452593607,1.0068139760910034e-16,0.45397555819708135,0.13049950377672917
2009-02-11,0.030905313500253283,0.38461962452593607,1.0068139760910034e-16,0.45397555819708135,0.13049950377672917
2009-02-12,0.030905313500253283,0.38461962452593607,1.0068139760910034e-16,0.45397555819708135,0.13049950377672917
2009-02-13,0.030905313500253283,0.38461962452593607,1.0068139760910034e-16,0.45397555819708135,0.13049950377672917
2009-02-17,0.030905313500253283,0.38461962452593607,1.0068139760910034e-16,0.45397555819708135,0.13049950377672917
2009-02-18,0.030905313500253283,0.38461962452593607,1.0068139760910034e-16,0.45397555819708135,0.13049950377672917
2009-02-19,0.030905313500253283,0.38461962452593607,1.0068139760910034e-16,0.45397555819708135,0.13049950377672917
2009-02-20,0.030905313500253283,0.38461962452593607,1.0068139760910034e-16,0.45397555819708135,0.13049950377672917
2009-02-25,0.030905313500253283,0.38461962452593607,1.0068139760910034e-16,0.45397555819708135,0.13049950377672917
2009-02-26,0.030905313500253283,0.38461962452593607,1.0068139760910034e-16,0.45397555819708135,0.13049950377672917
2009-02-27,0.030905313500253283,0.38461962452593607,1.0068139760910034e-16,0.45397555819708135,0.13049950377672917
2009-03-02,0.030905313500253283,0.38461962452593607,1.0068139760910034e-16,0.45397555819708135,0.13049950377672917
2009-03-03,0.030905313500253283,0.38461962452593607,1.0068139760910034e-16,0.45397555819708135,0.13049950377672917
2009-03-04,0.07326957787422396,0.3529315944172966,3.535984096037866e-18,0.4575128689864847,0.11628595872199479
2009-03-05,0.07326957787422396,0.3529315944172966,3.535984096037866e-18,0.4575128689864847,0.11628595872199479
2009-03-06,0.07326957787422396,0.3529315944172966,3.535984096037866e-18,0.4575128689864847,0.11628595872199479
2009-03-09,0.07326957787422396,0.3529315944172966,3.535984096037866e-18,0.4575128689864847,0.11628595872199479
2009-03-10,0.07326957787422396,0.3529315944172966,3.535984096037866e-18,0.4575128689864847,0.11628595872199479
2009-03-11,0.07326957787422396,0.3529315944172966,3.535984096037866e-18,0.4575128689864847,0.11628595872199479
2009-03-12,0.07326957787422396,0.3529315944172966,3.535984096037866e-18,0.4575128689864847,0.11628595872199479
2009-03-13,0.07326957787422396,0.3529315944172966,3.535984096037866e-18,0.4575128689864847,0.11628595872199479
2009-03-16,0.07326957787422396,0.3529315944172966,3.535984096037866e-18,0.4575128689864847,0.11628595872199479
2009-03-17,0.07326957787422396,0.3529315944172966,3.535984096037866e-18,0.4575128689864847,0.11628595872199479
2009-03-18,0.07326957787422396,0.3529315944172966,3.535984096037866e-18,0.4575128689864847,0.11628595872199479
2009-03-19,0.07326957787422396,0.3529315944172966,3.535984096037866e-18,0.4575128689864847,0.11628595872199479
2009-03-20,0.07326957787422396,0.3529315944172966,3.535984096037866e-18,0.4575128689864847,0.11628595872199479
2009-03-23,0.07326957787422396,0.3529315944172966,3.535984096037866e-18,0.4575128689864847,0.11628595872199479
2009-03-24,0.07326957787422396,0.3529315944172966,3.535984096037866e-18,0.4575128689864847,0.11628595872199479
2009-03-25,0.07326957787422396,0.3529315944172966,3.535984096037866e-18,0.4575128689864847,0.11628595872199479
2009-03-26,0.07326957787422396,0.3529315944172966,3.535984096037866e-18,0.4575128689864847,0.11628595872199479
2009-03-27,0.07326957787422396,0.3529315944172966,3.535984096037866e-18,0.4575128689864847,0.11628595872199479
2009-03-30,0.07326957787422396,0.3529315944172966,3.535984096037866e-18,0.4575128689864847,0.11628595872199479
2009-03-31,0.07326957787422396,0.3529315944172966,3.535984096037866e-18,0.4575128689864847,0.11628595872199479
2009-04-01,0.07326957787422396,0.3529315944172966,3.535984096037866e-18,0.4575128689864847,0.11628595872199479
2009-04-02,0.08244222305857393,0.34831035781591657,0.0,0.4617846814018309,0.10746273772367855
2009-04-03,0.08244222305857393,0.34831035781591657,0.0,0.4617846814018309,0.10746273772367855
2009-04-06,0.08244222305857393,0.34831035781591657,0.0,0.4617846814018309,0.10746273772367855
2009-04-07,0.08244222305857393,0.34831035781591657,0.0,0.4617846814018309,0.10746273772367855
2009-04-08,0.08244222305857393,0.34831035781591657,0.0,0.4617846814018309,0.10746273772367855
2009-04-09,0.08244222305857393,0.34831035781591657,0.0,0.4617846814018309,0.10746273772367855
2009-04-13,0.08244222305857393,0.34831035781591657,0.0,0.4617846814018309,0.10746273772367855
2009-04-14,0.08244222305857393,0.34831035781591657,0.0,0.4617846814018309,0.10746273772367855
2009-04-15,0.08244222305857393,0.34831035781591657,0.0,0.4617846814018309,0.10746273772367855
2009-04-16,0.08244222305857393,0.34831035781591657,0.0,0.4617846814018309,0.10746273772367855
2009-04-17,0.08244222305857393,0.34831035781591657,0.0,0.4617846814018309,0.10746273772367855
2009-04-20,0.08244222305857393,0.34831035781591657,0.0,0.4617846814018309,0.10746273772367855
2009-04-22,0.08244222305857393,0.34831035781591657,0.0,0.4617846814018309,0.10746273772367855
2009-04-23,0.08244222305857393,0.34831035781591657,0.0,0.4617846814018309,0.10746273772367855
2009-04-24,0.08244222305857393,0.34831035781591657,0.0,0.4617846814018309,0.10746273772367855
2009-04-27,0.08244222305857393,0.34831035781591657,0.0,0.4617846814018309,0.10746273772367855
2009-04-28,0.08244222305857393,0.34831035781591657,0.0,0.4617846814018309,0.10746273772367855
2009-04-29,0.08244222305857393,0.34831035781591657,0.0,0.4617846814018309,0.10746273772367855
2009-04-30,0.08244222305857393,0.34831035781591657,0.0,0.4617846814018309,0.10746273772367855
2009-05-04,0.08244222305857393,0.34831035781591657,0.0,0.4617846814018309,0.10746273772367855
2009-05-05,0.08244222305857393,0.34831035781591657,0.0,0.4617846814018309,0.10746273772367855
2009-05-06,0.08149969039974188,0.357004605899785,1.7340725805626622e-17,0.46570045427615525,0.09579524942431789
2009-05-07,0.08149969039974188,0.357004605899785,1.7340725805626622e-17,0.46570045427615525,0.09579524942431789
2009-05-08,0.08149969039974188,0.357004605899785,1.7340725805626622e-17,0.46570045427615525,0.09579524942431789
2009-05-11,0.08149969039974188,0.357004605899785,1.7340725805626622e-17,0.46570045427615525,0.09579524942431789
2009-05-12,0.08149969039974188,0.357004605899785,1.7340725805626622e-17,0.46570045427615525,0.09579524942431789
2009-05-13,0.08149969039974188,0.357004605899785,1.7340725805626622e-17,0.46570045427615525,0.09579524942431789
2009-05-14,0.08149969039974188,0.357004605899785,1.7340725805626622e-17,0.46570045427615525,0.09579524942431789
2009-05-15,0.08149969039974188,0.357004605899785,1.7340725805626622e-17,0.46570045427615525,0.09579524942431789
2009-05-18,0.08149969039974188,0.357004605899785,1.7340725805626622e-17,0.46570045427615525,0.09579524942431789
2009-05-19,0.08149969039974188,0.357004605899785,1.7340725805626622e-17,0.46570045427615525,0.09579524942431789
2009-05-20,0.08149969039974188,0.357004605899785,1.7340725805626622e-17,0.46570045427615525,0.09579524942431789
2009-05-21,0.08149969039974188,0.357004605899785,1.7340725805626622e-17,0.46570045427615525,0.09579524942431789
2009-05-22,0.08149969039974188,0.357004605899785,1.7340725805626622e-17,0.46570045427615525,0.09579524942431789
2009-05-26,0.08149969039974188,0.357004605899785,1.7340725805626622e-17,0.46570045427615525,0.09579524942431789
2009-05-27,0.08149969039974188,0.357004605899785,1.7340725805626622e-17,0.46570045427615525,0.09579524942431789
2009-05-28,0.08149969039974188,0.357004605899785,1.7340725805626622e-17,0.46570045427615525,0.09579524942431789
2009-05-29,0.08149969039974188,0.357004605899785,1.7340725805626622e-17,0.46570045427615525,0.09579524942431789
2009-06-01,0.08149969039974188,0.357004605899785,1.7340725805626622e-17,0.46570045427615525,0.09579524942431789
2009-06-02,0.08149969039974188,0.357004605899785,1.7340725805626622e-17,0.46570045427615525,0.09579524942431789
2009-06-03,0.08149969039974188,0.357004605899785,1.7340725805626622e-17,0.46570045427615525,0.09579524942431789
2009-06-04,0.08149969039974188,0.357004605899785,1.7340725805626622e-17,0.46570045427615525,0.09579524942431789
2009-06-05,0.08831504132774957,0.35924265721043613,0.0,0.4709537602715646,0.0814885411902497
2009-06-08,0.08831504132774957,0.35924265721043613,0.0,0.4709537602715646,0.0814885411902497
2009-06-09,0.08831504132774957,0.35924265721043613,0.0,0.4709537602715646,0.0814885411902497
2009-06-10,0.08831504132774957,0.35924265721043613,0.0,0.4709537602715646,0.0814885411902497
2009-06-12,0.08831504132774957,0.35924265721043613,0.0,0.4709537602715646,0.0814885411902497
2009-06-15,0.08831504132774957,0.35924265721043613,0.0,0.4709537602715646,0.0814885411902497
2009-06-16,0.08831504132774957,0.35924265721043613,0.0,0.4709537602715646,0.0814885411902497
2009-06-17,0.08831504132774957,0.35924265721043613,0.0,0.4709537602715646,0.0814885411902497
2009-06-18,0.08831504132774957,0.35924265721043613,0.0,0.4709537602715646,0.0814885411902497
2009-06-19,0.08831504132774957,0.35924265721043613,0.0,0.4709537602715646,0.0814885411902497
2009-06-22,0.08831504132774957,0.35924265721043613,0.0,0.4709537602715646,0.0814885411902497
2009-06-23,0.08831504132774957,0.35924265721043613,0.0,0.4709537602715646,0.0814885411902497
2009-06-24,0.08831504132774957,0.35924265721043613,0.0,0.4709537602715646,0.0814885411902497
2009-06-25,0.08831504132774957,0.35924265721043613,0.0,0.4709537602715646,0.0814885411902497
2009-06-26,0.08831504132774957,0.35924265721043613,0.0,0.4709537602715646,0.0814885411902497
2009-06-29,0.08831504132774957,0.35924265721043613,0.0,0.4709537602715646,0.0814885411902497
2009-06-30,0.08831504132774957,0.35924265721043613,0.0,0.4709537602715646,0.0814885411902497
2009-07-01,0.08831504132774957,0.35924265721043613,0.0,0.4709537602715646,0.0814885411902497
2009-07-02,0.08831504132774957,0.35924265721043613,0.0,0.4709537602715646,0.0814885411902497
2009-07-06,0.08831504132774957,0.35924265721043613,0.0,0.4709537602715646,0.0814885411902497
2009-07-07,0.08831504132774957,0.35924265721043613,0.0,0.4709537602715646,0.0814885411902497
2009-07-08,0.1140051419373001,0.3425614838602971,0.0,0.4742466798935502,0.06918669430885262
2009-07-10,0.1140051419373001,0.3425614838602971,0.0,0.4742466798935502,0.06918669430885262
2009-07-13,0.1140051419373001,0.3425614838602971,0.0,0.4742466798935502,0.06918669430885262
2009-07-14,0.1140051419373001,0.3425614838602971,0.0,0.4742466798935502,0.06918669430885262
2009-07-15,0.1140051419373001,0.3425614838602971,0.0,0.4742466798935502,0.06918669430885262
2009-07-16,0.1140051419373001,0.3425614838602971,0.0,0.4742466798935502,0.06918669430885262
2009-07-17,0.1140051419373001,0.3425614838602971,0.0,0.4742466798935502,0.06918669430885262
2009-07-20,0.1140051419373001,0.3425614838602971,0.0,0.4742466798935502,0.06918669430885262
2009-07-21,0.1140051419373001,0.3425614838602971,0.0,0.4742466798935502,0.06918669430885262
2009-07-22,0.1140051419373001,0.3425614838602971,0.0,0.4742466798935502,0.06918669430885262
2009-07-23,0.1140051419373001,0.3425614838602971,0.0,0.4742466798935502,0.06918669430885262
2009-07-24,0.1140051419373001,0.3425614838602971,0.0,0.4742466798935502,0.06918669430885262
2009-07-27,0.1140051419373001,0.3425614838602971,0.0,0.4742466798935502,0.06918669430885262
2009-07-28,0.1140051419373001,0.3425614838602971,0.0,0.4742466798935502,0.06918669430885262
2009-07-29,0.1140051419373001,0.3425614838602971,0.0,0.4742466798935502,0.06918669430885262
2009-07-30,0.1140051419373001,0.3425614838602971,0.0,0.4742466798935502,0.06918669430885262
2009-07-31,0.1140051419373001,0.3425614838602971,0.0,0.4742466798935502,0.06918669430885262
2009-08-03,0.1140051419373001,0.3425614838602971,0.0,0.4742466798935502,0.06918669430885262
2009-08-04,0.1140051419373001,0.3425614838602971,0.0,0.4742466798935502,0.06918669430885262
2009-08-05,0.1140051419373001,0.3425614838602971,0.0,0.4742466798935502,0.06918669430885262
2009-08-06,0.1140051419373001,0.3425614838602971,0.0,0.4742466798935502,0.06918669430885262
2009-08-07,0.11741672079042266,0.3494088350205087,0.0,0.47892083612164016,0.0542536080674284
2009-08-10,0.11741672079042266,0.3494088350205087,0.0,0.47892083612164016,0.0542536080674284
2009-08-11,0.11741672079042266,0.3494088350205087,0.0,0.47892083612164016,0.0542536080674284
2009-08-12,0.11741672079042266,0.3494088350205087,0.0,0.47892083612164016,0.0542536080674284
2009-08-13,0.11741672079042266,0.3494088350205087,0.0,0.47892083612164016,0.0542536080674284
2009-08-14,0.11741672079042266,0.3494088350205087,0.0,0.47892083612164016,0.0542536080674284
2009-08-17,0.11741672079042266,0.3494088350205087,0.0,0.47892083612164016,0.0542536080674284
2009-08-18,0.11741672079042266,0.3494088350205087,0.0,0.47892083612164016,0.0542536080674284
2009-08-19,0.11741672079042266,0.3494088350205087,0.0,0.47892083612164016,0.0542536080674284
2009-08-20,0.11741672079042266,0.3494088350205087,0.0,0.47892083612164016,0.0542536080674284
2009-08-21,0.11741672079042266,0.3494088350205087,0.0,0.47892083612164016,0.0542536080674284
2009-08-24,0.11741672079042266,0.3494088350205087,0.0,0.47892083612164016,0.0542536080674284
2009-08-25,0.11741672079042266,0.3494088350205087,0.0,0.47892083612164016,0.0542536080674284
2009-08-26,0.11741672079042266,0.3494088350205087,0.0,0.47892083612164016,0.0542536080674284
2009-08-27,0.11741672079042266,0.3494088350205087,0.0,0.47892083612164016,0.0542536080674284
2009-08-28,0.11741672079042266,0.3494088350205087,0.0,0.47892083612164016,0.0542536080674284
2009-08-31,0.11741672079042266,0.3494088350205087,0.0,0.47892083612164016,0.0542536080674284
2009-09-01,0.11741672079042266,0.3494088350205087,0.0,0.47892083612164016,0.0542536080674284
2009-09-02,0.11741672079042266,0.3494088350205087,0.0,0.47892083612164016,0.0542536080674284
2009-09-03,0.11741672079042266,0.3494088350205087,0.0,0.47892083612164016,0.0542536080674284
2009-09-04,0.11741672079042266,0.3494088350205087,0.0,0.47892083612164016,0.0542536080674284
2009-09-08,0.12955510938841258,0.3561866307904428,6.159151986550452e-18,0.48808864383883604,0.026169615982308575
2009-09-09,0.12955510938841258,0.3561866307904428,6.159151986550452e-18,0.48808864383883604,0.026169615982308575
2009-09-10,0.12955510938841258,0.3561866307904428,6.159151986550452e-18,0.48808864383883604,0.026169615982308575
2009-09-11,0.12955510938841258,0.3561866307904428,6.159151986550452e-18,0.48808864383883604,0.026169615982308575
2009-09-14,0.12955510938841258,0.3561866307904428,6.159151986550452e-18,0.48808864383883604,0.026169615982308575
2009-09-15,0.12955510938841258,0.3561866307904428,6.159151986550452e-18,0.48808864383883604,0.026169615982308575
2009-09-16,0.12955510938841258,0.3561866307904428,6.159151986550452e-18,0.48808864383883604,0.026169615982308575
2009-09-17,0.12955510938841258,0.3561866307904428,6.159151986550452e-18,0.48808864383883604,0.026169615982308575
2009-09-18,0.12955510938841258,0.3561866307904428,6.159151986550452e-18,0.48808864383883604,0.026169615982308575
2009-09-21,0.12955510938841258,0.3561866307904428,6.159151986550452e-18,0.48808864383883604,0.026169615982308575
2009-09-22,0.12955510938841258,0.3561866307904428,6.159151986550452e-18,0.48808864383883604,0.026169615982308575
2009-09-23,0.12955510938841258,0.3561866307904428,6.159151986550452e-18,0.48808864383883604,0.026169615982308575
2009-09-24,0.12955510938841258,0.3561866307904428,6.159151986550452e-18,0.48808864383883604,0.026169615982308575
2009-09-25,0.12955510938841258,0.3561866307904428,6.159151986550452e-18,0.48808864383883604,0.026169615982308575
2009-09-28,0.12955510938841258,0.3561866307904428,6.159151986550452e-18,0.48808864383883604,0.026169615982308575
2009-09-29,0.12955510938841258,0.3561866307904428,6.159151986550452e-18,0.48808864383883604,0.026169615982308575
2009-09-30,0.12955510938841258,0.3561866307904428,6.159151986550452e-18,0.48808864383883604,0.026169615982308575
2009-10-01,0.12955510938841258,0.3561866307904428,6.159151986550452e-18,0.48808864383883604,0.026169615982308575
2009-10-02,0.12955510938841258,0.3561866307904428,6.159151986550452e-18,0.48808864383883604,0.026169615982308575
2009-10-05,0.12955510938841258,0.3561866307904428,6.159151986550452e-18,0.48808864383883604,0.026169615982308575
2009-10-06,0.12955510938841258,0.3561866307904428,6.159151986550452e-18,0.48808864383883604,0.026169615982308575
2009-10-07,0.17492372513661106,0.32084972088112573,2.3843739694421593e-17,0.49108998670801607,0.013136567274247182
2009-10-08,0.17492372513661106,0.32084972088112573,2.3843739694421593e-17,0.49108998670801607,0.013136567274247182
2009-10-09,0.17492372513661106,0.32084972088112573,2.3843739694421593e-17,0.49108998670801607,0.013136567274247182
2009-10-13,0.17492372513661106,0.32084972088112573,2.3843739694421593e-17,0.49108998670801607,0.013136567274247182
2009-10-14,0.17492372513661106,0.32084972088112573,2.3843739694421593e-17,0.49108998670801607,0.013136567274247182
2009-10-15,0.17492372513661106,0.32084972088112573,2.3843739694421593e-17,0.49108998670801607,0.013136567274247182
2009-10-16,0.17492372513661106,0.32084972088112573,2.3843739694421593e-17,0.49108998670801607,0.013136567274247182
2009-10-19,0.17492372513661106,0.32084972088112573,2.3843739694421593e-17,0.49108998670801607,0.013136567274247182
2009-10-20,0.17492372513661106,0.32084972088112573,2.3843739694421593e-17,0.49108998670801607,0.013136567274247182
2009-10-21,0.17492372513661106,0.32084972088112573,2.3843739694421593e-17,0.49108998670801607,0.013136567274247182
2009-10-22,0.17492372513661106,0.32084972088112573,2.3843739694421593e-17,0.49108998670801607,0.013136567274247182
2009-10-23,0.17492372513661106,0.32084972088112573,2.3843739694421593e-17,0.49108998670801607,0.013136567274247182
2009-10-26,0.17492372513661106,0.32084972088112573,2.3843739694421593e-17,0.49108998670801607,0.013136567274247182
2009-10-27,0.17492372513661106,0.32084972088112573,2.3843739694421593e-17,0.49108998670801607,0.013136567274247182
2009-10-28,0.17492372513661106,0.32084972088112573,2.3843739694421593e-17,0.49108998670801607,0.013136567274247182
2009-10-29,0.17492372513661106,0.32084972088112573,2.3843739694421593e-17,0.49108998670801607,0.013136567274247182
2009-10-30,0.17492372513661106,0.32084972088112573,2.3843739694421593e-17,0.49108998670801607,0.013136567274247182
2009-11-03,0.17492372513661106,0.32084972088112573,2.3843739694421593e-17,0.49108998670801607,0.013136567274247182
2009-11-04,0.17492372513661106,0.32084972088112573,2.3843739694421593e-17,0.49108998670801607,0.013136567274247182
2009-11-05,0.17492372513661106,0.32084972088112573,2.3843739694421593e-17,0.49108998670801607,0.013136567274247182
2009-11-06,0.17492372513661106,0.32084972088112573,2.3843739694421593e-17,0.49108998670801607,0.013136567274247182
2009-11-09,0.22988832573142667,0.22440901853502784,0.0,0.4734643253747013,0.07223833035884428
2009-11-10,0.22988832573142667,0.22440901853502784,0.0,0.4734643253747013,0.07223833035884428
2009-11-11,0.22988832573142667,0.22440901853502784,0.0,0.4734643253747013,0.07223833035884428
2009-11-12,0.22988832573142667,0.22440901853502784,0.0,0.4734643253747013,0.07223833035884428
2009-11-13,0.22988832573142667,0.22440901853502784,0.0,0.4734643253747013,0.07223833035884428
2009-11-16,0.22988832573142667,0.22440901853502784,0.0,0.4734643253747013,0.07223833035884428
2009-11-17,0.22988832573142667,0.22440901853502784,0.0,0.4734643253747013,0.07223833035884428
2009-11-18,0.22988832573142667,0.22440901853502784,0.0,0.4734643253747013,0.07223833035884428
2009-11-19,0.22988832573142667,0.22440901853502784,0.0,0.4734643253747013,0.07223833035884428
2009-11-23,0.22988832573142667,0.22440901853502784,0.0,0.4734643253747013,0.07223833035884428
2009-11-24,0.22988832573142667,0.22440901853502784,0.0,0.4734643253747013,0.07223833035884428
2009-11-25,0.22988832573142667,0.22440901853502784,0.0,0.4734643253747013,0.07223833035884428
2009-11-27,0.22988832573142667,0.22440901853502784,0.0,0.4734643253747013,0.07223833035884428
2009-11-30,0.22988832573142667,0.22440901853502784,0.0,0.4734643253747013,0.07223833035884428
2009-12-01,0.22988832573142667,0.22440901853502784,0.0,0.4734643253747013,0.07223833035884428
2009-12-02,0.22988832573142667,0.22440901853502784,0.0,0.4734643253747013,0.07223833035884428
2009-12-03,0.22988832573142667,0.22440901853502784,0.0,0.4734643253747013,0.07223833035884428
2009-12-04,0.22988832573142667,0.22440901853502784,0.0,0.4734643253747013,0.07223833035884428
2009-12-07,0.22988832573142667,0.22440901853502784,0.0,0.4734643253747013,0.07223833035884428
2009-12-08,0.22988832573142667,0.22440901853502784,0.0,0.4734643253747013,0.07223833035884428
2009-12-09,0.22988832573142667,0.22440901853502784,0.0,0.4734643253747013,0.07223833035884428
2009-12-10,0.17694857166323139,0.26675671500639053,2.3634609221385092e-17,0.4681811199210887,0.0881135934092893
2009-12-11,0.17694857166323139,0.26675671500639053,2.3634609221385092e-17,0.4681811199210887,0.0881135934092893
2009-12-14,0.17694857166323139,0.26675671500639053,2.3634609221385092e-17,0.4681811199210887,0.0881135934092893
2009-12-15,0.17694857166323139,0.26675671500639053,2.3634609221385092e-17,0.4681811199210887,0.0881135934092893
2009-12-16,0.17694857166323139,0.26675671500639053,2.3634609221385092e-17,0.4681811199210887,0.0881135934092893
2009-12-17,0.17694857166323139,0.26675671500639053,2.3634609221385092e-17,0.4681811199210887,0.0881135934092893
2009-12-18,0.17694857166323139,0.26675671500639053,2.3634609221385092e-17,0.4681811199210887,0.0881135934092893
2009-12-21,0.17694857166323139,0.26675671500639053,2.3634609221385092e-17,0.4681811199210887,0.0881135934092893
2009-12-22,0.17694857166323139,0.26675671500639053,2.3634609221385092e-17,0.4681811199210887,0.0881135934092893
2009-12-23,0.17694857166323139,0.26675671500639053,2.3634609221385092e-17,0.4681811199210887,0.0881135934092893
2009-12-28,0.17694857166323139,0.26675671500639053,2.3634609221385092e-17,0.4681811199210887,0.0881135934092893
2009-12-29,0.17694857166323139,0.26675671500639053,2.3634609221385092e-17,0.4681811199210887,0.0881135934092893
2009-12-30,0.17694857166323139,0.26675671500639053,2.3634609221385092e-17,0.4681811199210887,0.0881135934092893
2010-01-04,0.17694857166323139,0.26675671500639053,2.3634609221385092e-17,0.4681811199210887,0.0881135934092893
2010-01-05,0.17694857166323139,0.26675671500639053,2.3634609221385092e-17,0.4681811199210887,0.0881135934092893
2010-01-06,0.17694857166323139,0.26675671500639053,2.3634609221385092e-17,0.4681811199210887,0.0881135934092893
2010-01-07,0.17694857166323139,0.26675671500639053,2.3634609221385092e-17,0.4681811199210887,0.0881135934092893
2010-01-08,0.17694857166323139,0.26675671500639053,2.3634609221385092e-17,0.4681811199210887,0.0881135934092893
2010-01-11,0.17694857166323139,0.26675671500639053,2.3634609221385092e-17,0.4681811199210887,0.0881135934092893
2010-01-12,0.17694857166323139,0.26675671500639053,2.3634609221385092e-17,0.4681811199210887,0.0881135934092893
2010-01-13,0.17694857166323139,0.26675671500639053,2.3634609221385092e-17,0.4681811199210887,0.0881135934092893
2010-01-14,0.22410721936286043,0.18535100552733882,0.0,0.46109693976091043,0.1294448353488904
2010-01-15,0.22410721936286043,0.18535100552733882,0.0,0.46109693976091043,0.1294448353488904
2010-01-19,0.22410721936286043,0.18535100552733882,0.0,0.46109693976091043,0.1294448353488904
2010-01-20,0.22410721936286043,0.18535100552733882,0.0,0.46109693976091043,0.1294448353488904
2010-01-21,0.22410721936286043,0.18535100552733882,0.0,0.46109693976091043,0.1294448353488904
2010-01-22,0.22410721936286043,0.18535100552733882,0.0,0.46109693976091043,0.1294448353488904
2010-01-26,0.22410721936286043,0.18535100552733882,0.0,0.46109693976091043,0.1294448353488904
2010-01-27,0.22410721936286043,0.18535100552733882,0.0,0.46109693976091043,0.1294448353488904
2010-01-28,0.22410721936286043,0.18535100552733882,0.0,0.46109693976091043,0.1294448353488904
2010-01-29,0.22410721936286043,0.18535100552733882,0.0,0.46109693976091043,0.1294448353488904
2010-02-01,0.22410721936286043,0.18535100552733882,0.0,0.46109693976091043,0.1294448353488904
2010-02-02,0.22410721936286043,0.18535100552733882,0.0,0.46109693976091043,0.1294448353488904
2010-02-03,0.22410721936286043,0.18535100552733882,0.0,0.46109693976091043,0.1294448353488904
2010-02-04,0.22410721936286043,0.18535100552733882,0.0,0.46109693976091043,0.1294448353488904
2010-02-05,0.22410721936286043,0.18535100552733882,0.0,0.46109693976091043,0.1294448353488904
2010-02-08,0.22410721936286043,0.18535100552733882,0.0,0.46109693976091043,0.1294448353488904
2010-02-09,0.22410721936286043,0.18535100552733882,0.0,0.46109693976091043,0.1294448353488904
2010-02-10,0.22410721936286043,0.18535100552733882,0.0,0.46109693976091043,0.1294448353488904
2010-02-11,0.22410721936286043,0.18535100552733882,0.0,0.46109693976091043,0.1294448353488904
2010-02-12,0.22410721936286043,0.18535100552733882,0.0,0.46109693976091043,0.1294448353488904
2010-02-17,0.22410721936286043,0.18535100552733882,0.0,0.46109693976091043,0.1294448353488904
2010-02-18,0.2964888869601507,0.08910846347691267,8.19001733354374e-19,0.4508196224794463,0.1635830270834904
2010-02-19,0.2964888869601507,0.08910846347691267,8.19001733354374e-19,0.4508196224794463,0.1635830270834904
2010-02-22,0.2964888869601507,0.08910846347691267,8.19001733354374e-19,0.4508196224794463,0.1635830270834904
2010-02-23,0.2964888869601507,0.08910846347691267,8.19001733354374e-19,0.4508196224794463,0.1635830270834904
2010-02-24,0.2964888869601507,0.08910846347691267,8.19001733354374e-19,0.4508196224794463,0.1635830270834904
2010-02-25,0.2964888869601507,0.08910846347691267,8.19001733354374e-19,0.4508196224794463,0.1635830270834904
2010-02-26,0.2964888869601507,0.08910846347691267,8.19001733354374e-19,0.4508196224794463,0.1635830270834904
2010-03-01,0.2964888869601507,0.08910846347691267,8.19001733354374e-19,0.4508196224794463,0.1635830270834904
2010-03-02,0.2964888869601507,0.08910846347691267,8.19001733354374e-19,0.4508196224794463,0.1635830270834904
2010-03-03,0.2964888869601507,0.08910846347691267,8.19001733354374e-19,0.4508196224794463,0.1635830270834904
2010-03-04,0.2964888869601507,0.08910846347691267,8.19001733354374e-19,0.4508196224794463,0.1635830270834904
2010-03-05,0.2964888869601507,0.08910846347691267,8.19001733354374e-19,0.4508196224794463,0.1635830270834904
2010-03-08,0.2964888869601507,0.08910846347691267,8.19001733354374e-19,0.4508196224794463,0.1635830270834904
2010-03-09,0.2964888869601507,0.08910846347691267,8.19001733354374e-19,0.4508196224794463,0.1635830270834904
2010-03-10,0.2964888869601507,0.08910846347691267,8.19001733354374e-19,0.4508196224794463,0.1635830270834904
2010-03-11,0.2964888869601507,0.08910846347691267,8.19001733354374e-19,0.4508196224794463,0.1635830270834904
2010-03-12,0.2964888869601507,0.08910846347691267,8.19001733354374e-19,0.4508196224794463,0.1635830270834904
2010-03-15,0.2964888869601507,0.08910846347691267,8.19001733354374e-19,0.4508196224794463,0.1635830270834904
2010-03-16,0.2964888869601507,0.08910846347691267,8.19001733354374e-19,0.4508196224794463,0.1635830270834904
2010-03-17,0.2964888869601507,0.08910846347691267,8.19001733354374e-19,0.4508196224794463,0.1635830270834904
2010-03-18,0.2964888869601507,0.08910846347691267,8.19001733354374e-19,0.4508196224794463,0.1635830270834904
2010-03-19,0.19267195039428572,0.16914601577789404,0.0,0.4455884410876185,0.1925935927402017
2010-03-22,0.19267195039428572,0.16914601577789404,0.0,0.4455884410876185,0.1925935927402017
2010-03-23,0.19267195039428572,0.16914601577789404,0.0,0.4455884410876185,0.1925935927402017
2010-03-24,0.19267195039428572,0.16914601577789404,0.0,0.4455884410876185,0.1925935927402017
2010-03-25,0.19267195039428572,0.16914601577789404,0.0,0.4455884410876185,0.1925935927402017
2010-03-26,0.19267195039428572,0.16914601577789404,0.0,0.4455884410876185,0.1925935927402017
2010-03-29,0.19267195039428572,0.16914601577789404,0.0,0.4455884410876185,0.1925935927402017
2010-03-30,0.19267195039428572,0.16914601577789404,0.0,0.4455884410876185,0.1925935927402017
2010-03-31,0.19267195039428572,0.16914601577789404,0.0,0.4455884410876185,0.1925935927402017
2010-04-01,0.19267195039428572,0.16914601577789404,0.0,0.4455884410876185,0.1925935927402017
2010-04-05,0.19267195039428572,0.16914601577789404,0.0,0.4455884410876185,0.1925935927402017
2010-04-06,0.19267195039428572,0.16914601577789404,0.0,0.4455884410876185,0.1925935927402017
2010-04-07,0.19267195039428572,0.16914601577789404,0.0,0.4455884410876185,0.1925935927402017
2010-04-08,0.19267195039428572,0.16914601577789404,0.0,0.4455884410876185,0.1925935927402017
2010-04-09,0.19267195039428572,0.16914601577789404,0.0,0.4455884410876185,0.1925935927402017
2010-04-12,0.19267195039428572,0.16914601577789404,0.0,0.4455884410876185,0.1925935927402017
2010-04-13,0.19267195039428572,0.16914601577789404,0.0,0.4455884410876185,0.1925935927402017
2010-04-14,0.19267195039428572,0.16914601577789404,0.0,0.4455884410876185,0.1925935927402017
2010-04-15,0.19267195039428572,0.16914601577789404,0.0,0.4455884410876185,0.1925935927402017
2010-04-16,0.19267195039428572,0.16914601577789404,0.0,0.4455884410876185,0.1925935927402017
2010-04-19,0.19267195039428572,0.16914601577789404,0.0,0.4455884410876185,0.1925935927402017
2010-04-20,0.16181808631030448,0.21583095590774104,2.543760246618111e-17,0.4283147317839325,0.1940362259980219
2010-04-22,0.16181808631030448,0.21583095590774104,2.543760246618111e-17,0.4283147317839325,0.1940362259980219
2010-04-23,0.16181808631030448,0.21583095590774104,2.543760246618111e-17,0.4283147317839325,0.1940362259980219
2010-04-26,0.16181808631030448,0.21583095590774104,2.543760246618111e-17,0.4283147317839325,0.1940362259980219
2010-04-27,0.16181808631030448,0.21583095590774104,2.543760246618111e-17,0.4283147317839325,0.1940362259980219
2010-04-28,0.16181808631030448,0.21583095590774104,2.543760246618111e-17,0.4283147317839325,0.1940362259980219
2010-04-29,0.16181808631030448,0.21583095590774104,2.543760246618111e-17,0.4283147317839325,0.1940362259980219
2010-04-30,0.16181808631030448,0.21583095590774104,2.543760246618111e-17,0.4283147317839325,0.1940362259980219
2010-05-03,0.16181808631030448,0.21583095590774104,2.543760246618111e-17,0.4283147317839325,0.1940362259980219
2010-05-04,0.16181808631030448,0.21583095590774104,2.543760246618111e-17,0.4283147317839325,0.1940362259980219
2010-05-05,0.16181808631030448,0.21583095590774104,2.543760246618111e-17,0.4283147317839325,0.1940362259980219
2010-05-06,0.16181808631030448,0.21583095590774104,2.543760246618111e-17,0.4283147317839325,0.1940362259980219
2010-05-07,0.16181808631030448,0.21583095590774104,2.543760246618111e-17,0.4283147317839325,0.1940362259980219
2010-05-10,0.16181808631030448,0.21583095590774104,2.543760246618111e-17,0.4283147317839325,0.1940362259980219
2010-05-11,0.16181808631030448,0.21583095590774104,2.543760246618111e-17,0.4283147317839325,0.1940362259980219
2010-05-12,0.16181808631030448,0.21583095590774104,2.543760246618111e-17,0.4283147317839325,0.1940362259980219
2010-05-13,0.16181808631030448,0.21583095590774104,2.543760246618111e-17,0.4283147317839325,0.1940362259980219
2010-05-14,0.16181808631030448,0.21583095590774104,2.543760246618111e-17,0.4283147317839325,0.1940362259980219
2010-05-17,0.16181808631030448,0.21583095590774104,2.543760246618111e-17,0.4283147317839325,0.1940362259980219
2010-05-18,0.16181808631030448,0.21583095590774104,2.543760246618111e-17,0.4283147317839325,0.1940362259980219
2010-05-19,0.16181808631030448,0.21583095590774104,2.543760246618111e-17,0.4283147317839325,0.1940362259980219
2010-05-20,0.0795354695115363,0.3054124516243915,1.1393169270557957e-16,0.4269532533323285,0.18809882553174367
2010-05-21,0.0795354695115363,0.3054124516243915,1.1393169270557957e-16,0.4269532533323285,0.18809882553174367
2010-05-24,0.0795354695115363,0.3054124516243915,1.1393169270557957e-16,0.4269532533323285,0.18809882553174367
2010-05-25,0.0795354695115363,0.3054124516243915,1.1393169270557957e-16,0.4269532533323285,0.18809882553174367
2010-05-26,0.0795354695115363,0.3054124516243915,1.1393169270557957e-16,0.4269532533323285,0.18809882553174367
2010-05-27,0.0795354695115363,0.3054124516243915,1.1393169270557957e-16,0.4269532533323285,0.18809882553174367
2010-05-28,0.0795354695115363,0.3054124516243915,1.1393169270557957e-16,0.4269532533323285,0.18809882553174367
2010-06-01,0.0795354695115363,0.3054124516243915,1.1393169270557957e-16,0.4269532533323285,0.18809882553174367
2010-06-02,0.0795354695115363,0.3054124516243915,1.1393169270557957e-16,0.4269532533323285,0.18809882553174367
2010-06-04,0.0795354695115363,0.3054124516243915,1.1393169270557957e-16,0.4269532533323285,0.18809882553174367
2010-06-07,0.0795354695115363,0.3054124516243915,1.1393169270557957e-16,0.4269532533323285,0.18809882553174367
2010-06-08,0.0795354695115363,0.3054124516243915,1.1393169270557957e-16,0.4269532533323285,0.18809882553174367
2010-06-09,0.0795354695115363,0.3054124516243915,1.1393169270557957e-16,0.4269532533323285,0.18809882553174367
2010-06-10,0.0795354695115363,0.3054124516243915,1.1393169270557957e-16,0.4269532533323285,0.18809882553174367
2010-06-11,0.0795354695115363,0.3054124516243915,1.1393169270557957e-16,0.4269532533323285,0.18809882553174367
2010-06-14,0.0795354695115363,0.3054124516243915,1.1393169270557957e-16,0.4269532533323285,0.18809882553174367
2010-06-15,0.0795354695115363,0.3054124516243915,1.1393169270557957e-16,0.4269532533323285,0.18809882553174367
2010-06-16,0.0795354695115363,0.3054124516243915,1.1393169270557957e-16,0.4269532533323285,0.18809882553174367
2010-06-17,0.0795354695115363,0.3054124516243915,1.1393169270557957e-16,0.4269532533323285,0.18809882553174367
2010-06-18,0.0795354695115363,0.3054124516243915,1.1393169270557957e-16,0.4269532533323285,0.18809882553174367
2010-06-21,0.0795354695115363,0.3054124516243915,1.1393169270557957e-16,0.4269532533323285,0.18809882553174367
2010-06-22,0.10030773965893035,0.28576558812792885,0.0,0.4218172002467329,0.1921094719664079
2010-06-23,0.10030773965893035,0.28576558812792885,0.0,0.4218172002467329,0.1921094719664079
2010-06-24,0.10030773965893035,0.28576558812792885,0.0,0.4218172002467329,0.1921094719664079
2010-06-25,0.10030773965893035,0.28576558812792885,0.0,0.4218172002467329,0.1921094719664079
2010-06-28,0.10030773965893035,0.28576558812792885,0.0,0.4218172002467329,0.1921094719664079
2010-06-29,0.10030773965893035,0.28576558812792885,0.0,0.4218172002467329,0.1921094719664079
2010-06-30,0.10030773965893035,0.28576558812792885,0.0,0.4218172002467329,0.1921094719664079
2010-07-01,0.10030773965893035,0.28576558812792885,0.0,0.4218172002467329,0.1921094719664079
2010-07-02,0.10030773965893035,0.28576558812792885,0.0,0.4218172002467329,0.1921094719664079
2010-07-06,0.10030773965893035,0.28576558812792885,0.0,0.4218172002467329,0.1921094719664079
2010-07-07,0.10030773965893035,0.28576558812792885,0.0,0.4218172002467329,0.1921094719664079
2010-07-08,0.10030773965893035,0.28576558812792885,0.0,0.4218172002467329,0.1921094719664079
2010-07-12,0.10030773965893035,0.28576558812792885,0.0,0.4218172002467329,0.1921094719664079
2010-07-13,0.10030773965893035,0.28576558812792885,0.0,0.4218172002467329,0.1921094719664079
2010-07-14,0.10030773965893035,0.28576558812792885,0.0,0.4218172002467329,0.1921094719664079
2010-07-15,0.10030773965893035,0.28576558812792885,0.0,0.4218172002467329,0.1921094719664079
2010-07-16,0.10030773965893035,0.28576558812792885,0.0,0.4218172002467329,0.1921094719664079
2010-07-19,0.10030773965893035,0.28576558812792885,0.0,0.4218172002467329,0.1921094719664079
2010-07-20,0.10030773965893035,0.28576558812792885,0.0,0.4218172002467329,0.1921094719664079
2010-07-21,0.10030773965893035,0.28576558812792885,0.0,0.4218172002467329,0.1921094719664079
2010-07-22,0.10030773965893035,0.28576558812792885,0.0,0.4218172002467329,0.1921094719664079
2010-07-23,0.07497624414161969,0.30913111221329087,1.9746613670060034e-19,0.42392039379405994,0.19197224985102948
2010-07-26,0.07497624414161969,0.30913111221329087,1.9746613670060034e-19,0.42392039379405994,0.19197224985102948
2010-07-27,0.07497624414161969,0.30913111221329087,1.9746613670060034e-19,0.42392039379405994,0.19197224985102948
2010-07-28,0.07497624414161969,0.30913111221329087,1.9746613670060034e-19,0.42392039379405994,0.19197224985102948
2010-07-29,0.07497624414161969,0.30913111221329087,1.9746613670060034e-19,0.42392039379405994,0.19197224985102948
2010-07-30,0.07497624414161969,0.30913111221329087,1.9746613670060034e-19,0.42392039379405994,0.19197224985102948
2010-08-02,0.07497624414161969,0.30913111221329087,1.9746613670060034e-19,0.42392039379405994,0.19197224985102948
2010-08-03,0.07497624414161969,0.30913111221329087,1.9746613670060034e-19,0.42392039379405994,0.19197224985102948
2010-08-04,0.07497624414161969,0.30913111221329087,1.9746613670060034e-19,0.42392039379405994,0.19197224985102948
2010-08-05,0.07497624414161969,0.30913111221329087,1.9746613670060034e-19,0.42392039379405994,0.19197224985102948
2010-08-06,0.07497624414161969,0.30913111221329087,1.9746613670060034e-19,0.42392039379405994,0.19197224985102948
2010-08-09,0.07497624414161969,0.30913111221329087,1.9746613670060034e-19,0.42392039379405994,0.19197224985102948
2010-08-10,0.07497624414161969,0.30913111221329087,1.9746613670060034e-19,0.42392039379405994,0.19197224985102948
2010-08-11,0.07497624414161969,0.30913111221329087,1.9746613670060034e-19,0.42392039379405994,0.19197224985102948
2010-08-12,0.07497624414161969,0.30913111221329087,1.9746613670060034e-19,0.42392039379405994,0.19197224985102948
2010-08-13,0.07497624414161969,0.30913111221329087,1.9746613670060034e-19,0.42392039379405994,0.19197224985102948
2010-08-16,0.07497624414161969,0.30913111221329087,1.9746613670060034e-19,0.42392039379405994,0.19197224985102948
2010-08-17,0.07497624414161969,0.30913111221329087,1.9746613670060034e-19,0.42392039379405994,0.19197224985102948
2010-08-18,0.07497624414161969,0.30913111221329087,1.9746613670060034e-19,0.42392039379405994,0.19197224985102948
2010-08-19,0.07497624414161969,0.30913111221329087,1.9746613670060034e-19,0.42392039379405994,0.19197224985102948
2010-08-20,0.07497624414161969,0.30913111221329087,1.9746613670060034e-19,0.42392039379405994,0.19197224985102948
2010-08-23,0.07644165548408621,0.30261608897478903,0.0,0.4267144501641729,0.19422780537695195
2010-08-24,0.07644165548408621,0.30261608897478903,0.0,0.4267144501641729,0.19422780537695195
2010-08-25,0.07644165548408621,0.30261608897478903,0.0,0.4267144501641729,0.19422780537695195
2010-08-26,0.07644165548408621,0.30261608897478903,0.0,0.4267144501641729,0.19422780537695195
2010-08-27,0.07644165548408621,0.30261608897478903,0.0,0.4267144501641729,0.19422780537695195
2010-08-30,0.07644165548408621,0.30261608897478903,0.0,0.4267144501641729,0.19422780537695195
2010-08-31,0.07644165548408621,0.30261608897478903,0.0,0.4267144501641729,0.19422780537695195
2010-09-01,0.07644165548408621,0.30261608897478903,0.0,0.4267144501641729,0.19422780537695195
2010-09-02,0.07644165548408621,0.30261608897478903,0.0,0.4267144501641729,0.19422780537695195
2010-09-03,0.07644165548408621,0.30261608897478903,0.0,0.4267144501641729,0.19422780537695195
2010-09-08,0.07644165548408621,0.30261608897478903,0.0,0.4267144501641729,0.19422780537695195
2010-09-09,0.07644165548408621,0.30261608897478903,0.0,0.4267144501641729,0.19422780537695195
2010-09-10,0.07644165548408621,0.30261608897478903,0.0,0.4267144501641729,0.19422780537695195
2010-09-13,0.07644165548408621,0.30261608897478903,0.0,0.4267144501641729,0.19422780537695195
2010-09-14,0.07644165548408621,0.30261608897478903,0.0,0.4267144501641729,0.19422780537695195
2010-09-15,0.07644165548408621,0.30261608897478903,0.0,0.4267144501641729,0.19422780537695195
2010-09-16,0.07644165548408621,0.30261608897478903,0.0,0.4267144501641729,0.19422780537695195
2010-09-17,0.07644165548408621,0.30261608897478903,0.0,0.4267144501641729,0.19422780537695195
2010-09-20,0.07644165548408621,0.30261608897478903,0.0,0.4267144501641729,0.19422780537695195
2010-09-21,0.07644165548408621,0.30261608897478903,0.0,0.4267144501641729,0.19422780537695195
2010-09-22,0.07644165548408621,0.30261608897478903,0.0,0.4267144501641729,0.19422780537695195
2010-09-23,0.09777986980604075,0.274054413182442,6.367706121448417e-17,0.4274521856279584,0.20071353138355882
2010-09-24,0.09777986980604075,0.274054413182442,6.367706121448417e-17,0.4274521856279584,0.20071353138355882
2010-09-27,0.09777986980604075,0.274054413182442,6.367706121448417e-17,0.4274521856279584,0.20071353138355882
2010-09-28,0.09777986980604075,0.274054413182442,6.367706121448417e-17,0.4274521856279584,0.20071353138355882
2010-09-29,0.09777986980604075,0.274054413182442,6.367706121448417e-17,0.4274521856279584,0.20071353138355882
2010-09-30,0.09777986980604075,0.274054413182442,6.367706121448417e-17,0.4274521856279584,0.20071353138355882
2010-10-01,0.09777986980604075,0.274054413182442,6.367706121448417e-17,0.4274521856279584,0.20071353138355882
2010-10-04,0.09777986980604075,0.274054413182442,6.367706121448417e-17,0.4274521856279584,0.20071353138355882
2010-10-05,0.09777986980604075,0.274054413182442,6.367706121448417e-17,0.4274521856279584,0.20071353138355882
2010-10-06,0.09777986980604075,0.274054413182442,6.367706121448417e-17,0.4274521856279584,0.20071353138355882
2010-10-07,0.09777986980604075,0.274054413182442,6.367706121448417e-17,0.4274521856279584,0.20071353138355882
2010-10-08,0.09777986980604075,0.274054413182442,6.367706121448417e-17,0.4274521856279584,0.20071353138355882
2010-10-11,0.09777986980604075,0.274054413182442,6.367706121448417e-17,0.4274521856279584,0.20071353138355882
2010-10-13,0.09777986980604075,0.274054413182442,6.367706121448417e-17,0.4274521856279584,0.20071353138355882
2010-10-14,0.09777986980604075,0.274054413182442,6.367706121448417e-17,0.4274521856279584,0.20071353138355882
2010-10-15,0.09777986980604075,0.274054413182442,6.367706121448417e-17,0.4274521856279584,0.20071353138355882
2010-10-18,0.09777986980604075,0.274054413182442,6.367706121448417e-17,0.4274521856279584,0.20071353138355882
2010-10-19,0.09777986980604075,0.274054413182442,6.367706121448417e-17,0.4274521856279584,0.20071353138355882
2010-10-20,0.09777986980604075,0.274054413182442,6.367706121448417e-17,0.4274521856279584,0.20071353138355882
2010-10-21,0.09777986980604075,0.274054413182442,6.367706121448417e-17,0.4274521856279584,0.20071353138355882
2010-10-22,0.09777986980604075,0.274054413182442,6.367706121448417e-17,0.4274521856279584,0.20071353138355882
2010-10-25,0.09392622634382608,0.27037385638418615,0.0,0.42009344911753543,0.21560646815445242
2010-10-26,0.09392622634382608,0.27037385638418615,0.0,0.42009344911753543,0.21560646815445242
2010-10-27,0.09392622634382608,0.27037385638418615,0.0,0.42009344911753543,0.21560646815445242
2010-10-28,0.09392622634382608,0.27037385638418615,0.0,0.42009344911753543,0.21560646815445242
2010-10-29,0.09392622634382608,0.27037385638418615,0.0,0.42009344911753543,0.21560646815445242
2010-11-01,0.09392622634382608,0.27037385638418615,0.0,0.42009344911753543,0.21560646815445242
2010-11-03,0.09392622634382608,0.27037385638418615,0.0,0.42009344911753543,0.21560646815445242
2010-11-04,0.09392622634382608,0.27037385638418615,0.0,0.42009344911753543,0.21560646815445242
2010-11-05,0.09392622634382608,0.27037385638418615,0.0,0.42009344911753543,0.21560646815445242
2010-11-08,0.09392622634382608,0.27037385638418615,0.0,0.42009344911753543,0.21560646815445242
2010-11-09,0.09392622634382608,0.27037385638418615,0.0,0.42009344911753543,0.21560646815445242
2010-11-10,0.09392622634382608,0.27037385638418615,0.0,0.42009344911753543,0.21560646815445242
2010-11-11,0.09392622634382608,0.27037385638418615,0.0,0.42009344911753543,0.21560646815445242
2010-11-12,0.09392622634382608,0.27037385638418615,0.0,0.42009344911753543,0.21560646815445242
2010-11-16,0.09392622634382608,0.27037385638418615,0.0,0.42009344911753543,0.21560646815445242
2010-11-17,0.09392622634382608,0.27037385638418615,0.0,0.42009344911753543,0.21560646815445242
2010-11-18,0.09392622634382608,0.27037385638418615,0.0,0.42009344911753543,0.21560646815445242
2010-11-19,0.09392622634382608,0.27037385638418615,0.0,0.42009344911753543,0.21560646815445242
2010-11-22,0.09392622634382608,0.27037385638418615,0.0,0.42009344911753543,0.21560646815445242
2010-11-23,0.09392622634382608,0.27037385638418615,0.0,0.42009344911753543,0.21560646815445242
2010-11-24,0.09392622634382608,0.27037385638418615,0.0,0.42009344911753543,0.21560646815445242
2010-11-26,0.06679451965678065,0.2963163059873128,8.551785808225766e-18,0.4245739621784252,0.21231521217748142
2010-11-29,0.06679451965678065,0.2963163059873128,8.551785808225766e-18,0.4245739621784252,0.21231521217748142
2010-11-30,0.06679451965678065,0.2963163059873128,8.551785808225766e-18,0.4245739621784252,0.21231521217748142
2010-12-01,0.06679451965678065,0.2963163059873128,8.551785808225766e-18,0.4245739621784252,0.21231521217748142
2010-12-02,0.06679451965678065,0.2963163059873128,8.551785808225766e-18,0.4245739621784252,0.21231521217748142
2010-12-03,0.06679451965678065,0.2963163059873128,8.551785808225766e-18,0.4245739621784252,0.21231521217748142
2010-12-06,0.06679451965678065,0.2963163059873128,8.551785808225766e-18,0.4245739621784252,0.21231521217748142
2010-12-07,0.06679451965678065,0.2963163059873128,8.551785808225766e-18,0.4245739621784252,0.21231521217748142
2010-12-08,0.06679451965678065,0.2963163059873128,8.551785808225766e-18,0.4245739621784252,0.21231521217748142
2010-12-09,0.06679451965678065,0.2963163059873128,8.551785808225766e-18,0.4245739621784252,0.21231521217748142
2010-12-10,0.06679451965678065,0.2963163059873128,8.551785808225766e-18,0.4245739621784252,0.21231521217748142
2010-12-13,0.06679451965678065,0.2963163059873128,8.551785808225766e-18,0.4245739621784252,0.21231521217748142
2010-12-14,0.06679451965678065,0.2963163059873128,8.551785808225766e-18,0.4245739621784252,0.21231521217748142
2010-12-15,0.06679451965678065,0.2963163059873128,8.551785808225766e-18,0.4245739621784252,0.21231521217748142
2010-12-16,0.06679451965678065,0.2963163059873128,8.551785808225766e-18,0.4245739621784252,0.21231521217748142
2010-12-17,0.06679451965678065,0.2963163059873128,8.551785808225766e-18,0.4245739621784252,0.21231521217748142
2010-12-20,0.06679451965678065,0.2963163059873128,8.551785808225766e-18,0.4245739621784252,0.21231521217748142
2010-12-21,0.06679451965678065,0.2963163059873128,8.551785808225766e-18,0.4245739621784252,0.21231521217748142
2010-12-22,0.06679451965678065,0.2963163059873128,8.551785808225766e-18,0.4245739621784252,0.21231521217748142
2010-12-23,0.06679451965678065,0.2963163059873128,8.551785808225766e-18,0.4245739621784252,0.21231521217748142
2010-12-27,0.06679451965678065,0.2963163059873128,8.551785808225766e-18,0.4245739621784252,0.21231521217748142
2010-12-28,0.06559114851320229,0.3077092210751001,0.0,0.4270155861981189,0.1996840442135787
2010-12-29,0.06559114851320229,0.3077092210751001,0.0,0.4270155861981189,0.1996840442135787
2010-12-30,0.06559114851320229,0.3077092210751001,0.0,0.4270155861981189,0.1996840442135787
2011-01-03,0.06559114851320229,0.3077092210751001,0.0,0.4270155861981189,0.1996840442135787
2011-01-04,0.06559114851320229,0.3077092210751001,0.0,0.4270155861981189,0.1996840442135787
2011-01-05,0.06559114851320229,0.3077092210751001,0.0,0.4270155861981189,0.1996840442135787
2011-01-06,0.06559114851320229,0.3077092210751001,0.0,0.4270155861981189,0.1996840442135787
2011-01-07,0.06559114851320229,0.3077092210751001,0.0,0.4270155861981189,0.1996840442135787
2011-01-10,0.06559114851320229,0.3077092210751001,0.0,0.4270155861981189,0.1996840442135787
2011-01-11,0.06559114851320229,0.3077092210751001,0.0,0.4270155861981189,0.1996840442135787
2011-01-12,0.06559114851320229,0.3077092210751001,0.0,0.4270155861981189,0.1996840442135787
2011-01-13,0.06559114851320229,0.3077092210751001,0.0,0.4270155861981189,0.1996840442135787
2011-01-14,0.06559114851320229,0.3077092210751001,0.0,0.4270155861981189,0.1996840442135787
2011-01-18,0.06559114851320229,0.3077092210751001,0.0,0.4270155861981189,0.1996840442135787
2011-01-19,0.06559114851320229,0.3077092210751001,0.0,0.4270155861981189,0.1996840442135787
2011-01-20,0.06559114851320229,0.3077092210751001,0.0,0.4270155861981189,0.1996840442135787
2011-01-21,0.06559114851320229,0.3077092210751001,0.0,0.4270155861981189,0.1996840442135787
2011-01-24,0.06559114851320229,0.3077092210751001,0.0,0.4270155861981189,0.1996840442135787
2011-01-26,0.06559114851320229,0.3077092210751001,0.0,0.4270155861981189,0.1996840442135787
2011-01-27,0.06559114851320229,0.3077092210751001,0.0,0.4270155861981189,0.1996840442135787
2011-01-28,0.06559114851320229,0.3077092210751001,0.0,0.4270155861981189,0.1996840442135787
2011-01-31,0.07055359711327883,0.3115228133926706,0.0,0.4340582570759283,0.18386533241812233
2011-02-01,0.07055359711327883,0.3115228133926706,0.0,0.4340582570759283,0.18386533241812233
2011-02-02,0.07055359711327883,0.3115228133926706,0.0,0.4340582570759283,0.18386533241812233
2011-02-03,0.07055359711327883,0.3115228133926706,0.0,0.4340582570759283,0.18386533241812233
2011-02-04,0.07055359711327883,0.3115228133926706,0.0,0.4340582570759283,0.18386533241812233
2011-02-07,0.07055359711327883,0.3115228133926706,0.0,0.4340582570759283,0.18386533241812233
2011-02-08,0.07055359711327883,0.3115228133926706,0.0,0.4340582570759283,0.18386533241812233
2011-02-09,0.07055359711327883,0.3115228133926706,0.0,0.4340582570759283,0.18386533241812233
2011-02-10,0.07055359711327883,0.3115228133926706,0.0,0.4340582570759283,0.18386533241812233
2011-02-11,0.07055359711327883,0.3115228133926706,0.0,0.4340582570759283,0.18386533241812233
2011-02-14,0.07055359711327883,0.3115228133926706,0.0,0.4340582570759283,0.18386533241812233
2011-02-15,0.07055359711327883,0.3115228133926706,0.0,0.4340582570759283,0.18386533241812233
2011-02-16,0.07055359711327883,0.3115228133926706,0.0,0.4340582570759283,0.18386533241812233
2011-02-17,0.07055359711327883,0.3115228133926706,0.0,0.4340582570759283,0.18386533241812233
2011-02-18,0.07055359711327883,0.3115228133926706,0.0,0.4340582570759283,0.18386533241812233
2011-02-22,0.07055359711327883,0.3115228133926706,0.0,0.4340582570759283,0.18386533241812233
2011-02-23,0.07055359711327883,0.3115228133926706,0.0,0.4340582570759283,0.18386533241812233
2011-02-24,0.07055359711327883,0.3115228133926706,0.0,0.4340582570759283,0.18386533241812233
2011-02-25,0.07055359711327883,0.3115228133926706,0.0,0.4340582570759283,0.18386533241812233
2011-02-28,0.07055359711327883,0.3115228133926706,0.0,0.4340582570759283,0.18386533241812233
2011-03-01,0.07055359711327883,0.3115228133926706,0.0,0.4340582570759283,0.18386533241812233
2011-03-02,0.035449476698205855,0.34831763738741084,3.495629481397282e-18,0.44483403808327143,0.17139884783111187
2011-03-03,0.035449476698205855,0.34831763738741084,3.495629481397282e-18,0.44483403808327143,0.17139884783111187
2011-03-04,0.035449476698205855,0.34831763738741084,3.495629481397282e-18,0.44483403808327143,0.17139884783111187
2011-03-09,0.035449476698205855,0.34831763738741084,3.495629481397282e-18,0.44483403808327143,0.17139884783111187
2011-03-10,0.035449476698205855,0.34831763738741084,3.495629481397282e-18,0.44483403808327143,0.17139884783111187
2011-03-11,0.035449476698205855,0.34831763738741084,3.495629481397282e-18,0.44483403808327143,0.17139884783111187
2011-03-14,0.035449476698205855,0.34831763738741084,3.495629481397282e-18,0.44483403808327143,0.17139884783111187
2011-03-15,0.035449476698205855,0.34831763738741084,3.495629481397282e-18,0.44483403808327143,0.17139884783111187
2011-03-16,0.035449476698205855,0.34831763738741084,3.495629481397282e-18,0.44483403808327143,0.17139884783111187
2011-03-17,0.035449476698205855,0.34831763738741084,3.495629481397282e-18,0.44483403808327143,0.17139884783111187
2011-03-18,0.035449476698205855,0.34831763738741084,3.495629481397282e-18,0.44483403808327143,0.17139884783111187
2011-03-21,0.035449476698205855,0.34831763738741084,3.495629481397282e-18,0.44483403808327143,0.17139884783111187
2011-03-22,0.035449476698205855,0.34831763738741084,3.495629481397282e-18,0.44483403808327143,0.17139884783111187
2011-03-23,0.035449476698205855,0.34831763738741084,3.495629481397282e-18,0.44483403808327143,0.17139884783111187
2011-03-24,0.035449476698205855,0.34831763738741084,3.495629481397282e-18,0.44483403808327143,0.17139884783111187
2011-03-25,0.035449476698205855,0.34831763738741084,3.495629481397282e-18,0.44483403808327143,0.17139884783111187
2011-03-28,0.035449476698205855,0.34831763738741084,3.495629481397282e-18,0.44483403808327143,0.17139884783111187
2011-03-29,0.035449476698205855,0.34831763738741084,3.495629481397282e-18,0.44483403808327143,0.17139884783111187
2011-03-30,0.035449476698205855,0.34831763738741084,3.495629481397282e-18,0.44483403808327143,0.17139884783111187
2011-03-31,0.035449476698205855,0.34831763738741084,3.495629481397282e-18,0.44483403808327143,0.17139884783111187
2011-04-01,0.035449476698205855,0.34831763738741084,3.495629481397282e-18,0.44483403808327143,0.17139884783111187
2011-04-04,0.0014235587616341356,0.37949672544167684,2.884216525967959e-17,0.4456008745553996,0.17347884124128937
2011-04-05,0.0014235587616341356,0.37949672544167684,2.884216525967959e-17,0.4456008745553996,0.17347884124128937
2011-04-06,0.0014235587616341356,0.37949672544167684,2.884216525967959e-17,0.4456008745553996,0.17347884124128937
2011-04-07,0.0014235587616341356,0.37949672544167684,2.884216525967959e-17,0.4456008745553996,0.17347884124128937
2011-04-08,0.0014235587616341356,0.37949672544167684,2.884216525967959e-17,0.4456008745553996,0.17347884124128937
2011-04-11,0.0014235587616341356,0.37949672544167684,2.884216525967959e-17,0.4456008745553996,0.17347884124128937
2011-04-12,0.0014235587616341356,0.37949672544167684,2.884216525967959e-17,0.4456008745553996,0.17347884124128937
2011-04-13,0.0014235587616341356,0.37949672544167684,2.884216525967959e-17,0.4456008745553996,0.17347884124128937
2011-04-14,0.0014235587616341356,0.37949672544167684,2.884216525967959e-17,0.4456008745553996,0.17347884124128937
2011-04-15,0.0014235587616341356,0.37949672544167684,2.884216525967959e-17,0.4456008745553996,0.17347884124128937
2011-04-18,0.0014235587616341356,0.37949672544167684,2.884216525967959e-17,0.4456008745553996,0.17347884124128937
2011-04-19,0.0014235587616341356,0.37949672544167684,2.884216525967959e-17,0.4456008745553996,0.17347884124128937
2011-04-20,0.0014235587616341356,0.37949672544167684,2.884216525967959e-17,0.4456008745553996,0.17347884124128937
2011-04-25,0.0014235587616341356,0.37949672544167684,2.884216525967959e-17,0.4456008745553996,0.17347884124128937
2011-04-26,0.0014235587616341356,0.37949672544167684,2.884216525967959e-17,0.4456008745553996,0.17347884124128937
2011-04-27,0.0014235587616341356,0.37949672544167684,2.884216525967959e-17,0.4456008745553996,0.17347884124128937
2011-04-28,0.0014235587616341356,0.37949672544167684,2.884216525967959e-17,0.4456008745553996,0.17347884124128937
2011-04-29,0.0014235587616341356,0.37949672544167684,2.884216525967959e-17,0.4456008745553996,0.17347884124128937
2011-05-02,0.0014235587616341356,0.37949672544167684,2.884216525967959e-17,0.4456008745553996,0.17347884124128937
2011-05-03,0.0014235587616341356,0.37949672544167684,2.884216525967959e-17,0.4456008745553996,0.17347884124128937
2011-05-04,0.0014235587616341356,0.37949672544167684,2.884216525967959e-17,0.4456008745553996,0.17347884124128937
2011-05-05,0.002774980643112196,0.38241291814092215,1.9411087429220425e-17,0.4458859095994068,0.16892619161655878
2011-05-06,0.002774980643112196,0.38241291814092215,1.9411087429220425e-17,0.4458859095994068,0.16892619161655878
2011-05-09,0.002774980643112196,0.38241291814092215,1.9411087429220425e-17,0.4458859095994068,0.16892619161655878
2011-05-10,0.002774980643112196,0.38241291814092215,1.9411087429220425e-17,0.4458859095994068,0.16892619161655878
2011-05-11,0.002774980643112196,0.38241291814092215,1.9411087429220425e-17,0.4458859095994068,0.16892619161655878
2011-05-12,0.002774980643112196,0.38241291814092215,1.9411087429220425e-17,0.4458859095994068,0.16892619161655878
2011-05-13,0.002774980643112196,0.38241291814092215,1.9411087429220425e-17,0.4458859095994068,0.16892619161655878
2011-05-16,0.002774980643112196,0.38241291814092215,1.9411087429220425e-17,0.4458859095994068,0.16892619161655878
2011-05-17,0.002774980643112196,0.38241291814092215,1.9411087429220425e-17,0.4458859095994068,0.16892619161655878
2011-05-18,0.002774980643112196,0.38241291814092215,1.9411087429220425e-17,0.4458859095994068,0.16892619161655878
2011-05-19,0.002774980643112196,0.38241291814092215,1.9411087429220425e-17,0.4458859095994068,0.16892619161655878
2011-05-20,0.002774980643112196,0.38241291814092215,1.9411087429220425e-17,0.4458859095994068,0.16892619161655878
2011-05-23,0.002774980643112196,0.38241291814092215,1.9411087429220425e-17,0.4458859095994068,0.16892619161655878
2011-05-24,0.002774980643112196,0.38241291814092215,1.9411087429220425e-17,0.4458859095994068,0.16892619161655878
2011-05-25,0.002774980643112196,0.38241291814092215,1.9411087429220425e-17,0.4458859095994068,0.16892619161655878
2011-05-26,0.002774980643112196,0.38241291814092215,1.9411087429220425e-17,0.4458859095994068,0.16892619161655878
2011-05-27,0.002774980643112196,0.38241291814092215,1.9411087429220425e-17,0.4458859095994068,0.16892619161655878
2011-05-31,0.002774980643112196,0.38241291814092215,1.9411087429220425e-17,0.4458859095994068,0.16892619161655878
2011-06-01,0.002774980643112196,0.38241291814092215,1.9411087429220425e-17,0.4458859095994068,0.16892619161655878
2011-06-02,0.002774980643112196,0.38241291814092215,1.9411087429220425e-17,0.4458859095994068,0.16892619161655878
2011-06-03,0.002774980643112196,0.38241291814092215,1.9411087429220425e-17,0.4458859095994068,0.16892619161655878
2011-06-06,0.011394118616674281,0.3499042542124296,0.0,0.4301553159360898,0.20854631123480638
2011-06-07,0.011394118616674281,0.3499042542124296,0.0,0.4301553159360898,0.20854631123480638
2011-06-08,0.011394118616674281,0.3499042542124296,0.0,0.4301553159360898,0.20854631123480638
2011-06-09,0.011394118616674281,0.3499042542124296,0.0,0.4301553159360898,0.20854631123480638
2011-06-10,0.011394118616674281,0.3499042542124296,0.0,0.4301553159360898,0.20854631123480638
2011-06-13,0.011394118616674281,0.3499042542124296,0.0,0.4301553159360898,0.20854631123480638
2011-06-14,0.011394118616674281,0.3499042542124296,0.0,0.4301553159360898,0.20854631123480638
2011-06-15,0.011394118616674281,0.3499042542124296,0.0,0.4301553159360898,0.20854631123480638
2011-06-16,0.011394118616674281,0.3499042542124296,0.0,0.4301553159360898,0.20854631123480638
2011-06-17,0.011394118616674281,0.3499042542124296,0.0,0.4301553159360898,0.20854631123480638
2011-06-20,0.011394118616674281,0.3499042542124296,0.0,0.4301553159360898,0.20854631123480638
2011-06-21,0.011394118616674281,0.3499042542124296,0.0,0.4301553159360898,0.20854631123480638
2011-06-22,0.011394118616674281,0.3499042542124296,0.0,0.4301553159360898,0.20854631123480638
2011-06-24,0.011394118616674281,0.3499042542124296,0.0,0.4301553159360898,0.20854631123480638
2011-06-27,0.011394118616674281,0.3499042542124296,0.0,0.4301553159360898,0.20854631123480638
2011-06-28,0.011394118616674281,0.3499042542124296,0.0,0.4301553159360898,0.20854631123480638
2011-06-29,0.011394118616674281,0.3499042542124296,0.0,0.4301553159360898,0.20854631123480638
2011-06-30,0.011394118616674281,0.3499042542124296,0.0,0.4301553159360898,0.20854631123480638
2011-07-01,0.011394118616674281,0.3499042542124296,0.0,0.4301553159360898,0.20854631123480638
2011-07-05,0.011394118616674281,0.3499042542124296,0.0,0.4301553159360898,0.20854631123480638
2011-07-06,0.011394118616674281,0.3499042542124296,0.0,0.4301553159360898,0.20854631123480638
2011-07-07,3.7255838897049855e-18,0.34649045523723204,0.0,0.4212117190833255,0.23229782567944246
2011-07-08,3.7255838897049855e-18,0.34649045523723204,0.0,0.4212117190833255,0.23229782567944246
2011-07-11,3.7255838897049855e-18,0.34649045523723204,0.0,0.4212117190833255,0.23229782567944246
2011-07-12,3.7255838897049855e-18,0.34649045523723204,0.0,0.4212117190833255,0.23229782567944246
2011-07-13,3.7255838897049855e-18,0.34649045523723204,0.0,0.4212117190833255,0.23229782567944246
2011-07-14,3.7255838897049855e-18,0.34649045523723204,0.0,0.4212117190833255,0.23229782567944246
2011-07-15,3.7255838897049855e-18,0.34649045523723204,0.0,0.4212117190833255,0.23229782567944246
2011-07-18,3.7255838897049855e-18,0.34649045523723204,0.0,0.4212117190833255,0.23229782567944246
2011-07-19,3.7255838897049855e-18,0.34649045523723204,0.0,0.4212117190833255,0.23229782567944246
2011-07-20,3.7255838897049855e-18,0.34649045523723204,0.0,0.4212117190833255,0.23229782567944246
2011-07-21,3.7255838897049855e-18,0.34649045523723204,0.0,0.4212117190833255,0.23229782567944246
2011-07-22,3.7255838897049855e-18,0.34649045523723204,0.0,0.4212117190833255,0.23229782567944246
2011-07-25,3.7255838897049855e-18,0.34649045523723204,0.0,0.4212117190833255,0.23229782567944246
2011-07-26,3.7255838897049855e-18,0.34649045523723204,0.0,0.4212117190833255,0.23229782567944246
2011-07-27,3.7255838897049855e-18,0.34649045523723204,0.0,0.4212117190833255,0.23229782567944246
2011-07-28,3.7255838897049855e-18,0.34649045523723204,0.0,0.4212117190833255,0.23229782567944246
2011-07-29,3.7255838897049855e-18,0.34649045523723204,0.0,0.4212117190833255,0.23229782567944246
2011-08-01,3.7255838897049855e-18,0.34649045523723204,0.0,0.4212117190833255,0.23229782567944246
2011-08-02,3.7255838897049855e-18,0.34649045523723204,0.0,0.4212117190833255,0.23229782567944246
2011-08-03,3.7255838897049855e-18,0.34649045523723204,0.0,0.4212117190833255,0.23229782567944246
2011-08-04,3.7255838897049855e-18,0.34649045523723204,0.0,0.4212117190833255,0.23229782567944246
2011-08-05,0.0,0.3293369382701876,0.0,0.4281972444101247,0.24246581731968758
2011-08-08,0.0,0.3293369382701876,0.0,0.4281972444101247,0.24246581731968758
2011-08-09,0.0,0.3293369382701876,0.0,0.4281972444101247,0.24246581731968758
2011-08-10,0.0,0.3293369382701876,0.0,0.4281972444101247,0.24246581731968758
2011-08-11,0.0,0.3293369382701876,0.0,0.4281972444101247,0.24246581731968758
2011-08-12,0.0,0.3293369382701876,0.0,0.4281972444101247,0.24246581731968758
2011-08-15,0.0,0.3293369382701876,0.0,0.4281972444101247,0.24246581731968758
2011-08-16,0.0,0.3293369382701876,0.0,0.4281972444101247,0.24246581731968758
2011-08-17,0.0,0.3293369382701876,0.0,0.4281972444101247,0.24246581731968758
2011-08-18,0.0,0.3293369382701876,0.0,0.4281972444101247,0.24246581731968758
2011-08-19,0.0,0.3293369382701876,0.0,0.4281972444101247,0.24246581731968758
2011-08-22,0.0,0.3293369382701876,0.0,0.4281972444101247,0.24246581731968758
2011-08-23,0.0,0.3293369382701876,0.0,0.4281972444101247,0.24246581731968758
2011-08-24,0.0,0.3293369382701876,0.0,0.4281972444101247,0.24246581731968758
2011-08-25,0.0,0.3293369382701876,0.0,0.4281972444101247,0.24246581731968758
2011-08-26,0.0,0.3293369382701876,0.0,0.4281972444101247,0.24246581731968758
2011-08-29,0.0,0.3293369382701876,0.0,0.4281972444101247,0.24246581731968758
2011-08-30,0.0,0.3293369382701876,0.0,0.4281972444101247,0.24246581731968758
2011-08-31,0.0,0.3293369382701876,0.0,0.4281972444101247,0.24246581731968758
2011-09-01,0.0,0.3293369382701876,0.0,0.4281972444101247,0.24246581731968758
2011-09-02,0.0,0.3293369382701876,0.0,0.4281972444101247,0.24246581731968758
2011-09-06,0.1127330701181669,0.19951440958347538,0.0,0.445376638648901,0.24237588164945667
2011-09-08,0.1127330701181669,0.19951440958347538,0.0,0.445376638648901,0.24237588164945667
2011-09-09,0.1127330701181669,0.19951440958347538,0.0,0.445376638648901,0.24237588164945667
2011-09-12,0.1127330701181669,0.19951440958347538,0.0,0.445376638648901,0.24237588164945667
2011-09-13,0.1127330701181669,0.19951440958347538,0.0,0.445376638648901,0.24237588164945667
2011-09-14,0.1127330701181669,0.19951440958347538,0.0,0.445376638648901,0.24237588164945667
2011-09-15,0.1127330701181669,0.19951440958347538,0.0,0.445376638648901,0.24237588164945667
2011-09-16,0.1127330701181669,0.19951440958347538,0.0,0.445376638648901,0.24237588164945667
2011-09-19,0.1127330701181669,0.19951440958347538,0.0,0.445376638648901,0.24237588164945667
2011-09-20,0.1127330701181669,0.19951440958347538,0.0,0.445376638648901,0.24237588164945667
2011-09-21,0.1127330701181669,0.19951440958347538,0.0,0.445376638648901,0.24237588164945667
2011-09-22,0.1127330701181669,0.19951440958347538,0.0,0.445376638648901,0.24237588164945667
2011-09-23,0.1127330701181669,0.19951440958347538,0.0,0.445376638648901,0.24237588164945667
2011-09-26,0.1127330701181669,0.19951440958347538,0.0,0.445376638648901,0.24237588164945667
2011-09-27,0.1127330701181669,0.19951440958347538,0.0,0.445376638648901,0.24237588164945667
2011-09-28,0.1127330701181669,0.19951440958347538,0.0,0.445376638648901,0.24237588164945667
2011-09-29,0.1127330701181669,0.19951440958347538,0.0,0.445376638648901,0.24237588164945667
2011-09-30,0.1127330701181669,0.19951440958347538,0.0,0.445376638648901,0.24237588164945667
2011-10-03,0.1127330701181669,0.19951440958347538,0.0,0.445376638648901,0.24237588164945667
2011-10-04,0.1127330701181669,0.19951440958347538,0.0,0.445376638648901,0.24237588164945667
2011-10-05,0.1127330701181669,0.19951440958347538,0.0,0.445376638648901,0.24237588164945667
2011-10-06,0.09742151087439954,0.2386119338538167,1.1515776129377248e-18,0.44043481145129354,0.22353174382049018
2011-10-07,0.09742151087439954,0.2386119338538167,1.1515776129377248e-18,0.44043481145129354,0.22353174382049018
2011-10-10,0.09742151087439954,0.2386119338538167,1.1515776129377248e-18,0.44043481145129354,0.22353174382049018
2011-10-11,0.09742151087439954,0.2386119338538167,1.1515776129377248e-18,0.44043481145129354,0.22353174382049018
2011-10-13,0.09742151087439954,0.2386119338538167,1.1515776129377248e-18,0.44043481145129354,0.22353174382049018
2011-10-14,0.09742151087439954,0.2386119338538167,1.1515776129377248e-18,0.44043481145129354,0.22353174382049018
2011-10-17,0.09742151087439954,0.2386119338538167,1.1515776129377248e-18,0.44043481145129354,0.22353174382049018
2011-10-18,0.09742151087439954,0.2386119338538167,1.1515776129377248e-18,0.44043481145129354,0.22353174382049018
2011-10-19,0.09742151087439954,0.2386119338538167,1.1515776129377248e-18,0.44043481145129354,0.22353174382049018
2011-10-20,0.09742151087439954,0.2386119338538167,1.1515776129377248e-18,0.44043481145129354,0.22353174382049018
2011-10-21,0.09742151087439954,0.2386119338538167,1.1515776129377248e-18,0.44043481145129354,0.22353174382049018
2011-10-24,0.09742151087439954,0.2386119338538167,1.1515776129377248e-18,0.44043481145129354,0.22353174382049018
2011-10-25,0.09742151087439954,0.2386119338538167,1.1515776129377248e-18,0.44043481145129354,0.22353174382049018
2011-10-26,0.09742151087439954,0.2386119338538167,1.1515776129377248e-18,0.44043481145129354,0.22353174382049018
2011-10-27,0.09742151087439954,0.2386119338538167,1.1515776129377248e-18,0.44043481145129354,0.22353174382049018
2011-10-28,0.09742151087439954,0.2386119338538167,1.1515776129377248e-18,0.44043481145129354,0.22353174382049018
2011-10-31,0.09742151087439954,0.2386119338538167,1.1515776129377248e-18,0.44043481145129354,0.22353174382049018
2011-11-01,0.09742151087439954,0.2386119338538167,1.1515776129377248e-18,0.44043481145129354,0.22353174382049018
2011-11-03,0.09742151087439954,0.2386119338538167,1.1515776129377248e-18,0.44043481145129354,0.22353174382049018
2011-11-04,0.09742151087439954,0.2386119338538167,1.1515776129377248e-18,0.44043481145129354,0.22353174382049018
2011-11-07,0.09742151087439954,0.2386119338538167,1.1515776129377248e-18,0.44043481145129354,0.22353174382049018
2011-11-08,0.10925894329418658,0.25107275003945523,0.0,0.44593508313161023,0.193733223534748
2011-11-09,0.10925894329418658,0.25107275003945523,0.0,0.44593508313161023,0.193733223534748
2011-11-10,0.10925894329418658,0.25107275003945523,0.0,0.44593508313161023,0.193733223534748
2011-11-11,0.10925894329418658,0.25107275003945523,0.0,0.44593508313161023,0.193733223534748
2011-11-14,0.10925894329418658,0.25107275003945523,0.0,0.44593508313161023,0.193733223534748
2011-11-16,0.10925894329418658,0.25107275003945523,0.0,0.44593508313161023,0.193733223534748
2011-11-17,0.10925894329418658,0.25107275003945523,0.0,0.44593508313161023,0.193733223534748
2011-11-18,0.10925894329418658,0.25107275003945523,0.0,0.44593508313161023,0.193733223534748
2011-11-21,0.10925894329418658,0.25107275003945523,0.0,0.44593508313161023,0.193733223534748
2011-11-22,0.10925894329418658,0.25107275003945523,0.0,0.44593508313161023,0.193733223534748
2011-11-23,0.10925894329418658,0.25107275003945523,0.0,0.44593508313161023,0.193733223534748
2011-11-25,0.10925894329418658,0.25107275003945523,0.0,0.44593508313161023,0.193733223534748
2011-11-28,0.10925894329418658,0.25107275003945523,0.0,0.44593508313161023,0.193733223534748
2011-11-29,0.10925894329418658,0.25107275003945523,0.0,0.44593508313161023,0.193733223534748
2011-11-30,0.10925894329418658,0.25107275003945523,0.0,0.44593508313161023,0.193733223534748
2011-12-01,0.10925894329418658,0.25107275003945523,0.0,0.44593508313161023,0.193733223534748
2011-12-02,0.10925894329418658,0.25107275003945523,0.0,0.44593508313161023,0.193733223534748
2011-12-05,0.10925894329418658,0.25107275003945523,0.0,0.44593508313161023,0.193733223534748
2011-12-06,0.10925894329418658,0.25107275003945523,0.0,0.44593508313161023,0.193733223534748
2011-12-07,0.10925894329418658,0.25107275003945523,0.0,0.44593508313161023,0.193733223534748
2011-12-08,0.10925894329418658,0.25107275003945523,0.0,0.44593508313161023,0.193733223534748
2011-12-09,0.13988681820987783,0.22290487535024958,1.2953347435346265e-17,0.4467288301325254,0.19047947630734718
2011-12-12,0.13988681820987783,0.22290487535024958,1.2953347435346265e-17,0.4467288301325254,0.19047947630734718
2011-12-13,0.13988681820987783,0.22290487535024958,1.2953347435346265e-17,0.4467288301325254,0.19047947630734718
2011-12-14,0.13988681820987783,0.22290487535024958,1.2953347435346265e-17,0.4467288301325254,0.19047947630734718
2011-12-15,0.13988681820987783,0.22290487535024958,1.2953347435346265e-17,0.4467288301325254,0.19047947630734718
2011-12-16,0.13988681820987783,0.22290487535024958,1.2953347435346265e-17,0.4467288301325254,0.19047947630734718
2011-12-19,0.13988681820987783,0.22290487535024958,1.2953347435346265e-17,0.4467288301325254,0.19047947630734718
2011-12-20,0.13988681820987783,0.22290487535024958,1.2953347435346265e-17,0.4467288301325254,0.19047947630734718
2011-12-21,0.13988681820987783,0.22290487535024958,1.2953347435346265e-17,0.4467288301325254,0.19047947630734718
2011-12-22,0.13988681820987783,0.22290487535024958,1.2953347435346265e-17,0.4467288301325254,0.19047947630734718
2011-12-23,0.13988681820987783,0.22290487535024958,1.2953347435346265e-17,0.4467288301325254,0.19047947630734718
2011-12-27,0.13988681820987783,0.22290487535024958,1.2953347435346265e-17,0.4467288301325254,0.19047947630734718
2011-12-28,0.13988681820987783,0.22290487535024958,1.2953347435346265e-17,0.4467288301325254,0.19047947630734718
2011-12-29,0.13988681820987783,0.22290487535024958,1.2953347435346265e-17,0.4467288301325254,0.19047947630734718
2012-01-03,0.13988681820987783,0.22290487535024958,1.2953347435346265e-17,0.4467288301325254,0.19047947630734718
2012-01-04,0.13988681820987783,0.22290487535024958,1.2953347435346265e-17,0.4467288301325254,0.19047947630734718
2012-01-05,0.13988681820987783,0.22290487535024958,1.2953347435346265e-17,0.4467288301325254,0.19047947630734718
2012-01-06,0.13988681820987783,0.22290487535024958,1.2953347435346265e-17,0.4467288301325254,0.19047947630734718
2012-01-09,0.13988681820987783,0.22290487535024958,1.2953347435346265e-17,0.4467288301325254,0.19047947630734718
2012-01-10,0.13988681820987783,0.22290487535024958,1.2953347435346265e-17,0.4467288301325254,0.19047947630734718
2012-01-11,0.13988681820987783,0.22290487535024958,1.2953347435346265e-17,0.4467288301325254,0.19047947630734718
2012-01-12,0.12881798455903873,0.22364872700295751,0.0,0.4438428046201543,0.20369048381784952
2012-01-13,0.12881798455903873,0.22364872700295751,0.0,0.4438428046201543,0.20369048381784952
2012-01-17,0.12881798455903873,0.22364872700295751,0.0,0.4438428046201543,0.20369048381784952
2012-01-18,0.12881798455903873,0.22364872700295751,0.0,0.4438428046201543,0.20369048381784952
2012-01-19,0.12881798455903873,0.22364872700295751,0.0,0.4438428046201543,0.20369048381784952
2012-01-20,0.12881798455903873,0.22364872700295751,0.0,0.4438428046201543,0.20369048381784952
2012-01-23,0.12881798455903873,0.22364872700295751,0.0,0.4438428046201543,0.20369048381784952
2012-01-24,0.12881798455903873,0.22364872700295751,0.0,0.4438428046201543,0.20369048381784952
2012-01-26,0.12881798455903873,0.22364872700295751,0.0,0.4438428046201543,0.20369048381784952
2012-01-27,0.12881798455903873,0.22364872700295751,0.0,0.4438428046201543,0.20369048381784952
2012-01-30,0.12881798455903873,0.22364872700295751,0.0,0.4438428046201543,0.20369048381784952
2012-01-31,0.12881798455903873,0.22364872700295751,0.0,0.4438428046201543,0.20369048381784952
2012-02-01,0.12881798455903873,0.22364872700295751,0.0,0.4438428046201543,0.20369048381784952
2012-02-02,0.12881798455903873,0.22364872700295751,0.0,0.4438428046201543,0.20369048381784952
2012-02-03,0.12881798455903873,0.22364872700295751,0.0,0.4438428046201543,0.20369048381784952
2012-02-06,0.12881798455903873,0.22364872700295751,0.0,0.4438428046201543,0.20369048381784952
2012-02-07,0.12881798455903873,0.22364872700295751,0.0,0.4438428046201543,0.20369048381784952
2012-02-08,0.12881798455903873,0.22364872700295751,0.0,0.4438428046201543,0.20369048381784952
2012-02-09,0.12881798455903873,0.22364872700295751,0.0,0.4438428046201543,0.20369048381784952
2012-02-10,0.12881798455903873,0.22364872700295751,0.0,0.4438428046201543,0.20369048381784952
2012-02-13,0.12881798455903873,0.22364872700295751,0.0,0.4438428046201543,0.20369048381784952
2012-02-14,0.13342861805260153,0.21633875081400628,0.0,0.44272723752658744,0.20750539360680484
2012-02-15,0.13342861805260153,0.21633875081400628,0.0,0.44272723752658744,0.20750539360680484
2012-02-16,0.13342861805260153,0.21633875081400628,0.0,0.44272723752658744,0.20750539360680484
2012-02-17,0.13342861805260153,0.21633875081400628,0.0,0.44272723752658744,0.20750539360680484
2012-02-22,0.13342861805260153,0.21633875081400628,0.0,0.44272723752658744,0.20750539360680484
2012-02-23,0.13342861805260153,0.21633875081400628,0.0,0.44272723752658744,0.20750539360680484
2012-02-24,0.13342861805260153,0.21633875081400628,0.0,0.44272723752658744,0.20750539360680484
2012-02-27,0.13342861805260153,0.21633875081400628,0.0,0.44272723752658744,0.20750539360680484
2012-02-28,0.13342861805260153,0.21633875081400628,0.0,0.44272723752658744,0.20750539360680484
2012-02-29,0.13342861805260153,0.21633875081400628,0.0,0.44272723752658744,0.20750539360680484
2012-03-01,0.13342861805260153,0.21633875081400628,0.0,0.44272723752658744,0.20750539360680484
2012-03-02,0.13342861805260153,0.21633875081400628,0.0,0.44272723752658744,0.20750539360680484
2012-03-05,0.13342861805260153,0.21633875081400628,0.0,0.44272723752658744,0.20750539360680484
2012-03-06,0.13342861805260153,0.21633875081400628,0.0,0.44272723752658744,0.20750539360680484
2012-03-07,0.13342861805260153,0.21633875081400628,0.0,0.44272723752658744,0.20750539360680484
2012-03-08,0.13342861805260153,0.21633875081400628,0.0,0.44272723752658744,0.20750539360680484
2012-03-09,0.13342861805260153,0.21633875081400628,0.0,0.44272723752658744,0.20750539360680484
2012-03-12,0.13342861805260153,0.21633875081400628,0.0,0.44272723752658744,0.20750539360680484
2012-03-13,0.13342861805260153,0.21633875081400628,0.0,0.44272723752658744,0.20750539360680484
2012-03-14,0.13342861805260153,0.21633875081400628,0.0,0.44272723752658744,0.20750539360680484
2012-03-15,0.13342861805260153,0.21633875081400628,0.0,0.44272723752658744,0.20750539360680484
2012-03-16,0.15460019813358705,0.198633651847628,9.5204411405509e-18,0.44117364524302644,0.20559250477575852
2012-03-19,0.15460019813358705,0.198633651847628,9.5204411405509e-18,0.44117364524302644,0.20559250477575852
2012-03-20,0.15460019813358705,0.198633651847628,9.5204411405509e-18,0.44117364524302644,0.20559250477575852
2012-03-21,0.15460019813358705,0.198633651847628,9.5204411405509e-18,0.44117364524302644,0.20559250477575852
2012-03-22,0.15460019813358705,0.198633651847628,9.5204411405509e-18,0.44117364524302644,0.20559250477575852
2012-03-23,0.15460019813358705,0.198633651847628,9.5204411405509e-18,0.44117364524302644,0.20559250477575852
2012-03-26,0.15460019813358705,0.198633651847628,9.5204411405509e-18,0.44117364524302644,0.20559250477575852
2012-03-27,0.15460019813358705,0.198633651847628,9.5204411405509e-18,0.44117364524302644,0.20559250477575852
2012-03-28,0.15460019813358705,0.198633651847628,9.5204411405509e-18,0.44117364524302644,0.20559250477575852
2012-03-29,0.15460019813358705,0.198633651847628,9.5204411405509e-18,0.44117364524302644,0.20559250477575852
2012-03-30,0.15460019813358705,0.198633651847628,9.5204411405509e-18,0.44117364524302644,0.20559250477575852
2012-04-02,0.15460019813358705,0.198633651847628,9.5204411405509e-18,0.44117364524302644,0.20559250477575852
2012-04-03,0.15460019813358705,0.198633651847628,9.5204411405509e-18,0.44117364524302644,0.20559250477575852
2012-04-04,0.15460019813358705,0.198633651847628,9.5204411405509e-18,0.44117364524302644,0.20559250477575852
2012-04-05,0.15460019813358705,0.198633651847628,9.5204411405509e-18,0.44117364524302644,0.20559250477575852
2012-04-09,0.15460019813358705,0.198633651847628,9.5204411405509e-18,0.44117364524302644,0.20559250477575852
2012-04-10,0.15460019813358705,0.198633651847628,9.5204411405509e-18,0.44117364524302644,0.20559250477575852
2012-04-11,0.15460019813358705,0.198633651847628,9.5204411405509e-18,0.44117364524302644,0.20559250477575852
2012-04-12,0.15460019813358705,0.198633651847628,9.5204411405509e-18,0.44117364524302644,0.20559250477575852
2012-04-13,0.15460019813358705,0.198633651847628,9.5204411405509e-18,0.44117364524302644,0.20559250477575852
2012-04-16,0.15460019813358705,0.198633651847628,9.5204411405509e-18,0.44117364524302644,0.20559250477575852
2012-04-17,0.13768711015213358,0.20893263280908123,0.0,0.4416439501243537,0.21173630691443157
2012-04-18,0.13768711015213358,0.20893263280908123,0.0,0.4416439501243537,0.21173630691443157
2012-04-19,0.13768711015213358,0.20893263280908123,0.0,0.4416439501243537,0.21173630691443157
2012-04-20,0.13768711015213358,0.20893263280908123,0.0,0.4416439501243537,0.21173630691443157
2012-04-23,0.13768711015213358,0.20893263280908123,0.0,0.4416439501243537,0.21173630691443157
2012-04-24,0.13768711015213358,0.20893263280908123,0.0,0.4416439501243537,0.21173630691443157
2012-04-25,0.13768711015213358,0.20893263280908123,0.0,0.4416439501243537,0.21173630691443157
2012-04-26,0.13768711015213358,0.20893263280908123,0.0,0.4416439501243537,0.21173630691443157
2012-04-27,0.13768711015213358,0.20893263280908123,0.0,0.4416439501243537,0.21173630691443157
2012-04-30,0.13768711015213358,0.20893263280908123,0.0,0.4416439501243537,0.21173630691443157
2012-05-02,0.13768711015213358,0.20893263280908123,0.0,0.4416439501243537,0.21173630691443157
2012-05-03,0.13768711015213358,0.20893263280908123,0.0,0.4416439501243537,0.21173630691443157
2012-05-04,0.13768711015213358,0.20893263280908123,0.0,0.4416439501243537,0.21173630691443157
2012-05-07,0.13768711015213358,0.20893263280908123,0.0,0.4416439501243537,0.21173630691443157
2012-05-08,0.13768711015213358,0.20893263280908123,0.0,0.4416439501243537,0.21173630691443157
2012-05-09,0.13768711015213358,0.20893263280908123,0.0,0.4416439501243537,0.21173630691443157
2012-05-10,0.13768711015213358,0.20893263280908123,0.0,0.4416439501243537,0.21173630691443157
2012-05-11,0.13768711015213358,0.20893263280908123,0.0,0.4416439501243537,0.21173630691443157
2012-05-14,0.13768711015213358,0.20893263280908123,0.0,0.4416439501243537,0.21173630691443157
2012-05-15,0.13768711015213358,0.20893263280908123,0.0,0.4416439501243537,0.21173630691443157
2012-05-16,0.13768711015213358,0.20893263280908123,0.0,0.4416439501243537,0.21173630691443157
2012-05-17,0.1304895860395665,0.20910052031956233,0.0,0.4416930720181597,0.2187168216227115
2012-05-18,0.1304895860395665,0.20910052031956233,0.0,0.4416930720181597,0.2187168216227115
2012-05-21,0.1304895860395665,0.20910052031956233,0.0,0.4416930720181597,0.2187168216227115
2012-05-22,0.1304895860395665,0.20910052031956233,0.0,0.4416930720181597,0.2187168216227115
2012-05-23,0.1304895860395665,0.20910052031956233,0.0,0.4416930720181597,0.2187168216227115
2012-05-24,0.1304895860395665,0.20910052031956233,0.0,0.4416930720181597,0.2187168216227115
2012-05-25,0.1304895860395665,0.20910052031956233,0.0,0.4416930720181597,0.2187168216227115
2012-05-29,0.1304895860395665,0.20910052031956233,0.0,0.4416930720181597,0.2187168216227115
2012-05-30,0.1304895860395665,0.20910052031956233,0.0,0.4416930720181597,0.2187168216227115
2012-05-31,0.1304895860395665,0.20910052031956233,0.0,0.4416930720181597,0.2187168216227115
2012-06-01,0.1304895860395665,0.20910052031956233,0.0,0.4416930720181597,0.2187168216227115
2012-06-04,0.1304895860395665,0.20910052031956233,0.0,0.4416930720181597,0.2187168216227115
2012-06-05,0.1304895860395665,0.20910052031956233,0.0,0.4416930720181597,0.2187168216227115
2012-06-06,0.1304895860395665,0.20910052031956233,0.0,0.4416930720181597,0.2187168216227115
2012-06-08,0.1304895860395665,0.20910052031956233,0.0,0.4416930720181597,0.2187168216227115
2012-06-11,0.1304895860395665,0.20910052031956233,0.0,0.4416930720181597,0.2187168216227115
2012-06-12,0.1304895860395665,0.20910052031956233,0.0,0.4416930720181597,0.2187168216227115
2012-06-13,0.1304895860395665,0.20910052031956233,0.0,0.4416930720181597,0.2187168216227115
2012-06-14,0.1304895860395665,0.20910052031956233,0.0,0.4416930720181597,0.2187168216227115
2012-06-15,0.1304895860395665,0.20910052031956233,0.0,0.4416930720181597,0.2187168216227115
2012-06-18,0.1304895860395665,0.20910052031956233,0.0,0.4416930720181597,0.2187168216227115
2012-06-19,0.1117021209632068,0.22637994943995046,0.0,0.4440424347330601,0.2178754948637826
2012-06-20,0.1117021209632068,0.22637994943995046,0.0,0.4440424347330601,0.2178754948637826
2012-06-21,0.1117021209632068,0.22637994943995046,0.0,0.4440424347330601,0.2178754948637826
2012-06-22,0.1117021209632068,0.22637994943995046,0.0,0.4440424347330601,0.2178754948637826
2012-06-25,0.1117021209632068,0.22637994943995046,0.0,0.4440424347330601,0.2178754948637826
2012-06-26,0.1117021209632068,0.22637994943995046,0.0,0.4440424347330601,0.2178754948637826
2012-06-27,0.1117021209632068,0.22637994943995046,0.0,0.4440424347330601,0.2178754948637826
2012-06-28,0.1117021209632068,0.22637994943995046,0.0,0.4440424347330601,0.2178754948637826
2012-06-29,0.1117021209632068,0.22637994943995046,0.0,0.4440424347330601,0.2178754948637826
2012-07-02,0.1117021209632068,0.22637994943995046,0.0,0.4440424347330601,0.2178754948637826
2012-07-03,0.1117021209632068,0.22637994943995046,0.0,0.4440424347330601,0.2178754948637826
2012-07-05,0.1117021209632068,0.22637994943995046,0.0,0.4440424347330601,0.2178754948637826
2012-07-06,0.1117021209632068,0.22637994943995046,0.0,0.4440424347330601,0.2178754948637826
2012-07-10,0.1117021209632068,0.22637994943995046,0.0,0.4440424347330601,0.2178754948637826
2012-07-11,0.1117021209632068,0.22637994943995046,0.0,0.4440424347330601,0.2178754948637826
2012-07-12,0.1117021209632068,0.22637994943995046,0.0,0.4440424347330601,0.2178754948637826
2012-07-13,0.1117021209632068,0.22637994943995046,0.0,0.4440424347330601,0.2178754948637826
2012-07-16,0.1117021209632068,0.22637994943995046,0.0,0.4440424347330601,0.2178754948637826
2012-07-17,0.1117021209632068,0.22637994943995046,0.0,0.4440424347330601,0.2178754948637826
2012-07-18,0.1117021209632068,0.22637994943995046,0.0,0.4440424347330601,0.2178754948637826
2012-07-19,0.1117021209632068,0.22637994943995046,0.0,0.4440424347330601,0.2178754948637826
2012-07-20,0.10077104150215722,0.23879549916493567,0.0,0.44166283967537934,0.21877061965752786
2012-07-23,0.10077104150215722,0.23879549916493567,0.0,0.44166283967537934,0.21877061965752786
2012-07-24,0.10077104150215722,0.23879549916493567,0.0,0.44166283967537934,0.21877061965752786
2012-07-25,0.10077104150215722,0.23879549916493567,0.0,0.44166283967537934,0.21877061965752786
2012-07-26,0.10077104150215722,0.23879549916493567,0.0,0.44166283967537934,0.21877061965752786
2012-07-27,0.10077104150215722,0.23879549916493567,0.0,0.44166283967537934,0.21877061965752786
2012-07-30,0.10077104150215722,0.23879549916493567,0.0,0.44166283967537934,0.21877061965752786
2012-07-31,0.10077104150215722,0.23879549916493567,0.0,0.44166283967537934,0.21877061965752786
2012-08-01,0.10077104150215722,0.23879549916493567,0.0,0.44166283967537934,0.21877061965752786
2012-08-02,0.10077104150215722,0.23879549916493567,0.0,0.44166283967537934,0.21877061965752786
2012-08-03,0.10077104150215722,0.23879549916493567,0.0,0.44166283967537934,0.21877061965752786
2012-08-06,0.10077104150215722,0.23879549916493567,0.0,0.44166283967537934,0.21877061965752786
2012-08-07,0.10077104150215722,0.23879549916493567,0.0,0.44166283967537934,0.21877061965752786
2012-08-08,0.10077104150215722,0.23879549916493567,0.0,0.44166283967537934,0.21877061965752786
2012-08-09,0.10077104150215722,0.23879549916493567,0.0,0.44166283967537934,0.21877061965752786
2012-08-10,0.10077104150215722,0.23879549916493567,0.0,0.44166283967537934,0.21877061965752786
2012-08-13,0.10077104150215722,0.23879549916493567,0.0,0.44166283967537934,0.21877061965752786
2012-08-14,0.10077104150215722,0.23879549916493567,0.0,0.44166283967537934,0.21877061965752786
2012-08-15,0.10077104150215722,0.23879549916493567,0.0,0.44166283967537934,0.21877061965752786
2012-08-16,0.10077104150215722,0.23879549916493567,0.0,0.44166283967537934,0.21877061965752786
2012-08-17,0.10077104150215722,0.23879549916493567,0.0,0.44166283967537934,0.21877061965752786
2012-08-20,0.08841549390870797,0.24856994825599854,0.0,0.4363719970079517,0.22664256082734188
2012-08-21,0.08841549390870797,0.24856994825599854,0.0,0.4363719970079517,0.22664256082734188
2012-08-22,0.08841549390870797,0.24856994825599854,0.0,0.4363719970079517,0.22664256082734188
2012-08-23,0.08841549390870797,0.24856994825599854,0.0,0.4363719970079517,0.22664256082734188
2012-08-24,0.08841549390870797,0.24856994825599854,0.0,0.4363719970079517,0.22664256082734188
2012-08-27,0.08841549390870797,0.24856994825599854,0.0,0.4363719970079517,0.22664256082734188
2012-08-28,0.08841549390870797,0.24856994825599854,0.0,0.4363719970079517,0.22664256082734188
2012-08-29,0.08841549390870797,0.24856994825599854,0.0,0.4363719970079517,0.22664256082734188
2012-08-30,0.08841549390870797,0.24856994825599854,0.0,0.4363719970079517,0.22664256082734188
2012-08-31,0.08841549390870797,0.24856994825599854,0.0,0.4363719970079517,0.22664256082734188
2012-09-04,0.08841549390870797,0.24856994825599854,0.0,0.4363719970079517,0.22664256082734188
2012-09-05,0.08841549390870797,0.24856994825599854,0.0,0.4363719970079517,0.22664256082734188
2012-09-06,0.08841549390870797,0.24856994825599854,0.0,0.4363719970079517,0.22664256082734188
2012-09-10,0.08841549390870797,0.24856994825599854,0.0,0.4363719970079517,0.22664256082734188
2012-09-11,0.08841549390870797,0.24856994825599854,0.0,0.4363719970079517,0.22664256082734188
2012-09-12,0.08841549390870797,0.24856994825599854,0.0,0.4363719970079517,0.22664256082734188
2012-09-13,0.08841549390870797,0.24856994825599854,0.0,0.4363719970079517,0.22664256082734188
2012-09-14,0.08841549390870797,0.24856994825599854,0.0,0.4363719970079517,0.22664256082734188
2012-09-17,0.08841549390870797,0.24856994825599854,0.0,0.4363719970079517,0.22664256082734188
2012-09-18,0.08841549390870797,0.24856994825599854,0.0,0.4363719970079517,0.22664256082734188
2012-09-19,0.08841549390870797,0.24856994825599854,0.0,0.4363719970079517,0.22664256082734188
2012-09-20,0.008490684725554027,0.3558167900844611,3.6972626521525524e-17,0.41543378696722333,0.2202587382227615
2012-09-21,0.008490684725554027,0.3558167900844611,3.6972626521525524e-17,0.41543378696722333,0.2202587382227615
2012-09-24,0.008490684725554027,0.3558167900844611,3.6972626521525524e-17,0.41543378696722333,0.2202587382227615
2012-09-25,0.008490684725554027,0.3558167900844611,3.6972626521525524e-17,0.41543378696722333,0.2202587382227615
2012-09-26,0.008490684725554027,0.3558167900844611,3.6972626521525524e-17,0.41543378696722333,0.2202587382227615
2012-09-27,0.008490684725554027,0.3558167900844611,3.6972626521525524e-17,0.41543378696722333,0.2202587382227615
2012-09-28,0.008490684725554027,0.3558167900844611,3.6972626521525524e-17,0.41543378696722333,0.2202587382227615
2012-10-01,0.008490684725554027,0.3558167900844611,3.6972626521525524e-17,0.41543378696722333,0.2202587382227615
2012-10-02,0.008490684725554027,0.3558167900844611,3.6972626521525524e-17,0.41543378696722333,0.2202587382227615
2012-10-03,0.008490684725554027,0.3558167900844611,3.6972626521525524e-17,0.41543378696722333,0.2202587382227615
2012-10-04,0.008490684725554027,0.3558167900844611,3.6972626521525524e-17,0.41543378696722333,0.2202587382227615
2012-10-05,0.008490684725554027,0.3558167900844611,3.6972626521525524e-17,0.41543378696722333,0.2202587382227615
2012-10-08,0.008490684725554027,0.3558167900844611,3.6972626521525524e-17,0.41543378696722333,0.2202587382227615
2012-10-09,0.008490684725554027,0.3558167900844611,3.6972626521525524e-17,0.41543378696722333,0.2202587382227615
2012-10-10,0.008490684725554027,0.3558167900844611,3.6972626521525524e-17,0.41543378696722333,0.2202587382227615
2012-10-11,0.008490684725554027,0.3558167900844611,3.6972626521525524e-17,0.41543378696722333,0.2202587382227615
2012-10-15,0.008490684725554027,0.3558167900844611,3.6972626521525524e-17,0.41543378696722333,0.2202587382227615
2012-10-16,0.008490684725554027,0.3558167900844611,3.6972626521525524e-17,0.41543378696722333,0.2202587382227615
2012-10-17,0.008490684725554027,0.3558167900844611,3.6972626521525524e-17,0.41543378696722333,0.2202587382227615
2012-10-18,0.008490684725554027,0.3558167900844611,3.6972626521525524e-17,0.41543378696722333,0.2202587382227615
2012-10-19,0.008490684725554027,0.3558167900844611,3.6972626521525524e-17,0.41543378696722333,0.2202587382227615
2012-10-22,0.036944472132261104,0.3234488610751527,6.597195844024926e-17,0.40990988783760757,0.22969677895497867
2012-10-23,0.036944472132261104,0.3234488610751527,6.597195844024926e-17,0.40990988783760757,0.22969677895497867
2012-10-24,0.036944472132261104,0.3234488610751527,6.597195844024926e-17,0.40990988783760757,0.22969677895497867
2012-10-25,0.036944472132261104,0.3234488610751527,6.597195844024926e-17,0.40990988783760757,0.22969677895497867
2012-10-26,0.036944472132261104,0.3234488610751527,6.597195844024926e-17,0.40990988783760757,0.22969677895497867
2012-10-31,0.036944472132261104,0.3234488610751527,6.597195844024926e-17,0.40990988783760757,0.22969677895497867
2012-11-01,0.036944472132261104,0.3234488610751527,6.597195844024926e-17,0.40990988783760757,0.22969677895497867
2012-11-05,0.036944472132261104,0.3234488610751527,6.597195844024926e-17,0.40990988783760757,0.22969677895497867
2012-11-06,0.036944472132261104,0.3234488610751527,6.597195844024926e-17,0.40990988783760757,0.22969677895497867
2012-11-07,0.036944472132261104,0.3234488610751527,6.597195844024926e-17,0.40990988783760757,0.22969677895497867
2012-11-08,0.036944472132261104,0.3234488610751527,6.597195844024926e-17,0.40990988783760757,0.22969677895497867
2012-11-09,0.036944472132261104,0.3234488610751527,6.597195844024926e-17,0.40990988783760757,0.22969677895497867
2012-11-12,0.036944472132261104,0.3234488610751527,6.597195844024926e-17,0.40990988783760757,0.22969677895497867
2012-11-13,0.036944472132261104,0.3234488610751527,6.597195844024926e-17,0.40990988783760757,0.22969677895497867
2012-11-14,0.036944472132261104,0.3234488610751527,6.597195844024926e-17,0.40990988783760757,0.22969677895497867
2012-11-16,0.036944472132261104,0.3234488610751527,6.597195844024926e-17,0.40990988783760757,0.22969677895497867
2012-11-19,0.036944472132261104,0.3234488610751527,6.597195844024926e-17,0.40990988783760757,0.22969677895497867
2012-11-21,0.036944472132261104,0.3234488610751527,6.597195844024926e-17,0.40990988783760757,0.22969677895497867
2012-11-23,0.036944472132261104,0.3234488610751527,6.597195844024926e-17,0.40990988783760757,0.22969677895497867
2012-11-26,0.036944472132261104,0.3234488610751527,6.597195844024926e-17,0.40990988783760757,0.22969677895497867
2012-11-27,0.036944472132261104,0.3234488610751527,6.597195844024926e-17,0.40990988783760757,0.22969677895497867
2012-11-28,0.05444159918765169,0.28280096499907825,0.0,0.40992698451793197,0.25283045129533815
2012-11-29,0.05444159918765169,0.28280096499907825,0.0,0.40992698451793197,0.25283045129533815
2012-11-30,0.05444159918765169,0.28280096499907825,0.0,0.40992698451793197,0.25283045129533815
2012-12-03,0.05444159918765169,0.28280096499907825,0.0,0.40992698451793197,0.25283045129533815
2012-12-04,0.05444159918765169,0.28280096499907825,0.0,0.40992698451793197,0.25283045129533815
2012-12-05,0.05444159918765169,0.28280096499907825,0.0,0.40992698451793197,0.25283045129533815
2012-12-06,0.05444159918765169,0.28280096499907825,0.0,0.40992698451793197,0.25283045129533815
2012-12-07,0.05444159918765169,0.28280096499907825,0.0,0.40992698451793197,0.25283045129533815
2012-12-10,0.05444159918765169,0.28280096499907825,0.0,0.40992698451793197,0.25283045129533815
2012-12-11,0.05444159918765169,0.28280096499907825,0.0,0.40992698451793197,0.25283045129533815
2012-12-12,0.05444159918765169,0.28280096499907825,0.0,0.40992698451793197,0.25283045129533815
2012-12-13,0.05444159918765169,0.28280096499907825,0.0,0.40992698451793197,0.25283045129533815
2012-12-14,0.05444159918765169,0.28280096499907825,0.0,0.40992698451793197,0.25283045129533815
2012-12-17,0.05444159918765169,0.28280096499907825,0.0,0.40992698451793197,0.25283045129533815
2012-12-18,0.05444159918765169,0.28280096499907825,0.0,0.40992698451793197,0.25283045129533815
2012-12-19,0.05444159918765169,0.28280096499907825,0.0,0.40992698451793197,0.25283045129533815
2012-12-20,0.05444159918765169,0.28280096499907825,0.0,0.40992698451793197,0.25283045129533815
2012-12-21,0.05444159918765169,0.28280096499907825,0.0,0.40992698451793197,0.25283045129533815
2012-12-26,0.05444159918765169,0.28280096499907825,0.0,0.40992698451793197,0.25283045129533815
2012-12-27,0.05444159918765169,0.28280096499907825,0.0,0.40992698451793197,0.25283045129533815
2012-12-28,0.05444159918765169,0.28280096499907825,0.0,0.40992698451793197,0.25283045129533815
2013-01-02,0.003862353353165903,0.3273185556688369,0.0,0.40263701381740247,0.26618207716059483
2013-01-03,0.003862353353165903,0.3273185556688369,0.0,0.40263701381740247,0.26618207716059483
2013-01-04,0.003862353353165903,0.3273185556688369,0.0,0.40263701381740247,0.26618207716059483
2013-01-07,0.003862353353165903,0.3273185556688369,0.0,0.40263701381740247,0.26618207716059483
2013-01-08,0.003862353353165903,0.3273185556688369,0.0,0.40263701381740247,0.26618207716059483
2013-01-09,0.003862353353165903,0.3273185556688369,0.0,0.40263701381740247,0.26618207716059483
2013-01-10,0.003862353353165903,0.3273185556688369,0.0,0.40263701381740247,0.26618207716059483
2013-01-11,0.003862353353165903,0.3273185556688369,0.0,0.40263701381740247,0.26618207716059483
2013-01-14,0.003862353353165903,0.3273185556688369,0.0,0.40263701381740247,0.26618207716059483
2013-01-15,0.003862353353165903,0.3273185556688369,0.0,0.40263701381740247,0.26618207716059483
2013-01-16,0.003862353353165903,0.3273185556688369,0.0,0.40263701381740247,0.26618207716059483
2013-01-17,0.003862353353165903,0.3273185556688369,0.0,0.40263701381740247,0.26618207716059483
2013-01-18,0.003862353353165903,0.3273185556688369,0.0,0.40263701381740247,0.26618207716059483
2013-01-22,0.003862353353165903,0.3273185556688369,0.0,0.40263701381740247,0.26618207716059483
2013-01-23,0.003862353353165903,0.3273185556688369,0.0,0.40263701381740247,0.26618207716059483
2013-01-24,0.003862353353165903,0.3273185556688369,0.0,0.40263701381740247,0.26618207716059483
2013-01-28,0.003862353353165903,0.3273185556688369,0.0,0.40263701381740247,0.26618207716059483
2013-01-29,0.003862353353165903,0.3273185556688369,0.0,0.40263701381740247,0.26618207716059483
2013-01-30,0.003862353353165903,0.3273185556688369,0.0,0.40263701381740247,0.26618207716059483
2013-01-31,0.003862353353165903,0.3273185556688369,0.0,0.40263701381740247,0.26618207716059483
2013-02-01,0.003862353353165903,0.3273185556688369,0.0,0.40263701381740247,0.26618207716059483
2013-02-04,0.06540631244330694,0.28719273999806233,6.930084179602763e-19,0.41009190422287745,0.23730904333575342
2013-02-05,0.06540631244330694,0.28719273999806233,6.930084179602763e-19,0.41009190422287745,0.23730904333575342
2013-02-06,0.06540631244330694,0.28719273999806233,6.930084179602763e-19,0.41009190422287745,0.23730904333575342
2013-02-07,0.06540631244330694,0.28719273999806233,6.930084179602763e-19,0.41009190422287745,0.23730904333575342
2013-02-08,0.06540631244330694,0.28719273999806233,6.930084179602763e-19,0.41009190422287745,0.23730904333575342
2013-02-13,0.06540631244330694,0.28719273999806233,6.930084179602763e-19,0.41009190422287745,0.23730904333575342
2013-02-14,0.06540631244330694,0.28719273999806233,6.930084179602763e-19,0.41009190422287745,0.23730904333575342
2013-02-15,0.06540631244330694,0.28719273999806233,6.930084179602763e-19,0.41009190422287745,0.23730904333575342
2013-02-19,0.06540631244330694,0.28719273999806233,6.930084179602763e-19,0.41009190422287745,0.23730904333575342
2013-02-20,0.06540631244330694,0.28719273999806233,6.930084179602763e-19,0.41009190422287745,0.23730904333575342
2013-02-21,0.06540631244330694,0.28719273999806233,6.930084179602763e-19,0.41009190422287745,0.23730904333575342
2013-02-22,0.06540631244330694,0.28719273999806233,6.930084179602763e-19,0.41009190422287745,0.23730904333575342
2013-02-25,0.06540631244330694,0.28719273999806233,6.930084179602763e-19,0.41009190422287745,0.23730904333575342
2013-02-26,0.06540631244330694,0.28719273999806233,6.930084179602763e-19,0.41009190422287745,0.23730904333575342
2013-02-27,0.06540631244330694,0.28719273999806233,6.930084179602763e-19,0.41009190422287745,0.23730904333575342
2013-02-28,0.06540631244330694,0.28719273999806233,6.930084179602763e-19,0.41009190422287745,0.23730904333575342
2013-03-01,0.06540631244330694,0.28719273999806233,6.930084179602763e-19,0.41009190422287745,0.23730904333575342
2013-03-04,0.06540631244330694,0.28719273999806233,6.930084179602763e-19,0.41009190422287745,0.23730904333575342
2013-03-05,0.06540631244330694,0.28719273999806233,6.930084179602763e-19,0.41009190422287745,0.23730904333575342
2013-03-06,0.06540631244330694,0.28719273999806233,6.930084179602763e-19,0.41009190422287745,0.23730904333575342
2013-03-07,0.06540631244330694,0.28719273999806233,6.930084179602763e-19,0.41009190422287745,0.23730904333575342
2013-03-08,0.12361015377270193,0.23604384439625192,2.533730493538495e-17,0.40745278567649956,0.23289321615454664
2013-03-11,0.12361015377270193,0.23604384439625192,2.533730493538495e-17,0.40745278567649956,0.23289321615454664
2013-03-12,0.12361015377270193,0.23604384439625192,2.533730493538495e-17,0.40745278567649956,0.23289321615454664
2013-03-13,0.12361015377270193,0.23604384439625192,2.533730493538495e-17,0.40745278567649956,0.23289321615454664
2013-03-14,0.12361015377270193,0.23604384439625192,2.533730493538495e-17,0.40745278567649956,0.23289321615454664
2013-03-15,0.12361015377270193,0.23604384439625192,2.533730493538495e-17,0.40745278567649956,0.23289321615454664
2013-03-18,0.12361015377270193,0.23604384439625192,2.533730493538495e-17,0.40745278567649956,0.23289321615454664
2013-03-19,0.12361015377270193,0.23604384439625192,2.533730493538495e-17,0.40745278567649956,0.23289321615454664
2013-03-20,0.12361015377270193,0.23604384439625192,2.533730493538495e-17,0.40745278567649956,0.23289321615454664
2013-03-21,0.12361015377270193,0.23604384439625192,2.533730493538495e-17,0.40745278567649956,0.23289321615454664
2013-03-22,0.12361015377270193,0.23604384439625192,2.533730493538495e-17,0.40745278567649956,0.23289321615454664
2013-03-25,0.12361015377270193,0.23604384439625192,2.533730493538495e-17,0.40745278567649956,0.23289321615454664
2013-03-26,0.12361015377270193,0.23604384439625192,2.533730493538495e-17,0.40745278567649956,0.23289321615454664
2013-03-27,0.12361015377270193,0.23604384439625192,2.533730493538495e-17,0.40745278567649956,0.23289321615454664
2013-03-28,0.12361015377270193,0.23604384439625192,2.533730493538495e-17,0.40745278567649956,0.23289321615454664
2013-04-01,0.12361015377270193,0.23604384439625192,2.533730493538495e-17,0.40745278567649956,0.23289321615454664
2013-04-02,0.12361015377270193,0.23604384439625192,2.533730493538495e-17,0.40745278567649956,0.23289321615454664
2013-04-03,0.12361015377270193,0.23604384439625192,2.533730493538495e-17,0.40745278567649956,0.23289321615454664
2013-04-04,0.12361015377270193,0.23604384439625192,2.533730493538495e-17,0.40745278567649956,0.23289321615454664
2013-04-05,0.12361015377270193,0.23604384439625192,2.533730493538495e-17,0.40745278567649956,0.23289321615454664
2013-04-08,0.12361015377270193,0.23604384439625192,2.533730493538495e-17,0.40745278567649956,0.23289321615454664
2013-04-09,0.0949174682660748,0.26099206670891245,0.0,0.40048041168617005,0.24361005333884267
2013-04-10,0.0949174682660748,0.26099206670891245,0.0,0.40048041168617005,0.24361005333884267
2013-04-11,0.0949174682660748,0.26099206670891245,0.0,0.40048041168617005,0.24361005333884267
2013-04-12,0.0949174682660748,0.26099206670891245,0.0,0.40048041168617005,0.24361005333884267
2013-04-15,0.0949174682660748,0.26099206670891245,0.0,0.40048041168617005,0.24361005333884267
2013-04-16,0.0949174682660748,0.26099206670891245,0.0,0.40048041168617005,0.24361005333884267
2013-04-17,0.0949174682660748,0.26099206670891245,0.0,0.40048041168617005,0.24361005333884267
2013-04-18,0.0949174682660748,0.26099206670891245,0.0,0.40048041168617005,0.24361005333884267
2013-04-19,0.0949174682660748,0.26099206670891245,0.0,0.40048041168617005,0.24361005333884267
2013-04-22,0.0949174682660748,0.26099206670891245,0.0,0.40048041168617005,0.24361005333884267
2013-04-23,0.0949174682660748,0.26099206670891245,0.0,0.40048041168617005,0.24361005333884267
2013-04-24,0.0949174682660748,0.26099206670891245,0.0,0.40048041168617005,0.24361005333884267
2013-04-25,0.0949174682660748,0.26099206670891245,0.0,0.40048041168617005,0.24361005333884267
2013-04-26,0.0949174682660748,0.26099206670891245,0.0,0.40048041168617005,0.24361005333884267
2013-04-29,0.0949174682660748,0.26099206670891245,0.0,0.40048041168617005,0.24361005333884267
2013-04-30,0.0949174682660748,0.26099206670891245,0.0,0.40048041168617005,0.24361005333884267
2013-05-02,0.0949174682660748,0.26099206670891245,0.0,0.40048041168617005,0.24361005333884267
2013-05-03,0.0949174682660748,0.26099206670891245,0.0,0.40048041168617005,0.24361005333884267
2013-05-06,0.0949174682660748,0.26099206670891245,0.0,0.40048041168617005,0.24361005333884267
2013-05-07,0.0949174682660748,0.26099206670891245,0.0,0.40048041168617005,0.24361005333884267
2013-05-08,0.0949174682660748,0.26099206670891245,0.0,0.40048041168617005,0.24361005333884267
2013-05-09,0.14022076886903423,0.20988055474852804,5.772944568132454e-17,0.39319109146029085,0.2567075849221468
2013-05-10,0.14022076886903423,0.20988055474852804,5.772944568132454e-17,0.39319109146029085,0.2567075849221468
2013-05-13,0.14022076886903423,0.20988055474852804,5.772944568132454e-17,0.39319109146029085,0.2567075849221468
2013-05-14,0.14022076886903423,0.20988055474852804,5.772944568132454e-17,0.39319109146029085,0.2567075849221468
2013-05-15,0.14022076886903423,0.20988055474852804,5.772944568132454e-17,0.39319109146029085,0.2567075849221468
2013-05-16,0.14022076886903423,0.20988055474852804,5.772944568132454e-17,0.39319109146029085,0.2567075849221468
2013-05-17,0.14022076886903423,0.20988055474852804,5.772944568132454e-17,0.39319109146029085,0.2567075849221468
2013-05-20,0.14022076886903423,0.20988055474852804,5.772944568132454e-17,0.39319109146029085,0.2567075849221468
2013-05-21,0.14022076886903423,0.20988055474852804,5.772944568132454e-17,0.39319109146029085,0.2567075849221468
2013-05-22,0.14022076886903423,0.20988055474852804,5.772944568132454e-17,0.39319109146029085,0.2567075849221468
2013-05-23,0.14022076886903423,0.20988055474852804,5.772944568132454e-17,0.39319109146029085,0.2567075849221468
2013-05-24,0.14022076886903423,0.20988055474852804,5.772944568132454e-17,0.39319109146029085,0.2567075849221468
2013-05-28,0.14022076886903423,0.20988055474852804,5.772944568132454e-17,0.39319109146029085,0.2567075849221468
2013-05-29,0.14022076886903423,0.20988055474852804,5.772944568132454e-17,0.39319109146029085,0.2567075849221468
2013-05-31,0.14022076886903423,0.20988055474852804,5.772944568132454e-17,0.39319109146029085,0.2567075849221468
2013-06-03,0.14022076886903423,0.20988055474852804,5.772944568132454e-17,0.39319109146029085,0.2567075849221468
2013-06-04,0.14022076886903423,0.20988055474852804,5.772944568132454e-17,0.39319109146029085,0.2567075849221468
2013-06-05,0.14022076886903423,0.20988055474852804,5.772944568132454e-17,0.39319109146029085,0.2567075849221468
2013-06-06,0.14022076886903423,0.20988055474852804,5.772944568132454e-17,0.39319109146029085,0.2567075849221468
2013-06-07,0.14022076886903423,0.20988055474852804,5.772944568132454e-17,0.39319109146029085,0.2567075849221468
2013-06-10,0.14022076886903423,0.20988055474852804,5.772944568132454e-17,0.39319109146029085,0.2567075849221468
2013-06-11,0.10161750347388983,0.2434682641649971,2.6504716779959188e-17,0.3900129316988045,0.26490130066230866
2013-06-12,0.10161750347388983,0.2434682641649971,2.6504716779959188e-17,0.3900129316988045,0.26490130066230866
2013-06-13,0.10161750347388983,0.2434682641649971,2.6504716779959188e-17,0.3900129316988045,0.26490130066230866
2013-06-14,0.10161750347388983,0.2434682641649971,2.6504716779959188e-17,0.3900129316988045,0.26490130066230866
2013-06-17,0.10161750347388983,0.2434682641649971,2.6504716779959188e-17,0.3900129316988045,0.26490130066230866
2013-06-18,0.10161750347388983,0.2434682641649971,2.6504716779959188e-17,0.3900129316988045,0.26490130066230866
2013-06-19,0.10161750347388983,0.2434682641649971,2.6504716779959188e-17,0.3900129316988045,0.26490130066230866
2013-06-20,0.10161750347388983,0.2434682641649971,2.6504716779959188e-17,0.3900129316988045,0.26490130066230866
2013-06-21,0.10161750347388983,0.2434682641649971,2.6504716779959188e-17,0.3900129316988045,0.26490130066230866
2013-06-24,0.10161750347388983,0.2434682641649971,2.6504716779959188e-17,0.3900129316988045,0.26490130066230866
2013-06-25,0.10161750347388983,0.2434682641649971,2.6504716779959188e-17,0.3900129316988045,0.26490130066230866
2013-06-26,0.10161750347388983,0.2434682641649971,2.6504716779959188e-17,0.3900129316988045,0.26490130066230866
2013-06-27,0.10161750347388983,0.2434682641649971,2.6504716779959188e-17,0.3900129316988045,0.26490130066230866
2013-06-28,0.10161750347388983,0.2434682641649971,2.6504716779959188e-17,0.3900129316988045,0.26490130066230866
2013-07-01,0.10161750347388983,0.2434682641649971,2.6504716779959188e-17,0.3900129316988045,0.26490130066230866
2013-07-02,0.10161750347388983,0.2434682641649971,2.6504716779959188e-17,0.3900129316988045,0.26490130066230866
2013-07-03,0.10161750347388983,0.2434682641649971,2.6504716779959188e-17,0.3900129316988045,0.26490130066230866
2013-07-05,0.10161750347388983,0.2434682641649971,2.6504716779959188e-17,0.3900129316988045,0.26490130066230866
2013-07-08,0.10161750347388983,0.2434682641649971,2.6504716779959188e-17,0.3900129316988045,0.26490130066230866
2013-07-10,0.10161750347388983,0.2434682641649971,2.6504716779959188e-17,0.3900129316988045,0.26490130066230866
2013-07-11,0.10161750347388983,0.2434682641649971,2.6504716779959188e-17,0.3900129316988045,0.26490130066230866
2013-07-12,0.041099254841254824,0.318698280519662,4.243316241544923e-19,0.38489031285838365,0.25531215178069966
2013-07-15,0.041099254841254824,0.318698280519662,4.243316241544923e-19,0.38489031285838365,0.25531215178069966
2013-07-16,0.041099254841254824,0.318698280519662,4.243316241544923e-19,0.38489031285838365,0.25531215178069966
2013-07-17,0.041099254841254824,0.318698280519662,4.243316241544923e-19,0.38489031285838365,0.25531215178069966
2013-07-18,0.041099254841254824,0.318698280519662,4.243316241544923e-19,0.38489031285838365,0.25531215178069966
2013-07-19,0.041099254841254824,0.318698280519662,4.243316241544923e-19,0.38489031285838365,0.25531215178069966
2013-07-22,0.041099254841254824,0.318698280519662,4.243316241544923e-19,0.38489031285838365,0.25531215178069966
2013-07-23,0.041099254841254824,0.318698280519662,4.243316241544923e-19,0.38489031285838365,0.25531215178069966
2013-07-24,0.041099254841254824,0.318698280519662,4.243316241544923e-19,0.38489031285838365,0.25531215178069966
2013-07-25,0.041099254841254824,0.318698280519662,4.243316241544923e-19,0.38489031285838365,0.25531215178069966
2013-07-26,0.041099254841254824,0.318698280519662,4.243316241544923e-19,0.38489031285838365,0.25531215178069966
2013-07-29,0.041099254841254824,0.318698280519662,4.243316241544923e-19,0.38489031285838365,0.25531215178069966
2013-07-30,0.041099254841254824,0.318698280519662,4.243316241544923e-19,0.38489031285838365,0.25531215178069966
2013-07-31,0.041099254841254824,0.318698280519662,4.243316241544923e-19,0.38489031285838365,0.25531215178069966
2013-08-01,0.041099254841254824,0.318698280519662,4.243316241544923e-19,0.38489031285838365,0.25531215178069966
2013-08-02,0.041099254841254824,0.318698280519662,4.243316241544923e-19,0.38489031285838365,0.25531215178069966
2013-08-05,0.041099254841254824,0.318698280519662,4.243316241544923e-19,0.38489031285838365,0.25531215178069966
2013-08-06,0.041099254841254824,0.318698280519662,4.243316241544923e-19,0.38489031285838365,0.25531215178069966
2013-08-07,0.041099254841254824,0.318698280519662,4.243316241544923e-19,0.38489031285838365,0.25531215178069966
2013-08-08,0.041099254841254824,0.318698280519662,4.243316241544923e-19,0.38489031285838365,0.25531215178069966
2013-08-09,0.041099254841254824,0.318698280519662,4.243316241544923e-19,0.38489031285838365,0.25531215178069966
2013-08-12,0.04143096525424674,0.3040145550763689,2.701840311118252e-17,0.3749931270163051,0.2795613526530793
2013-08-13,0.04143096525424674,0.3040145550763689,2.701840311118252e-17,0.3749931270163051,0.2795613526530793
2013-08-14,0.04143096525424674,0.3040145550763689,2.701840311118252e-17,0.3749931270163051,0.2795613526530793
2013-08-15,0.04143096525424674,0.3040145550763689,2.701840311118252e-17,0.3749931270163051,0.2795613526530793
2013-08-16,0.04143096525424674,0.3040145550763689,2.701840311118252e-17,0.3749931270163051,0.2795613526530793
2013-08-19,0.04143096525424674,0.3040145550763689,2.701840311118252e-17,0.3749931270163051,0.2795613526530793
2013-08-20,0.04143096525424674,0.3040145550763689,2.701840311118252e-17,0.3749931270163051,0.2795613526530793
2013-08-21,0.04143096525424674,0.3040145550763689,2.701840311118252e-17,0.3749931270163051,0.2795613526530793
2013-08-22,0.04143096525424674,0.3040145550763689,2.701840311118252e-17,0.3749931270163051,0.2795613526530793
2013-08-23,0.04143096525424674,0.3040145550763689,2.701840311118252e-17,0.3749931270163051,0.2795613526530793
2013-08-26,0.04143096525424674,0.3040145550763689,2.701840311118252e-17,0.3749931270163051,0.2795613526530793
2013-08-27,0.04143096525424674,0.3040145550763689,2.701840311118252e-17,0.3749931270163051,0.2795613526530793
2013-08-28,0.04143096525424674,0.3040145550763689,2.701840311118252e-17,0.3749931270163051,0.2795613526530793
2013-08-29,0.04143096525424674,0.3040145550763689,2.701840311118252e-17,0.3749931270163051,0.2795613526530793
2013-08-30,0.04143096525424674,0.3040145550763689,2.701840311118252e-17,0.3749931270163051,0.2795613526530793
2013-09-03,0.04143096525424674,0.3040145550763689,2.701840311118252e-17,0.3749931270163051,0.2795613526530793
2013-09-04,0.04143096525424674,0.3040145550763689,2.701840311118252e-17,0.3749931270163051,0.2795613526530793
2013-09-05,0.04143096525424674,0.3040145550763689,2.701840311118252e-17,0.3749931270163051,0.2795613526530793
2013-09-06,0.04143096525424674,0.3040145550763689,2.701840311118252e-17,0.3749931270163051,0.2795613526530793
2013-09-09,0.04143096525424674,0.3040145550763689,2.701840311118252e-17,0.3749931270163051,0.2795613526530793
2013-09-10,0.04143096525424674,0.3040145550763689,2.701840311118252e-17,0.3749931270163051,0.2795613526530793
2013-09-11,0.1380494759535453,0.2281184746240141,9.594551796280625e-18,0.36028260008509644,0.2735494493373442
2013-09-12,0.1380494759535453,0.2281184746240141,9.594551796280625e-18,0.36028260008509644,0.2735494493373442
2013-09-13,0.1380494759535453,0.2281184746240141,9.594551796280625e-18,0.36028260008509644,0.2735494493373442
2013-09-16,0.1380494759535453,0.2281184746240141,9.594551796280625e-18,0.36028260008509644,0.2735494493373442
2013-09-17,0.1380494759535453,0.2281184746240141,9.594551796280625e-18,0.36028260008509644,0.2735494493373442
2013-09-18,0.1380494759535453,0.2281184746240141,9.594551796280625e-18,0.36028260008509644,0.2735494493373442
2013-09-19,0.1380494759535453,0.2281184746240141,9.594551796280625e-18,0.36028260008509644,0.2735494493373442
2013-09-20,0.1380494759535453,0.2281184746240141,9.594551796280625e-18,0.36028260008509644,0.2735494493373442
2013-09-23,0.1380494759535453,0.2281184746240141,9.594551796280625e-18,0.36028260008509644,0.2735494493373442
2013-09-24,0.1380494759535453,0.2281184746240141,9.594551796280625e-18,0.36028260008509644,0.2735494493373442
2013-09-25,0.1380494759535453,0.2281184746240141,9.594551796280625e-18,0.36028260008509644,0.2735494493373442
2013-09-26,0.1380494759535453,0.2281184746240141,9.594551796280625e-18,0.36028260008509644,0.2735494493373442
2013-09-27,0.1380494759535453,0.2281184746240141,9.594551796280625e-18,0.36028260008509644,0.2735494493373442
2013-09-30,0.1380494759535453,0.2281184746240141,9.594551796280625e-18,0.36028260008509644,0.2735494493373442
2013-10-01,0.1380494759535453,0.2281184746240141,9.594551796280625e-18,0.36028260008509644,0.2735494493373442
2013-10-02,0.1380494759535453,0.2281184746240141,9.594551796280625e-18,0.36028260008509644,0.2735494493373442
2013-10-03,0.1380494759535453,0.2281184746240141,9.594551796280625e-18,0.36028260008509644,0.2735494493373442
2013-10-04,0.1380494759535453,0.2281184746240141,9.594551796280625e-18,0.36028260008509644,0.2735494493373442
2013-10-07,0.1380494759535453,0.2281184746240141,9.594551796280625e-18,0.36028260008509644,0.2735494493373442
2013-10-08,0.1380494759535453,0.2281184746240141,9.594551796280625e-18,0.36028260008509644,0.2735494493373442
2013-10-09,0.1380494759535453,0.2281184746240141,9.594551796280625e-18,0.36028260008509644,0.2735494493373442
2013-10-10,0.12983076081797096,0.2433574057706552,0.0,0.35607576065525876,0.2707360727561151
2013-10-11,0.12983076081797096,0.2433574057706552,0.0,0.35607576065525876,0.2707360727561151
2013-10-14,0.12983076081797096,0.2433574057706552,0.0,0.35607576065525876,0.2707360727561151
2013-10-15,0.12983076081797096,0.2433574057706552,0.0,0.35607576065525876,0.2707360727561151
2013-10-16,0.12983076081797096,0.2433574057706552,0.0,0.35607576065525876,0.2707360727561151
2013-10-17,0.12983076081797096,0.2433574057706552,0.0,0.35607576065525876,0.2707360727561151
2013-10-18,0.12983076081797096,0.2433574057706552,0.0,0.35607576065525876,0.2707360727561151
2013-10-21,0.12983076081797096,0.2433574057706552,0.0,0.35607576065525876,0.2707360727561151
2013-10-22,0.12983076081797096,0.2433574057706552,0.0,0.35607576065525876,0.2707360727561151
2013-10-23,0.12983076081797096,0.2433574057706552,0.0,0.35607576065525876,0.2707360727561151
2013-10-24,0.12983076081797096,0.2433574057706552,0.0,0.35607576065525876,0.2707360727561151
2013-10-25,0.12983076081797096,0.2433574057706552,0.0,0.35607576065525876,0.2707360727561151
2013-10-28,0.12983076081797096,0.2433574057706552,0.0,0.35607576065525876,0.2707360727561151
2013-10-29,0.12983076081797096,0.2433574057706552,0.0,0.35607576065525876,0.2707360727561151
2013-10-30,0.12983076081797096,0.2433574057706552,0.0,0.35607576065525876,0.2707360727561151
2013-10-31,0.12983076081797096,0.2433574057706552,0.0,0.35607576065525876,0.2707360727561151
2013-11-01,0.12983076081797096,0.2433574057706552,0.0,0.35607576065525876,0.2707360727561151
2013-11-04,0.12983076081797096,0.2433574057706552,0.0,0.35607576065525876,0.2707360727561151
2013-11-05,0.12983076081797096,0.2433574057706552,0.0,0.35607576065525876,0.2707360727561151
2013-11-06,0.12983076081797096,0.2433574057706552,0.0,0.35607576065525876,0.2707360727561151
2013-11-07,0.12983076081797096,0.2433574057706552,0.0,0.35607576065525876,0.2707360727561151
2013-11-08,0.11102247096179102,0.2651578486462638,1.844725728652086e-17,0.35165016044961134,0.27216951994233385
2013-11-11,0.11102247096179102,0.2651578486462638,1.844725728652086e-17,0.35165016044961134,0.27216951994233385
2013-11-12,0.11102247096179102,0.2651578486462638,1.844725728652086e-17,0.35165016044961134,0.27216951994233385
2013-11-13,0.11102247096179102,0.2651578486462638,1.844725728652086e-17,0.35165016044961134,0.27216951994233385
2013-11-14,0.11102247096179102,0.2651578486462638,1.844725728652086e-17,0.35165016044961134,0.27216951994233385
2013-11-18,0.11102247096179102,0.2651578486462638,1.844725728652086e-17,0.35165016044961134,0.27216951994233385
2013-11-19,0.11102247096179102,0.2651578486462638,1.844725728652086e-17,0.35165016044961134,0.27216951994233385
2013-11-21,0.11102247096179102,0.2651578486462638,1.844725728652086e-17,0.35165016044961134,0.27216951994233385
2013-11-22,0.11102247096179102,0.2651578486462638,1.844725728652086e-17,0.35165016044961134,0.27216951994233385
2013-11-25,0.11102247096179102,0.2651578486462638,1.844725728652086e-17,0.35165016044961134,0.27216951994233385
2013-11-26,0.11102247096179102,0.2651578486462638,1.844725728652086e-17,0.35165016044961134,0.27216951994233385
2013-11-27,0.11102247096179102,0.2651578486462638,1.844725728652086e-17,0.35165016044961134,0.27216951994233385
2013-11-29,0.11102247096179102,0.2651578486462638,1.844725728652086e-17,0.35165016044961134,0.27216951994233385
2013-12-02,0.11102247096179102,0.2651578486462638,1.844725728652086e-17,0.35165016044961134,0.27216951994233385
2013-12-03,0.11102247096179102,0.2651578486462638,1.844725728652086e-17,0.35165016044961134,0.27216951994233385
2013-12-04,0.11102247096179102,0.2651578486462638,1.844725728652086e-17,0.35165016044961134,0.27216951994233385
2013-12-05,0.11102247096179102,0.2651578486462638,1.844725728652086e-17,0.35165016044961134,0.27216951994233385
2013-12-06,0.11102247096179102,0.2651578486462638,1.844725728652086e-17,0.35165016044961134,0.27216951994233385
2013-12-09,0.11102247096179102,0.2651578486462638,1.844725728652086e-17,0.35165016044961134,0.27216951994233385
2013-12-10,0.11102247096179102,0.2651578486462638,1.844725728652086e-17,0.35165016044961134,0.27216951994233385
2013-12-11,0.11102247096179102,0.2651578486462638,1.844725728652086e-17,0.35165016044961134,0.27216951994233385
2013-12-12,0.12865898570510803,0.2556293323263691,5.831629790040126e-18,0.3277116656736974,0.28800001629482547
2013-12-13,0.12865898570510803,0.2556293323263691,5.831629790040126e-18,0.3277116656736974,0.28800001629482547
2013-12-16,0.12865898570510803,0.2556293323263691,5.831629790040126e-18,0.3277116656736974,0.28800001629482547
2013-12-17,0.12865898570510803,0.2556293323263691,5.831629790040126e-18,0.3277116656736974,0.28800001629482547
2013-12-18,0.12865898570510803,0.2556293323263691,5.831629790040126e-18,0.3277116656736974,0.28800001629482547
2013-12-19,0.12865898570510803,0.2556293323263691,5.831629790040126e-18,0.3277116656736974,0.28800001629482547
2013-12-20,0.12865898570510803,0.2556293323263691,5.831629790040126e-18,0.3277116656736974,0.28800001629482547
2013-12-23,0.12865898570510803,0.2556293323263691,5.831629790040126e-18,0.3277116656736974,0.28800001629482547
2013-12-26,0.12865898570510803,0.2556293323263691,5.831629790040126e-18,0.3277116656736974,0.28800001629482547
2013-12-27,0.12865898570510803,0.2556293323263691,5.831629790040126e-18,0.3277116656736974,0.28800001629482547
2013-12-30,0.12865898570510803,0.2556293323263691,5.831629790040126e-18,0.3277116656736974,0.28800001629482547
2014-01-02,0.12865898570510803,0.2556293323263691,5.831629790040126e-18,0.3277116656736974,0.28800001629482547
2014-01-03,0.12865898570510803,0.2556293323263691,5.831629790040126e-18,0.3277116656736974,0.28800001629482547
2014-01-06,0.12865898570510803,0.2556293323263691,5.831629790040126e-18,0.3277116656736974,0.28800001629482547
2014-01-07,0.12865898570510803,0.2556293323263691,5.831629790040126e-18,0.3277116656736974,0.28800001629482547
2014-01-08,0.12865898570510803,0.2556293323263691,5.831629790040126e-18,0.3277116656736974,0.28800001629482547
2014-01-09,0.12865898570510803,0.2556293323263691,5.831629790040126e-18,0.3277116656736974,0.28800001629482547
2014-01-10,0.12865898570510803,0.2556293323263691,5.831629790040126e-18,0.3277116656736974,0.28800001629482547
2014-01-13,0.12865898570510803,0.2556293323263691,5.831629790040126e-18,0.3277116656736974,0.28800001629482547
2014-01-14,0.12865898570510803,0.2556293323263691,5.831629790040126e-18,0.3277116656736974,0.28800001629482547
2014-01-15,0.12865898570510803,0.2556293323263691,5.831629790040126e-18,0.3277116656736974,0.28800001629482547
2014-01-16,0.12788863766001837,0.2653140373902403,1.2527284091336258e-17,0.33051172214940683,0.2762856028003345
2014-01-17,0.12788863766001837,0.2653140373902403,1.2527284091336258e-17,0.33051172214940683,0.2762856028003345
2014-01-21,0.12788863766001837,0.2653140373902403,1.2527284091336258e-17,0.33051172214940683,0.2762856028003345
2014-01-22,0.12788863766001837,0.2653140373902403,1.2527284091336258e-17,0.33051172214940683,0.2762856028003345
2014-01-23,0.12788863766001837,0.2653140373902403,1.2527284091336258e-17,0.33051172214940683,0.2762856028003345
2014-01-24,0.12788863766001837,0.2653140373902403,1.2527284091336258e-17,0.33051172214940683,0.2762856028003345
2014-01-27,0.12788863766001837,0.2653140373902403,1.2527284091336258e-17,0.33051172214940683,0.2762856028003345
2014-01-28,0.12788863766001837,0.2653140373902403,1.2527284091336258e-17,0.33051172214940683,0.2762856028003345
2014-01-29,0.12788863766001837,0.2653140373902403,1.2527284091336258e-17,0.33051172214940683,0.2762856028003345
2014-01-30,0.12788863766001837,0.2653140373902403,1.2527284091336258e-17,0.33051172214940683,0.2762856028003345
2014-01-31,0.12788863766001837,0.2653140373902403,1.2527284091336258e-17,0.33051172214940683,0.2762856028003345
2014-02-03,0.12788863766001837,0.2653140373902403,1.2527284091336258e-17,0.33051172214940683,0.2762856028003345
2014-02-04,0.12788863766001837,0.2653140373902403,1.2527284091336258e-17,0.33051172214940683,0.2762856028003345
2014-02-05,0.12788863766001837,0.2653140373902403,1.2527284091336258e-17,0.33051172214940683,0.2762856028003345
2014-02-06,0.12788863766001837,0.2653140373902403,1.2527284091336258e-17,0.33051172214940683,0.2762856028003345
2014-02-07,0.12788863766001837,0.2653140373902403,1.2527284091336258e-17,0.33051172214940683,0.2762856028003345
2014-02-10,0.12788863766001837,0.2653140373902403,1.2527284091336258e-17,0.33051172214940683,0.2762856028003345
2014-02-11,0.12788863766001837,0.2653140373902403,1.2527284091336258e-17,0.33051172214940683,0.2762856028003345
2014-02-12,0.12788863766001837,0.2653140373902403,1.2527284091336258e-17,0.33051172214940683,0.2762856028003345
2014-02-13,0.12788863766001837,0.2653140373902403,1.2527284091336258e-17,0.33051172214940683,0.2762856028003345
2014-02-14,0.12788863766001837,0.2653140373902403,1.2527284091336258e-17,0.33051172214940683,0.2762856028003345
2014-02-18,0.1255180537422537,0.2638035833945244,0.0,0.3411915900658968,0.26948677279732525
2014-02-19,0.1255180537422537,0.2638035833945244,0.0,0.3411915900658968,0.26948677279732525
2014-02-20,0.1255180537422537,0.2638035833945244,0.0,0.3411915900658968,0.26948677279732525
2014-02-21,0.1255180537422537,0.2638035833945244,0.0,0.3411915900658968,0.26948677279732525
2014-02-24,0.1255180537422537,0.2638035833945244,0.0,0.3411915900658968,0.26948677279732525
2014-02-25,0.1255180537422537,0.2638035833945244,0.0,0.3411915900658968,0.26948677279732525
2014-02-26,0.1255180537422537,0.2638035833945244,0.0,0.3411915900658968,0.26948677279732525
2014-02-27,0.1255180537422537,0.2638035833945244,0.0,0.3411915900658968,0.26948677279732525
2014-02-28,0.1255180537422537,0.2638035833945244,0.0,0.3411915900658968,0.26948677279732525
2014-03-05,0.1255180537422537,0.2638035833945244,0.0,0.3411915900658968,0.26948677279732525
2014-03-06,0.1255180537422537,0.2638035833945244,0.0,0.3411915900658968,0.26948677279732525
2014-03-07,0.1255180537422537,0.2638035833945244,0.0,0.3411915900658968,0.26948677279732525
2014-03-10,0.1255180537422537,0.2638035833945244,0.0,0.3411915900658968,0.26948677279732525
2014-03-11,0.1255180537422537,0.2638035833945244,0.0,0.3411915900658968,0.26948677279732525
2014-03-12,0.1255180537422537,0.2638035833945244,0.0,0.3411915900658968,0.26948677279732525
2014-03-13,0.1255180537422537,0.2638035833945244,0.0,0.3411915900658968,0.26948677279732525
2014-03-14,0.1255180537422537,0.2638035833945244,0.0,0.3411915900658968,0.26948677279732525
2014-03-17,0.1255180537422537,0.2638035833945244,0.0,0.3411915900658968,0.26948677279732525
2014-03-18,0.1255180537422537,0.2638035833945244,0.0,0.3411915900658968,0.26948677279732525
2014-03-19,0.1255180537422537,0.2638035833945244,0.0,0.3411915900658968,0.26948677279732525
2014-03-20,0.1255180537422537,0.2638035833945244,0.0,0.3411915900658968,0.26948677279732525
2014-03-21,0.11239209681417034,0.2815324993939144,0.0,0.34148329749760575,0.26459210629430946
2014-03-24,0.11239209681417034,0.2815324993939144,0.0,0.34148329749760575,0.26459210629430946
2014-03-25,0.11239209681417034,0.2815324993939144,0.0,0.34148329749760575,0.26459210629430946
2014-03-26,0.11239209681417034,0.2815324993939144,0.0,0.34148329749760575,0.26459210629430946
2014-03-27,0.11239209681417034,0.2815324993939144,0.0,0.34148329749760575,0.26459210629430946
2014-03-28,0.11239209681417034,0.2815324993939144,0.0,0.34148329749760575,0.26459210629430946
2014-03-31,0.11239209681417034,0.2815324993939144,0.0,0.34148329749760575,0.26459210629430946
2014-04-01,0.11239209681417034,0.2815324993939144,0.0,0.34148329749760575,0.26459210629430946
2014-04-02,0.11239209681417034,0.2815324993939144,0.0,0.34148329749760575,0.26459210629430946
2014-04-03,0.11239209681417034,0.2815324993939144,0.0,0.34148329749760575,0.26459210629430946
2014-04-04,0.11239209681417034,0.2815324993939144,0.0,0.34148329749760575,0.26459210629430946
2014-04-07,0.11239209681417034,0.2815324993939144,0.0,0.34148329749760575,0.26459210629430946
2014-04-08,0.11239209681417034,0.2815324993939144,0.0,0.34148329749760575,0.26459210629430946
2014-04-09,0.11239209681417034,0.2815324993939144,0.0,0.34148329749760575,0.26459210629430946
2014-04-10,0.11239209681417034,0.2815324993939144,0.0,0.34148329749760575,0.26459210629430946
2014-04-11,0.11239209681417034,0.2815324993939144,0.0,0.34148329749760575,0.26459210629430946
2014-04-14,0.11239209681417034,0.2815324993939144,0.0,0.34148329749760575,0.26459210629430946
2014-04-15,0.11239209681417034,0.2815324993939144,0.0,0.34148329749760575,0.26459210629430946
2014-04-16,0.11239209681417034,0.2815324993939144,0.0,0.34148329749760575,0.26459210629430946
2014-04-17,0.11239209681417034,0.2815324993939144,0.0,0.34148329749760575,0.26459210629430946
2014-04-22,0.11239209681417034,0.2815324993939144,0.0,0.34148329749760575,0.26459210629430946
2014-04-23,0.12362329111048631,0.27418946268884464,1.6643724338135102e-17,0.3346220051356806,0.2675652410649885
2014-04-24,0.12362329111048631,0.27418946268884464,1.6643724338135102e-17,0.3346220051356806,0.2675652410649885
2014-04-25,0.12362329111048631,0.27418946268884464,1.6643724338135102e-17,0.3346220051356806,0.2675652410649885
2014-04-28,0.12362329111048631,0.27418946268884464,1.6643724338135102e-17,0.3346220051356806,0.2675652410649885
2014-04-29,0.12362329111048631,0.27418946268884464,1.6643724338135102e-17,0.3346220051356806,0.2675652410649885
2014-04-30,0.12362329111048631,0.27418946268884464,1.6643724338135102e-17,0.3346220051356806,0.2675652410649885
2014-05-02,0.12362329111048631,0.27418946268884464,1.6643724338135102e-17,0.3346220051356806,0.2675652410649885
2014-05-05,0.12362329111048631,0.27418946268884464,1.6643724338135102e-17,0.3346220051356806,0.2675652410649885
2014-05-06,0.12362329111048631,0.27418946268884464,1.6643724338135102e-17,0.3346220051356806,0.2675652410649885
2014-05-07,0.12362329111048631,0.27418946268884464,1.6643724338135102e-17,0.3346220051356806,0.2675652410649885
2014-05-08,0.12362329111048631,0.27418946268884464,1.6643724338135102e-17,0.3346220051356806,0.2675652410649885
2014-05-09,0.12362329111048631,0.27418946268884464,1.6643724338135102e-17,0.3346220051356806,0.2675652410649885
2014-05-12,0.12362329111048631,0.27418946268884464,1.6643724338135102e-17,0.3346220051356806,0.2675652410649885
2014-05-13,0.12362329111048631,0.27418946268884464,1.6643724338135102e-17,0.3346220051356806,0.2675652410649885
2014-05-14,0.12362329111048631,0.27418946268884464,1.6643724338135102e-17,0.3346220051356806,0.2675652410649885
2014-05-15,0.12362329111048631,0.27418946268884464,1.6643724338135102e-17,0.3346220051356806,0.2675652410649885
2014-05-16,0.12362329111048631,0.27418946268884464,1.6643724338135102e-17,0.3346220051356806,0.2675652410649885
2014-05-19,0.12362329111048631,0.27418946268884464,1.6643724338135102e-17,0.3346220051356806,0.2675652410649885
2014-05-20,0.12362329111048631,0.27418946268884464,1.6643724338135102e-17,0.3346220051356806,0.2675652410649885
2014-05-21,0.12362329111048631,0.27418946268884464,1.6643724338135102e-17,0.3346220051356806,0.2675652410649885
2014-05-22,0.12362329111048631,0.27418946268884464,1.6643724338135102e-17,0.3346220051356806,0.2675652410649885
2014-05-23,0.12325510062640833,0.27884453422490346,1.756453319251105e-17,0.33974842319018117,0.2581519419585071
2014-05-27,0.12325510062640833,0.27884453422490346,1.756453319251105e-17,0.33974842319018117,0.2581519419585071
2014-05-28,0.12325510062640833,0.27884453422490346,1.756453319251105e-17,0.33974842319018117,0.2581519419585071
2014-05-29,0.12325510062640833,0.27884453422490346,1.756453319251105e-17,0.33974842319018117,0.2581519419585071
2014-05-30,0.12325510062640833,0.27884453422490346,1.756453319251105e-17,0.33974842319018117,0.2581519419585071
2014-06-02,0.12325510062640833,0.27884453422490346,1.756453319251105e-17,0.33974842319018117,0.2581519419585071
2014-06-03,0.12325510062640833,0.27884453422490346,1.756453319251105e-17,0.33974842319018117,0.2581519419585071
2014-06-04,0.12325510062640833,0.27884453422490346,1.756453319251105e-17,0.33974842319018117,0.2581519419585071
2014-06-05,0.12325510062640833,0.27884453422490346,1.756453319251105e-17,0.33974842319018117,0.2581519419585071
2014-06-06,0.12325510062640833,0.27884453422490346,1.756453319251105e-17,0.33974842319018117,0.2581519419585071
2014-06-09,0.12325510062640833,0.27884453422490346,1.756453319251105e-17,0.33974842319018117,0.2581519419585071
2014-06-10,0.12325510062640833,0.27884453422490346,1.756453319251105e-17,0.33974842319018117,0.2581519419585071
2014-06-11,0.12325510062640833,0.27884453422490346,1.756453319251105e-17,0.33974842319018117,0.2581519419585071
2014-06-13,0.12325510062640833,0.27884453422490346,1.756453319251105e-17,0.33974842319018117,0.2581519419585071
2014-06-16,0.12325510062640833,0.27884453422490346,1.756453319251105e-17,0.33974842319018117,0.2581519419585071
2014-06-17,0.12325510062640833,0.27884453422490346,1.756453319251105e-17,0.33974842319018117,0.2581519419585071
2014-06-18,0.12325510062640833,0.27884453422490346,1.756453319251105e-17,0.33974842319018117,0.2581519419585071
2014-06-20,0.12325510062640833,0.27884453422490346,1.756453319251105e-17,0.33974842319018117,0.2581519419585071
2014-06-23,0.12325510062640833,0.27884453422490346,1.756453319251105e-17,0.33974842319018117,0.2581519419585071
2014-06-24,0.12325510062640833,0.27884453422490346,1.756453319251105e-17,0.33974842319018117,0.2581519419585071
2014-06-25,0.12325510062640833,0.27884453422490346,1.756453319251105e-17,0.33974842319018117,0.2581519419585071
2014-06-26,0.14565257019696856,0.26010154012145725,0.0,0.33902284583051023,0.25522304385106404
2014-06-27,0.14565257019696856,0.26010154012145725,0.0,0.33902284583051023,0.25522304385106404
2014-06-30,0.14565257019696856,0.26010154012145725,0.0,0.33902284583051023,0.25522304385106404
2014-07-01,0.14565257019696856,0.26010154012145725,0.0,0.33902284583051023,0.25522304385106404
2014-07-02,0.14565257019696856,0.26010154012145725,0.0,0.33902284583051023,0.25522304385106404
2014-07-03,0.14565257019696856,0.26010154012145725,0.0,0.33902284583051023,0.25522304385106404
2014-07-07,0.14565257019696856,0.26010154012145725,0.0,0.33902284583051023,0.25522304385106404
2014-07-08,0.14565257019696856,0.26010154012145725,0.0,0.33902284583051023,0.25522304385106404
2014-07-10,0.14565257019696856,0.26010154012145725,0.0,0.33902284583051023,0.25522304385106404
2014-07-11,0.14565257019696856,0.26010154012145725,0.0,0.33902284583051023,0.25522304385106404
2014-07-14,0.14565257019696856,0.26010154012145725,0.0,0.33902284583051023,0.25522304385106404
2014-07-15,0.14565257019696856,0.26010154012145725,0.0,0.33902284583051023,0.25522304385106404
2014-07-16,0.14565257019696856,0.26010154012145725,0.0,0.33902284583051023,0.25522304385106404
2014-07-17,0.14565257019696856,0.26010154012145725,0.0,0.33902284583051023,0.25522304385106404
2014-07-18,0.14565257019696856,0.26010154012145725,0.0,0.33902284583051023,0.25522304385106404
2014-07-21,0.14565257019696856,0.26010154012145725,0.0,0.33902284583051023,0.25522304385106404
2014-07-22,0.14565257019696856,0.26010154012145725,0.0,0.33902284583051023,0.25522304385106404
2014-07-23,0.14565257019696856,0.26010154012145725,0.0,0.33902284583051023,0.25522304385106404
2014-07-24,0.14565257019696856,0.26010154012145725,0.0,0.33902284583051023,0.25522304385106404
2014-07-25,0.14565257019696856,0.26010154012145725,0.0,0.33902284583051023,0.25522304385106404
2014-07-28,0.14565257019696856,0.26010154012145725,0.0,0.33902284583051023,0.25522304385106404
2014-07-29,0.21367997054534804,0.19475972043459183,0.0,0.335850219183007,0.2557100898370532
2014-07-30,0.21367997054534804,0.19475972043459183,0.0,0.335850219183007,0.2557100898370532
2014-07-31,0.21367997054534804,0.19475972043459183,0.0,0.335850219183007,0.2557100898370532
2014-08-01,0.21367997054534804,0.19475972043459183,0.0,0.335850219183007,0.2557100898370532
2014-08-04,0.21367997054534804,0.19475972043459183,0.0,0.335850219183007,0.2557100898370532
2014-08-05,0.21367997054534804,0.19475972043459183,0.0,0.335850219183007,0.2557100898370532
2014-08-06,0.21367997054534804,0.19475972043459183,0.0,0.335850219183007,0.2557100898370532
2014-08-07,0.21367997054534804,0.19475972043459183,0.0,0.335850219183007,0.2557100898370532
2014-08-08,0.21367997054534804,0.19475972043459183,0.0,0.335850219183007,0.2557100898370532
2014-08-11,0.21367997054534804,0.19475972043459183,0.0,0.335850219183007,0.2557100898370532
2014-08-12,0.21367997054534804,0.19475972043459183,0.0,0.335850219183007,0.2557100898370532
2014-08-13,0.21367997054534804,0.19475972043459183,0.0,0.335850219183007,0.2557100898370532
2014-08-14,0.21367997054534804,0.19475972043459183,0.0,0.335850219183007,0.2557100898370532
2014-08-15,0.21367997054534804,0.19475972043459183,0.0,0.335850219183007,0.2557100898370532
2014-08-18,0.21367997054534804,0.19475972043459183,0.0,0.335850219183007,0.2557100898370532
2014-08-19,0.21367997054534804,0.19475972043459183,0.0,0.335850219183007,0.2557100898370532
2014-08-20,0.21367997054534804,0.19475972043459183,0.0,0.335850219183007,0.2557100898370532
2014-08-21,0.21367997054534804,0.19475972043459183,0.0,0.335850219183007,0.2557100898370532
2014-08-22,0.21367997054534804,0.19475972043459183,0.0,0.335850219183007,0.2557100898370532
2014-08-25,0.21367997054534804,0.19475972043459183,0.0,0.335850219183007,0.2557100898370532
2014-08-26,0.21367997054534804,0.19475972043459183,0.0,0.335850219183007,0.2557100898370532
2014-08-27,0.21593096310118998,0.19784834849725852,0.0,0.34952555019900217,0.23669513820254925
2014-08-28,0.21593096310118998,0.19784834849725852,0.0,0.34952555019900217,0.23669513820254925
2014-08-29,0.21593096310118998,0.19784834849725852,0.0,0.34952555019900217,0.23669513820254925
2014-09-02,0.21593096310118998,0.19784834849725852,0.0,0.34952555019900217,0.23669513820254925
2014-09-03,0.21593096310118998,0.19784834849725852,0.0,0.34952555019900217,0.23669513820254925
2014-09-04,0.21593096310118998,0.19784834849725852,0.0,0.34952555019900217,0.23669513820254925
2014-09-05,0.21593096310118998,0.19784834849725852,0.0,0.34952555019900217,0.23669513820254925
2014-09-08,0.21593096310118998,0.19784834849725852,0.0,0.34952555019900217,0.23669513820254925
2014-09-09,0.21593096310118998,0.19784834849725852,0.0,0.34952555019900217,0.23669513820254925
2014-09-10,0.21593096310118998,0.19784834849725852,0.0,0.34952555019900217,0.23669513820254925
2014-09-11,0.21593096310118998,0.19784834849725852,0.0,0.34952555019900217,0.23669513820254925
2014-09-12,0.21593096310118998,0.19784834849725852,0.0,0.34952555019900217,0.23669513820254925
2014-09-15,0.21593096310118998,0.19784834849725852,0.0,0.34952555019900217,0.23669513820254925
2014-09-16,0.21593096310118998,0.19784834849725852,0.0,0.34952555019900217,0.23669513820254925
2014-09-17,0.21593096310118998,0.19784834849725852,0.0,0.34952555019900217,0.23669513820254925
2014-09-18,0.21593096310118998,0.19784834849725852,0.0,0.34952555019900217,0.23669513820254925
2014-09-19,0.21593096310118998,0.19784834849725852,0.0,0.34952555019900217,0.23669513820254925
2014-09-22,0.21593096310118998,0.19784834849725852,0.0,0.34952555019900217,0.23669513820254925
2014-09-23,0.21593096310118998,0.19784834849725852,0.0,0.34952555019900217,0.23669513820254925
2014-09-24,0.21593096310118998,0.19784834849725852,0.0,0.34952555019900217,0.23669513820254925
2014-09-25,0.21593096310118998,0.19784834849725852,0.0,0.34952555019900217,0.23669513820254925
2014-09-26,0.10067463609447352,0.30848833472905224,0.0,0.35056107335198017,0.24027595582449418
2014-09-29,0.10067463609447352,0.30848833472905224,0.0,0.35056107335198017,0.24027595582449418
2014-09-30,0.10067463609447352,0.30848833472905224,0.0,0.35056107335198017,0.24027595582449418
2014-10-01,0.10067463609447352,0.30848833472905224,0.0,0.35056107335198017,0.24027595582449418
2014-10-02,0.10067463609447352,0.30848833472905224,0.0,0.35056107335198017,0.24027595582449418
2014-10-03,0.10067463609447352,0.30848833472905224,0.0,0.35056107335198017,0.24027595582449418
2014-10-06,0.10067463609447352,0.30848833472905224,0.0,0.35056107335198017,0.24027595582449418
2014-10-07,0.10067463609447352,0.30848833472905224,0.0,0.35056107335198017,0.24027595582449418
2014-10-08,0.10067463609447352,0.30848833472905224,0.0,0.35056107335198017,0.24027595582449418
2014-10-09,0.10067463609447352,0.30848833472905224,0.0,0.35056107335198017,0.24027595582449418
2014-10-10,0.10067463609447352,0.30848833472905224,0.0,0.35056107335198017,0.24027595582449418
2014-10-13,0.10067463609447352,0.30848833472905224,0.0,0.35056107335198017,0.24027595582449418
2014-10-14,0.10067463609447352,0.30848833472905224,0.0,0.35056107335198017,0.24027595582449418
2014-10-15,0.10067463609447352,0.30848833472905224,0.0,0.35056107335198017,0.24027595582449418
2014-10-16,0.10067463609447352,0.30848833472905224,0.0,0.35056107335198017,0.24027595582449418
2014-10-17,0.10067463609447352,0.30848833472905224,0.0,0.35056107335198017,0.24027595582449418
2014-10-20,0.10067463609447352,0.30848833472905224,0.0,0.35056107335198017,0.24027595582449418
2014-10-21,0.10067463609447352,0.30848833472905224,0.0,0.35056107335198017,0.24027595582449418
2014-10-22,0.10067463609447352,0.30848833472905224,0.0,0.35056107335198017,0.24027595582449418
2014-10-23,0.10067463609447352,0.30848833472905224,0.0,0.35056107335198017,0.24027595582449418
2014-10-24,0.10067463609447352,0.30848833472905224,0.0,0.35056107335198017,0.24027595582449418
2014-10-27,0.09747117494671848,0.32281852610081035,3.619921253147377e-17,0.33385978693129126,0.2458505120211798
2014-10-28,0.09747117494671848,0.32281852610081035,3.619921253147377e-17,0.33385978693129126,0.2458505120211798
2014-10-29,0.09747117494671848,0.32281852610081035,3.619921253147377e-17,0.33385978693129126,0.2458505120211798
2014-10-30,0.09747117494671848,0.32281852610081035,3.619921253147377e-17,0.33385978693129126,0.2458505120211798
2014-10-31,0.09747117494671848,0.32281852610081035,3.619921253147377e-17,0.33385978693129126,0.2458505120211798
2014-11-03,0.09747117494671848,0.32281852610081035,3.619921253147377e-17,0.33385978693129126,0.2458505120211798
2014-11-04,0.09747117494671848,0.32281852610081035,3.619921253147377e-17,0.33385978693129126,0.2458505120211798
2014-11-05,0.09747117494671848,0.32281852610081035,3.619921253147377e-17,0.33385978693129126,0.2458505120211798
2014-11-06,0.09747117494671848,0.32281852610081035,3.619921253147377e-17,0.33385978693129126,0.2458505120211798
2014-11-10,0.09747117494671848,0.32281852610081035,3.619921253147377e-17,0.33385978693129126,0.2458505120211798
2014-11-11,0.09747117494671848,0.32281852610081035,3.619921253147377e-17,0.33385978693129126,0.2458505120211798
2014-11-12,0.09747117494671848,0.32281852610081035,3.619921253147377e-17,0.33385978693129126,0.2458505120211798
2014-11-13,0.09747117494671848,0.32281852610081035,3.619921253147377e-17,0.33385978693129126,0.2458505120211798
2014-11-14,0.09747117494671848,0.32281852610081035,3.619921253147377e-17,0.33385978693129126,0.2458505120211798
2014-11-17,0.09747117494671848,0.32281852610081035,3.619921253147377e-17,0.33385978693129126,0.2458505120211798
2014-11-18,0.09747117494671848,0.32281852610081035,3.619921253147377e-17,0.33385978693129126,0.2458505120211798
2014-11-19,0.09747117494671848,0.32281852610081035,3.619921253147377e-17,0.33385978693129126,0.2458505120211798
2014-11-21,0.09747117494671848,0.32281852610081035,3.619921253147377e-17,0.33385978693129126,0.2458505120211798
2014-11-24,0.09747117494671848,0.32281852610081035,3.619921253147377e-17,0.33385978693129126,0.2458505120211798
2014-11-25,0.09747117494671848,0.32281852610081035,3.619921253147377e-17,0.33385978693129126,0.2458505120211798
2014-11-26,0.09747117494671848,0.32281852610081035,3.619921253147377e-17,0.33385978693129126,0.2458505120211798
2014-11-28,0.1069426501236036,0.31890219038918133,1.3697646749730526e-18,0.3325942794849179,0.2415608800022972
2014-12-01,0.1069426501236036,0.31890219038918133,1.3697646749730526e-18,0.3325942794849179,0.2415608800022972
2014-12-02,0.1069426501236036,0.31890219038918133,1.3697646749730526e-18,0.3325942794849179,0.2415608800022972
2014-12-03,0.1069426501236036,0.31890219038918133,1.3697646749730526e-18,0.3325942794849179,0.2415608800022972
2014-12-04,0.1069426501236036,0.31890219038918133,1.3697646749730526e-18,0.3325942794849179,0.2415608800022972
2014-12-05,0.1069426501236036,0.31890219038918133,1.3697646749730526e-18,0.3325942794849179,0.2415608800022972
2014-12-08,0.1069426501236036,0.31890219038918133,1.3697646749730526e-18,0.3325942794849179,0.2415608800022972
2014-12-09,0.1069426501236036,0.31890219038918133,1.3697646749730526e-18,0.3325942794849179,0.2415608800022972
2014-12-10,0.1069426501236036,0.31890219038918133,1.3697646749730526e-18,0.3325942794849179,0.2415608800022972
2014-12-11,0.1069426501236036,0.31890219038918133,1.3697646749730526e-18,0.3325942794849179,0.2415608800022972
2014-12-12,0.1069426501236036,0.31890219038918133,1.3697646749730526e-18,0.3325942794849179,0.2415608800022972
2014-12-15,0.1069426501236036,0.31890219038918133,1.3697646749730526e-18,0.3325942794849179,0.2415608800022972
2014-12-16,0.1069426501236036,0.31890219038918133,1.3697646749730526e-18,0.3325942794849179,0.2415608800022972
2014-12-17,0.1069426501236036,0.31890219038918133,1.3697646749730526e-18,0.3325942794849179,0.2415608800022972
2014-12-18,0.1069426501236036,0.31890219038918133,1.3697646749730526e-18,0.3325942794849179,0.2415608800022972
2014-12-19,0.1069426501236036,0.31890219038918133,1.3697646749730526e-18,0.3325942794849179,0.2415608800022972
2014-12-22,0.1069426501236036,0.31890219038918133,1.3697646749730526e-18,0.3325942794849179,0.2415608800022972
2014-12-23,0.1069426501236036,0.31890219038918133,1.3697646749730526e-18,0.3325942794849179,0.2415608800022972
2014-12-26,0.1069426501236036,0.31890219038918133,1.3697646749730526e-18,0.3325942794849179,0.2415608800022972
2014-12-29,0.1069426501236036,0.31890219038918133,1.3697646749730526e-18,0.3325942794849179,0.2415608800022972
2014-12-30,0.1069426501236036,0.31890219038918133,1.3697646749730526e-18,0.3325942794849179,0.2415608800022972
2015-01-02,0.06453989769043562,0.36116488195854163,6.395038469180564e-17,0.36259301548835204,0.2117022048626707
2015-01-05,0.06453989769043562,0.36116488195854163,6.395038469180564e-17,0.36259301548835204,0.2117022048626707
2015-01-06,0.06453989769043562,0.36116488195854163,6.395038469180564e-17,0.36259301548835204,0.2117022048626707
2015-01-07,0.06453989769043562,0.36116488195854163,6.395038469180564e-17,0.36259301548835204,0.2117022048626707
2015-01-08,0.06453989769043562,0.36116488195854163,6.395038469180564e-17,0.36259301548835204,0.2117022048626707
2015-01-09,0.06453989769043562,0.36116488195854163,6.395038469180564e-17,0.36259301548835204,0.2117022048626707
2015-01-12,0.06453989769043562,0.36116488195854163,6.395038469180564e-17,0.36259301548835204,0.2117022048626707
2015-01-13,0.06453989769043562,0.36116488195854163,6.395038469180564e-17,0.36259301548835204,0.2117022048626707
2015-01-14,0.06453989769043562,0.36116488195854163,6.395038469180564e-17,0.36259301548835204,0.2117022048626707
2015-01-15,0.06453989769043562,0.36116488195854163,6.395038469180564e-17,0.36259301548835204,0.2117022048626707
2015-01-16,0.06453989769043562,0.36116488195854163,6.395038469180564e-17,0.36259301548835204,0.2117022048626707
2015-01-20,0.06453989769043562,0.36116488195854163,6.395038469180564e-17,0.36259301548835204,0.2117022048626707
2015-01-21,0.06453989769043562,0.36116488195854163,6.395038469180564e-17,0.36259301548835204,0.2117022048626707
2015-01-22,0.06453989769043562,0.36116488195854163,6.395038469180564e-17,0.36259301548835204,0.2117022048626707
2015-01-23,0.06453989769043562,0.36116488195854163,6.395038469180564e-17,0.36259301548835204,0.2117022048626707
2015-01-26,0.06453989769043562,0.36116488195854163,6.395038469180564e-17,0.36259301548835204,0.2117022048626707
2015-01-27,0.06453989769043562,0.36116488195854163,6.395038469180564e-17,0.36259301548835204,0.2117022048626707
2015-01-28,0.06453989769043562,0.36116488195854163,6.395038469180564e-17,0.36259301548835204,0.2117022048626707
2015-01-29,0.06453989769043562,0.36116488195854163,6.395038469180564e-17,0.36259301548835204,0.2117022048626707
2015-01-30,0.06453989769043562,0.36116488195854163,6.395038469180564e-17,0.36259301548835204,0.2117022048626707
2015-02-02,0.06453989769043562,0.36116488195854163,6.395038469180564e-17,0.36259301548835204,0.2117022048626707
2015-02-03,0.1167911375873239,0.3015945312172328,3.7995150466478807e-19,0.3697514960539574,0.21186283514148607
2015-02-04,0.1167911375873239,0.3015945312172328,3.7995150466478807e-19,0.3697514960539574,0.21186283514148607
2015-02-05,0.1167911375873239,0.3015945312172328,3.7995150466478807e-19,0.3697514960539574,0.21186283514148607
2015-02-06,0.1167911375873239,0.3015945312172328,3.7995150466478807e-19,0.3697514960539574,0.21186283514148607
2015-02-09,0.1167911375873239,0.3015945312172328,3.7995150466478807e-19,0.3697514960539574,0.21186283514148607
2015-02-10,0.1167911375873239,0.3015945312172328,3.7995150466478807e-19,0.3697514960539574,0.21186283514148607
2015-02-11,0.1167911375873239,0.3015945312172328,3.7995150466478807e-19,0.3697514960539574,0.21186283514148607
2015-02-12,0.1167911375873239,0.3015945312172328,3.7995150466478807e-19,0.3697514960539574,0.21186283514148607
2015-02-13,0.1167911375873239,0.3015945312172328,3.7995150466478807e-19,0.3697514960539574,0.21186283514148607
2015-02-18,0.1167911375873239,0.3015945312172328,3.7995150466478807e-19,0.3697514960539574,0.21186283514148607
2015-02-19,0.1167911375873239,0.3015945312172328,3.7995150466478807e-19,0.3697514960539574,0.21186283514148607
2015-02-20,0.1167911375873239,0.3015945312172328,3.7995150466478807e-19,0.3697514960539574,0.21186283514148607
2015-02-23,0.1167911375873239,0.3015945312172328,3.7995150466478807e-19,0.3697514960539574,0.21186283514148607
2015-02-24,0.1167911375873239,0.3015945312172328,3.7995150466478807e-19,0.3697514960539574,0.21186283514148607
2015-02-25,0.1167911375873239,0.3015945312172328,3.7995150466478807e-19,0.3697514960539574,0.21186283514148607
2015-02-26,0.1167911375873239,0.3015945312172328,3.7995150466478807e-19,0.3697514960539574,0.21186283514148607
2015-02-27,0.1167911375873239,0.3015945312172328,3.7995150466478807e-19,0.3697514960539574,0.21186283514148607
2015-03-02,0.1167911375873239,0.3015945312172328,3.7995150466478807e-19,0.3697514960539574,0.21186283514148607
2015-03-03,0.1167911375873239,0.3015945312172328,3.7995150466478807e-19,0.3697514960539574,0.21186283514148607
2015-03-04,0.1167911375873239,0.3015945312172328,3.7995150466478807e-19,0.3697514960539574,0.21186283514148607
2015-03-05,0.1167911375873239,0.3015945312172328,3.7995150466478807e-19,0.3697514960539574,0.21186283514148607
2015-03-06,0.1350899092693625,0.2853771051543266,1.8205124661112444e-18,0.3594301629065024,0.22010282266980846
2015-03-09,0.1350899092693625,0.2853771051543266,1.8205124661112444e-18,0.3594301629065024,0.22010282266980846
2015-03-10,0.1350899092693625,0.2853771051543266,1.8205124661112444e-18,0.3594301629065024,0.22010282266980846
2015-03-11,0.1350899092693625,0.2853771051543266,1.8205124661112444e-18,0.3594301629065024,0.22010282266980846
2015-03-12,0.1350899092693625,0.2853771051543266,1.8205124661112444e-18,0.3594301629065024,0.22010282266980846
2015-03-13,0.1350899092693625,0.2853771051543266,1.8205124661112444e-18,0.3594301629065024,0.22010282266980846
2015-03-16,0.1350899092693625,0.2853771051543266,1.8205124661112444e-18,0.3594301629065024,0.22010282266980846
2015-03-17,0.1350899092693625,0.2853771051543266,1.8205124661112444e-18,0.3594301629065024,0.22010282266980846
2015-03-18,0.1350899092693625,0.2853771051543266,1.8205124661112444e-18,0.3594301629065024,0.22010282266980846
2015-03-19,0.1350899092693625,0.2853771051543266,1.8205124661112444e-18,0.3594301629065024,0.22010282266980846
2015-03-20,0.1350899092693625,0.2853771051543266,1.8205124661112444e-18,0.3594301629065024,0.22010282266980846
2015-03-23,0.1350899092693625,0.2853771051543266,1.8205124661112444e-18,0.3594301629065024,0.22010282266980846
2015-03-24,0.1350899092693625,0.2853771051543266,1.8205124661112444e-18,0.3594301629065024,0.22010282266980846
2015-03-25,0.1350899092693625,0.2853771051543266,1.8205124661112444e-18,0.3594301629065024,0.22010282266980846
2015-03-26,0.1350899092693625,0.2853771051543266,1.8205124661112444e-18,0.3594301629065024,0.22010282266980846
2015-03-27,0.1350899092693625,0.2853771051543266,1.8205124661112444e-18,0.3594301629065024,0.22010282266980846
2015-03-30,0.1350899092693625,0.2853771051543266,1.8205124661112444e-18,0.3594301629065024,0.22010282266980846
2015-03-31,0.1350899092693625,0.2853771051543266,1.8205124661112444e-18,0.3594301629065024,0.22010282266980846
2015-04-01,0.1350899092693625,0.2853771051543266,1.8205124661112444e-18,0.3594301629065024,0.22010282266980846
2015-04-02,0.1350899092693625,0.2853771051543266,1.8205124661112444e-18,0.3594301629065024,0.22010282266980846
2015-04-06,0.1350899092693625,0.2853771051543266,1.8205124661112444e-18,0.3594301629065024,0.22010282266980846
2015-04-07,0.1294973174859584,0.29667495692402396,5.90840270366995e-17,0.3580656220291693,0.2157621035608483
2015-04-08,0.1294973174859584,0.29667495692402396,5.90840270366995e-17,0.3580656220291693,0.2157621035608483
2015-04-09,0.1294973174859584,0.29667495692402396,5.90840270366995e-17,0.3580656220291693,0.2157621035608483
2015-04-10,0.1294973174859584,0.29667495692402396,5.90840270366995e-17,0.3580656220291693,0.2157621035608483
2015-04-13,0.1294973174859584,0.29667495692402396,5.90840270366995e-17,0.3580656220291693,0.2157621035608483
2015-04-14,0.1294973174859584,0.29667495692402396,5.90840270366995e-17,0.3580656220291693,0.2157621035608483
2015-04-15,0.1294973174859584,0.29667495692402396,5.90840270366995e-17,0.3580656220291693,0.2157621035608483
2015-04-16,0.1294973174859584,0.29667495692402396,5.90840270366995e-17,0.3580656220291693,0.2157621035608483
2015-04-17,0.1294973174859584,0.29667495692402396,5.90840270366995e-17,0.3580656220291693,0.2157621035608483
2015-04-20,0.1294973174859584,0.29667495692402396,5.90840270366995e-17,0.3580656220291693,0.2157621035608483
2015-04-22,0.1294973174859584,0.29667495692402396,5.90840270366995e-17,0.3580656220291693,0.2157621035608483
2015-04-23,0.1294973174859584,0.29667495692402396,5.90840270366995e-17,0.3580656220291693,0.2157621035608483
2015-04-24,0.1294973174859584,0.29667495692402396,5.90840270366995e-17,0.3580656220291693,0.2157621035608483
2015-04-27,0.1294973174859584,0.29667495692402396,5.90840270366995e-17,0.3580656220291693,0.2157621035608483
2015-04-28,0.1294973174859584,0.29667495692402396,5.90840270366995e-17,0.3580656220291693,0.2157621035608483
2015-04-29,0.1294973174859584,0.29667495692402396,5.90840270366995e-17,0.3580656220291693,0.2157621035608483
2015-04-30,0.1294973174859584,0.29667495692402396,5.90840270366995e-17,0.3580656220291693,0.2157621035608483
2015-05-04,0.1294973174859584,0.29667495692402396,5.90840270366995e-17,0.3580656220291693,0.2157621035608483
2015-05-05,0.1294973174859584,0.29667495692402396,5.90840270366995e-17,0.3580656220291693,0.2157621035608483
2015-05-06,0.1294973174859584,0.29667495692402396,5.90840270366995e-17,0.3580656220291693,0.2157621035608483
2015-05-07,0.1294973174859584,0.29667495692402396,5.90840270366995e-17,0.3580656220291693,0.2157621035608483
2015-05-08,0.13427554856788898,0.2971899293258852,0.0,0.3657449355646877,0.20278958654153817
2015-05-11,0.13427554856788898,0.2971899293258852,0.0,0.3657449355646877,0.20278958654153817
2015-05-12,0.13427554856788898,0.2971899293258852,0.0,0.3657449355646877,0.20278958654153817
2015-05-13,0.13427554856788898,0.2971899293258852,0.0,0.3657449355646877,0.20278958654153817
2015-05-14,0.13427554856788898,0.2971899293258852,0.0,0.3657449355646877,0.20278958654153817
2015-05-15,0.13427554856788898,0.2971899293258852,0.0,0.3657449355646877,0.20278958654153817
2015-05-18,0.13427554856788898,0.2971899293258852,0.0,0.3657449355646877,0.20278958654153817
2015-05-19,0.13427554856788898,0.2971899293258852,0.0,0.3657449355646877,0.20278958654153817
2015-05-20,0.13427554856788898,0.2971899293258852,0.0,0.3657449355646877,0.20278958654153817
2015-05-21,0.13427554856788898,0.2971899293258852,0.0,0.3657449355646877,0.20278958654153817
2015-05-22,0.13427554856788898,0.2971899293258852,0.0,0.3657449355646877,0.20278958654153817
2015-05-26,0.13427554856788898,0.2971899293258852,0.0,0.3657449355646877,0.20278958654153817
2015-05-27,0.13427554856788898,0.2971899293258852,0.0,0.3657449355646877,0.20278958654153817
2015-05-28,0.13427554856788898,0.2971899293258852,0.0,0.3657449355646877,0.20278958654153817
2015-05-29,0.13427554856788898,0.2971899293258852,0.0,0.3657449355646877,0.20278958654153817
2015-06-01,0.13427554856788898,0.2971899293258852,0.0,0.3657449355646877,0.20278958654153817
2015-06-02,0.13427554856788898,0.2971899293258852,0.0,0.3657449355646877,0.20278958654153817
2015-06-03,0.13427554856788898,0.2971899293258852,0.0,0.3657449355646877,0.20278958654153817
2015-06-05,0.13427554856788898,0.2971899293258852,0.0,0.3657449355646877,0.20278958654153817
2015-06-08,0.13427554856788898,0.2971899293258852,0.0,0.3657449355646877,0.20278958654153817
2015-06-09,0.13427554856788898,0.2971899293258852,0.0,0.3657449355646877,0.20278958654153817
2015-06-10,0.14616993506212253,0.28859043902064524,5.06633676144575e-18,0.36803933644675685,0.19720028947047546
2015-06-11,0.14616993506212253,0.28859043902064524,5.06633676144575e-18,0.36803933644675685,0.19720028947047546
2015-06-12,0.14616993506212253,0.28859043902064524,5.06633676144575e-18,0.36803933644675685,0.19720028947047546
2015-06-15,0.14616993506212253,0.28859043902064524,5.06633676144575e-18,0.36803933644675685,0.19720028947047546
2015-06-16,0.14616993506212253,0.28859043902064524,5.06633676144575e-18,0.36803933644675685,0.19720028947047546
2015-06-17,0.14616993506212253,0.28859043902064524,5.06633676144575e-18,0.36803933644675685,0.19720028947047546
2015-06-18,0.14616993506212253,0.28859043902064524,5.06633676144575e-18,0.36803933644675685,0.19720028947047546
2015-06-19,0.14616993506212253,0.28859043902064524,5.06633676144575e-18,0.36803933644675685,0.19720028947047546
2015-06-22,0.14616993506212253,0.28859043902064524,5.06633676144575e-18,0.36803933644675685,0.19720028947047546
2015-06-23,0.14616993506212253,0.28859043902064524,5.06633676144575e-18,0.36803933644675685,0.19720028947047546
2015-06-24,0.14616993506212253,0.28859043902064524,5.06633676144575e-18,0.36803933644675685,0.19720028947047546
2015-06-25,0.14616993506212253,0.28859043902064524,5.06633676144575e-18,0.36803933644675685,0.19720028947047546
2015-06-26,0.14616993506212253,0.28859043902064524,5.06633676144575e-18,0.36803933644675685,0.19720028947047546
2015-06-29,0.14616993506212253,0.28859043902064524,5.06633676144575e-18,0.36803933644675685,0.19720028947047546
2015-06-30,0.14616993506212253,0.28859043902064524,5.06633676144575e-18,0.36803933644675685,0.19720028947047546
2015-07-01,0.14616993506212253,0.28859043902064524,5.06633676144575e-18,0.36803933644675685,0.19720028947047546
2015-07-02,0.14616993506212253,0.28859043902064524,5.06633676144575e-18,0.36803933644675685,0.19720028947047546
2015-07-06,0.14616993506212253,0.28859043902064524,5.06633676144575e-18,0.36803933644675685,0.19720028947047546
2015-07-07,0.14616993506212253,0.28859043902064524,5.06633676144575e-18,0.36803933644675685,0.19720028947047546
2015-07-08,0.14616993506212253,0.28859043902064524,5.06633676144575e-18,0.36803933644675685,0.19720028947047546
2015-07-10,0.14616993506212253,0.28859043902064524,5.06633676144575e-18,0.36803933644675685,0.19720028947047546
2015-07-13,0.15529592341218684,0.2835614274048042,0.0,0.37790486433992476,0.18323778484308412
2015-07-14,0.15529592341218684,0.2835614274048042,0.0,0.37790486433992476,0.18323778484308412
2015-07-15,0.15529592341218684,0.2835614274048042,0.0,0.37790486433992476,0.18323778484308412
2015-07-16,0.15529592341218684,0.2835614274048042,0.0,0.37790486433992476,0.18323778484308412
2015-07-17,0.15529592341218684,0.2835614274048042,0.0,0.37790486433992476,0.18323778484308412
2015-07-20,0.15529592341218684,0.2835614274048042,0.0,0.37790486433992476,0.18323778484308412
2015-07-21,0.15529592341218684,0.2835614274048042,0.0,0.37790486433992476,0.18323778484308412
2015-07-22,0.15529592341218684,0.2835614274048042,0.0,0.37790486433992476,0.18323778484308412
2015-07-23,0.15529592341218684,0.2835614274048042,0.0,0.37790486433992476,0.18323778484308412
2015-07-24,0.15529592341218684,0.2835614274048042,0.0,0.37790486433992476,0.18323778484308412
2015-07-27,0.15529592341218684,0.2835614274048042,0.0,0.37790486433992476,0.18323778484308412
2015-07-28,0.15529592341218684,0.2835614274048042,0.0,0.37790486433992476,0.18323778484308412
2015-07-29,0.15529592341218684,0.2835614274048042,0.0,0.37790486433992476,0.18323778484308412
2015-07-30,0.15529592341218684,0.2835614274048042,0.0,0.37790486433992476,0.18323778484308412
2015-07-31,0.15529592341218684,0.2835614274048042,0.0,0.37790486433992476,0.18323778484308412
2015-08-03,0.15529592341218684,0.2835614274048042,0.0,0.37790486433992476,0.18323778484308412
2015-08-04,0.15529592341218684,0.2835614274048042,0.0,0.37790486433992476,0.18323778484308412
2015-08-05,0.15529592341218684,0.2835614274048042,0.0,0.37790486433992476,0.18323778484308412
2015-08-06,0.15529592341218684,0.2835614274048042,0.0,0.37790486433992476,0.18323778484308412
2015-08-07,0.15529592341218684,0.2835614274048042,0.0,0.37790486433992476,0.18323778484308412
2015-08-10,0.15529592341218684,0.2835614274048042,0.0,0.37790486433992476,0.18323778484308412
2015-08-11,0.14878641704827733,0.2914422282904016,9.256031493054858e-18,0.3732309353932491,0.18654041926807197
2015-08-12,0.14878641704827733,0.2914422282904016,9.256031493054858e-18,0.3732309353932491,0.18654041926807197
2015-08-13,0.14878641704827733,0.2914422282904016,9.256031493054858e-18,0.3732309353932491,0.18654041926807197
2015-08-14,0.14878641704827733,0.2914422282904016,9.256031493054858e-18,0.3732309353932491,0.18654041926807197
2015-08-17,0.14878641704827733,0.2914422282904016,9.256031493054858e-18,0.3732309353932491,0.18654041926807197
2015-08-18,0.14878641704827733,0.2914422282904016,9.256031493054858e-18,0.3732309353932491,0.18654041926807197
2015-08-19,0.14878641704827733,0.2914422282904016,9.256031493054858e-18,0.3732309353932491,0.18654041926807197
2015-08-20,0.14878641704827733,0.2914422282904016,9.256031493054858e-18,0.3732309353932491,0.18654041926807197
2015-08-21,0.14878641704827733,0.2914422282904016,9.256031493054858e-18,0.3732309353932491,0.18654041926807197
2015-08-24,0.14878641704827733,0.2914422282904016,9.256031493054858e-18,0.3732309353932491,0.18654041926807197
2015-08-25,0.14878641704827733,0.2914422282904016,9.256031493054858e-18,0.3732309353932491,0.18654041926807197
2015-08-26,0.14878641704827733,0.2914422282904016,9.256031493054858e-18,0.3732309353932491,0.18654041926807197
2015-08-27,0.14878641704827733,0.2914422282904016,9.256031493054858e-18,0.3732309353932491,0.18654041926807197
2015-08-28,0.14878641704827733,0.2914422282904016,9.256031493054858e-18,0.3732309353932491,0.18654041926807197
2015-08-31,0.14878641704827733,0.2914422282904016,9.256031493054858e-18,0.3732309353932491,0.18654041926807197
2015-09-01,0.14878641704827733,0.2914422282904016,9.256031493054858e-18,0.3732309353932491,0.18654041926807197
2015-09-02,0.14878641704827733,0.2914422282904016,9.256031493054858e-18,0.3732309353932491,0.18654041926807197
2015-09-03,0.14878641704827733,0.2914422282904016,9.256031493054858e-18,0.3732309353932491,0.18654041926807197
2015-09-04,0.14878641704827733,0.2914422282904016,9.256031493054858e-18,0.3732309353932491,0.18654041926807197
2015-09-08,0.14878641704827733,0.2914422282904016,9.256031493054858e-18,0.3732309353932491,0.18654041926807197
2015-09-09,0.14878641704827733,0.2914422282904016,9.256031493054858e-18,0.3732309353932491,0.18654041926807197
2015-09-10,0.15621331329934135,0.2846090852287749,0.0,0.4008220036740772,0.15835559779780653
2015-09-11,0.15621331329934135,0.2846090852287749,0.0,0.4008220036740772,0.15835559779780653
2015-09-14,0.15621331329934135,0.2846090852287749,0.0,0.4008220036740772,0.15835559779780653
2015-09-15,0.15621331329934135,0.2846090852287749,0.0,0.4008220036740772,0.15835559779780653
2015-09-16,0.15621331329934135,0.2846090852287749,0.0,0.4008220036740772,0.15835559779780653
2015-09-17,0.15621331329934135,0.2846090852287749,0.0,0.4008220036740772,0.15835559779780653
2015-09-18,0.15621331329934135,0.2846090852287749,0.0,0.4008220036740772,0.15835559779780653
2015-09-21,0.15621331329934135,0.2846090852287749,0.0,0.4008220036740772,0.15835559779780653
2015-09-22,0.15621331329934135,0.2846090852287749,0.0,0.4008220036740772,0.15835559779780653
2015-09-23,0.15621331329934135,0.2846090852287749,0.0,0.4008220036740772,0.15835559779780653
2015-09-24,0.15621331329934135,0.2846090852287749,0.0,0.4008220036740772,0.15835559779780653
2015-09-25,0.15621331329934135,0.2846090852287749,0.0,0.4008220036740772,0.15835559779780653
2015-09-28,0.15621331329934135,0.2846090852287749,0.0,0.4008220036740772,0.15835559779780653
2015-09-29,0.15621331329934135,0.2846090852287749,0.0,0.4008220036740772,0.15835559779780653
2015-09-30,0.15621331329934135,0.2846090852287749,0.0,0.4008220036740772,0.15835559779780653
2015-10-01,0.15621331329934135,0.2846090852287749,0.0,0.4008220036740772,0.15835559779780653
2015-10-02,0.15621331329934135,0.2846090852287749,0.0,0.4008220036740772,0.15835559779780653
2015-10-05,0.15621331329934135,0.2846090852287749,0.0,0.4008220036740772,0.15835559779780653
2015-10-06,0.15621331329934135,0.2846090852287749,0.0,0.4008220036740772,0.15835559779780653
2015-10-07,0.15621331329934135,0.2846090852287749,0.0,0.4008220036740772,0.15835559779780653
2015-10-08,0.15621331329934135,0.2846090852287749,0.0,0.4008220036740772,0.15835559779780653
2015-10-09,0.19385544589154013,0.2599663749381122,0.0,0.406855093976822,0.13932308519352568
2015-10-13,0.19385544589154013,0.2599663749381122,0.0,0.406855093976822,0.13932308519352568
2015-10-14,0.19385544589154013,0.2599663749381122,0.0,0.406855093976822,0.13932308519352568
2015-10-15,0.19385544589154013,0.2599663749381122,0.0,0.406855093976822,0.13932308519352568
2015-10-16,0.19385544589154013,0.2599663749381122,0.0,0.406855093976822,0.13932308519352568
2015-10-19,0.19385544589154013,0.2599663749381122,0.0,0.406855093976822,0.13932308519352568
2015-10-20,0.19385544589154013,0.2599663749381122,0.0,0.406855093976822,0.13932308519352568
2015-10-21,0.19385544589154013,0.2599663749381122,0.0,0.406855093976822,0.13932308519352568
2015-10-22,0.19385544589154013,0.2599663749381122,0.0,0.406855093976822,0.13932308519352568
2015-10-23,0.19385544589154013,0.2599663749381122,0.0,0.406855093976822,0.13932308519352568
2015-10-26,0.19385544589154013,0.2599663749381122,0.0,0.406855093976822,0.13932308519352568
2015-10-27,0.19385544589154013,0.2599663749381122,0.0,0.406855093976822,0.13932308519352568
2015-10-28,0.19385544589154013,0.2599663749381122,0.0,0.406855093976822,0.13932308519352568
2015-10-29,0.19385544589154013,0.2599663749381122,0.0,0.406855093976822,0.13932308519352568
2015-10-30,0.19385544589154013,0.2599663749381122,0.0,0.406855093976822,0.13932308519352568
2015-11-03,0.19385544589154013,0.2599663749381122,0.0,0.406855093976822,0.13932308519352568
2015-11-04,0.19385544589154013,0.2599663749381122,0.0,0.406855093976822,0.13932308519352568
2015-11-05,0.19385544589154013,0.2599663749381122,0.0,0.406855093976822,0.13932308519352568
2015-11-06,0.19385544589154013,0.2599663749381122,0.0,0.406855093976822,0.13932308519352568
2015-11-09,0.19385544589154013,0.2599663749381122,0.0,0.406855093976822,0.13932308519352568
2015-11-10,0.19385544589154013,0.2599663749381122,0.0,0.406855093976822,0.13932308519352568
2015-11-11,0.18202828236318153,0.2843968616838798,8.475416645775643e-18,0.43796908214394953,0.09560577380898916
2015-11-12,0.18202828236318153,0.2843968616838798,8.475416645775643e-18,0.43796908214394953,0.09560577380898916
2015-11-13,0.18202828236318153,0.2843968616838798,8.475416645775643e-18,0.43796908214394953,0.09560577380898916
2015-11-16,0.18202828236318153,0.2843968616838798,8.475416645775643e-18,0.43796908214394953,0.09560577380898916
2015-11-17,0.18202828236318153,0.2843968616838798,8.475416645775643e-18,0.43796908214394953,0.09560577380898916
2015-11-18,0.18202828236318153,0.2843968616838798,8.475416645775643e-18,0.43796908214394953,0.09560577380898916
2015-11-19,0.18202828236318153,0.2843968616838798,8.475416645775643e-18,0.43796908214394953,0.09560577380898916
2015-11-23,0.18202828236318153,0.2843968616838798,8.475416645775643e-18,0.43796908214394953,0.09560577380898916
2015-11-24,0.18202828236318153,0.2843968616838798,8.475416645775643e-18,0.43796908214394953,0.09560577380898916
2015-11-25,0.18202828236318153,0.2843968616838798,8.475416645775643e-18,0.43796908214394953,0.09560577380898916
2015-11-27,0.18202828236318153,0.2843968616838798,8.475416645775643e-18,0.43796908214394953,0.09560577380898916
2015-11-30,0.18202828236318153,0.2843968616838798,8.475416645775643e-18,0.43796908214394953,0.09560577380898916
2015-12-01,0.18202828236318153,0.2843968616838798,8.475416645775643e-18,0.43796908214394953,0.09560577380898916
2015-12-02,0.18202828236318153,0.2843968616838798,8.475416645775643e-18,0.43796908214394953,0.09560577380898916
2015-12-03,0.18202828236318153,0.2843968616838798,8.475416645775643e-18,0.43796908214394953,0.09560577380898916
2015-12-04,0.18202828236318153,0.2843968616838798,8.475416645775643e-18,0.43796908214394953,0.09560577380898916
2015-12-07,0.18202828236318153,0.2843968616838798,8.475416645775643e-18,0.43796908214394953,0.09560577380898916
2015-12-08,0.18202828236318153,0.2843968616838798,8.475416645775643e-18,0.43796908214394953,0.09560577380898916
2015-12-09,0.18202828236318153,0.2843968616838798,8.475416645775643e-18,0.43796908214394953,0.09560577380898916
2015-12-10,0.18202828236318153,0.2843968616838798,8.475416645775643e-18,0.43796908214394953,0.09560577380898916
2015-12-11,0.18202828236318153,0.2843968616838798,8.475416645775643e-18,0.43796908214394953,0.09560577380898916
2015-12-14,0.1934345119338517,0.27221175614343895,4.328361717981563e-19,0.4303336941763495,0.10402003774635993
2015-12-15,0.1934345119338517,0.27221175614343895,4.328361717981563e-19,0.4303336941763495,0.10402003774635993
2015-12-16,0.1934345119338517,0.27221175614343895,4.328361717981563e-19,0.4303336941763495,0.10402003774635993
2015-12-17,0.1934345119338517,0.27221175614343895,4.328361717981563e-19,0.4303336941763495,0.10402003774635993
2015-12-18,0.1934345119338517,0.27221175614343895,4.328361717981563e-19,0.4303336941763495,0.10402003774635993
2015-12-21,0.1934345119338517,0.27221175614343895,4.328361717981563e-19,0.4303336941763495,0.10402003774635993
2015-12-22,0.1934345119338517,0.27221175614343895,4.328361717981563e-19,0.4303336941763495,0.10402003774635993
2015-12-23,0.1934345119338517,0.27221175614343895,4.328361717981563e-19,0.4303336941763495,0.10402003774635993
2015-12-28,0.1934345119338517,0.27221175614343895,4.328361717981563e-19,0.4303336941763495,0.10402003774635993
2015-12-29,0.1934345119338517,0.27221175614343895,4.328361717981563e-19,0.4303336941763495,0.10402003774635993
2015-12-30,0.1934345119338517,0.27221175614343895,4.328361717981563e-19,0.4303336941763495,0.10402003774635993
2016-01-04,0.1934345119338517,0.27221175614343895,4.328361717981563e-19,0.4303336941763495,0.10402003774635993
2016-01-05,0.1934345119338517,0.27221175614343895,4.328361717981563e-19,0.4303336941763495,0.10402003774635993
2016-01-06,0.1934345119338517,0.27221175614343895,4.328361717981563e-19,0.4303336941763495,0.10402003774635993
2016-01-07,0.1934345119338517,0.27221175614343895,4.328361717981563e-19,0.4303336941763495,0.10402003774635993
2016-01-08,0.1934345119338517,0.27221175614343895,4.328361717981563e-19,0.4303336941763495,0.10402003774635993
2016-01-11,0.1934345119338517,0.27221175614343895,4.328361717981563e-19,0.4303336941763495,0.10402003774635993
2016-01-12,0.1934345119338517,0.27221175614343895,4.328361717981563e-19,0.4303336941763495,0.10402003774635993
2016-01-13,0.1934345119338517,0.27221175614343895,4.328361717981563e-19,0.4303336941763495,0.10402003774635993
2016-01-14,0.1934345119338517,0.27221175614343895,4.328361717981563e-19,0.4303336941763495,0.10402003774635993
2016-01-15,0.1934345119338517,0.27221175614343895,4.328361717981563e-19,0.4303336941763495,0.10402003774635993
2016-01-19,0.1951008902377959,0.2767051600402917,0.0,0.439237505524323,0.08895644419758941
2016-01-20,0.1951008902377959,0.2767051600402917,0.0,0.439237505524323,0.08895644419758941
2016-01-21,0.1951008902377959,0.2767051600402917,0.0,0.439237505524323,0.08895644419758941
2016-01-22,0.1951008902377959,0.2767051600402917,0.0,0.439237505524323,0.08895644419758941
2016-01-26,0.1951008902377959,0.2767051600402917,0.0,0.439237505524323,0.08895644419758941
2016-01-27,0.1951008902377959,0.2767051600402917,0.0,0.439237505524323,0.08895644419758941
2016-01-28,0.1951008902377959,0.2767051600402917,0.0,0.439237505524323,0.08895644419758941
2016-01-29,0.1951008902377959,0.2767051600402917,0.0,0.439237505524323,0.08895644419758941
2016-02-01,0.1951008902377959,0.2767051600402917,0.0,0.439237505524323,0.08895644419758941
2016-02-02,0.1951008902377959,0.2767051600402917,0.0,0.439237505524323,0.08895644419758941
2016-02-03,0.1951008902377959,0.2767051600402917,0.0,0.439237505524323,0.08895644419758941
2016-02-04,0.1951008902377959,0.2767051600402917,0.0,0.439237505524323,0.08895644419758941
2016-02-05,0.1951008902377959,0.2767051600402917,0.0,0.439237505524323,0.08895644419758941
2016-02-10,0.1951008902377959,0.2767051600402917,0.0,0.439237505524323,0.08895644419758941
2016-02-11,0.1951008902377959,0.2767051600402917,0.0,0.439237505524323,0.08895644419758941
2016-02-12,0.1951008902377959,0.2767051600402917,0.0,0.439237505524323,0.08895644419758941
2016-02-16,0.1951008902377959,0.2767051600402917,0.0,0.439237505524323,0.08895644419758941
2016-02-17,0.1951008902377959,0.2767051600402917,0.0,0.439237505524323,0.08895644419758941
2016-02-18,0.1951008902377959,0.2767051600402917,0.0,0.439237505524323,0.08895644419758941
2016-02-19,0.1951008902377959,0.2767051600402917,0.0,0.439237505524323,0.08895644419758941
2016-02-22,0.1951008902377959,0.2767051600402917,0.0,0.439237505524323,0.08895644419758941
2016-02-23,0.2093886831495072,0.264219854715527,0.0,0.44619466018073395,0.08019680195423183
2016-02-24,0.2093886831495072,0.264219854715527,0.0,0.44619466018073395,0.08019680195423183
2016-02-25,0.2093886831495072,0.264219854715527,0.0,0.44619466018073395,0.08019680195423183
2016-02-26,0.2093886831495072,0.264219854715527,0.0,0.44619466018073395,0.08019680195423183
2016-02-29,0.2093886831495072,0.264219854715527,0.0,0.44619466018073395,0.08019680195423183
2016-03-01,0.2093886831495072,0.264219854715527,0.0,0.44619466018073395,0.08019680195423183
2016-03-02,0.2093886831495072,0.264219854715527,0.0,0.44619466018073395,0.08019680195423183
2016-03-03,0.2093886831495072,0.264219854715527,0.0,0.44619466018073395,0.08019680195423183
2016-03-04,0.2093886831495072,0.264219854715527,0.0,0.44619466018073395,0.08019680195423183
2016-03-07,0.2093886831495072,0.264219854715527,0.0,0.44619466018073395,0.08019680195423183
2016-03-08,0.2093886831495072,0.264219854715527,0.0,0.44619466018073395,0.08019680195423183
2016-03-09,0.2093886831495072,0.264219854715527,0.0,0.44619466018073395,0.08019680195423183
2016-03-10,0.2093886831495072,0.264219854715527,0.0,0.44619466018073395,0.08019680195423183
2016-03-11,0.2093886831495072,0.264219854715527,0.0,0.44619466018073395,0.08019680195423183
2016-03-14,0.2093886831495072,0.264219854715527,0.0,0.44619466018073395,0.08019680195423183
2016-03-15,0.2093886831495072,0.264219854715527,0.0,0.44619466018073395,0.08019680195423183
2016-03-16,0.2093886831495072,0.264219854715527,0.0,0.44619466018073395,0.08019680195423183
2016-03-17,0.2093886831495072,0.264219854715527,0.0,0.44619466018073395,0.08019680195423183
2016-03-18,0.2093886831495072,0.264219854715527,0.0,0.44619466018073395,0.08019680195423183
2016-03-21,0.2093886831495072,0.264219854715527,0.0,0.44619466018073395,0.08019680195423183
2016-03-22,0.2093886831495072,0.264219854715527,0.0,0.44619466018073395,0.08019680195423183
2016-03-23,0.2085147657690547,0.26280181456642554,8.166432436053168e-17,0.43244047708690697,0.09624294257761272
2016-03-24,0.2085147657690547,0.26280181456642554,8.166432436053168e-17,0.43244047708690697,0.09624294257761272
2016-03-28,0.2085147657690547,0.26280181456642554,8.166432436053168e-17,0.43244047708690697,0.09624294257761272
2016-03-29,0.2085147657690547,0.26280181456642554,8.166432436053168e-17,0.43244047708690697,0.09624294257761272
2016-03-30,0.2085147657690547,0.26280181456642554,8.166432436053168e-17,0.43244047708690697,0.09624294257761272
2016-03-31,0.2085147657690547,0.26280181456642554,8.166432436053168e-17,0.43244047708690697,0.09624294257761272
2016-04-01,0.2085147657690547,0.26280181456642554,8.166432436053168e-17,0.43244047708690697,0.09624294257761272
2016-04-04,0.2085147657690547,0.26280181456642554,8.166432436053168e-17,0.43244047708690697,0.09624294257761272
2016-04-05,0.2085147657690547,0.26280181456642554,8.166432436053168e-17,0.43244047708690697,0.09624294257761272
2016-04-06,0.2085147657690547,0.26280181456642554,8.166432436053168e-17,0.43244047708690697,0.09624294257761272
2016-04-07,0.2085147657690547,0.26280181456642554,8.166432436053168e-17,0.43244047708690697,0.09624294257761272
2016-04-08,0.2085147657690547,0.26280181456642554,8.166432436053168e-17,0.43244047708690697,0.09624294257761272
2016-04-11,0.2085147657690547,0.26280181456642554,8.166432436053168e-17,0.43244047708690697,0.09624294257761272
2016-04-12,0.2085147657690547,0.26280181456642554,8.166432436053168e-17,0.43244047708690697,0.09624294257761272
2016-04-13,0.2085147657690547,0.26280181456642554,8.166432436053168e-17,0.43244047708690697,0.09624294257761272
2016-04-14,0.2085147657690547,0.26280181456642554,8.166432436053168e-17,0.43244047708690697,0.09624294257761272
2016-04-15,0.2085147657690547,0.26280181456642554,8.166432436053168e-17,0.43244047708690697,0.09624294257761272
2016-04-18,0.2085147657690547,0.26280181456642554,8.166432436053168e-17,0.43244047708690697,0.09624294257761272
2016-04-19,0.2085147657690547,0.26280181456642554,8.166432436053168e-17,0.43244047708690697,0.09624294257761272
2016-04-20,0.2085147657690547,0.26280181456642554,8.166432436053168e-17,0.43244047708690697,0.09624294257761272
2016-04-22,0.2085147657690547,0.26280181456642554,8.166432436053168e-17,0.43244047708690697,0.09624294257761272
2016-04-25,0.2019983709952732,0.26308953561577325,0.0,0.4208421911972869,0.1140699021916667
2016-04-26,0.2019983709952732,0.26308953561577325,0.0,0.4208421911972869,0.1140699021916667
2016-04-27,0.2019983709952732,0.26308953561577325,0.0,0.4208421911972869,0.1140699021916667
2016-04-28,0.2019983709952732,0.26308953561577325,0.0,0.4208421911972869,0.1140699021916667
2016-04-29,0.2019983709952732,0.26308953561577325,0.0,0.4208421911972869,0.1140699021916667
2016-05-02,0.2019983709952732,0.26308953561577325,0.0,0.4208421911972869,0.1140699021916667
2016-05-03,0.2019983709952732,0.26308953561577325,0.0,0.4208421911972869,0.1140699021916667
2016-05-04,0.2019983709952732,0.26308953561577325,0.0,0.4208421911972869,0.1140699021916667
2016-05-05,0.2019983709952732,0.26308953561577325,0.0,0.4208421911972869,0.1140699021916667
2016-05-06,0.2019983709952732,0.26308953561577325,0.0,0.4208421911972869,0.1140699021916667
2016-05-09,0.2019983709952732,0.26308953561577325,0.0,0.4208421911972869,0.1140699021916667
2016-05-10,0.2019983709952732,0.26308953561577325,0.0,0.4208421911972869,0.1140699021916667
2016-05-11,0.2019983709952732,0.26308953561577325,0.0,0.4208421911972869,0.1140699021916667
2016-05-12,0.2019983709952732,0.26308953561577325,0.0,0.4208421911972869,0.1140699021916667
2016-05-13,0.2019983709952732,0.26308953561577325,0.0,0.4208421911972869,0.1140699021916667
2016-05-16,0.2019983709952732,0.26308953561577325,0.0,0.4208421911972869,0.1140699021916667
2016-05-17,0.2019983709952732,0.26308953561577325,0.0,0.4208421911972869,0.1140699021916667
2016-05-18,0.2019983709952732,0.26308953561577325,0.0,0.4208421911972869,0.1140699021916667
2016-05-19,0.2019983709952732,0.26308953561577325,0.0,0.4208421911972869,0.1140699021916667
2016-05-20,0.2019983709952732,0.26308953561577325,0.0,0.4208421911972869,0.1140699021916667
2016-05-23,0.2019983709952732,0.26308953561577325,0.0,0.4208421911972869,0.1140699021916667
2016-05-24,0.19720728755002231,0.2639783767020753,0.0,0.4156033894436492,0.12321094630425326
2016-05-25,0.19720728755002231,0.2639783767020753,0.0,0.4156033894436492,0.12321094630425326
2016-05-27,0.19720728755002231,0.2639783767020753,0.0,0.4156033894436492,0.12321094630425326
2016-05-31,0.19720728755002231,0.2639783767020753,0.0,0.4156033894436492,0.12321094630425326
2016-06-01,0.19720728755002231,0.2639783767020753,0.0,0.4156033894436492,0.12321094630425326
2016-06-02,0.19720728755002231,0.2639783767020753,0.0,0.4156033894436492,0.12321094630425326
2016-06-03,0.19720728755002231,0.2639783767020753,0.0,0.4156033894436492,0.12321094630425326
2016-06-06,0.19720728755002231,0.2639783767020753,0.0,0.4156033894436492,0.12321094630425326
2016-06-07,0.19720728755002231,0.2639783767020753,0.0,0.4156033894436492,0.12321094630425326
2016-06-08,0.19720728755002231,0.2639783767020753,0.0,0.4156033894436492,0.12321094630425326
2016-06-09,0.19720728755002231,0.2639783767020753,0.0,0.4156033894436492,0.12321094630425326
2016-06-10,0.19720728755002231,0.2639783767020753,0.0,0.4156033894436492,0.12321094630425326
2016-06-13,0.19720728755002231,0.2639783767020753,0.0,0.4156033894436492,0.12321094630425326
2016-06-14,0.19720728755002231,0.2639783767020753,0.0,0.4156033894436492,0.12321094630425326
2016-06-15,0.19720728755002231,0.2639783767020753,0.0,0.4156033894436492,0.12321094630425326
2016-06-16,0.19720728755002231,0.2639783767020753,0.0,0.4156033894436492,0.12321094630425326
2016-06-17,0.19720728755002231,0.2639783767020753,0.0,0.4156033894436492,0.12321094630425326
2016-06-20,0.19720728755002231,0.2639783767020753,0.0,0.4156033894436492,0.12321094630425326
2016-06-21,0.19720728755002231,0.2639783767020753,0.0,0.4156033894436492,0.12321094630425326
2016-06-22,0.19720728755002231,0.2639783767020753,0.0,0.4156033894436492,0.12321094630425326
2016-06-23,0.19720728755002231,0.2639783767020753,0.0,0.4156033894436492,0.12321094630425326
2016-06-24,0.1931482031831904,0.265722597132014,8.74732765190542e-19,0.41296765496877363,0.12816154471602198
2016-06-27,0.1931482031831904,0.265722597132014,8.74732765190542e-19,0.41296765496877363,0.12816154471602198
2016-06-28,0.1931482031831904,0.265722597132014,8.74732765190542e-19,0.41296765496877363,0.12816154471602198
2016-06-29,0.1931482031831904,0.265722597132014,8.74732765190542e-19,0.41296765496877363,0.12816154471602198
2016-06-30,0.1931482031831904,0.265722597132014,8.74732765190542e-19,0.41296765496877363,0.12816154471602198
2016-07-01,0.1931482031831904,0.265722597132014,8.74732765190542e-19,0.41296765496877363,0.12816154471602198
2016-07-05,0.1931482031831904,0.265722597132014,8.74732765190542e-19,0.41296765496877363,0.12816154471602198
2016-07-06,0.1931482031831904,0.265722597132014,8.74732765190542e-19,0.41296765496877363,0.12816154471602198
2016-07-07,0.1931482031831904,0.265722597132014,8.74732765190542e-19,0.41296765496877363,0.12816154471602198
2016-07-08,0.1931482031831904,0.265722597132014,8.74732765190542e-19,0.41296765496877363,0.12816154471602198
2016-07-11,0.1931482031831904,0.265722597132014,8.74732765190542e-19,0.41296765496877363,0.12816154471602198
2016-07-12,0.1931482031831904,0.265722597132014,8.74732765190542e-19,0.41296765496877363,0.12816154471602198
2016-07-13,0.1931482031831904,0.265722597132014,8.74732765190542e-19,0.41296765496877363,0.12816154471602198
2016-07-14,0.1931482031831904,0.265722597132014,8.74732765190542e-19,0.41296765496877363,0.12816154471602198
2016-07-15,0.1931482031831904,0.265722597132014,8.74732765190542e-19,0.41296765496877363,0.12816154471602198
2016-07-18,0.1931482031831904,0.265722597132014,8.74732765190542e-19,0.41296765496877363,0.12816154471602198
2016-07-19,0.1931482031831904,0.265722597132014,8.74732765190542e-19,0.41296765496877363,0.12816154471602198
2016-07-20,0.1931482031831904,0.265722597132014,8.74732765190542e-19,0.41296765496877363,0.12816154471602198
2016-07-21,0.1931482031831904,0.265722597132014,8.74732765190542e-19,0.41296765496877363,0.12816154471602198
2016-07-22,0.1931482031831904,0.265722597132014,8.74732765190542e-19,0.41296765496877363,0.12816154471602198
2016-07-25,0.1931482031831904,0.265722597132014,8.74732765190542e-19,0.41296765496877363,0.12816154471602198
2016-07-26,0.19733944606267265,0.2580202096175214,1.9333202752576096e-17,0.41350535550640305,0.1311349888134029
2016-07-27,0.19733944606267265,0.2580202096175214,1.9333202752576096e-17,0.41350535550640305,0.1311349888134029
2016-07-28,0.19733944606267265,0.2580202096175214,1.9333202752576096e-17,0.41350535550640305,0.1311349888134029
2016-07-29,0.19733944606267265,0.2580202096175214,1.9333202752576096e-17,0.41350535550640305,0.1311349888134029
2016-08-01,0.19733944606267265,0.2580202096175214,1.9333202752576096e-17,0.41350535550640305,0.1311349888134029
2016-08-02,0.19733944606267265,0.2580202096175214,1.9333202752576096e-17,0.41350535550640305,0.1311349888134029
2016-08-03,0.19733944606267265,0.2580202096175214,1.9333202752576096e-17,0.41350535550640305,0.1311349888134029
2016-08-04,0.19733944606267265,0.2580202096175214,1.9333202752576096e-17,0.41350535550640305,0.1311349888134029
2016-08-05,0.19733944606267265,0.2580202096175214,1.9333202752576096e-17,0.41350535550640305,0.1311349888134029
2016-08-08,0.19733944606267265,0.2580202096175214,1.9333202752576096e-17,0.41350535550640305,0.1311349888134029
2016-08-09,0.19733944606267265,0.2580202096175214,1.9333202752576096e-17,0.41350535550640305,0.1311349888134029
2016-08-10,0.19733944606267265,0.2580202096175214,1.9333202752576096e-17,0.41350535550640305,0.1311349888134029
2016-08-11,0.19733944606267265,0.2580202096175214,1.9333202752576096e-17,0.41350535550640305,0.1311349888134029
2016-08-12,0.19733944606267265,0.2580202096175214,1.9333202752576096e-17,0.41350535550640305,0.1311349888134029
2016-08-15,0.19733944606267265,0.2580202096175214,1.9333202752576096e-17,0.41350535550640305,0.1311349888134029
2016-08-16,0.19733944606267265,0.2580202096175214,1.9333202752576096e-17,0.41350535550640305,0.1311349888134029
2016-08-17,0.19733944606267265,0.2580202096175214,1.9333202752576096e-17,0.41350535550640305,0.1311349888134029
2016-08-18,0.19733944606267265,0.2580202096175214,1.9333202752576096e-17,0.41350535550640305,0.1311349888134029
2016-08-19,0.19733944606267265,0.2580202096175214,1.9333202752576096e-17,0.41350535550640305,0.1311349888134029
2016-08-22,0.19733944606267265,0.2580202096175214,1.9333202752576096e-17,0.41350535550640305,0.1311349888134029
2016-08-23,0.19733944606267265,0.2580202096175214,1.9333202752576096e-17,0.41350535550640305,0.1311349888134029
2016-08-24,0.2018162194892918,0.25528320796972215,1.4853641979827443e-17,0.41844277352018827,0.12445779902079783
2016-08-25,0.2018162194892918,0.25528320796972215,1.4853641979827443e-17,0.41844277352018827,0.12445779902079783
2016-08-26,0.2018162194892918,0.25528320796972215,1.4853641979827443e-17,0.41844277352018827,0.12445779902079783
2016-08-29,0.2018162194892918,0.25528320796972215,1.4853641979827443e-17,0.41844277352018827,0.12445779902079783
2016-08-30,0.2018162194892918,0.25528320796972215,1.4853641979827443e-17,0.41844277352018827,0.12445779902079783
2016-08-31,0.2018162194892918,0.25528320796972215,1.4853641979827443e-17,0.41844277352018827,0.12445779902079783
2016-09-01,0.2018162194892918,0.25528320796972215,1.4853641979827443e-17,0.41844277352018827,0.12445779902079783
2016-09-02,0.2018162194892918,0.25528320796972215,1.4853641979827443e-17,0.41844277352018827,0.12445779902079783
2016-09-06,0.2018162194892918,0.25528320796972215,1.4853641979827443e-17,0.41844277352018827,0.12445779902079783
2016-09-08,0.2018162194892918,0.25528320796972215,1.4853641979827443e-17,0.41844277352018827,0.12445779902079783
2016-09-09,0.2018162194892918,0.25528320796972215,1.4853641979827443e-17,0.41844277352018827,0.12445779902079783
2016-09-12,0.2018162194892918,0.25528320796972215,1.4853641979827443e-17,0.41844277352018827,0.12445779902079783
2016-09-13,0.2018162194892918,0.25528320796972215,1.4853641979827443e-17,0.41844277352018827,0.12445779902079783
2016-09-14,0.2018162194892918,0.25528320796972215,1.4853641979827443e-17,0.41844277352018827,0.12445779902079783
2016-09-15,0.2018162194892918,0.25528320796972215,1.4853641979827443e-17,0.41844277352018827,0.12445779902079783
2016-09-16,0.2018162194892918,0.25528320796972215,1.4853641979827443e-17,0.41844277352018827,0.12445779902079783
2016-09-19,0.2018162194892918,0.25528320796972215,1.4853641979827443e-17,0.41844277352018827,0.12445779902079783
2016-09-20,0.2018162194892918,0.25528320796972215,1.4853641979827443e-17,0.41844277352018827,0.12445779902079783
2016-09-21,0.2018162194892918,0.25528320796972215,1.4853641979827443e-17,0.41844277352018827,0.12445779902079783
2016-09-22,0.2018162194892918,0.25528320796972215,1.4853641979827443e-17,0.41844277352018827,0.12445779902079783
2016-09-23,0.2018162194892918,0.25528320796972215,1.4853641979827443e-17,0.41844277352018827,0.12445779902079783
2016-09-26,0.20124983983262115,0.25334571587073107,0.0,0.39755906297679505,0.14784538131985284
2016-09-27,0.20124983983262115,0.25334571587073107,0.0,0.39755906297679505,0.14784538131985284
2016-09-28,0.20124983983262115,0.25334571587073107,0.0,0.39755906297679505,0.14784538131985284
2016-09-29,0.20124983983262115,0.25334571587073107,0.0,0.39755906297679505,0.14784538131985284
2016-09-30,0.20124983983262115,0.25334571587073107,0.0,0.39755906297679505,0.14784538131985284
2016-10-03,0.20124983983262115,0.25334571587073107,0.0,0.39755906297679505,0.14784538131985284
2016-10-04,0.20124983983262115,0.25334571587073107,0.0,0.39755906297679505,0.14784538131985284
2016-10-05,0.20124983983262115,0.25334571587073107,0.0,0.39755906297679505,0.14784538131985284
2016-10-06,0.20124983983262115,0.25334571587073107,0.0,0.39755906297679505,0.14784538131985284
2016-10-07,0.20124983983262115,0.25334571587073107,0.0,0.39755906297679505,0.14784538131985284
2016-10-10,0.20124983983262115,0.25334571587073107,0.0,0.39755906297679505,0.14784538131985284
2016-10-11,0.20124983983262115,0.25334571587073107,0.0,0.39755906297679505,0.14784538131985284
2016-10-13,0.20124983983262115,0.25334571587073107,0.0,0.39755906297679505,0.14784538131985284
2016-10-14,0.20124983983262115,0.25334571587073107,0.0,0.39755906297679505,0.14784538131985284
2016-10-17,0.20124983983262115,0.25334571587073107,0.0,0.39755906297679505,0.14784538131985284
2016-10-18,0.20124983983262115,0.25334571587073107,0.0,0.39755906297679505,0.14784538131985284
2016-10-19,0.20124983983262115,0.25334571587073107,0.0,0.39755906297679505,0.14784538131985284
2016-10-20,0.20124983983262115,0.25334571587073107,0.0,0.39755906297679505,0.14784538131985284
2016-10-21,0.20124983983262115,0.25334571587073107,0.0,0.39755906297679505,0.14784538131985284
2016-10-24,0.20124983983262115,0.25334571587073107,0.0,0.39755906297679505,0.14784538131985284
2016-10-25,0.20124983983262115,0.25334571587073107,0.0,0.39755906297679505,0.14784538131985284
2016-10-26,0.18007260781718357,0.2642023398924992,6.401373260145937e-17,0.39212269366793706,0.1636023586223802
2016-10-27,0.18007260781718357,0.2642023398924992,6.401373260145937e-17,0.39212269366793706,0.1636023586223802
2016-10-28,0.18007260781718357,0.2642023398924992,6.401373260145937e-17,0.39212269366793706,0.1636023586223802
2016-10-31,0.18007260781718357,0.2642023398924992,6.401373260145937e-17,0.39212269366793706,0.1636023586223802
2016-11-01,0.18007260781718357,0.2642023398924992,6.401373260145937e-17,0.39212269366793706,0.1636023586223802
2016-11-03,0.18007260781718357,0.2642023398924992,6.401373260145937e-17,0.39212269366793706,0.1636023586223802
2016-11-04,0.18007260781718357,0.2642023398924992,6.401373260145937e-17,0.39212269366793706,0.1636023586223802
2016-11-07,0.18007260781718357,0.2642023398924992,6.401373260145937e-17,0.39212269366793706,0.1636023586223802
2016-11-08,0.18007260781718357,0.2642023398924992,6.401373260145937e-17,0.39212269366793706,0.1636023586223802
2016-11-09,0.18007260781718357,0.2642023398924992,6.401373260145937e-17,0.39212269366793706,0.1636023586223802
2016-11-10,0.18007260781718357,0.2642023398924992,6.401373260145937e-17,0.39212269366793706,0.1636023586223802
2016-11-11,0.18007260781718357,0.2642023398924992,6.401373260145937e-17,0.39212269366793706,0.1636023586223802
2016-11-14,0.18007260781718357,0.2642023398924992,6.401373260145937e-17,0.39212269366793706,0.1636023586223802
2016-11-16,0.18007260781718357,0.2642023398924992,6.401373260145937e-17,0.39212269366793706,0.1636023586223802
2016-11-17,0.18007260781718357,0.2642023398924992,6.401373260145937e-17,0.39212269366793706,0.1636023586223802
2016-11-18,0.18007260781718357,0.2642023398924992,6.401373260145937e-17,0.39212269366793706,0.1636023586223802
2016-11-21,0.18007260781718357,0.2642023398924992,6.401373260145937e-17,0.39212269366793706,0.1636023586223802
2016-11-22,0.18007260781718357,0.2642023398924992,6.401373260145937e-17,0.39212269366793706,0.1636023586223802
2016-11-23,0.18007260781718357,0.2642023398924992,6.401373260145937e-17,0.39212269366793706,0.1636023586223802
2016-11-25,0.18007260781718357,0.2642023398924992,6.401373260145937e-17,0.39212269366793706,0.1636023586223802
2016-11-28,0.18007260781718357,0.2642023398924992,6.401373260145937e-17,0.39212269366793706,0.1636023586223802
2016-11-29,0.19060520744914414,0.24882604084038695,4.354418936443348e-18,0.38036839582268867,0.18020035588778033
2016-11-30,0.19060520744914414,0.24882604084038695,4.354418936443348e-18,0.38036839582268867,0.18020035588778033
2016-12-01,0.19060520744914414,0.24882604084038695,4.354418936443348e-18,0.38036839582268867,0.18020035588778033
2016-12-02,0.19060520744914414,0.24882604084038695,4.354418936443348e-18,0.38036839582268867,0.18020035588778033
2016-12-05,0.19060520744914414,0.24882604084038695,4.354418936443348e-18,0.38036839582268867,0.18020035588778033
2016-12-06,0.19060520744914414,0.24882604084038695,4.354418936443348e-18,0.38036839582268867,0.18020035588778033
2016-12-07,0.19060520744914414,0.24882604084038695,4.354418936443348e-18,0.38036839582268867,0.18020035588778033
2016-12-08,0.19060520744914414,0.24882604084038695,4.354418936443348e-18,0.38036839582268867,0.18020035588778033
2016-12-09,0.19060520744914414,0.24882604084038695,4.354418936443348e-18,0.38036839582268867,0.18020035588778033
2016-12-12,0.19060520744914414,0.24882604084038695,4.354418936443348e-18,0.38036839582268867,0.18020035588778033
2016-12-13,0.19060520744914414,0.24882604084038695,4.354418936443348e-18,0.38036839582268867,0.18020035588778033
2016-12-14,0.19060520744914414,0.24882604084038695,4.354418936443348e-18,0.38036839582268867,0.18020035588778033
2016-12-15,0.19060520744914414,0.24882604084038695,4.354418936443348e-18,0.38036839582268867,0.18020035588778033
2016-12-16,0.19060520744914414,0.24882604084038695,4.354418936443348e-18,0.38036839582268867,0.18020035588778033
2016-12-19,0.19060520744914414,0.24882604084038695,4.354418936443348e-18,0.38036839582268867,0.18020035588778033
2016-12-20,0.19060520744914414,0.24882604084038695,4.354418936443348e-18,0.38036839582268867,0.18020035588778033
2016-12-21,0.19060520744914414,0.24882604084038695,4.354418936443348e-18,0.38036839582268867,0.18020035588778033
2016-12-22,0.19060520744914414,0.24882604084038695,4.354418936443348e-18,0.38036839582268867,0.18020035588778033
2016-12-23,0.19060520744914414,0.24882604084038695,4.354418936443348e-18,0.38036839582268867,0.18020035588778033
2016-12-27,0.19060520744914414,0.24882604084038695,4.354418936443348e-18,0.38036839582268867,0.18020035588778033
2016-12-28,0.19060520744914414,0.24882604084038695,4.354418936443348e-18,0.38036839582268867,0.18020035588778033
2016-12-29,0.18894880414221474,0.24708564346900025,5.888396523335865e-17,0.3856756504876923,0.1782899019010927
2017-01-03,0.18894880414221474,0.24708564346900025,5.888396523335865e-17,0.3856756504876923,0.1782899019010927
2017-01-04,0.18894880414221474,0.24708564346900025,5.888396523335865e-17,0.3856756504876923,0.1782899019010927
2017-01-05,0.18894880414221474,0.24708564346900025,5.888396523335865e-17,0.3856756504876923,0.1782899019010927
2017-01-06,0.18894880414221474,0.24708564346900025,5.888396523335865e-17,0.3856756504876923,0.1782899019010927
2017-01-09,0.18894880414221474,0.24708564346900025,5.888396523335865e-17,0.3856756504876923,0.1782899019010927
2017-01-10,0.18894880414221474,0.24708564346900025,5.888396523335865e-17,0.3856756504876923,0.1782899019010927
2017-01-11,0.18894880414221474,0.24708564346900025,5.888396523335865e-17,0.3856756504876923,0.1782899019010927
2017-01-12,0.18894880414221474,0.24708564346900025,5.888396523335865e-17,0.3856756504876923,0.1782899019010927
2017-01-13,0.18894880414221474,0.24708564346900025,5.888396523335865e-17,0.3856756504876923,0.1782899019010927
2017-01-17,0.18894880414221474,0.24708564346900025,5.888396523335865e-17,0.3856756504876923,0.1782899019010927
2017-01-18,0.18894880414221474,0.24708564346900025,5.888396523335865e-17,0.3856756504876923,0.1782899019010927
2017-01-19,0.18894880414221474,0.24708564346900025,5.888396523335865e-17,0.3856756504876923,0.1782899019010927
2017-01-20,0.18894880414221474,0.24708564346900025,5.888396523335865e-17,0.3856756504876923,0.1782899019010927
2017-01-23,0.18894880414221474,0.24708564346900025,5.888396523335865e-17,0.3856756504876923,0.1782899019010927
2017-01-24,0.18894880414221474,0.24708564346900025,5.888396523335865e-17,0.3856756504876923,0.1782899019010927
2017-01-26,0.18894880414221474,0.24708564346900025,5.888396523335865e-17,0.3856756504876923,0.1782899019010927
2017-01-27,0.18894880414221474,0.24708564346900025,5.888396523335865e-17,0.3856756504876923,0.1782899019010927
2017-01-30,0.18894880414221474,0.24708564346900025,5.888396523335865e-17,0.3856756504876923,0.1782899019010927
2017-01-31,0.18894880414221474,0.24708564346900025,5.888396523335865e-17,0.3856756504876923,0.1782899019010927
2017-02-01,0.18894880414221474,0.24708564346900025,5.888396523335865e-17,0.3856756504876923,0.1782899019010927
2017-02-02,0.19957269499568206,0.22853693522645246,0.0,0.3626681593290166,0.20922221044884884
2017-02-03,0.19957269499568206,0.22853693522645246,0.0,0.3626681593290166,0.20922221044884884
2017-02-06,0.19957269499568206,0.22853693522645246,0.0,0.3626681593290166,0.20922221044884884
2017-02-07,0.19957269499568206,0.22853693522645246,0.0,0.3626681593290166,0.20922221044884884
2017-02-08,0.19957269499568206,0.22853693522645246,0.0,0.3626681593290166,0.20922221044884884
2017-02-09,0.19957269499568206,0.22853693522645246,0.0,0.3626681593290166,0.20922221044884884
2017-02-10,0.19957269499568206,0.22853693522645246,0.0,0.3626681593290166,0.20922221044884884
2017-02-13,0.19957269499568206,0.22853693522645246,0.0,0.3626681593290166,0.20922221044884884
2017-02-14,0.19957269499568206,0.22853693522645246,0.0,0.3626681593290166,0.20922221044884884
2017-02-15,0.19957269499568206,0.22853693522645246,0.0,0.3626681593290166,0.20922221044884884
2017-02-16,0.19957269499568206,0.22853693522645246,0.0,0.3626681593290166,0.20922221044884884
2017-02-17,0.19957269499568206,0.22853693522645246,0.0,0.3626681593290166,0.20922221044884884
2017-02-21,0.19957269499568206,0.22853693522645246,0.0,0.3626681593290166,0.20922221044884884
2017-02-22,0.19957269499568206,0.22853693522645246,0.0,0.3626681593290166,0.20922221044884884
2017-02-23,0.19957269499568206,0.22853693522645246,0.0,0.3626681593290166,0.20922221044884884
2017-02-24,0.19957269499568206,0.22853693522645246,0.0,0.3626681593290166,0.20922221044884884
2017-03-01,0.19957269499568206,0.22853693522645246,0.0,0.3626681593290166,0.20922221044884884
2017-03-02,0.19957269499568206,0.22853693522645246,0.0,0.3626681593290166,0.20922221044884884
2017-03-03,0.19957269499568206,0.22853693522645246,0.0,0.3626681593290166,0.20922221044884884
2017-03-06,0.19957269499568206,0.22853693522645246,0.0,0.3626681593290166,0.20922221044884884
2017-03-07,0.19957269499568206,0.22853693522645246,0.0,0.3626681593290166,0.20922221044884884
2017-03-08,0.20347956485755397,0.22902023266611551,0.0,0.3377779129850928,0.22972228949123774
2017-03-09,0.20347956485755397,0.22902023266611551,0.0,0.3377779129850928,0.22972228949123774
2017-03-10,0.20347956485755397,0.22902023266611551,0.0,0.3377779129850928,0.22972228949123774
2017-03-13,0.20347956485755397,0.22902023266611551,0.0,0.3377779129850928,0.22972228949123774
2017-03-14,0.20347956485755397,0.22902023266611551,0.0,0.3377779129850928,0.22972228949123774
2017-03-15,0.20347956485755397,0.22902023266611551,0.0,0.3377779129850928,0.22972228949123774
2017-03-16,0.20347956485755397,0.22902023266611551,0.0,0.3377779129850928,0.22972228949123774
2017-03-17,0.20347956485755397,0.22902023266611551,0.0,0.3377779129850928,0.22972228949123774
2017-03-20,0.20347956485755397,0.22902023266611551,0.0,0.3377779129850928,0.22972228949123774
2017-03-21,0.20347956485755397,0.22902023266611551,0.0,0.3377779129850928,0.22972228949123774
2017-03-22,0.20347956485755397,0.22902023266611551,0.0,0.3377779129850928,0.22972228949123774
2017-03-23,0.20347956485755397,0.22902023266611551,0.0,0.3377779129850928,0.22972228949123774
2017-03-24,0.20347956485755397,0.22902023266611551,0.0,0.3377779129850928,0.22972228949123774
2017-03-27,0.20347956485755397,0.22902023266611551,0.0,0.3377779129850928,0.22972228949123774
2017-03-28,0.20347956485755397,0.22902023266611551,0.0,0.3377779129850928,0.22972228949123774
2017-03-29,0.20347956485755397,0.22902023266611551,0.0,0.3377779129850928,0.22972228949123774
2017-03-30,0.20347956485755397,0.22902023266611551,0.0,0.3377779129850928,0.22972228949123774
2017-03-31,0.20347956485755397,0.22902023266611551,0.0,0.3377779129850928,0.22972228949123774
2017-04-03,0.20347956485755397,0.22902023266611551,0.0,0.3377779129850928,0.22972228949123774
2017-04-04,0.20347956485755397,0.22902023266611551,0.0,0.3377779129850928,0.22972228949123774
2017-04-05,0.20347956485755397,0.22902023266611551,0.0,0.3377779129850928,0.22972228949123774
2017-04-06,0.20405950893170177,0.21499916944031566,1.9243697257038088e-17,0.3570538968486984,0.223887424779284
2017-04-07,0.20405950893170177,0.21499916944031566,1.9243697257038088e-17,0.3570538968486984,0.223887424779284
2017-04-10,0.20405950893170177,0.21499916944031566,1.9243697257038088e-17,0.3570538968486984,0.223887424779284
2017-04-11,0.20405950893170177,0.21499916944031566,1.9243697257038088e-17,0.3570538968486984,0.223887424779284
2017-04-12,0.20405950893170177,0.21499916944031566,1.9243697257038088e-17,0.3570538968486984,0.223887424779284
2017-04-13,0.20405950893170177,0.21499916944031566,1.9243697257038088e-17,0.3570538968486984,0.223887424779284
2017-04-17,0.20405950893170177,0.21499916944031566,1.9243697257038088e-17,0.3570538968486984,0.223887424779284
2017-04-18,0.20405950893170177,0.21499916944031566,1.9243697257038088e-17,0.3570538968486984,0.223887424779284
2017-04-19,0.20405950893170177,0.21499916944031566,1.9243697257038088e-17,0.3570538968486984,0.223887424779284
2017-04-20,0.20405950893170177,0.21499916944031566,1.9243697257038088e-17,0.3570538968486984,0.223887424779284
2017-04-24,0.20405950893170177,0.21499916944031566,1.9243697257038088e-17,0.3570538968486984,0.223887424779284
2017-04-25,0.20405950893170177,0.21499916944031566,1.9243697257038088e-17,0.3570538968486984,0.223887424779284
2017-04-26,0.20405950893170177,0.21499916944031566,1.9243697257038088e-17,0.3570538968486984,0.223887424779284
2017-04-27,0.20405950893170177,0.21499916944031566,1.9243697257038088e-17,0.3570538968486984,0.223887424779284
2017-04-28,0.20405950893170177,0.21499916944031566,1.9243697257038088e-17,0.3570538968486984,0.223887424779284
2017-05-02,0.20405950893170177,0.21499916944031566,1.9243697257038088e-17,0.3570538968486984,0.223887424779284
2017-05-03,0.20405950893170177,0.21499916944031566,1.9243697257038088e-17,0.3570538968486984,0.223887424779284
2017-05-04,0.20405950893170177,0.21499916944031566,1.9243697257038088e-17,0.3570538968486984,0.223887424779284
2017-05-05,0.20405950893170177,0.21499916944031566,1.9243697257038088e-17,0.3570538968486984,0.223887424779284
2017-05-08,0.20405950893170177,0.21499916944031566,1.9243697257038088e-17,0.3570538968486984,0.223887424779284
2017-05-09,0.20405950893170177,0.21499916944031566,1.9243697257038088e-17,0.3570538968486984,0.223887424779284
2017-05-10,0.2239610848742143,0.19591719273838024,5.1179950436940535e-18,0.37100389970857706,0.2091178226788284
2017-05-11,0.2239610848742143,0.19591719273838024,5.1179950436940535e-18,0.37100389970857706,0.2091178226788284
2017-05-12,0.2239610848742143,0.19591719273838024,5.1179950436940535e-18,0.37100389970857706,0.2091178226788284
2017-05-15,0.2239610848742143,0.19591719273838024,5.1179950436940535e-18,0.37100389970857706,0.2091178226788284
2017-05-16,0.2239610848742143,0.19591719273838024,5.1179950436940535e-18,0.37100389970857706,0.2091178226788284
2017-05-17,0.2239610848742143,0.19591719273838024,5.1179950436940535e-18,0.37100389970857706,0.2091178226788284
2017-05-18,0.2239610848742143,0.19591719273838024,5.1179950436940535e-18,0.37100389970857706,0.2091178226788284
2017-05-19,0.2239610848742143,0.19591719273838024,5.1179950436940535e-18,0.37100389970857706,0.2091178226788284
2017-05-22,0.2239610848742143,0.19591719273838024,5.1179950436940535e-18,0.37100389970857706,0.2091178226788284
2017-05-23,0.2239610848742143,0.19591719273838024,5.1179950436940535e-18,0.37100389970857706,0.2091178226788284
2017-05-24,0.2239610848742143,0.19591719273838024,5.1179950436940535e-18,0.37100389970857706,0.2091178226788284
2017-05-25,0.2239610848742143,0.19591719273838024,5.1179950436940535e-18,0.37100389970857706,0.2091178226788284
2017-05-26,0.2239610848742143,0.19591719273838024,5.1179950436940535e-18,0.37100389970857706,0.2091178226788284
2017-05-30,0.2239610848742143,0.19591719273838024,5.1179950436940535e-18,0.37100389970857706,0.2091178226788284
2017-05-31,0.2239610848742143,0.19591719273838024,5.1179950436940535e-18,0.37100389970857706,0.2091178226788284
2017-06-01,0.2239610848742143,0.19591719273838024,5.1179950436940535e-18,0.37100389970857706,0.2091178226788284
2017-06-02,0.2239610848742143,0.19591719273838024,5.1179950436940535e-18,0.37100389970857706,0.2091178226788284
2017-06-05,0.2239610848742143,0.19591719273838024,5.1179950436940535e-18,0.37100389970857706,0.2091178226788284
2017-06-06,0.2239610848742143,0.19591719273838024,5.1179950436940535e-18,0.37100389970857706,0.2091178226788284
2017-06-07,0.2239610848742143,0.19591719273838024,5.1179950436940535e-18,0.37100389970857706,0.2091178226788284
2017-06-08,0.2239610848742143,0.19591719273838024,5.1179950436940535e-18,0.37100389970857706,0.2091178226788284
2017-06-09,0.22598296726112,0.21948515205930924,9.213962843978138e-18,0.3364461174815431,0.2180857631980276
2017-06-12,0.22598296726112,0.21948515205930924,9.213962843978138e-18,0.3364461174815431,0.2180857631980276
2017-06-13,0.22598296726112,0.21948515205930924,9.213962843978138e-18,0.3364461174815431,0.2180857631980276
2017-06-14,0.22598296726112,0.21948515205930924,9.213962843978138e-18,0.3364461174815431,0.2180857631980276
2017-06-16,0.22598296726112,0.21948515205930924,9.213962843978138e-18,0.3364461174815431,0.2180857631980276
2017-06-19,0.22598296726112,0.21948515205930924,9.213962843978138e-18,0.3364461174815431,0.2180857631980276
2017-06-20,0.22598296726112,0.21948515205930924,9.213962843978138e-18,0.3364461174815431,0.2180857631980276
2017-06-21,0.22598296726112,0.21948515205930924,9.213962843978138e-18,0.3364461174815431,0.2180857631980276
2017-06-22,0.22598296726112,0.21948515205930924,9.213962843978138e-18,0.3364461174815431,0.2180857631980276
2017-06-23,0.22598296726112,0.21948515205930924,9.213962843978138e-18,0.3364461174815431,0.2180857631980276
2017-06-26,0.22598296726112,0.21948515205930924,9.213962843978138e-18,0.3364461174815431,0.2180857631980276
2017-06-27,0.22598296726112,0.21948515205930924,9.213962843978138e-18,0.3364461174815431,0.2180857631980276
2017-06-28,0.22598296726112,0.21948515205930924,9.213962843978138e-18,0.3364461174815431,0.2180857631980276
2017-06-29,0.22598296726112,0.21948515205930924,9.213962843978138e-18,0.3364461174815431,0.2180857631980276
2017-06-30,0.22598296726112,0.21948515205930924,9.213962843978138e-18,0.3364461174815431,0.2180857631980276
2017-07-03,0.22598296726112,0.21948515205930924,9.213962843978138e-18,0.3364461174815431,0.2180857631980276
2017-07-05,0.22598296726112,0.21948515205930924,9.213962843978138e-18,0.3364461174815431,0.2180857631980276
2017-07-06,0.22598296726112,0.21948515205930924,9.213962843978138e-18,0.3364461174815431,0.2180857631980276
2017-07-07,0.22598296726112,0.21948515205930924,9.213962843978138e-18,0.3364461174815431,0.2180857631980276
2017-07-10,0.22598296726112,0.21948515205930924,9.213962843978138e-18,0.3364461174815431,0.2180857631980276
2017-07-11,0.22598296726112,0.21948515205930924,9.213962843978138e-18,0.3364461174815431,0.2180857631980276
2017-07-12,0.2289652250010544,0.21944828135328837,0.0,0.33778763691896385,0.2137988567266934
2017-07-13,0.2289652250010544,0.21944828135328837,0.0,0.33778763691896385,0.2137988567266934
2017-07-14,0.2289652250010544,0.21944828135328837,0.0,0.33778763691896385,0.2137988567266934
2017-07-17,0.2289652250010544,0.21944828135328837,0.0,0.33778763691896385,0.2137988567266934
2017-07-18,0.2289652250010544,0.21944828135328837,0.0,0.33778763691896385,0.2137988567266934
2017-07-19,0.2289652250010544,0.21944828135328837,0.0,0.33778763691896385,0.2137988567266934
2017-07-20,0.2289652250010544,0.21944828135328837,0.0,0.33778763691896385,0.2137988567266934
2017-07-21,0.2289652250010544,0.21944828135328837,0.0,0.33778763691896385,0.2137988567266934
2017-07-24,0.2289652250010544,0.21944828135328837,0.0,0.33778763691896385,0.2137988567266934
2017-07-25,0.2289652250010544,0.21944828135328837,0.0,0.33778763691896385,0.2137988567266934
2017-07-26,0.2289652250010544,0.21944828135328837,0.0,0.33778763691896385,0.2137988567266934
2017-07-27,0.2289652250010544,0.21944828135328837,0.0,0.33778763691896385,0.2137988567266934
2017-07-28,0.2289652250010544,0.21944828135328837,0.0,0.33778763691896385,0.2137988567266934
2017-07-31,0.2289652250010544,0.21944828135328837,0.0,0.33778763691896385,0.2137988567266934
2017-08-01,0.2289652250010544,0.21944828135328837,0.0,0.33778763691896385,0.2137988567266934
2017-08-02,0.2289652250010544,0.21944828135328837,0.0,0.33778763691896385,0.2137988567266934
2017-08-03,0.2289652250010544,0.21944828135328837,0.0,0.33778763691896385,0.2137988567266934
2017-08-04,0.2289652250010544,0.21944828135328837,0.0,0.33778763691896385,0.2137988567266934
2017-08-07,0.2289652250010544,0.21944828135328837,0.0,0.33778763691896385,0.2137988567266934
2017-08-08,0.2289652250010544,0.21944828135328837,0.0,0.33778763691896385,0.2137988567266934
2017-08-09,0.2289652250010544,0.21944828135328837,0.0,0.33778763691896385,0.2137988567266934
2017-08-10,0.2316093142508338,0.22485666612339297,0.0,0.31767835588653187,0.22585566373924137
2017-08-11,0.2316093142508338,0.22485666612339297,0.0,0.31767835588653187,0.22585566373924137
2017-08-14,0.2316093142508338,0.22485666612339297,0.0,0.31767835588653187,0.22585566373924137
2017-08-15,0.2316093142508338,0.22485666612339297,0.0,0.31767835588653187,0.22585566373924137
2017-08-16,0.2316093142508338,0.22485666612339297,0.0,0.31767835588653187,0.22585566373924137
2017-08-17,0.2316093142508338,0.22485666612339297,0.0,0.31767835588653187,0.22585566373924137
2017-08-18,0.2316093142508338,0.22485666612339297,0.0,0.31767835588653187,0.22585566373924137
2017-08-21,0.2316093142508338,0.22485666612339297,0.0,0.31767835588653187,0.22585566373924137
2017-08-22,0.2316093142508338,0.22485666612339297,0.0,0.31767835588653187,0.22585566373924137
2017-08-23,0.2316093142508338,0.22485666612339297,0.0,0.31767835588653187,0.22585566373924137
2017-08-24,0.2316093142508338,0.22485666612339297,0.0,0.31767835588653187,0.22585566373924137
2017-08-25,0.2316093142508338,0.22485666612339297,0.0,0.31767835588653187,0.22585566373924137
2017-08-28,0.2316093142508338,0.22485666612339297,0.0,0.31767835588653187,0.22585566373924137
2017-08-29,0.2316093142508338,0.22485666612339297,0.0,0.31767835588653187,0.22585566373924137
2017-08-30,0.2316093142508338,0.22485666612339297,0.0,0.31767835588653187,0.22585566373924137
2017-08-31,0.2316093142508338,0.22485666612339297,0.0,0.31767835588653187,0.22585566373924137
2017-09-01,0.2316093142508338,0.22485666612339297,0.0,0.31767835588653187,0.22585566373924137
2017-09-05,0.2316093142508338,0.22485666612339297,0.0,0.31767835588653187,0.22585566373924137
2017-09-06,0.2316093142508338,0.22485666612339297,0.0,0.31767835588653187,0.22585566373924137
2017-09-08,0.2316093142508338,0.22485666612339297,0.0,0.31767835588653187,0.22585566373924137
2017-09-11,0.2316093142508338,0.22485666612339297,0.0,0.31767835588653187,0.22585566373924137
2017-09-12,0.23104004755411556,0.22344556055636008,0.0,0.3265256990546643,0.21898869283486022
2017-09-13,0.23104004755411556,0.22344556055636008,0.0,0.3265256990546643,0.21898869283486022
2017-09-14,0.23104004755411556,0.22344556055636008,0.0,0.3265256990546643,0.21898869283486022
2017-09-15,0.23104004755411556,0.22344556055636008,0.0,0.3265256990546643,0.21898869283486022
2017-09-18,0.23104004755411556,0.22344556055636008,0.0,0.3265256990546643,0.21898869283486022
2017-09-19,0.23104004755411556,0.22344556055636008,0.0,0.3265256990546643,0.21898869283486022
2017-09-20,0.23104004755411556,0.22344556055636008,0.0,0.3265256990546643,0.21898869283486022
2017-09-21,0.23104004755411556,0.22344556055636008,0.0,0.3265256990546643,0.21898869283486022
2017-09-22,0.23104004755411556,0.22344556055636008,0.0,0.3265256990546643,0.21898869283486022
2017-09-25,0.23104004755411556,0.22344556055636008,0.0,0.3265256990546643,0.21898869283486022
2017-09-26,0.23104004755411556,0.22344556055636008,0.0,0.3265256990546643,0.21898869283486022
2017-09-27,0.23104004755411556,0.22344556055636008,0.0,0.3265256990546643,0.21898869283486022
2017-09-28,0.23104004755411556,0.22344556055636008,0.0,0.3265256990546643,0.21898869283486022
2017-09-29,0.23104004755411556,0.22344556055636008,0.0,0.3265256990546643,0.21898869283486022
2017-10-02,0.23104004755411556,0.22344556055636008,0.0,0.3265256990546643,0.21898869283486022
2017-10-03,0.23104004755411556,0.22344556055636008,0.0,0.3265256990546643,0.21898869283486022
2017-10-04,0.23104004755411556,0.22344556055636008,0.0,0.3265256990546643,0.21898869283486022
2017-10-05,0.23104004755411556,0.22344556055636008,0.0,0.3265256990546643,0.21898869283486022
2017-10-06,0.23104004755411556,0.22344556055636008,0.0,0.3265256990546643,0.21898869283486022
2017-10-09,0.23104004755411556,0.22344556055636008,0.0,0.3265256990546643,0.21898869283486022
2017-10-10,0.23104004755411556,0.22344556055636008,0.0,0.3265256990546643,0.21898869283486022
2017-10-11,0.2288777896630242,0.22470273046312508,0.0,0.3176665485458124,0.22875293132803828
2017-10-13,0.2288777896630242,0.22470273046312508,0.0,0.3176665485458124,0.22875293132803828
2017-10-16,0.2288777896630242,0.22470273046312508,0.0,0.3176665485458124,0.22875293132803828
2017-10-17,0.2288777896630242,0.22470273046312508,0.0,0.3176665485458124,0.22875293132803828
2017-10-18,0.2288777896630242,0.22470273046312508,0.0,0.3176665485458124,0.22875293132803828
2017-10-19,0.2288777896630242,0.22470273046312508,0.0,0.3176665485458124,0.22875293132803828
2017-10-20,0.2288777896630242,0.22470273046312508,0.0,0.3176665485458124,0.22875293132803828
2017-10-23,0.2288777896630242,0.22470273046312508,0.0,0.3176665485458124,0.22875293132803828
2017-10-24,0.2288777896630242,0.22470273046312508,0.0,0.3176665485458124,0.22875293132803828
2017-10-25,0.2288777896630242,0.22470273046312508,0.0,0.3176665485458124,0.22875293132803828
2017-10-26,0.2288777896630242,0.22470273046312508,0.0,0.3176665485458124,0.22875293132803828
2017-10-27,0.2288777896630242,0.22470273046312508,0.0,0.3176665485458124,0.22875293132803828
2017-10-30,0.2288777896630242,0.22470273046312508,0.0,0.3176665485458124,0.22875293132803828
2017-10-31,0.2288777896630242,0.22470273046312508,0.0,0.3176665485458124,0.22875293132803828
2017-11-01,0.2288777896630242,0.22470273046312508,0.0,0.3176665485458124,0.22875293132803828
2017-11-03,0.2288777896630242,0.22470273046312508,0.0,0.3176665485458124,0.22875293132803828
2017-11-06,0.2288777896630242,0.22470273046312508,0.0,0.3176665485458124,0.22875293132803828
2017-11-07,0.2288777896630242,0.22470273046312508,0.0,0.3176665485458124,0.22875293132803828
2017-11-08,0.2288777896630242,0.22470273046312508,0.0,0.3176665485458124,0.22875293132803828
2017-11-09,0.2288777896630242,0.22470273046312508,0.0,0.3176665485458124,0.22875293132803828
2017-11-10,0.2288777896630242,0.22470273046312508,0.0,0.3176665485458124,0.22875293132803828
2017-11-13,0.22858799229553478,0.22498576858794414,0.0,0.3158797464502854,0.2305464926662357
2017-11-14,0.22858799229553478,0.22498576858794414,0.0,0.3158797464502854,0.2305464926662357
2017-11-16,0.22858799229553478,0.22498576858794414,0.0,0.3158797464502854,0.2305464926662357
2017-11-17,0.22858799229553478,0.22498576858794414,0.0,0.3158797464502854,0.2305464926662357
2017-11-21,0.22858799229553478,0.22498576858794414,0.0,0.3158797464502854,0.2305464926662357
2017-11-22,0.22858799229553478,0.22498576858794414,0.0,0.3158797464502854,0.2305464926662357
2017-11-24,0.22858799229553478,0.22498576858794414,0.0,0.3158797464502854,0.2305464926662357
2017-11-27,0.22858799229553478,0.22498576858794414,0.0,0.3158797464502854,0.2305464926662357
2017-11-28,0.22858799229553478,0.22498576858794414,0.0,0.3158797464502854,0.2305464926662357
2017-11-29,0.22858799229553478,0.22498576858794414,0.0,0.3158797464502854,0.2305464926662357
2017-11-30,0.22858799229553478,0.22498576858794414,0.0,0.3158797464502854,0.2305464926662357
2017-12-01,0.22858799229553478,0.22498576858794414,0.0,0.3158797464502854,0.2305464926662357
2017-12-04,0.22858799229553478,0.22498576858794414,0.0,0.3158797464502854,0.2305464926662357
2017-12-05,0.22858799229553478,0.22498576858794414,0.0,0.3158797464502854,0.2305464926662357
2017-12-06,0.22858799229553478,0.22498576858794414,0.0,0.3158797464502854,0.2305464926662357
2017-12-07,0.22858799229553478,0.22498576858794414,0.0,0.3158797464502854,0.2305464926662357
2017-12-08,0.22858799229553478,0.22498576858794414,0.0,0.3158797464502854,0.2305464926662357
2017-12-11,0.22858799229553478,0.22498576858794414,0.0,0.3158797464502854,0.2305464926662357
2017-12-12,0.22858799229553478,0.22498576858794414,0.0,0.3158797464502854,0.2305464926662357
2017-12-13,0.22858799229553478,0.22498576858794414,0.0,0.3158797464502854,0.2305464926662357
2017-12-14,0.22858799229553478,0.22498576858794414,0.0,0.3158797464502854,0.2305464926662357
2017-12-15,0.22836029555431758,0.2249983527397865,9.411007851151228e-18,0.31218038326632086,0.23446096843957498
2017-12-18,0.22836029555431758,0.2249983527397865,9.411007851151228e-18,0.31218038326632086,0.23446096843957498
2017-12-19,0.22836029555431758,0.2249983527397865,9.411007851151228e-18,0.31218038326632086,0.23446096843957498
2017-12-20,0.22836029555431758,0.2249983527397865,9.411007851151228e-18,0.31218038326632086,0.23446096843957498
2017-12-21,0.22836029555431758,0.2249983527397865,9.411007851151228e-18,0.31218038326632086,0.23446096843957498
2017-12-22,0.22836029555431758,0.2249983527397865,9.411007851151228e-18,0.31218038326632086,0.23446096843957498
2017-12-26,0.22836029555431758,0.2249983527397865,9.411007851151228e-18,0.31218038326632086,0.23446096843957498
2017-12-27,0.22836029555431758,0.2249983527397865,9.411007851151228e-18,0.31218038326632086,0.23446096843957498
2017-12-28,0.22836029555431758,0.2249983527397865,9.411007851151228e-18,0.31218038326632086,0.23446096843957498
2018-01-02,0.22836029555431758,0.2249983527397865,9.411007851151228e-18,0.31218038326632086,0.23446096843957498
2018-01-03,0.22836029555431758,0.2249983527397865,9.411007851151228e-18,0.31218038326632086,0.23446096843957498
2018-01-04,0.22836029555431758,0.2249983527397865,9.411007851151228e-18,0.31218038326632086,0.23446096843957498
2018-01-05,0.22836029555431758,0.2249983527397865,9.411007851151228e-18,0.31218038326632086,0.23446096843957498
2018-01-08,0.22836029555431758,0.2249983527397865,9.411007851151228e-18,0.31218038326632086,0.23446096843957498
2018-01-09,0.22836029555431758,0.2249983527397865,9.411007851151228e-18,0.31218038326632086,0.23446096843957498
2018-01-10,0.22836029555431758,0.2249983527397865,9.411007851151228e-18,0.31218038326632086,0.23446096843957498
2018-01-11,0.22836029555431758,0.2249983527397865,9.411007851151228e-18,0.31218038326632086,0.23446096843957498
2018-01-12,0.22836029555431758,0.2249983527397865,9.411007851151228e-18,0.31218038326632086,0.23446096843957498
2018-01-16,0.22836029555431758,0.2249983527397865,9.411007851151228e-18,0.31218038326632086,0.23446096843957498
2018-01-17,0.22836029555431758,0.2249983527397865,9.411007851151228e-18,0.31218038326632086,0.23446096843957498
2018-01-18,0.22836029555431758,0.2249983527397865,9.411007851151228e-18,0.31218038326632086,0.23446096843957498
2018-01-19,0.22731614632638905,0.22480110210338017,3.3462941211018354e-18,0.3152606590505312,0.2326220925196996
2018-01-22,0.22731614632638905,0.22480110210338017,3.3462941211018354e-18,0.3152606590505312,0.2326220925196996
2018-01-23,0.22731614632638905,0.22480110210338017,3.3462941211018354e-18,0.3152606590505312,0.2326220925196996
2018-01-24,0.22731614632638905,0.22480110210338017,3.3462941211018354e-18,0.3152606590505312,0.2326220925196996
2018-01-26,0.22731614632638905,0.22480110210338017,3.3462941211018354e-18,0.3152606590505312,0.2326220925196996
2018-01-29,0.22731614632638905,0.22480110210338017,3.3462941211018354e-18,0.3152606590505312,0.2326220925196996
2018-01-30,0.22731614632638905,0.22480110210338017,3.3462941211018354e-18,0.3152606590505312,0.2326220925196996
2018-01-31,0.22731614632638905,0.22480110210338017,3.3462941211018354e-18,0.3152606590505312,0.2326220925196996
2018-02-01,0.22731614632638905,0.22480110210338017,3.3462941211018354e-18,0.3152606590505312,0.2326220925196996
2018-02-02,0.22731614632638905,0.22480110210338017,3.3462941211018354e-18,0.3152606590505312,0.2326220925196996
2018-02-05,0.22731614632638905,0.22480110210338017,3.3462941211018354e-18,0.3152606590505312,0.2326220925196996
2018-02-06,0.22731614632638905,0.22480110210338017,3.3462941211018354e-18,0.3152606590505312,0.2326220925196996
2018-02-07,0.22731614632638905,0.22480110210338017,3.3462941211018354e-18,0.3152606590505312,0.2326220925196996
2018-02-08,0.22731614632638905,0.22480110210338017,3.3462941211018354e-18,0.3152606590505312,0.2326220925196996
2018-02-09,0.22731614632638905,0.22480110210338017,3.3462941211018354e-18,0.3152606590505312,0.2326220925196996
2018-02-14,0.22731614632638905,0.22480110210338017,3.3462941211018354e-18,0.3152606590505312,0.2326220925196996
2018-02-15,0.22731614632638905,0.22480110210338017,3.3462941211018354e-18,0.3152606590505312,0.2326220925196996
2018-02-16,0.22731614632638905,0.22480110210338017,3.3462941211018354e-18,0.3152606590505312,0.2326220925196996
2018-02-20,0.22731614632638905,0.22480110210338017,3.3462941211018354e-18,0.3152606590505312,0.2326220925196996
2018-02-21,0.22731614632638905,0.22480110210338017,3.3462941211018354e-18,0.3152606590505312,0.2326220925196996
2018-02-22,0.22731614632638905,0.22480110210338017,3.3462941211018354e-18,0.3152606590505312,0.2326220925196996
2018-02-23,0.22490876843261945,0.22494903924896403,3.453296283106733e-17,0.35205283799228976,0.19808935432612676
2018-02-26,0.22490876843261945,0.22494903924896403,3.453296283106733e-17,0.35205283799228976,0.19808935432612676
2018-02-27,0.22490876843261945,0.22494903924896403,3.453296283106733e-17,0.35205283799228976,0.19808935432612676
2018-02-28,0.22490876843261945,0.22494903924896403,3.453296283106733e-17,0.35205283799228976,0.19808935432612676
2018-03-01,0.22490876843261945,0.22494903924896403,3.453296283106733e-17,0.35205283799228976,0.19808935432612676
2018-03-02,0.22490876843261945,0.22494903924896403,3.453296283106733e-17,0.35205283799228976,0.19808935432612676
2018-03-05,0.22490876843261945,0.22494903924896403,3.453296283106733e-17,0.35205283799228976,0.19808935432612676
2018-03-06,0.22490876843261945,0.22494903924896403,3.453296283106733e-17,0.35205283799228976,0.19808935432612676
2018-03-07,0.22490876843261945,0.22494903924896403,3.453296283106733e-17,0.35205283799228976,0.19808935432612676
2018-03-08,0.22490876843261945,0.22494903924896403,3.453296283106733e-17,0.35205283799228976,0.19808935432612676
2018-03-09,0.22490876843261945,0.22494903924896403,3.453296283106733e-17,0.35205283799228976,0.19808935432612676
2018-03-12,0.22490876843261945,0.22494903924896403,3.453296283106733e-17,0.35205283799228976,0.19808935432612676
2018-03-13,0.22490876843261945,0.22494903924896403,3.453296283106733e-17,0.35205283799228976,0.19808935432612676
2018-03-14,0.22490876843261945,0.22494903924896403,3.453296283106733e-17,0.35205283799228976,0.19808935432612676
2018-03-15,0.22490876843261945,0.22494903924896403,3.453296283106733e-17,0.35205283799228976,0.19808935432612676
2018-03-16,0.22490876843261945,0.22494903924896403,3.453296283106733e-17,0.35205283799228976,0.19808935432612676
2018-03-19,0.22490876843261945,0.22494903924896403,3.453296283106733e-17,0.35205283799228976,0.19808935432612676
2018-03-20,0.22490876843261945,0.22494903924896403,3.453296283106733e-17,0.35205283799228976,0.19808935432612676
2018-03-21,0.22490876843261945,0.22494903924896403,3.453296283106733e-17,0.35205283799228976,0.19808935432612676
2018-03-22,0.22490876843261945,0.22494903924896403,3.453296283106733e-17,0.35205283799228976,0.19808935432612676
2018-03-23,0.22490876843261945,0.22494903924896403,3.453296283106733e-17,0.35205283799228976,0.19808935432612676
2018-03-26,0.22130534496568197,0.22428559959908814,1.0538025748153366e-17,0.35274703571666177,0.20166201971856823
2018-03-27,0.22130534496568197,0.22428559959908814,1.0538025748153366e-17,0.35274703571666177,0.20166201971856823
2018-03-28,0.22130534496568197,0.22428559959908814,1.0538025748153366e-17,0.35274703571666177,0.20166201971856823
2018-03-29,0.22130534496568197,0.22428559959908814,1.0538025748153366e-17,0.35274703571666177,0.20166201971856823
2018-04-02,0.22130534496568197,0.22428559959908814,1.0538025748153366e-17,0.35274703571666177,0.20166201971856823
2018-04-03,0.22130534496568197,0.22428559959908814,1.0538025748153366e-17,0.35274703571666177,0.20166201971856823
2018-04-04,0.22130534496568197,0.22428559959908814,1.0538025748153366e-17,0.35274703571666177,0.20166201971856823
2018-04-05,0.22130534496568197,0.22428559959908814,1.0538025748153366e-17,0.35274703571666177,0.20166201971856823
2018-04-06,0.22130534496568197,0.22428559959908814,1.0538025748153366e-17,0.35274703571666177,0.20166201971856823
2018-04-09,0.22130534496568197,0.22428559959908814,1.0538025748153366e-17,0.35274703571666177,0.20166201971856823
2018-04-10,0.22130534496568197,0.22428559959908814,1.0538025748153366e-17,0.35274703571666177,0.20166201971856823
2018-04-11,0.22130534496568197,0.22428559959908814,1.0538025748153366e-17,0.35274703571666177,0.20166201971856823
2018-04-12,0.22130534496568197,0.22428559959908814,1.0538025748153366e-17,0.35274703571666177,0.20166201971856823
2018-04-13,0.22130534496568197,0.22428559959908814,1.0538025748153366e-17,0.35274703571666177,0.20166201971856823
2018-04-16,0.22130534496568197,0.22428559959908814,1.0538025748153366e-17,0.35274703571666177,0.20166201971856823
2018-04-17,0.22130534496568197,0.22428559959908814,1.0538025748153366e-17,0.35274703571666177,0.20166201971856823
2018-04-18,0.22130534496568197,0.22428559959908814,1.0538025748153366e-17,0.35274703571666177,0.20166201971856823
2018-04-19,0.22130534496568197,0.22428559959908814,1.0538025748153366e-17,0.35274703571666177,0.20166201971856823
2018-04-20,0.22130534496568197,0.22428559959908814,1.0538025748153366e-17,0.35274703571666177,0.20166201971856823
2018-04-23,0.22130534496568197,0.22428559959908814,1.0538025748153366e-17,0.35274703571666177,0.20166201971856823
2018-04-24,0.22130534496568197,0.22428559959908814,1.0538025748153366e-17,0.35274703571666177,0.20166201971856823
2018-04-25,0.22036453761135028,0.2233682053199728,8.751252162809105e-18,0.3575162150855789,0.19875104198309804
2018-04-26,0.22036453761135028,0.2233682053199728,8.751252162809105e-18,0.3575162150855789,0.19875104198309804
2018-04-27,0.22036453761135028,0.2233682053199728,8.751252162809105e-18,0.3575162150855789,0.19875104198309804
2018-04-30,0.22036453761135028,0.2233682053199728,8.751252162809105e-18,0.3575162150855789,0.19875104198309804
2018-05-02,0.22036453761135028,0.2233682053199728,8.751252162809105e-18,0.3575162150855789,0.19875104198309804
2018-05-03,0.22036453761135028,0.2233682053199728,8.751252162809105e-18,0.3575162150855789,0.19875104198309804
2018-05-04,0.22036453761135028,0.2233682053199728,8.751252162809105e-18,0.3575162150855789,0.19875104198309804
2018-05-07,0.22036453761135028,0.2233682053199728,8.751252162809105e-18,0.3575162150855789,0.19875104198309804
2018-05-08,0.22036453761135028,0.2233682053199728,8.751252162809105e-18,0.3575162150855789,0.19875104198309804
2018-05-09,0.22036453761135028,0.2233682053199728,8.751252162809105e-18,0.3575162150855789,0.19875104198309804
2018-05-10,0.22036453761135028,0.2233682053199728,8.751252162809105e-18,0.3575162150855789,0.19875104198309804
2018-05-11,0.22036453761135028,0.2233682053199728,8.751252162809105e-18,0.3575162150855789,0.19875104198309804
2018-05-14,0.22036453761135028,0.2233682053199728,8.751252162809105e-18,0.3575162150855789,0.19875104198309804
2018-05-15,0.22036453761135028,0.2233682053199728,8.751252162809105e-18,0.3575162150855789,0.19875104198309804
2018-05-16,0.22036453761135028,0.2233682053199728,8.751252162809105e-18,0.3575162150855789,0.19875104198309804
2018-05-17,0.22036453761135028,0.2233682053199728,8.751252162809105e-18,0.3575162150855789,0.19875104198309804
2018-05-18,0.22036453761135028,0.2233682053199728,8.751252162809105e-18,0.3575162150855789,0.19875104198309804
2018-05-21,0.22036453761135028,0.2233682053199728,8.751252162809105e-18,0.3575162150855789,0.19875104198309804
2018-05-22,0.22036453761135028,0.2233682053199728,8.751252162809105e-18,0.3575162150855789,0.19875104198309804
2018-05-23,0.22036453761135028,0.2233682053199728,8.751252162809105e-18,0.3575162150855789,0.19875104198309804
2018-05-24,0.22036453761135028,0.2233682053199728,8.751252162809105e-18,0.3575162150855789,0.19875104198309804
2018-05-25,0.21635174421299494,0.22870135929386604,3.1274701644134736e-18,0.3576257855894414,0.19732111090369767
2018-05-29,0.21635174421299494,0.22870135929386604,3.1274701644134736e-18,0.3576257855894414,0.19732111090369767
2018-05-30,0.21635174421299494,0.22870135929386604,3.1274701644134736e-18,0.3576257855894414,0.19732111090369767
2018-06-01,0.21635174421299494,0.22870135929386604,3.1274701644134736e-18,0.3576257855894414,0.19732111090369767
2018-06-04,0.21635174421299494,0.22870135929386604,3.1274701644134736e-18,0.3576257855894414,0.19732111090369767
2018-06-05,0.21635174421299494,0.22870135929386604,3.1274701644134736e-18,0.3576257855894414,0.19732111090369767
2018-06-06,0.21635174421299494,0.22870135929386604,3.1274701644134736e-18,0.3576257855894414,0.19732111090369767
2018-06-07,0.21635174421299494,0.22870135929386604,3.1274701644134736e-18,0.3576257855894414,0.19732111090369767
2018-06-08,0.21635174421299494,0.22870135929386604,3.1274701644134736e-18,0.3576257855894414,0.19732111090369767
2018-06-11,0.21635174421299494,0.22870135929386604,3.1274701644134736e-18,0.3576257855894414,0.19732111090369767
2018-06-12,0.21635174421299494,0.22870135929386604,3.1274701644134736e-18,0.3576257855894414,0.19732111090369767
2018-06-13,0.21635174421299494,0.22870135929386604,3.1274701644134736e-18,0.3576257855894414,0.19732111090369767
2018-06-14,0.21635174421299494,0.22870135929386604,3.1274701644134736e-18,0.3576257855894414,0.19732111090369767
2018-06-15,0.21635174421299494,0.22870135929386604,3.1274701644134736e-18,0.3576257855894414,0.19732111090369767
2018-06-18,0.21635174421299494,0.22870135929386604,3.1274701644134736e-18,0.3576257855894414,0.19732111090369767
2018-06-19,0.21635174421299494,0.22870135929386604,3.1274701644134736e-18,0.3576257855894414,0.19732111090369767
2018-06-20,0.21635174421299494,0.22870135929386604,3.1274701644134736e-18,0.3576257855894414,0.19732111090369767
2018-06-21,0.21635174421299494,0.22870135929386604,3.1274701644134736e-18,0.3576257855894414,0.19732111090369767
2018-06-22,0.21635174421299494,0.22870135929386604,3.1274701644134736e-18,0.3576257855894414,0.19732111090369767
2018-06-25,0.21635174421299494,0.22870135929386604,3.1274701644134736e-18,0.3576257855894414,0.19732111090369767
2018-06-26,0.21635174421299494,0.22870135929386604,3.1274701644134736e-18,0.3576257855894414,0.19732111090369767
2018-06-27,0.14952396146130414,0.2669135440779266,4.742693923807742e-17,0.39380099667550744,0.18976149778526172
2018-06-28,0.14952396146130414,0.2669135440779266,4.742693923807742e-17,0.39380099667550744,0.18976149778526172
2018-06-29,0.14952396146130414,0.2669135440779266,4.742693923807742e-17,0.39380099667550744,0.18976149778526172
2018-07-02,0.14952396146130414,0.2669135440779266,4.742693923807742e-17,0.39380099667550744,0.18976149778526172
2018-07-03,0.14952396146130414,0.2669135440779266,4.742693923807742e-17,0.39380099667550744,0.18976149778526172
2018-07-05,0.14952396146130414,0.2669135440779266,4.742693923807742e-17,0.39380099667550744,0.18976149778526172
2018-07-06,0.14952396146130414,0.2669135440779266,4.742693923807742e-17,0.39380099667550744,0.18976149778526172
2018-07-10,0.14952396146130414,0.2669135440779266,4.742693923807742e-17,0.39380099667550744,0.18976149778526172
2018-07-11,0.14952396146130414,0.2669135440779266,4.742693923807742e-17,0.39380099667550744,0.18976149778526172
2018-07-12,0.14952396146130414,0.2669135440779266,4.742693923807742e-17,0.39380099667550744,0.18976149778526172
2018-07-13,0.14952396146130414,0.2669135440779266,4.742693923807742e-17,0.39380099667550744,0.18976149778526172
2018-07-16,0.14952396146130414,0.2669135440779266,4.742693923807742e-17,0.39380099667550744,0.18976149778526172
2018-07-17,0.14952396146130414,0.2669135440779266,4.742693923807742e-17,0.39380099667550744,0.18976149778526172
2018-07-18,0.14952396146130414,0.2669135440779266,4.742693923807742e-17,0.39380099667550744,0.18976149778526172
2018-07-19,0.14952396146130414,0.2669135440779266,4.742693923807742e-17,0.39380099667550744,0.18976149778526172
2018-07-20,0.14952396146130414,0.2669135440779266,4.742693923807742e-17,0.39380099667550744,0.18976149778526172
2018-07-23,0.14952396146130414,0.2669135440779266,4.742693923807742e-17,0.39380099667550744,0.18976149778526172
2018-07-24,0.14952396146130414,0.2669135440779266,4.742693923807742e-17,0.39380099667550744,0.18976149778526172
2018-07-25,0.14952396146130414,0.2669135440779266,4.742693923807742e-17,0.39380099667550744,0.18976149778526172
2018-07-26,0.14952396146130414,0.2669135440779266,4.742693923807742e-17,0.39380099667550744,0.18976149778526172
2018-07-27,0.14952396146130414,0.2669135440779266,4.742693923807742e-17,0.39380099667550744,0.18976149778526172
2018-07-30,0.1364055336310712,0.28157565706816773,0.0,0.39106047377769854,0.19095833552306263
2018-07-31,0.1364055336310712,0.28157565706816773,0.0,0.39106047377769854,0.19095833552306263
2018-08-01,0.1364055336310712,0.28157565706816773,0.0,0.39106047377769854,0.19095833552306263
2018-08-02,0.1364055336310712,0.28157565706816773,0.0,0.39106047377769854,0.19095833552306263
2018-08-03,0.1364055336310712,0.28157565706816773,0.0,0.39106047377769854,0.19095833552306263
2018-08-06,0.1364055336310712,0.28157565706816773,0.0,0.39106047377769854,0.19095833552306263
2018-08-07,0.1364055336310712,0.28157565706816773,0.0,0.39106047377769854,0.19095833552306263
2018-08-08,0.1364055336310712,0.28157565706816773,0.0,0.39106047377769854,0.19095833552306263
2018-08-09,0.1364055336310712,0.28157565706816773,0.0,0.39106047377769854,0.19095833552306263
2018-08-10,0.1364055336310712,0.28157565706816773,0.0,0.39106047377769854,0.19095833552306263
2018-08-13,0.1364055336310712,0.28157565706816773,0.0,0.39106047377769854,0.19095833552306263
2018-08-14,0.1364055336310712,0.28157565706816773,0.0,0.39106047377769854,0.19095833552306263
2018-08-15,0.1364055336310712,0.28157565706816773,0.0,0.39106047377769854,0.19095833552306263
2018-08-16,0.1364055336310712,0.28157565706816773,0.0,0.39106047377769854,0.19095833552306263
2018-08-17,0.1364055336310712,0.28157565706816773,0.0,0.39106047377769854,0.19095833552306263
2018-08-20,0.1364055336310712,0.28157565706816773,0.0,0.39106047377769854,0.19095833552306263
2018-08-21,0.1364055336310712,0.28157565706816773,0.0,0.39106047377769854,0.19095833552306263
2018-08-22,0.1364055336310712,0.28157565706816773,0.0,0.39106047377769854,0.19095833552306263
2018-08-23,0.1364055336310712,0.28157565706816773,0.0,0.39106047377769854,0.19095833552306263
2018-08-24,0.1364055336310712,0.28157565706816773,0.0,0.39106047377769854,0.19095833552306263
2018-08-27,0.1364055336310712,0.28157565706816773,0.0,0.39106047377769854,0.19095833552306263
2018-08-28,0.11652291421468365,0.30733052643189746,0.0,0.38528378181291306,0.19086277754050587
2018-08-29,0.11652291421468365,0.30733052643189746,0.0,0.38528378181291306,0.19086277754050587
2018-08-30,0.11652291421468365,0.30733052643189746,0.0,0.38528378181291306,0.19086277754050587
2018-08-31,0.11652291421468365,0.30733052643189746,0.0,0.38528378181291306,0.19086277754050587
2018-09-04,0.11652291421468365,0.30733052643189746,0.0,0.38528378181291306,0.19086277754050587
2018-09-05,0.11652291421468365,0.30733052643189746,0.0,0.38528378181291306,0.19086277754050587
2018-09-06,0.11652291421468365,0.30733052643189746,0.0,0.38528378181291306,0.19086277754050587
2018-09-10,0.11652291421468365,0.30733052643189746,0.0,0.38528378181291306,0.19086277754050587
2018-09-11,0.11652291421468365,0.30733052643189746,0.0,0.38528378181291306,0.19086277754050587
2018-09-12,0.11652291421468365,0.30733052643189746,0.0,0.38528378181291306,0.19086277754050587
2018-09-13,0.11652291421468365,0.30733052643189746,0.0,0.38528378181291306,0.19086277754050587
2018-09-14,0.11652291421468365,0.30733052643189746,0.0,0.38528378181291306,0.19086277754050587
2018-09-17,0.11652291421468365,0.30733052643189746,0.0,0.38528378181291306,0.19086277754050587
2018-09-18,0.11652291421468365,0.30733052643189746,0.0,0.38528378181291306,0.19086277754050587
2018-09-19,0.11652291421468365,0.30733052643189746,0.0,0.38528378181291306,0.19086277754050587
2018-09-20,0.11652291421468365,0.30733052643189746,0.0,0.38528378181291306,0.19086277754050587
2018-09-21,0.11652291421468365,0.30733052643189746,0.0,0.38528378181291306,0.19086277754050587
2018-09-24,0.11652291421468365,0.30733052643189746,0.0,0.38528378181291306,0.19086277754050587
2018-09-25,0.11652291421468365,0.30733052643189746,0.0,0.38528378181291306,0.19086277754050587
2018-09-26,0.11652291421468365,0.30733052643189746,0.0,0.38528378181291306,0.19086277754050587
2018-09-27,0.11652291421468365,0.30733052643189746,0.0,0.38528378181291306,0.19086277754050587
2018-09-28,0.11309167248313724,0.3236988825977424,0.0,0.3743697546530533,0.18883969026606715
2018-10-01,0.11309167248313724,0.3236988825977424,0.0,0.3743697546530533,0.18883969026606715
2018-10-02,0.11309167248313724,0.3236988825977424,0.0,0.3743697546530533,0.18883969026606715
2018-10-03,0.11309167248313724,0.3236988825977424,0.0,0.3743697546530533,0.18883969026606715
2018-10-04,0.11309167248313724,0.3236988825977424,0.0,0.3743697546530533,0.18883969026606715
2018-10-05,0.11309167248313724,0.3236988825977424,0.0,0.3743697546530533,0.18883969026606715
2018-10-08,0.11309167248313724,0.3236988825977424,0.0,0.3743697546530533,0.18883969026606715
2018-10-09,0.11309167248313724,0.3236988825977424,0.0,0.3743697546530533,0.18883969026606715
2018-10-10,0.11309167248313724,0.3236988825977424,0.0,0.3743697546530533,0.18883969026606715
2018-10-11,0.11309167248313724,0.3236988825977424,0.0,0.3743697546530533,0.18883969026606715
2018-10-15,0.11309167248313724,0.3236988825977424,0.0,0.3743697546530533,0.18883969026606715
2018-10-16,0.11309167248313724,0.3236988825977424,0.0,0.3743697546530533,0.18883969026606715
2018-10-17,0.11309167248313724,0.3236988825977424,0.0,0.3743697546530533,0.18883969026606715
2018-10-18,0.11309167248313724,0.3236988825977424,0.0,0.3743697546530533,0.18883969026606715
2018-10-19,0.11309167248313724,0.3236988825977424,0.0,0.3743697546530533,0.18883969026606715
2018-10-22,0.11309167248313724,0.3236988825977424,0.0,0.3743697546530533,0.18883969026606715
2018-10-23,0.11309167248313724,0.3236988825977424,0.0,0.3743697546530533,0.18883969026606715
2018-10-24,0.11309167248313724,0.3236988825977424,0.0,0.3743697546530533,0.18883969026606715
2018-10-25,0.11309167248313724,0.3236988825977424,0.0,0.3743697546530533,0.18883969026606715
2018-10-26,0.11309167248313724,0.3236988825977424,0.0,0.3743697546530533,0.18883969026606715
2018-10-29,0.11309167248313724,0.3236988825977424,0.0,0.3743697546530533,0.18883969026606715
2018-10-30,0.1080040290961156,0.3353288129493717,0.0,0.39311903147990107,0.1635481264746116
2018-10-31,0.1080040290961156,0.3353288129493717,0.0,0.39311903147990107,0.1635481264746116
2018-11-01,0.1080040290961156,0.3353288129493717,0.0,0.39311903147990107,0.1635481264746116
2018-11-05,0.1080040290961156,0.3353288129493717,0.0,0.39311903147990107,0.1635481264746116
2018-11-06,0.1080040290961156,0.3353288129493717,0.0,0.39311903147990107,0.1635481264746116
2018-11-07,0.1080040290961156,0.3353288129493717,0.0,0.39311903147990107,0.1635481264746116
2018-11-08,0.1080040290961156,0.3353288129493717,0.0,0.39311903147990107,0.1635481264746116
2018-11-09,0.1080040290961156,0.3353288129493717,0.0,0.39311903147990107,0.1635481264746116
2018-11-12,0.1080040290961156,0.3353288129493717,0.0,0.39311903147990107,0.1635481264746116
2018-11-13,0.1080040290961156,0.3353288129493717,0.0,0.39311903147990107,0.1635481264746116
2018-11-14,0.1080040290961156,0.3353288129493717,0.0,0.39311903147990107,0.1635481264746116
2018-11-16,0.1080040290961156,0.3353288129493717,0.0,0.39311903147990107,0.1635481264746116
2018-11-19,0.1080040290961156,0.3353288129493717,0.0,0.39311903147990107,0.1635481264746116
2018-11-21,0.1080040290961156,0.3353288129493717,0.0,0.39311903147990107,0.1635481264746116
2018-11-23,0.1080040290961156,0.3353288129493717,0.0,0.39311903147990107,0.1635481264746116
2018-11-26,0.1080040290961156,0.3353288129493717,0.0,0.39311903147990107,0.1635481264746116
2018-11-27,0.1080040290961156,0.3353288129493717,0.0,0.39311903147990107,0.1635481264746116
2018-11-28,0.1080040290961156,0.3353288129493717,0.0,0.39311903147990107,0.1635481264746116
2018-11-29,0.1080040290961156,0.3353288129493717,0.0,0.39311903147990107,0.1635481264746116
2018-11-30,0.1080040290961156,0.3353288129493717,0.0,0.39311903147990107,0.1635481264746116
2018-12-03,0.1080040290961156,0.3353288129493717,0.0,0.39311903147990107,0.1635481264746116
2018-12-04,0.11197051063651477,0.33232994871816607,0.0,0.3985924373483297,0.15710710329698954
2018-12-06,0.11197051063651477,0.33232994871816607,0.0,0.3985924373483297,0.15710710329698954
2018-12-07,0.11197051063651477,0.33232994871816607,0.0,0.3985924373483297,0.15710710329698954
2018-12-10,0.11197051063651477,0.33232994871816607,0.0,0.3985924373483297,0.15710710329698954
2018-12-11,0.11197051063651477,0.33232994871816607,0.0,0.3985924373483297,0.15710710329698954
2018-12-12,0.11197051063651477,0.33232994871816607,0.0,0.3985924373483297,0.15710710329698954
2018-12-13,0.11197051063651477,0.33232994871816607,0.0,0.3985924373483297,0.15710710329698954
2018-12-14,0.11197051063651477,0.33232994871816607,0.0,0.3985924373483297,0.15710710329698954
2018-12-17,0.11197051063651477,0.33232994871816607,0.0,0.3985924373483297,0.15710710329698954
2018-12-18,0.11197051063651477,0.33232994871816607,0.0,0.3985924373483297,0.15710710329698954
2018-12-19,0.11197051063651477,0.33232994871816607,0.0,0.3985924373483297,0.15710710329698954
2018-12-20,0.11197051063651477,0.33232994871816607,0.0,0.3985924373483297,0.15710710329698954
2018-12-21,0.11197051063651477,0.33232994871816607,0.0,0.3985924373483297,0.15710710329698954
2018-12-26,0.11197051063651477,0.33232994871816607,0.0,0.3985924373483297,0.15710710329698954
2018-12-27,0.11197051063651477,0.33232994871816607,0.0,0.3985924373483297,0.15710710329698954
2018-12-28,0.11197051063651477,0.33232994871816607,0.0,0.3985924373483297,0.15710710329698954
2019-01-02,0.11197051063651477,0.33232994871816607,0.0,0.3985924373483297,0.15710710329698954
2019-01-03,0.11197051063651477,0.33232994871816607,0.0,0.3985924373483297,0.15710710329698954
2019-01-04,0.11197051063651477,0.33232994871816607,0.0,0.3985924373483297,0.15710710329698954
2019-01-07,0.11197051063651477,0.33232994871816607,0.0,0.3985924373483297,0.15710710329698954
2019-01-08,0.11197051063651477,0.33232994871816607,0.0,0.3985924373483297,0.15710710329698954
2019-01-09,0.12531190983992252,0.319219862320247,0.0,0.402695475897955,0.15277275194187548
2019-01-10,0.12531190983992252,0.319219862320247,0.0,0.402695475897955,0.15277275194187548
2019-01-11,0.12531190983992252,0.319219862320247,0.0,0.402695475897955,0.15277275194187548
2019-01-14,0.12531190983992252,0.319219862320247,0.0,0.402695475897955,0.15277275194187548
2019-01-15,0.12531190983992252,0.319219862320247,0.0,0.402695475897955,0.15277275194187548
2019-01-16,0.12531190983992252,0.319219862320247,0.0,0.402695475897955,0.15277275194187548
2019-01-17,0.12531190983992252,0.319219862320247,0.0,0.402695475897955,0.15277275194187548
2019-01-18,0.12531190983992252,0.319219862320247,0.0,0.402695475897955,0.15277275194187548
2019-01-22,0.12531190983992252,0.319219862320247,0.0,0.402695475897955,0.15277275194187548
2019-01-23,0.12531190983992252,0.319219862320247,0.0,0.402695475897955,0.15277275194187548
2019-01-24,0.12531190983992252,0.319219862320247,0.0,0.402695475897955,0.15277275194187548
2019-01-28,0.12531190983992252,0.319219862320247,0.0,0.402695475897955,0.15277275194187548
2019-01-29,0.12531190983992252,0.319219862320247,0.0,0.402695475897955,0.15277275194187548
2019-01-30,0.12531190983992252,0.319219862320247,0.0,0.402695475897955,0.15277275194187548
2019-01-31,0.12531190983992252,0.319219862320247,0.0,0.402695475897955,0.15277275194187548
2019-02-01,0.12531190983992252,0.319219862320247,0.0,0.402695475897955,0.15277275194187548
2019-02-04,0.12531190983992252,0.319219862320247,0.0,0.402695475897955,0.15277275194187548
2019-02-05,0.12531190983992252,0.319219862320247,0.0,0.402695475897955,0.15277275194187548
2019-02-06,0.12531190983992252,0.319219862320247,0.0,0.402695475897955,0.15277275194187548
2019-02-07,0.12531190983992252,0.319219862320247,0.0,0.402695475897955,0.15277275194187548
2019-02-08,0.12531190983992252,0.319219862320247,0.0,0.402695475897955,0.15277275194187548
2019-02-11,0.13197266685627002,0.31424166910325485,4.3062643182982715e-17,0.4063608505695417,0.14742481347093342
2019-02-12,0.13197266685627002,0.31424166910325485,4.3062643182982715e-17,0.4063608505695417,0.14742481347093342
2019-02-13,0.13197266685627002,0.31424166910325485,4.3062643182982715e-17,0.4063608505695417,0.14742481347093342
2019-02-14,0.13197266685627002,0.31424166910325485,4.3062643182982715e-17,0.4063608505695417,0.14742481347093342
2019-02-15,0.13197266685627002,0.31424166910325485,4.3062643182982715e-17,0.4063608505695417,0.14742481347093342
2019-02-19,0.13197266685627002,0.31424166910325485,4.3062643182982715e-17,0.4063608505695417,0.14742481347093342
2019-02-20,0.13197266685627002,0.31424166910325485,4.3062643182982715e-17,0.4063608505695417,0.14742481347093342
2019-02-21,0.13197266685627002,0.31424166910325485,4.3062643182982715e-17,0.4063608505695417,0.14742481347093342
2019-02-22,0.13197266685627002,0.31424166910325485,4.3062643182982715e-17,0.4063608505695417,0.14742481347093342
2019-02-25,0.13197266685627002,0.31424166910325485,4.3062643182982715e-17,0.4063608505695417,0.14742481347093342
2019-02-26,0.13197266685627002,0.31424166910325485,4.3062643182982715e-17,0.4063608505695417,0.14742481347093342
2019-02-27,0.13197266685627002,0.31424166910325485,4.3062643182982715e-17,0.4063608505695417,0.14742481347093342
2019-02-28,0.13197266685627002,0.31424166910325485,4.3062643182982715e-17,0.4063608505695417,0.14742481347093342
2019-03-01,0.13197266685627002,0.31424166910325485,4.3062643182982715e-17,0.4063608505695417,0.14742481347093342
2019-03-06,0.13197266685627002,0.31424166910325485,4.3062643182982715e-17,0.4063608505695417,0.14742481347093342
2019-03-07,0.13197266685627002,0.31424166910325485,4.3062643182982715e-17,0.4063608505695417,0.14742481347093342
2019-03-08,0.13197266685627002,0.31424166910325485,4.3062643182982715e-17,0.4063608505695417,0.14742481347093342
2019-03-11,0.13197266685627002,0.31424166910325485,4.3062643182982715e-17,0.4063608505695417,0.14742481347093342
2019-03-12,0.13197266685627002,0.31424166910325485,4.3062643182982715e-17,0.4063608505695417,0.14742481347093342
2019-03-13,0.13197266685627002,0.31424166910325485,4.3062643182982715e-17,0.4063608505695417,0.14742481347093342
2019-03-14,0.13197266685627002,0.31424166910325485,4.3062643182982715e-17,0.4063608505695417,0.14742481347093342
2019-03-15,0.12490188171428297,0.31882371149215677,7.458740593967253e-18,0.38948818721792006,0.1667862195756402
2019-03-18,0.12490188171428297,0.31882371149215677,7.458740593967253e-18,0.38948818721792006,0.1667862195756402
2019-03-19,0.12490188171428297,0.31882371149215677,7.458740593967253e-18,0.38948818721792006,0.1667862195756402
2019-03-20,0.12490188171428297,0.31882371149215677,7.458740593967253e-18,0.38948818721792006,0.1667862195756402
2019-03-21,0.12490188171428297,0.31882371149215677,7.458740593967253e-18,0.38948818721792006,0.1667862195756402
2019-03-22,0.12490188171428297,0.31882371149215677,7.458740593967253e-18,0.38948818721792006,0.1667862195756402
2019-03-25,0.12490188171428297,0.31882371149215677,7.458740593967253e-18,0.38948818721792006,0.1667862195756402
2019-03-26,0.12490188171428297,0.31882371149215677,7.458740593967253e-18,0.38948818721792006,0.1667862195756402
2019-03-27,0.12490188171428297,0.31882371149215677,7.458740593967253e-18,0.38948818721792006,0.1667862195756402
2019-03-28,0.12490188171428297,0.31882371149215677,7.458740593967253e-18,0.38948818721792006,0.1667862195756402
2019-03-29,0.12490188171428297,0.31882371149215677,7.458740593967253e-18,0.38948818721792006,0.1667862195756402
2019-04-01,0.12490188171428297,0.31882371149215677,7.458740593967253e-18,0.38948818721792006,0.1667862195756402
2019-04-02,0.12490188171428297,0.31882371149215677,7.458740593967253e-18,0.38948818721792006,0.1667862195756402
2019-04-03,0.12490188171428297,0.31882371149215677,7.458740593967253e-18,0.38948818721792006,0.1667862195756402
2019-04-04,0.12490188171428297,0.31882371149215677,7.458740593967253e-18,0.38948818721792006,0.1667862195756402
2019-04-05,0.12490188171428297,0.31882371149215677,7.458740593967253e-18,0.38948818721792006,0.1667862195756402
2019-04-08,0.12490188171428297,0.31882371149215677,7.458740593967253e-18,0.38948818721792006,0.1667862195756402
2019-04-09,0.12490188171428297,0.31882371149215677,7.458740593967253e-18,0.38948818721792006,0.1667862195756402
2019-04-10,0.12490188171428297,0.31882371149215677,7.458740593967253e-18,0.38948818721792006,0.1667862195756402
2019-04-11,0.12490188171428297,0.31882371149215677,7.458740593967253e-18,0.38948818721792006,0.1667862195756402
2019-04-12,0.12490188171428297,0.31882371149215677,7.458740593967253e-18,0.38948818721792006,0.1667862195756402
2019-04-15,0.1243804927088048,0.3258814283695924,0.0,0.3949871948907974,0.15475088403080545
2019-04-16,0.1243804927088048,0.3258814283695924,0.0,0.3949871948907974,0.15475088403080545
2019-04-17,0.1243804927088048,0.3258814283695924,0.0,0.3949871948907974,0.15475088403080545
2019-04-18,0.1243804927088048,0.3258814283695924,0.0,0.3949871948907974,0.15475088403080545
2019-04-22,0.1243804927088048,0.3258814283695924,0.0,0.3949871948907974,0.15475088403080545
2019-04-23,0.1243804927088048,0.3258814283695924,0.0,0.3949871948907974,0.15475088403080545
2019-04-24,0.1243804927088048,0.3258814283695924,0.0,0.3949871948907974,0.15475088403080545
2019-04-25,0.1243804927088048,0.3258814283695924,0.0,0.3949871948907974,0.15475088403080545
2019-04-26,0.1243804927088048,0.3258814283695924,0.0,0.3949871948907974,0.15475088403080545
2019-04-29,0.1243804927088048,0.3258814283695924,0.0,0.3949871948907974,0.15475088403080545
2019-04-30,0.1243804927088048,0.3258814283695924,0.0,0.3949871948907974,0.15475088403080545
2019-05-02,0.1243804927088048,0.3258814283695924,0.0,0.3949871948907974,0.15475088403080545
2019-05-03,0.1243804927088048,0.3258814283695924,0.0,0.3949871948907974,0.15475088403080545
2019-05-06,0.1243804927088048,0.3258814283695924,0.0,0.3949871948907974,0.15475088403080545
2019-05-07,0.1243804927088048,0.3258814283695924,0.0,0.3949871948907974,0.15475088403080545
2019-05-08,0.1243804927088048,0.3258814283695924,0.0,0.3949871948907974,0.15475088403080545
2019-05-09,0.1243804927088048,0.3258814283695924,0.0,0.3949871948907974,0.15475088403080545
2019-05-10,0.1243804927088048,0.3258814283695924,0.0,0.3949871948907974,0.15475088403080545
2019-05-13,0.1243804927088048,0.3258814283695924,0.0,0.3949871948907974,0.15475088403080545
2019-05-14,0.1243804927088048,0.3258814283695924,0.0,0.3949871948907974,0.15475088403080545
2019-05-15,0.1243804927088048,0.3258814283695924,0.0,0.3949871948907974,0.15475088403080545
2019-05-16,0.12668647616515638,0.3274863794106706,0.0,0.4021143453876059,0.14371279903656725
2019-05-17,0.12668647616515638,0.3274863794106706,0.0,0.4021143453876059,0.14371279903656725
2019-05-20,0.12668647616515638,0.3274863794106706,0.0,0.4021143453876059,0.14371279903656725
2019-05-21,0.12668647616515638,0.3274863794106706,0.0,0.4021143453876059,0.14371279903656725
2019-05-22,0.12668647616515638,0.3274863794106706,0.0,0.4021143453876059,0.14371279903656725
2019-05-23,0.12668647616515638,0.3274863794106706,0.0,0.4021143453876059,0.14371279903656725
2019-05-24,0.12668647616515638,0.3274863794106706,0.0,0.4021143453876059,0.14371279903656725
2019-05-28,0.12668647616515638,0.3274863794106706,0.0,0.4021143453876059,0.14371279903656725
2019-05-29,0.12668647616515638,0.3274863794106706,0.0,0.4021143453876059,0.14371279903656725
2019-05-30,0.12668647616515638,0.3274863794106706,0.0,0.4021143453876059,0.14371279903656725
2019-05-31,0.12668647616515638,0.3274863794106706,0.0,0.4021143453876059,0.14371279903656725
2019-06-03,0.12668647616515638,0.3274863794106706,0.0,0.4021143453876059,0.14371279903656725
2019-06-04,0.12668647616515638,0.3274863794106706,0.0,0.4021143453876059,0.14371279903656725
2019-06-05,0.12668647616515638,0.3274863794106706,0.0,0.4021143453876059,0.14371279903656725
2019-06-06,0.12668647616515638,0.3274863794106706,0.0,0.4021143453876059,0.14371279903656725
2019-06-07,0.12668647616515638,0.3274863794106706,0.0,0.4021143453876059,0.14371279903656725
2019-06-10,0.12668647616515638,0.3274863794106706,0.0,0.4021143453876059,0.14371279903656725
2019-06-11,0.12668647616515638,0.3274863794106706,0.0,0.4021143453876059,0.14371279903656725
2019-06-12,0.12668647616515638,0.3274863794106706,0.0,0.4021143453876059,0.14371279903656725
2019-06-13,0.12668647616515638,0.3274863794106706,0.0,0.4021143453876059,0.14371279903656725
2019-06-14,0.12668647616515638,0.3274863794106706,0.0,0.4021143453876059,0.14371279903656725
2019-06-17,0.1434881961237243,0.3042651401311357,4.978901478108095e-17,0.3927410961367516,0.15950556760838838
2019-06-18,0.1434881961237243,0.3042651401311357,4.978901478108095e-17,0.3927410961367516,0.15950556760838838
2019-06-19,0.1434881961237243,0.3042651401311357,4.978901478108095e-17,0.3927410961367516,0.15950556760838838
2019-06-21,0.1434881961237243,0.3042651401311357,4.978901478108095e-17,0.3927410961367516,0.15950556760838838
2019-06-24,0.1434881961237243,0.3042651401311357,4.978901478108095e-17,0.3927410961367516,0.15950556760838838
2019-06-25,0.1434881961237243,0.3042651401311357,4.978901478108095e-17,0.3927410961367516,0.15950556760838838
2019-06-26,0.1434881961237243,0.3042651401311357,4.978901478108095e-17,0.3927410961367516,0.15950556760838838
2019-06-27,0.1434881961237243,0.3042651401311357,4.978901478108095e-17,0.3927410961367516,0.15950556760838838
2019-06-28,0.1434881961237243,0.3042651401311357,4.978901478108095e-17,0.3927410961367516,0.15950556760838838
2019-07-01,0.1434881961237243,0.3042651401311357,4.978901478108095e-17,0.3927410961367516,0.15950556760838838
2019-07-02,0.1434881961237243,0.3042651401311357,4.978901478108095e-17,0.3927410961367516,0.15950556760838838
2019-07-03,0.1434881961237243,0.3042651401311357,4.978901478108095e-17,0.3927410961367516,0.15950556760838838
2019-07-05,0.1434881961237243,0.3042651401311357,4.978901478108095e-17,0.3927410961367516,0.15950556760838838
2019-07-08,0.1434881961237243,0.3042651401311357,4.978901478108095e-17,0.3927410961367516,0.15950556760838838
2019-07-10,0.1434881961237243,0.3042651401311357,4.978901478108095e-17,0.3927410961367516,0.15950556760838838
2019-07-11,0.1434881961237243,0.3042651401311357,4.978901478108095e-17,0.3927410961367516,0.15950556760838838
2019-07-12,0.1434881961237243,0.3042651401311357,4.978901478108095e-17,0.3927410961367516,0.15950556760838838
2019-07-15,0.1434881961237243,0.3042651401311357,4.978901478108095e-17,0.3927410961367516,0.15950556760838838
2019-07-16,0.1434881961237243,0.3042651401311357,4.978901478108095e-17,0.3927410961367516,0.15950556760838838
2019-07-17,0.1434881961237243,0.3042651401311357,4.978901478108095e-17,0.3927410961367516,0.15950556760838838
2019-07-18,0.1434881961237243,0.3042651401311357,4.978901478108095e-17,0.3927410961367516,0.15950556760838838
2019-07-19,0.16334604993498997,0.2707991467859314,0.0,0.3817592137197273,0.18409558955935126
2019-07-22,0.16334604993498997,0.2707991467859314,0.0,0.3817592137197273,0.18409558955935126
2019-07-23,0.16334604993498997,0.2707991467859314,0.0,0.3817592137197273,0.18409558955935126
2019-07-24,0.16334604993498997,0.2707991467859314,0.0,0.3817592137197273,0.18409558955935126
2019-07-25,0.16334604993498997,0.2707991467859314,0.0,0.3817592137197273,0.18409558955935126
2019-07-26,0.16334604993498997,0.2707991467859314,0.0,0.3817592137197273,0.18409558955935126
2019-07-29,0.16334604993498997,0.2707991467859314,0.0,0.3817592137197273,0.18409558955935126
2019-07-30,0.16334604993498997,0.2707991467859314,0.0,0.3817592137197273,0.18409558955935126
2019-07-31,0.16334604993498997,0.2707991467859314,0.0,0.3817592137197273,0.18409558955935126
2019-08-01,0.16334604993498997,0.2707991467859314,0.0,0.3817592137197273,0.18409558955935126
2019-08-02,0.16334604993498997,0.2707991467859314,0.0,0.3817592137197273,0.18409558955935126
2019-08-05,0.16334604993498997,0.2707991467859314,0.0,0.3817592137197273,0.18409558955935126
2019-08-06,0.16334604993498997,0.2707991467859314,0.0,0.3817592137197273,0.18409558955935126
2019-08-07,0.16334604993498997,0.2707991467859314,0.0,0.3817592137197273,0.18409558955935126
2019-08-08,0.16334604993498997,0.2707991467859314,0.0,0.3817592137197273,0.18409558955935126
2019-08-09,0.16334604993498997,0.2707991467859314,0.0,0.3817592137197273,0.18409558955935126
2019-08-12,0.16334604993498997,0.2707991467859314,0.0,0.3817592137197273,0.18409558955935126
2019-08-13,0.16334604993498997,0.2707991467859314,0.0,0.3817592137197273,0.18409558955935126
2019-08-14,0.16334604993498997,0.2707991467859314,0.0,0.3817592137197273,0.18409558955935126
2019-08-15,0.16334604993498997,0.2707991467859314,0.0,0.3817592137197273,0.18409558955935126
2019-08-16,0.16334604993498997,0.2707991467859314,0.0,0.3817592137197273,0.18409558955935126
2019-08-19,0.16908832742242982,0.25995696828157516,0.0,0.3918059266140833,0.17914877768191179
2019-08-20,0.16908832742242982,0.25995696828157516,0.0,0.3918059266140833,0.17914877768191179
2019-08-21,0.16908832742242982,0.25995696828157516,0.0,0.3918059266140833,0.17914877768191179
2019-08-22,0.16908832742242982,0.25995696828157516,0.0,0.3918059266140833,0.17914877768191179
2019-08-23,0.16908832742242982,0.25995696828157516,0.0,0.3918059266140833,0.17914877768191179
2019-08-26,0.16908832742242982,0.25995696828157516,0.0,0.3918059266140833,0.17914877768191179
2019-08-27,0.16908832742242982,0.25995696828157516,0.0,0.3918059266140833,0.17914877768191179
2019-08-28,0.16908832742242982,0.25995696828157516,0.0,0.3918059266140833,0.17914877768191179
2019-08-29,0.16908832742242982,0.25995696828157516,0.0,0.3918059266140833,0.17914877768191179
2019-08-30,0.16908832742242982,0.25995696828157516,0.0,0.3918059266140833,0.17914877768191179
2019-09-03,0.16908832742242982,0.25995696828157516,0.0,0.3918059266140833,0.17914877768191179
2019-09-04,0.16908832742242982,0.25995696828157516,0.0,0.3918059266140833,0.17914877768191179
2019-09-05,0.16908832742242982,0.25995696828157516,0.0,0.3918059266140833,0.17914877768191179
2019-09-06,0.16908832742242982,0.25995696828157516,0.0,0.3918059266140833,0.17914877768191179
2019-09-09,0.16908832742242982,0.25995696828157516,0.0,0.3918059266140833,0.17914877768191179
2019-09-10,0.16908832742242982,0.25995696828157516,0.0,0.3918059266140833,0.17914877768191179
2019-09-11,0.16908832742242982,0.25995696828157516,0.0,0.3918059266140833,0.17914877768191179
2019-09-12,0.16908832742242982,0.25995696828157516,0.0,0.3918059266140833,0.17914877768191179
2019-09-13,0.16908832742242982,0.25995696828157516,0.0,0.3918059266140833,0.17914877768191179
2019-09-16,0.16908832742242982,0.25995696828157516,0.0,0.3918059266140833,0.17914877768191179
2019-09-17,0.16908832742242982,0.25995696828157516,0.0,0.3918059266140833,0.17914877768191179
2019-09-18,0.19462996202792457,0.22859866709365054,0.0,0.40069949442310426,0.1760718764553206
2019-09-19,0.19462996202792457,0.22859866709365054,0.0,0.40069949442310426,0.1760718764553206
2019-09-20,0.19462996202792457,0.22859866709365054,0.0,0.40069949442310426,0.1760718764553206
2019-09-23,0.19462996202792457,0.22859866709365054,0.0,0.40069949442310426,0.1760718764553206
2019-09-24,0.19462996202792457,0.22859866709365054,0.0,0.40069949442310426,0.1760718764553206
2019-09-25,0.19462996202792457,0.22859866709365054,0.0,0.40069949442310426,0.1760718764553206
2019-09-26,0.19462996202792457,0.22859866709365054,0.0,0.40069949442310426,0.1760718764553206
2019-09-27,0.19462996202792457,0.22859866709365054,0.0,0.40069949442310426,0.1760718764553206
2019-09-30,0.19462996202792457,0.22859866709365054,0.0,0.40069949442310426,0.1760718764553206
2019-10-01,0.19462996202792457,0.22859866709365054,0.0,0.40069949442310426,0.1760718764553206
2019-10-02,0.19462996202792457,0.22859866709365054,0.0,0.40069949442310426,0.1760718764553206
2019-10-03,0.19462996202792457,0.22859866709365054,0.0,0.40069949442310426,0.1760718764553206
2019-10-04,0.19462996202792457,0.22859866709365054,0.0,0.40069949442310426,0.1760718764553206
2019-10-07,0.19462996202792457,0.22859866709365054,0.0,0.40069949442310426,0.1760718764553206
2019-10-08,0.19462996202792457,0.22859866709365054,0.0,0.40069949442310426,0.1760718764553206
2019-10-09,0.19462996202792457,0.22859866709365054,0.0,0.40069949442310426,0.1760718764553206
2019-10-10,0.19462996202792457,0.22859866709365054,0.0,0.40069949442310426,0.1760718764553206
2019-10-11,0.19462996202792457,0.22859866709365054,0.0,0.40069949442310426,0.1760718764553206
2019-10-14,0.19462996202792457,0.22859866709365054,0.0,0.40069949442310426,0.1760718764553206
2019-10-15,0.19462996202792457,0.22859866709365054,0.0,0.40069949442310426,0.1760718764553206
2019-10-16,0.19462996202792457,0.22859866709365054,0.0,0.40069949442310426,0.1760718764553206
2019-10-17,0.19591216831435435,0.21564052468697403,3.126699828837766e-17,0.408046529653319,0.1804007773453526
2019-10-18,0.19591216831435435,0.21564052468697403,3.126699828837766e-17,0.408046529653319,0.1804007773453526
2019-10-21,0.19591216831435435,0.21564052468697403,3.126699828837766e-17,0.408046529653319,0.1804007773453526
2019-10-22,0.19591216831435435,0.21564052468697403,3.126699828837766e-17,0.408046529653319,0.1804007773453526
2019-10-23,0.19591216831435435,0.21564052468697403,3.126699828837766e-17,0.408046529653319,0.1804007773453526
2019-10-24,0.19591216831435435,0.21564052468697403,3.126699828837766e-17,0.408046529653319,0.1804007773453526
2019-10-25,0.19591216831435435,0.21564052468697403,3.126699828837766e-17,0.408046529653319,0.1804007773453526
2019-10-28,0.19591216831435435,0.21564052468697403,3.126699828837766e-17,0.408046529653319,0.1804007773453526
2019-10-29,0.19591216831435435,0.21564052468697403,3.126699828837766e-17,0.408046529653319,0.1804007773453526
2019-10-30,0.19591216831435435,0.21564052468697403,3.126699828837766e-17,0.408046529653319,0.1804007773453526
2019-10-31,0.19591216831435435,0.21564052468697403,3.126699828837766e-17,0.408046529653319,0.1804007773453526
2019-11-01,0.19591216831435435,0.21564052468697403,3.126699828837766e-17,0.408046529653319,0.1804007773453526
2019-11-04,0.19591216831435435,0.21564052468697403,3.126699828837766e-17,0.408046529653319,0.1804007773453526
2019-11-05,0.19591216831435435,0.21564052468697403,3.126699828837766e-17,0.408046529653319,0.1804007773453526
2019-11-06,0.19591216831435435,0.21564052468697403,3.126699828837766e-17,0.408046529653319,0.1804007773453526
2019-11-07,0.19591216831435435,0.21564052468697403,3.126699828837766e-17,0.408046529653319,0.1804007773453526
2019-11-08,0.19591216831435435,0.21564052468697403,3.126699828837766e-17,0.408046529653319,0.1804007773453526
2019-11-11,0.19591216831435435,0.21564052468697403,3.126699828837766e-17,0.408046529653319,0.1804007773453526
2019-11-12,0.19591216831435435,0.21564052468697403,3.126699828837766e-17,0.408046529653319,0.1804007773453526
2019-11-13,0.19591216831435435,0.21564052468697403,3.126699828837766e-17,0.408046529653319,0.1804007773453526
2019-11-14,0.19591216831435435,0.21564052468697403,3.126699828837766e-17,0.408046529653319,0.1804007773453526
2019-11-18,0.21471769021088719,0.182551613823964,0.0,0.4020093945667649,0.20072130139838404
2019-11-19,0.21471769021088719,0.182551613823964,0.0,0.4020093945667649,0.20072130139838404
2019-11-21,0.21471769021088719,0.182551613823964,0.0,0.4020093945667649,0.20072130139838404
2019-11-22,0.21471769021088719,0.182551613823964,0.0,0.4020093945667649,0.20072130139838404
2019-11-25,0.21471769021088719,0.182551613823964,0.0,0.4020093945667649,0.20072130139838404
2019-11-26,0.21471769021088719,0.182551613823964,0.0,0.4020093945667649,0.20072130139838404
2019-11-27,0.21471769021088719,0.182551613823964,0.0,0.4020093945667649,0.20072130139838404
2019-11-29,0.21471769021088719,0.182551613823964,0.0,0.4020093945667649,0.20072130139838404
2019-12-02,0.21471769021088719,0.182551613823964,0.0,0.4020093945667649,0.20072130139838404
2019-12-03,0.21471769021088719,0.182551613823964,0.0,0.4020093945667649,0.20072130139838404
2019-12-04,0.21471769021088719,0.182551613823964,0.0,0.4020093945667649,0.20072130139838404
2019-12-05,0.21471769021088719,0.182551613823964,0.0,0.4020093945667649,0.20072130139838404
2019-12-06,0.21471769021088719,0.182551613823964,0.0,0.4020093945667649,0.20072130139838404
2019-12-09,0.21471769021088719,0.182551613823964,0.0,0.4020093945667649,0.20072130139838404
2019-12-10,0.21471769021088719,0.182551613823964,0.0,0.4020093945667649,0.20072130139838404
2019-12-11,0.21471769021088719,0.182551613823964,0.0,0.4020093945667649,0.20072130139838404
2019-12-12,0.21471769021088719,0.182551613823964,0.0,0.4020093945667649,0.20072130139838404
2019-12-13,0.21471769021088719,0.182551613823964,0.0,0.4020093945667649,0.20072130139838404
2019-12-16,0.21471769021088719,0.182551613823964,0.0,0.4020093945667649,0.20072130139838404
2019-12-17,0.21471769021088719,0.182551613823964,0.0,0.4020093945667649,0.20072130139838404
2019-12-18,0.21471769021088719,0.182551613823964,0.0,0.4020093945667649,0.20072130139838404
2019-12-19,0.2146143266972498,0.18440917350230002,0.0,0.40075464132410116,0.20022185847634905
2019-12-20,0.2146143266972498,0.18440917350230002,0.0,0.40075464132410116,0.20022185847634905
2019-12-23,0.2146143266972498,0.18440917350230002,0.0,0.40075464132410116,0.20022185847634905
2019-12-26,0.2146143266972498,0.18440917350230002,0.0,0.40075464132410116,0.20022185847634905
2019-12-27,0.2146143266972498,0.18440917350230002,0.0,0.40075464132410116,0.20022185847634905
2019-12-30,0.2146143266972498,0.18440917350230002,0.0,0.40075464132410116,0.20022185847634905
2020-01-02,0.2146143266972498,0.18440917350230002,0.0,0.40075464132410116,0.20022185847634905
2020-01-03,0.2146143266972498,0.18440917350230002,0.0,0.40075464132410116,0.20022185847634905
2020-01-06,0.2146143266972498,0.18440917350230002,0.0,0.40075464132410116,0.20022185847634905
2020-01-07,0.2146143266972498,0.18440917350230002,0.0,0.40075464132410116,0.20022185847634905
2020-01-08,0.2146143266972498,0.18440917350230002,0.0,0.40075464132410116,0.20022185847634905
2020-01-09,0.2146143266972498,0.18440917350230002,0.0,0.40075464132410116,0.20022185847634905
2020-01-10,0.2146143266972498,0.18440917350230002,0.0,0.40075464132410116,0.20022185847634905
2020-01-13,0.2146143266972498,0.18440917350230002,0.0,0.40075464132410116,0.20022185847634905
2020-01-14,0.2146143266972498,0.18440917350230002,0.0,0.40075464132410116,0.20022185847634905
2020-01-15,0.2146143266972498,0.18440917350230002,0.0,0.40075464132410116,0.20022185847634905
2020-01-16,0.2146143266972498,0.18440917350230002,0.0,0.40075464132410116,0.20022185847634905
2020-01-17,0.2146143266972498,0.18440917350230002,0.0,0.40075464132410116,0.20022185847634905
2020-01-21,0.2146143266972498,0.18440917350230002,0.0,0.40075464132410116,0.20022185847634905
2020-01-22,0.2146143266972498,0.18440917350230002,0.0,0.40075464132410116,0.20022185847634905
2020-01-23,0.2146143266972498,0.18440917350230002,0.0,0.40075464132410116,0.20022185847634905
2020-01-24,0.21727075711514623,0.17652396633951736,0.0,0.40542051602183354,0.20078476052350297
2020-01-27,0.21727075711514623,0.17652396633951736,0.0,0.40542051602183354,0.20078476052350297
2020-01-28,0.21727075711514623,0.17652396633951736,0.0,0.40542051602183354,0.20078476052350297
2020-01-29,0.21727075711514623,0.17652396633951736,0.0,0.40542051602183354,0.20078476052350297
2020-01-30,0.21727075711514623,0.17652396633951736,0.0,0.40542051602183354,0.20078476052350297
2020-01-31,0.21727075711514623,0.17652396633951736,0.0,0.40542051602183354,0.20078476052350297
2020-02-03,0.21727075711514623,0.17652396633951736,0.0,0.40542051602183354,0.20078476052350297
2020-02-04,0.21727075711514623,0.17652396633951736,0.0,0.40542051602183354,0.20078476052350297
2020-02-05,0.21727075711514623,0.17652396633951736,0.0,0.40542051602183354,0.20078476052350297
2020-02-06,0.21727075711514623,0.17652396633951736,0.0,0.40542051602183354,0.20078476052350297
2020-02-07,0.21727075711514623,0.17652396633951736,0.0,0.40542051602183354,0.20078476052350297
2020-02-10,0.21727075711514623,0.17652396633951736,0.0,0.40542051602183354,0.20078476052350297
2020-02-11,0.21727075711514623,0.17652396633951736,0.0,0.40542051602183354,0.20078476052350297
2020-02-12,0.21727075711514623,0.17652396633951736,0.0,0.40542051602183354,0.20078476052350297
2020-02-13,0.21727075711514623,0.17652396633951736,0.0,0.40542051602183354,0.20078476052350297
2020-02-14,0.21727075711514623,0.17652396633951736,0.0,0.40542051602183354,0.20078476052350297
2020-02-18,0.21727075711514623,0.17652396633951736,0.0,0.40542051602183354,0.20078476052350297
2020-02-19,0.21727075711514623,0.17652396633951736,0.0,0.40542051602183354,0.20078476052350297
2020-02-20,0.21727075711514623,0.17652396633951736,0.0,0.40542051602183354,0.20078476052350297
2020-02-21,0.21727075711514623,0.17652396633951736,0.0,0.40542051602183354,0.20078476052350297
2020-02-26,0.21727075711514623,0.17652396633951736,0.0,0.40542051602183354,0.20078476052350297
2020-02-27,0.200320303713978,0.1987308484171102,0.0,0.4302916662333902,0.17065718163552168
2020-02-28,0.200320303713978,0.1987308484171102,0.0,0.4302916662333902,0.17065718163552168
2020-03-02,0.200320303713978,0.1987308484171102,0.0,0.4302916662333902,0.17065718163552168
2020-03-03,0.200320303713978,0.1987308484171102,0.0,0.4302916662333902,0.17065718163552168
2020-03-04,0.200320303713978,0.1987308484171102,0.0,0.4302916662333902,0.17065718163552168
2020-03-05,0.200320303713978,0.1987308484171102,0.0,0.4302916662333902,0.17065718163552168
2020-03-06,0.200320303713978,0.1987308484171102,0.0,0.4302916662333902,0.17065718163552168
2020-03-09,0.200320303713978,0.1987308484171102,0.0,0.4302916662333902,0.17065718163552168
2020-03-10,0.200320303713978,0.1987308484171102,0.0,0.4302916662333902,0.17065718163552168
2020-03-11,0.200320303713978,0.1987308484171102,0.0,0.4302916662333902,0.17065718163552168
2020-03-12,0.200320303713978,0.1987308484171102,0.0,0.4302916662333902,0.17065718163552168
2020-03-13,0.200320303713978,0.1987308484171102,0.0,0.4302916662333902,0.17065718163552168
2020-03-16,0.200320303713978,0.1987308484171102,0.0,0.4302916662333902,0.17065718163552168
2020-03-17,0.200320303713978,0.1987308484171102,0.0,0.4302916662333902,0.17065718163552168
2020-03-18,0.200320303713978,0.1987308484171102,0.0,0.4302916662333902,0.17065718163552168
2020-03-19,0.200320303713978,0.1987308484171102,0.0,0.4302916662333902,0.17065718163552168
2020-03-20,0.200320303713978,0.1987308484171102,0.0,0.4302916662333902,0.17065718163552168
2020-03-23,0.200320303713978,0.1987308484171102,0.0,0.4302916662333902,0.17065718163552168
2020-03-24,0.200320303713978,0.1987308484171102,0.0,0.4302916662333902,0.17065718163552168
2020-03-25,0.200320303713978,0.1987308484171102,0.0,0.4302916662333902,0.17065718163552168
2020-03-26,0.200320303713978,0.1987308484171102,0.0,0.4302916662333902,0.17065718163552168
2020-03-27,0.2244162099322353,0.21576713571271516,0.0,0.47139564261134637,0.08842101174370322
2020-03-30,0.2244162099322353,0.21576713571271516,0.0,0.47139564261134637,0.08842101174370322
2020-03-31,0.2244162099322353,0.21576713571271516,0.0,0.47139564261134637,0.08842101174370322
2020-04-01,0.2244162099322353,0.21576713571271516,0.0,0.47139564261134637,0.08842101174370322
2020-04-02,0.2244162099322353,0.21576713571271516,0.0,0.47139564261134637,0.08842101174370322
2020-04-03,0.2244162099322353,0.21576713571271516,0.0,0.47139564261134637,0.08842101174370322
2020-04-06,0.2244162099322353,0.21576713571271516,0.0,0.47139564261134637,0.08842101174370322
2020-04-07,0.2244162099322353,0.21576713571271516,0.0,0.47139564261134637,0.08842101174370322
2020-04-08,0.2244162099322353,0.21576713571271516,0.0,0.47139564261134637,0.08842101174370322
2020-04-09,0.2244162099322353,0.21576713571271516,0.0,0.47139564261134637,0.08842101174370322
2020-04-13,0.2244162099322353,0.21576713571271516,0.0,0.47139564261134637,0.08842101174370322
2020-04-14,0.2244162099322353,0.21576713571271516,0.0,0.47139564261134637,0.08842101174370322
2020-04-15,0.2244162099322353,0.21576713571271516,0.0,0.47139564261134637,0.08842101174370322
2020-04-16,0.2244162099322353,0.21576713571271516,0.0,0.47139564261134637,0.08842101174370322
2020-04-17,0.2244162099322353,0.21576713571271516,0.0,0.47139564261134637,0.08842101174370322
2020-04-20,0.2244162099322353,0.21576713571271516,0.0,0.47139564261134637,0.08842101174370322
2020-04-22,0.2244162099322353,0.21576713571271516,0.0,0.47139564261134637,0.08842101174370322
2020-04-23,0.2244162099322353,0.21576713571271516,0.0,0.47139564261134637,0.08842101174370322
2020-04-24,0.2244162099322353,0.21576713571271516,0.0,0.47139564261134637,0.08842101174370322
2020-04-27,0.2244162099322353,0.21576713571271516,0.0,0.47139564261134637,0.08842101174370322
2020-04-28,0.2244162099322353,0.21576713571271516,0.0,0.47139564261134637,0.08842101174370322
2020-04-29,0.23200025517365166,0.21208145718074706,4.708247534858483e-18,0.471769909955844,0.08414837768975736
2020-04-30,0.23200025517365166,0.21208145718074706,4.708247534858483e-18,0.471769909955844,0.08414837768975736
2020-05-04,0.23200025517365166,0.21208145718074706,4.708247534858483e-18,0.471769909955844,0.08414837768975736
2020-05-05,0.23200025517365166,0.21208145718074706,4.708247534858483e-18,0.471769909955844,0.08414837768975736
2020-05-06,0.23200025517365166,0.21208145718074706,4.708247534858483e-18,0.471769909955844,0.08414837768975736
2020-05-07,0.23200025517365166,0.21208145718074706,4.708247534858483e-18,0.471769909955844,0.08414837768975736
2020-05-08,0.23200025517365166,0.21208145718074706,4.708247534858483e-18,0.471769909955844,0.08414837768975736
2020-05-11,0.23200025517365166,0.21208145718074706,4.708247534858483e-18,0.471769909955844,0.08414837768975736
2020-05-12,0.23200025517365166,0.21208145718074706,4.708247534858483e-18,0.471769909955844,0.08414837768975736
2020-05-13,0.23200025517365166,0.21208145718074706,4.708247534858483e-18,0.471769909955844,0.08414837768975736
2020-05-14,0.23200025517365166,0.21208145718074706,4.708247534858483e-18,0.471769909955844,0.08414837768975736
2020-05-15,0.23200025517365166,0.21208145718074706,4.708247534858483e-18,0.471769909955844,0.08414837768975736
2020-05-18,0.23200025517365166,0.21208145718074706,4.708247534858483e-18,0.471769909955844,0.08414837768975736
2020-05-19,0.23200025517365166,0.21208145718074706,4.708247534858483e-18,0.471769909955844,0.08414837768975736
2020-05-20,0.23200025517365166,0.21208145718074706,4.708247534858483e-18,0.471769909955844,0.08414837768975736
2020-05-21,0.23200025517365166,0.21208145718074706,4.708247534858483e-18,0.471769909955844,0.08414837768975736
2020-05-22,0.23200025517365166,0.21208145718074706,4.708247534858483e-18,0.471769909955844,0.08414837768975736
2020-05-26,0.23200025517365166,0.21208145718074706,4.708247534858483e-18,0.471769909955844,0.08414837768975736
2020-05-27,0.23200025517365166,0.21208145718074706,4.708247534858483e-18,0.471769909955844,0.08414837768975736
2020-05-28,0.23200025517365166,0.21208145718074706,4.708247534858483e-18,0.471769909955844,0.08414837768975736
2020-05-29,0.23200025517365166,0.21208145718074706,4.708247534858483e-18,0.471769909955844,0.08414837768975736
2020-06-01,0.24345540824915457,0.22582683995247743,0.0,0.4787162710393389,0.05200148075902917
2020-06-02,0.24345540824915457,0.22582683995247743,0.0,0.4787162710393389,0.05200148075902917
2020-06-03,0.24345540824915457,0.22582683995247743,0.0,0.4787162710393389,0.05200148075902917
2020-06-04,0.24345540824915457,0.22582683995247743,0.0,0.4787162710393389,0.05200148075902917
2020-06-05,0.24345540824915457,0.22582683995247743,0.0,0.4787162710393389,0.05200148075902917
2020-06-08,0.24345540824915457,0.22582683995247743,0.0,0.4787162710393389,0.05200148075902917
2020-06-09,0.24345540824915457,0.22582683995247743,0.0,0.4787162710393389,0.05200148075902917
2020-06-10,0.24345540824915457,0.22582683995247743,0.0,0.4787162710393389,0.05200148075902917
2020-06-12,0.24345540824915457,0.22582683995247743,0.0,0.4787162710393389,0.05200148075902917
2020-06-15,0.24345540824915457,0.22582683995247743,0.0,0.4787162710393389,0.05200148075902917
2020-06-16,0.24345540824915457,0.22582683995247743,0.0,0.4787162710393389,0.05200148075902917
2020-06-17,0.24345540824915457,0.22582683995247743,0.0,0.4787162710393389,0.05200148075902917
2020-06-18,0.24345540824915457,0.22582683995247743,0.0,0.4787162710393389,0.05200148075902917
2020-06-19,0.24345540824915457,0.22582683995247743,0.0,0.4787162710393389,0.05200148075902917
2020-06-22,0.24345540824915457,0.22582683995247743,0.0,0.4787162710393389,0.05200148075902917
2020-06-23,0.24345540824915457,0.22582683995247743,0.0,0.4787162710393389,0.05200148075902917
2020-06-24,0.24345540824915457,0.22582683995247743,0.0,0.4787162710393389,0.05200148075902917
2020-06-25,0.24345540824915457,0.22582683995247743,0.0,0.4787162710393389,0.05200148075902917
2020-06-26,0.24345540824915457,0.22582683995247743,0.0,0.4787162710393389,0.05200148075902917
2020-06-29,0.24345540824915457,0.22582683995247743,0.0,0.4787162710393389,0.05200148075902917
2020-06-30,0.24345540824915457,0.22582683995247743,0.0,0.4787162710393389,0.05200148075902917
2020-07-01,0.2563910429189888,0.23481386975632024,0.0,0.4868846764450566,0.021910410879634447
2020-07-02,0.2563910429189888,0.23481386975632024,0.0,0.4868846764450566,0.021910410879634447
2020-07-06,0.2563910429189888,0.23481386975632024,0.0,0.4868846764450566,0.021910410879634447
2020-07-07,0.2563910429189888,0.23481386975632024,0.0,0.4868846764450566,0.021910410879634447
2020-07-08,0.2563910429189888,0.23481386975632024,0.0,0.4868846764450566,0.021910410879634447
2020-07-09,0.2563910429189888,0.23481386975632024,0.0,0.4868846764450566,0.021910410879634447
2020-07-10,0.2563910429189888,0.23481386975632024,0.0,0.4868846764450566,0.021910410879634447
2020-07-13,0.2563910429189888,0.23481386975632024,0.0,0.4868846764450566,0.021910410879634447
2020-07-14,0.2563910429189888,0.23481386975632024,0.0,0.4868846764450566,0.021910410879634447
2020-07-15,0.2563910429189888,0.23481386975632024,0.0,0.4868846764450566,0.021910410879634447
2020-07-16,0.2563910429189888,0.23481386975632024,0.0,0.4868846764450566,0.021910410879634447
2020-07-17,0.2563910429189888,0.23481386975632024,0.0,0.4868846764450566,0.021910410879634447
2020-07-20,0.2563910429189888,0.23481386975632024,0.0,0.4868846764450566,0.021910410879634447
2020-07-21,0.2563910429189888,0.23481386975632024,0.0,0.4868846764450566,0.021910410879634447
2020-07-22,0.2563910429189888,0.23481386975632024,0.0,0.4868846764450566,0.021910410879634447
2020-07-23,0.2563910429189888,0.23481386975632024,0.0,0.4868846764450566,0.021910410879634447
2020-07-24,0.2563910429189888,0.23481386975632024,0.0,0.4868846764450566,0.021910410879634447
2020-07-27,0.2563910429189888,0.23481386975632024,0.0,0.4868846764450566,0.021910410879634447
2020-07-28,0.2563910429189888,0.23481386975632024,0.0,0.4868846764450566,0.021910410879634447
2020-07-29,0.2563910429189888,0.23481386975632024,0.0,0.4868846764450566,0.021910410879634447
2020-07-30,0.2563910429189888,0.23481386975632024,0.0,0.4868846764450566,0.021910410879634447
2020-07-31,0.2588888787449431,0.24194643919730144,3.758120466367054e-18,0.4910435637720644,0.008121118285691172
2020-08-03,0.2588888787449431,0.24194643919730144,3.758120466367054e-18,0.4910435637720644,0.008121118285691172
2020-08-04,0.2588888787449431,0.24194643919730144,3.758120466367054e-18,0.4910435637720644,0.008121118285691172
2020-08-05,0.2588888787449431,0.24194643919730144,3.758120466367054e-18,0.4910435637720644,0.008121118285691172
2020-08-06,0.2588888787449431,0.24194643919730144,3.758120466367054e-18,0.4910435637720644,0.008121118285691172
2020-08-07,0.2588888787449431,0.24194643919730144,3.758120466367054e-18,0.4910435637720644,0.008121118285691172
2020-08-10,0.2588888787449431,0.24194643919730144,3.758120466367054e-18,0.4910435637720644,0.008121118285691172
2020-08-11,0.2588888787449431,0.24194643919730144,3.758120466367054e-18,0.4910435637720644,0.008121118285691172
2020-08-12,0.2588888787449431,0.24194643919730144,3.758120466367054e-18,0.4910435637720644,0.008121118285691172
2020-08-13,0.2588888787449431,0.24194643919730144,3.758120466367054e-18,0.4910435637720644,0.008121118285691172
2020-08-14,0.2588888787449431,0.24194643919730144,3.758120466367054e-18,0.4910435637720644,0.008121118285691172
2020-08-17,0.2588888787449431,0.24194643919730144,3.758120466367054e-18,0.4910435637720644,0.008121118285691172
2020-08-18,0.2588888787449431,0.24194643919730144,3.758120466367054e-18,0.4910435637720644,0.008121118285691172
2020-08-19,0.2588888787449431,0.24194643919730144,3.758120466367054e-18,0.4910435637720644,0.008121118285691172
2020-08-20,0.2588888787449431,0.24194643919730144,3.758120466367054e-18,0.4910435637720644,0.008121118285691172
2020-08-21,0.2588888787449431,0.24194643919730144,3.758120466367054e-18,0.4910435637720644,0.008121118285691172
2020-08-24,0.2588888787449431,0.24194643919730144,3.758120466367054e-18,0.4910435637720644,0.008121118285691172
2020-08-25,0.2588888787449431,0.24194643919730144,3.758120466367054e-18,0.4910435637720644,0.008121118285691172
2020-08-26,0.2588888787449431,0.24194643919730144,3.758120466367054e-18,0.4910435637720644,0.008121118285691172
2020-08-27,0.2588888787449431,0.24194643919730144,3.758120466367054e-18,0.4910435637720644,0.008121118285691172
2020-08-28,0.2588888787449431,0.24194643919730144,3.758120466367054e-18,0.4910435637720644,0.008121118285691172
2020-08-31,0.2554574394465566,0.2401252997201771,0.0,0.4880461106884641,0.016371150144802296
2020-09-01,0.2554574394465566,0.2401252997201771,0.0,0.4880461106884641,0.016371150144802296
2020-09-02,0.2554574394465566,0.2401252997201771,0.0,0.4880461106884641,0.016371150144802296
2020-09-03,0.2554574394465566,0.2401252997201771,0.0,0.4880461106884641,0.016371150144802296
2020-09-04,0.2554574394465566,0.2401252997201771,0.0,0.4880461106884641,0.016371150144802296
2020-09-08,0.2554574394465566,0.2401252997201771,0.0,0.4880461106884641,0.016371150144802296
2020-09-09,0.2554574394465566,0.2401252997201771,0.0,0.4880461106884641,0.016371150144802296
2020-09-10,0.2554574394465566,0.2401252997201771,0.0,0.4880461106884641,0.016371150144802296
2020-09-11,0.2554574394465566,0.2401252997201771,0.0,0.4880461106884641,0.016371150144802296
2020-09-14,0.2554574394465566,0.2401252997201771,0.0,0.4880461106884641,0.016371150144802296
2020-09-15,0.2554574394465566,0.2401252997201771,0.0,0.4880461106884641,0.016371150144802296
2020-09-16,0.2554574394465566,0.2401252997201771,0.0,0.4880461106884641,0.016371150144802296
2020-09-17,0.2554574394465566,0.2401252997201771,0.0,0.4880461106884641,0.016371150144802296
2020-09-18,0.2554574394465566,0.2401252997201771,0.0,0.4880461106884641,0.016371150144802296
2020-09-21,0.2554574394465566,0.2401252997201771,0.0,0.4880461106884641,0.016371150144802296
2020-09-22,0.2554574394465566,0.2401252997201771,0.0,0.4880461106884641,0.016371150144802296
2020-09-23,0.2554574394465566,0.2401252997201771,0.0,0.4880461106884641,0.016371150144802296
2020-09-24,0.2554574394465566,0.2401252997201771,0.0,0.4880461106884641,0.016371150144802296
2020-09-25,0.2554574394465566,0.2401252997201771,0.0,0.4880461106884641,0.016371150144802296
2020-09-28,0.2554574394465566,0.2401252997201771,0.0,0.4880461106884641,0.016371150144802296
2020-09-29,0.2554574394465566,0.2401252997201771,0.0,0.4880461106884641,0.016371150144802296
2020-09-30,0.2569685092295993,0.24244926572101677,0.0,0.48988167735559524,0.010700547693788785
2020-10-01,0.2569685092295993,0.24244926572101677,0.0,0.48988167735559524,0.010700547693788785
2020-10-02,0.2569685092295993,0.24244926572101677,0.0,0.48988167735559524,0.010700547693788785
2020-10-05,0.2569685092295993,0.24244926572101677,0.0,0.48988167735559524,0.010700547693788785
2020-10-06,0.2569685092295993,0.24244926572101677,0.0,0.48988167735559524,0.010700547693788785
2020-10-07,0.2569685092295993,0.24244926572101677,0.0,0.48988167735559524,0.010700547693788785
2020-10-08,0.2569685092295993,0.24244926572101677,0.0,0.48988167735559524,0.010700547693788785
2020-10-09,0.2569685092295993,0.24244926572101677,0.0,0.48988167735559524,0.010700547693788785
2020-10-13,0.2569685092295993,0.24244926572101677,0.0,0.48988167735559524,0.010700547693788785
2020-10-14,0.2569685092295993,0.24244926572101677,0.0,0.48988167735559524,0.010700547693788785
2020-10-15,0.2569685092295993,0.24244926572101677,0.0,0.48988167735559524,0.010700547693788785
2020-10-16,0.2569685092295993,0.24244926572101677,0.0,0.48988167735559524,0.010700547693788785
2020-10-19,0.2569685092295993,0.24244926572101677,0.0,0.48988167735559524,0.010700547693788785
2020-10-20,0.2569685092295993,0.24244926572101677,0.0,0.48988167735559524,0.010700547693788785
2020-10-21,0.2569685092295993,0.24244926572101677,0.0,0.48988167735559524,0.010700547693788785
2020-10-22,0.2569685092295993,0.24244926572101677,0.0,0.48988167735559524,0.010700547693788785
2020-10-23,0.2569685092295993,0.24244926572101677,0.0,0.48988167735559524,0.010700547693788785
2020-10-26,0.2569685092295993,0.24244926572101677,0.0,0.48988167735559524,0.010700547693788785
2020-10-27,0.2569685092295993,0.24244926572101677,0.0,0.48988167735559524,0.010700547693788785
2020-10-28,0.2569685092295993,0.24244926572101677,0.0,0.48988167735559524,0.010700547693788785
2020-10-29,0.2569685092295993,0.24244926572101677,0.0,0.48988167735559524,0.010700547693788785
2020-10-30,0.2593070450153505,0.2461587303703774,0.0,0.49305822583054254,0.001475998783729641
2020-11-03,0.2593070450153505,0.2461587303703774,0.0,0.49305822583054254,0.001475998783729641
2020-11-04,0.2593070450153505,0.2461587303703774,0.0,0.49305822583054254,0.001475998783729641
2020-11-05,0.2593070450153505,0.2461587303703774,0.0,0.49305822583054254,0.001475998783729641
2020-11-06,0.2593070450153505,0.2461587303703774,0.0,0.49305822583054254,0.001475998783729641
2020-11-09,0.2593070450153505,0.2461587303703774,0.0,0.49305822583054254,0.001475998783729641
2020-11-10,0.2593070450153505,0.2461587303703774,0.0,0.49305822583054254,0.001475998783729641
2020-11-11,0.2593070450153505,0.2461587303703774,0.0,0.49305822583054254,0.001475998783729641
2020-11-12,0.2593070450153505,0.2461587303703774,0.0,0.49305822583054254,0.001475998783729641
2020-11-13,0.2593070450153505,0.2461587303703774,0.0,0.49305822583054254,0.001475998783729641
2020-11-16,0.2593070450153505,0.2461587303703774,0.0,0.49305822583054254,0.001475998783729641
2020-11-17,0.2593070450153505,0.2461587303703774,0.0,0.49305822583054254,0.001475998783729641
2020-11-18,0.2593070450153505,0.2461587303703774,0.0,0.49305822583054254,0.001475998783729641
2020-11-19,0.2593070450153505,0.2461587303703774,0.0,0.49305822583054254,0.001475998783729641
2020-11-20,0.2593070450153505,0.2461587303703774,0.0,0.49305822583054254,0.001475998783729641
2020-11-23,0.2593070450153505,0.2461587303703774,0.0,0.49305822583054254,0.001475998783729641
2020-11-24,0.2593070450153505,0.2461587303703774,0.0,0.49305822583054254,0.001475998783729641
2020-11-25,0.2593070450153505,0.2461587303703774,0.0,0.49305822583054254,0.001475998783729641
2020-11-27,0.2593070450153505,0.2461587303703774,0.0,0.49305822583054254,0.001475998783729641
2020-11-30,0.2593070450153505,0.2461587303703774,0.0,0.49305822583054254,0.001475998783729641
2020-12-01,0.2593070450153505,0.2461587303703774,0.0,0.49305822583054254,0.001475998783729641
2020-12-02,0.256898746553798,0.24944141183741633,0.0,0.4936598416087856,8.625716816050248e-18
2020-12-03,0.256898746553798,0.24944141183741633,0.0,0.4936598416087856,8.625716816050248e-18
2020-12-04,0.256898746553798,0.24944141183741633,0.0,0.4936598416087856,8.625716816050248e-18
2020-12-07,0.256898746553798,0.24944141183741633,0.0,0.4936598416087856,8.625716816050248e-18
2020-12-08,0.256898746553798,0.24944141183741633,0.0,0.4936598416087856,8.625716816050248e-18
2020-12-09,0.256898746553798,0.24944141183741633,0.0,0.4936598416087856,8.625716816050248e-18
2020-12-10,0.256898746553798,0.24944141183741633,0.0,0.4936598416087856,8.625716816050248e-18
2020-12-11,0.256898746553798,0.24944141183741633,0.0,0.4936598416087856,8.625716816050248e-18
2020-12-14,0.256898746553798,0.24944141183741633,0.0,0.4936598416087856,8.625716816050248e-18
2020-12-15,0.256898746553798,0.24944141183741633,0.0,0.4936598416087856,8.625716816050248e-18
2020-12-16,0.256898746553798,0.24944141183741633,0.0,0.4936598416087856,8.625716816050248e-18
2020-12-17,0.256898746553798,0.24944141183741633,0.0,0.4936598416087856,8.625716816050248e-18
2020-12-18,0.256898746553798,0.24944141183741633,0.0,0.4936598416087856,8.625716816050248e-18
2020-12-21,0.256898746553798,0.24944141183741633,0.0,0.4936598416087856,8.625716816050248e-18
2020-12-22,0.256898746553798,0.24944141183741633,0.0,0.4936598416087856,8.625716816050248e-18
2020-12-23,0.256898746553798,0.24944141183741633,0.0,0.4936598416087856,8.625716816050248e-18
2020-12-28,0.256898746553798,0.24944141183741633,0.0,0.4936598416087856,8.625716816050248e-18
2020-12-29,0.256898746553798,0.24944141183741633,0.0,0.4936598416087856,8.625716816050248e-18
2020-12-30,0.256898746553798,0.24944141183741633,0.0,0.4936598416087856,8.625716816050248e-18
2021-01-04,0.256898746553798,0.24944141183741633,0.0,0.4936598416087856,8.625716816050248e-18
2021-01-05,0.256898746553798,0.24944141183741633,0.0,0.4936598416087856,8.625716816050248e-18
2021-01-06,0.2520320262894729,0.25433226383813623,1.4221046111718045e-17,0.49363570987239075,3.0604141252034288e-18
2021-01-07,0.2520320262894729,0.25433226383813623,1.4221046111718045e-17,0.49363570987239075,3.0604141252034288e-18
2021-01-08,0.2520320262894729,0.25433226383813623,1.4221046111718045e-17,0.49363570987239075,3.0604141252034288e-18
2021-01-11,0.2520320262894729,0.25433226383813623,1.4221046111718045e-17,0.49363570987239075,3.0604141252034288e-18
2021-01-12,0.2520320262894729,0.25433226383813623,1.4221046111718045e-17,0.49363570987239075,3.0604141252034288e-18
2021-01-13,0.2520320262894729,0.25433226383813623,1.4221046111718045e-17,0.49363570987239075,3.0604141252034288e-18
2021-01-14,0.2520320262894729,0.25433226383813623,1.4221046111718045e-17,0.49363570987239075,3.0604141252034288e-18
2021-01-15,0.2520320262894729,0.25433226383813623,1.4221046111718045e-17,0.49363570987239075,3.0604141252034288e-18
2021-01-19,0.2520320262894729,0.25433226383813623,1.4221046111718045e-17,0.49363570987239075,3.0604141252034288e-18
2021-01-20,0.2520320262894729,0.25433226383813623,1.4221046111718045e-17,0.49363570987239075,3.0604141252034288e-18
2021-01-21,0.2520320262894729,0.25433226383813623,1.4221046111718045e-17,0.49363570987239075,3.0604141252034288e-18
2021-01-22,0.2520320262894729,0.25433226383813623,1.4221046111718045e-17,0.49363570987239075,3.0604141252034288e-18
2021-01-26,0.2520320262894729,0.25433226383813623,1.4221046111718045e-17,0.49363570987239075,3.0604141252034288e-18
2021-01-27,0.2520320262894729,0.25433226383813623,1.4221046111718045e-17,0.49363570987239075,3.0604141252034288e-18
2021-01-28,0.2520320262894729,0.25433226383813623,1.4221046111718045e-17,0.49363570987239075,3.0604141252034288e-18
2021-01-29,0.2520320262894729,0.25433226383813623,1.4221046111718045e-17,0.49363570987239075,3.0604141252034288e-18
2021-02-01,0.2520320262894729,0.25433226383813623,1.4221046111718045e-17,0.49363570987239075,3.0604141252034288e-18
2021-02-02,0.2520320262894729,0.25433226383813623,1.4221046111718045e-17,0.49363570987239075,3.0604141252034288e-18
2021-02-03,0.2520320262894729,0.25433226383813623,1.4221046111718045e-17,0.49363570987239075,3.0604141252034288e-18
2021-02-04,0.2520320262894729,0.25433226383813623,1.4221046111718045e-17,0.49363570987239075,3.0604141252034288e-18
2021-02-05,0.2520320262894729,0.25433226383813623,1.4221046111718045e-17,0.49363570987239075,3.0604141252034288e-18
2021-02-08,0.23615508802858926,0.27008645600338227,4.1914511262533663e-17,0.49375845596802853,0.0
2021-02-09,0.23615508802858926,0.27008645600338227,4.1914511262533663e-17,0.49375845596802853,0.0
2021-02-10,0.23615508802858926,0.27008645600338227,4.1914511262533663e-17,0.49375845596802853,0.0
2021-02-11,0.23615508802858926,0.27008645600338227,4.1914511262533663e-17,0.49375845596802853,0.0
2021-02-12,0.23615508802858926,0.27008645600338227,4.1914511262533663e-17,0.49375845596802853,0.0
2021-02-17,0.23615508802858926,0.27008645600338227,4.1914511262533663e-17,0.49375845596802853,0.0
2021-02-18,0.23615508802858926,0.27008645600338227,4.1914511262533663e-17,0.49375845596802853,0.0
2021-02-19,0.23615508802858926,0.27008645600338227,4.1914511262533663e-17,0.49375845596802853,0.0
2021-02-22,0.23615508802858926,0.27008645600338227,4.1914511262533663e-17,0.49375845596802853,0.0
2021-02-23,0.23615508802858926,0.27008645600338227,4.1914511262533663e-17,0.49375845596802853,0.0
2021-02-24,0.23615508802858926,0.27008645600338227,4.1914511262533663e-17,0.49375845596802853,0.0
2021-02-25,0.23615508802858926,0.27008645600338227,4.1914511262533663e-17,0.49375845596802853,0.0
2021-02-26,0.23615508802858926,0.27008645600338227,4.1914511262533663e-17,0.49375845596802853,0.0
2021-03-01,0.23615508802858926,0.27008645600338227,4.1914511262533663e-17,0.49375845596802853,0.0
2021-03-02,0.23615508802858926,0.27008645600338227,4.1914511262533663e-17,0.49375845596802853,0.0
2021-03-03,0.23615508802858926,0.27008645600338227,4.1914511262533663e-17,0.49375845596802853,0.0
2021-03-04,0.23615508802858926,0.27008645600338227,4.1914511262533663e-17,0.49375845596802853,0.0
2021-03-05,0.23615508802858926,0.27008645600338227,4.1914511262533663e-17,0.49375845596802853,0.0
2021-03-08,0.23615508802858926,0.27008645600338227,4.1914511262533663e-17,0.49375845596802853,0.0
2021-03-09,0.23615508802858926,0.27008645600338227,4.1914511262533663e-17,0.49375845596802853,0.0
2021-03-10,0.23615508802858926,0.27008645600338227,4.1914511262533663e-17,0.49375845596802853,0.0
2021-03-11,0.23182295421289875,0.27464978060057355,3.483333422754273e-17,0.4935272651865278,0.0
2021-03-12,0.23182295421289875,0.27464978060057355,3.483333422754273e-17,0.4935272651865278,0.0
2021-03-15,0.23182295421289875,0.27464978060057355,3.483333422754273e-17,0.4935272651865278,0.0
2021-03-16,0.23182295421289875,0.27464978060057355,3.483333422754273e-17,0.4935272651865278,0.0
2021-03-17,0.23182295421289875,0.27464978060057355,3.483333422754273e-17,0.4935272651865278,0.0
2021-03-18,0.23182295421289875,0.27464978060057355,3.483333422754273e-17,0.4935272651865278,0.0
2021-03-19,0.23182295421289875,0.27464978060057355,3.483333422754273e-17,0.4935272651865278,0.0
2021-03-22,0.23182295421289875,0.27464978060057355,3.483333422754273e-17,0.4935272651865278,0.0
2021-03-23,0.23182295421289875,0.27464978060057355,3.483333422754273e-17,0.4935272651865278,0.0
2021-03-24,0.23182295421289875,0.27464978060057355,3.483333422754273e-17,0.4935272651865278,0.0
2021-03-25,0.23182295421289875,0.27464978060057355,3.483333422754273e-17,0.4935272651865278,0.0
2021-03-26,0.23182295421289875,0.27464978060057355,3.483333422754273e-17,0.4935272651865278,0.0
2021-03-29,0.23182295421289875,0.27464978060057355,3.483333422754273e-17,0.4935272651865278,0.0
2021-03-30,0.23182295421289875,0.27464978060057355,3.483333422754273e-17,0.4935272651865278,0.0
2021-03-31,0.23182295421289875,0.27464978060057355,3.483333422754273e-17,0.4935272651865278,0.0
2021-04-01,0.23182295421289875,0.27464978060057355,3.483333422754273e-17,0.4935272651865278,0.0
2021-04-05,0.23182295421289875,0.27464978060057355,3.483333422754273e-17,0.4935272651865278,0.0
2021-04-06,0.23182295421289875,0.27464978060057355,3.483333422754273e-17,0.4935272651865278,0.0
2021-04-07,0.23182295421289875,0.27464978060057355,3.483333422754273e-17,0.4935272651865278,0.0
2021-04-08,0.23182295421289875,0.27464978060057355,3.483333422754273e-17,0.4935272651865278,0.0
2021-04-09,0.23182295421289875,0.27464978060057355,3.483333422754273e-17,0.4935272651865278,0.0
2021-04-12,0.13973693699139927,0.34495092813843825,0.0,0.46807948140383715,0.04723265346632542
2021-04-13,0.13973693699139927,0.34495092813843825,0.0,0.46807948140383715,0.04723265346632542
2021-04-14,0.13973693699139927,0.34495092813843825,0.0,0.46807948140383715,0.04723265346632542
2021-04-15,0.13973693699139927,0.34495092813843825,0.0,0.46807948140383715,0.04723265346632542
2021-04-16,0.13973693699139927,0.34495092813843825,0.0,0.46807948140383715,0.04723265346632542
2021-04-19,0.13973693699139927,0.34495092813843825,0.0,0.46807948140383715,0.04723265346632542
2021-04-20,0.13973693699139927,0.34495092813843825,0.0,0.46807948140383715,0.04723265346632542
2021-04-22,0.13973693699139927,0.34495092813843825,0.0,0.46807948140383715,0.04723265346632542
2021-04-23,0.13973693699139927,0.34495092813843825,0.0,0.46807948140383715,0.04723265346632542
2021-04-26,0.13973693699139927,0.34495092813843825,0.0,0.46807948140383715,0.04723265346632542
2021-04-27,0.13973693699139927,0.34495092813843825,0.0,0.46807948140383715,0.04723265346632542
2021-04-28,0.13973693699139927,0.34495092813843825,0.0,0.46807948140383715,0.04723265346632542
2021-04-29,0.13973693699139927,0.34495092813843825,0.0,0.46807948140383715,0.04723265346632542
2021-04-30,0.13973693699139927,0.34495092813843825,0.0,0.46807948140383715,0.04723265346632542
2021-05-03,0.13973693699139927,0.34495092813843825,0.0,0.46807948140383715,0.04723265346632542
2021-05-04,0.13973693699139927,0.34495092813843825,0.0,0.46807948140383715,0.04723265346632542
2021-05-05,0.13973693699139927,0.34495092813843825,0.0,0.46807948140383715,0.04723265346632542
2021-05-06,0.13973693699139927,0.34495092813843825,0.0,0.46807948140383715,0.04723265346632542
2021-05-07,0.13973693699139927,0.34495092813843825,0.0,0.46807948140383715,0.04723265346632542
2021-05-10,0.13973693699139927,0.34495092813843825,0.0,0.46807948140383715,0.04723265346632542
2021-05-11,0.13973693699139927,0.34495092813843825,0.0,0.46807948140383715,0.04723265346632542
2021-05-12,0.11750103605747748,0.3698862427482743,2.0385168166482976e-17,0.4688062216540035,0.043806499540244764
2021-05-13,0.11750103605747748,0.3698862427482743,2.0385168166482976e-17,0.4688062216540035,0.043806499540244764
2021-05-14,0.11750103605747748,0.3698862427482743,2.0385168166482976e-17,0.4688062216540035,0.043806499540244764
2021-05-17,0.11750103605747748,0.3698862427482743,2.0385168166482976e-17,0.4688062216540035,0.043806499540244764
2021-05-18,0.11750103605747748,0.3698862427482743,2.0385168166482976e-17,0.4688062216540035,0.043806499540244764
2021-05-19,0.11750103605747748,0.3698862427482743,2.0385168166482976e-17,0.4688062216540035,0.043806499540244764
2021-05-20,0.11750103605747748,0.3698862427482743,2.0385168166482976e-17,0.4688062216540035,0.043806499540244764
2021-05-21,0.11750103605747748,0.3698862427482743,2.0385168166482976e-17,0.4688062216540035,0.043806499540244764
2021-05-24,0.11750103605747748,0.3698862427482743,2.0385168166482976e-17,0.4688062216540035,0.043806499540244764
2021-05-25,0.11750103605747748,0.3698862427482743,2.0385168166482976e-17,0.4688062216540035,0.043806499540244764
2021-05-26,0.11750103605747748,0.3698862427482743,2.0385168166482976e-17,0.4688062216540035,0.043806499540244764
2021-05-27,0.11750103605747748,0.3698862427482743,2.0385168166482976e-17,0.4688062216540035,0.043806499540244764
2021-05-28,0.11750103605747748,0.3698862427482743,2.0385168166482976e-17,0.4688062216540035,0.043806499540244764
2021-06-01,0.11750103605747748,0.3698862427482743,2.0385168166482976e-17,0.4688062216540035,0.043806499540244764
2021-06-02,0.11750103605747748,0.3698862427482743,2.0385168166482976e-17,0.4688062216540035,0.043806499540244764
2021-06-04,0.11750103605747748,0.3698862427482743,2.0385168166482976e-17,0.4688062216540035,0.043806499540244764
2021-06-07,0.11750103605747748,0.3698862427482743,2.0385168166482976e-17,0.4688062216540035,0.043806499540244764
2021-06-08,0.11750103605747748,0.3698862427482743,2.0385168166482976e-17,0.4688062216540035,0.043806499540244764
2021-06-09,0.11750103605747748,0.3698862427482743,2.0385168166482976e-17,0.4688062216540035,0.043806499540244764
2021-06-10,0.11750103605747748,0.3698862427482743,2.0385168166482976e-17,0.4688062216540035,0.043806499540244764
2021-06-11,0.11750103605747748,0.3698862427482743,2.0385168166482976e-17,0.4688062216540035,0.043806499540244764
2021-06-14,0.12691618260142382,0.3496051177997605,0.0,0.4460056263334501,0.07747307326536561
2021-06-15,0.12691618260142382,0.3496051177997605,0.0,0.4460056263334501,0.07747307326536561
2021-06-16,0.12691618260142382,0.3496051177997605,0.0,0.4460056263334501,0.07747307326536561
2021-06-17,0.12691618260142382,0.3496051177997605,0.0,0.4460056263334501,0.07747307326536561
2021-06-18,0.12691618260142382,0.3496051177997605,0.0,0.4460056263334501,0.07747307326536561
2021-06-21,0.12691618260142382,0.3496051177997605,0.0,0.4460056263334501,0.07747307326536561
2021-06-22,0.12691618260142382,0.3496051177997605,0.0,0.4460056263334501,0.07747307326536561
2021-06-23,0.12691618260142382,0.3496051177997605,0.0,0.4460056263334501,0.07747307326536561
2021-06-24,0.12691618260142382,0.3496051177997605,0.0,0.4460056263334501,0.07747307326536561
2021-06-25,0.12691618260142382,0.3496051177997605,0.0,0.4460056263334501,0.07747307326536561
2021-06-28,0.12691618260142382,0.3496051177997605,0.0,0.4460056263334501,0.07747307326536561
2021-06-29,0.12691618260142382,0.3496051177997605,0.0,0.4460056263334501,0.07747307326536561
2021-06-30,0.12691618260142382,0.3496051177997605,0.0,0.4460056263334501,0.07747307326536561
2021-07-01,0.12691618260142382,0.3496051177997605,0.0,0.4460056263334501,0.07747307326536561
2021-07-02,0.12691618260142382,0.3496051177997605,0.0,0.4460056263334501,0.07747307326536561
2021-07-06,0.12691618260142382,0.3496051177997605,0.0,0.4460056263334501,0.07747307326536561
2021-07-07,0.12691618260142382,0.3496051177997605,0.0,0.4460056263334501,0.07747307326536561
2021-07-08,0.12691618260142382,0.3496051177997605,0.0,0.4460056263334501,0.07747307326536561
2021-07-12,0.12691618260142382,0.3496051177997605,0.0,0.4460056263334501,0.07747307326536561
2021-07-13,0.12691618260142382,0.3496051177997605,0.0,0.4460056263334501,0.07747307326536561
2021-07-14,0.12691618260142382,0.3496051177997605,0.0,0.4460056263334501,0.07747307326536561
2021-07-15,0.0874091227803523,0.38052280790818627,0.0,0.4253028931981734,0.10676517611328815
2021-07-16,0.0874091227803523,0.38052280790818627,0.0,0.4253028931981734,0.10676517611328815
2021-07-19,0.0874091227803523,0.38052280790818627,0.0,0.4253028931981734,0.10676517611328815
2021-07-20,0.0874091227803523,0.38052280790818627,0.0,0.4253028931981734,0.10676517611328815
2021-07-21,0.0874091227803523,0.38052280790818627,0.0,0.4253028931981734,0.10676517611328815
2021-07-22,0.0874091227803523,0.38052280790818627,0.0,0.4253028931981734,0.10676517611328815
2021-07-23,0.0874091227803523,0.38052280790818627,0.0,0.4253028931981734,0.10676517611328815
2021-07-26,0.0874091227803523,0.38052280790818627,0.0,0.4253028931981734,0.10676517611328815
2021-07-27,0.0874091227803523,0.38052280790818627,0.0,0.4253028931981734,0.10676517611328815
2021-07-28,0.0874091227803523,0.38052280790818627,0.0,0.4253028931981734,0.10676517611328815
2021-07-29,0.0874091227803523,0.38052280790818627,0.0,0.4253028931981734,0.10676517611328815
2021-07-30,0.0874091227803523,0.38052280790818627,0.0,0.4253028931981734,0.10676517611328815
2021-08-02,0.0874091227803523,0.38052280790818627,0.0,0.4253028931981734,0.10676517611328815
2021-08-03,0.0874091227803523,0.38052280790818627,0.0,0.4253028931981734,0.10676517611328815
2021-08-04,0.0874091227803523,0.38052280790818627,0.0,0.4253028931981734,0.10676517611328815
2021-08-05,0.0874091227803523,0.38052280790818627,0.0,0.4253028931981734,0.10676517611328815
2021-08-06,0.0874091227803523,0.38052280790818627,0.0,0.4253028931981734,0.10676517611328815
2021-08-09,0.0874091227803523,0.38052280790818627,0.0,0.4253028931981734,0.10676517611328815
2021-08-10,0.0874091227803523,0.38052280790818627,0.0,0.4253028931981734,0.10676517611328815
2021-08-11,0.0874091227803523,0.38052280790818627,0.0,0.4253028931981734,0.10676517611328815
2021-08-12,0.0874091227803523,0.38052280790818627,0.0,0.4253028931981734,0.10676517611328815
2021-08-13,0.08199553430857766,0.3843404527286344,1.2750384738923795e-18,0.42151989706643317,0.11214411589635465
2021-08-16,0.08199553430857766,0.3843404527286344,1.2750384738923795e-18,0.42151989706643317,0.11214411589635465
2021-08-17,0.08199553430857766,0.3843404527286344,1.2750384738923795e-18,0.42151989706643317,0.11214411589635465
2021-08-18,0.08199553430857766,0.3843404527286344,1.2750384738923795e-18,0.42151989706643317,0.11214411589635465
2021-08-19,0.08199553430857766,0.3843404527286344,1.2750384738923795e-18,0.42151989706643317,0.11214411589635465
2021-08-20,0.08199553430857766,0.3843404527286344,1.2750384738923795e-18,0.42151989706643317,0.11214411589635465
2021-08-23,0.08199553430857766,0.3843404527286344,1.2750384738923795e-18,0.42151989706643317,0.11214411589635465
2021-08-24,0.08199553430857766,0.3843404527286344,1.2750384738923795e-18,0.42151989706643317,0.11214411589635465
2021-08-25,0.08199553430857766,0.3843404527286344,1.2750384738923795e-18,0.42151989706643317,0.11214411589635465
2021-08-26,0.08199553430857766,0.3843404527286344,1.2750384738923795e-18,0.42151989706643317,0.11214411589635465
2021-08-27,0.08199553430857766,0.3843404527286344,1.2750384738923795e-18,0.42151989706643317,0.11214411589635465
2021-08-30,0.08199553430857766,0.3843404527286344,1.2750384738923795e-18,0.42151989706643317,0.11214411589635465
2021-08-31,0.08199553430857766,0.3843404527286344,1.2750384738923795e-18,0.42151989706643317,0.11214411589635465
2021-09-01,0.08199553430857766,0.3843404527286344,1.2750384738923795e-18,0.42151989706643317,0.11214411589635465
2021-09-02,0.08199553430857766,0.3843404527286344,1.2750384738923795e-18,0.42151989706643317,0.11214411589635465
2021-09-03,0.08199553430857766,0.3843404527286344,1.2750384738923795e-18,0.42151989706643317,0.11214411589635465
2021-09-08,0.08199553430857766,0.3843404527286344,1.2750384738923795e-18,0.42151989706643317,0.11214411589635465
2021-09-09,0.08199553430857766,0.3843404527286344,1.2750384738923795e-18,0.42151989706643317,0.11214411589635465
2021-09-10,0.08199553430857766,0.3843404527286344,1.2750384738923795e-18,0.42151989706643317,0.11214411589635465
2021-09-13,0.08199553430857766,0.3843404527286344,1.2750384738923795e-18,0.42151989706643317,0.11214411589635465
2021-09-14,0.08199553430857766,0.3843404527286344,1.2750384738923795e-18,0.42151989706643317,0.11214411589635465
2021-09-15,0.11426050487605655,0.3561818565635416,0.0,0.4282790974083102,0.10127854115209145
2021-09-16,0.11426050487605655,0.3561818565635416,0.0,0.4282790974083102,0.10127854115209145
2021-09-17,0.11426050487605655,0.3561818565635416,0.0,0.4282790974083102,0.10127854115209145
2021-09-20,0.11426050487605655,0.3561818565635416,0.0,0.4282790974083102,0.10127854115209145
2021-09-21,0.11426050487605655,0.3561818565635416,0.0,0.4282790974083102,0.10127854115209145
2021-09-22,0.11426050487605655,0.3561818565635416,0.0,0.4282790974083102,0.10127854115209145
2021-09-23,0.11426050487605655,0.3561818565635416,0.0,0.4282790974083102,0.10127854115209145
2021-09-24,0.11426050487605655,0.3561818565635416,0.0,0.4282790974083102,0.10127854115209145
2021-09-27,0.11426050487605655,0.3561818565635416,0.0,0.4282790974083102,0.10127854115209145
2021-09-28,0.11426050487605655,0.3561818565635416,0.0,0.4282790974083102,0.10127854115209145
2021-09-29,0.11426050487605655,0.3561818565635416,0.0,0.4282790974083102,0.10127854115209145
2021-09-30,0.11426050487605655,0.3561818565635416,0.0,0.4282790974083102,0.10127854115209145
2021-10-01,0.11426050487605655,0.3561818565635416,0.0,0.4282790974083102,0.10127854115209145
2021-10-04,0.11426050487605655,0.3561818565635416,0.0,0.4282790974083102,0.10127854115209145
2021-10-05,0.11426050487605655,0.3561818565635416,0.0,0.4282790974083102,0.10127854115209145
2021-10-06,0.11426050487605655,0.3561818565635416,0.0,0.4282790974083102,0.10127854115209145
2021-10-07,0.11426050487605655,0.3561818565635416,0.0,0.4282790974083102,0.10127854115209145
2021-10-08,0.11426050487605655,0.3561818565635416,0.0,0.4282790974083102,0.10127854115209145
2021-10-11,0.11426050487605655,0.3561818565635416,0.0,0.4282790974083102,0.10127854115209145
2021-10-13,0.11426050487605655,0.3561818565635416,0.0,0.4282790974083102,0.10127854115209145
2021-10-14,0.11426050487605655,0.3561818565635416,0.0,0.4282790974083102,0.10127854115209145
2021-10-15,0.11632578692006286,0.35001154804011453,1.435531192219027e-17,0.4237186021571823,0.10994406288264032
2021-10-18,0.11632578692006286,0.35001154804011453,1.435531192219027e-17,0.4237186021571823,0.10994406288264032
2021-10-19,0.11632578692006286,0.35001154804011453,1.435531192219027e-17,0.4237186021571823,0.10994406288264032
2021-10-20,0.11632578692006286,0.35001154804011453,1.435531192219027e-17,0.4237186021571823,0.10994406288264032
2021-10-21,0.11632578692006286,0.35001154804011453,1.435531192219027e-17,0.4237186021571823,0.10994406288264032
2021-10-22,0.11632578692006286,0.35001154804011453,1.435531192219027e-17,0.4237186021571823,0.10994406288264032
2021-10-25,0.11632578692006286,0.35001154804011453,1.435531192219027e-17,0.4237186021571823,0.10994406288264032
2021-10-26,0.11632578692006286,0.35001154804011453,1.435531192219027e-17,0.4237186021571823,0.10994406288264032
2021-10-27,0.11632578692006286,0.35001154804011453,1.435531192219027e-17,0.4237186021571823,0.10994406288264032
2021-10-28,0.11632578692006286,0.35001154804011453,1.435531192219027e-17,0.4237186021571823,0.10994406288264032
2021-10-29,0.11632578692006286,0.35001154804011453,1.435531192219027e-17,0.4237186021571823,0.10994406288264032
2021-11-01,0.11632578692006286,0.35001154804011453,1.435531192219027e-17,0.4237186021571823,0.10994406288264032
2021-11-03,0.11632578692006286,0.35001154804011453,1.435531192219027e-17,0.4237186021571823,0.10994406288264032
2021-11-04,0.11632578692006286,0.35001154804011453,1.435531192219027e-17,0.4237186021571823,0.10994406288264032
2021-11-05,0.11632578692006286,0.35001154804011453,1.435531192219027e-17,0.4237186021571823,0.10994406288264032
2021-11-08,0.11632578692006286,0.35001154804011453,1.435531192219027e-17,0.4237186021571823,0.10994406288264032
2021-11-09,0.11632578692006286,0.35001154804011453,1.435531192219027e-17,0.4237186021571823,0.10994406288264032
2021-11-10,0.11632578692006286,0.35001154804011453,1.435531192219027e-17,0.4237186021571823,0.10994406288264032
2021-11-11,0.11632578692006286,0.35001154804011453,1.435531192219027e-17,0.4237186021571823,0.10994406288264032
2021-11-12,0.11632578692006286,0.35001154804011453,1.435531192219027e-17,0.4237186021571823,0.10994406288264032
2021-11-16,0.11632578692006286,0.35001154804011453,1.435531192219027e-17,0.4237186021571823,0.10994406288264032
2021-11-17,0.09508853662428506,0.3629011396653669,0.0,0.3907500447089919,0.1512602790013562
2021-11-18,0.09508853662428506,0.3629011396653669,0.0,0.3907500447089919,0.1512602790013562
2021-11-19,0.09508853662428506,0.3629011396653669,0.0,0.3907500447089919,0.1512602790013562
2021-11-22,0.09508853662428506,0.3629011396653669,0.0,0.3907500447089919,0.1512602790013562
2021-11-23,0.09508853662428506,0.3629011396653669,0.0,0.3907500447089919,0.1512602790013562
2021-11-24,0.09508853662428506,0.3629011396653669,0.0,0.3907500447089919,0.1512602790013562
2021-11-26,0.09508853662428506,0.3629011396653669,0.0,0.3907500447089919,0.1512602790013562
2021-11-29,0.09508853662428506,0.3629011396653669,0.0,0.3907500447089919,0.1512602790013562
2021-11-30,0.09508853662428506,0.3629011396653669,0.0,0.3907500447089919,0.1512602790013562
2021-12-01,0.09508853662428506,0.3629011396653669,0.0,0.3907500447089919,0.1512602790013562
2021-12-02,0.09508853662428506,0.3629011396653669,0.0,0.3907500447089919,0.1512602790013562
2021-12-03,0.09508853662428506,0.3629011396653669,0.0,0.3907500447089919,0.1512602790013562
2021-12-06,0.09508853662428506,0.3629011396653669,0.0,0.3907500447089919,0.1512602790013562
2021-12-07,0.09508853662428506,0.3629011396653669,0.0,0.3907500447089919,0.1512602790013562
2021-12-08,0.09508853662428506,0.3629011396653669,0.0,0.3907500447089919,0.1512602790013562
2021-12-09,0.09508853662428506,0.3629011396653669,0.0,0.3907500447089919,0.1512602790013562
2021-12-10,0.09508853662428506,0.3629011396653669,0.0,0.3907500447089919,0.1512602790013562
2021-12-13,0.09508853662428506,0.3629011396653669,0.0,0.3907500447089919,0.1512602790013562
2021-12-14,0.09508853662428506,0.3629011396653669,0.0,0.3907500447089919,0.1512602790013562
2021-12-15,0.09508853662428506,0.3629011396653669,0.0,0.3907500447089919,0.1512602790013562
2021-12-16,0.09508853662428506,0.3629011396653669,0.0,0.3907500447089919,0.1512602790013562
2021-12-17,0.09885039620274257,0.3503290141969358,1.2089419541623877e-16,0.3746159424602068,0.17620464714011477
2021-12-20,0.09885039620274257,0.3503290141969358,1.2089419541623877e-16,0.3746159424602068,0.17620464714011477
2021-12-21,0.09885039620274257,0.3503290141969358,1.2089419541623877e-16,0.3746159424602068,0.17620464714011477
2021-12-22,0.09885039620274257,0.3503290141969358,1.2089419541623877e-16,0.3746159424602068,0.17620464714011477
2021-12-23,0.09885039620274257,0.3503290141969358,1.2089419541623877e-16,0.3746159424602068,0.17620464714011477
2021-12-27,0.09885039620274257,0.3503290141969358,1.2089419541623877e-16,0.3746159424602068,0.17620464714011477
2021-12-28,0.09885039620274257,0.3503290141969358,1.2089419541623877e-16,0.3746159424602068,0.17620464714011477
2021-12-29,0.09885039620274257,0.3503290141969358,1.2089419541623877e-16,0.3746159424602068,0.17620464714011477
2021-12-30,0.09885039620274257,0.3503290141969358,1.2089419541623877e-16,0.3746159424602068,0.17620464714011477
2022-01-03,0.09885039620274257,0.3503290141969358,1.2089419541623877e-16,0.3746159424602068,0.17620464714011477
2022-01-04,0.09885039620274257,0.3503290141969358,1.2089419541623877e-16,0.3746159424602068,0.17620464714011477
2022-01-05,0.09885039620274257,0.3503290141969358,1.2089419541623877e-16,0.3746159424602068,0.17620464714011477
2022-01-06,0.09885039620274257,0.3503290141969358,1.2089419541623877e-16,0.3746159424602068,0.17620464714011477
2022-01-07,0.09885039620274257,0.3503290141969358,1.2089419541623877e-16,0.3746159424602068,0.17620464714011477
2022-01-10,0.09885039620274257,0.3503290141969358,1.2089419541623877e-16,0.3746159424602068,0.17620464714011477
2022-01-11,0.09885039620274257,0.3503290141969358,1.2089419541623877e-16,0.3746159424602068,0.17620464714011477
2022-01-12,0.09885039620274257,0.3503290141969358,1.2089419541623877e-16,0.3746159424602068,0.17620464714011477
2022-01-13,0.09885039620274257,0.3503290141969358,1.2089419541623877e-16,0.3746159424602068,0.17620464714011477
2022-01-14,0.09885039620274257,0.3503290141969358,1.2089419541623877e-16,0.3746159424602068,0.17620464714011477
2022-01-18,0.09885039620274257,0.3503290141969358,1.2089419541623877e-16,0.3746159424602068,0.17620464714011477
2022-01-19,0.09885039620274257,0.3503290141969358,1.2089419541623877e-16,0.3746159424602068,0.17620464714011477
2022-01-20,0.1072531002276933,0.3395326581558117,9.242742041713828e-19,0.37416718585594566,0.17904705576054944
2022-01-21,0.1072531002276933,0.3395326581558117,9.242742041713828e-19,0.37416718585594566,0.17904705576054944
2022-01-24,0.1072531002276933,0.3395326581558117,9.242742041713828e-19,0.37416718585594566,0.17904705576054944
2022-01-25,0.1072531002276933,0.3395326581558117,9.242742041713828e-19,0.37416718585594566,0.17904705576054944
2022-01-26,0.1072531002276933,0.3395326581558117,9.242742041713828e-19,0.37416718585594566,0.17904705576054944
2022-01-27,0.1072531002276933,0.3395326581558117,9.242742041713828e-19,0.37416718585594566,0.17904705576054944
2022-01-28,0.1072531002276933,0.3395326581558117,9.242742041713828e-19,0.37416718585594566,0.17904705576054944
2022-01-31,0.1072531002276933,0.3395326581558117,9.242742041713828e-19,0.37416718585594566,0.17904705576054944
2022-02-01,0.1072531002276933,0.3395326581558117,9.242742041713828e-19,0.37416718585594566,0.17904705576054944
2022-02-02,0.1072531002276933,0.3395326581558117,9.242742041713828e-19,0.37416718585594566,0.17904705576054944
2022-02-03,0.1072531002276933,0.3395326581558117,9.242742041713828e-19,0.37416718585594566,0.17904705576054944
2022-02-04,0.1072531002276933,0.3395326581558117,9.242742041713828e-19,0.37416718585594566,0.17904705576054944
2022-02-07,0.1072531002276933,0.3395326581558117,9.242742041713828e-19,0.37416718585594566,0.17904705576054944
2022-02-08,0.1072531002276933,0.3395326581558117,9.242742041713828e-19,0.37416718585594566,0.17904705576054944
2022-02-09,0.1072531002276933,0.3395326581558117,9.242742041713828e-19,0.37416718585594566,0.17904705576054944
2022-02-10,0.1072531002276933,0.3395326581558117,9.242742041713828e-19,0.37416718585594566,0.17904705576054944
2022-02-11,0.1072531002276933,0.3395326581558117,9.242742041713828e-19,0.37416718585594566,0.17904705576054944
2022-02-14,0.1072531002276933,0.3395326581558117,9.242742041713828e-19,0.37416718585594566,0.17904705576054944
2022-02-15,0.1072531002276933,0.3395326581558117,9.242742041713828e-19,0.37416718585594566,0.17904705576054944
2022-02-16,0.1072531002276933,0.3395326581558117,9.242742041713828e-19,0.37416718585594566,0.17904705576054944
2022-02-17,0.1072531002276933,0.3395326581558117,9.242742041713828e-19,0.37416718585594566,0.17904705576054944
2022-02-18,0.1737684923837913,0.2701289249212202,1.4729742833085952e-17,0.3541376174976443,0.20196496519734422
2022-02-22,0.1737684923837913,0.2701289249212202,1.4729742833085952e-17,0.3541376174976443,0.20196496519734422
2022-02-23,0.1737684923837913,0.2701289249212202,1.4729742833085952e-17,0.3541376174976443,0.20196496519734422
2022-02-24,0.1737684923837913,0.2701289249212202,1.4729742833085952e-17,0.3541376174976443,0.20196496519734422
2022-02-25,0.1737684923837913,0.2701289249212202,1.4729742833085952e-17,0.3541376174976443,0.20196496519734422
2022-03-02,0.1737684923837913,0.2701289249212202,1.4729742833085952e-17,0.3541376174976443,0.20196496519734422
2022-03-03,0.1737684923837913,0.2701289249212202,1.4729742833085952e-17,0.3541376174976443,0.20196496519734422
2022-03-04,0.1737684923837913,0.2701289249212202,1.4729742833085952e-17,0.3541376174976443,0.20196496519734422
2022-03-07,0.1737684923837913,0.2701289249212202,1.4729742833085952e-17,0.3541376174976443,0.20196496519734422
2022-03-08,0.1737684923837913,0.2701289249212202,1.4729742833085952e-17,0.3541376174976443,0.20196496519734422
2022-03-09,0.1737684923837913,0.2701289249212202,1.4729742833085952e-17,0.3541376174976443,0.20196496519734422
2022-03-10,0.1737684923837913,0.2701289249212202,1.4729742833085952e-17,0.3541376174976443,0.20196496519734422
2022-03-11,0.1737684923837913,0.2701289249212202,1.4729742833085952e-17,0.3541376174976443,0.20196496519734422
2022-03-14,0.1737684923837913,0.2701289249212202,1.4729742833085952e-17,0.3541376174976443,0.20196496519734422
2022-03-15,0.1737684923837913,0.2701289249212202,1.4729742833085952e-17,0.3541376174976443,0.20196496519734422
2022-03-16,0.1737684923837913,0.2701289249212202,1.4729742833085952e-17,0.3541376174976443,0.20196496519734422
2022-03-17,0.1737684923837913,0.2701289249212202,1.4729742833085952e-17,0.3541376174976443,0.20196496519734422
2022-03-18,0.1737684923837913,0.2701289249212202,1.4729742833085952e-17,0.3541376174976443,0.20196496519734422
2022-03-21,0.1737684923837913,0.2701289249212202,1.4729742833085952e-17,0.3541376174976443,0.20196496519734422
2022-03-22,0.1737684923837913,0.2701289249212202,1.4729742833085952e-17,0.3541376174976443,0.20196496519734422
2022-03-23,0.1737684923837913,0.2701289249212202,1.4729742833085952e-17,0.3541376174976443,0.20196496519734422
2022-03-24,0.16168543437128902,0.2616476475396249,3.657487312471458e-17,0.36246436493879935,0.21420255315028677
2022-03-25,0.16168543437128902,0.2616476475396249,3.657487312471458e-17,0.36246436493879935,0.21420255315028677
2022-03-28,0.16168543437128902,0.2616476475396249,3.657487312471458e-17,0.36246436493879935,0.21420255315028677
2022-03-29,0.16168543437128902,0.2616476475396249,3.657487312471458e-17,0.36246436493879935,0.21420255315028677
2022-03-30,0.16168543437128902,0.2616476475396249,3.657487312471458e-17,0.36246436493879935,0.21420255315028677
2022-03-31,0.16168543437128902,0.2616476475396249,3.657487312471458e-17,0.36246436493879935,0.21420255315028677
2022-04-01,0.16168543437128902,0.2616476475396249,3.657487312471458e-17,0.36246436493879935,0.21420255315028677
2022-04-04,0.16168543437128902,0.2616476475396249,3.657487312471458e-17,0.36246436493879935,0.21420255315028677
2022-04-05,0.16168543437128902,0.2616476475396249,3.657487312471458e-17,0.36246436493879935,0.21420255315028677
2022-04-06,0.16168543437128902,0.2616476475396249,3.657487312471458e-17,0.36246436493879935,0.21420255315028677
2022-04-07,0.16168543437128902,0.2616476475396249,3.657487312471458e-17,0.36246436493879935,0.21420255315028677
2022-04-08,0.16168543437128902,0.2616476475396249,3.657487312471458e-17,0.36246436493879935,0.21420255315028677
2022-04-11,0.16168543437128902,0.2616476475396249,3.657487312471458e-17,0.36246436493879935,0.21420255315028677
2022-04-12,0.16168543437128902,0.2616476475396249,3.657487312471458e-17,0.36246436493879935,0.21420255315028677
2022-04-13,0.16168543437128902,0.2616476475396249,3.657487312471458e-17,0.36246436493879935,0.21420255315028677
2022-04-14,0.16168543437128902,0.2616476475396249,3.657487312471458e-17,0.36246436493879935,0.21420255315028677
2022-04-18,0.16168543437128902,0.2616476475396249,3.657487312471458e-17,0.36246436493879935,0.21420255315028677
2022-04-19,0.16168543437128902,0.2616476475396249,3.657487312471458e-17,0.36246436493879935,0.21420255315028677
2022-04-20,0.16168543437128902,0.2616476475396249,3.657487312471458e-17,0.36246436493879935,0.21420255315028677
2022-04-22,0.16168543437128902,0.2616476475396249,3.657487312471458e-17,0.36246436493879935,0.21420255315028677
2022-04-25,0.16168543437128902,0.2616476475396249,3.657487312471458e-17,0.36246436493879935,0.21420255315028677
2022-04-26,0.14691340377542586,0.2666325778848682,0.0,0.36648711008570717,0.2199669082539988
2022-04-27,0.14691340377542586,0.2666325778848682,0.0,0.36648711008570717,0.2199669082539988
2022-04-28,0.14691340377542586,0.2666325778848682,0.0,0.36648711008570717,0.2199669082539988
2022-04-29,0.14691340377542586,0.2666325778848682,0.0,0.36648711008570717,0.2199669082539988
2022-05-02,0.14691340377542586,0.2666325778848682,0.0,0.36648711008570717,0.2199669082539988
2022-05-03,0.14691340377542586,0.2666325778848682,0.0,0.36648711008570717,0.2199669082539988
2022-05-04,0.14691340377542586,0.2666325778848682,0.0,0.36648711008570717,0.2199669082539988
2022-05-05,0.14691340377542586,0.2666325778848682,0.0,0.36648711008570717,0.2199669082539988
2022-05-06,0.14691340377542586,0.2666325778848682,0.0,0.36648711008570717,0.2199669082539988
2022-05-09,0.14691340377542586,0.2666325778848682,0.0,0.36648711008570717,0.2199669082539988
2022-05-10,0.14691340377542586,0.2666325778848682,0.0,0.36648711008570717,0.2199669082539988
2022-05-11,0.14691340377542586,0.2666325778848682,0.0,0.36648711008570717,0.2199669082539988
2022-05-12,0.14691340377542586,0.2666325778848682,0.0,0.36648711008570717,0.2199669082539988
2022-05-13,0.14691340377542586,0.2666325778848682,0.0,0.36648711008570717,0.2199669082539988
2022-05-16,0.14691340377542586,0.2666325778848682,0.0,0.36648711008570717,0.2199669082539988
2022-05-17,0.14691340377542586,0.2666325778848682,0.0,0.36648711008570717,0.2199669082539988
2022-05-18,0.14691340377542586,0.2666325778848682,0.0,0.36648711008570717,0.2199669082539988
2022-05-19,0.14691340377542586,0.2666325778848682,0.0,0.36648711008570717,0.2199669082539988
2022-05-20,0.14691340377542586,0.2666325778848682,0.0,0.36648711008570717,0.2199669082539988
2022-05-23,0.14691340377542586,0.2666325778848682,0.0,0.36648711008570717,0.2199669082539988
2022-05-24,0.14691340377542586,0.2666325778848682,0.0,0.36648711008570717,0.2199669082539988
2022-05-25,0.13419934199393999,0.2765705561910961,0.0,0.3855088309327526,0.20372127088221134
2022-05-26,0.13419934199393999,0.2765705561910961,0.0,0.3855088309327526,0.20372127088221134
2022-05-27,0.13419934199393999,0.2765705561910961,0.0,0.3855088309327526,0.20372127088221134
2022-05-31,0.13419934199393999,0.2765705561910961,0.0,0.3855088309327526,0.20372127088221134
2022-06-01,0.13419934199393999,0.2765705561910961,0.0,0.3855088309327526,0.20372127088221134
2022-06-02,0.13419934199393999,0.2765705561910961,0.0,0.3855088309327526,0.20372127088221134
2022-06-03,0.13419934199393999,0.2765705561910961,0.0,0.3855088309327526,0.20372127088221134
2022-06-06,0.13419934199393999,0.2765705561910961,0.0,0.3855088309327526,0.20372127088221134
2022-06-07,0.13419934199393999,0.2765705561910961,0.0,0.3855088309327526,0.20372127088221134
2022-06-08,0.13419934199393999,0.2765705561910961,0.0,0.3855088309327526,0.20372127088221134
2022-06-09,0.13419934199393999,0.2765705561910961,0.0,0.3855088309327526,0.20372127088221134
2022-06-10,0.13419934199393999,0.2765705561910961,0.0,0.3855088309327526,0.20372127088221134
2022-06-13,0.13419934199393999,0.2765705561910961,0.0,0.3855088309327526,0.20372127088221134
2022-06-14,0.13419934199393999,0.2765705561910961,0.0,0.3855088309327526,0.20372127088221134
2022-06-15,0.13419934199393999,0.2765705561910961,0.0,0.3855088309327526,0.20372127088221134
2022-06-17,0.13419934199393999,0.2765705561910961,0.0,0.3855088309327526,0.20372127088221134
2022-06-21,0.13419934199393999,0.2765705561910961,0.0,0.3855088309327526,0.20372127088221134
2022-06-22,0.13419934199393999,0.2765705561910961,0.0,0.3855088309327526,0.20372127088221134
2022-06-23,0.13419934199393999,0.2765705561910961,0.0,0.3855088309327526,0.20372127088221134
2022-06-24,0.13419934199393999,0.2765705561910961,0.0,0.3855088309327526,0.20372127088221134
2022-06-27,0.13419934199393999,0.2765705561910961,0.0,0.3855088309327526,0.20372127088221134
2022-06-28,0.09322568364948286,0.3135074585434655,0.0,0.39323710601380796,0.20002975179324353
2022-06-29,0.09322568364948286,0.3135074585434655,0.0,0.39323710601380796,0.20002975179324353
2022-06-30,0.09322568364948286,0.3135074585434655,0.0,0.39323710601380796,0.20002975179324353
2022-07-01,0.09322568364948286,0.3135074585434655,0.0,0.39323710601380796,0.20002975179324353
2022-07-05,0.09322568364948286,0.3135074585434655,0.0,0.39323710601380796,0.20002975179324353
2022-07-06,0.09322568364948286,0.3135074585434655,0.0,0.39323710601380796,0.20002975179324353
2022-07-07,0.09322568364948286,0.3135074585434655,0.0,0.39323710601380796,0.20002975179324353
2022-07-08,0.09322568364948286,0.3135074585434655,0.0,0.39323710601380796,0.20002975179324353
2022-07-11,0.09322568364948286,0.3135074585434655,0.0,0.39323710601380796,0.20002975179324353
2022-07-12,0.09322568364948286,0.3135074585434655,0.0,0.39323710601380796,0.20002975179324353
2022-07-13,0.09322568364948286,0.3135074585434655,0.0,0.39323710601380796,0.20002975179324353
2022-07-14,0.09322568364948286,0.3135074585434655,0.0,0.39323710601380796,0.20002975179324353
2022-07-15,0.09322568364948286,0.3135074585434655,0.0,0.39323710601380796,0.20002975179324353
2022-07-18,0.09322568364948286,0.3135074585434655,0.0,0.39323710601380796,0.20002975179324353
2022-07-19,0.09322568364948286,0.3135074585434655,0.0,0.39323710601380796,0.20002975179324353
2022-07-20,0.09322568364948286,0.3135074585434655,0.0,0.39323710601380796,0.20002975179324353
2022-07-21,0.09322568364948286,0.3135074585434655,0.0,0.39323710601380796,0.20002975179324353
2022-07-22,0.09322568364948286,0.3135074585434655,0.0,0.39323710601380796,0.20002975179324353
2022-07-25,0.09322568364948286,0.3135074585434655,0.0,0.39323710601380796,0.20002975179324353
2022-07-26,0.09322568364948286,0.3135074585434655,0.0,0.39323710601380796,0.20002975179324353
2022-07-27,0.09322568364948286,0.3135074585434655,0.0,0.39323710601380796,0.20002975179324353
2022-07-28,0.12305426043253502,0.2813458353219536,0.0,0.39567584496807545,0.19992405927743598
2022-07-29,0.12305426043253502,0.2813458353219536,0.0,0.39567584496807545,0.19992405927743598
2022-08-01,0.12305426043253502,0.2813458353219536,0.0,0.39567584496807545,0.19992405927743598
2022-08-02,0.12305426043253502,0.2813458353219536,0.0,0.39567584496807545,0.19992405927743598
2022-08-03,0.12305426043253502,0.2813458353219536,0.0,0.39567584496807545,0.19992405927743598
2022-08-04,0.12305426043253502,0.2813458353219536,0.0,0.39567584496807545,0.19992405927743598
2022-08-05,0.12305426043253502,0.2813458353219536,0.0,0.39567584496807545,0.19992405927743598
2022-08-08,0.12305426043253502,0.2813458353219536,0.0,0.39567584496807545,0.19992405927743598
2022-08-09,0.12305426043253502,0.2813458353219536,0.0,0.39567584496807545,0.19992405927743598
2022-08-10,0.12305426043253502,0.2813458353219536,0.0,0.39567584496807545,0.19992405927743598
2022-08-11,0.12305426043253502,0.2813458353219536,0.0,0.39567584496807545,0.19992405927743598
2022-08-12,0.12305426043253502,0.2813458353219536,0.0,0.39567584496807545,0.19992405927743598
2022-08-15,0.12305426043253502,0.2813458353219536,0.0,0.39567584496807545,0.19992405927743598
2022-08-16,0.12305426043253502,0.2813458353219536,0.0,0.39567584496807545,0.19992405927743598
2022-08-17,0.12305426043253502,0.2813458353219536,0.0,0.39567584496807545,0.19992405927743598
2022-08-18,0.12305426043253502,0.2813458353219536,0.0,0.39567584496807545,0.19992405927743598
2022-08-19,0.12305426043253502,0.2813458353219536,0.0,0.39567584496807545,0.19992405927743598
2022-08-22,0.12305426043253502,0.2813458353219536,0.0,0.39567584496807545,0.19992405927743598
2022-08-23,0.12305426043253502,0.2813458353219536,0.0,0.39567584496807545,0.19992405927743598
2022-08-24,0.12305426043253502,0.2813458353219536,0.0,0.39567584496807545,0.19992405927743598
2022-08-25,0.12305426043253502,0.2813458353219536,0.0,0.39567584496807545,0.19992405927743598
2022-08-26,0.14883681115487335,0.25657489274916684,2.305511973460677e-17,0.39324962045042844,0.20133867564553143
2022-08-29,0.14883681115487335,0.25657489274916684,2.305511973460677e-17,0.39324962045042844,0.20133867564553143
2022-08-30,0.14883681115487335,0.25657489274916684,2.305511973460677e-17,0.39324962045042844,0.20133867564553143
2022-08-31,0.14883681115487335,0.25657489274916684,2.305511973460677e-17,0.39324962045042844,0.20133867564553143
2022-09-01,0.14883681115487335,0.25657489274916684,2.305511973460677e-17,0.39324962045042844,0.20133867564553143
2022-09-02,0.14883681115487335,0.25657489274916684,2.305511973460677e-17,0.39324962045042844,0.20133867564553143
2022-09-06,0.14883681115487335,0.25657489274916684,2.305511973460677e-17,0.39324962045042844,0.20133867564553143
2022-09-08,0.14883681115487335,0.25657489274916684,2.305511973460677e-17,0.39324962045042844,0.20133867564553143
2022-09-09,0.14883681115487335,0.25657489274916684,2.305511973460677e-17,0.39324962045042844,0.20133867564553143
2022-09-12,0.14883681115487335,0.25657489274916684,2.305511973460677e-17,0.39324962045042844,0.20133867564553143
2022-09-13,0.14883681115487335,0.25657489274916684,2.305511973460677e-17,0.39324962045042844,0.20133867564553143
2022-09-14,0.14883681115487335,0.25657489274916684,2.305511973460677e-17,0.39324962045042844,0.20133867564553143
2022-09-15,0.14883681115487335,0.25657489274916684,2.305511973460677e-17,0.39324962045042844,0.20133867564553143
2022-09-16,0.14883681115487335,0.25657489274916684,2.305511973460677e-17,0.39324962045042844,0.20133867564553143
2022-09-19,0.14883681115487335,0.25657489274916684,2.305511973460677e-17,0.39324962045042844,0.20133867564553143
2022-09-20,0.14883681115487335,0.25657489274916684,2.305511973460677e-17,0.39324962045042844,0.20133867564553143
2022-09-21,0.14883681115487335,0.25657489274916684,2.305511973460677e-17,0.39324962045042844,0.20133867564553143
2022-09-22,0.14883681115487335,0.25657489274916684,2.305511973460677e-17,0.39324962045042844,0.20133867564553143
2022-09-23,0.14883681115487335,0.25657489274916684,2.305511973460677e-17,0.39324962045042844,0.20133867564553143
2022-09-26,0.14883681115487335,0.25657489274916684,2.305511973460677e-17,0.39324962045042844,0.20133867564553143
2022-09-27,0.14883681115487335,0.25657489274916684,2.305511973460677e-17,0.39324962045042844,0.20133867564553143
2022-09-28,0.07451916930711594,0.3386181071766118,2.90285755318869e-17,0.40514729437420227,0.18171542914206992
2022-09-29,0.07451916930711594,0.3386181071766118,2.90285755318869e-17,0.40514729437420227,0.18171542914206992
2022-09-30,0.07451916930711594,0.3386181071766118,2.90285755318869e-17,0.40514729437420227,0.18171542914206992
2022-10-03,0.07451916930711594,0.3386181071766118,2.90285755318869e-17,0.40514729437420227,0.18171542914206992
2022-10-04,0.07451916930711594,0.3386181071766118,2.90285755318869e-17,0.40514729437420227,0.18171542914206992
2022-10-05,0.07451916930711594,0.3386181071766118,2.90285755318869e-17,0.40514729437420227,0.18171542914206992
2022-10-06,0.07451916930711594,0.3386181071766118,2.90285755318869e-17,0.40514729437420227,0.18171542914206992
2022-10-07,0.07451916930711594,0.3386181071766118,2.90285755318869e-17,0.40514729437420227,0.18171542914206992
2022-10-10,0.07451916930711594,0.3386181071766118,2.90285755318869e-17,0.40514729437420227,0.18171542914206992
2022-10-11,0.07451916930711594,0.3386181071766118,2.90285755318869e-17,0.40514729437420227,0.18171542914206992
2022-10-13,0.07451916930711594,0.3386181071766118,2.90285755318869e-17,0.40514729437420227,0.18171542914206992
2022-10-14,0.07451916930711594,0.3386181071766118,2.90285755318869e-17,0.40514729437420227,0.18171542914206992
2022-10-17,0.07451916930711594,0.3386181071766118,2.90285755318869e-17,0.40514729437420227,0.18171542914206992
2022-10-18,0.07451916930711594,0.3386181071766118,2.90285755318869e-17,0.40514729437420227,0.18171542914206992
2022-10-19,0.07451916930711594,0.3386181071766118,2.90285755318869e-17,0.40514729437420227,0.18171542914206992
2022-10-20,0.07451916930711594,0.3386181071766118,2.90285755318869e-17,0.40514729437420227,0.18171542914206992
2022-10-21,0.07451916930711594,0.3386181071766118,2.90285755318869e-17,0.40514729437420227,0.18171542914206992
2022-10-24,0.07451916930711594,0.3386181071766118,2.90285755318869e-17,0.40514729437420227,0.18171542914206992
2022-10-25,0.07451916930711594,0.3386181071766118,2.90285755318869e-17,0.40514729437420227,0.18171542914206992
2022-10-26,0.07451916930711594,0.3386181071766118,2.90285755318869e-17,0.40514729437420227,0.18171542914206992
2022-10-27,0.07451916930711594,0.3386181071766118,2.90285755318869e-17,0.40514729437420227,0.18171542914206992
2022-10-28,0.08004792206865205,0.3446336309924962,0.0,0.3991935078596761,0.17612493907917565
2022-10-31,0.08004792206865205,0.3446336309924962,0.0,0.3991935078596761,0.17612493907917565
2022-11-01,0.08004792206865205,0.3446336309924962,0.0,0.3991935078596761,0.17612493907917565
2022-11-03,0.08004792206865205,0.3446336309924962,0.0,0.3991935078596761,0.17612493907917565
2022-11-04,0.08004792206865205,0.3446336309924962,0.0,0.3991935078596761,0.17612493907917565
2022-11-07,0.08004792206865205,0.3446336309924962,0.0,0.3991935078596761,0.17612493907917565
2022-11-08,0.08004792206865205,0.3446336309924962,0.0,0.3991935078596761,0.17612493907917565
2022-11-09,0.08004792206865205,0.3446336309924962,0.0,0.3991935078596761,0.17612493907917565
2022-11-10,0.08004792206865205,0.3446336309924962,0.0,0.3991935078596761,0.17612493907917565
2022-11-11,0.08004792206865205,0.3446336309924962,0.0,0.3991935078596761,0.17612493907917565
2022-11-14,0.08004792206865205,0.3446336309924962,0.0,0.3991935078596761,0.17612493907917565
2022-11-16,0.08004792206865205,0.3446336309924962,0.0,0.3991935078596761,0.17612493907917565
2022-11-17,0.08004792206865205,0.3446336309924962,0.0,0.3991935078596761,0.17612493907917565
2022-11-18,0.08004792206865205,0.3446336309924962,0.0,0.3991935078596761,0.17612493907917565
2022-11-21,0.08004792206865205,0.3446336309924962,0.0,0.3991935078596761,0.17612493907917565
2022-11-22,0.08004792206865205,0.3446336309924962,0.0,0.3991935078596761,0.17612493907917565
2022-11-23,0.08004792206865205,0.3446336309924962,0.0,0.3991935078596761,0.17612493907917565
2022-11-25,0.08004792206865205,0.3446336309924962,0.0,0.3991935078596761,0.17612493907917565
2022-11-28,0.08004792206865205,0.3446336309924962,0.0,0.3991935078596761,0.17612493907917565
2022-11-29,0.08004792206865205,0.3446336309924962,0.0,0.3991935078596761,0.17612493907917565
2022-11-30,0.08004792206865205,0.3446336309924962,0.0,0.3991935078596761,0.17612493907917565
2022-12-01,0.1082146518452085,0.33540602992298896,2.784940703070135e-17,0.4012878702175345,0.15509144801426808
2022-12-02,0.1082146518452085,0.33540602992298896,2.784940703070135e-17,0.4012878702175345,0.15509144801426808
2022-12-05,0.1082146518452085,0.33540602992298896,2.784940703070135e-17,0.4012878702175345,0.15509144801426808
2022-12-06,0.1082146518452085,0.33540602992298896,2.784940703070135e-17,0.4012878702175345,0.15509144801426808
2022-12-07,0.1082146518452085,0.33540602992298896,2.784940703070135e-17,0.4012878702175345,0.15509144801426808
2022-12-08,0.1082146518452085,0.33540602992298896,2.784940703070135e-17,0.4012878702175345,0.15509144801426808
2022-12-09,0.1082146518452085,0.33540602992298896,2.784940703070135e-17,0.4012878702175345,0.15509144801426808
2022-12-12,0.1082146518452085,0.33540602992298896,2.784940703070135e-17,0.4012878702175345,0.15509144801426808
2022-12-13,0.1082146518452085,0.33540602992298896,2.784940703070135e-17,0.4012878702175345,0.15509144801426808
2022-12-14,0.1082146518452085,0.33540602992298896,2.784940703070135e-17,0.4012878702175345,0.15509144801426808
2022-12-15,0.1082146518452085,0.33540602992298896,2.784940703070135e-17,0.4012878702175345,0.15509144801426808
2022-12-16,0.1082146518452085,0.33540602992298896,2.784940703070135e-17,0.4012878702175345,0.15509144801426808
2022-12-19,0.1082146518452085,0.33540602992298896,2.784940703070135e-17,0.4012878702175345,0.15509144801426808
2022-12-20,0.1082146518452085,0.33540602992298896,2.784940703070135e-17,0.4012878702175345,0.15509144801426808
2022-12-21,0.1082146518452085,0.33540602992298896,2.784940703070135e-17,0.4012878702175345,0.15509144801426808
2022-12-22,0.1082146518452085,0.33540602992298896,2.784940703070135e-17,0.4012878702175345,0.15509144801426808
2022-12-23,0.1082146518452085,0.33540602992298896,2.784940703070135e-17,0.4012878702175345,0.15509144801426808
2022-12-27,0.1082146518452085,0.33540602992298896,2.784940703070135e-17,0.4012878702175345,0.15509144801426808
2022-12-28,0.1082146518452085,0.33540602992298896,2.784940703070135e-17,0.4012878702175345,0.15509144801426808
2022-12-29,0.1082146518452085,0.33540602992298896,2.784940703070135e-17,0.4012878702175345,0.15509144801426808
2023-01-03,0.1082146518452085,0.33540602992298896,2.784940703070135e-17,0.4012878702175345,0.15509144801426808
2023-01-04,0.09080010195994283,0.35348501841775853,0.0,0.39477418593485825,0.16094069368744043
2023-01-05,0.09080010195994283,0.35348501841775853,0.0,0.39477418593485825,0.16094069368744043
2023-01-06,0.09080010195994283,0.35348501841775853,0.0,0.39477418593485825,0.16094069368744043
2023-01-09,0.09080010195994283,0.35348501841775853,0.0,0.39477418593485825,0.16094069368744043
2023-01-10,0.09080010195994283,0.35348501841775853,0.0,0.39477418593485825,0.16094069368744043
2023-01-11,0.09080010195994283,0.35348501841775853,0.0,0.39477418593485825,0.16094069368744043
2023-01-12,0.09080010195994283,0.35348501841775853,0.0,0.39477418593485825,0.16094069368744043
2023-01-13,0.09080010195994283,0.35348501841775853,0.0,0.39477418593485825,0.16094069368744043
2023-01-17,0.09080010195994283,0.35348501841775853,0.0,0.39477418593485825,0.16094069368744043
2023-01-18,0.09080010195994283,0.35348501841775853,0.0,0.39477418593485825,0.16094069368744043
2023-01-19,0.09080010195994283,0.35348501841775853,0.0,0.39477418593485825,0.16094069368744043
2023-01-20,0.09080010195994283,0.35348501841775853,0.0,0.39477418593485825,0.16094069368744043
2023-01-23,0.09080010195994283,0.35348501841775853,0.0,0.39477418593485825,0.16094069368744043
2023-01-24,0.09080010195994283,0.35348501841775853,0.0,0.39477418593485825,0.16094069368744043
2023-01-25,0.09080010195994283,0.35348501841775853,0.0,0.39477418593485825,0.16094069368744043
2023-01-26,0.09080010195994283,0.35348501841775853,0.0,0.39477418593485825,0.16094069368744043
2023-01-27,0.09080010195994283,0.35348501841775853,0.0,0.39477418593485825,0.16094069368744043
2023-01-30,0.09080010195994283,0.35348501841775853,0.0,0.39477418593485825,0.16094069368744043
2023-01-31,0.09080010195994283,0.35348501841775853,0.0,0.39477418593485825,0.16094069368744043
2023-02-01,0.09080010195994283,0.35348501841775853,0.0,0.39477418593485825,0.16094069368744043
2023-02-02,0.09080010195994283,0.35348501841775853,0.0,0.39477418593485825,0.16094069368744043
2023-02-03,0.0985901258919165,0.3424567926313079,0.0,0.3853982099363693,0.17355487154040633
2023-02-06,0.0985901258919165,0.3424567926313079,0.0,0.3853982099363693,0.17355487154040633
2023-02-07,0.0985901258919165,0.3424567926313079,0.0,0.3853982099363693,0.17355487154040633
2023-02-08,0.0985901258919165,0.3424567926313079,0.0,0.3853982099363693,0.17355487154040633
2023-02-09,0.0985901258919165,0.3424567926313079,0.0,0.3853982099363693,0.17355487154040633
2023-02-10,0.0985901258919165,0.3424567926313079,0.0,0.3853982099363693,0.17355487154040633
2023-02-13,0.0985901258919165,0.3424567926313079,0.0,0.3853982099363693,0.17355487154040633
2023-02-14,0.0985901258919165,0.3424567926313079,0.0,0.3853982099363693,0.17355487154040633
2023-02-15,0.0985901258919165,0.3424567926313079,0.0,0.3853982099363693,0.17355487154040633
2023-02-16,0.0985901258919165,0.3424567926313079,0.0,0.3853982099363693,0.17355487154040633
2023-02-17,0.0985901258919165,0.3424567926313079,0.0,0.3853982099363693,0.17355487154040633
2023-02-22,0.0985901258919165,0.3424567926313079,0.0,0.3853982099363693,0.17355487154040633
2023-02-23,0.0985901258919165,0.3424567926313079,0.0,0.3853982099363693,0.17355487154040633
2023-02-24,0.0985901258919165,0.3424567926313079,0.0,0.3853982099363693,0.17355487154040633
2023-02-27,0.0985901258919165,0.3424567926313079,0.0,0.3853982099363693,0.17355487154040633
2023-02-28,0.0985901258919165,0.3424567926313079,0.0,0.3853982099363693,0.17355487154040633
2023-03-01,0.0985901258919165,0.3424567926313079,0.0,0.3853982099363693,0.17355487154040633
2023-03-02,0.0985901258919165,0.3424567926313079,0.0,0.3853982099363693,0.17355487154040633
2023-03-03,0.0985901258919165,0.3424567926313079,0.0,0.3853982099363693,0.17355487154040633
2023-03-06,0.0985901258919165,0.3424567926313079,0.0,0.3853982099363693,0.17355487154040633
2023-03-07,0.0985901258919165,0.3424567926313079,0.0,0.3853982099363693,0.17355487154040633
2023-03-08,0.08827707046425454,0.3517860493177495,3.0375724442205323e-18,0.3852420133338172,0.17469486688417873
2023-03-09,0.08827707046425454,0.3517860493177495,3.0375724442205323e-18,0.3852420133338172,0.17469486688417873
2023-03-10,0.08827707046425454,0.3517860493177495,3.0375724442205323e-18,0.3852420133338172,0.17469486688417873
2023-03-13,0.08827707046425454,0.3517860493177495,3.0375724442205323e-18,0.3852420133338172,0.17469486688417873
2023-03-14,0.08827707046425454,0.3517860493177495,3.0375724442205323e-18,0.3852420133338172,0.17469486688417873
2023-03-15,0.08827707046425454,0.3517860493177495,3.0375724442205323e-18,0.3852420133338172,0.17469486688417873
2023-03-16,0.08827707046425454,0.3517860493177495,3.0375724442205323e-18,0.3852420133338172,0.17469486688417873
2023-03-17,0.08827707046425454,0.3517860493177495,3.0375724442205323e-18,0.3852420133338172,0.17469486688417873
2023-03-20,0.08827707046425454,0.3517860493177495,3.0375724442205323e-18,0.3852420133338172,0.17469486688417873
2023-03-21,0.08827707046425454,0.3517860493177495,3.0375724442205323e-18,0.3852420133338172,0.17469486688417873
2023-03-22,0.08827707046425454,0.3517860493177495,3.0375724442205323e-18,0.3852420133338172,0.17469486688417873
2023-03-23,0.08827707046425454,0.3517860493177495,3.0375724442205323e-18,0.3852420133338172,0.17469486688417873
2023-03-24,0.08827707046425454,0.3517860493177495,3.0375724442205323e-18,0.3852420133338172,0.17469486688417873
2023-03-27,0.08827707046425454,0.3517860493177495,3.0375724442205323e-18,0.3852420133338172,0.17469486688417873
2023-03-28,0.08827707046425454,0.3517860493177495,3.0375724442205323e-18,0.3852420133338172,0.17469486688417873
2023-03-29,0.08827707046425454,0.3517860493177495,3.0375724442205323e-18,0.3852420133338172,0.17469486688417873
2023-03-30,0.08827707046425454,0.3517860493177495,3.0375724442205323e-18,0.3852420133338172,0.17469486688417873
2023-03-31,0.08827707046425454,0.3517860493177495,3.0375724442205323e-18,0.3852420133338172,0.17469486688417873
2023-04-03,0.08827707046425454,0.3517860493177495,3.0375724442205323e-18,0.3852420133338172,0.17469486688417873
2023-04-04,0.08827707046425454,0.3517860493177495,3.0375724442205323e-18,0.3852420133338172,0.17469486688417873
2023-04-05,0.08827707046425454,0.3517860493177495,3.0375724442205323e-18,0.3852420133338172,0.17469486688417873
2023-04-06,0.13498511983962855,0.3047693095756071,0.0,0.377933175387793,0.18231239519697143
2023-04-10,0.13498511983962855,0.3047693095756071,0.0,0.377933175387793,0.18231239519697143
2023-04-11,0.13498511983962855,0.3047693095756071,0.0,0.377933175387793,0.18231239519697143
2023-04-12,0.13498511983962855,0.3047693095756071,0.0,0.377933175387793,0.18231239519697143
2023-04-13,0.13498511983962855,0.3047693095756071,0.0,0.377933175387793,0.18231239519697143
2023-04-14,0.13498511983962855,0.3047693095756071,0.0,0.377933175387793,0.18231239519697143
2023-04-17,0.13498511983962855,0.3047693095756071,0.0,0.377933175387793,0.18231239519697143
2023-04-18,0.13498511983962855,0.3047693095756071,0.0,0.377933175387793,0.18231239519697143
2023-04-19,0.13498511983962855,0.3047693095756071,0.0,0.377933175387793,0.18231239519697143
2023-04-20,0.13498511983962855,0.3047693095756071,0.0,0.377933175387793,0.18231239519697143
2023-04-24,0.13498511983962855,0.3047693095756071,0.0,0.377933175387793,0.18231239519697143
2023-04-25,0.13498511983962855,0.3047693095756071,0.0,0.377933175387793,0.18231239519697143
2023-04-26,0.13498511983962855,0.3047693095756071,0.0,0.377933175387793,0.18231239519697143
2023-04-27,0.13498511983962855,0.3047693095756071,0.0,0.377933175387793,0.18231239519697143
2023-04-28,0.13498511983962855,0.3047693095756071,0.0,0.377933175387793,0.18231239519697143
2023-05-02,0.13498511983962855,0.3047693095756071,0.0,0.377933175387793,0.18231239519697143
2023-05-03,0.13498511983962855,0.3047693095756071,0.0,0.377933175387793,0.18231239519697143
2023-05-04,0.13498511983962855,0.3047693095756071,0.0,0.377933175387793,0.18231239519697143
2023-05-05,0.13498511983962855,0.3047693095756071,0.0,0.377933175387793,0.18231239519697143
2023-05-08,0.13498511983962855,0.3047693095756071,0.0,0.377933175387793,0.18231239519697143
2023-05-09,0.13498511983962855,0.3047693095756071,0.0,0.377933175387793,0.18231239519697143
2023-05-10,0.14304727136412904,0.29685969306390525,1.7128072458843317e-17,0.37674860369756064,0.1833444318744051
2023-05-11,0.14304727136412904,0.29685969306390525,1.7128072458843317e-17,0.37674860369756064,0.1833444318744051
2023-05-12,0.14304727136412904,0.29685969306390525,1.7128072458843317e-17,0.37674860369756064,0.1833444318744051
2023-05-15,0.14304727136412904,0.29685969306390525,1.7128072458843317e-17,0.37674860369756064,0.1833444318744051
2023-05-16,0.14304727136412904,0.29685969306390525,1.7128072458843317e-17,0.37674860369756064,0.1833444318744051
2023-05-17,0.14304727136412904,0.29685969306390525,1.7128072458843317e-17,0.37674860369756064,0.1833444318744051
2023-05-18,0.14304727136412904,0.29685969306390525,1.7128072458843317e-17,0.37674860369756064,0.1833444318744051
2023-05-19,0.14304727136412904,0.29685969306390525,1.7128072458843317e-17,0.37674860369756064,0.1833444318744051
2023-05-22,0.14304727136412904,0.29685969306390525,1.7128072458843317e-17,0.37674860369756064,0.1833444318744051
2023-05-23,0.14304727136412904,0.29685969306390525,1.7128072458843317e-17,0.37674860369756064,0.1833444318744051
2023-05-24,0.14304727136412904,0.29685969306390525,1.7128072458843317e-17,0.37674860369756064,0.1833444318744051
2023-05-25,0.14304727136412904,0.29685969306390525,1.7128072458843317e-17,0.37674860369756064,0.1833444318744051
2023-05-26,0.14304727136412904,0.29685969306390525,1.7128072458843317e-17,0.37674860369756064,0.1833444318744051
2023-05-30,0.14304727136412904,0.29685969306390525,1.7128072458843317e-17,0.37674860369756064,0.1833444318744051
2023-05-31,0.14304727136412904,0.29685969306390525,1.7128072458843317e-17,0.37674860369756064,0.1833444318744051
2023-06-01,0.14304727136412904,0.29685969306390525,1.7128072458843317e-17,0.37674860369756064,0.1833444318744051
2023-06-02,0.14304727136412904,0.29685969306390525,1.7128072458843317e-17,0.37674860369756064,0.1833444318744051
2023-06-05,0.14304727136412904,0.29685969306390525,1.7128072458843317e-17,0.37674860369756064,0.1833444318744051
2023-06-06,0.14304727136412904,0.29685969306390525,1.7128072458843317e-17,0.37674860369756064,0.1833444318744051
2023-06-07,0.14304727136412904,0.29685969306390525,1.7128072458843317e-17,0.37674860369756064,0.1833444318744051
2023-06-09,0.14304727136412904,0.29685969306390525,1.7128072458843317e-17,0.37674860369756064,0.1833444318744051
2023-06-12,0.1530057828752135,0.2898842598340972,3.6079695702687994e-17,0.3642120735106569,0.19289788378003242
2023-06-13,0.1530057828752135,0.2898842598340972,3.6079695702687994e-17,0.3642120735106569,0.19289788378003242
2023-06-14,0.1530057828752135,0.2898842598340972,3.6079695702687994e-17,0.3642120735106569,0.19289788378003242
2023-06-15,0.1530057828752135,0.2898842598340972,3.6079695702687994e-17,0.3642120735106569,0.19289788378003242
2023-06-16,0.1530057828752135,0.2898842598340972,3.6079695702687994e-17,0.3642120735106569,0.19289788378003242
2023-06-20,0.1530057828752135,0.2898842598340972,3.6079695702687994e-17,0.3642120735106569,0.19289788378003242
2023-06-21,0.1530057828752135,0.2898842598340972,3.6079695702687994e-17,0.3642120735106569,0.19289788378003242
2023-06-22,0.1530057828752135,0.2898842598340972,3.6079695702687994e-17,0.3642120735106569,0.19289788378003242
2023-06-23,0.1530057828752135,0.2898842598340972,3.6079695702687994e-17,0.3642120735106569,0.19289788378003242
2023-06-26,0.1530057828752135,0.2898842598340972,3.6079695702687994e-17,0.3642120735106569,0.19289788378003242
2023-06-27,0.1530057828752135,0.2898842598340972,3.6079695702687994e-17,0.3642120735106569,0.19289788378003242
2023-06-28,0.1530057828752135,0.2898842598340972,3.6079695702687994e-17,0.3642120735106569,0.19289788378003242
2023-06-29,0.1530057828752135,0.2898842598340972,3.6079695702687994e-17,0.3642120735106569,0.19289788378003242
2023-06-30,0.1530057828752135,0.2898842598340972,3.6079695702687994e-17,0.3642120735106569,0.19289788378003242
2023-07-03,0.1530057828752135,0.2898842598340972,3.6079695702687994e-17,0.3642120735106569,0.19289788378003242
2023-07-05,0.1530057828752135,0.2898842598340972,3.6079695702687994e-17,0.3642120735106569,0.19289788378003242
2023-07-06,0.1530057828752135,0.2898842598340972,3.6079695702687994e-17,0.3642120735106569,0.19289788378003242
2023-07-07,0.1530057828752135,0.2898842598340972,3.6079695702687994e-17,0.3642120735106569,0.19289788378003242
2023-07-10,0.1530057828752135,0.2898842598340972,3.6079695702687994e-17,0.3642120735106569,0.19289788378003242
2023-07-11,0.1530057828752135,0.2898842598340972,3.6079695702687994e-17,0.3642120735106569,0.19289788378003242
2023-07-12,0.1530057828752135,0.2898842598340972,3.6079695702687994e-17,0.3642120735106569,0.19289788378003242
2023-07-13,0.18090481658074636,0.2639782487636231,0.0,0.3464831559092795,0.208633778746351
2023-07-14,0.18090481658074636,0.2639782487636231,0.0,0.3464831559092795,0.208633778746351
2023-07-17,0.18090481658074636,0.2639782487636231,0.0,0.3464831559092795,0.208633778746351
2023-07-18,0.18090481658074636,0.2639782487636231,0.0,0.3464831559092795,0.208633778746351
2023-07-19,0.18090481658074636,0.2639782487636231,0.0,0.3464831559092795,0.208633778746351
2023-07-20,0.18090481658074636,0.2639782487636231,0.0,0.3464831559092795,0.208633778746351
2023-07-21,0.18090481658074636,0.2639782487636231,0.0,0.3464831559092795,0.208633778746351
2023-07-24,0.18090481658074636,0.2639782487636231,0.0,0.3464831559092795,0.208633778746351
2023-07-25,0.18090481658074636,0.2639782487636231,0.0,0.3464831559092795,0.208633778746351
2023-07-26,0.18090481658074636,0.2639782487636231,0.0,0.3464831559092795,0.208633778746351
2023-07-27,0.18090481658074636,0.2639782487636231,0.0,0.3464831559092795,0.208633778746351
2023-07-28,0.18090481658074636,0.2639782487636231,0.0,0.3464831559092795,0.208633778746351
2023-07-31,0.18090481658074636,0.2639782487636231,0.0,0.3464831559092795,0.208633778746351
2023-08-01,0.18090481658074636,0.2639782487636231,0.0,0.3464831559092795,0.208633778746351
2023-08-02,0.18090481658074636,0.2639782487636231,0.0,0.3464831559092795,0.208633778746351
2023-08-03,0.18090481658074636,0.2639782487636231,0.0,0.3464831559092795,0.208633778746351
2023-08-04,0.18090481658074636,0.2639782487636231,0.0,0.3464831559092795,0.208633778746351
2023-08-07,0.18090481658074636,0.2639782487636231,0.0,0.3464831559092795,0.208633778746351
2023-08-08,0.18090481658074636,0.2639782487636231,0.0,0.3464831559092795,0.208633778746351
2023-08-09,0.18090481658074636,0.2639782487636231,0.0,0.3464831559092795,0.208633778746351
2023-08-10,0.18090481658074636,0.2639782487636231,0.0,0.3464831559092795,0.208633778746351
2023-08-11,0.17209292385342448,0.27351525627181345,0.0,0.3396069107333829,0.21478490914137913
2023-08-14,0.17209292385342448,0.27351525627181345,0.0,0.3396069107333829,0.21478490914137913
2023-08-15,0.17209292385342448,0.27351525627181345,0.0,0.3396069107333829,0.21478490914137913
2023-08-16,0.17209292385342448,0.27351525627181345,0.0,0.3396069107333829,0.21478490914137913
2023-08-17,0.17209292385342448,0.27351525627181345,0.0,0.3396069107333829,0.21478490914137913
2023-08-18,0.17209292385342448,0.27351525627181345,0.0,0.3396069107333829,0.21478490914137913
2023-08-21,0.17209292385342448,0.27351525627181345,0.0,0.3396069107333829,0.21478490914137913
2023-08-22,0.17209292385342448,0.27351525627181345,0.0,0.3396069107333829,0.21478490914137913
2023-08-23,0.17209292385342448,0.27351525627181345,0.0,0.3396069107333829,0.21478490914137913
2023-08-24,0.17209292385342448,0.27351525627181345,0.0,0.3396069107333829,0.21478490914137913
2023-08-25,0.17209292385342448,0.27351525627181345,0.0,0.3396069107333829,0.21478490914137913
2023-08-28,0.17209292385342448,0.27351525627181345,0.0,0.3396069107333829,0.21478490914137913
2023-08-29,0.17209292385342448,0.27351525627181345,0.0,0.3396069107333829,0.21478490914137913
2023-08-30,0.17209292385342448,0.27351525627181345,0.0,0.3396069107333829,0.21478490914137913
2023-08-31,0.17209292385342448,0.27351525627181345,0.0,0.3396069107333829,0.21478490914137913
2023-09-01,0.17209292385342448,0.27351525627181345,0.0,0.3396069107333829,0.21478490914137913
2023-09-05,0.17209292385342448,0.27351525627181345,0.0,0.3396069107333829,0.21478490914137913
2023-09-06,0.17209292385342448,0.27351525627181345,0.0,0.3396069107333829,0.21478490914137913
2023-09-08,0.17209292385342448,0.27351525627181345,0.0,0.3396069107333829,0.21478490914137913
2023-09-11,0.17209292385342448,0.27351525627181345,0.0,0.3396069107333829,0.21478490914137913
2023-09-12,0.17209292385342448,0.27351525627181345,0.0,0.3396069107333829,0.21478490914137913
2023-09-13,0.1651016857630549,0.2815098211777149,0.0,0.3393661174218363,0.2140223756373939
2023-09-14,0.1651016857630549,0.2815098211777149,0.0,0.3393661174218363,0.2140223756373939
2023-09-15,0.1651016857630549,0.2815098211777149,0.0,0.3393661174218363,0.2140223756373939
2023-09-18,0.1651016857630549,0.2815098211777149,0.0,0.3393661174218363,0.2140223756373939
2023-09-19,0.1651016857630549,0.2815098211777149,0.0,0.3393661174218363,0.2140223756373939
2023-09-20,0.1651016857630549,0.2815098211777149,0.0,0.3393661174218363,0.2140223756373939
2023-09-21,0.1651016857630549,0.2815098211777149,0.0,0.3393661174218363,0.2140223756373939
2023-09-22,0.1651016857630549,0.2815098211777149,0.0,0.3393661174218363,0.2140223756373939
2023-09-25,0.1651016857630549,0.2815098211777149,0.0,0.3393661174218363,0.2140223756373939
2023-09-26,0.1651016857630549,0.2815098211777149,0.0,0.3393661174218363,0.2140223756373939
2023-09-27,0.1651016857630549,0.2815098211777149,0.0,0.3393661174218363,0.2140223756373939
2023-09-28,0.1651016857630549,0.2815098211777149,0.0,0.3393661174218363,0.2140223756373939
2023-09-29,0.1651016857630549,0.2815098211777149,0.0,0.3393661174218363,0.2140223756373939
2023-10-02,0.1651016857630549,0.2815098211777149,0.0,0.3393661174218363,0.2140223756373939
2023-10-03,0.1651016857630549,0.2815098211777149,0.0,0.3393661174218363,0.2140223756373939
2023-10-04,0.1651016857630549,0.2815098211777149,0.0,0.3393661174218363,0.2140223756373939
2023-10-05,0.1651016857630549,0.2815098211777149,0.0,0.3393661174218363,0.2140223756373939
2023-10-06,0.1651016857630549,0.2815098211777149,0.0,0.3393661174218363,0.2140223756373939
2023-10-09,0.1651016857630549,0.2815098211777149,0.0,0.3393661174218363,0.2140223756373939
2023-10-10,0.1651016857630549,0.2815098211777149,0.0,0.3393661174218363,0.2140223756373939
2023-10-11,0.1651016857630549,0.2815098211777149,0.0,0.3393661174218363,0.2140223756373939
2023-10-13,0.17354601872676642,0.2725677992489776,0.0,0.3326174209513435,0.22126876107291255
2023-10-16,0.17354601872676642,0.2725677992489776,0.0,0.3326174209513435,0.22126876107291255
2023-10-17,0.17354601872676642,0.2725677992489776,0.0,0.3326174209513435,0.22126876107291255
2023-10-18,0.17354601872676642,0.2725677992489776,0.0,0.3326174209513435,0.22126876107291255
2023-10-19,0.17354601872676642,0.2725677992489776,0.0,0.3326174209513435,0.22126876107291255
2023-10-20,0.17354601872676642,0.2725677992489776,0.0,0.3326174209513435,0.22126876107291255
2023-10-23,0.17354601872676642,0.2725677992489776,0.0,0.3326174209513435,0.22126876107291255
2023-10-24,0.17354601872676642,0.2725677992489776,0.0,0.3326174209513435,0.22126876107291255
2023-10-25,0.17354601872676642,0.2725677992489776,0.0,0.3326174209513435,0.22126876107291255
2023-10-26,0.17354601872676642,0.2725677992489776,0.0,0.3326174209513435,0.22126876107291255
2023-10-27,0.17354601872676642,0.2725677992489776,0.0,0.3326174209513435,0.22126876107291255
2023-10-30,0.17354601872676642,0.2725677992489776,0.0,0.3326174209513435,0.22126876107291255
2023-10-31,0.17354601872676642,0.2725677992489776,0.0,0.3326174209513435,0.22126876107291255
2023-11-01,0.17354601872676642,0.2725677992489776,0.0,0.3326174209513435,0.22126876107291255
2023-11-03,0.17354601872676642,0.2725677992489776,0.0,0.3326174209513435,0.22126876107291255
2023-11-06,0.17354601872676642,0.2725677992489776,0.0,0.3326174209513435,0.22126876107291255
2023-11-07,0.17354601872676642,0.2725677992489776,0.0,0.3326174209513435,0.22126876107291255
2023-11-08,0.17354601872676642,0.2725677992489776,0.0,0.3326174209513435,0.22126876107291255
2023-11-09,0.17354601872676642,0.2725677992489776,0.0,0.3326174209513435,0.22126876107291255
2023-11-10,0.17354601872676642,0.2725677992489776,0.0,0.3326174209513435,0.22126876107291255
2023-11-13,0.17354601872676642,0.2725677992489776,0.0,0.3326174209513435,0.22126876107291255
2023-11-14,0.16488369077267206,0.27389142890590823,3.403807358097341e-17,0.35079080216033237,0.21043407816108733
2023-11-16,0.16488369077267206,0.27389142890590823,3.403807358097341e-17,0.35079080216033237,0.21043407816108733
2023-11-17,0.16488369077267206,0.27389142890590823,3.403807358097341e-17,0.35079080216033237,0.21043407816108733
2023-11-20,0.16488369077267206,0.27389142890590823,3.403807358097341e-17,0.35079080216033237,0.21043407816108733
2023-11-21,0.16488369077267206,0.27389142890590823,3.403807358097341e-17,0.35079080216033237,0.21043407816108733
2023-11-22,0.16488369077267206,0.27389142890590823,3.403807358097341e-17,0.35079080216033237,0.21043407816108733
2023-11-24,0.16488369077267206,0.27389142890590823,3.403807358097341e-17,0.35079080216033237,0.21043407816108733
2023-11-27,0.16488369077267206,0.27389142890590823,3.403807358097341e-17,0.35079080216033237,0.21043407816108733
2023-11-28,0.16488369077267206,0.27389142890590823,3.403807358097341e-17,0.35079080216033237,0.21043407816108733
2023-11-29,0.16488369077267206,0.27389142890590823,3.403807358097341e-17,0.35079080216033237,0.21043407816108733
2023-11-30,0.16488369077267206,0.27389142890590823,3.403807358097341e-17,0.35079080216033237,0.21043407816108733
2023-12-01,0.16488369077267206,0.27389142890590823,3.403807358097341e-17,0.35079080216033237,0.21043407816108733
2023-12-04,0.16488369077267206,0.27389142890590823,3.403807358097341e-17,0.35079080216033237,0.21043407816108733
2023-12-05,0.16488369077267206,0.27389142890590823,3.403807358097341e-17,0.35079080216033237,0.21043407816108733
2023-12-06,0.16488369077267206,0.27389142890590823,3.403807358097341e-17,0.35079080216033237,0.21043407816108733
2023-12-07,0.16488369077267206,0.27389142890590823,3.403807358097341e-17,0.35079080216033237,0.21043407816108733
2023-12-08,0.16488369077267206,0.27389142890590823,3.403807358097341e-17,0.35079080216033237,0.21043407816108733
2023-12-11,0.16488369077267206,0.27389142890590823,3.403807358097341e-17,0.35079080216033237,0.21043407816108733
2023-12-12,0.16488369077267206,0.27389142890590823,3.403807358097341e-17,0.35079080216033237,0.21043407816108733
2023-12-13,0.16488369077267206,0.27389142890590823,3.403807358097341e-17,0.35079080216033237,0.21043407816108733
2023-12-14,0.16488369077267206,0.27389142890590823,3.403807358097341e-17,0.35079080216033237,0.21043407816108733
2023-12-15,0.17165952103449839,0.23804205919969612,2.8885965726495095e-17,0.3676991088075584,0.22259931095824712
2023-12-18,0.17165952103449839,0.23804205919969612,2.8885965726495095e-17,0.3676991088075584,0.22259931095824712
2023-12-19,0.17165952103449839,0.23804205919969612,2.8885965726495095e-17,0.3676991088075584,0.22259931095824712
2023-12-20,0.17165952103449839,0.23804205919969612,2.8885965726495095e-17,0.3676991088075584,0.22259931095824712
2023-12-21,0.17165952103449839,0.23804205919969612,2.8885965726495095e-17,0.3676991088075584,0.22259931095824712
2023-12-22,0.17165952103449839,0.23804205919969612,2.8885965726495095e-17,0.3676991088075584,0.22259931095824712
2023-12-26,0.17165952103449839,0.23804205919969612,2.8885965726495095e-17,0.3676991088075584,0.22259931095824712
2023-12-27,0.17165952103449839,0.23804205919969612,2.8885965726495095e-17,0.3676991088075584,0.22259931095824712
2023-12-28,0.17165952103449839,0.23804205919969612,2.8885965726495095e-17,0.3676991088075584,0.22259931095824712
2024-01-02,0.17165952103449839,0.23804205919969612,2.8885965726495095e-17,0.3676991088075584,0.22259931095824712
2024-01-03,0.17165952103449839,0.23804205919969612,2.8885965726495095e-17,0.3676991088075584,0.22259931095824712
2024-01-04,0.17165952103449839,0.23804205919969612,2.8885965726495095e-17,0.3676991088075584,0.22259931095824712
2024-01-05,0.17165952103449839,0.23804205919969612,2.8885965726495095e-17,0.3676991088075584,0.22259931095824712
2024-01-08,0.17165952103449839,0.23804205919969612,2.8885965726495095e-17,0.3676991088075584,0.22259931095824712
2024-01-09,0.17165952103449839,0.23804205919969612,2.8885965726495095e-17,0.3676991088075584,0.22259931095824712
2024-01-10,0.17165952103449839,0.23804205919969612,2.8885965726495095e-17,0.3676991088075584,0.22259931095824712
2024-01-11,0.17165952103449839,0.23804205919969612,2.8885965726495095e-17,0.3676991088075584,0.22259931095824712
2024-01-12,0.17165952103449839,0.23804205919969612,2.8885965726495095e-17,0.3676991088075584,0.22259931095824712
2024-01-16,0.17165952103449839,0.23804205919969612,2.8885965726495095e-17,0.3676991088075584,0.22259931095824712
2024-01-17,0.17165952103449839,0.23804205919969612,2.8885965726495095e-17,0.3676991088075584,0.22259931095824712
2024-01-18,0.17165952103449839,0.23804205919969612,2.8885965726495095e-17,0.3676991088075584,0.22259931095824712
2024-01-19,0.15703642495136222,0.245419780769969,2.5517410504596577e-17,0.3716485402938997,0.22589525398476906
2024-01-22,0.15703642495136222,0.245419780769969,2.5517410504596577e-17,0.3716485402938997,0.22589525398476906
2024-01-23,0.15703642495136222,0.245419780769969,2.5517410504596577e-17,0.3716485402938997,0.22589525398476906
2024-01-24,0.15703642495136222,0.245419780769969,2.5517410504596577e-17,0.3716485402938997,0.22589525398476906
2024-01-25,0.15703642495136222,0.245419780769969,2.5517410504596577e-17,0.3716485402938997,0.22589525398476906
2024-01-26,0.15703642495136222,0.245419780769969,2.5517410504596577e-17,0.3716485402938997,0.22589525398476906
2024-01-29,0.15703642495136222,0.245419780769969,2.5517410504596577e-17,0.3716485402938997,0.22589525398476906
2024-01-30,0.15703642495136222,0.245419780769969,2.5517410504596577e-17,0.3716485402938997,0.22589525398476906
2024-01-31,0.15703642495136222,0.245419780769969,2.5517410504596577e-17,0.3716485402938997,0.22589525398476906
2024-02-01,0.15703642495136222,0.245419780769969,2.5517410504596577e-17,0.3716485402938997,0.22589525398476906
2024-02-02,0.15703642495136222,0.245419780769969,2.5517410504596577e-17,0.3716485402938997,0.22589525398476906
2024-02-05,0.15703642495136222,0.245419780769969,2.5517410504596577e-17,0.3716485402938997,0.22589525398476906
2024-02-06,0.15703642495136222,0.245419780769969,2.5517410504596577e-17,0.3716485402938997,0.22589525398476906
2024-02-07,0.15703642495136222,0.245419780769969,2.5517410504596577e-17,0.3716485402938997,0.22589525398476906
2024-02-08,0.15703642495136222,0.245419780769969,2.5517410504596577e-17,0.3716485402938997,0.22589525398476906
2024-02-09,0.15703642495136222,0.245419780769969,2.5517410504596577e-17,0.3716485402938997,0.22589525398476906
2024-02-14,0.15703642495136222,0.245419780769969,2.5517410504596577e-17,0.3716485402938997,0.22589525398476906
2024-02-15,0.15703642495136222,0.245419780769969,2.5517410504596577e-17,0.3716485402938997,0.22589525398476906
2024-02-16,0.15703642495136222,0.245419780769969,2.5517410504596577e-17,0.3716485402938997,0.22589525398476906
2024-02-20,0.15703642495136222,0.245419780769969,2.5517410504596577e-17,0.3716485402938997,0.22589525398476906
2024-02-21,0.15703642495136222,0.245419780769969,2.5517410504596577e-17,0.3716485402938997,0.22589525398476906
2024-02-22,0.15679082718986098,0.24218899878951528,7.193598647814254e-18,0.3763385285728538,0.22468164544776997
2024-02-23,0.15679082718986098,0.24218899878951528,7.193598647814254e-18,0.3763385285728538,0.22468164544776997
2024-02-26,0.15679082718986098,0.24218899878951528,7.193598647814254e-18,0.3763385285728538,0.22468164544776997
2024-02-27,0.15679082718986098,0.24218899878951528,7.193598647814254e-18,0.3763385285728538,0.22468164544776997
2024-02-28,0.15679082718986098,0.24218899878951528,7.193598647814254e-18,0.3763385285728538,0.22468164544776997
2024-02-29,0.15679082718986098,0.24218899878951528,7.193598647814254e-18,0.3763385285728538,0.22468164544776997
2024-03-01,0.15679082718986098,0.24218899878951528,7.193598647814254e-18,0.3763385285728538,0.22468164544776997
2024-03-04,0.15679082718986098,0.24218899878951528,7.193598647814254e-18,0.3763385285728538,0.22468164544776997
2024-03-05,0.15679082718986098,0.24218899878951528,7.193598647814254e-18,0.3763385285728538,0.22468164544776997
2024-03-06,0.15679082718986098,0.24218899878951528,7.193598647814254e-18,0.3763385285728538,0.22468164544776997
2024-03-07,0.15679082718986098,0.24218899878951528,7.193598647814254e-18,0.3763385285728538,0.22468164544776997
2024-03-08,0.15679082718986098,0.24218899878951528,7.193598647814254e-18,0.3763385285728538,0.22468164544776997
2024-03-11,0.15679082718986098,0.24218899878951528,7.193598647814254e-18,0.3763385285728538,0.22468164544776997
2024-03-12,0.15679082718986098,0.24218899878951528,7.193598647814254e-18,0.3763385285728538,0.22468164544776997
2024-03-13,0.15679082718986098,0.24218899878951528,7.193598647814254e-18,0.3763385285728538,0.22468164544776997
2024-03-14,0.15679082718986098,0.24218899878951528,7.193598647814254e-18,0.3763385285728538,0.22468164544776997
2024-03-15,0.15679082718986098,0.24218899878951528,7.193598647814254e-18,0.3763385285728538,0.22468164544776997
2024-03-18,0.15679082718986098,0.24218899878951528,7.193598647814254e-18,0.3763385285728538,0.22468164544776997
2024-03-19,0.15679082718986098,0.24218899878951528,7.193598647814254e-18,0.3763385285728538,0.22468164544776997
2024-03-20,0.15679082718986098,0.24218899878951528,7.193598647814254e-18,0.3763385285728538,0.22468164544776997
2024-03-21,0.15679082718986098,0.24218899878951528,7.193598647814254e-18,0.3763385285728538,0.22468164544776997
2024-03-22,0.18053010696640046,0.21925817583485782,2.7998233923766616e-17,0.38040226715790115,0.21980945004084054
2024-03-25,0.18053010696640046,0.21925817583485782,2.7998233923766616e-17,0.38040226715790115,0.21980945004084054
2024-03-26,0.18053010696640046,0.21925817583485782,2.7998233923766616e-17,0.38040226715790115,0.21980945004084054
2024-03-27,0.18053010696640046,0.21925817583485782,2.7998233923766616e-17,0.38040226715790115,0.21980945004084054
2024-03-28,0.18053010696640046,0.21925817583485782,2.7998233923766616e-17,0.38040226715790115,0.21980945004084054
2024-04-01,0.18053010696640046,0.21925817583485782,2.7998233923766616e-17,0.38040226715790115,0.21980945004084054
2024-04-02,0.18053010696640046,0.21925817583485782,2.7998233923766616e-17,0.38040226715790115,0.21980945004084054
2024-04-03,0.18053010696640046,0.21925817583485782,2.7998233923766616e-17,0.38040226715790115,0.21980945004084054
2024-04-04,0.18053010696640046,0.21925817583485782,2.7998233923766616e-17,0.38040226715790115,0.21980945004084054
2024-04-05,0.18053010696640046,0.21925817583485782,2.7998233923766616e-17,0.38040226715790115,0.21980945004084054
2024-04-08,0.18053010696640046,0.21925817583485782,2.7998233923766616e-17,0.38040226715790115,0.21980945004084054
2024-04-09,0.18053010696640046,0.21925817583485782,2.7998233923766616e-17,0.38040226715790115,0.21980945004084054
2024-04-10,0.18053010696640046,0.21925817583485782,2.7998233923766616e-17,0.38040226715790115,0.21980945004084054
2024-04-11,0.18053010696640046,0.21925817583485782,2.7998233923766616e-17,0.38040226715790115,0.21980945004084054
2024-04-12,0.18053010696640046,0.21925817583485782,2.7998233923766616e-17,0.38040226715790115,0.21980945004084054
2024-04-15,0.18053010696640046,0.21925817583485782,2.7998233923766616e-17,0.38040226715790115,0.21980945004084054
2024-04-16,0.18053010696640046,0.21925817583485782,2.7998233923766616e-17,0.38040226715790115,0.21980945004084054
2024-04-17,0.18053010696640046,0.21925817583485782,2.7998233923766616e-17,0.38040226715790115,0.21980945004084054
2024-04-18,0.18053010696640046,0.21925817583485782,2.7998233923766616e-17,0.38040226715790115,0.21980945004084054
2024-04-19,0.18053010696640046,0.21925817583485782,2.7998233923766616e-17,0.38040226715790115,0.21980945004084054
2024-04-22,0.18053010696640046,0.21925817583485782,2.7998233923766616e-17,0.38040226715790115,0.21980945004084054
2024-04-23,0.15242176145273922,0.26320979678630957,1.799054318606459e-17,0.3707166018350116,0.21365183992593959
2024-04-24,0.15242176145273922,0.26320979678630957,1.799054318606459e-17,0.3707166018350116,0.21365183992593959
2024-04-25,0.15242176145273922,0.26320979678630957,1.799054318606459e-17,0.3707166018350116,0.21365183992593959
2024-04-26,0.15242176145273922,0.26320979678630957,1.799054318606459e-17,0.3707166018350116,0.21365183992593959
2024-04-29,0.15242176145273922,0.26320979678630957,1.799054318606459e-17,0.3707166018350116,0.21365183992593959
2024-04-30,0.15242176145273922,0.26320979678630957,1.799054318606459e-17,0.3707166018350116,0.21365183992593959
2024-05-02,0.15242176145273922,0.26320979678630957,1.799054318606459e-17,0.3707166018350116,0.21365183992593959
2024-05-03,0.15242176145273922,0.26320979678630957,1.799054318606459e-17,0.3707166018350116,0.21365183992593959
2024-05-06,0.15242176145273922,0.26320979678630957,1.799054318606459e-17,0.3707166018350116,0.21365183992593959
2024-05-07,0.15242176145273922,0.26320979678630957,1.799054318606459e-17,0.3707166018350116,0.21365183992593959
2024-05-08,0.15242176145273922,0.26320979678630957,1.799054318606459e-17,0.3707166018350116,0.21365183992593959
2024-05-09,0.15242176145273922,0.26320979678630957,1.799054318606459e-17,0.3707166018350116,0.21365183992593959
2024-05-10,0.15242176145273922,0.26320979678630957,1.799054318606459e-17,0.3707166018350116,0.21365183992593959
2024-05-13,0.15242176145273922,0.26320979678630957,1.799054318606459e-17,0.3707166018350116,0.21365183992593959
2024-05-14,0.15242176145273922,0.26320979678630957,1.799054318606459e-17,0.3707166018350116,0.21365183992593959
2024-05-15,0.15242176145273922,0.26320979678630957,1.799054318606459e-17,0.3707166018350116,0.21365183992593959
2024-05-16,0.15242176145273922,0.26320979678630957,1.799054318606459e-17,0.3707166018350116,0.21365183992593959
2024-05-17,0.15242176145273922,0.26320979678630957,1.799054318606459e-17,0.3707166018350116,0.21365183992593959
2024-05-20,0.15242176145273922,0.26320979678630957,1.799054318606459e-17,0.3707166018350116,0.21365183992593959
2024-05-21,0.15242176145273922,0.26320979678630957,1.799054318606459e-17,0.3707166018350116,0.21365183992593959
2024-05-22,0.15242176145273922,0.26320979678630957,1.799054318606459e-17,0.3707166018350116,0.21365183992593959
2024-05-23,0.14354709544275823,0.2778786434977604,0.0,0.36541273252593853,0.21316152853354287
2024-05-24,0.14354709544275823,0.2778786434977604,0.0,0.36541273252593853,0.21316152853354287
2024-05-28,0.14354709544275823,0.2778786434977604,0.0,0.36541273252593853,0.21316152853354287
2024-05-29,0.14354709544275823,0.2778786434977604,0.0,0.36541273252593853,0.21316152853354287
2024-05-31,0.14354709544275823,0.2778786434977604,0.0,0.36541273252593853,0.21316152853354287
2024-06-03,0.14354709544275823,0.2778786434977604,0.0,0.36541273252593853,0.21316152853354287
2024-06-04,0.14354709544275823,0.2778786434977604,0.0,0.36541273252593853,0.21316152853354287
2024-06-05,0.14354709544275823,0.2778786434977604,0.0,0.36541273252593853,0.21316152853354287
2024-06-06,0.14354709544275823,0.2778786434977604,0.0,0.36541273252593853,0.21316152853354287
2024-06-07,0.14354709544275823,0.2778786434977604,0.0,0.36541273252593853,0.21316152853354287
2024-06-10,0.14354709544275823,0.2778786434977604,0.0,0.36541273252593853,0.21316152853354287
2024-06-11,0.14354709544275823,0.2778786434977604,0.0,0.36541273252593853,0.21316152853354287
2024-06-12,0.14354709544275823,0.2778786434977604,0.0,0.36541273252593853,0.21316152853354287
2024-06-13,0.14354709544275823,0.2778786434977604,0.0,0.36541273252593853,0.21316152853354287
2024-06-14,0.14354709544275823,0.2778786434977604,0.0,0.36541273252593853,0.21316152853354287
2024-06-17,0.14354709544275823,0.2778786434977604,0.0,0.36541273252593853,0.21316152853354287
2024-06-18,0.14354709544275823,0.2778786434977604,0.0,0.36541273252593853,0.21316152853354287
2024-06-20,0.14354709544275823,0.2778786434977604,0.0,0.36541273252593853,0.21316152853354287
2024-06-21,0.14354709544275823,0.2778786434977604,0.0,0.36541273252593853,0.21316152853354287
2024-06-24,0.14354709544275823,0.2778786434977604,0.0,0.36541273252593853,0.21316152853354287
2024-06-25,0.14354709544275823,0.2778786434977604,0.0,0.36541273252593853,0.21316152853354287
2024-06-26,0.09061590955238022,0.321341896003837,0.0,0.3309228994626865,0.25711929498109626
2024-06-27,0.09061590955238022,0.321341896003837,0.0,0.3309228994626865,0.25711929498109626
2024-06-28,0.09061590955238022,0.321341896003837,0.0,0.3309228994626865,0.25711929498109626
2024-07-01,0.09061590955238022,0.321341896003837,0.0,0.3309228994626865,0.25711929498109626
2024-07-02,0.09061590955238022,0.321341896003837,0.0,0.3309228994626865,0.25711929498109626
2024-07-03,0.09061590955238022,0.321341896003837,0.0,0.3309228994626865,0.25711929498109626
2024-07-05,0.09061590955238022,0.321341896003837,0.0,0.3309228994626865,0.25711929498109626
2024-07-08,0.09061590955238022,0.321341896003837,0.0,0.3309228994626865,0.25711929498109626
2024-07-09,0.09061590955238022,0.321341896003837,0.0,0.3309228994626865,0.25711929498109626
2024-07-10,0.09061590955238022,0.321341896003837,0.0,0.3309228994626865,0.25711929498109626
2024-07-11,0.09061590955238022,0.321341896003837,0.0,0.3309228994626865,0.25711929498109626
2024-07-12,0.09061590955238022,0.321341896003837,0.0,0.3309228994626865,0.25711929498109626
2024-07-15,0.09061590955238022,0.321341896003837,0.0,0.3309228994626865,0.25711929498109626
2024-07-16,0.09061590955238022,0.321341896003837,0.0,0.3309228994626865,0.25711929498109626
2024-07-17,0.09061590955238022,0.321341896003837,0.0,0.3309228994626865,0.25711929498109626
2024-07-18,0.09061590955238022,0.321341896003837,0.0,0.3309228994626865,0.25711929498109626
2024-07-19,0.09061590955238022,0.321341896003837,0.0,0.3309228994626865,0.25711929498109626
2024-07-22,0.09061590955238022,0.321341896003837,0.0,0.3309228994626865,0.25711929498109626
2024-07-23,0.09061590955238022,0.321341896003837,0.0,0.3309228994626865,0.25711929498109626
2024-07-24,0.09061590955238022,0.321341896003837,0.0,0.3309228994626865,0.25711929498109626
2024-07-25,0.09061590955238022,0.321341896003837,0.0,0.3309228994626865,0.25711929498109626
2024-07-26,0.09720378422462,0.3132497407082085,0.0,0.33237397595387114,0.25717249911330037
2024-07-29,0.09720378422462,0.3132497407082085,0.0,0.33237397595387114,0.25717249911330037
2024-07-30,0.09720378422462,0.3132497407082085,0.0,0.33237397595387114,0.25717249911330037
2024-07-31,0.09720378422462,0.3132497407082085,0.0,0.33237397595387114,0.25717249911330037
2024-08-01,0.09720378422462,0.3132497407082085,0.0,0.33237397595387114,0.25717249911330037
2024-08-02,0.09720378422462,0.3132497407082085,0.0,0.33237397595387114,0.25717249911330037
2024-08-05,0.09720378422462,0.3132497407082085,0.0,0.33237397595387114,0.25717249911330037
2024-08-06,0.09720378422462,0.3132497407082085,0.0,0.33237397595387114,0.25717249911330037
2024-08-07,0.09720378422462,0.3132497407082085,0.0,0.33237397595387114,0.25717249911330037
2024-08-08,0.09720378422462,0.3132497407082085,0.0,0.33237397595387114,0.25717249911330037
2024-08-09,0.09720378422462,0.3132497407082085,0.0,0.33237397595387114,0.25717249911330037
2024-08-12,0.09720378422462,0.3132497407082085,0.0,0.33237397595387114,0.25717249911330037
2024-08-13,0.09720378422462,0.3132497407082085,0.0,0.33237397595387114,0.25717249911330037
2024-08-14,0.09720378422462,0.3132497407082085,0.0,0.33237397595387114,0.25717249911330037
2024-08-15,0.09720378422462,0.3132497407082085,0.0,0.33237397595387114,0.25717249911330037
2024-08-16,0.09720378422462,0.3132497407082085,0.0,0.33237397595387114,0.25717249911330037
2024-08-19,0.09720378422462,0.3132497407082085,0.0,0.33237397595387114,0.25717249911330037
2024-08-20,0.09720378422462,0.3132497407082085,0.0,0.33237397595387114,0.25717249911330037
2024-08-21,0.09720378422462,0.3132497407082085,0.0,0.33237397595387114,0.25717249911330037
2024-08-22,0.09720378422462,0.3132497407082085,0.0,0.33237397595387114,0.25717249911330037
2024-08-23,0.09720378422462,0.3132497407082085,0.0,0.33237397595387114,0.25717249911330037
2024-08-26,0.1067805024432543,0.30911553868669217,1.2285568371013387e-17,0.34348281384025736,0.2406211450297962
2024-08-27,0.1067805024432543,0.30911553868669217,1.2285568371013387e-17,0.34348281384025736,0.2406211450297962
2024-08-28,0.1067805024432543,0.30911553868669217,1.2285568371013387e-17,0.34348281384025736,0.2406211450297962
2024-08-29,0.1067805024432543,0.30911553868669217,1.2285568371013387e-17,0.34348281384025736,0.2406211450297962
2024-08-30,0.1067805024432543,0.30911553868669217,1.2285568371013387e-17,0.34348281384025736,0.2406211450297962
2024-09-03,0.1067805024432543,0.30911553868669217,1.2285568371013387e-17,0.34348281384025736,0.2406211450297962
2024-09-04,0.1067805024432543,0.30911553868669217,1.2285568371013387e-17,0.34348281384025736,0.2406211450297962
2024-09-05,0.1067805024432543,0.30911553868669217,1.2285568371013387e-17,0.34348281384025736,0.2406211450297962
2024-09-06,0.1067805024432543,0.30911553868669217,1.2285568371013387e-17,0.34348281384025736,0.2406211450297962
2024-09-09,0.1067805024432543,0.30911553868669217,1.2285568371013387e-17,0.34348281384025736,0.2406211450297962
2024-09-10,0.1067805024432543,0.30911553868669217,1.2285568371013387e-17,0.34348281384025736,0.2406211450297962
2024-09-11,0.1067805024432543,0.30911553868669217,1.2285568371013387e-17,0.34348281384025736,0.2406211450297962
2024-09-12,0.1067805024432543,0.30911553868669217,1.2285568371013387e-17,0.34348281384025736,0.2406211450297962
2024-09-13,0.1067805024432543,0.30911553868669217,1.2285568371013387e-17,0.34348281384025736,0.2406211450297962
2024-09-16,0.1067805024432543,0.30911553868669217,1.2285568371013387e-17,0.34348281384025736,0.2406211450297962
2024-09-17,0.1067805024432543,0.30911553868669217,1.2285568371013387e-17,0.34348281384025736,0.2406211450297962
2024-09-18,0.1067805024432543,0.30911553868669217,1.2285568371013387e-17,0.34348281384025736,0.2406211450297962
2024-09-19,0.1067805024432543,0.30911553868669217,1.2285568371013387e-17,0.34348281384025736,0.2406211450297962
2024-09-20,0.1067805024432543,0.30911553868669217,1.2285568371013387e-17,0.34348281384025736,0.2406211450297962
2024-09-23,0.1067805024432543,0.30911553868669217,1.2285568371013387e-17,0.34348281384025736,0.2406211450297962
2024-09-24,0.1067805024432543,0.30911553868669217,1.2285568371013387e-17,0.34348281384025736,0.2406211450297962
2024-09-25,0.12360308156843448,0.2983489085225079,0.0,0.3462813767161613,0.2317666331928963
2024-09-26,0.12360308156843448,0.2983489085225079,0.0,0.3462813767161613,0.2317666331928963
2024-09-27,0.12360308156843448,0.2983489085225079,0.0,0.3462813767161613,0.2317666331928963
2024-09-30,0.12360308156843448,0.2983489085225079,0.0,0.3462813767161613,0.2317666331928963
2024-10-01,0.12360308156843448,0.2983489085225079,0.0,0.3462813767161613,0.2317666331928963
2024-10-02,0.12360308156843448,0.2983489085225079,0.0,0.3462813767161613,0.2317666331928963
2024-10-03,0.12360308156843448,0.2983489085225079,0.0,0.3462813767161613,0.2317666331928963
2024-10-04,0.12360308156843448,0.2983489085225079,0.0,0.3462813767161613,0.2317666331928963
2024-10-07,0.12360308156843448,0.2983489085225079,0.0,0.3462813767161613,0.2317666331928963
2024-10-08,0.12360308156843448,0.2983489085225079,0.0,0.3462813767161613,0.2317666331928963
2024-10-09,0.12360308156843448,0.2983489085225079,0.0,0.3462813767161613,0.2317666331928963
2024-10-10,0.12360308156843448,0.2983489085225079,0.0,0.3462813767161613,0.2317666331928963
2024-10-11,0.12360308156843448,0.2983489085225079,0.0,0.3462813767161613,0.2317666331928963
2024-10-14,0.12360308156843448,0.2983489085225079,0.0,0.3462813767161613,0.2317666331928963
2024-10-15,0.12360308156843448,0.2983489085225079,0.0,0.3462813767161613,0.2317666331928963
2024-10-16,0.12360308156843448,0.2983489085225079,0.0,0.3462813767161613,0.2317666331928963
2024-10-17,0.12360308156843448,0.2983489085225079,0.0,0.3462813767161613,0.2317666331928963
2024-10-18,0.12360308156843448,0.2983489085225079,0.0,0.3462813767161613,0.2317666331928963
2024-10-21,0.12360308156843448,0.2983489085225079,0.0,0.3462813767161613,0.2317666331928963
2024-10-22,0.12360308156843448,0.2983489085225079,0.0,0.3462813767161613,0.2317666331928963
2024-10-23,0.12360308156843448,0.2983489085225079,0.0,0.3462813767161613,0.2317666331928963
2024-10-24,0.12822724802151583,0.2907763640005567,0.0,0.33135792441272477,0.24963846356520267
2024-10-25,0.12822724802151583,0.2907763640005567,0.0,0.33135792441272477,0.24963846356520267
2024-10-28,0.12822724802151583,0.2907763640005567,0.0,0.33135792441272477,0.24963846356520267
2024-10-29,0.12822724802151583,0.2907763640005567,0.0,0.33135792441272477,0.24963846356520267
2024-10-30,0.12822724802151583,0.2907763640005567,0.0,0.33135792441272477,0.24963846356520267
2024-10-31,0.12822724802151583,0.2907763640005567,0.0,0.33135792441272477,0.24963846356520267
2024-11-01,0.12822724802151583,0.2907763640005567,0.0,0.33135792441272477,0.24963846356520267
2024-11-04,0.12822724802151583,0.2907763640005567,0.0,0.33135792441272477,0.24963846356520267
2024-11-05,0.12822724802151583,0.2907763640005567,0.0,0.33135792441272477,0.24963846356520267
2024-11-06,0.12822724802151583,0.2907763640005567,0.0,0.33135792441272477,0.24963846356520267
2024-11-07,0.12822724802151583,0.2907763640005567,0.0,0.33135792441272477,0.24963846356520267
2024-11-08,0.12822724802151583,0.2907763640005567,0.0,0.33135792441272477,0.24963846356520267
2024-11-11,0.12822724802151583,0.2907763640005567,0.0,0.33135792441272477,0.24963846356520267
2024-11-12,0.12822724802151583,0.2907763640005567,0.0,0.33135792441272477,0.24963846356520267
2024-11-13,0.12822724802151583,0.2907763640005567,0.0,0.33135792441272477,0.24963846356520267
2024-11-14,0.12822724802151583,0.2907763640005567,0.0,0.33135792441272477,0.24963846356520267
2024-11-18,0.12822724802151583,0.2907763640005567,0.0,0.33135792441272477,0.24963846356520267
2024-11-19,0.12822724802151583,0.2907763640005567,0.0,0.33135792441272477,0.24963846356520267
2024-11-21,0.12822724802151583,0.2907763640005567,0.0,0.33135792441272477,0.24963846356520267
2024-11-22,0.12822724802151583,0.2907763640005567,0.0,0.33135792441272477,0.24963846356520267
2024-11-25,0.12822724802151583,0.2907763640005567,0.0,0.33135792441272477,0.24963846356520267
2024-11-26,0.15742065628583646,0.2636282911520786,2.6463221614564796e-18,0.27981151677867927,0.2991395357834058
2024-11-27,0.15742065628583646,0.2636282911520786,2.6463221614564796e-18,0.27981151677867927,0.2991395357834058
2024-11-29,0.15742065628583646,0.2636282911520786,2.6463221614564796e-18,0.27981151677867927,0.2991395357834058
2024-12-02,0.15742065628583646,0.2636282911520786,2.6463221614564796e-18,0.27981151677867927,0.2991395357834058
2024-12-03,0.15742065628583646,0.2636282911520786,2.6463221614564796e-18,0.27981151677867927,0.2991395357834058
2024-12-04,0.15742065628583646,0.2636282911520786,2.6463221614564796e-18,0.27981151677867927,0.2991395357834058
2024-12-05,0.15742065628583646,0.2636282911520786,2.6463221614564796e-18,0.27981151677867927,0.2991395357834058
2024-12-06,0.15742065628583646,0.2636282911520786,2.6463221614564796e-18,0.27981151677867927,0.2991395357834058
2024-12-09,0.15742065628583646,0.2636282911520786,2.6463221614564796e-18,0.27981151677867927,0.2991395357834058
2024-12-10,0.15742065628583646,0.2636282911520786,2.6463221614564796e-18,0.27981151677867927,0.2991395357834058
2024-12-11,0.15742065628583646,0.2636282911520786,2.6463221614564796e-18,0.27981151677867927,0.2991395357834058
2024-12-12,0.15742065628583646,0.2636282911520786,2.6463221614564796e-18,0.27981151677867927,0.2991395357834058
2024-12-13,0.15742065628583646,0.2636282911520786,2.6463221614564796e-18,0.27981151677867927,0.2991395357834058
2024-12-16,0.15742065628583646,0.2636282911520786,2.6463221614564796e-18,0.27981151677867927,0.2991395357834058
2024-12-17,0.15742065628583646,0.2636282911520786,2.6463221614564796e-18,0.27981151677867927,0.2991395357834058
2024-12-18,0.15742065628583646,0.2636282911520786,2.6463221614564796e-18,0.27981151677867927,0.2991395357834058
2024-12-19,0.15742065628583646,0.2636282911520786,2.6463221614564796e-18,0.27981151677867927,0.2991395357834058
2024-12-20,0.15742065628583646,0.2636282911520786,2.6463221614564796e-18,0.27981151677867927,0.2991395357834058
2024-12-23,0.15742065628583646,0.2636282911520786,2.6463221614564796e-18,0.27981151677867927,0.2991395357834058
2024-12-26,0.15742065628583646,0.2636282911520786,2.6463221614564796e-18,0.27981151677867927,0.2991395357834058
2024-12-27,0.15742065628583646,0.2636282911520786,2.6463221614564796e-18,0.27981151677867927,0.2991395357834058
2024-12-30,0.18597897957246778,0.24418639959224533,1.5574500572452668e-17,0.27033001382317096,0.29950460701211584
2025-01-02,0.18597897957246778,0.24418639959224533,1.5574500572452668e-17,0.27033001382317096,0.29950460701211584
2025-01-03,0.18597897957246778,0.24418639959224533,1.5574500572452668e-17,0.27033001382317096,0.29950460701211584
2025-01-06,0.18597897957246778,0.24418639959224533,1.5574500572452668e-17,0.27033001382317096,0.29950460701211584
2025-01-07,0.18597897957246778,0.24418639959224533,1.5574500572452668e-17,0.27033001382317096,0.29950460701211584
2025-01-08,0.18597897957246778,0.24418639959224533,1.5574500572452668e-17,0.27033001382317096,0.29950460701211584
2025-01-10,0.18597897957246778,0.24418639959224533,1.5574500572452668e-17,0.27033001382317096,0.29950460701211584
2025-01-13,0.18597897957246778,0.24418639959224533,1.5574500572452668e-17,0.27033001382317096,0.29950460701211584
2025-01-14,0.18597897957246778,0.24418639959224533,1.5574500572452668e-17,0.27033001382317096,0.29950460701211584
2025-01-15,0.18597897957246778,0.24418639959224533,1.5574500572452668e-17,0.27033001382317096,0.29950460701211584
2025-01-16,0.18597897957246778,0.24418639959224533,1.5574500572452668e-17,0.27033001382317096,0.29950460701211584
2025-01-17,0.18597897957246778,0.24418639959224533,1.5574500572452668e-17,0.27033001382317096,0.29950460701211584
2025-01-21,0.18597897957246778,0.24418639959224533,1.5574500572452668e-17,0.27033001382317096,0.29950460701211584
2025-01-22,0.18597897957246778,0.24418639959224533,1.5574500572452668e-17,0.27033001382317096,0.29950460701211584
2025-01-23,0.18597897957246778,0.24418639959224533,1.5574500572452668e-17,0.27033001382317096,0.29950460701211584
2025-01-24,0.18597897957246778,0.24418639959224533,1.5574500572452668e-17,0.27033001382317096,0.29950460701211584
2025-01-27,0.18597897957246778,0.24418639959224533,1.5574500572452668e-17,0.27033001382317096,0.29950460701211584
2025-01-28,0.18597897957246778,0.24418639959224533,1.5574500572452668e-17,0.27033001382317096,0.29950460701211584
2025-01-29,0.18597897957246778,0.24418639959224533,1.5574500572452668e-17,0.27033001382317096,0.29950460701211584
2025-01-30,0.18597897957246778,0.24418639959224533,1.5574500572452668e-17,0.27033001382317096,0.29950460701211584
2025-01-31,0.18597897957246778,0.24418639959224533,1.5574500572452668e-17,0.27033001382317096,0.29950460701211584
2025-02-03,0.1813352383375205,0.24525737767790667,5.125209403759105e-19,0.2746101625379341,0.2987972214466388
2025-02-04,0.1813352383375205,0.24525737767790667,5.125209403759105e-19,0.2746101625379341,0.2987972214466388
2025-02-05,0.1813352383375205,0.24525737767790667,5.125209403759105e-19,0.2746101625379341,0.2987972214466388
2025-02-06,0.1813352383375205,0.24525737767790667,5.125209403759105e-19,0.2746101625379341,0.2987972214466388
2025-02-07,0.1813352383375205,0.24525737767790667,5.125209403759105e-19,0.2746101625379341,0.2987972214466388
2025-02-10,0.1813352383375205,0.24525737767790667,5.125209403759105e-19,0.2746101625379341,0.2987972214466388
2025-02-11,0.1813352383375205,0.24525737767790667,5.125209403759105e-19,0.2746101625379341,0.2987972214466388
2025-02-12,0.1813352383375205,0.24525737767790667,5.125209403759105e-19,0.2746101625379341,0.2987972214466388
2025-02-13,0.1813352383375205,0.24525737767790667,5.125209403759105e-19,0.2746101625379341,0.2987972214466388
2025-02-14,0.1813352383375205,0.24525737767790667,5.125209403759105e-19,0.2746101625379341,0.2987972214466388
2025-02-18,0.1813352383375205,0.24525737767790667,5.125209403759105e-19,0.2746101625379341,0.2987972214466388
2025-02-19,0.1813352383375205,0.24525737767790667,5.125209403759105e-19,0.2746101625379341,0.2987972214466388
2025-02-20,0.1813352383375205,0.24525737767790667,5.125209403759105e-19,0.2746101625379341,0.2987972214466388
2025-02-21,0.1813352383375205,0.24525737767790667,5.125209403759105e-19,0.2746101625379341,0.2987972214466388
2025-02-24,0.1813352383375205,0.24525737767790667,5.125209403759105e-19,0.2746101625379341,0.2987972214466388
2025-02-25,0.1813352383375205,0.24525737767790667,5.125209403759105e-19,0.2746101625379341,0.2987972214466388
2025-02-26,0.1813352383375205,0.24525737767790667,5.125209403759105e-19,0.2746101625379341,0.2987972214466388
2025-02-27,0.1813352383375205,0.24525737767790667,5.125209403759105e-19,0.2746101625379341,0.2987972214466388
2025-02-28,0.1813352383375205,0.24525737767790667,5.125209403759105e-19,0.2746101625379341,0.2987972214466388
2025-03-05,0.1813352383375205,0.24525737767790667,5.125209403759105e-19,0.2746101625379341,0.2987972214466388
2025-03-06,0.1813352383375205,0.24525737767790667,5.125209403759105e-19,0.2746101625379341,0.2987972214466388
2025-03-07,0.17937348919939688,0.24540479276252639,0.0,0.2904314189997521,0.28479029903832465
2025-03-10,0.17937348919939688,0.24540479276252639,0.0,0.2904314189997521,0.28479029903832465
2025-03-11,0.17937348919939688,0.24540479276252639,0.0,0.2904314189997521,0.28479029903832465
2025-03-12,0.17937348919939688,0.24540479276252639,0.0,0.2904314189997521,0.28479029903832465
2025-03-13,0.17937348919939688,0.24540479276252639,0.0,0.2904314189997521,0.28479029903832465
2025-03-14,0.17937348919939688,0.24540479276252639,0.0,0.2904314189997521,0.28479029903832465
2025-03-17,0.17937348919939688,0.24540479276252639,0.0,0.2904314189997521,0.28479029903832465
2025-03-18,0.17937348919939688,0.24540479276252639,0.0,0.2904314189997521,0.28479029903832465
2025-03-19,0.17937348919939688,0.24540479276252639,0.0,0.2904314189997521,0.28479029903832465
2025-03-20,0.17937348919939688,0.24540479276252639,0.0,0.2904314189997521,0.28479029903832465
2025-03-21,0.17937348919939688,0.24540479276252639,0.0,0.2904314189997521,0.28479029903832465
2025-03-24,0.17937348919939688,0.24540479276252639,0.0,0.2904314189997521,0.28479029903832465
2025-03-25,0.17937348919939688,0.24540479276252639,0.0,0.2904314189997521,0.28479029903832465
2025-03-26,0.17937348919939688,0.24540479276252639,0.0,0.2904314189997521,0.28479029903832465
2025-03-27,0.17937348919939688,0.24540479276252639,0.0,0.2904314189997521,0.28479029903832465
2025-03-28,0.17937348919939688,0.24540479276252639,0.0,0.2904314189997521,0.28479029903832465
2025-03-31,0.17937348919939688,0.24540479276252639,0.0,0.2904314189997521,0.28479029903832465
2025-04-01,0.17937348919939688,0.24540479276252639,0.0,0.2904314189997521,0.28479029903832465
2025-04-02,0.17937348919939688,0.24540479276252639,0.0,0.2904314189997521,0.28479029903832465
2025-04-03,0.17937348919939688,0.24540479276252639,0.0,0.2904314189997521,0.28479029903832465
2025-04-04,0.17937348919939688,0.24540479276252639,0.0,0.2904314189997521,0.28479029903832465
2025-04-07,0.1655880297511302,0.2538750514738005,4.004410166927911e-17,0.305979413352314,0.2745575054227553
2025-04-08,0.1655880297511302,0.2538750514738005,4.004410166927911e-17,0.305979413352314,0.2745575054227553
2025-04-09,0.1655880297511302,0.2538750514738005,4.004410166927911e-17,0.305979413352314,0.2745575054227553
2025-04-10,0.1655880297511302,0.2538750514738005,4.004410166927911e-17,0.305979413352314,0.2745575054227553
2025-04-11,0.1655880297511302,0.2538750514738005,4.004410166927911e-17,0.305979413352314,0.2745575054227553
2025-04-14,0.1655880297511302,0.2538750514738005,4.004410166927911e-17,0.305979413352314,0.2745575054227553
2025-04-15,0.1655880297511302,0.2538750514738005,4.004410166927911e-17,0.305979413352314,0.2745575054227553
2025-04-16,0.1655880297511302,0.2538750514738005,4.004410166927911e-17,0.305979413352314,0.2745575054227553
2025-04-17,0.1655880297511302,0.2538750514738005,4.004410166927911e-17,0.305979413352314,0.2745575054227553
2025-04-22,0.1655880297511302,0.2538750514738005,4.004410166927911e-17,0.305979413352314,0.2745575054227553
2025-04-23,0.1655880297511302,0.2538750514738005,4.004410166927911e-17,0.305979413352314,0.2745575054227553
2025-04-24,0.1655880297511302,0.2538750514738005,4.004410166927911e-17,0.305979413352314,0.2745575054227553
2025-04-25,0.1655880297511302,0.2538750514738005,4.004410166927911e-17,0.305979413352314,0.2745575054227553
2025-04-28,0.1655880297511302,0.2538750514738005,4.004410166927911e-17,0.305979413352314,0.2745575054227553
2025-04-29,0.1655880297511302,0.2538750514738005,4.004410166927911e-17,0.305979413352314,0.2745575054227553
2025-04-30,0.1655880297511302,0.2538750514738005,4.004410166927911e-17,0.305979413352314,0.2745575054227553
2025-05-02,0.1655880297511302,0.2538750514738005,4.004410166927911e-17,0.305979413352314,0.2745575054227553
2025-05-05,0.1655880297511302,0.2538750514738005,4.004410166927911e-17,0.305979413352314,0.2745575054227553
2025-05-06,0.1655880297511302,0.2538750514738005,4.004410166927911e-17,0.305979413352314,0.2745575054227553
2025-05-07,0.1655880297511302,0.2538750514738005,4.004410166927911e-17,0.305979413352314,0.2745575054227553
2025-05-08,0.1655880297511302,0.2538750514738005,4.004410166927911e-17,0.305979413352314,0.2745575054227553
2025-05-09,0.197745898195785,0.22818763506652626,4.2809831718053805e-17,0.3383619408238333,0.23570452591385535
2025-05-12,0.197745898195785,0.22818763506652626,4.2809831718053805e-17,0.3383619408238333,0.23570452591385535
2025-05-13,0.197745898195785,0.22818763506652626,4.2809831718053805e-17,0.3383619408238333,0.23570452591385535
2025-05-14,0.197745898195785,0.22818763506652626,4.2809831718053805e-17,0.3383619408238333,0.23570452591385535
2025-05-15,0.197745898195785,0.22818763506652626,4.2809831718053805e-17,0.3383619408238333,0.23570452591385535
2025-05-16,0.197745898195785,0.22818763506652626,4.2809831718053805e-17,0.3383619408238333,0.23570452591385535
2025-05-19,0.197745898195785,0.22818763506652626,4.2809831718053805e-17,0.3383619408238333,0.23570452591385535
2025-05-20,0.197745898195785,0.22818763506652626,4.2809831718053805e-17,0.3383619408238333,0.23570452591385535
2025-05-21,0.197745898195785,0.22818763506652626,4.2809831718053805e-17,0.3383619408238333,0.23570452591385535
2025-05-22,0.197745898195785,0.22818763506652626,4.2809831718053805e-17,0.3383619408238333,0.23570452591385535
2025-05-23,0.197745898195785,0.22818763506652626,4.2809831718053805e-17,0.3383619408238333,0.23570452591385535
2025-05-27,0.197745898195785,0.22818763506652626,4.2809831718053805e-17,0.3383619408238333,0.23570452591385535
2025-05-28,0.197745898195785,0.22818763506652626,4.2809831718053805e-17,0.3383619408238333,0.23570452591385535
2025-05-29,0.197745898195785,0.22818763506652626,4.2809831718053805e-17,0.3383619408238333,0.23570452591385535
2025-05-30,0.197745898195785,0.22818763506652626,4.2809831718053805e-17,0.3383619408238333,0.23570452591385535
2025-06-02,0.197745898195785,0.22818763506652626,4.2809831718053805e-17,0.3383619408238333,0.23570452591385535
2025-06-03,0.197745898195785,0.22818763506652626,4.2809831718053805e-17,0.3383619408238333,0.23570452591385535
2025-06-04,0.197745898195785,0.22818763506652626,4.2809831718053805e-17,0.3383619408238333,0.23570452591385535
2025-06-05,0.197745898195785,0.22818763506652626,4.2809831718053805e-17,0.3383619408238333,0.23570452591385535
2025-06-06,0.197745898195785,0.22818763506652626,4.2809831718053805e-17,0.3383619408238333,0.23570452591385535
2025-06-09,0.197745898195785,0.22818763506652626,4.2809831718053805e-17,0.3383619408238333,0.23570452591385535
2025-06-10,0.19204976348406136,0.22130012563706028,0.0,0.34063071485635343,0.24601939602252504
2025-06-11,0.19204976348406136,0.22130012563706028,0.0,0.34063071485635343,0.24601939602252504
2025-06-12,0.19204976348406136,0.22130012563706028,0.0,0.34063071485635343,0.24601939602252504
2025-06-13,0.19204976348406136,0.22130012563706028,0.0,0.34063071485635343,0.24601939602252504
2025-06-16,0.19204976348406136,0.22130012563706028,0.0,0.34063071485635343,0.24601939602252504
2025-06-17,0.19204976348406136,0.22130012563706028,0.0,0.34063071485635343,0.24601939602252504
2025-06-18,0.19204976348406136,0.22130012563706028,0.0,0.34063071485635343,0.24601939602252504
2025-06-20,0.19204976348406136,0.22130012563706028,0.0,0.34063071485635343,0.24601939602252504
2025-06-23,0.19204976348406136,0.22130012563706028,0.0,0.34063071485635343,0.24601939602252504
2025-06-24,0.19204976348406136,0.22130012563706028,0.0,0.34063071485635343,0.24601939602252504
2025-06-25,0.19204976348406136,0.22130012563706028,0.0,0.34063071485635343,0.24601939602252504
2025-06-26,0.19204976348406136,0.22130012563706028,0.0,0.34063071485635343,0.24601939602252504
2025-06-27,0.19204976348406136,0.22130012563706028,0.0,0.34063071485635343,0.24601939602252504
2025-06-30,0.19204976348406136,0.22130012563706028,0.0,0.34063071485635343,0.24601939602252504
2025-07-01,0.19204976348406136,0.22130012563706028,0.0,0.34063071485635343,0.24601939602252504
2025-07-02,0.19204976348406136,0.22130012563706028,0.0,0.34063071485635343,0.24601939602252504
2025-07-03,0.19204976348406136,0.22130012563706028,0.0,0.34063071485635343,0.24601939602252504
2025-07-07,0.19204976348406136,0.22130012563706028,0.0,0.34063071485635343,0.24601939602252504
2025-07-08,0.19204976348406136,0.22130012563706028,0.0,0.34063071485635343,0.24601939602252504
2025-07-09,0.19204976348406136,0.22130012563706028,0.0,0.34063071485635343,0.24601939602252504
2025-07-10,0.19204976348406136,0.22130012563706028,0.0,0.34063071485635343,0.24601939602252504
2025-07-11,0.19707380411151118,0.22021130781099713,0.0,0.3531398106489936,0.22957507742849817
2025-07-14,0.19707380411151118,0.22021130781099713,0.0,0.3531398106489936,0.22957507742849817
2025-07-15,0.19707380411151118,0.22021130781099713,0.0,0.3531398106489936,0.22957507742849817
2025-07-16,0.19707380411151118,0.22021130781099713,0.0,0.3531398106489936,0.22957507742849817
2025-07-17,0.19707380411151118,0.22021130781099713,0.0,0.3531398106489936,0.22957507742849817
2025-07-18,0.19707380411151118,0.22021130781099713,0.0,0.3531398106489936,0.22957507742849817
2025-07-21,0.19707380411151118,0.22021130781099713,0.0,0.3531398106489936,0.22957507742849817
2025-07-22,0.19707380411151118,0.22021130781099713,0.0,0.3531398106489936,0.22957507742849817
2025-07-23,0.19707380411151118,0.22021130781099713,0.0,0.3531398106489936,0.22957507742849817
2025-07-24,0.19707380411151118,0.22021130781099713,0.0,0.3531398106489936,0.22957507742849817
2025-07-25,0.19707380411151118,0.22021130781099713,0.0,0.3531398106489936,0.22957507742849817
2025-07-28,0.19707380411151118,0.22021130781099713,0.0,0.3531398106489936,0.22957507742849817
2025-07-29,0.19707380411151118,0.22021130781099713,0.0,0.3531398106489936,0.22957507742849817
2025-07-30,0.19707380411151118,0.22021130781099713,0.0,0.3531398106489936,0.22957507742849817
2025-07-31,0.19707380411151118,0.22021130781099713,0.0,0.3531398106489936,0.22957507742849817
2025-08-01,0.19707380411151118,0.22021130781099713,0.0,0.3531398106489936,0.22957507742849817
2025-08-04,0.19707380411151118,0.22021130781099713,0.0,0.3531398106489936,0.22957507742849817
2025-08-05,0.19707380411151118,0.22021130781099713,0.0,0.3531398106489936,0.22957507742849817
2025-08-06,0.19707380411151118,0.22021130781099713,0.0,0.3531398106489936,0.22957507742849817
2025-08-07,0.19707380411151118,0.22021130781099713,0.0,0.3531398106489936,0.22957507742849817
2025-08-08,0.19707380411151118,0.22021130781099713,0.0,0.3531398106489936,0.22957507742849817
2025-08-11,0.19321534240779778,0.22068896264083113,1.274616764550706e-17,0.3571278492913082,0.2289678456600629
2025-08-12,0.19321534240779778,0.22068896264083113,1.274616764550706e-17,0.3571278492913082,0.2289678456600629
2025-08-13,0.19321534240779778,0.22068896264083113,1.274616764550706e-17,0.3571278492913082,0.2289678456600629
2025-08-14,0.19321534240779778,0.22068896264083113,1.274616764550706e-17,0.3571278492913082,0.2289678456600629
2025-08-15,0.19321534240779778,0.22068896264083113,1.274616764550706e-17,0.3571278492913082,0.2289678456600629
2025-08-18,0.19321534240779778,0.22068896264083113,1.274616764550706e-17,0.3571278492913082,0.2289678456600629
2025-08-19,0.19321534240779778,0.22068896264083113,1.274616764550706e-17,0.3571278492913082,0.2289678456600629
2025-08-20,0.19321534240779778,0.22068896264083113,1.274616764550706e-17,0.3571278492913082,0.2289678456600629
2025-08-21,0.19321534240779778,0.22068896264083113,1.274616764550706e-17,0.3571278492913082,0.2289678456600629
2025-08-22,0.19321534240779778,0.22068896264083113,1.274616764550706e-17,0.3571278492913082,0.2289678456600629
2025-08-25,0.19321534240779778,0.22068896264083113,1.274616764550706e-17,0.3571278492913082,0.2289678456600629
2025-08-26,0.19321534240779778,0.22068896264083113,1.274616764550706e-17,0.3571278492913082,0.2289678456600629
2025-08-27,0.19321534240779778,0.22068896264083113,1.274616764550706e-17,0.3571278492913082,0.2289678456600629
2025-08-28,0.19321534240779778,0.22068896264083113,1.274616764550706e-17,0.3571278492913082,0.2289678456600629
2025-08-29,0.19321534240779778,0.22068896264083113,1.274616764550706e-17,0.3571278492913082,0.2289678456600629
2025-09-02,0.19321534240779778,0.22068896264083113,1.274616764550706e-17,0.3571278492913082,0.2289678456600629
2025-09-03,0.19321534240779778,0.22068896264083113,1.274616764550706e-17,0.3571278492913082,0.2289678456600629
2025-09-04,0.19321534240779778,0.22068896264083113,1.274616764550706e-17,0.3571278492913082,0.2289678456600629
2025-09-05,0.19321534240779778,0.22068896264083113,1.274616764550706e-17,0.3571278492913082,0.2289678456600629
2025-09-08,0.19321534240779778,0.22068896264083113,1.274616764550706e-17,0.3571278492913082,0.2289678456600629
2025-09-09,0.19321534240779778,0.22068896264083113,1.274616764550706e-17,0.3571278492913082,0.2289678456600629
2025-09-10,0.19055642572560572,0.2166857625488138,0.0,0.3539393512382401,0.23881846048734046
2025-09-11,0.19055642572560572,0.2166857625488138,0.0,0.3539393512382401,0.23881846048734046
2025-09-12,0.19055642572560572,0.2166857625488138,0.0,0.3539393512382401,0.23881846048734046
2025-09-15,0.19055642572560572,0.2166857625488138,0.0,0.3539393512382401,0.23881846048734046
2025-09-16,0.19055642572560572,0.2166857625488138,0.0,0.3539393512382401,0.23881846048734046
2025-09-17,0.19055642572560572,0.2166857625488138,0.0,0.3539393512382401,0.23881846048734046
2025-09-18,0.19055642572560572,0.2166857625488138,0.0,0.3539393512382401,0.23881846048734046
2025-09-19,0.19055642572560572,0.2166857625488138,0.0,0.3539393512382401,0.23881846048734046
2025-09-22,0.19055642572560572,0.2166857625488138,0.0,0.3539393512382401,0.23881846048734046
2025-09-23,0.19055642572560572,0.2166857625488138,0.0,0.3539393512382401,0.23881846048734046
2025-09-24,0.19055642572560572,0.2166857625488138,0.0,0.3539393512382401,0.23881846048734046
2025-09-25,0.19055642572560572,0.2166857625488138,0.0,0.3539393512382401,0.23881846048734046
2025-09-26,0.19055642572560572,0.2166857625488138,0.0,0.3539393512382401,0.23881846048734046
2025-09-29,0.19055642572560572,0.2166857625488138,0.0,0.3539393512382401,0.23881846048734046
2025-09-30,0.19055642572560572,0.2166857625488138,0.0,0.3539393512382401,0.23881846048734046
2025-10-01,0.19055642572560572,0.2166857625488138,0.0,0.3539393512382401,0.23881846048734046
2025-10-02,0.19055642572560572,0.2166857625488138,0.0,0.3539393512382401,0.23881846048734046
2025-10-03,0.19055642572560572,0.2166857625488138,0.0,0.3539393512382401,0.23881846048734046
2025-10-06,0.19055642572560572,0.2166857625488138,0.0,0.3539393512382401,0.23881846048734046
2025-10-07,0.19055642572560572,0.2166857625488138,0.0,0.3539393512382401,0.23881846048734046
2025-10-08,0.19055642572560572,0.2166857625488138,0.0,0.3539393512382401,0.23881846048734046
2025-10-09,0.18980660246545675,0.21278644331569005,4.065747158681875e-18,0.3535675939299646,0.24383936028888864
2025-10-10,0.18980660246545675,0.21278644331569005,4.065747158681875e-18,0.3535675939299646,0.24383936028888864
2025-10-13,0.18980660246545675,0.21278644331569005,4.065747158681875e-18,0.3535675939299646,0.24383936028888864
2025-10-14,0.18980660246545675,0.21278644331569005,4.065747158681875e-18,0.3535675939299646,0.24383936028888864
2025-10-15,0.18980660246545675,0.21278644331569005,4.065747158681875e-18,0.3535675939299646,0.24383936028888864
2025-10-16,0.18980660246545675,0.21278644331569005,4.065747158681875e-18,0.3535675939299646,0.24383936028888864
2025-10-17,0.18980660246545675,0.21278644331569005,4.065747158681875e-18,0.3535675939299646,0.24383936028888864
2025-10-20,0.18980660246545675,0.21278644331569005,4.065747158681875e-18,0.3535675939299646,0.24383936028888864
2025-10-21,0.18980660246545675,0.21278644331569005,4.065747158681875e-18,0.3535675939299646,0.24383936028888864
2025-10-22,0.18980660246545675,0.21278644331569005,4.065747158681875e-18,0.3535675939299646,0.24383936028888864
2025-10-23,0.18980660246545675,0.21278644331569005,4.065747158681875e-18,0.3535675939299646,0.24383936028888864
2025-10-24,0.18980660246545675,0.21278644331569005,4.065747158681875e-18,0.3535675939299646,0.24383936028888864
2025-10-27,0.18980660246545675,0.21278644331569005,4.065747158681875e-18,0.3535675939299646,0.24383936028888864
2025-10-28,0.18980660246545675,0.21278644331569005,4.065747158681875e-18,0.3535675939299646,0.24383936028888864
2025-10-29,0.18980660246545675,0.21278644331569005,4.065747158681875e-18,0.3535675939299646,0.24383936028888864
2025-10-30,0.18980660246545675,0.21278644331569005,4.065747158681875e-18,0.3535675939299646,0.24383936028888864
2025-10-31,0.18980660246545675,0.21278644331569005,4.065747158681875e-18,0.3535675939299646,0.24383936028888864
2025-11-03,0.18980660246545675,0.21278644331569005,4.065747158681875e-18,0.3535675939299646,0.24383936028888864
2025-11-04,0.18980660246545675,0.21278644331569005,4.065747158681875e-18,0.3535675939299646,0.24383936028888864
2025-11-05,0.18980660246545675,0.21278644331569005,4.065747158681875e-18,0.3535675939299646,0.24383936028888864
2025-11-06,0.18980660246545675,0.21278644331569005,4.065747158681875e-18,0.3535675939299646,0.24383936028888864
2025-11-07,0.1863212754818396,0.20762748611550214,0.0,0.3568965461657374,0.2491546922369209
2025-11-10,0.1863212754818396,0.20762748611550214,0.0,0.3568965461657374,0.2491546922369209
2025-11-11,0.1863212754818396,0.20762748611550214,0.0,0.3568965461657374,0.2491546922369209
2025-11-12,0.1863212754818396,0.20762748611550214,0.0,0.3568965461657374,0.2491546922369209
2025-11-13,0.1863212754818396,0.20762748611550214,0.0,0.3568965461657374,0.2491546922369209
2025-11-14,0.1863212754818396,0.20762748611550214,0.0,0.3568965461657374,0.2491546922369209
2025-11-17,0.1863212754818396,0.20762748611550214,0.0,0.3568965461657374,0.2491546922369209
2025-11-18,0.1863212754818396,0.20762748611550214,0.0,0.3568965461657374,0.2491546922369209
2025-11-19,0.1863212754818396,0.20762748611550214,0.0,0.3568965461657374,0.2491546922369209
2025-11-21,0.1863212754818396,0.20762748611550214,0.0,0.3568965461657374,0.2491546922369209
2025-11-24,0.1863212754818396,0.20762748611550214,0.0,0.3568965461657374,0.2491546922369209
2025-11-25,0.1863212754818396,0.20762748611550214,0.0,0.3568965461657374,0.2491546922369209
2025-11-26,0.1863212754818396,0.20762748611550214,0.0,0.3568965461657374,0.2491546922369209
2025-11-28,0.1863212754818396,0.20762748611550214,0.0,0.3568965461657374,0.2491546922369209
2025-12-01,0.1863212754818396,0.20762748611550214,0.0,0.3568965461657374,0.2491546922369209
2025-12-02,0.1863212754818396,0.20762748611550214,0.0,0.3568965461657374,0.2491546922369209
2025-12-03,0.1863212754818396,0.20762748611550214,0.0,0.3568965461657374,0.2491546922369209
2025-12-04,0.1863212754818396,0.20762748611550214,0.0,0.3568965461657374,0.2491546922369209
2025-12-05,0.1863212754818396,0.20762748611550214,0.0,0.3568965461657374,0.2491546922369209
2025-12-08,0.1863212754818396,0.20762748611550214,0.0,0.3568965461657374,0.2491546922369209
2025-12-09,0.1863212754818396,0.20762748611550214,0.0,0.3568965461657374,0.2491546922369209
2025-12-10,0.1889078781145112,0.2096392061584516,3.366611676628956e-17,0.3600429619399137,0.24140995378712343
2025-12-11,0.1889078781145112,0.2096392061584516,3.366611676628956e-17,0.3600429619399137,0.24140995378712343
2025-12-12,0.1889078781145112,0.2096392061584516,3.366611676628956e-17,0.3600429619399137,0.24140995378712343
2025-12-15,0.1889078781145112,0.2096392061584516,3.366611676628956e-17,0.3600429619399137,0.24140995378712343
2025-12-16,0.1889078781145112,0.2096392061584516,3.366611676628956e-17,0.3600429619399137,0.24140995378712343
2025-12-17,0.1889078781145112,0.2096392061584516,3.366611676628956e-17,0.3600429619399137,0.24140995378712343
2025-12-18,0.1889078781145112,0.2096392061584516,3.366611676628956e-17,0.3600429619399137,0.24140995378712343
2025-12-19,0.1889078781145112,0.2096392061584516,3.366611676628956e-17,0.3600429619399137,0.24140995378712343
2025-12-22,0.1889078781145112,0.2096392061584516,3.366611676628956e-17,0.3600429619399137,0.24140995378712343
2025-12-23,0.1889078781145112,0.2096392061584516,3.366611676628956e-17,0.3600429619399137,0.24140995378712343
2025-12-26,0.1889078781145112,0.2096392061584516,3.366611676628956e-17,0.3600429619399137,0.24140995378712343
2025-12-29,0.1889078781145112,0.2096392061584516,3.366611676628956e-17,0.3600429619399137,0.24140995378712343
2025-12-30,0.1889078781145112,0.2096392061584516,3.366611676628956e-17,0.3600429619399137,0.24140995378712343
2026-01-02,0.1889078781145112,0.2096392061584516,3.366611676628956e-17,0.3600429619399137,0.24140995378712343
2026-01-05,0.1889078781145112,0.2096392061584516,3.366611676628956e-17,0.3600429619399137,0.24140995378712343
2026-01-06,0.1889078781145112,0.2096392061584516,3.366611676628956e-17,0.3600429619399137,0.24140995378712343
2026-01-07,0.1889078781145112,0.2096392061584516,3.366611676628956e-17,0.3600429619399137,0.24140995378712343
2026-01-08,0.1889078781145112,0.2096392061584516,3.366611676628956e-17,0.3600429619399137,0.24140995378712343
2026-01-09,0.1889078781145112,0.2096392061584516,3.366611676628956e-17,0.3600429619399137,0.24140995378712343
2026-01-12,0.1889078781145112,0.2096392061584516,3.366611676628956e-17,0.3600429619399137,0.24140995378712343
2026-01-13,0.1889078781145112,0.2096392061584516,3.366611676628956e-17,0.3600429619399137,0.24140995378712343
2026-01-14,0.19194647356546227,0.20808575271408553,0.0,0.3599642561275349,0.24000351759291724
2026-01-15,0.19194647356546227,0.20808575271408553,0.0,0.3599642561275349,0.24000351759291724
2026-01-16,0.19194647356546227,0.20808575271408553,0.0,0.3599642561275349,0.24000351759291724
2026-01-20,0.19194647356546227,0.20808575271408553,0.0,0.3599642561275349,0.24000351759291724
2026-01-21,0.19194647356546227,0.20808575271408553,0.0,0.3599642561275349,0.24000351759291724
2026-01-22,0.19194647356546227,0.20808575271408553,0.0,0.3599642561275349,0.24000351759291724
2026-01-23,0.19194647356546227,0.20808575271408553,0.0,0.3599642561275349,0.24000351759291724
2026-01-26,0.19194647356546227,0.20808575271408553,0.0,0.3599642561275349,0.24000351759291724
2026-01-27,0.19194647356546227,0.20808575271408553,0.0,0.3599642561275349,0.24000351759291724
2026-01-28,0.19194647356546227,0.20808575271408553,0.0,0.3599642561275349,0.24000351759291724
2026-01-29,0.19194647356546227,0.20808575271408553,0.0,0.3599642561275349,0.24000351759291724
2026-01-30,0.19194647356546227,0.20808575271408553,0.0,0.3599642561275349,0.24000351759291724
2026-02-02,0.19194647356546227,0.20808575271408553,0.0,0.3599642561275349,0.24000351759291724
2026-02-03,0.19194647356546227,0.20808575271408553,0.0,0.3599642561275349,0.24000351759291724
2026-02-04,0.19194647356546227,0.20808575271408553,0.0,0.3599642561275349,0.24000351759291724
2026-02-05,0.19194647356546227,0.20808575271408553,0.0,0.3599642561275349,0.24000351759291724
2026-02-06,0.19194647356546227,0.20808575271408553,0.0,0.3599642561275349,0.24000351759291724
2026-02-09,0.19194647356546227,0.20808575271408553,0.0,0.3599642561275349,0.24000351759291724
2026-02-10,0.19194647356546227,0.20808575271408553,0.0,0.3599642561275349,0.24000351759291724
2026-02-11,0.19194647356546227,0.20808575271408553,0.0,0.3599642561275349,0.24000351759291724
2026-02-12,0.19194647356546227,0.20808575271408553,0.0,0.3599642561275349,0.24000351759291724
2026-02-13,0.17809609357126377,0.1958218026453863,0.0,0.3390060864615488,0.2870760173218012
2026-02-18,0.17809609357126377,0.1958218026453863,0.0,0.3390060864615488,0.2870760173218012
2026-02-19,0.17809609357126377,0.1958218026453863,0.0,0.3390060864615488,0.2870760173218012
2026-02-20,0.17809609357126377,0.1958218026453863,0.0,0.3390060864615488,0.2870760173218012
2026-02-23,0.17809609357126377,0.1958218026453863,0.0,0.3390060864615488,0.2870760173218012
2026-02-24,0.17809609357126377,0.1958218026453863,0.0,0.3390060864615488,0.2870760173218012
2026-02-25,0.17809609357126377,0.1958218026453863,0.0,0.3390060864615488,0.2870760173218012
2026-02-26,0.17809609357126377,0.1958218026453863,0.0,0.3390060864615488,0.2870760173218012
2026-02-27,0.17809609357126377,0.1958218026453863,0.0,0.3390060864615488,0.2870760173218012
2026-03-02,0.17809609357126377,0.1958218026453863,0.0,0.3390060864615488,0.2870760173218012
2026-03-03,0.17809609357126377,0.1958218026453863,0.0,0.3390060864615488,0.2870760173218012
2026-03-04,0.17809609357126377,0.1958218026453863,0.0,0.3390060864615488,0.2870760173218012
2026-03-05,0.17809609357126377,0.1958218026453863,0.0,0.3390060864615488,0.2870760173218012
2026-03-06,0.17809609357126377,0.1958218026453863,0.0,0.3390060864615488,0.2870760173218012
2026-03-09,0.17809609357126377,0.1958218026453863,0.0,0.3390060864615488,0.2870760173218012
2026-03-10,0.17809609357126377,0.1958218026453863,0.0,0.3390060864615488,0.2870760173218012
2026-03-11,0.17809609357126377,0.1958218026453863,0.0,0.3390060864615488,0.2870760173218012
2026-03-12,0.17809609357126377,0.1958218026453863,0.0,0.3390060864615488,0.2870760173218012
2026-03-13,0.17809609357126377,0.1958218026453863,0.0,0.3390060864615488,0.2870760173218012
2026-03-16,0.17809609357126377,0.1958218026453863,0.0,0.3390060864615488,0.2870760173218012
2026-03-17,0.17809609357126377,0.1958218026453863,0.0,0.3390060864615488,0.2870760173218012
2026-03-18,0.17452942302211039,0.1909224559360458,0.0,0.33779015702560206,0.29675796401624177
2026-03-19,0.17452942302211039,0.1909224559360458,0.0,0.33779015702560206,0.29675796401624177
2026-03-20,0.17452942302211039,0.1909224559360458,0.0,0.33779015702560206,0.29675796401624177
2026-03-23,0.17452942302211039,0.1909224559360458,0.0,0.33779015702560206,0.29675796401624177
2026-03-24,0.17452942302211039,0.1909224559360458,0.0,0.33779015702560206,0.29675796401624177
2026-03-25,0.17452942302211039,0.1909224559360458,0.0,0.33779015702560206,0.29675796401624177
2026-03-26,0.17452942302211039,0.1909224559360458,0.0,0.33779015702560206,0.29675796401624177
2026-03-27,0.17452942302211039,0.1909224559360458,0.0,0.33779015702560206,0.29675796401624177
2026-03-30,0.17452942302211039,0.1909224559360458,0.0,0.33779015702560206,0.29675796401624177
2026-03-31,0.17452942302211039,0.1909224559360458,0.0,0.33779015702560206,0.29675796401624177
2026-04-01,0.17452942302211039,0.1909224559360458,0.0,0.33779015702560206,0.29675796401624177
2026-04-02,0.17452942302211039,0.1909224559360458,0.0,0.33779015702560206,0.29675796401624177
2026-04-06,0.17452942302211039,0.1909224559360458,0.0,0.33779015702560206,0.29675796401624177
2026-04-07,0.17452942302211039,0.1909224559360458,0.0,0.33779015702560206,0.29675796401624177
2026-04-08,0.17452942302211039,0.1909224559360458,0.0,0.33779015702560206,0.29675796401624177
2026-04-09,0.17452942302211039,0.1909224559360458,0.0,0.33779015702560206,0.29675796401624177
2026-04-10,0.17452942302211039,0.1909224559360458,0.0,0.33779015702560206,0.29675796401624177
2026-04-13,0.17452942302211039,0.1909224559360458,0.0,0.33779015702560206,0.29675796401624177
2026-04-14,0.17452942302211039,0.1909224559360458,0.0,0.33779015702560206,0.29675796401624177
2026-04-15,0.17452942302211039,0.1909224559360458,0.0,0.33779015702560206,0.29675796401624177
2026-04-16,0.17452942302211039,0.1909224559360458,0.0,0.33779015702560206,0.29675796401624177
2026-04-17,0.1766078287908439,0.1828633259725487,5.7437790031892064e-18,0.3370464742331051,0.3034823710035023
2026-04-20,0.1766078287908439,0.1828633259725487,5.7437790031892064e-18,0.3370464742331051,0.3034823710035023
2026-04-22,0.1766078287908439,0.1828633259725487,5.7437790031892064e-18,0.3370464742331051,0.3034823710035023
2026-04-23,0.1766078287908439,0.1828633259725487,5.7437790031892064e-18,0.3370464742331051,0.3034823710035023
2026-04-24,0.1766078287908439,0.1828633259725487,5.7437790031892064e-18,0.3370464742331051,0.3034823710035023
2026-04-27,0.1766078287908439,0.1828633259725487,5.7437790031892064e-18,0.3370464742331051,0.3034823710035023
2026-04-28,0.1766078287908439,0.1828633259725487,5.7437790031892064e-18,0.3370464742331051,0.3034823710035023
2026-04-29,0.1766078287908439,0.1828633259725487,5.7437790031892064e-18,0.3370464742331051,0.3034823710035023
