,0,1,2,3,4
2005-12-05,0.01851560094297021,0.3066712085217919,0.0,0.4297024034439565,0.2451107870912814
2005-12-06,0.01851560094297021,0.3066712085217919,0.0,0.4297024034439565,0.2451107870912814
2005-12-07,0.01851560094297021,0.3066712085217919,0.0,0.4297024034439565,0.2451107870912814
2005-12-08,0.01851560094297021,0.3066712085217919,0.0,0.4297024034439565,0.2451107870912814
2005-12-09,0.01851560094297021,0.3066712085217919,0.0,0.4297024034439565,0.2451107870912814
2005-12-12,0.01851560094297021,0.3066712085217919,0.0,0.4297024034439565,0.2451107870912814
2005-12-13,0.01851560094297021,0.3066712085217919,0.0,0.4297024034439565,0.2451107870912814
2005-12-14,0.01851560094297021,0.3066712085217919,0.0,0.4297024034439565,0.2451107870912814
2005-12-15,0.01851560094297021,0.3066712085217919,0.0,0.4297024034439565,0.2451107870912814
2005-12-16,0.01851560094297021,0.3066712085217919,0.0,0.4297024034439565,0.2451107870912814
2005-12-19,0.01851560094297021,0.3066712085217919,0.0,0.4297024034439565,0.2451107870912814
2005-12-20,0.01851560094297021,0.3066712085217919,0.0,0.4297024034439565,0.2451107870912814
2005-12-21,0.01851560094297021,0.3066712085217919,0.0,0.4297024034439565,0.2451107870912814
2005-12-22,0.01851560094297021,0.3066712085217919,0.0,0.4297024034439565,0.2451107870912814
2005-12-23,0.01851560094297021,0.3066712085217919,0.0,0.4297024034439565,0.2451107870912814
2005-12-27,0.01851560094297021,0.3066712085217919,0.0,0.4297024034439565,0.2451107870912814
2005-12-28,0.01851560094297021,0.3066712085217919,0.0,0.4297024034439565,0.2451107870912814
2005-12-29,0.01851560094297021,0.3066712085217919,0.0,0.4297024034439565,0.2451107870912814
2006-01-03,0.01851560094297021,0.3066712085217919,0.0,0.4297024034439565,0.2451107870912814
2006-01-04,0.01851560094297021,0.3066712085217919,0.0,0.4297024034439565,0.2451107870912814
2006-01-05,0.01851560094297021,0.3066712085217919,0.0,0.4297024034439565,0.2451107870912814
2006-01-06,0.0018389705236547163,0.3432448214036967,0.0,0.40902517405497424,0.24589103401767434
2006-01-09,0.0018389705236547163,0.3432448214036967,0.0,0.40902517405497424,0.24589103401767434
2006-01-10,0.0018389705236547163,0.3432448214036967,0.0,0.40902517405497424,0.24589103401767434
2006-01-11,0.0018389705236547163,0.3432448214036967,0.0,0.40902517405497424,0.24589103401767434
2006-01-12,0.0018389705236547163,0.3432448214036967,0.0,0.40902517405497424,0.24589103401767434
2006-01-13,0.0018389705236547163,0.3432448214036967,0.0,0.40902517405497424,0.24589103401767434
2006-01-17,0.0018389705236547163,0.3432448214036967,0.0,0.40902517405497424,0.24589103401767434
2006-01-18,0.0018389705236547163,0.3432448214036967,0.0,0.40902517405497424,0.24589103401767434
2006-01-19,0.0018389705236547163,0.3432448214036967,0.0,0.40902517405497424,0.24589103401767434
2006-01-20,0.0018389705236547163,0.3432448214036967,0.0,0.40902517405497424,0.24589103401767434
2006-01-23,0.0018389705236547163,0.3432448214036967,0.0,0.40902517405497424,0.24589103401767434
2006-01-24,0.0018389705236547163,0.3432448214036967,0.0,0.40902517405497424,0.24589103401767434
2006-01-26,0.0018389705236547163,0.3432448214036967,0.0,0.40902517405497424,0.24589103401767434
2006-01-27,0.0018389705236547163,0.3432448214036967,0.0,0.40902517405497424,0.24589103401767434
2006-01-30,0.0018389705236547163,0.3432448214036967,0.0,0.40902517405497424,0.24589103401767434
2006-01-31,0.0018389705236547163,0.3432448214036967,0.0,0.40902517405497424,0.24589103401767434
2006-02-01,0.0018389705236547163,0.3432448214036967,0.0,0.40902517405497424,0.24589103401767434
2006-02-02,0.0018389705236547163,0.3432448214036967,0.0,0.40902517405497424,0.24589103401767434
2006-02-03,0.0018389705236547163,0.3432448214036967,0.0,0.40902517405497424,0.24589103401767434
2006-02-06,0.0018389705236547163,0.3432448214036967,0.0,0.40902517405497424,0.24589103401767434
2006-02-07,0.0018389705236547163,0.3432448214036967,0.0,0.40902517405497424,0.24589103401767434
2006-02-08,0.0,0.35520656647473864,0.0,0.3972835013721107,0.24750993215315062
2006-02-09,0.0,0.35520656647473864,0.0,0.3972835013721107,0.24750993215315062
2006-02-10,0.0,0.35520656647473864,0.0,0.3972835013721107,0.24750993215315062
2006-02-13,0.0,0.35520656647473864,0.0,0.3972835013721107,0.24750993215315062
2006-02-14,0.0,0.35520656647473864,0.0,0.3972835013721107,0.24750993215315062
2006-02-15,0.0,0.35520656647473864,0.0,0.3972835013721107,0.24750993215315062
2006-02-16,0.0,0.35520656647473864,0.0,0.3972835013721107,0.24750993215315062
2006-02-17,0.0,0.35520656647473864,0.0,0.3972835013721107,0.24750993215315062
2006-02-21,0.0,0.35520656647473864,0.0,0.3972835013721107,0.24750993215315062
2006-02-22,0.0,0.35520656647473864,0.0,0.3972835013721107,0.24750993215315062
2006-02-23,0.0,0.35520656647473864,0.0,0.3972835013721107,0.24750993215315062
2006-02-24,0.0,0.35520656647473864,0.0,0.3972835013721107,0.24750993215315062
2006-03-01,0.0,0.35520656647473864,0.0,0.3972835013721107,0.24750993215315062
2006-03-02,0.0,0.35520656647473864,0.0,0.3972835013721107,0.24750993215315062
2006-03-03,0.0,0.35520656647473864,0.0,0.3972835013721107,0.24750993215315062
2006-03-06,0.0,0.35520656647473864,0.0,0.3972835013721107,0.24750993215315062
2006-03-07,0.0,0.35520656647473864,0.0,0.3972835013721107,0.24750993215315062
2006-03-08,0.0,0.35520656647473864,0.0,0.3972835013721107,0.24750993215315062
2006-03-09,0.0,0.35520656647473864,0.0,0.3972835013721107,0.24750993215315062
2006-03-10,0.0,0.35520656647473864,0.0,0.3972835013721107,0.24750993215315062
2006-03-13,0.0,0.35520656647473864,0.0,0.3972835013721107,0.24750993215315062
2006-03-14,0.0,0.35498600693122767,0.0,0.3693556576021455,0.27565833546662677
2006-03-15,0.0,0.35498600693122767,0.0,0.3693556576021455,0.27565833546662677
2006-03-16,0.0,0.35498600693122767,0.0,0.3693556576021455,0.27565833546662677
2006-03-17,0.0,0.35498600693122767,0.0,0.3693556576021455,0.27565833546662677
2006-03-20,0.0,0.35498600693122767,0.0,0.3693556576021455,0.27565833546662677
2006-03-21,0.0,0.35498600693122767,0.0,0.3693556576021455,0.27565833546662677
2006-03-22,0.0,0.35498600693122767,0.0,0.3693556576021455,0.27565833546662677
2006-03-23,0.0,0.35498600693122767,0.0,0.3693556576021455,0.27565833546662677
2006-03-24,0.0,0.35498600693122767,0.0,0.3693556576021455,0.27565833546662677
2006-03-27,0.0,0.35498600693122767,0.0,0.3693556576021455,0.27565833546662677
2006-03-28,0.0,0.35498600693122767,0.0,0.3693556576021455,0.27565833546662677
2006-03-29,0.0,0.35498600693122767,0.0,0.3693556576021455,0.27565833546662677
2006-03-30,0.0,0.35498600693122767,0.0,0.3693556576021455,0.27565833546662677
2006-03-31,0.0,0.35498600693122767,0.0,0.3693556576021455,0.27565833546662677
2006-04-03,0.0,0.35498600693122767,0.0,0.3693556576021455,0.27565833546662677
2006-04-04,0.0,0.35498600693122767,0.0,0.3693556576021455,0.27565833546662677
2006-04-05,0.0,0.35498600693122767,0.0,0.3693556576021455,0.27565833546662677
2006-04-06,0.0,0.35498600693122767,0.0,0.3693556576021455,0.27565833546662677
2006-04-07,0.0,0.35498600693122767,0.0,0.3693556576021455,0.27565833546662677
2006-04-10,0.0,0.35498600693122767,0.0,0.3693556576021455,0.27565833546662677
2006-04-11,0.0,0.35498600693122767,0.0,0.3693556576021455,0.27565833546662677
2006-04-12,0.0,0.3523575862872329,7.490698877861623e-18,0.3458535770609515,0.30178883665181566
2006-04-13,0.0,0.3523575862872329,7.490698877861623e-18,0.3458535770609515,0.30178883665181566
2006-04-17,0.0,0.3523575862872329,7.490698877861623e-18,0.3458535770609515,0.30178883665181566
2006-04-18,0.0,0.3523575862872329,7.490698877861623e-18,0.3458535770609515,0.30178883665181566
2006-04-19,0.0,0.3523575862872329,7.490698877861623e-18,0.3458535770609515,0.30178883665181566
2006-04-20,0.0,0.3523575862872329,7.490698877861623e-18,0.3458535770609515,0.30178883665181566
2006-04-24,0.0,0.3523575862872329,7.490698877861623e-18,0.3458535770609515,0.30178883665181566
2006-04-25,0.0,0.3523575862872329,7.490698877861623e-18,0.3458535770609515,0.30178883665181566
2006-04-26,0.0,0.3523575862872329,7.490698877861623e-18,0.3458535770609515,0.30178883665181566
2006-04-27,0.0,0.3523575862872329,7.490698877861623e-18,0.3458535770609515,0.30178883665181566
2006-04-28,0.0,0.3523575862872329,7.490698877861623e-18,0.3458535770609515,0.30178883665181566
2006-05-02,0.0,0.3523575862872329,7.490698877861623e-18,0.3458535770609515,0.30178883665181566
2006-05-03,0.0,0.3523575862872329,7.490698877861623e-18,0.3458535770609515,0.30178883665181566
2006-05-04,0.0,0.3523575862872329,7.490698877861623e-18,0.3458535770609515,0.30178883665181566
2006-05-05,0.0,0.3523575862872329,7.490698877861623e-18,0.3458535770609515,0.30178883665181566
2006-05-08,0.0,0.3523575862872329,7.490698877861623e-18,0.3458535770609515,0.30178883665181566
2006-05-09,0.0,0.3523575862872329,7.490698877861623e-18,0.3458535770609515,0.30178883665181566
2006-05-10,0.0,0.3523575862872329,7.490698877861623e-18,0.3458535770609515,0.30178883665181566
2006-05-11,0.0,0.3523575862872329,7.490698877861623e-18,0.3458535770609515,0.30178883665181566
2006-05-12,0.0,0.3523575862872329,7.490698877861623e-18,0.3458535770609515,0.30178883665181566
2006-05-15,0.0,0.3523575862872329,7.490698877861623e-18,0.3458535770609515,0.30178883665181566
2006-05-16,4.311259021950356e-17,0.3447312914014774,0.0,0.28624171887444805,0.36902698972407466
2006-05-17,4.311259021950356e-17,0.3447312914014774,0.0,0.28624171887444805,0.36902698972407466
2006-05-18,4.311259021950356e-17,0.3447312914014774,0.0,0.28624171887444805,0.36902698972407466
2006-05-19,4.311259021950356e-17,0.3447312914014774,0.0,0.28624171887444805,0.36902698972407466
2006-05-22,4.311259021950356e-17,0.3447312914014774,0.0,0.28624171887444805,0.36902698972407466
2006-05-23,4.311259021950356e-17,0.3447312914014774,0.0,0.28624171887444805,0.36902698972407466
2006-05-24,4.311259021950356e-17,0.3447312914014774,0.0,0.28624171887444805,0.36902698972407466
2006-05-25,4.311259021950356e-17,0.3447312914014774,0.0,0.28624171887444805,0.36902698972407466
2006-05-26,4.311259021950356e-17,0.3447312914014774,0.0,0.28624171887444805,0.36902698972407466
2006-05-30,4.311259021950356e-17,0.3447312914014774,0.0,0.28624171887444805,0.36902698972407466
2006-05-31,4.311259021950356e-17,0.3447312914014774,0.0,0.28624171887444805,0.36902698972407466
2006-06-01,4.311259021950356e-17,0.3447312914014774,0.0,0.28624171887444805,0.36902698972407466
2006-06-02,4.311259021950356e-17,0.3447312914014774,0.0,0.28624171887444805,0.36902698972407466
2006-06-05,4.311259021950356e-17,0.3447312914014774,0.0,0.28624171887444805,0.36902698972407466
2006-06-06,4.311259021950356e-17,0.3447312914014774,0.0,0.28624171887444805,0.36902698972407466
2006-06-07,4.311259021950356e-17,0.3447312914014774,0.0,0.28624171887444805,0.36902698972407466
2006-06-08,4.311259021950356e-17,0.3447312914014774,0.0,0.28624171887444805,0.36902698972407466
2006-06-09,4.311259021950356e-17,0.3447312914014774,0.0,0.28624171887444805,0.36902698972407466
2006-06-12,4.311259021950356e-17,0.3447312914014774,0.0,0.28624171887444805,0.36902698972407466
2006-06-13,4.311259021950356e-17,0.3447312914014774,0.0,0.28624171887444805,0.36902698972407466
2006-06-14,4.311259021950356e-17,0.3447312914014774,0.0,0.28624171887444805,0.36902698972407466
2006-06-16,0.0,0.35118094236912734,0.0,0.28350325464711146,0.3653158029837613
2006-06-19,0.0,0.35118094236912734,0.0,0.28350325464711146,0.3653158029837613
2006-06-20,0.0,0.35118094236912734,0.0,0.28350325464711146,0.3653158029837613
2006-06-21,0.0,0.35118094236912734,0.0,0.28350325464711146,0.3653158029837613
2006-06-22,0.0,0.35118094236912734,0.0,0.28350325464711146,0.3653158029837613
2006-06-23,0.0,0.35118094236912734,0.0,0.28350325464711146,0.3653158029837613
2006-06-26,0.0,0.35118094236912734,0.0,0.28350325464711146,0.3653158029837613
2006-06-27,0.0,0.35118094236912734,0.0,0.28350325464711146,0.3653158029837613
2006-06-28,0.0,0.35118094236912734,0.0,0.28350325464711146,0.3653158029837613
2006-06-29,0.0,0.35118094236912734,0.0,0.28350325464711146,0.3653158029837613
2006-06-30,0.0,0.35118094236912734,0.0,0.28350325464711146,0.3653158029837613
2006-07-03,0.0,0.35118094236912734,0.0,0.28350325464711146,0.3653158029837613
2006-07-05,0.0,0.35118094236912734,0.0,0.28350325464711146,0.3653158029837613
2006-07-07,0.0,0.35118094236912734,0.0,0.28350325464711146,0.3653158029837613
2006-07-10,0.0,0.35118094236912734,0.0,0.28350325464711146,0.3653158029837613
2006-07-11,0.0,0.35118094236912734,0.0,0.28350325464711146,0.3653158029837613
2006-07-12,0.0,0.35118094236912734,0.0,0.28350325464711146,0.3653158029837613
2006-07-13,0.0,0.35118094236912734,0.0,0.28350325464711146,0.3653158029837613
2006-07-14,0.0,0.35118094236912734,0.0,0.28350325464711146,0.3653158029837613
2006-07-17,0.0,0.35118094236912734,0.0,0.28350325464711146,0.3653158029837613
2006-07-18,0.0,0.35118094236912734,0.0,0.28350325464711146,0.3653158029837613
2006-07-19,0.0,0.3433822567720052,4.015348458843329e-17,0.26737895247440563,0.38923879075358925
2006-07-20,0.0,0.3433822567720052,4.015348458843329e-17,0.26737895247440563,0.38923879075358925
2006-07-21,0.0,0.3433822567720052,4.015348458843329e-17,0.26737895247440563,0.38923879075358925
2006-07-24,0.0,0.3433822567720052,4.015348458843329e-17,0.26737895247440563,0.38923879075358925
2006-07-25,0.0,0.3433822567720052,4.015348458843329e-17,0.26737895247440563,0.38923879075358925
2006-07-26,0.0,0.3433822567720052,4.015348458843329e-17,0.26737895247440563,0.38923879075358925
2006-07-27,0.0,0.3433822567720052,4.015348458843329e-17,0.26737895247440563,0.38923879075358925
2006-07-28,0.0,0.3433822567720052,4.015348458843329e-17,0.26737895247440563,0.38923879075358925
2006-07-31,0.0,0.3433822567720052,4.015348458843329e-17,0.26737895247440563,0.38923879075358925
2006-08-01,0.0,0.3433822567720052,4.015348458843329e-17,0.26737895247440563,0.38923879075358925
2006-08-02,0.0,0.3433822567720052,4.015348458843329e-17,0.26737895247440563,0.38923879075358925
2006-08-03,0.0,0.3433822567720052,4.015348458843329e-17,0.26737895247440563,0.38923879075358925
2006-08-04,0.0,0.3433822567720052,4.015348458843329e-17,0.26737895247440563,0.38923879075358925
2006-08-07,0.0,0.3433822567720052,4.015348458843329e-17,0.26737895247440563,0.38923879075358925
2006-08-08,0.0,0.3433822567720052,4.015348458843329e-17,0.26737895247440563,0.38923879075358925
2006-08-09,0.0,0.3433822567720052,4.015348458843329e-17,0.26737895247440563,0.38923879075358925
2006-08-10,0.0,0.3433822567720052,4.015348458843329e-17,0.26737895247440563,0.38923879075358925
2006-08-11,0.0,0.3433822567720052,4.015348458843329e-17,0.26737895247440563,0.38923879075358925
2006-08-14,0.0,0.3433822567720052,4.015348458843329e-17,0.26737895247440563,0.38923879075358925
2006-08-15,0.0,0.3433822567720052,4.015348458843329e-17,0.26737895247440563,0.38923879075358925
2006-08-16,0.0,0.3433822567720052,4.015348458843329e-17,0.26737895247440563,0.38923879075358925
2006-08-17,1.169791863969519e-16,0.33528823218911924,0.0,0.2743572211796729,0.3903545466312077
2006-08-18,1.169791863969519e-16,0.33528823218911924,0.0,0.2743572211796729,0.3903545466312077
2006-08-21,1.169791863969519e-16,0.33528823218911924,0.0,0.2743572211796729,0.3903545466312077
2006-08-22,1.169791863969519e-16,0.33528823218911924,0.0,0.2743572211796729,0.3903545466312077
2006-08-23,1.169791863969519e-16,0.33528823218911924,0.0,0.2743572211796729,0.3903545466312077
2006-08-24,1.169791863969519e-16,0.33528823218911924,0.0,0.2743572211796729,0.3903545466312077
2006-08-25,1.169791863969519e-16,0.33528823218911924,0.0,0.2743572211796729,0.3903545466312077
2006-08-28,1.169791863969519e-16,0.33528823218911924,0.0,0.2743572211796729,0.3903545466312077
2006-08-29,1.169791863969519e-16,0.33528823218911924,0.0,0.2743572211796729,0.3903545466312077
2006-08-30,1.169791863969519e-16,0.33528823218911924,0.0,0.2743572211796729,0.3903545466312077
2006-08-31,1.169791863969519e-16,0.33528823218911924,0.0,0.2743572211796729,0.3903545466312077
2006-09-01,1.169791863969519e-16,0.33528823218911924,0.0,0.2743572211796729,0.3903545466312077
2006-09-05,1.169791863969519e-16,0.33528823218911924,0.0,0.2743572211796729,0.3903545466312077
2006-09-06,1.169791863969519e-16,0.33528823218911924,0.0,0.2743572211796729,0.3903545466312077
2006-09-08,1.169791863969519e-16,0.33528823218911924,0.0,0.2743572211796729,0.3903545466312077
2006-09-11,1.169791863969519e-16,0.33528823218911924,0.0,0.2743572211796729,0.3903545466312077
2006-09-12,1.169791863969519e-16,0.33528823218911924,0.0,0.2743572211796729,0.3903545466312077
2006-09-13,1.169791863969519e-16,0.33528823218911924,0.0,0.2743572211796729,0.3903545466312077
2006-09-14,1.169791863969519e-16,0.33528823218911924,0.0,0.2743572211796729,0.3903545466312077
2006-09-15,1.169791863969519e-16,0.33528823218911924,0.0,0.2743572211796729,0.3903545466312077
2006-09-18,1.169791863969519e-16,0.33528823218911924,0.0,0.2743572211796729,0.3903545466312077
2006-09-19,0.0,0.3135920705620231,1.842526500402247e-16,0.2657100860916545,0.4206978433463223
2006-09-20,0.0,0.3135920705620231,1.842526500402247e-16,0.2657100860916545,0.4206978433463223
2006-09-21,0.0,0.3135920705620231,1.842526500402247e-16,0.2657100860916545,0.4206978433463223
2006-09-22,0.0,0.3135920705620231,1.842526500402247e-16,0.2657100860916545,0.4206978433463223
2006-09-25,0.0,0.3135920705620231,1.842526500402247e-16,0.2657100860916545,0.4206978433463223
2006-09-26,0.0,0.3135920705620231,1.842526500402247e-16,0.2657100860916545,0.4206978433463223
2006-09-27,0.0,0.3135920705620231,1.842526500402247e-16,0.2657100860916545,0.4206978433463223
2006-09-28,0.0,0.3135920705620231,1.842526500402247e-16,0.2657100860916545,0.4206978433463223
2006-09-29,0.0,0.3135920705620231,1.842526500402247e-16,0.2657100860916545,0.4206978433463223
2006-10-02,0.0,0.3135920705620231,1.842526500402247e-16,0.2657100860916545,0.4206978433463223
2006-10-03,0.0,0.3135920705620231,1.842526500402247e-16,0.2657100860916545,0.4206978433463223
2006-10-04,0.0,0.3135920705620231,1.842526500402247e-16,0.2657100860916545,0.4206978433463223
2006-10-05,0.0,0.3135920705620231,1.842526500402247e-16,0.2657100860916545,0.4206978433463223
2006-10-06,0.0,0.3135920705620231,1.842526500402247e-16,0.2657100860916545,0.4206978433463223
2006-10-09,0.0,0.3135920705620231,1.842526500402247e-16,0.2657100860916545,0.4206978433463223
2006-10-10,0.0,0.3135920705620231,1.842526500402247e-16,0.2657100860916545,0.4206978433463223
2006-10-11,0.0,0.3135920705620231,1.842526500402247e-16,0.2657100860916545,0.4206978433463223
2006-10-13,0.0,0.3135920705620231,1.842526500402247e-16,0.2657100860916545,0.4206978433463223
2006-10-16,0.0,0.3135920705620231,1.842526500402247e-16,0.2657100860916545,0.4206978433463223
2006-10-17,0.0,0.3135920705620231,1.842526500402247e-16,0.2657100860916545,0.4206978433463223
2006-10-18,0.0,0.3135920705620231,1.842526500402247e-16,0.2657100860916545,0.4206978433463223
2006-10-19,0.0,0.3140717409249859,1.2719731342284545e-16,0.26410458859880226,0.42182367047621183
2006-10-20,0.0,0.3140717409249859,1.2719731342284545e-16,0.26410458859880226,0.42182367047621183
2006-10-23,0.0,0.3140717409249859,1.2719731342284545e-16,0.26410458859880226,0.42182367047621183
2006-10-24,0.0,0.3140717409249859,1.2719731342284545e-16,0.26410458859880226,0.42182367047621183
2006-10-25,0.0,0.3140717409249859,1.2719731342284545e-16,0.26410458859880226,0.42182367047621183
2006-10-26,0.0,0.3140717409249859,1.2719731342284545e-16,0.26410458859880226,0.42182367047621183
2006-10-27,0.0,0.3140717409249859,1.2719731342284545e-16,0.26410458859880226,0.42182367047621183
2006-10-30,0.0,0.3140717409249859,1.2719731342284545e-16,0.26410458859880226,0.42182367047621183
2006-10-31,0.0,0.3140717409249859,1.2719731342284545e-16,0.26410458859880226,0.42182367047621183
2006-11-01,0.0,0.3140717409249859,1.2719731342284545e-16,0.26410458859880226,0.42182367047621183
2006-11-03,0.0,0.3140717409249859,1.2719731342284545e-16,0.26410458859880226,0.42182367047621183
2006-11-06,0.0,0.3140717409249859,1.2719731342284545e-16,0.26410458859880226,0.42182367047621183
2006-11-07,0.0,0.3140717409249859,1.2719731342284545e-16,0.26410458859880226,0.42182367047621183
2006-11-08,0.0,0.3140717409249859,1.2719731342284545e-16,0.26410458859880226,0.42182367047621183
2006-11-09,0.0,0.3140717409249859,1.2719731342284545e-16,0.26410458859880226,0.42182367047621183
2006-11-10,0.0,0.3140717409249859,1.2719731342284545e-16,0.26410458859880226,0.42182367047621183
2006-11-13,0.0,0.3140717409249859,1.2719731342284545e-16,0.26410458859880226,0.42182367047621183
2006-11-14,0.0,0.3140717409249859,1.2719731342284545e-16,0.26410458859880226,0.42182367047621183
2006-11-16,0.0,0.3140717409249859,1.2719731342284545e-16,0.26410458859880226,0.42182367047621183
2006-11-17,0.0,0.3140717409249859,1.2719731342284545e-16,0.26410458859880226,0.42182367047621183
2006-11-21,0.0,0.3140717409249859,1.2719731342284545e-16,0.26410458859880226,0.42182367047621183
2006-11-22,0.0,0.3169573539326018,7.445946485584237e-17,0.2426703743359129,0.4403722717314853
2006-11-24,0.0,0.3169573539326018,7.445946485584237e-17,0.2426703743359129,0.4403722717314853
2006-11-27,0.0,0.3169573539326018,7.445946485584237e-17,0.2426703743359129,0.4403722717314853
2006-11-28,0.0,0.3169573539326018,7.445946485584237e-17,0.2426703743359129,0.4403722717314853
2006-11-29,0.0,0.3169573539326018,7.445946485584237e-17,0.2426703743359129,0.4403722717314853
2006-11-30,0.0,0.3169573539326018,7.445946485584237e-17,0.2426703743359129,0.4403722717314853
2006-12-01,0.0,0.3169573539326018,7.445946485584237e-17,0.2426703743359129,0.4403722717314853
2006-12-04,0.0,0.3169573539326018,7.445946485584237e-17,0.2426703743359129,0.4403722717314853
2006-12-05,0.0,0.3169573539326018,7.445946485584237e-17,0.2426703743359129,0.4403722717314853
2006-12-06,0.0,0.3169573539326018,7.445946485584237e-17,0.2426703743359129,0.4403722717314853
2006-12-07,0.0,0.3169573539326018,7.445946485584237e-17,0.2426703743359129,0.4403722717314853
2006-12-08,0.0,0.3169573539326018,7.445946485584237e-17,0.2426703743359129,0.4403722717314853
2006-12-11,0.0,0.3169573539326018,7.445946485584237e-17,0.2426703743359129,0.4403722717314853
2006-12-12,0.0,0.3169573539326018,7.445946485584237e-17,0.2426703743359129,0.4403722717314853
2006-12-13,0.0,0.3169573539326018,7.445946485584237e-17,0.2426703743359129,0.4403722717314853
2006-12-14,0.0,0.3169573539326018,7.445946485584237e-17,0.2426703743359129,0.4403722717314853
2006-12-15,0.0,0.3169573539326018,7.445946485584237e-17,0.2426703743359129,0.4403722717314853
2006-12-18,0.0,0.3169573539326018,7.445946485584237e-17,0.2426703743359129,0.4403722717314853
2006-12-19,0.0,0.3169573539326018,7.445946485584237e-17,0.2426703743359129,0.4403722717314853
2006-12-20,0.0,0.3169573539326018,7.445946485584237e-17,0.2426703743359129,0.4403722717314853
2006-12-21,0.0,0.3169573539326018,7.445946485584237e-17,0.2426703743359129,0.4403722717314853
2006-12-22,3.866277846112554e-17,0.30748269022320085,0.0,0.2457625590088073,0.4467547507679918
2006-12-26,3.866277846112554e-17,0.30748269022320085,0.0,0.2457625590088073,0.4467547507679918
2006-12-27,3.866277846112554e-17,0.30748269022320085,0.0,0.2457625590088073,0.4467547507679918
2006-12-28,3.866277846112554e-17,0.30748269022320085,0.0,0.2457625590088073,0.4467547507679918
2007-01-03,3.866277846112554e-17,0.30748269022320085,0.0,0.2457625590088073,0.4467547507679918
2007-01-04,3.866277846112554e-17,0.30748269022320085,0.0,0.2457625590088073,0.4467547507679918
2007-01-05,3.866277846112554e-17,0.30748269022320085,0.0,0.2457625590088073,0.4467547507679918
2007-01-08,3.866277846112554e-17,0.30748269022320085,0.0,0.2457625590088073,0.4467547507679918
2007-01-09,3.866277846112554e-17,0.30748269022320085,0.0,0.2457625590088073,0.4467547507679918
2007-01-10,3.866277846112554e-17,0.30748269022320085,0.0,0.2457625590088073,0.4467547507679918
2007-01-11,3.866277846112554e-17,0.30748269022320085,0.0,0.2457625590088073,0.4467547507679918
2007-01-12,3.866277846112554e-17,0.30748269022320085,0.0,0.2457625590088073,0.4467547507679918
2007-01-16,3.866277846112554e-17,0.30748269022320085,0.0,0.2457625590088073,0.4467547507679918
2007-01-17,3.866277846112554e-17,0.30748269022320085,0.0,0.2457625590088073,0.4467547507679918
2007-01-18,3.866277846112554e-17,0.30748269022320085,0.0,0.2457625590088073,0.4467547507679918
2007-01-19,3.866277846112554e-17,0.30748269022320085,0.0,0.2457625590088073,0.4467547507679918
2007-01-22,3.866277846112554e-17,0.30748269022320085,0.0,0.2457625590088073,0.4467547507679918
2007-01-23,3.866277846112554e-17,0.30748269022320085,0.0,0.2457625590088073,0.4467547507679918
2007-01-24,3.866277846112554e-17,0.30748269022320085,0.0,0.2457625590088073,0.4467547507679918
2007-01-26,3.866277846112554e-17,0.30748269022320085,0.0,0.2457625590088073,0.4467547507679918
2007-01-29,3.866277846112554e-17,0.30748269022320085,0.0,0.2457625590088073,0.4467547507679918
2007-01-30,5.1416345105087123e-17,0.28316769325069585,4.1191064574751177e-17,0.251795015784183,0.46503729096512114
2007-01-31,5.1416345105087123e-17,0.28316769325069585,4.1191064574751177e-17,0.251795015784183,0.46503729096512114
2007-02-01,5.1416345105087123e-17,0.28316769325069585,4.1191064574751177e-17,0.251795015784183,0.46503729096512114
2007-02-02,5.1416345105087123e-17,0.28316769325069585,4.1191064574751177e-17,0.251795015784183,0.46503729096512114
2007-02-05,5.1416345105087123e-17,0.28316769325069585,4.1191064574751177e-17,0.251795015784183,0.46503729096512114
2007-02-06,5.1416345105087123e-17,0.28316769325069585,4.1191064574751177e-17,0.251795015784183,0.46503729096512114
2007-02-07,5.1416345105087123e-17,0.28316769325069585,4.1191064574751177e-17,0.251795015784183,0.46503729096512114
2007-02-08,5.1416345105087123e-17,0.28316769325069585,4.1191064574751177e-17,0.251795015784183,0.46503729096512114
2007-02-09,5.1416345105087123e-17,0.28316769325069585,4.1191064574751177e-17,0.251795015784183,0.46503729096512114
2007-02-12,5.1416345105087123e-17,0.28316769325069585,4.1191064574751177e-17,0.251795015784183,0.46503729096512114
2007-02-13,5.1416345105087123e-17,0.28316769325069585,4.1191064574751177e-17,0.251795015784183,0.46503729096512114
2007-02-14,5.1416345105087123e-17,0.28316769325069585,4.1191064574751177e-17,0.251795015784183,0.46503729096512114
2007-02-15,5.1416345105087123e-17,0.28316769325069585,4.1191064574751177e-17,0.251795015784183,0.46503729096512114
2007-02-16,5.1416345105087123e-17,0.28316769325069585,4.1191064574751177e-17,0.251795015784183,0.46503729096512114
2007-02-21,5.1416345105087123e-17,0.28316769325069585,4.1191064574751177e-17,0.251795015784183,0.46503729096512114
2007-02-22,5.1416345105087123e-17,0.28316769325069585,4.1191064574751177e-17,0.251795015784183,0.46503729096512114
2007-02-23,5.1416345105087123e-17,0.28316769325069585,4.1191064574751177e-17,0.251795015784183,0.46503729096512114
2007-02-26,5.1416345105087123e-17,0.28316769325069585,4.1191064574751177e-17,0.251795015784183,0.46503729096512114
2007-02-27,5.1416345105087123e-17,0.28316769325069585,4.1191064574751177e-17,0.251795015784183,0.46503729096512114
2007-02-28,5.1416345105087123e-17,0.28316769325069585,4.1191064574751177e-17,0.251795015784183,0.46503729096512114
2007-03-01,5.1416345105087123e-17,0.28316769325069585,4.1191064574751177e-17,0.251795015784183,0.46503729096512114
2007-03-02,1.9814474678292e-17,0.2676272230654643,0.0,0.26522897329412004,0.46714380364041563
2007-03-05,1.9814474678292e-17,0.2676272230654643,0.0,0.26522897329412004,0.46714380364041563
2007-03-06,1.9814474678292e-17,0.2676272230654643,0.0,0.26522897329412004,0.46714380364041563
2007-03-07,1.9814474678292e-17,0.2676272230654643,0.0,0.26522897329412004,0.46714380364041563
2007-03-08,1.9814474678292e-17,0.2676272230654643,0.0,0.26522897329412004,0.46714380364041563
2007-03-09,1.9814474678292e-17,0.2676272230654643,0.0,0.26522897329412004,0.46714380364041563
2007-03-12,1.9814474678292e-17,0.2676272230654643,0.0,0.26522897329412004,0.46714380364041563
2007-03-13,1.9814474678292e-17,0.2676272230654643,0.0,0.26522897329412004,0.46714380364041563
2007-03-14,1.9814474678292e-17,0.2676272230654643,0.0,0.26522897329412004,0.46714380364041563
2007-03-15,1.9814474678292e-17,0.2676272230654643,0.0,0.26522897329412004,0.46714380364041563
2007-03-16,1.9814474678292e-17,0.2676272230654643,0.0,0.26522897329412004,0.46714380364041563
2007-03-19,1.9814474678292e-17,0.2676272230654643,0.0,0.26522897329412004,0.46714380364041563
2007-03-20,1.9814474678292e-17,0.2676272230654643,0.0,0.26522897329412004,0.46714380364041563
2007-03-21,1.9814474678292e-17,0.2676272230654643,0.0,0.26522897329412004,0.46714380364041563
2007-03-22,1.9814474678292e-17,0.2676272230654643,0.0,0.26522897329412004,0.46714380364041563
2007-03-23,1.9814474678292e-17,0.2676272230654643,0.0,0.26522897329412004,0.46714380364041563
2007-03-26,1.9814474678292e-17,0.2676272230654643,0.0,0.26522897329412004,0.46714380364041563
2007-03-27,1.9814474678292e-17,0.2676272230654643,0.0,0.26522897329412004,0.46714380364041563
2007-03-28,1.9814474678292e-17,0.2676272230654643,0.0,0.26522897329412004,0.46714380364041563
2007-03-29,1.9814474678292e-17,0.2676272230654643,0.0,0.26522897329412004,0.46714380364041563
2007-03-30,1.9814474678292e-17,0.2676272230654643,0.0,0.26522897329412004,0.46714380364041563
2007-04-02,0.0,0.2548507892602601,8.085511313806466e-18,0.28416007620293354,0.46098913453680646
2007-04-03,0.0,0.2548507892602601,8.085511313806466e-18,0.28416007620293354,0.46098913453680646
2007-04-04,0.0,0.2548507892602601,8.085511313806466e-18,0.28416007620293354,0.46098913453680646
2007-04-05,0.0,0.2548507892602601,8.085511313806466e-18,0.28416007620293354,0.46098913453680646
2007-04-09,0.0,0.2548507892602601,8.085511313806466e-18,0.28416007620293354,0.46098913453680646
2007-04-10,0.0,0.2548507892602601,8.085511313806466e-18,0.28416007620293354,0.46098913453680646
2007-04-11,0.0,0.2548507892602601,8.085511313806466e-18,0.28416007620293354,0.46098913453680646
2007-04-12,0.0,0.2548507892602601,8.085511313806466e-18,0.28416007620293354,0.46098913453680646
2007-04-13,0.0,0.2548507892602601,8.085511313806466e-18,0.28416007620293354,0.46098913453680646
2007-04-16,0.0,0.2548507892602601,8.085511313806466e-18,0.28416007620293354,0.46098913453680646
2007-04-17,0.0,0.2548507892602601,8.085511313806466e-18,0.28416007620293354,0.46098913453680646
2007-04-18,0.0,0.2548507892602601,8.085511313806466e-18,0.28416007620293354,0.46098913453680646
2007-04-19,0.0,0.2548507892602601,8.085511313806466e-18,0.28416007620293354,0.46098913453680646
2007-04-20,0.0,0.2548507892602601,8.085511313806466e-18,0.28416007620293354,0.46098913453680646
2007-04-23,0.0,0.2548507892602601,8.085511313806466e-18,0.28416007620293354,0.46098913453680646
2007-04-24,0.0,0.2548507892602601,8.085511313806466e-18,0.28416007620293354,0.46098913453680646
2007-04-25,0.0,0.2548507892602601,8.085511313806466e-18,0.28416007620293354,0.46098913453680646
2007-04-26,0.0,0.2548507892602601,8.085511313806466e-18,0.28416007620293354,0.46098913453680646
2007-04-27,0.0,0.2548507892602601,8.085511313806466e-18,0.28416007620293354,0.46098913453680646
2007-04-30,0.0,0.2548507892602601,8.085511313806466e-18,0.28416007620293354,0.46098913453680646
2007-05-02,0.0,0.2548507892602601,8.085511313806466e-18,0.28416007620293354,0.46098913453680646
2007-05-03,0.0,0.24618807273160573,1.0076287260512647e-16,0.28915166783373886,0.4646602594346552
2007-05-04,0.0,0.24618807273160573,1.0076287260512647e-16,0.28915166783373886,0.4646602594346552
2007-05-07,0.0,0.24618807273160573,1.0076287260512647e-16,0.28915166783373886,0.4646602594346552
2007-05-08,0.0,0.24618807273160573,1.0076287260512647e-16,0.28915166783373886,0.4646602594346552
2007-05-09,0.0,0.24618807273160573,1.0076287260512647e-16,0.28915166783373886,0.4646602594346552
2007-05-10,0.0,0.24618807273160573,1.0076287260512647e-16,0.28915166783373886,0.4646602594346552
2007-05-11,0.0,0.24618807273160573,1.0076287260512647e-16,0.28915166783373886,0.4646602594346552
2007-05-14,0.0,0.24618807273160573,1.0076287260512647e-16,0.28915166783373886,0.4646602594346552
2007-05-15,0.0,0.24618807273160573,1.0076287260512647e-16,0.28915166783373886,0.4646602594346552
2007-05-16,0.0,0.24618807273160573,1.0076287260512647e-16,0.28915166783373886,0.4646602594346552
2007-05-17,0.0,0.24618807273160573,1.0076287260512647e-16,0.28915166783373886,0.4646602594346552
2007-05-18,0.0,0.24618807273160573,1.0076287260512647e-16,0.28915166783373886,0.4646602594346552
2007-05-21,0.0,0.24618807273160573,1.0076287260512647e-16,0.28915166783373886,0.4646602594346552
2007-05-22,0.0,0.24618807273160573,1.0076287260512647e-16,0.28915166783373886,0.4646602594346552
2007-05-23,0.0,0.24618807273160573,1.0076287260512647e-16,0.28915166783373886,0.4646602594346552
2007-05-24,0.0,0.24618807273160573,1.0076287260512647e-16,0.28915166783373886,0.4646602594346552
2007-05-25,0.0,0.24618807273160573,1.0076287260512647e-16,0.28915166783373886,0.4646602594346552
2007-05-29,0.0,0.24618807273160573,1.0076287260512647e-16,0.28915166783373886,0.4646602594346552
2007-05-30,0.0,0.24618807273160573,1.0076287260512647e-16,0.28915166783373886,0.4646602594346552
2007-05-31,0.0,0.24618807273160573,1.0076287260512647e-16,0.28915166783373886,0.4646602594346552
2007-06-01,0.0,0.24618807273160573,1.0076287260512647e-16,0.28915166783373886,0.4646602594346552
2007-06-04,0.0,0.26591916463207754,8.978979100993286e-18,0.30969705263479885,0.4243837827331237
2007-06-05,0.0,0.26591916463207754,8.978979100993286e-18,0.30969705263479885,0.4243837827331237
2007-06-06,0.0,0.26591916463207754,8.978979100993286e-18,0.30969705263479885,0.4243837827331237
2007-06-08,0.0,0.26591916463207754,8.978979100993286e-18,0.30969705263479885,0.4243837827331237
2007-06-11,0.0,0.26591916463207754,8.978979100993286e-18,0.30969705263479885,0.4243837827331237
2007-06-12,0.0,0.26591916463207754,8.978979100993286e-18,0.30969705263479885,0.4243837827331237
2007-06-13,0.0,0.26591916463207754,8.978979100993286e-18,0.30969705263479885,0.4243837827331237
2007-06-14,0.0,0.26591916463207754,8.978979100993286e-18,0.30969705263479885,0.4243837827331237
2007-06-15,0.0,0.26591916463207754,8.978979100993286e-18,0.30969705263479885,0.4243837827331237
2007-06-18,0.0,0.26591916463207754,8.978979100993286e-18,0.30969705263479885,0.4243837827331237
2007-06-19,0.0,0.26591916463207754,8.978979100993286e-18,0.30969705263479885,0.4243837827331237
2007-06-20,0.0,0.26591916463207754,8.978979100993286e-18,0.30969705263479885,0.4243837827331237
2007-06-21,0.0,0.26591916463207754,8.978979100993286e-18,0.30969705263479885,0.4243837827331237
2007-06-22,0.0,0.26591916463207754,8.978979100993286e-18,0.30969705263479885,0.4243837827331237
2007-06-25,0.0,0.26591916463207754,8.978979100993286e-18,0.30969705263479885,0.4243837827331237
2007-06-26,0.0,0.26591916463207754,8.978979100993286e-18,0.30969705263479885,0.4243837827331237
2007-06-27,0.0,0.26591916463207754,8.978979100993286e-18,0.30969705263479885,0.4243837827331237
2007-06-28,0.0,0.26591916463207754,8.978979100993286e-18,0.30969705263479885,0.4243837827331237
2007-06-29,0.0,0.26591916463207754,8.978979100993286e-18,0.30969705263479885,0.4243837827331237
2007-07-02,0.0,0.26591916463207754,8.978979100993286e-18,0.30969705263479885,0.4243837827331237
2007-07-03,0.0,0.26591916463207754,8.978979100993286e-18,0.30969705263479885,0.4243837827331237
2007-07-05,0.0,0.22538387890208492,4.369189684804358e-18,0.32192322634383674,0.4526928947540783
2007-07-06,0.0,0.22538387890208492,4.369189684804358e-18,0.32192322634383674,0.4526928947540783
2007-07-10,0.0,0.22538387890208492,4.369189684804358e-18,0.32192322634383674,0.4526928947540783
2007-07-11,0.0,0.22538387890208492,4.369189684804358e-18,0.32192322634383674,0.4526928947540783
2007-07-12,0.0,0.22538387890208492,4.369189684804358e-18,0.32192322634383674,0.4526928947540783
2007-07-13,0.0,0.22538387890208492,4.369189684804358e-18,0.32192322634383674,0.4526928947540783
2007-07-16,0.0,0.22538387890208492,4.369189684804358e-18,0.32192322634383674,0.4526928947540783
2007-07-17,0.0,0.22538387890208492,4.369189684804358e-18,0.32192322634383674,0.4526928947540783
2007-07-18,0.0,0.22538387890208492,4.369189684804358e-18,0.32192322634383674,0.4526928947540783
2007-07-19,0.0,0.22538387890208492,4.369189684804358e-18,0.32192322634383674,0.4526928947540783
2007-07-20,0.0,0.22538387890208492,4.369189684804358e-18,0.32192322634383674,0.4526928947540783
2007-07-23,0.0,0.22538387890208492,4.369189684804358e-18,0.32192322634383674,0.4526928947540783
2007-07-24,0.0,0.22538387890208492,4.369189684804358e-18,0.32192322634383674,0.4526928947540783
2007-07-25,0.0,0.22538387890208492,4.369189684804358e-18,0.32192322634383674,0.4526928947540783
2007-07-26,0.0,0.22538387890208492,4.369189684804358e-18,0.32192322634383674,0.4526928947540783
2007-07-27,0.0,0.22538387890208492,4.369189684804358e-18,0.32192322634383674,0.4526928947540783
2007-07-30,0.0,0.22538387890208492,4.369189684804358e-18,0.32192322634383674,0.4526928947540783
2007-07-31,0.0,0.22538387890208492,4.369189684804358e-18,0.32192322634383674,0.4526928947540783
2007-08-01,0.0,0.22538387890208492,4.369189684804358e-18,0.32192322634383674,0.4526928947540783
2007-08-02,0.0,0.22538387890208492,4.369189684804358e-18,0.32192322634383674,0.4526928947540783
2007-08-03,0.0,0.22538387890208492,4.369189684804358e-18,0.32192322634383674,0.4526928947540783
2007-08-06,0.03210060241541944,0.18933477202111712,2.6586356038680738e-18,0.3665781937097278,0.4119864318537356
2007-08-07,0.03210060241541944,0.18933477202111712,2.6586356038680738e-18,0.3665781937097278,0.4119864318537356
2007-08-08,0.03210060241541944,0.18933477202111712,2.6586356038680738e-18,0.3665781937097278,0.4119864318537356
2007-08-09,0.03210060241541944,0.18933477202111712,2.6586356038680738e-18,0.3665781937097278,0.4119864318537356
2007-08-10,0.03210060241541944,0.18933477202111712,2.6586356038680738e-18,0.3665781937097278,0.4119864318537356
2007-08-13,0.03210060241541944,0.18933477202111712,2.6586356038680738e-18,0.3665781937097278,0.4119864318537356
2007-08-14,0.03210060241541944,0.18933477202111712,2.6586356038680738e-18,0.3665781937097278,0.4119864318537356
2007-08-15,0.03210060241541944,0.18933477202111712,2.6586356038680738e-18,0.3665781937097278,0.4119864318537356
2007-08-16,0.03210060241541944,0.18933477202111712,2.6586356038680738e-18,0.3665781937097278,0.4119864318537356
2007-08-17,0.03210060241541944,0.18933477202111712,2.6586356038680738e-18,0.3665781937097278,0.4119864318537356
2007-08-20,0.03210060241541944,0.18933477202111712,2.6586356038680738e-18,0.3665781937097278,0.4119864318537356
2007-08-21,0.03210060241541944,0.18933477202111712,2.6586356038680738e-18,0.3665781937097278,0.4119864318537356
2007-08-22,0.03210060241541944,0.18933477202111712,2.6586356038680738e-18,0.3665781937097278,0.4119864318537356
2007-08-23,0.03210060241541944,0.18933477202111712,2.6586356038680738e-18,0.3665781937097278,0.4119864318537356
2007-08-24,0.03210060241541944,0.18933477202111712,2.6586356038680738e-18,0.3665781937097278,0.4119864318537356
2007-08-27,0.03210060241541944,0.18933477202111712,2.6586356038680738e-18,0.3665781937097278,0.4119864318537356
2007-08-28,0.03210060241541944,0.18933477202111712,2.6586356038680738e-18,0.3665781937097278,0.4119864318537356
2007-08-29,0.03210060241541944,0.18933477202111712,2.6586356038680738e-18,0.3665781937097278,0.4119864318537356
2007-08-30,0.03210060241541944,0.18933477202111712,2.6586356038680738e-18,0.3665781937097278,0.4119864318537356
2007-08-31,0.03210060241541944,0.18933477202111712,2.6586356038680738e-18,0.3665781937097278,0.4119864318537356
2007-09-04,0.03210060241541944,0.18933477202111712,2.6586356038680738e-18,0.3665781937097278,0.4119864318537356
2007-09-05,0.06448466204424837,0.23475855454389827,4.533708572829364e-17,0.3799472041214633,0.32080957929039
2007-09-06,0.06448466204424837,0.23475855454389827,4.533708572829364e-17,0.3799472041214633,0.32080957929039
2007-09-10,0.06448466204424837,0.23475855454389827,4.533708572829364e-17,0.3799472041214633,0.32080957929039
2007-09-11,0.06448466204424837,0.23475855454389827,4.533708572829364e-17,0.3799472041214633,0.32080957929039
2007-09-12,0.06448466204424837,0.23475855454389827,4.533708572829364e-17,0.3799472041214633,0.32080957929039
2007-09-13,0.06448466204424837,0.23475855454389827,4.533708572829364e-17,0.3799472041214633,0.32080957929039
2007-09-14,0.06448466204424837,0.23475855454389827,4.533708572829364e-17,0.3799472041214633,0.32080957929039
2007-09-17,0.06448466204424837,0.23475855454389827,4.533708572829364e-17,0.3799472041214633,0.32080957929039
2007-09-18,0.06448466204424837,0.23475855454389827,4.533708572829364e-17,0.3799472041214633,0.32080957929039
2007-09-19,0.06448466204424837,0.23475855454389827,4.533708572829364e-17,0.3799472041214633,0.32080957929039
2007-09-20,0.06448466204424837,0.23475855454389827,4.533708572829364e-17,0.3799472041214633,0.32080957929039
2007-09-21,0.06448466204424837,0.23475855454389827,4.533708572829364e-17,0.3799472041214633,0.32080957929039
2007-09-24,0.06448466204424837,0.23475855454389827,4.533708572829364e-17,0.3799472041214633,0.32080957929039
2007-09-25,0.06448466204424837,0.23475855454389827,4.533708572829364e-17,0.3799472041214633,0.32080957929039
2007-09-26,0.06448466204424837,0.23475855454389827,4.533708572829364e-17,0.3799472041214633,0.32080957929039
2007-09-27,0.06448466204424837,0.23475855454389827,4.533708572829364e-17,0.3799472041214633,0.32080957929039
2007-09-28,0.06448466204424837,0.23475855454389827,4.533708572829364e-17,0.3799472041214633,0.32080957929039
2007-10-01,0.06448466204424837,0.23475855454389827,4.533708572829364e-17,0.3799472041214633,0.32080957929039
2007-10-02,0.06448466204424837,0.23475855454389827,4.533708572829364e-17,0.3799472041214633,0.32080957929039
2007-10-03,0.06448466204424837,0.23475855454389827,4.533708572829364e-17,0.3799472041214633,0.32080957929039
2007-10-04,0.06448466204424837,0.23475855454389827,4.533708572829364e-17,0.3799472041214633,0.32080957929039
2007-10-05,0.07416666270648267,0.23630574183183214,0.0,0.4185318457879892,0.27099574967369605
2007-10-08,0.07416666270648267,0.23630574183183214,0.0,0.4185318457879892,0.27099574967369605
2007-10-09,0.07416666270648267,0.23630574183183214,0.0,0.4185318457879892,0.27099574967369605
2007-10-10,0.07416666270648267,0.23630574183183214,0.0,0.4185318457879892,0.27099574967369605
2007-10-11,0.07416666270648267,0.23630574183183214,0.0,0.4185318457879892,0.27099574967369605
2007-10-15,0.07416666270648267,0.23630574183183214,0.0,0.4185318457879892,0.27099574967369605
2007-10-16,0.07416666270648267,0.23630574183183214,0.0,0.4185318457879892,0.27099574967369605
2007-10-17,0.07416666270648267,0.23630574183183214,0.0,0.4185318457879892,0.27099574967369605
2007-10-18,0.07416666270648267,0.23630574183183214,0.0,0.4185318457879892,0.27099574967369605
2007-10-19,0.07416666270648267,0.23630574183183214,0.0,0.4185318457879892,0.27099574967369605
2007-10-22,0.07416666270648267,0.23630574183183214,0.0,0.4185318457879892,0.27099574967369605
2007-10-23,0.07416666270648267,0.23630574183183214,0.0,0.4185318457879892,0.27099574967369605
2007-10-24,0.07416666270648267,0.23630574183183214,0.0,0.4185318457879892,0.27099574967369605
2007-10-25,0.07416666270648267,0.23630574183183214,0.0,0.4185318457879892,0.27099574967369605
2007-10-26,0.07416666270648267,0.23630574183183214,0.0,0.4185318457879892,0.27099574967369605
2007-10-29,0.07416666270648267,0.23630574183183214,0.0,0.4185318457879892,0.27099574967369605
2007-10-30,0.07416666270648267,0.23630574183183214,0.0,0.4185318457879892,0.27099574967369605
2007-10-31,0.07416666270648267,0.23630574183183214,0.0,0.4185318457879892,0.27099574967369605
2007-11-01,0.07416666270648267,0.23630574183183214,0.0,0.4185318457879892,0.27099574967369605
2007-11-05,0.07416666270648267,0.23630574183183214,0.0,0.4185318457879892,0.27099574967369605
2007-11-06,0.07416666270648267,0.23630574183183214,0.0,0.4185318457879892,0.27099574967369605
2007-11-07,0.10539552476965433,0.20811960939953658,0.0,0.4512472364876328,0.2352376293431763
2007-11-08,0.10539552476965433,0.20811960939953658,0.0,0.4512472364876328,0.2352376293431763
2007-11-09,0.10539552476965433,0.20811960939953658,0.0,0.4512472364876328,0.2352376293431763
2007-11-12,0.10539552476965433,0.20811960939953658,0.0,0.4512472364876328,0.2352376293431763
2007-11-13,0.10539552476965433,0.20811960939953658,0.0,0.4512472364876328,0.2352376293431763
2007-11-14,0.10539552476965433,0.20811960939953658,0.0,0.4512472364876328,0.2352376293431763
2007-11-16,0.10539552476965433,0.20811960939953658,0.0,0.4512472364876328,0.2352376293431763
2007-11-19,0.10539552476965433,0.20811960939953658,0.0,0.4512472364876328,0.2352376293431763
2007-11-21,0.10539552476965433,0.20811960939953658,0.0,0.4512472364876328,0.2352376293431763
2007-11-23,0.10539552476965433,0.20811960939953658,0.0,0.4512472364876328,0.2352376293431763
2007-11-26,0.10539552476965433,0.20811960939953658,0.0,0.4512472364876328,0.2352376293431763
2007-11-27,0.10539552476965433,0.20811960939953658,0.0,0.4512472364876328,0.2352376293431763
2007-11-28,0.10539552476965433,0.20811960939953658,0.0,0.4512472364876328,0.2352376293431763
2007-11-29,0.10539552476965433,0.20811960939953658,0.0,0.4512472364876328,0.2352376293431763
2007-11-30,0.10539552476965433,0.20811960939953658,0.0,0.4512472364876328,0.2352376293431763
2007-12-03,0.10539552476965433,0.20811960939953658,0.0,0.4512472364876328,0.2352376293431763
2007-12-04,0.10539552476965433,0.20811960939953658,0.0,0.4512472364876328,0.2352376293431763
2007-12-05,0.10539552476965433,0.20811960939953658,0.0,0.4512472364876328,0.2352376293431763
2007-12-06,0.10539552476965433,0.20811960939953658,0.0,0.4512472364876328,0.2352376293431763
2007-12-07,0.10539552476965433,0.20811960939953658,0.0,0.4512472364876328,0.2352376293431763
2007-12-10,0.10539552476965433,0.20811960939953658,0.0,0.4512472364876328,0.2352376293431763
2007-12-11,0.11490743043752526,0.2145061815892001,4.9550571576021354e-17,0.44571747355990626,0.22486891441336834
2007-12-12,0.11490743043752526,0.2145061815892001,4.9550571576021354e-17,0.44571747355990626,0.22486891441336834
2007-12-13,0.11490743043752526,0.2145061815892001,4.9550571576021354e-17,0.44571747355990626,0.22486891441336834
2007-12-14,0.11490743043752526,0.2145061815892001,4.9550571576021354e-17,0.44571747355990626,0.22486891441336834
2007-12-17,0.11490743043752526,0.2145061815892001,4.9550571576021354e-17,0.44571747355990626,0.22486891441336834
2007-12-18,0.11490743043752526,0.2145061815892001,4.9550571576021354e-17,0.44571747355990626,0.22486891441336834
2007-12-19,0.11490743043752526,0.2145061815892001,4.9550571576021354e-17,0.44571747355990626,0.22486891441336834
2007-12-20,0.11490743043752526,0.2145061815892001,4.9550571576021354e-17,0.44571747355990626,0.22486891441336834
2007-12-21,0.11490743043752526,0.2145061815892001,4.9550571576021354e-17,0.44571747355990626,0.22486891441336834
2007-12-26,0.11490743043752526,0.2145061815892001,4.9550571576021354e-17,0.44571747355990626,0.22486891441336834
2007-12-27,0.11490743043752526,0.2145061815892001,4.9550571576021354e-17,0.44571747355990626,0.22486891441336834
2007-12-28,0.11490743043752526,0.2145061815892001,4.9550571576021354e-17,0.44571747355990626,0.22486891441336834
2008-01-02,0.11490743043752526,0.2145061815892001,4.9550571576021354e-17,0.44571747355990626,0.22486891441336834
2008-01-03,0.11490743043752526,0.2145061815892001,4.9550571576021354e-17,0.44571747355990626,0.22486891441336834
2008-01-04,0.11490743043752526,0.2145061815892001,4.9550571576021354e-17,0.44571747355990626,0.22486891441336834
2008-01-07,0.11490743043752526,0.2145061815892001,4.9550571576021354e-17,0.44571747355990626,0.22486891441336834
2008-01-08,0.11490743043752526,0.2145061815892001,4.9550571576021354e-17,0.44571747355990626,0.22486891441336834
2008-01-09,0.11490743043752526,0.2145061815892001,4.9550571576021354e-17,0.44571747355990626,0.22486891441336834
2008-01-10,0.11490743043752526,0.2145061815892001,4.9550571576021354e-17,0.44571747355990626,0.22486891441336834
2008-01-11,0.11490743043752526,0.2145061815892001,4.9550571576021354e-17,0.44571747355990626,0.22486891441336834
2008-01-14,0.11490743043752526,0.2145061815892001,4.9550571576021354e-17,0.44571747355990626,0.22486891441336834
2008-01-15,0.12189309479563287,0.192912491579063,0.0,0.43633784345699117,0.24885657016831297
2008-01-16,0.12189309479563287,0.192912491579063,0.0,0.43633784345699117,0.24885657016831297
2008-01-17,0.12189309479563287,0.192912491579063,0.0,0.43633784345699117,0.24885657016831297
2008-01-18,0.12189309479563287,0.192912491579063,0.0,0.43633784345699117,0.24885657016831297
2008-01-22,0.12189309479563287,0.192912491579063,0.0,0.43633784345699117,0.24885657016831297
2008-01-23,0.12189309479563287,0.192912491579063,0.0,0.43633784345699117,0.24885657016831297
2008-01-24,0.12189309479563287,0.192912491579063,0.0,0.43633784345699117,0.24885657016831297
2008-01-28,0.12189309479563287,0.192912491579063,0.0,0.43633784345699117,0.24885657016831297
2008-01-29,0.12189309479563287,0.192912491579063,0.0,0.43633784345699117,0.24885657016831297
2008-01-30,0.12189309479563287,0.192912491579063,0.0,0.43633784345699117,0.24885657016831297
2008-01-31,0.12189309479563287,0.192912491579063,0.0,0.43633784345699117,0.24885657016831297
2008-02-01,0.12189309479563287,0.192912491579063,0.0,0.43633784345699117,0.24885657016831297
2008-02-06,0.12189309479563287,0.192912491579063,0.0,0.43633784345699117,0.24885657016831297
2008-02-07,0.12189309479563287,0.192912491579063,0.0,0.43633784345699117,0.24885657016831297
2008-02-08,0.12189309479563287,0.192912491579063,0.0,0.43633784345699117,0.24885657016831297
2008-02-11,0.12189309479563287,0.192912491579063,0.0,0.43633784345699117,0.24885657016831297
2008-02-12,0.12189309479563287,0.192912491579063,0.0,0.43633784345699117,0.24885657016831297
2008-02-13,0.12189309479563287,0.192912491579063,0.0,0.43633784345699117,0.24885657016831297
2008-02-14,0.12189309479563287,0.192912491579063,0.0,0.43633784345699117,0.24885657016831297
2008-02-15,0.12189309479563287,0.192912491579063,0.0,0.43633784345699117,0.24885657016831297
2008-02-19,0.12189309479563287,0.192912491579063,0.0,0.43633784345699117,0.24885657016831297
2008-02-20,0.06054476082625647,0.24396230755394135,0.0,0.4393985161121394,0.2560944155076628
2008-02-21,0.06054476082625647,0.24396230755394135,0.0,0.4393985161121394,0.2560944155076628
2008-02-22,0.06054476082625647,0.24396230755394135,0.0,0.4393985161121394,0.2560944155076628
2008-02-25,0.06054476082625647,0.24396230755394135,0.0,0.4393985161121394,0.2560944155076628
2008-02-26,0.06054476082625647,0.24396230755394135,0.0,0.4393985161121394,0.2560944155076628
2008-02-27,0.06054476082625647,0.24396230755394135,0.0,0.4393985161121394,0.2560944155076628
2008-02-28,0.06054476082625647,0.24396230755394135,0.0,0.4393985161121394,0.2560944155076628
2008-02-29,0.06054476082625647,0.24396230755394135,0.0,0.4393985161121394,0.2560944155076628
2008-03-03,0.06054476082625647,0.24396230755394135,0.0,0.4393985161121394,0.2560944155076628
2008-03-04,0.06054476082625647,0.24396230755394135,0.0,0.4393985161121394,0.2560944155076628
2008-03-05,0.06054476082625647,0.24396230755394135,0.0,0.4393985161121394,0.2560944155076628
2008-03-06,0.06054476082625647,0.24396230755394135,0.0,0.4393985161121394,0.2560944155076628
2008-03-07,0.06054476082625647,0.24396230755394135,0.0,0.4393985161121394,0.2560944155076628
2008-03-10,0.06054476082625647,0.24396230755394135,0.0,0.4393985161121394,0.2560944155076628
2008-03-11,0.06054476082625647,0.24396230755394135,0.0,0.4393985161121394,0.2560944155076628
2008-03-12,0.06054476082625647,0.24396230755394135,0.0,0.4393985161121394,0.2560944155076628
2008-03-13,0.06054476082625647,0.24396230755394135,0.0,0.4393985161121394,0.2560944155076628
2008-03-14,0.06054476082625647,0.24396230755394135,0.0,0.4393985161121394,0.2560944155076628
2008-03-17,0.06054476082625647,0.24396230755394135,0.0,0.4393985161121394,0.2560944155076628
2008-03-18,0.06054476082625647,0.24396230755394135,0.0,0.4393985161121394,0.2560944155076628
2008-03-19,0.06054476082625647,0.24396230755394135,0.0,0.4393985161121394,0.2560944155076628
2008-03-20,0.0,0.3051685607812288,4.242520045365548e-17,0.4450869929083199,0.2497444463104512
2008-03-24,0.0,0.3051685607812288,4.242520045365548e-17,0.4450869929083199,0.2497444463104512
2008-03-25,0.0,0.3051685607812288,4.242520045365548e-17,0.4450869929083199,0.2497444463104512
2008-03-26,0.0,0.3051685607812288,4.242520045365548e-17,0.4450869929083199,0.2497444463104512
2008-03-27,0.0,0.3051685607812288,4.242520045365548e-17,0.4450869929083199,0.2497444463104512
2008-03-28,0.0,0.3051685607812288,4.242520045365548e-17,0.4450869929083199,0.2497444463104512
2008-03-31,0.0,0.3051685607812288,4.242520045365548e-17,0.4450869929083199,0.2497444463104512
2008-04-01,0.0,0.3051685607812288,4.242520045365548e-17,0.4450869929083199,0.2497444463104512
2008-04-02,0.0,0.3051685607812288,4.242520045365548e-17,0.4450869929083199,0.2497444463104512
2008-04-03,0.0,0.3051685607812288,4.242520045365548e-17,0.4450869929083199,0.2497444463104512
2008-04-04,0.0,0.3051685607812288,4.242520045365548e-17,0.4450869929083199,0.2497444463104512
2008-04-07,0.0,0.3051685607812288,4.242520045365548e-17,0.4450869929083199,0.2497444463104512
2008-04-08,0.0,0.3051685607812288,4.242520045365548e-17,0.4450869929083199,0.2497444463104512
2008-04-09,0.0,0.3051685607812288,4.242520045365548e-17,0.4450869929083199,0.2497444463104512
2008-04-10,0.0,0.3051685607812288,4.242520045365548e-17,0.4450869929083199,0.2497444463104512
2008-04-11,0.0,0.3051685607812288,4.242520045365548e-17,0.4450869929083199,0.2497444463104512
2008-04-14,0.0,0.3051685607812288,4.242520045365548e-17,0.4450869929083199,0.2497444463104512
2008-04-15,0.0,0.3051685607812288,4.242520045365548e-17,0.4450869929083199,0.2497444463104512
2008-04-16,0.0,0.3051685607812288,4.242520045365548e-17,0.4450869929083199,0.2497444463104512
2008-04-17,0.0,0.3051685607812288,4.242520045365548e-17,0.4450869929083199,0.2497444463104512
2008-04-18,0.0,0.3051685607812288,4.242520045365548e-17,0.4450869929083199,0.2497444463104512
2008-04-22,3.304808736236487e-17,0.2983882378903978,0.0,0.43791771908102517,0.263694043028577
2008-04-23,3.304808736236487e-17,0.2983882378903978,0.0,0.43791771908102517,0.263694043028577
2008-04-24,3.304808736236487e-17,0.2983882378903978,0.0,0.43791771908102517,0.263694043028577
2008-04-25,3.304808736236487e-17,0.2983882378903978,0.0,0.43791771908102517,0.263694043028577
2008-04-28,3.304808736236487e-17,0.2983882378903978,0.0,0.43791771908102517,0.263694043028577
2008-04-29,3.304808736236487e-17,0.2983882378903978,0.0,0.43791771908102517,0.263694043028577
2008-04-30,3.304808736236487e-17,0.2983882378903978,0.0,0.43791771908102517,0.263694043028577
2008-05-02,3.304808736236487e-17,0.2983882378903978,0.0,0.43791771908102517,0.263694043028577
2008-05-05,3.304808736236487e-17,0.2983882378903978,0.0,0.43791771908102517,0.263694043028577
2008-05-06,3.304808736236487e-17,0.2983882378903978,0.0,0.43791771908102517,0.263694043028577
2008-05-07,3.304808736236487e-17,0.2983882378903978,0.0,0.43791771908102517,0.263694043028577
2008-05-08,3.304808736236487e-17,0.2983882378903978,0.0,0.43791771908102517,0.263694043028577
2008-05-09,3.304808736236487e-17,0.2983882378903978,0.0,0.43791771908102517,0.263694043028577
2008-05-12,3.304808736236487e-17,0.2983882378903978,0.0,0.43791771908102517,0.263694043028577
2008-05-13,3.304808736236487e-17,0.2983882378903978,0.0,0.43791771908102517,0.263694043028577
2008-05-14,3.304808736236487e-17,0.2983882378903978,0.0,0.43791771908102517,0.263694043028577
2008-05-15,3.304808736236487e-17,0.2983882378903978,0.0,0.43791771908102517,0.263694043028577
2008-05-16,3.304808736236487e-17,0.2983882378903978,0.0,0.43791771908102517,0.263694043028577
2008-05-19,3.304808736236487e-17,0.2983882378903978,0.0,0.43791771908102517,0.263694043028577
2008-05-20,3.304808736236487e-17,0.2983882378903978,0.0,0.43791771908102517,0.263694043028577
2008-05-21,3.304808736236487e-17,0.2983882378903978,0.0,0.43791771908102517,0.263694043028577
2008-05-23,0.0,0.296208567183618,0.0,0.42324333818704113,0.2805480946293408
2008-05-27,0.0,0.296208567183618,0.0,0.42324333818704113,0.2805480946293408
2008-05-28,0.0,0.296208567183618,0.0,0.42324333818704113,0.2805480946293408
2008-05-29,0.0,0.296208567183618,0.0,0.42324333818704113,0.2805480946293408
2008-05-30,0.0,0.296208567183618,0.0,0.42324333818704113,0.2805480946293408
2008-06-02,0.0,0.296208567183618,0.0,0.42324333818704113,0.2805480946293408
2008-06-03,0.0,0.296208567183618,0.0,0.42324333818704113,0.2805480946293408
2008-06-04,0.0,0.296208567183618,0.0,0.42324333818704113,0.2805480946293408
2008-06-05,0.0,0.296208567183618,0.0,0.42324333818704113,0.2805480946293408
2008-06-06,0.0,0.296208567183618,0.0,0.42324333818704113,0.2805480946293408
2008-06-09,0.0,0.296208567183618,0.0,0.42324333818704113,0.2805480946293408
2008-06-10,0.0,0.296208567183618,0.0,0.42324333818704113,0.2805480946293408
2008-06-11,0.0,0.296208567183618,0.0,0.42324333818704113,0.2805480946293408
2008-06-12,0.0,0.296208567183618,0.0,0.42324333818704113,0.2805480946293408
2008-06-13,0.0,0.296208567183618,0.0,0.42324333818704113,0.2805480946293408
2008-06-16,0.0,0.296208567183618,0.0,0.42324333818704113,0.2805480946293408
2008-06-17,0.0,0.296208567183618,0.0,0.42324333818704113,0.2805480946293408
2008-06-18,0.0,0.296208567183618,0.0,0.42324333818704113,0.2805480946293408
2008-06-19,0.0,0.296208567183618,0.0,0.42324333818704113,0.2805480946293408
2008-06-20,0.0,0.296208567183618,0.0,0.42324333818704113,0.2805480946293408
2008-06-23,0.0,0.296208567183618,0.0,0.42324333818704113,0.2805480946293408
2008-06-24,1.3528406907820334e-17,0.28045486318422924,1.0559624328849769e-16,0.421705117100215,0.2978400197155557
2008-06-25,1.3528406907820334e-17,0.28045486318422924,1.0559624328849769e-16,0.421705117100215,0.2978400197155557
2008-06-26,1.3528406907820334e-17,0.28045486318422924,1.0559624328849769e-16,0.421705117100215,0.2978400197155557
2008-06-27,1.3528406907820334e-17,0.28045486318422924,1.0559624328849769e-16,0.421705117100215,0.2978400197155557
2008-06-30,1.3528406907820334e-17,0.28045486318422924,1.0559624328849769e-16,0.421705117100215,0.2978400197155557
2008-07-01,1.3528406907820334e-17,0.28045486318422924,1.0559624328849769e-16,0.421705117100215,0.2978400197155557
2008-07-02,1.3528406907820334e-17,0.28045486318422924,1.0559624328849769e-16,0.421705117100215,0.2978400197155557
2008-07-03,1.3528406907820334e-17,0.28045486318422924,1.0559624328849769e-16,0.421705117100215,0.2978400197155557
2008-07-07,1.3528406907820334e-17,0.28045486318422924,1.0559624328849769e-16,0.421705117100215,0.2978400197155557
2008-07-08,1.3528406907820334e-17,0.28045486318422924,1.0559624328849769e-16,0.421705117100215,0.2978400197155557
2008-07-10,1.3528406907820334e-17,0.28045486318422924,1.0559624328849769e-16,0.421705117100215,0.2978400197155557
2008-07-11,1.3528406907820334e-17,0.28045486318422924,1.0559624328849769e-16,0.421705117100215,0.2978400197155557
2008-07-14,1.3528406907820334e-17,0.28045486318422924,1.0559624328849769e-16,0.421705117100215,0.2978400197155557
2008-07-15,1.3528406907820334e-17,0.28045486318422924,1.0559624328849769e-16,0.421705117100215,0.2978400197155557
2008-07-16,1.3528406907820334e-17,0.28045486318422924,1.0559624328849769e-16,0.421705117100215,0.2978400197155557
2008-07-17,1.3528406907820334e-17,0.28045486318422924,1.0559624328849769e-16,0.421705117100215,0.2978400197155557
2008-07-18,1.3528406907820334e-17,0.28045486318422924,1.0559624328849769e-16,0.421705117100215,0.2978400197155557
2008-07-21,1.3528406907820334e-17,0.28045486318422924,1.0559624328849769e-16,0.421705117100215,0.2978400197155557
2008-07-22,1.3528406907820334e-17,0.28045486318422924,1.0559624328849769e-16,0.421705117100215,0.2978400197155557
2008-07-23,1.3528406907820334e-17,0.28045486318422924,1.0559624328849769e-16,0.421705117100215,0.2978400197155557
2008-07-24,1.3528406907820334e-17,0.28045486318422924,1.0559624328849769e-16,0.421705117100215,0.2978400197155557
2008-07-25,0.0,0.2646072735545813,0.0,0.42071002583907735,0.3146827006063413
2008-07-28,0.0,0.2646072735545813,0.0,0.42071002583907735,0.3146827006063413
2008-07-29,0.0,0.2646072735545813,0.0,0.42071002583907735,0.3146827006063413
2008-07-30,0.0,0.2646072735545813,0.0,0.42071002583907735,0.3146827006063413
2008-07-31,0.0,0.2646072735545813,0.0,0.42071002583907735,0.3146827006063413
2008-08-01,0.0,0.2646072735545813,0.0,0.42071002583907735,0.3146827006063413
2008-08-04,0.0,0.2646072735545813,0.0,0.42071002583907735,0.3146827006063413
2008-08-05,0.0,0.2646072735545813,0.0,0.42071002583907735,0.3146827006063413
2008-08-06,0.0,0.2646072735545813,0.0,0.42071002583907735,0.3146827006063413
2008-08-07,0.0,0.2646072735545813,0.0,0.42071002583907735,0.3146827006063413
2008-08-08,0.0,0.2646072735545813,0.0,0.42071002583907735,0.3146827006063413
2008-08-11,0.0,0.2646072735545813,0.0,0.42071002583907735,0.3146827006063413
2008-08-12,0.0,0.2646072735545813,0.0,0.42071002583907735,0.3146827006063413
2008-08-13,0.0,0.2646072735545813,0.0,0.42071002583907735,0.3146827006063413
2008-08-14,0.0,0.2646072735545813,0.0,0.42071002583907735,0.3146827006063413
2008-08-15,0.0,0.2646072735545813,0.0,0.42071002583907735,0.3146827006063413
2008-08-18,0.0,0.2646072735545813,0.0,0.42071002583907735,0.3146827006063413
2008-08-19,0.0,0.2646072735545813,0.0,0.42071002583907735,0.3146827006063413
2008-08-20,0.0,0.2646072735545813,0.0,0.42071002583907735,0.3146827006063413
2008-08-21,0.0,0.2646072735545813,0.0,0.42071002583907735,0.3146827006063413
2008-08-22,0.0,0.2646072735545813,0.0,0.42071002583907735,0.3146827006063413
2008-08-25,3.753115628565407e-17,0.2538953851836843,1.806770278319373e-17,0.4084164040041444,0.3376882108121712
2008-08-26,3.753115628565407e-17,0.2538953851836843,1.806770278319373e-17,0.4084164040041444,0.3376882108121712
2008-08-27,3.753115628565407e-17,0.2538953851836843,1.806770278319373e-17,0.4084164040041444,0.3376882108121712
2008-08-28,3.753115628565407e-17,0.2538953851836843,1.806770278319373e-17,0.4084164040041444,0.3376882108121712
2008-08-29,3.753115628565407e-17,0.2538953851836843,1.806770278319373e-17,0.4084164040041444,0.3376882108121712
2008-09-02,3.753115628565407e-17,0.2538953851836843,1.806770278319373e-17,0.4084164040041444,0.3376882108121712
2008-09-03,3.753115628565407e-17,0.2538953851836843,1.806770278319373e-17,0.4084164040041444,0.3376882108121712
2008-09-04,3.753115628565407e-17,0.2538953851836843,1.806770278319373e-17,0.4084164040041444,0.3376882108121712
2008-09-05,3.753115628565407e-17,0.2538953851836843,1.806770278319373e-17,0.4084164040041444,0.3376882108121712
2008-09-08,3.753115628565407e-17,0.2538953851836843,1.806770278319373e-17,0.4084164040041444,0.3376882108121712
2008-09-09,3.753115628565407e-17,0.2538953851836843,1.806770278319373e-17,0.4084164040041444,0.3376882108121712
2008-09-10,3.753115628565407e-17,0.2538953851836843,1.806770278319373e-17,0.4084164040041444,0.3376882108121712
2008-09-11,3.753115628565407e-17,0.2538953851836843,1.806770278319373e-17,0.4084164040041444,0.3376882108121712
2008-09-12,3.753115628565407e-17,0.2538953851836843,1.806770278319373e-17,0.4084164040041444,0.3376882108121712
2008-09-15,3.753115628565407e-17,0.2538953851836843,1.806770278319373e-17,0.4084164040041444,0.3376882108121712
2008-09-16,3.753115628565407e-17,0.2538953851836843,1.806770278319373e-17,0.4084164040041444,0.3376882108121712
2008-09-17,3.753115628565407e-17,0.2538953851836843,1.806770278319373e-17,0.4084164040041444,0.3376882108121712
2008-09-18,3.753115628565407e-17,0.2538953851836843,1.806770278319373e-17,0.4084164040041444,0.3376882108121712
2008-09-19,3.753115628565407e-17,0.2538953851836843,1.806770278319373e-17,0.4084164040041444,0.3376882108121712
2008-09-22,3.753115628565407e-17,0.2538953851836843,1.806770278319373e-17,0.4084164040041444,0.3376882108121712
2008-09-23,3.753115628565407e-17,0.2538953851836843,1.806770278319373e-17,0.4084164040041444,0.3376882108121712
2008-09-24,0.0,0.2165085042526573,0.0,0.4293064157188151,0.3541850800285276
2008-09-25,0.0,0.2165085042526573,0.0,0.4293064157188151,0.3541850800285276
2008-09-26,0.0,0.2165085042526573,0.0,0.4293064157188151,0.3541850800285276
2008-09-29,0.0,0.2165085042526573,0.0,0.4293064157188151,0.3541850800285276
2008-09-30,0.0,0.2165085042526573,0.0,0.4293064157188151,0.3541850800285276
2008-10-01,0.0,0.2165085042526573,0.0,0.4293064157188151,0.3541850800285276
2008-10-02,0.0,0.2165085042526573,0.0,0.4293064157188151,0.3541850800285276
2008-10-03,0.0,0.2165085042526573,0.0,0.4293064157188151,0.3541850800285276
2008-10-06,0.0,0.2165085042526573,0.0,0.4293064157188151,0.3541850800285276
2008-10-07,0.0,0.2165085042526573,0.0,0.4293064157188151,0.3541850800285276
2008-10-08,0.0,0.2165085042526573,0.0,0.4293064157188151,0.3541850800285276
2008-10-09,0.0,0.2165085042526573,0.0,0.4293064157188151,0.3541850800285276
2008-10-10,0.0,0.2165085042526573,0.0,0.4293064157188151,0.3541850800285276
2008-10-13,0.0,0.2165085042526573,0.0,0.4293064157188151,0.3541850800285276
2008-10-14,0.0,0.2165085042526573,0.0,0.4293064157188151,0.3541850800285276
2008-10-15,0.0,0.2165085042526573,0.0,0.4293064157188151,0.3541850800285276
2008-10-16,0.0,0.2165085042526573,0.0,0.4293064157188151,0.3541850800285276
2008-10-17,0.0,0.2165085042526573,0.0,0.4293064157188151,0.3541850800285276
2008-10-20,0.0,0.2165085042526573,0.0,0.4293064157188151,0.3541850800285276
2008-10-21,0.0,0.2165085042526573,0.0,0.4293064157188151,0.3541850800285276
2008-10-22,0.0,0.2165085042526573,0.0,0.4293064157188151,0.3541850800285276
2008-10-23,0.051056589736917755,0.28422867390372425,0.0,0.4605201947560886,0.2041945416032695
2008-10-24,0.051056589736917755,0.28422867390372425,0.0,0.4605201947560886,0.2041945416032695
2008-10-27,0.051056589736917755,0.28422867390372425,0.0,0.4605201947560886,0.2041945416032695
2008-10-28,0.051056589736917755,0.28422867390372425,0.0,0.4605201947560886,0.2041945416032695
2008-10-29,0.051056589736917755,0.28422867390372425,0.0,0.4605201947560886,0.2041945416032695
2008-10-30,0.051056589736917755,0.28422867390372425,0.0,0.4605201947560886,0.2041945416032695
2008-10-31,0.051056589736917755,0.28422867390372425,0.0,0.4605201947560886,0.2041945416032695
2008-11-03,0.051056589736917755,0.28422867390372425,0.0,0.4605201947560886,0.2041945416032695
2008-11-04,0.051056589736917755,0.28422867390372425,0.0,0.4605201947560886,0.2041945416032695
2008-11-05,0.051056589736917755,0.28422867390372425,0.0,0.4605201947560886,0.2041945416032695
2008-11-06,0.051056589736917755,0.28422867390372425,0.0,0.4605201947560886,0.2041945416032695
2008-11-07,0.051056589736917755,0.28422867390372425,0.0,0.4605201947560886,0.2041945416032695
2008-11-10,0.051056589736917755,0.28422867390372425,0.0,0.4605201947560886,0.2041945416032695
2008-11-11,0.051056589736917755,0.28422867390372425,0.0,0.4605201947560886,0.2041945416032695
2008-11-12,0.051056589736917755,0.28422867390372425,0.0,0.4605201947560886,0.2041945416032695
2008-11-13,0.051056589736917755,0.28422867390372425,0.0,0.4605201947560886,0.2041945416032695
2008-11-14,0.051056589736917755,0.28422867390372425,0.0,0.4605201947560886,0.2041945416032695
2008-11-17,0.051056589736917755,0.28422867390372425,0.0,0.4605201947560886,0.2041945416032695
2008-11-18,0.051056589736917755,0.28422867390372425,0.0,0.4605201947560886,0.2041945416032695
2008-11-19,0.051056589736917755,0.28422867390372425,0.0,0.4605201947560886,0.2041945416032695
2008-11-21,0.051056589736917755,0.28422867390372425,0.0,0.4605201947560886,0.2041945416032695
2008-11-24,0.05813228434901846,0.27887392646223624,1.4589044430192193e-16,0.4843748342325994,0.17861895495614563
2008-11-25,0.05813228434901846,0.27887392646223624,1.4589044430192193e-16,0.4843748342325994,0.17861895495614563
2008-11-26,0.05813228434901846,0.27887392646223624,1.4589044430192193e-16,0.4843748342325994,0.17861895495614563
2008-11-28,0.05813228434901846,0.27887392646223624,1.4589044430192193e-16,0.4843748342325994,0.17861895495614563
2008-12-01,0.05813228434901846,0.27887392646223624,1.4589044430192193e-16,0.4843748342325994,0.17861895495614563
2008-12-02,0.05813228434901846,0.27887392646223624,1.4589044430192193e-16,0.4843748342325994,0.17861895495614563
2008-12-03,0.05813228434901846,0.27887392646223624,1.4589044430192193e-16,0.4843748342325994,0.17861895495614563
2008-12-04,0.05813228434901846,0.27887392646223624,1.4589044430192193e-16,0.4843748342325994,0.17861895495614563
2008-12-05,0.05813228434901846,0.27887392646223624,1.4589044430192193e-16,0.4843748342325994,0.17861895495614563
2008-12-08,0.05813228434901846,0.27887392646223624,1.4589044430192193e-16,0.4843748342325994,0.17861895495614563
2008-12-09,0.05813228434901846,0.27887392646223624,1.4589044430192193e-16,0.4843748342325994,0.17861895495614563
2008-12-10,0.05813228434901846,0.27887392646223624,1.4589044430192193e-16,0.4843748342325994,0.17861895495614563
2008-12-11,0.05813228434901846,0.27887392646223624,1.4589044430192193e-16,0.4843748342325994,0.17861895495614563
2008-12-12,0.05813228434901846,0.27887392646223624,1.4589044430192193e-16,0.4843748342325994,0.17861895495614563
2008-12-15,0.05813228434901846,0.27887392646223624,1.4589044430192193e-16,0.4843748342325994,0.17861895495614563
2008-12-16,0.05813228434901846,0.27887392646223624,1.4589044430192193e-16,0.4843748342325994,0.17861895495614563
2008-12-17,0.05813228434901846,0.27887392646223624,1.4589044430192193e-16,0.4843748342325994,0.17861895495614563
2008-12-18,0.05813228434901846,0.27887392646223624,1.4589044430192193e-16,0.4843748342325994,0.17861895495614563
2008-12-19,0.05813228434901846,0.27887392646223624,1.4589044430192193e-16,0.4843748342325994,0.17861895495614563
2008-12-22,0.05813228434901846,0.27887392646223624,1.4589044430192193e-16,0.4843748342325994,0.17861895495614563
2008-12-23,0.05813228434901846,0.27887392646223624,1.4589044430192193e-16,0.4843748342325994,0.17861895495614563
2008-12-26,0.04337420704602193,0.30038853715601277,0.0,0.503018987504302,0.15321826829366333
2008-12-29,0.04337420704602193,0.30038853715601277,0.0,0.503018987504302,0.15321826829366333
2008-12-30,0.04337420704602193,0.30038853715601277,0.0,0.503018987504302,0.15321826829366333
2009-01-02,0.04337420704602193,0.30038853715601277,0.0,0.503018987504302,0.15321826829366333
2009-01-05,0.04337420704602193,0.30038853715601277,0.0,0.503018987504302,0.15321826829366333
2009-01-06,0.04337420704602193,0.30038853715601277,0.0,0.503018987504302,0.15321826829366333
2009-01-07,0.04337420704602193,0.30038853715601277,0.0,0.503018987504302,0.15321826829366333
2009-01-08,0.04337420704602193,0.30038853715601277,0.0,0.503018987504302,0.15321826829366333
2009-01-09,0.04337420704602193,0.30038853715601277,0.0,0.503018987504302,0.15321826829366333
2009-01-12,0.04337420704602193,0.30038853715601277,0.0,0.503018987504302,0.15321826829366333
2009-01-13,0.04337420704602193,0.30038853715601277,0.0,0.503018987504302,0.15321826829366333
2009-01-14,0.04337420704602193,0.30038853715601277,0.0,0.503018987504302,0.15321826829366333
2009-01-15,0.04337420704602193,0.30038853715601277,0.0,0.503018987504302,0.15321826829366333
2009-01-16,0.04337420704602193,0.30038853715601277,0.0,0.503018987504302,0.15321826829366333
2009-01-20,0.04337420704602193,0.30038853715601277,0.0,0.503018987504302,0.15321826829366333
2009-01-21,0.04337420704602193,0.30038853715601277,0.0,0.503018987504302,0.15321826829366333
2009-01-22,0.04337420704602193,0.30038853715601277,0.0,0.503018987504302,0.15321826829366333
2009-01-23,0.04337420704602193,0.30038853715601277,0.0,0.503018987504302,0.15321826829366333
2009-01-26,0.04337420704602193,0.30038853715601277,0.0,0.503018987504302,0.15321826829366333
2009-01-27,0.04337420704602193,0.30038853715601277,0.0,0.503018987504302,0.15321826829366333
2009-01-28,0.04337420704602193,0.30038853715601277,0.0,0.503018987504302,0.15321826829366333
2009-01-29,0.025212257774261653,0.3282572500074199,4.257113383671199e-17,0.5075119088663933,0.13901858335192513
2009-01-30,0.025212257774261653,0.3282572500074199,4.257113383671199e-17,0.5075119088663933,0.13901858335192513
2009-02-02,0.025212257774261653,0.3282572500074199,4.257113383671199e-17,0.5075119088663933,0.13901858335192513
2009-02-03,0.025212257774261653,0.3282572500074199,4.257113383671199e-17,0.5075119088663933,0.13901858335192513
2009-02-04,0.025212257774261653,0.3282572500074199,4.257113383671199e-17,0.5075119088663933,0.13901858335192513
2009-02-05,0.025212257774261653,0.3282572500074199,4.257113383671199e-17,0.5075119088663933,0.13901858335192513
2009-02-06,0.025212257774261653,0.3282572500074199,4.257113383671199e-17,0.5075119088663933,0.13901858335192513
2009-02-09,0.025212257774261653,0.3282572500074199,4.257113383671199e-17,0.5075119088663933,0.13901858335192513
2009-02-10,0.025212257774261653,0.3282572500074199,4.257113383671199e-17,0.5075119088663933,0.13901858335192513
2009-02-11,0.025212257774261653,0.3282572500074199,4.257113383671199e-17,0.5075119088663933,0.13901858335192513
2009-02-12,0.025212257774261653,0.3282572500074199,4.257113383671199e-17,0.5075119088663933,0.13901858335192513
2009-02-13,0.025212257774261653,0.3282572500074199,4.257113383671199e-17,0.5075119088663933,0.13901858335192513
2009-02-17,0.025212257774261653,0.3282572500074199,4.257113383671199e-17,0.5075119088663933,0.13901858335192513
2009-02-18,0.025212257774261653,0.3282572500074199,4.257113383671199e-17,0.5075119088663933,0.13901858335192513
2009-02-19,0.025212257774261653,0.3282572500074199,4.257113383671199e-17,0.5075119088663933,0.13901858335192513
2009-02-20,0.025212257774261653,0.3282572500074199,4.257113383671199e-17,0.5075119088663933,0.13901858335192513
2009-02-25,0.025212257774261653,0.3282572500074199,4.257113383671199e-17,0.5075119088663933,0.13901858335192513
2009-02-26,0.025212257774261653,0.3282572500074199,4.257113383671199e-17,0.5075119088663933,0.13901858335192513
2009-02-27,0.025212257774261653,0.3282572500074199,4.257113383671199e-17,0.5075119088663933,0.13901858335192513
2009-03-02,0.025212257774261653,0.3282572500074199,4.257113383671199e-17,0.5075119088663933,0.13901858335192513
2009-03-03,0.025212257774261653,0.3282572500074199,4.257113383671199e-17,0.5075119088663933,0.13901858335192513
2009-03-04,0.06112063968598565,0.3078278689894945,0.0,0.5061746861301929,0.12487680519432705
2009-03-05,0.06112063968598565,0.3078278689894945,0.0,0.5061746861301929,0.12487680519432705
2009-03-06,0.06112063968598565,0.3078278689894945,0.0,0.5061746861301929,0.12487680519432705
2009-03-09,0.06112063968598565,0.3078278689894945,0.0,0.5061746861301929,0.12487680519432705
2009-03-10,0.06112063968598565,0.3078278689894945,0.0,0.5061746861301929,0.12487680519432705
2009-03-11,0.06112063968598565,0.3078278689894945,0.0,0.5061746861301929,0.12487680519432705
2009-03-12,0.06112063968598565,0.3078278689894945,0.0,0.5061746861301929,0.12487680519432705
2009-03-13,0.06112063968598565,0.3078278689894945,0.0,0.5061746861301929,0.12487680519432705
2009-03-16,0.06112063968598565,0.3078278689894945,0.0,0.5061746861301929,0.12487680519432705
2009-03-17,0.06112063968598565,0.3078278689894945,0.0,0.5061746861301929,0.12487680519432705
2009-03-18,0.06112063968598565,0.3078278689894945,0.0,0.5061746861301929,0.12487680519432705
2009-03-19,0.06112063968598565,0.3078278689894945,0.0,0.5061746861301929,0.12487680519432705
2009-03-20,0.06112063968598565,0.3078278689894945,0.0,0.5061746861301929,0.12487680519432705
2009-03-23,0.06112063968598565,0.3078278689894945,0.0,0.5061746861301929,0.12487680519432705
2009-03-24,0.06112063968598565,0.3078278689894945,0.0,0.5061746861301929,0.12487680519432705
2009-03-25,0.06112063968598565,0.3078278689894945,0.0,0.5061746861301929,0.12487680519432705
2009-03-26,0.06112063968598565,0.3078278689894945,0.0,0.5061746861301929,0.12487680519432705
2009-03-27,0.06112063968598565,0.3078278689894945,0.0,0.5061746861301929,0.12487680519432705
2009-03-30,0.06112063968598565,0.3078278689894945,0.0,0.5061746861301929,0.12487680519432705
2009-03-31,0.06112063968598565,0.3078278689894945,0.0,0.5061746861301929,0.12487680519432705
2009-04-01,0.06112063968598565,0.3078278689894945,0.0,0.5061746861301929,0.12487680519432705
2009-04-02,0.06873129546181499,0.3033600124169393,2.893144023073015e-17,0.5145974448272432,0.11331124729400245
2009-04-03,0.06873129546181499,0.3033600124169393,2.893144023073015e-17,0.5145974448272432,0.11331124729400245
2009-04-06,0.06873129546181499,0.3033600124169393,2.893144023073015e-17,0.5145974448272432,0.11331124729400245
2009-04-07,0.06873129546181499,0.3033600124169393,2.893144023073015e-17,0.5145974448272432,0.11331124729400245
2009-04-08,0.06873129546181499,0.3033600124169393,2.893144023073015e-17,0.5145974448272432,0.11331124729400245
2009-04-09,0.06873129546181499,0.3033600124169393,2.893144023073015e-17,0.5145974448272432,0.11331124729400245
2009-04-13,0.06873129546181499,0.3033600124169393,2.893144023073015e-17,0.5145974448272432,0.11331124729400245
2009-04-14,0.06873129546181499,0.3033600124169393,2.893144023073015e-17,0.5145974448272432,0.11331124729400245
2009-04-15,0.06873129546181499,0.3033600124169393,2.893144023073015e-17,0.5145974448272432,0.11331124729400245
2009-04-16,0.06873129546181499,0.3033600124169393,2.893144023073015e-17,0.5145974448272432,0.11331124729400245
2009-04-17,0.06873129546181499,0.3033600124169393,2.893144023073015e-17,0.5145974448272432,0.11331124729400245
2009-04-20,0.06873129546181499,0.3033600124169393,2.893144023073015e-17,0.5145974448272432,0.11331124729400245
2009-04-22,0.06873129546181499,0.3033600124169393,2.893144023073015e-17,0.5145974448272432,0.11331124729400245
2009-04-23,0.06873129546181499,0.3033600124169393,2.893144023073015e-17,0.5145974448272432,0.11331124729400245
2009-04-24,0.06873129546181499,0.3033600124169393,2.893144023073015e-17,0.5145974448272432,0.11331124729400245
2009-04-27,0.06873129546181499,0.3033600124169393,2.893144023073015e-17,0.5145974448272432,0.11331124729400245
2009-04-28,0.06873129546181499,0.3033600124169393,2.893144023073015e-17,0.5145974448272432,0.11331124729400245
2009-04-29,0.06873129546181499,0.3033600124169393,2.893144023073015e-17,0.5145974448272432,0.11331124729400245
2009-04-30,0.06873129546181499,0.3033600124169393,2.893144023073015e-17,0.5145974448272432,0.11331124729400245
2009-05-04,0.06873129546181499,0.3033600124169393,2.893144023073015e-17,0.5145974448272432,0.11331124729400245
2009-05-05,0.06873129546181499,0.3033600124169393,2.893144023073015e-17,0.5145974448272432,0.11331124729400245
2009-05-06,0.06792274700694613,0.31053132337161,5.785050647908526e-17,0.5187724961680188,0.1027734334534251
2009-05-07,0.06792274700694613,0.31053132337161,5.785050647908526e-17,0.5187724961680188,0.1027734334534251
2009-05-08,0.06792274700694613,0.31053132337161,5.785050647908526e-17,0.5187724961680188,0.1027734334534251
2009-05-11,0.06792274700694613,0.31053132337161,5.785050647908526e-17,0.5187724961680188,0.1027734334534251
2009-05-12,0.06792274700694613,0.31053132337161,5.785050647908526e-17,0.5187724961680188,0.1027734334534251
2009-05-13,0.06792274700694613,0.31053132337161,5.785050647908526e-17,0.5187724961680188,0.1027734334534251
2009-05-14,0.06792274700694613,0.31053132337161,5.785050647908526e-17,0.5187724961680188,0.1027734334534251
2009-05-15,0.06792274700694613,0.31053132337161,5.785050647908526e-17,0.5187724961680188,0.1027734334534251
2009-05-18,0.06792274700694613,0.31053132337161,5.785050647908526e-17,0.5187724961680188,0.1027734334534251
2009-05-19,0.06792274700694613,0.31053132337161,5.785050647908526e-17,0.5187724961680188,0.1027734334534251
2009-05-20,0.06792274700694613,0.31053132337161,5.785050647908526e-17,0.5187724961680188,0.1027734334534251
2009-05-21,0.06792274700694613,0.31053132337161,5.785050647908526e-17,0.5187724961680188,0.1027734334534251
2009-05-22,0.06792274700694613,0.31053132337161,5.785050647908526e-17,0.5187724961680188,0.1027734334534251
2009-05-26,0.06792274700694613,0.31053132337161,5.785050647908526e-17,0.5187724961680188,0.1027734334534251
2009-05-27,0.06792274700694613,0.31053132337161,5.785050647908526e-17,0.5187724961680188,0.1027734334534251
2009-05-28,0.06792274700694613,0.31053132337161,5.785050647908526e-17,0.5187724961680188,0.1027734334534251
2009-05-29,0.06792274700694613,0.31053132337161,5.785050647908526e-17,0.5187724961680188,0.1027734334534251
2009-06-01,0.06792274700694613,0.31053132337161,5.785050647908526e-17,0.5187724961680188,0.1027734334534251
2009-06-02,0.06792274700694613,0.31053132337161,5.785050647908526e-17,0.5187724961680188,0.1027734334534251
2009-06-03,0.06792274700694613,0.31053132337161,5.785050647908526e-17,0.5187724961680188,0.1027734334534251
2009-06-04,0.06792274700694613,0.31053132337161,5.785050647908526e-17,0.5187724961680188,0.1027734334534251
2009-06-05,0.07313072934666648,0.31051521080880473,2.179090969810129e-17,0.52975051095992,0.0866035488846089
2009-06-08,0.07313072934666648,0.31051521080880473,2.179090969810129e-17,0.52975051095992,0.0866035488846089
2009-06-09,0.07313072934666648,0.31051521080880473,2.179090969810129e-17,0.52975051095992,0.0866035488846089
2009-06-10,0.07313072934666648,0.31051521080880473,2.179090969810129e-17,0.52975051095992,0.0866035488846089
2009-06-12,0.07313072934666648,0.31051521080880473,2.179090969810129e-17,0.52975051095992,0.0866035488846089
2009-06-15,0.07313072934666648,0.31051521080880473,2.179090969810129e-17,0.52975051095992,0.0866035488846089
2009-06-16,0.07313072934666648,0.31051521080880473,2.179090969810129e-17,0.52975051095992,0.0866035488846089
2009-06-17,0.07313072934666648,0.31051521080880473,2.179090969810129e-17,0.52975051095992,0.0866035488846089
2009-06-18,0.07313072934666648,0.31051521080880473,2.179090969810129e-17,0.52975051095992,0.0866035488846089
2009-06-19,0.07313072934666648,0.31051521080880473,2.179090969810129e-17,0.52975051095992,0.0866035488846089
2009-06-22,0.07313072934666648,0.31051521080880473,2.179090969810129e-17,0.52975051095992,0.0866035488846089
2009-06-23,0.07313072934666648,0.31051521080880473,2.179090969810129e-17,0.52975051095992,0.0866035488846089
2009-06-24,0.07313072934666648,0.31051521080880473,2.179090969810129e-17,0.52975051095992,0.0866035488846089
2009-06-25,0.07313072934666648,0.31051521080880473,2.179090969810129e-17,0.52975051095992,0.0866035488846089
2009-06-26,0.07313072934666648,0.31051521080880473,2.179090969810129e-17,0.52975051095992,0.0866035488846089
2009-06-29,0.07313072934666648,0.31051521080880473,2.179090969810129e-17,0.52975051095992,0.0866035488846089
2009-06-30,0.07313072934666648,0.31051521080880473,2.179090969810129e-17,0.52975051095992,0.0866035488846089
2009-07-01,0.07313072934666648,0.31051521080880473,2.179090969810129e-17,0.52975051095992,0.0866035488846089
2009-07-02,0.07313072934666648,0.31051521080880473,2.179090969810129e-17,0.52975051095992,0.0866035488846089
2009-07-06,0.07313072934666648,0.31051521080880473,2.179090969810129e-17,0.52975051095992,0.0866035488846089
2009-07-07,0.07313072934666648,0.31051521080880473,2.179090969810129e-17,0.52975051095992,0.0866035488846089
2009-07-08,0.09465902236549477,0.29624588136835994,0.0,0.5357062521871853,0.07338884407895996
2009-07-10,0.09465902236549477,0.29624588136835994,0.0,0.5357062521871853,0.07338884407895996
2009-07-13,0.09465902236549477,0.29624588136835994,0.0,0.5357062521871853,0.07338884407895996
2009-07-14,0.09465902236549477,0.29624588136835994,0.0,0.5357062521871853,0.07338884407895996
2009-07-15,0.09465902236549477,0.29624588136835994,0.0,0.5357062521871853,0.07338884407895996
2009-07-16,0.09465902236549477,0.29624588136835994,0.0,0.5357062521871853,0.07338884407895996
2009-07-17,0.09465902236549477,0.29624588136835994,0.0,0.5357062521871853,0.07338884407895996
2009-07-20,0.09465902236549477,0.29624588136835994,0.0,0.5357062521871853,0.07338884407895996
2009-07-21,0.09465902236549477,0.29624588136835994,0.0,0.5357062521871853,0.07338884407895996
2009-07-22,0.09465902236549477,0.29624588136835994,0.0,0.5357062521871853,0.07338884407895996
2009-07-23,0.09465902236549477,0.29624588136835994,0.0,0.5357062521871853,0.07338884407895996
2009-07-24,0.09465902236549477,0.29624588136835994,0.0,0.5357062521871853,0.07338884407895996
2009-07-27,0.09465902236549477,0.29624588136835994,0.0,0.5357062521871853,0.07338884407895996
2009-07-28,0.09465902236549477,0.29624588136835994,0.0,0.5357062521871853,0.07338884407895996
2009-07-29,0.09465902236549477,0.29624588136835994,0.0,0.5357062521871853,0.07338884407895996
2009-07-30,0.09465902236549477,0.29624588136835994,0.0,0.5357062521871853,0.07338884407895996
2009-07-31,0.09465902236549477,0.29624588136835994,0.0,0.5357062521871853,0.07338884407895996
2009-08-03,0.09465902236549477,0.29624588136835994,0.0,0.5357062521871853,0.07338884407895996
2009-08-04,0.09465902236549477,0.29624588136835994,0.0,0.5357062521871853,0.07338884407895996
2009-08-05,0.09465902236549477,0.29624588136835994,0.0,0.5357062521871853,0.07338884407895996
2009-08-06,0.09465902236549477,0.29624588136835994,0.0,0.5357062521871853,0.07338884407895996
2009-08-07,0.09742030897344853,0.30187952927858086,1.3632222072665915e-17,0.5430249069733419,0.05767525477462861
2009-08-10,0.09742030897344853,0.30187952927858086,1.3632222072665915e-17,0.5430249069733419,0.05767525477462861
2009-08-11,0.09742030897344853,0.30187952927858086,1.3632222072665915e-17,0.5430249069733419,0.05767525477462861
2009-08-12,0.09742030897344853,0.30187952927858086,1.3632222072665915e-17,0.5430249069733419,0.05767525477462861
2009-08-13,0.09742030897344853,0.30187952927858086,1.3632222072665915e-17,0.5430249069733419,0.05767525477462861
2009-08-14,0.09742030897344853,0.30187952927858086,1.3632222072665915e-17,0.5430249069733419,0.05767525477462861
2009-08-17,0.09742030897344853,0.30187952927858086,1.3632222072665915e-17,0.5430249069733419,0.05767525477462861
2009-08-18,0.09742030897344853,0.30187952927858086,1.3632222072665915e-17,0.5430249069733419,0.05767525477462861
2009-08-19,0.09742030897344853,0.30187952927858086,1.3632222072665915e-17,0.5430249069733419,0.05767525477462861
2009-08-20,0.09742030897344853,0.30187952927858086,1.3632222072665915e-17,0.5430249069733419,0.05767525477462861
2009-08-21,0.09742030897344853,0.30187952927858086,1.3632222072665915e-17,0.5430249069733419,0.05767525477462861
2009-08-24,0.09742030897344853,0.30187952927858086,1.3632222072665915e-17,0.5430249069733419,0.05767525477462861
2009-08-25,0.09742030897344853,0.30187952927858086,1.3632222072665915e-17,0.5430249069733419,0.05767525477462861
2009-08-26,0.09742030897344853,0.30187952927858086,1.3632222072665915e-17,0.5430249069733419,0.05767525477462861
2009-08-27,0.09742030897344853,0.30187952927858086,1.3632222072665915e-17,0.5430249069733419,0.05767525477462861
2009-08-28,0.09742030897344853,0.30187952927858086,1.3632222072665915e-17,0.5430249069733419,0.05767525477462861
2009-08-31,0.09742030897344853,0.30187952927858086,1.3632222072665915e-17,0.5430249069733419,0.05767525477462861
2009-09-01,0.09742030897344853,0.30187952927858086,1.3632222072665915e-17,0.5430249069733419,0.05767525477462861
2009-09-02,0.09742030897344853,0.30187952927858086,1.3632222072665915e-17,0.5430249069733419,0.05767525477462861
2009-09-03,0.09742030897344853,0.30187952927858086,1.3632222072665915e-17,0.5430249069733419,0.05767525477462861
2009-09-04,0.09742030897344853,0.30187952927858086,1.3632222072665915e-17,0.5430249069733419,0.05767525477462861
2009-09-08,0.10814087519704434,0.3083796271248532,4.755882177700553e-18,0.5555877387875152,0.02789175889058732
2009-09-09,0.10814087519704434,0.3083796271248532,4.755882177700553e-18,0.5555877387875152,0.02789175889058732
2009-09-10,0.10814087519704434,0.3083796271248532,4.755882177700553e-18,0.5555877387875152,0.02789175889058732
2009-09-11,0.10814087519704434,0.3083796271248532,4.755882177700553e-18,0.5555877387875152,0.02789175889058732
2009-09-14,0.10814087519704434,0.3083796271248532,4.755882177700553e-18,0.5555877387875152,0.02789175889058732
2009-09-15,0.10814087519704434,0.3083796271248532,4.755882177700553e-18,0.5555877387875152,0.02789175889058732
2009-09-16,0.10814087519704434,0.3083796271248532,4.755882177700553e-18,0.5555877387875152,0.02789175889058732
2009-09-17,0.10814087519704434,0.3083796271248532,4.755882177700553e-18,0.5555877387875152,0.02789175889058732
2009-09-18,0.10814087519704434,0.3083796271248532,4.755882177700553e-18,0.5555877387875152,0.02789175889058732
2009-09-21,0.10814087519704434,0.3083796271248532,4.755882177700553e-18,0.5555877387875152,0.02789175889058732
2009-09-22,0.10814087519704434,0.3083796271248532,4.755882177700553e-18,0.5555877387875152,0.02789175889058732
2009-09-23,0.10814087519704434,0.3083796271248532,4.755882177700553e-18,0.5555877387875152,0.02789175889058732
2009-09-24,0.10814087519704434,0.3083796271248532,4.755882177700553e-18,0.5555877387875152,0.02789175889058732
2009-09-25,0.10814087519704434,0.3083796271248532,4.755882177700553e-18,0.5555877387875152,0.02789175889058732
2009-09-28,0.10814087519704434,0.3083796271248532,4.755882177700553e-18,0.5555877387875152,0.02789175889058732
2009-09-29,0.10814087519704434,0.3083796271248532,4.755882177700553e-18,0.5555877387875152,0.02789175889058732
2009-09-30,0.10814087519704434,0.3083796271248532,4.755882177700553e-18,0.5555877387875152,0.02789175889058732
2009-10-01,0.10814087519704434,0.3083796271248532,4.755882177700553e-18,0.5555877387875152,0.02789175889058732
2009-10-02,0.10814087519704434,0.3083796271248532,4.755882177700553e-18,0.5555877387875152,0.02789175889058732
2009-10-05,0.10814087519704434,0.3083796271248532,4.755882177700553e-18,0.5555877387875152,0.02789175889058732
2009-10-06,0.10814087519704434,0.3083796271248532,4.755882177700553e-18,0.5555877387875152,0.02789175889058732
2009-10-07,0.14689081754774497,0.27974268962045623,0.0,0.5596541384717609,0.013712354360037843
2009-10-08,0.14689081754774497,0.27974268962045623,0.0,0.5596541384717609,0.013712354360037843
2009-10-09,0.14689081754774497,0.27974268962045623,0.0,0.5596541384717609,0.013712354360037843
2009-10-13,0.14689081754774497,0.27974268962045623,0.0,0.5596541384717609,0.013712354360037843
2009-10-14,0.14689081754774497,0.27974268962045623,0.0,0.5596541384717609,0.013712354360037843
2009-10-15,0.14689081754774497,0.27974268962045623,0.0,0.5596541384717609,0.013712354360037843
2009-10-16,0.14689081754774497,0.27974268962045623,0.0,0.5596541384717609,0.013712354360037843
2009-10-19,0.14689081754774497,0.27974268962045623,0.0,0.5596541384717609,0.013712354360037843
2009-10-20,0.14689081754774497,0.27974268962045623,0.0,0.5596541384717609,0.013712354360037843
2009-10-21,0.14689081754774497,0.27974268962045623,0.0,0.5596541384717609,0.013712354360037843
2009-10-22,0.14689081754774497,0.27974268962045623,0.0,0.5596541384717609,0.013712354360037843
2009-10-23,0.14689081754774497,0.27974268962045623,0.0,0.5596541384717609,0.013712354360037843
2009-10-26,0.14689081754774497,0.27974268962045623,0.0,0.5596541384717609,0.013712354360037843
2009-10-27,0.14689081754774497,0.27974268962045623,0.0,0.5596541384717609,0.013712354360037843
2009-10-28,0.14689081754774497,0.27974268962045623,0.0,0.5596541384717609,0.013712354360037843
2009-10-29,0.14689081754774497,0.27974268962045623,0.0,0.5596541384717609,0.013712354360037843
2009-10-30,0.14689081754774497,0.27974268962045623,0.0,0.5596541384717609,0.013712354360037843
2009-11-03,0.14689081754774497,0.27974268962045623,0.0,0.5596541384717609,0.013712354360037843
2009-11-04,0.14689081754774497,0.27974268962045623,0.0,0.5596541384717609,0.013712354360037843
2009-11-05,0.14689081754774497,0.27974268962045623,0.0,0.5596541384717609,0.013712354360037843
2009-11-06,0.14689081754774497,0.27974268962045623,0.0,0.5596541384717609,0.013712354360037843
2009-11-09,0.18438498806319475,0.18876859216431216,2.9309186142371054e-17,0.5532107585306258,0.07363566124186713
2009-11-10,0.18438498806319475,0.18876859216431216,2.9309186142371054e-17,0.5532107585306258,0.07363566124186713
2009-11-11,0.18438498806319475,0.18876859216431216,2.9309186142371054e-17,0.5532107585306258,0.07363566124186713
2009-11-12,0.18438498806319475,0.18876859216431216,2.9309186142371054e-17,0.5532107585306258,0.07363566124186713
2009-11-13,0.18438498806319475,0.18876859216431216,2.9309186142371054e-17,0.5532107585306258,0.07363566124186713
2009-11-16,0.18438498806319475,0.18876859216431216,2.9309186142371054e-17,0.5532107585306258,0.07363566124186713
2009-11-17,0.18438498806319475,0.18876859216431216,2.9309186142371054e-17,0.5532107585306258,0.07363566124186713
2009-11-18,0.18438498806319475,0.18876859216431216,2.9309186142371054e-17,0.5532107585306258,0.07363566124186713
2009-11-19,0.18438498806319475,0.18876859216431216,2.9309186142371054e-17,0.5532107585306258,0.07363566124186713
2009-11-23,0.18438498806319475,0.18876859216431216,2.9309186142371054e-17,0.5532107585306258,0.07363566124186713
2009-11-24,0.18438498806319475,0.18876859216431216,2.9309186142371054e-17,0.5532107585306258,0.07363566124186713
2009-11-25,0.18438498806319475,0.18876859216431216,2.9309186142371054e-17,0.5532107585306258,0.07363566124186713
2009-11-27,0.18438498806319475,0.18876859216431216,2.9309186142371054e-17,0.5532107585306258,0.07363566124186713
2009-11-30,0.18438498806319475,0.18876859216431216,2.9309186142371054e-17,0.5532107585306258,0.07363566124186713
2009-12-01,0.18438498806319475,0.18876859216431216,2.9309186142371054e-17,0.5532107585306258,0.07363566124186713
2009-12-02,0.18438498806319475,0.18876859216431216,2.9309186142371054e-17,0.5532107585306258,0.07363566124186713
2009-12-03,0.18438498806319475,0.18876859216431216,2.9309186142371054e-17,0.5532107585306258,0.07363566124186713
2009-12-04,0.18438498806319475,0.18876859216431216,2.9309186142371054e-17,0.5532107585306258,0.07363566124186713
2009-12-07,0.18438498806319475,0.18876859216431216,2.9309186142371054e-17,0.5532107585306258,0.07363566124186713
2009-12-08,0.18438498806319475,0.18876859216431216,2.9309186142371054e-17,0.5532107585306258,0.07363566124186713
2009-12-09,0.18438498806319475,0.18876859216431216,2.9309186142371054e-17,0.5532107585306258,0.07363566124186713
2009-12-10,0.14796349850610108,0.23212403673228882,0.0,0.5286078656286533,0.09130459913295699
2009-12-11,0.14796349850610108,0.23212403673228882,0.0,0.5286078656286533,0.09130459913295699
2009-12-14,0.14796349850610108,0.23212403673228882,0.0,0.5286078656286533,0.09130459913295699
2009-12-15,0.14796349850610108,0.23212403673228882,0.0,0.5286078656286533,0.09130459913295699
2009-12-16,0.14796349850610108,0.23212403673228882,0.0,0.5286078656286533,0.09130459913295699
2009-12-17,0.14796349850610108,0.23212403673228882,0.0,0.5286078656286533,0.09130459913295699
2009-12-18,0.14796349850610108,0.23212403673228882,0.0,0.5286078656286533,0.09130459913295699
2009-12-21,0.14796349850610108,0.23212403673228882,0.0,0.5286078656286533,0.09130459913295699
2009-12-22,0.14796349850610108,0.23212403673228882,0.0,0.5286078656286533,0.09130459913295699
2009-12-23,0.14796349850610108,0.23212403673228882,0.0,0.5286078656286533,0.09130459913295699
2009-12-28,0.14796349850610108,0.23212403673228882,0.0,0.5286078656286533,0.09130459913295699
2009-12-29,0.14796349850610108,0.23212403673228882,0.0,0.5286078656286533,0.09130459913295699
2009-12-30,0.14796349850610108,0.23212403673228882,0.0,0.5286078656286533,0.09130459913295699
2010-01-04,0.14796349850610108,0.23212403673228882,0.0,0.5286078656286533,0.09130459913295699
2010-01-05,0.14796349850610108,0.23212403673228882,0.0,0.5286078656286533,0.09130459913295699
2010-01-06,0.14796349850610108,0.23212403673228882,0.0,0.5286078656286533,0.09130459913295699
2010-01-07,0.14796349850610108,0.23212403673228882,0.0,0.5286078656286533,0.09130459913295699
2010-01-08,0.14796349850610108,0.23212403673228882,0.0,0.5286078656286533,0.09130459913295699
2010-01-11,0.14796349850610108,0.23212403673228882,0.0,0.5286078656286533,0.09130459913295699
2010-01-12,0.14796349850610108,0.23212403673228882,0.0,0.5286078656286533,0.09130459913295699
2010-01-13,0.14796349850610108,0.23212403673228882,0.0,0.5286078656286533,0.09130459913295699
2010-01-14,0.19290379185812856,0.1624640560209826,0.0,0.4956456107382329,0.14898654138265596
2010-01-15,0.19290379185812856,0.1624640560209826,0.0,0.4956456107382329,0.14898654138265596
2010-01-19,0.19290379185812856,0.1624640560209826,0.0,0.4956456107382329,0.14898654138265596
2010-01-20,0.19290379185812856,0.1624640560209826,0.0,0.4956456107382329,0.14898654138265596
2010-01-21,0.19290379185812856,0.1624640560209826,0.0,0.4956456107382329,0.14898654138265596
2010-01-22,0.19290379185812856,0.1624640560209826,0.0,0.4956456107382329,0.14898654138265596
2010-01-26,0.19290379185812856,0.1624640560209826,0.0,0.4956456107382329,0.14898654138265596
2010-01-27,0.19290379185812856,0.1624640560209826,0.0,0.4956456107382329,0.14898654138265596
2010-01-28,0.19290379185812856,0.1624640560209826,0.0,0.4956456107382329,0.14898654138265596
2010-01-29,0.19290379185812856,0.1624640560209826,0.0,0.4956456107382329,0.14898654138265596
2010-02-01,0.19290379185812856,0.1624640560209826,0.0,0.4956456107382329,0.14898654138265596
2010-02-02,0.19290379185812856,0.1624640560209826,0.0,0.4956456107382329,0.14898654138265596
2010-02-03,0.19290379185812856,0.1624640560209826,0.0,0.4956456107382329,0.14898654138265596
2010-02-04,0.19290379185812856,0.1624640560209826,0.0,0.4956456107382329,0.14898654138265596
2010-02-05,0.19290379185812856,0.1624640560209826,0.0,0.4956456107382329,0.14898654138265596
2010-02-08,0.19290379185812856,0.1624640560209826,0.0,0.4956456107382329,0.14898654138265596
2010-02-09,0.19290379185812856,0.1624640560209826,0.0,0.4956456107382329,0.14898654138265596
2010-02-10,0.19290379185812856,0.1624640560209826,0.0,0.4956456107382329,0.14898654138265596
2010-02-11,0.19290379185812856,0.1624640560209826,0.0,0.4956456107382329,0.14898654138265596
2010-02-12,0.19290379185812856,0.1624640560209826,0.0,0.4956456107382329,0.14898654138265596
2010-02-17,0.19290379185812856,0.1624640560209826,0.0,0.4956456107382329,0.14898654138265596
2010-02-18,0.2511926826618119,0.07623767659898294,0.0,0.4841093994309954,0.18846024130820982
2010-02-19,0.2511926826618119,0.07623767659898294,0.0,0.4841093994309954,0.18846024130820982
2010-02-22,0.2511926826618119,0.07623767659898294,0.0,0.4841093994309954,0.18846024130820982
2010-02-23,0.2511926826618119,0.07623767659898294,0.0,0.4841093994309954,0.18846024130820982
2010-02-24,0.2511926826618119,0.07623767659898294,0.0,0.4841093994309954,0.18846024130820982
2010-02-25,0.2511926826618119,0.07623767659898294,0.0,0.4841093994309954,0.18846024130820982
2010-02-26,0.2511926826618119,0.07623767659898294,0.0,0.4841093994309954,0.18846024130820982
2010-03-01,0.2511926826618119,0.07623767659898294,0.0,0.4841093994309954,0.18846024130820982
2010-03-02,0.2511926826618119,0.07623767659898294,0.0,0.4841093994309954,0.18846024130820982
2010-03-03,0.2511926826618119,0.07623767659898294,0.0,0.4841093994309954,0.18846024130820982
2010-03-04,0.2511926826618119,0.07623767659898294,0.0,0.4841093994309954,0.18846024130820982
2010-03-05,0.2511926826618119,0.07623767659898294,0.0,0.4841093994309954,0.18846024130820982
2010-03-08,0.2511926826618119,0.07623767659898294,0.0,0.4841093994309954,0.18846024130820982
2010-03-09,0.2511926826618119,0.07623767659898294,0.0,0.4841093994309954,0.18846024130820982
2010-03-10,0.2511926826618119,0.07623767659898294,0.0,0.4841093994309954,0.18846024130820982
2010-03-11,0.2511926826618119,0.07623767659898294,0.0,0.4841093994309954,0.18846024130820982
2010-03-12,0.2511926826618119,0.07623767659898294,0.0,0.4841093994309954,0.18846024130820982
2010-03-15,0.2511926826618119,0.07623767659898294,0.0,0.4841093994309954,0.18846024130820982
2010-03-16,0.2511926826618119,0.07623767659898294,0.0,0.4841093994309954,0.18846024130820982
2010-03-17,0.2511926826618119,0.07623767659898294,0.0,0.4841093994309954,0.18846024130820982
2010-03-18,0.2511926826618119,0.07623767659898294,0.0,0.4841093994309954,0.18846024130820982
2010-03-19,0.15614000289972715,0.13750296095823158,0.0,0.4883512204084488,0.2180058157335925
2010-03-22,0.15614000289972715,0.13750296095823158,0.0,0.4883512204084488,0.2180058157335925
2010-03-23,0.15614000289972715,0.13750296095823158,0.0,0.4883512204084488,0.2180058157335925
2010-03-24,0.15614000289972715,0.13750296095823158,0.0,0.4883512204084488,0.2180058157335925
2010-03-25,0.15614000289972715,0.13750296095823158,0.0,0.4883512204084488,0.2180058157335925
2010-03-26,0.15614000289972715,0.13750296095823158,0.0,0.4883512204084488,0.2180058157335925
2010-03-29,0.15614000289972715,0.13750296095823158,0.0,0.4883512204084488,0.2180058157335925
2010-03-30,0.15614000289972715,0.13750296095823158,0.0,0.4883512204084488,0.2180058157335925
2010-03-31,0.15614000289972715,0.13750296095823158,0.0,0.4883512204084488,0.2180058157335925
2010-04-01,0.15614000289972715,0.13750296095823158,0.0,0.4883512204084488,0.2180058157335925
2010-04-05,0.15614000289972715,0.13750296095823158,0.0,0.4883512204084488,0.2180058157335925
2010-04-06,0.15614000289972715,0.13750296095823158,0.0,0.4883512204084488,0.2180058157335925
2010-04-07,0.15614000289972715,0.13750296095823158,0.0,0.4883512204084488,0.2180058157335925
2010-04-08,0.15614000289972715,0.13750296095823158,0.0,0.4883512204084488,0.2180058157335925
2010-04-09,0.15614000289972715,0.13750296095823158,0.0,0.4883512204084488,0.2180058157335925
2010-04-12,0.15614000289972715,0.13750296095823158,0.0,0.4883512204084488,0.2180058157335925
2010-04-13,0.15614000289972715,0.13750296095823158,0.0,0.4883512204084488,0.2180058157335925
2010-04-14,0.15614000289972715,0.13750296095823158,0.0,0.4883512204084488,0.2180058157335925
2010-04-15,0.15614000289972715,0.13750296095823158,0.0,0.4883512204084488,0.2180058157335925
2010-04-16,0.15614000289972715,0.13750296095823158,0.0,0.4883512204084488,0.2180058157335925
2010-04-19,0.15614000289972715,0.13750296095823158,0.0,0.4883512204084488,0.2180058157335925
2010-04-20,0.13176457599744237,0.17451987812989225,4.120905415126743e-18,0.4472573302627394,0.24645821560992584
2010-04-22,0.13176457599744237,0.17451987812989225,4.120905415126743e-18,0.4472573302627394,0.24645821560992584
2010-04-23,0.13176457599744237,0.17451987812989225,4.120905415126743e-18,0.4472573302627394,0.24645821560992584
2010-04-26,0.13176457599744237,0.17451987812989225,4.120905415126743e-18,0.4472573302627394,0.24645821560992584
2010-04-27,0.13176457599744237,0.17451987812989225,4.120905415126743e-18,0.4472573302627394,0.24645821560992584
2010-04-28,0.13176457599744237,0.17451987812989225,4.120905415126743e-18,0.4472573302627394,0.24645821560992584
2010-04-29,0.13176457599744237,0.17451987812989225,4.120905415126743e-18,0.4472573302627394,0.24645821560992584
2010-04-30,0.13176457599744237,0.17451987812989225,4.120905415126743e-18,0.4472573302627394,0.24645821560992584
2010-05-03,0.13176457599744237,0.17451987812989225,4.120905415126743e-18,0.4472573302627394,0.24645821560992584
2010-05-04,0.13176457599744237,0.17451987812989225,4.120905415126743e-18,0.4472573302627394,0.24645821560992584
2010-05-05,0.13176457599744237,0.17451987812989225,4.120905415126743e-18,0.4472573302627394,0.24645821560992584
2010-05-06,0.13176457599744237,0.17451987812989225,4.120905415126743e-18,0.4472573302627394,0.24645821560992584
2010-05-07,0.13176457599744237,0.17451987812989225,4.120905415126743e-18,0.4472573302627394,0.24645821560992584
2010-05-10,0.13176457599744237,0.17451987812989225,4.120905415126743e-18,0.4472573302627394,0.24645821560992584
2010-05-11,0.13176457599744237,0.17451987812989225,4.120905415126743e-18,0.4472573302627394,0.24645821560992584
2010-05-12,0.13176457599744237,0.17451987812989225,4.120905415126743e-18,0.4472573302627394,0.24645821560992584
2010-05-13,0.13176457599744237,0.17451987812989225,4.120905415126743e-18,0.4472573302627394,0.24645821560992584
2010-05-14,0.13176457599744237,0.17451987812989225,4.120905415126743e-18,0.4472573302627394,0.24645821560992584
2010-05-17,0.13176457599744237,0.17451987812989225,4.120905415126743e-18,0.4472573302627394,0.24645821560992584
2010-05-18,0.13176457599744237,0.17451987812989225,4.120905415126743e-18,0.4472573302627394,0.24645821560992584
2010-05-19,0.13176457599744237,0.17451987812989225,4.120905415126743e-18,0.4472573302627394,0.24645821560992584
2010-05-20,0.06618637640333824,0.24910446387249688,7.242414461801122e-17,0.4471530636645939,0.23755609605957093
2010-05-21,0.06618637640333824,0.24910446387249688,7.242414461801122e-17,0.4471530636645939,0.23755609605957093
2010-05-24,0.06618637640333824,0.24910446387249688,7.242414461801122e-17,0.4471530636645939,0.23755609605957093
2010-05-25,0.06618637640333824,0.24910446387249688,7.242414461801122e-17,0.4471530636645939,0.23755609605957093
2010-05-26,0.06618637640333824,0.24910446387249688,7.242414461801122e-17,0.4471530636645939,0.23755609605957093
2010-05-27,0.06618637640333824,0.24910446387249688,7.242414461801122e-17,0.4471530636645939,0.23755609605957093
2010-05-28,0.06618637640333824,0.24910446387249688,7.242414461801122e-17,0.4471530636645939,0.23755609605957093
2010-06-01,0.06618637640333824,0.24910446387249688,7.242414461801122e-17,0.4471530636645939,0.23755609605957093
2010-06-02,0.06618637640333824,0.24910446387249688,7.242414461801122e-17,0.4471530636645939,0.23755609605957093
2010-06-04,0.06618637640333824,0.24910446387249688,7.242414461801122e-17,0.4471530636645939,0.23755609605957093
2010-06-07,0.06618637640333824,0.24910446387249688,7.242414461801122e-17,0.4471530636645939,0.23755609605957093
2010-06-08,0.06618637640333824,0.24910446387249688,7.242414461801122e-17,0.4471530636645939,0.23755609605957093
2010-06-09,0.06618637640333824,0.24910446387249688,7.242414461801122e-17,0.4471530636645939,0.23755609605957093
2010-06-10,0.06618637640333824,0.24910446387249688,7.242414461801122e-17,0.4471530636645939,0.23755609605957093
2010-06-11,0.06618637640333824,0.24910446387249688,7.242414461801122e-17,0.4471530636645939,0.23755609605957093
2010-06-14,0.06618637640333824,0.24910446387249688,7.242414461801122e-17,0.4471530636645939,0.23755609605957093
2010-06-15,0.06618637640333824,0.24910446387249688,7.242414461801122e-17,0.4471530636645939,0.23755609605957093
2010-06-16,0.06618637640333824,0.24910446387249688,7.242414461801122e-17,0.4471530636645939,0.23755609605957093
2010-06-17,0.06618637640333824,0.24910446387249688,7.242414461801122e-17,0.4471530636645939,0.23755609605957093
2010-06-18,0.06618637640333824,0.24910446387249688,7.242414461801122e-17,0.4471530636645939,0.23755609605957093
2010-06-21,0.06618637640333824,0.24910446387249688,7.242414461801122e-17,0.4471530636645939,0.23755609605957093
2010-06-22,0.08701190256191504,0.24289007133246204,1.2963130135654943e-17,0.4331091105480769,0.2369889155575461
2010-06-23,0.08701190256191504,0.24289007133246204,1.2963130135654943e-17,0.4331091105480769,0.2369889155575461
2010-06-24,0.08701190256191504,0.24289007133246204,1.2963130135654943e-17,0.4331091105480769,0.2369889155575461
2010-06-25,0.08701190256191504,0.24289007133246204,1.2963130135654943e-17,0.4331091105480769,0.2369889155575461
2010-06-28,0.08701190256191504,0.24289007133246204,1.2963130135654943e-17,0.4331091105480769,0.2369889155575461
2010-06-29,0.08701190256191504,0.24289007133246204,1.2963130135654943e-17,0.4331091105480769,0.2369889155575461
2010-06-30,0.08701190256191504,0.24289007133246204,1.2963130135654943e-17,0.4331091105480769,0.2369889155575461
2010-07-01,0.08701190256191504,0.24289007133246204,1.2963130135654943e-17,0.4331091105480769,0.2369889155575461
2010-07-02,0.08701190256191504,0.24289007133246204,1.2963130135654943e-17,0.4331091105480769,0.2369889155575461
2010-07-06,0.08701190256191504,0.24289007133246204,1.2963130135654943e-17,0.4331091105480769,0.2369889155575461
2010-07-07,0.08701190256191504,0.24289007133246204,1.2963130135654943e-17,0.4331091105480769,0.2369889155575461
2010-07-08,0.08701190256191504,0.24289007133246204,1.2963130135654943e-17,0.4331091105480769,0.2369889155575461
2010-07-12,0.08701190256191504,0.24289007133246204,1.2963130135654943e-17,0.4331091105480769,0.2369889155575461
2010-07-13,0.08701190256191504,0.24289007133246204,1.2963130135654943e-17,0.4331091105480769,0.2369889155575461
2010-07-14,0.08701190256191504,0.24289007133246204,1.2963130135654943e-17,0.4331091105480769,0.2369889155575461
2010-07-15,0.08701190256191504,0.24289007133246204,1.2963130135654943e-17,0.4331091105480769,0.2369889155575461
2010-07-16,0.08701190256191504,0.24289007133246204,1.2963130135654943e-17,0.4331091105480769,0.2369889155575461
2010-07-19,0.08701190256191504,0.24289007133246204,1.2963130135654943e-17,0.4331091105480769,0.2369889155575461
2010-07-20,0.08701190256191504,0.24289007133246204,1.2963130135654943e-17,0.4331091105480769,0.2369889155575461
2010-07-21,0.08701190256191504,0.24289007133246204,1.2963130135654943e-17,0.4331091105480769,0.2369889155575461
2010-07-22,0.08701190256191504,0.24289007133246204,1.2963130135654943e-17,0.4331091105480769,0.2369889155575461
2010-07-23,0.06548336918736818,0.2667046926909815,0.0,0.4355427232323854,0.23226921488926483
2010-07-26,0.06548336918736818,0.2667046926909815,0.0,0.4355427232323854,0.23226921488926483
2010-07-27,0.06548336918736818,0.2667046926909815,0.0,0.4355427232323854,0.23226921488926483
2010-07-28,0.06548336918736818,0.2667046926909815,0.0,0.4355427232323854,0.23226921488926483
2010-07-29,0.06548336918736818,0.2667046926909815,0.0,0.4355427232323854,0.23226921488926483
2010-07-30,0.06548336918736818,0.2667046926909815,0.0,0.4355427232323854,0.23226921488926483
2010-08-02,0.06548336918736818,0.2667046926909815,0.0,0.4355427232323854,0.23226921488926483
2010-08-03,0.06548336918736818,0.2667046926909815,0.0,0.4355427232323854,0.23226921488926483
2010-08-04,0.06548336918736818,0.2667046926909815,0.0,0.4355427232323854,0.23226921488926483
2010-08-05,0.06548336918736818,0.2667046926909815,0.0,0.4355427232323854,0.23226921488926483
2010-08-06,0.06548336918736818,0.2667046926909815,0.0,0.4355427232323854,0.23226921488926483
2010-08-09,0.06548336918736818,0.2667046926909815,0.0,0.4355427232323854,0.23226921488926483
2010-08-10,0.06548336918736818,0.2667046926909815,0.0,0.4355427232323854,0.23226921488926483
2010-08-11,0.06548336918736818,0.2667046926909815,0.0,0.4355427232323854,0.23226921488926483
2010-08-12,0.06548336918736818,0.2667046926909815,0.0,0.4355427232323854,0.23226921488926483
2010-08-13,0.06548336918736818,0.2667046926909815,0.0,0.4355427232323854,0.23226921488926483
2010-08-16,0.06548336918736818,0.2667046926909815,0.0,0.4355427232323854,0.23226921488926483
2010-08-17,0.06548336918736818,0.2667046926909815,0.0,0.4355427232323854,0.23226921488926483
2010-08-18,0.06548336918736818,0.2667046926909815,0.0,0.4355427232323854,0.23226921488926483
2010-08-19,0.06548336918736818,0.2667046926909815,0.0,0.4355427232323854,0.23226921488926483
2010-08-20,0.06548336918736818,0.2667046926909815,0.0,0.4355427232323854,0.23226921488926483
2010-08-23,0.06776757298170123,0.26551419125602604,6.930407412111914e-17,0.4350818099453822,0.2316364258168905
2010-08-24,0.06776757298170123,0.26551419125602604,6.930407412111914e-17,0.4350818099453822,0.2316364258168905
2010-08-25,0.06776757298170123,0.26551419125602604,6.930407412111914e-17,0.4350818099453822,0.2316364258168905
2010-08-26,0.06776757298170123,0.26551419125602604,6.930407412111914e-17,0.4350818099453822,0.2316364258168905
2010-08-27,0.06776757298170123,0.26551419125602604,6.930407412111914e-17,0.4350818099453822,0.2316364258168905
2010-08-30,0.06776757298170123,0.26551419125602604,6.930407412111914e-17,0.4350818099453822,0.2316364258168905
2010-08-31,0.06776757298170123,0.26551419125602604,6.930407412111914e-17,0.4350818099453822,0.2316364258168905
2010-09-01,0.06776757298170123,0.26551419125602604,6.930407412111914e-17,0.4350818099453822,0.2316364258168905
2010-09-02,0.06776757298170123,0.26551419125602604,6.930407412111914e-17,0.4350818099453822,0.2316364258168905
2010-09-03,0.06776757298170123,0.26551419125602604,6.930407412111914e-17,0.4350818099453822,0.2316364258168905
2010-09-08,0.06776757298170123,0.26551419125602604,6.930407412111914e-17,0.4350818099453822,0.2316364258168905
2010-09-09,0.06776757298170123,0.26551419125602604,6.930407412111914e-17,0.4350818099453822,0.2316364258168905
2010-09-10,0.06776757298170123,0.26551419125602604,6.930407412111914e-17,0.4350818099453822,0.2316364258168905
2010-09-13,0.06776757298170123,0.26551419125602604,6.930407412111914e-17,0.4350818099453822,0.2316364258168905
2010-09-14,0.06776757298170123,0.26551419125602604,6.930407412111914e-17,0.4350818099453822,0.2316364258168905
2010-09-15,0.06776757298170123,0.26551419125602604,6.930407412111914e-17,0.4350818099453822,0.2316364258168905
2010-09-16,0.06776757298170123,0.26551419125602604,6.930407412111914e-17,0.4350818099453822,0.2316364258168905
2010-09-17,0.06776757298170123,0.26551419125602604,6.930407412111914e-17,0.4350818099453822,0.2316364258168905
2010-09-20,0.06776757298170123,0.26551419125602604,6.930407412111914e-17,0.4350818099453822,0.2316364258168905
2010-09-21,0.06776757298170123,0.26551419125602604,6.930407412111914e-17,0.4350818099453822,0.2316364258168905
2010-09-22,0.06776757298170123,0.26551419125602604,6.930407412111914e-17,0.4350818099453822,0.2316364258168905
2010-09-23,0.08509158310184645,0.23771290124272274,7.514713501948821e-17,0.4400841017401202,0.23711141391531057
2010-09-24,0.08509158310184645,0.23771290124272274,7.514713501948821e-17,0.4400841017401202,0.23711141391531057
2010-09-27,0.08509158310184645,0.23771290124272274,7.514713501948821e-17,0.4400841017401202,0.23711141391531057
2010-09-28,0.08509158310184645,0.23771290124272274,7.514713501948821e-17,0.4400841017401202,0.23711141391531057
2010-09-29,0.08509158310184645,0.23771290124272274,7.514713501948821e-17,0.4400841017401202,0.23711141391531057
2010-09-30,0.08509158310184645,0.23771290124272274,7.514713501948821e-17,0.4400841017401202,0.23711141391531057
2010-10-01,0.08509158310184645,0.23771290124272274,7.514713501948821e-17,0.4400841017401202,0.23711141391531057
2010-10-04,0.08509158310184645,0.23771290124272274,7.514713501948821e-17,0.4400841017401202,0.23711141391531057
2010-10-05,0.08509158310184645,0.23771290124272274,7.514713501948821e-17,0.4400841017401202,0.23711141391531057
2010-10-06,0.08509158310184645,0.23771290124272274,7.514713501948821e-17,0.4400841017401202,0.23711141391531057
2010-10-07,0.08509158310184645,0.23771290124272274,7.514713501948821e-17,0.4400841017401202,0.23711141391531057
2010-10-08,0.08509158310184645,0.23771290124272274,7.514713501948821e-17,0.4400841017401202,0.23711141391531057
2010-10-11,0.08509158310184645,0.23771290124272274,7.514713501948821e-17,0.4400841017401202,0.23711141391531057
2010-10-13,0.08509158310184645,0.23771290124272274,7.514713501948821e-17,0.4400841017401202,0.23711141391531057
2010-10-14,0.08509158310184645,0.23771290124272274,7.514713501948821e-17,0.4400841017401202,0.23711141391531057
2010-10-15,0.08509158310184645,0.23771290124272274,7.514713501948821e-17,0.4400841017401202,0.23711141391531057
2010-10-18,0.08509158310184645,0.23771290124272274,7.514713501948821e-17,0.4400841017401202,0.23711141391531057
2010-10-19,0.08509158310184645,0.23771290124272274,7.514713501948821e-17,0.4400841017401202,0.23711141391531057
2010-10-20,0.08509158310184645,0.23771290124272274,7.514713501948821e-17,0.4400841017401202,0.23711141391531057
2010-10-21,0.08509158310184645,0.23771290124272274,7.514713501948821e-17,0.4400841017401202,0.23711141391531057
2010-10-22,0.08509158310184645,0.23771290124272274,7.514713501948821e-17,0.4400841017401202,0.23711141391531057
2010-10-25,0.08136687721431471,0.23418123424063328,1.5155651655765889e-16,0.4297447309082142,0.2547071576368377
2010-10-26,0.08136687721431471,0.23418123424063328,1.5155651655765889e-16,0.4297447309082142,0.2547071576368377
2010-10-27,0.08136687721431471,0.23418123424063328,1.5155651655765889e-16,0.4297447309082142,0.2547071576368377
2010-10-28,0.08136687721431471,0.23418123424063328,1.5155651655765889e-16,0.4297447309082142,0.2547071576368377
2010-10-29,0.08136687721431471,0.23418123424063328,1.5155651655765889e-16,0.4297447309082142,0.2547071576368377
2010-11-01,0.08136687721431471,0.23418123424063328,1.5155651655765889e-16,0.4297447309082142,0.2547071576368377
2010-11-03,0.08136687721431471,0.23418123424063328,1.5155651655765889e-16,0.4297447309082142,0.2547071576368377
2010-11-04,0.08136687721431471,0.23418123424063328,1.5155651655765889e-16,0.4297447309082142,0.2547071576368377
2010-11-05,0.08136687721431471,0.23418123424063328,1.5155651655765889e-16,0.4297447309082142,0.2547071576368377
2010-11-08,0.08136687721431471,0.23418123424063328,1.5155651655765889e-16,0.4297447309082142,0.2547071576368377
2010-11-09,0.08136687721431471,0.23418123424063328,1.5155651655765889e-16,0.4297447309082142,0.2547071576368377
2010-11-10,0.08136687721431471,0.23418123424063328,1.5155651655765889e-16,0.4297447309082142,0.2547071576368377
2010-11-11,0.08136687721431471,0.23418123424063328,1.5155651655765889e-16,0.4297447309082142,0.2547071576368377
2010-11-12,0.08136687721431471,0.23418123424063328,1.5155651655765889e-16,0.4297447309082142,0.2547071576368377
2010-11-16,0.08136687721431471,0.23418123424063328,1.5155651655765889e-16,0.4297447309082142,0.2547071576368377
2010-11-17,0.08136687721431471,0.23418123424063328,1.5155651655765889e-16,0.4297447309082142,0.2547071576368377
2010-11-18,0.08136687721431471,0.23418123424063328,1.5155651655765889e-16,0.4297447309082142,0.2547071576368377
2010-11-19,0.08136687721431471,0.23418123424063328,1.5155651655765889e-16,0.4297447309082142,0.2547071576368377
2010-11-22,0.08136687721431471,0.23418123424063328,1.5155651655765889e-16,0.4297447309082142,0.2547071576368377
2010-11-23,0.08136687721431471,0.23418123424063328,1.5155651655765889e-16,0.4297447309082142,0.2547071576368377
2010-11-24,0.08136687721431471,0.23418123424063328,1.5155651655765889e-16,0.4297447309082142,0.2547071576368377
2010-11-26,0.06002650477602315,0.2678489153541497,0.0,0.4193456231981486,0.25277895667167866
2010-11-29,0.06002650477602315,0.2678489153541497,0.0,0.4193456231981486,0.25277895667167866
2010-11-30,0.06002650477602315,0.2678489153541497,0.0,0.4193456231981486,0.25277895667167866
2010-12-01,0.06002650477602315,0.2678489153541497,0.0,0.4193456231981486,0.25277895667167866
2010-12-02,0.06002650477602315,0.2678489153541497,0.0,0.4193456231981486,0.25277895667167866
2010-12-03,0.06002650477602315,0.2678489153541497,0.0,0.4193456231981486,0.25277895667167866
2010-12-06,0.06002650477602315,0.2678489153541497,0.0,0.4193456231981486,0.25277895667167866
2010-12-07,0.06002650477602315,0.2678489153541497,0.0,0.4193456231981486,0.25277895667167866
2010-12-08,0.06002650477602315,0.2678489153541497,0.0,0.4193456231981486,0.25277895667167866
2010-12-09,0.06002650477602315,0.2678489153541497,0.0,0.4193456231981486,0.25277895667167866
2010-12-10,0.06002650477602315,0.2678489153541497,0.0,0.4193456231981486,0.25277895667167866
2010-12-13,0.06002650477602315,0.2678489153541497,0.0,0.4193456231981486,0.25277895667167866
2010-12-14,0.06002650477602315,0.2678489153541497,0.0,0.4193456231981486,0.25277895667167866
2010-12-15,0.06002650477602315,0.2678489153541497,0.0,0.4193456231981486,0.25277895667167866
2010-12-16,0.06002650477602315,0.2678489153541497,0.0,0.4193456231981486,0.25277895667167866
2010-12-17,0.06002650477602315,0.2678489153541497,0.0,0.4193456231981486,0.25277895667167866
2010-12-20,0.06002650477602315,0.2678489153541497,0.0,0.4193456231981486,0.25277895667167866
2010-12-21,0.06002650477602315,0.2678489153541497,0.0,0.4193456231981486,0.25277895667167866
2010-12-22,0.06002650477602315,0.2678489153541497,0.0,0.4193456231981486,0.25277895667167866
2010-12-23,0.06002650477602315,0.2678489153541497,0.0,0.4193456231981486,0.25277895667167866
2010-12-27,0.06002650477602315,0.2678489153541497,0.0,0.4193456231981486,0.25277895667167866
2010-12-28,0.059285203726754165,0.27915601592629474,7.850096390766511e-18,0.4271670395726953,0.23439174077425576
2010-12-29,0.059285203726754165,0.27915601592629474,7.850096390766511e-18,0.4271670395726953,0.23439174077425576
2010-12-30,0.059285203726754165,0.27915601592629474,7.850096390766511e-18,0.4271670395726953,0.23439174077425576
2011-01-03,0.059285203726754165,0.27915601592629474,7.850096390766511e-18,0.4271670395726953,0.23439174077425576
2011-01-04,0.059285203726754165,0.27915601592629474,7.850096390766511e-18,0.4271670395726953,0.23439174077425576
2011-01-05,0.059285203726754165,0.27915601592629474,7.850096390766511e-18,0.4271670395726953,0.23439174077425576
2011-01-06,0.059285203726754165,0.27915601592629474,7.850096390766511e-18,0.4271670395726953,0.23439174077425576
2011-01-07,0.059285203726754165,0.27915601592629474,7.850096390766511e-18,0.4271670395726953,0.23439174077425576
2011-01-10,0.059285203726754165,0.27915601592629474,7.850096390766511e-18,0.4271670395726953,0.23439174077425576
2011-01-11,0.059285203726754165,0.27915601592629474,7.850096390766511e-18,0.4271670395726953,0.23439174077425576
2011-01-12,0.059285203726754165,0.27915601592629474,7.850096390766511e-18,0.4271670395726953,0.23439174077425576
2011-01-13,0.059285203726754165,0.27915601592629474,7.850096390766511e-18,0.4271670395726953,0.23439174077425576
2011-01-14,0.059285203726754165,0.27915601592629474,7.850096390766511e-18,0.4271670395726953,0.23439174077425576
2011-01-18,0.059285203726754165,0.27915601592629474,7.850096390766511e-18,0.4271670395726953,0.23439174077425576
2011-01-19,0.059285203726754165,0.27915601592629474,7.850096390766511e-18,0.4271670395726953,0.23439174077425576
2011-01-20,0.059285203726754165,0.27915601592629474,7.850096390766511e-18,0.4271670395726953,0.23439174077425576
2011-01-21,0.059285203726754165,0.27915601592629474,7.850096390766511e-18,0.4271670395726953,0.23439174077425576
2011-01-24,0.059285203726754165,0.27915601592629474,7.850096390766511e-18,0.4271670395726953,0.23439174077425576
2011-01-26,0.059285203726754165,0.27915601592629474,7.850096390766511e-18,0.4271670395726953,0.23439174077425576
2011-01-27,0.059285203726754165,0.27915601592629474,7.850096390766511e-18,0.4271670395726953,0.23439174077425576
2011-01-28,0.059285203726754165,0.27915601592629474,7.850096390766511e-18,0.4271670395726953,0.23439174077425576
2011-01-31,0.06372200760788024,0.28368468174959244,1.3817411402474294e-17,0.4392784186180953,0.2133148920244321
2011-02-01,0.06372200760788024,0.28368468174959244,1.3817411402474294e-17,0.4392784186180953,0.2133148920244321
2011-02-02,0.06372200760788024,0.28368468174959244,1.3817411402474294e-17,0.4392784186180953,0.2133148920244321
2011-02-03,0.06372200760788024,0.28368468174959244,1.3817411402474294e-17,0.4392784186180953,0.2133148920244321
2011-02-04,0.06372200760788024,0.28368468174959244,1.3817411402474294e-17,0.4392784186180953,0.2133148920244321
2011-02-07,0.06372200760788024,0.28368468174959244,1.3817411402474294e-17,0.4392784186180953,0.2133148920244321
2011-02-08,0.06372200760788024,0.28368468174959244,1.3817411402474294e-17,0.4392784186180953,0.2133148920244321
2011-02-09,0.06372200760788024,0.28368468174959244,1.3817411402474294e-17,0.4392784186180953,0.2133148920244321
2011-02-10,0.06372200760788024,0.28368468174959244,1.3817411402474294e-17,0.4392784186180953,0.2133148920244321
2011-02-11,0.06372200760788024,0.28368468174959244,1.3817411402474294e-17,0.4392784186180953,0.2133148920244321
2011-02-14,0.06372200760788024,0.28368468174959244,1.3817411402474294e-17,0.4392784186180953,0.2133148920244321
2011-02-15,0.06372200760788024,0.28368468174959244,1.3817411402474294e-17,0.4392784186180953,0.2133148920244321
2011-02-16,0.06372200760788024,0.28368468174959244,1.3817411402474294e-17,0.4392784186180953,0.2133148920244321
2011-02-17,0.06372200760788024,0.28368468174959244,1.3817411402474294e-17,0.4392784186180953,0.2133148920244321
2011-02-18,0.06372200760788024,0.28368468174959244,1.3817411402474294e-17,0.4392784186180953,0.2133148920244321
2011-02-22,0.06372200760788024,0.28368468174959244,1.3817411402474294e-17,0.4392784186180953,0.2133148920244321
2011-02-23,0.06372200760788024,0.28368468174959244,1.3817411402474294e-17,0.4392784186180953,0.2133148920244321
2011-02-24,0.06372200760788024,0.28368468174959244,1.3817411402474294e-17,0.4392784186180953,0.2133148920244321
2011-02-25,0.06372200760788024,0.28368468174959244,1.3817411402474294e-17,0.4392784186180953,0.2133148920244321
2011-02-28,0.06372200760788024,0.28368468174959244,1.3817411402474294e-17,0.4392784186180953,0.2133148920244321
2011-03-01,0.06372200760788024,0.28368468174959244,1.3817411402474294e-17,0.4392784186180953,0.2133148920244321
2011-03-02,0.03238488428549622,0.31966560395751104,5.971781035407223e-18,0.45102256644533817,0.1969269453116545
2011-03-03,0.03238488428549622,0.31966560395751104,5.971781035407223e-18,0.45102256644533817,0.1969269453116545
2011-03-04,0.03238488428549622,0.31966560395751104,5.971781035407223e-18,0.45102256644533817,0.1969269453116545
2011-03-09,0.03238488428549622,0.31966560395751104,5.971781035407223e-18,0.45102256644533817,0.1969269453116545
2011-03-10,0.03238488428549622,0.31966560395751104,5.971781035407223e-18,0.45102256644533817,0.1969269453116545
2011-03-11,0.03238488428549622,0.31966560395751104,5.971781035407223e-18,0.45102256644533817,0.1969269453116545
2011-03-14,0.03238488428549622,0.31966560395751104,5.971781035407223e-18,0.45102256644533817,0.1969269453116545
2011-03-15,0.03238488428549622,0.31966560395751104,5.971781035407223e-18,0.45102256644533817,0.1969269453116545
2011-03-16,0.03238488428549622,0.31966560395751104,5.971781035407223e-18,0.45102256644533817,0.1969269453116545
2011-03-17,0.03238488428549622,0.31966560395751104,5.971781035407223e-18,0.45102256644533817,0.1969269453116545
2011-03-18,0.03238488428549622,0.31966560395751104,5.971781035407223e-18,0.45102256644533817,0.1969269453116545
2011-03-21,0.03238488428549622,0.31966560395751104,5.971781035407223e-18,0.45102256644533817,0.1969269453116545
2011-03-22,0.03238488428549622,0.31966560395751104,5.971781035407223e-18,0.45102256644533817,0.1969269453116545
2011-03-23,0.03238488428549622,0.31966560395751104,5.971781035407223e-18,0.45102256644533817,0.1969269453116545
2011-03-24,0.03238488428549622,0.31966560395751104,5.971781035407223e-18,0.45102256644533817,0.1969269453116545
2011-03-25,0.03238488428549622,0.31966560395751104,5.971781035407223e-18,0.45102256644533817,0.1969269453116545
2011-03-28,0.03238488428549622,0.31966560395751104,5.971781035407223e-18,0.45102256644533817,0.1969269453116545
2011-03-29,0.03238488428549622,0.31966560395751104,5.971781035407223e-18,0.45102256644533817,0.1969269453116545
2011-03-30,0.03238488428549622,0.31966560395751104,5.971781035407223e-18,0.45102256644533817,0.1969269453116545
2011-03-31,0.03238488428549622,0.31966560395751104,5.971781035407223e-18,0.45102256644533817,0.1969269453116545
2011-04-01,0.03238488428549622,0.31966560395751104,5.971781035407223e-18,0.45102256644533817,0.1969269453116545
2011-04-04,0.0012848088396387677,0.3454831774915293,0.0,0.45782390114475013,0.19540811252408186
2011-04-05,0.0012848088396387677,0.3454831774915293,0.0,0.45782390114475013,0.19540811252408186
2011-04-06,0.0012848088396387677,0.3454831774915293,0.0,0.45782390114475013,0.19540811252408186
2011-04-07,0.0012848088396387677,0.3454831774915293,0.0,0.45782390114475013,0.19540811252408186
2011-04-08,0.0012848088396387677,0.3454831774915293,0.0,0.45782390114475013,0.19540811252408186
2011-04-11,0.0012848088396387677,0.3454831774915293,0.0,0.45782390114475013,0.19540811252408186
2011-04-12,0.0012848088396387677,0.3454831774915293,0.0,0.45782390114475013,0.19540811252408186
2011-04-13,0.0012848088396387677,0.3454831774915293,0.0,0.45782390114475013,0.19540811252408186
2011-04-14,0.0012848088396387677,0.3454831774915293,0.0,0.45782390114475013,0.19540811252408186
2011-04-15,0.0012848088396387677,0.3454831774915293,0.0,0.45782390114475013,0.19540811252408186
2011-04-18,0.0012848088396387677,0.3454831774915293,0.0,0.45782390114475013,0.19540811252408186
2011-04-19,0.0012848088396387677,0.3454831774915293,0.0,0.45782390114475013,0.19540811252408186
2011-04-20,0.0012848088396387677,0.3454831774915293,0.0,0.45782390114475013,0.19540811252408186
2011-04-25,0.0012848088396387677,0.3454831774915293,0.0,0.45782390114475013,0.19540811252408186
2011-04-26,0.0012848088396387677,0.3454831774915293,0.0,0.45782390114475013,0.19540811252408186
2011-04-27,0.0012848088396387677,0.3454831774915293,0.0,0.45782390114475013,0.19540811252408186
2011-04-28,0.0012848088396387677,0.3454831774915293,0.0,0.45782390114475013,0.19540811252408186
2011-04-29,0.0012848088396387677,0.3454831774915293,0.0,0.45782390114475013,0.19540811252408186
2011-05-02,0.0012848088396387677,0.3454831774915293,0.0,0.45782390114475013,0.19540811252408186
2011-05-03,0.0012848088396387677,0.3454831774915293,0.0,0.45782390114475013,0.19540811252408186
2011-05-04,0.0012848088396387677,0.3454831774915293,0.0,0.45782390114475013,0.19540811252408186
2011-05-05,0.0024799293635160823,0.3442622020637645,0.0,0.46349945184226266,0.1897584167304568
2011-05-06,0.0024799293635160823,0.3442622020637645,0.0,0.46349945184226266,0.1897584167304568
2011-05-09,0.0024799293635160823,0.3442622020637645,0.0,0.46349945184226266,0.1897584167304568
2011-05-10,0.0024799293635160823,0.3442622020637645,0.0,0.46349945184226266,0.1897584167304568
2011-05-11,0.0024799293635160823,0.3442622020637645,0.0,0.46349945184226266,0.1897584167304568
2011-05-12,0.0024799293635160823,0.3442622020637645,0.0,0.46349945184226266,0.1897584167304568
2011-05-13,0.0024799293635160823,0.3442622020637645,0.0,0.46349945184226266,0.1897584167304568
2011-05-16,0.0024799293635160823,0.3442622020637645,0.0,0.46349945184226266,0.1897584167304568
2011-05-17,0.0024799293635160823,0.3442622020637645,0.0,0.46349945184226266,0.1897584167304568
2011-05-18,0.0024799293635160823,0.3442622020637645,0.0,0.46349945184226266,0.1897584167304568
2011-05-19,0.0024799293635160823,0.3442622020637645,0.0,0.46349945184226266,0.1897584167304568
2011-05-20,0.0024799293635160823,0.3442622020637645,0.0,0.46349945184226266,0.1897584167304568
2011-05-23,0.0024799293635160823,0.3442622020637645,0.0,0.46349945184226266,0.1897584167304568
2011-05-24,0.0024799293635160823,0.3442622020637645,0.0,0.46349945184226266,0.1897584167304568
2011-05-25,0.0024799293635160823,0.3442622020637645,0.0,0.46349945184226266,0.1897584167304568
2011-05-26,0.0024799293635160823,0.3442622020637645,0.0,0.46349945184226266,0.1897584167304568
2011-05-27,0.0024799293635160823,0.3442622020637645,0.0,0.46349945184226266,0.1897584167304568
2011-05-31,0.0024799293635160823,0.3442622020637645,0.0,0.46349945184226266,0.1897584167304568
2011-06-01,0.0024799293635160823,0.3442622020637645,0.0,0.46349945184226266,0.1897584167304568
2011-06-02,0.0024799293635160823,0.3442622020637645,0.0,0.46349945184226266,0.1897584167304568
2011-06-03,0.0024799293635160823,0.3442622020637645,0.0,0.46349945184226266,0.1897584167304568
2011-06-06,0.010009637856552433,0.31126430516283865,7.242874370436185e-17,0.4547529702299717,0.2239730867506372
2011-06-07,0.010009637856552433,0.31126430516283865,7.242874370436185e-17,0.4547529702299717,0.2239730867506372
2011-06-08,0.010009637856552433,0.31126430516283865,7.242874370436185e-17,0.4547529702299717,0.2239730867506372
2011-06-09,0.010009637856552433,0.31126430516283865,7.242874370436185e-17,0.4547529702299717,0.2239730867506372
2011-06-10,0.010009637856552433,0.31126430516283865,7.242874370436185e-17,0.4547529702299717,0.2239730867506372
2011-06-13,0.010009637856552433,0.31126430516283865,7.242874370436185e-17,0.4547529702299717,0.2239730867506372
2011-06-14,0.010009637856552433,0.31126430516283865,7.242874370436185e-17,0.4547529702299717,0.2239730867506372
2011-06-15,0.010009637856552433,0.31126430516283865,7.242874370436185e-17,0.4547529702299717,0.2239730867506372
2011-06-16,0.010009637856552433,0.31126430516283865,7.242874370436185e-17,0.4547529702299717,0.2239730867506372
2011-06-17,0.010009637856552433,0.31126430516283865,7.242874370436185e-17,0.4547529702299717,0.2239730867506372
2011-06-20,0.010009637856552433,0.31126430516283865,7.242874370436185e-17,0.4547529702299717,0.2239730867506372
2011-06-21,0.010009637856552433,0.31126430516283865,7.242874370436185e-17,0.4547529702299717,0.2239730867506372
2011-06-22,0.010009637856552433,0.31126430516283865,7.242874370436185e-17,0.4547529702299717,0.2239730867506372
2011-06-24,0.010009637856552433,0.31126430516283865,7.242874370436185e-17,0.4547529702299717,0.2239730867506372
2011-06-27,0.010009637856552433,0.31126430516283865,7.242874370436185e-17,0.4547529702299717,0.2239730867506372
2011-06-28,0.010009637856552433,0.31126430516283865,7.242874370436185e-17,0.4547529702299717,0.2239730867506372
2011-06-29,0.010009637856552433,0.31126430516283865,7.242874370436185e-17,0.4547529702299717,0.2239730867506372
2011-06-30,0.010009637856552433,0.31126430516283865,7.242874370436185e-17,0.4547529702299717,0.2239730867506372
2011-07-01,0.010009637856552433,0.31126430516283865,7.242874370436185e-17,0.4547529702299717,0.2239730867506372
2011-07-05,0.010009637856552433,0.31126430516283865,7.242874370436185e-17,0.4547529702299717,0.2239730867506372
2011-07-06,0.010009637856552433,0.31126430516283865,7.242874370436185e-17,0.4547529702299717,0.2239730867506372
2011-07-07,0.0,0.30341821885582165,3.516051797916511e-18,0.43158180899947535,0.26499997214470294
2011-07-08,0.0,0.30341821885582165,3.516051797916511e-18,0.43158180899947535,0.26499997214470294
2011-07-11,0.0,0.30341821885582165,3.516051797916511e-18,0.43158180899947535,0.26499997214470294
2011-07-12,0.0,0.30341821885582165,3.516051797916511e-18,0.43158180899947535,0.26499997214470294
2011-07-13,0.0,0.30341821885582165,3.516051797916511e-18,0.43158180899947535,0.26499997214470294
2011-07-14,0.0,0.30341821885582165,3.516051797916511e-18,0.43158180899947535,0.26499997214470294
2011-07-15,0.0,0.30341821885582165,3.516051797916511e-18,0.43158180899947535,0.26499997214470294
2011-07-18,0.0,0.30341821885582165,3.516051797916511e-18,0.43158180899947535,0.26499997214470294
2011-07-19,0.0,0.30341821885582165,3.516051797916511e-18,0.43158180899947535,0.26499997214470294
2011-07-20,0.0,0.30341821885582165,3.516051797916511e-18,0.43158180899947535,0.26499997214470294
2011-07-21,0.0,0.30341821885582165,3.516051797916511e-18,0.43158180899947535,0.26499997214470294
2011-07-22,0.0,0.30341821885582165,3.516051797916511e-18,0.43158180899947535,0.26499997214470294
2011-07-25,0.0,0.30341821885582165,3.516051797916511e-18,0.43158180899947535,0.26499997214470294
2011-07-26,0.0,0.30341821885582165,3.516051797916511e-18,0.43158180899947535,0.26499997214470294
2011-07-27,0.0,0.30341821885582165,3.516051797916511e-18,0.43158180899947535,0.26499997214470294
2011-07-28,0.0,0.30341821885582165,3.516051797916511e-18,0.43158180899947535,0.26499997214470294
2011-07-29,0.0,0.30341821885582165,3.516051797916511e-18,0.43158180899947535,0.26499997214470294
2011-08-01,0.0,0.30341821885582165,3.516051797916511e-18,0.43158180899947535,0.26499997214470294
2011-08-02,0.0,0.30341821885582165,3.516051797916511e-18,0.43158180899947535,0.26499997214470294
2011-08-03,0.0,0.30341821885582165,3.516051797916511e-18,0.43158180899947535,0.26499997214470294
2011-08-04,0.0,0.30341821885582165,3.516051797916511e-18,0.43158180899947535,0.26499997214470294
2011-08-05,0.0,0.2773157598754709,3.3682915538373783e-17,0.4409203984637415,0.2817638416607876
2011-08-08,0.0,0.2773157598754709,3.3682915538373783e-17,0.4409203984637415,0.2817638416607876
2011-08-09,0.0,0.2773157598754709,3.3682915538373783e-17,0.4409203984637415,0.2817638416607876
2011-08-10,0.0,0.2773157598754709,3.3682915538373783e-17,0.4409203984637415,0.2817638416607876
2011-08-11,0.0,0.2773157598754709,3.3682915538373783e-17,0.4409203984637415,0.2817638416607876
2011-08-12,0.0,0.2773157598754709,3.3682915538373783e-17,0.4409203984637415,0.2817638416607876
2011-08-15,0.0,0.2773157598754709,3.3682915538373783e-17,0.4409203984637415,0.2817638416607876
2011-08-16,0.0,0.2773157598754709,3.3682915538373783e-17,0.4409203984637415,0.2817638416607876
2011-08-17,0.0,0.2773157598754709,3.3682915538373783e-17,0.4409203984637415,0.2817638416607876
2011-08-18,0.0,0.2773157598754709,3.3682915538373783e-17,0.4409203984637415,0.2817638416607876
2011-08-19,0.0,0.2773157598754709,3.3682915538373783e-17,0.4409203984637415,0.2817638416607876
2011-08-22,0.0,0.2773157598754709,3.3682915538373783e-17,0.4409203984637415,0.2817638416607876
2011-08-23,0.0,0.2773157598754709,3.3682915538373783e-17,0.4409203984637415,0.2817638416607876
2011-08-24,0.0,0.2773157598754709,3.3682915538373783e-17,0.4409203984637415,0.2817638416607876
2011-08-25,0.0,0.2773157598754709,3.3682915538373783e-17,0.4409203984637415,0.2817638416607876
2011-08-26,0.0,0.2773157598754709,3.3682915538373783e-17,0.4409203984637415,0.2817638416607876
2011-08-29,0.0,0.2773157598754709,3.3682915538373783e-17,0.4409203984637415,0.2817638416607876
2011-08-30,0.0,0.2773157598754709,3.3682915538373783e-17,0.4409203984637415,0.2817638416607876
2011-08-31,0.0,0.2773157598754709,3.3682915538373783e-17,0.4409203984637415,0.2817638416607876
2011-09-01,0.0,0.2773157598754709,3.3682915538373783e-17,0.4409203984637415,0.2817638416607876
2011-09-02,0.0,0.2773157598754709,3.3682915538373783e-17,0.4409203984637415,0.2817638416607876
2011-09-06,0.10127234611848283,0.17611491424909953,0.0,0.4663841081628235,0.2562286314695941
2011-09-08,0.10127234611848283,0.17611491424909953,0.0,0.4663841081628235,0.2562286314695941
2011-09-09,0.10127234611848283,0.17611491424909953,0.0,0.4663841081628235,0.2562286314695941
2011-09-12,0.10127234611848283,0.17611491424909953,0.0,0.4663841081628235,0.2562286314695941
2011-09-13,0.10127234611848283,0.17611491424909953,0.0,0.4663841081628235,0.2562286314695941
2011-09-14,0.10127234611848283,0.17611491424909953,0.0,0.4663841081628235,0.2562286314695941
2011-09-15,0.10127234611848283,0.17611491424909953,0.0,0.4663841081628235,0.2562286314695941
2011-09-16,0.10127234611848283,0.17611491424909953,0.0,0.4663841081628235,0.2562286314695941
2011-09-19,0.10127234611848283,0.17611491424909953,0.0,0.4663841081628235,0.2562286314695941
2011-09-20,0.10127234611848283,0.17611491424909953,0.0,0.4663841081628235,0.2562286314695941
2011-09-21,0.10127234611848283,0.17611491424909953,0.0,0.4663841081628235,0.2562286314695941
2011-09-22,0.10127234611848283,0.17611491424909953,0.0,0.4663841081628235,0.2562286314695941
2011-09-23,0.10127234611848283,0.17611491424909953,0.0,0.4663841081628235,0.2562286314695941
2011-09-26,0.10127234611848283,0.17611491424909953,0.0,0.4663841081628235,0.2562286314695941
2011-09-27,0.10127234611848283,0.17611491424909953,0.0,0.4663841081628235,0.2562286314695941
2011-09-28,0.10127234611848283,0.17611491424909953,0.0,0.4663841081628235,0.2562286314695941
2011-09-29,0.10127234611848283,0.17611491424909953,0.0,0.4663841081628235,0.2562286314695941
2011-09-30,0.10127234611848283,0.17611491424909953,0.0,0.4663841081628235,0.2562286314695941
2011-10-03,0.10127234611848283,0.17611491424909953,0.0,0.4663841081628235,0.2562286314695941
2011-10-04,0.10127234611848283,0.17611491424909953,0.0,0.4663841081628235,0.2562286314695941
2011-10-05,0.10127234611848283,0.17611491424909953,0.0,0.4663841081628235,0.2562286314695941
2011-10-06,0.09390000047268633,0.2222740025300553,3.152215895322958e-18,0.43806570903136216,0.2457602879658962
2011-10-07,0.09390000047268633,0.2222740025300553,3.152215895322958e-18,0.43806570903136216,0.2457602879658962
2011-10-10,0.09390000047268633,0.2222740025300553,3.152215895322958e-18,0.43806570903136216,0.2457602879658962
2011-10-11,0.09390000047268633,0.2222740025300553,3.152215895322958e-18,0.43806570903136216,0.2457602879658962
2011-10-13,0.09390000047268633,0.2222740025300553,3.152215895322958e-18,0.43806570903136216,0.2457602879658962
2011-10-14,0.09390000047268633,0.2222740025300553,3.152215895322958e-18,0.43806570903136216,0.2457602879658962
2011-10-17,0.09390000047268633,0.2222740025300553,3.152215895322958e-18,0.43806570903136216,0.2457602879658962
2011-10-18,0.09390000047268633,0.2222740025300553,3.152215895322958e-18,0.43806570903136216,0.2457602879658962
2011-10-19,0.09390000047268633,0.2222740025300553,3.152215895322958e-18,0.43806570903136216,0.2457602879658962
2011-10-20,0.09390000047268633,0.2222740025300553,3.152215895322958e-18,0.43806570903136216,0.2457602879658962
2011-10-21,0.09390000047268633,0.2222740025300553,3.152215895322958e-18,0.43806570903136216,0.2457602879658962
2011-10-24,0.09390000047268633,0.2222740025300553,3.152215895322958e-18,0.43806570903136216,0.2457602879658962
2011-10-25,0.09390000047268633,0.2222740025300553,3.152215895322958e-18,0.43806570903136216,0.2457602879658962
2011-10-26,0.09390000047268633,0.2222740025300553,3.152215895322958e-18,0.43806570903136216,0.2457602879658962
2011-10-27,0.09390000047268633,0.2222740025300553,3.152215895322958e-18,0.43806570903136216,0.2457602879658962
2011-10-28,0.09390000047268633,0.2222740025300553,3.152215895322958e-18,0.43806570903136216,0.2457602879658962
2011-10-31,0.09390000047268633,0.2222740025300553,3.152215895322958e-18,0.43806570903136216,0.2457602879658962
2011-11-01,0.09390000047268633,0.2222740025300553,3.152215895322958e-18,0.43806570903136216,0.2457602879658962
2011-11-03,0.09390000047268633,0.2222740025300553,3.152215895322958e-18,0.43806570903136216,0.2457602879658962
2011-11-04,0.09390000047268633,0.2222740025300553,3.152215895322958e-18,0.43806570903136216,0.2457602879658962
2011-11-07,0.09390000047268633,0.2222740025300553,3.152215895322958e-18,0.43806570903136216,0.2457602879658962
2011-11-08,0.10676176530227265,0.23342058836416343,0.0,0.44922880231972073,0.21058884401384334
2011-11-09,0.10676176530227265,0.23342058836416343,0.0,0.44922880231972073,0.21058884401384334
2011-11-10,0.10676176530227265,0.23342058836416343,0.0,0.44922880231972073,0.21058884401384334
2011-11-11,0.10676176530227265,0.23342058836416343,0.0,0.44922880231972073,0.21058884401384334
2011-11-14,0.10676176530227265,0.23342058836416343,0.0,0.44922880231972073,0.21058884401384334
2011-11-16,0.10676176530227265,0.23342058836416343,0.0,0.44922880231972073,0.21058884401384334
2011-11-17,0.10676176530227265,0.23342058836416343,0.0,0.44922880231972073,0.21058884401384334
2011-11-18,0.10676176530227265,0.23342058836416343,0.0,0.44922880231972073,0.21058884401384334
2011-11-21,0.10676176530227265,0.23342058836416343,0.0,0.44922880231972073,0.21058884401384334
2011-11-22,0.10676176530227265,0.23342058836416343,0.0,0.44922880231972073,0.21058884401384334
2011-11-23,0.10676176530227265,0.23342058836416343,0.0,0.44922880231972073,0.21058884401384334
2011-11-25,0.10676176530227265,0.23342058836416343,0.0,0.44922880231972073,0.21058884401384334
2011-11-28,0.10676176530227265,0.23342058836416343,0.0,0.44922880231972073,0.21058884401384334
2011-11-29,0.10676176530227265,0.23342058836416343,0.0,0.44922880231972073,0.21058884401384334
2011-11-30,0.10676176530227265,0.23342058836416343,0.0,0.44922880231972073,0.21058884401384334
2011-12-01,0.10676176530227265,0.23342058836416343,0.0,0.44922880231972073,0.21058884401384334
2011-12-02,0.10676176530227265,0.23342058836416343,0.0,0.44922880231972073,0.21058884401384334
2011-12-05,0.10676176530227265,0.23342058836416343,0.0,0.44922880231972073,0.21058884401384334
2011-12-06,0.10676176530227265,0.23342058836416343,0.0,0.44922880231972073,0.21058884401384334
2011-12-07,0.10676176530227265,0.23342058836416343,0.0,0.44922880231972073,0.21058884401384334
2011-12-08,0.10676176530227265,0.23342058836416343,0.0,0.44922880231972073,0.21058884401384334
2011-12-09,0.13585533142731376,0.20511735383548424,1.3980635593281167e-17,0.45669239718358806,0.20233491755361407
2011-12-12,0.13585533142731376,0.20511735383548424,1.3980635593281167e-17,0.45669239718358806,0.20233491755361407
2011-12-13,0.13585533142731376,0.20511735383548424,1.3980635593281167e-17,0.45669239718358806,0.20233491755361407
2011-12-14,0.13585533142731376,0.20511735383548424,1.3980635593281167e-17,0.45669239718358806,0.20233491755361407
2011-12-15,0.13585533142731376,0.20511735383548424,1.3980635593281167e-17,0.45669239718358806,0.20233491755361407
2011-12-16,0.13585533142731376,0.20511735383548424,1.3980635593281167e-17,0.45669239718358806,0.20233491755361407
2011-12-19,0.13585533142731376,0.20511735383548424,1.3980635593281167e-17,0.45669239718358806,0.20233491755361407
2011-12-20,0.13585533142731376,0.20511735383548424,1.3980635593281167e-17,0.45669239718358806,0.20233491755361407
2011-12-21,0.13585533142731376,0.20511735383548424,1.3980635593281167e-17,0.45669239718358806,0.20233491755361407
2011-12-22,0.13585533142731376,0.20511735383548424,1.3980635593281167e-17,0.45669239718358806,0.20233491755361407
2011-12-23,0.13585533142731376,0.20511735383548424,1.3980635593281167e-17,0.45669239718358806,0.20233491755361407
2011-12-27,0.13585533142731376,0.20511735383548424,1.3980635593281167e-17,0.45669239718358806,0.20233491755361407
2011-12-28,0.13585533142731376,0.20511735383548424,1.3980635593281167e-17,0.45669239718358806,0.20233491755361407
2011-12-29,0.13585533142731376,0.20511735383548424,1.3980635593281167e-17,0.45669239718358806,0.20233491755361407
2012-01-03,0.13585533142731376,0.20511735383548424,1.3980635593281167e-17,0.45669239718358806,0.20233491755361407
2012-01-04,0.13585533142731376,0.20511735383548424,1.3980635593281167e-17,0.45669239718358806,0.20233491755361407
2012-01-05,0.13585533142731376,0.20511735383548424,1.3980635593281167e-17,0.45669239718358806,0.20233491755361407
2012-01-06,0.13585533142731376,0.20511735383548424,1.3980635593281167e-17,0.45669239718358806,0.20233491755361407
2012-01-09,0.13585533142731376,0.20511735383548424,1.3980635593281167e-17,0.45669239718358806,0.20233491755361407
2012-01-10,0.13585533142731376,0.20511735383548424,1.3980635593281167e-17,0.45669239718358806,0.20233491755361407
2012-01-11,0.13585533142731376,0.20511735383548424,1.3980635593281167e-17,0.45669239718358806,0.20233491755361407
2012-01-12,0.12496685944217026,0.20467855137111832,4.823916766346068e-17,0.45344069325214026,0.21691389593457108
2012-01-13,0.12496685944217026,0.20467855137111832,4.823916766346068e-17,0.45344069325214026,0.21691389593457108
2012-01-17,0.12496685944217026,0.20467855137111832,4.823916766346068e-17,0.45344069325214026,0.21691389593457108
2012-01-18,0.12496685944217026,0.20467855137111832,4.823916766346068e-17,0.45344069325214026,0.21691389593457108
2012-01-19,0.12496685944217026,0.20467855137111832,4.823916766346068e-17,0.45344069325214026,0.21691389593457108
2012-01-20,0.12496685944217026,0.20467855137111832,4.823916766346068e-17,0.45344069325214026,0.21691389593457108
2012-01-23,0.12496685944217026,0.20467855137111832,4.823916766346068e-17,0.45344069325214026,0.21691389593457108
2012-01-24,0.12496685944217026,0.20467855137111832,4.823916766346068e-17,0.45344069325214026,0.21691389593457108
2012-01-26,0.12496685944217026,0.20467855137111832,4.823916766346068e-17,0.45344069325214026,0.21691389593457108
2012-01-27,0.12496685944217026,0.20467855137111832,4.823916766346068e-17,0.45344069325214026,0.21691389593457108
2012-01-30,0.12496685944217026,0.20467855137111832,4.823916766346068e-17,0.45344069325214026,0.21691389593457108
2012-01-31,0.12496685944217026,0.20467855137111832,4.823916766346068e-17,0.45344069325214026,0.21691389593457108
2012-02-01,0.12496685944217026,0.20467855137111832,4.823916766346068e-17,0.45344069325214026,0.21691389593457108
2012-02-02,0.12496685944217026,0.20467855137111832,4.823916766346068e-17,0.45344069325214026,0.21691389593457108
2012-02-03,0.12496685944217026,0.20467855137111832,4.823916766346068e-17,0.45344069325214026,0.21691389593457108
2012-02-06,0.12496685944217026,0.20467855137111832,4.823916766346068e-17,0.45344069325214026,0.21691389593457108
2012-02-07,0.12496685944217026,0.20467855137111832,4.823916766346068e-17,0.45344069325214026,0.21691389593457108
2012-02-08,0.12496685944217026,0.20467855137111832,4.823916766346068e-17,0.45344069325214026,0.21691389593457108
2012-02-09,0.12496685944217026,0.20467855137111832,4.823916766346068e-17,0.45344069325214026,0.21691389593457108
2012-02-10,0.12496685944217026,0.20467855137111832,4.823916766346068e-17,0.45344069325214026,0.21691389593457108
2012-02-13,0.12496685944217026,0.20467855137111832,4.823916766346068e-17,0.45344069325214026,0.21691389593457108
2012-02-14,0.12847060131006294,0.1954983162414517,0.0,0.4546171284295803,0.22141395401890507
2012-02-15,0.12847060131006294,0.1954983162414517,0.0,0.4546171284295803,0.22141395401890507
2012-02-16,0.12847060131006294,0.1954983162414517,0.0,0.4546171284295803,0.22141395401890507
2012-02-17,0.12847060131006294,0.1954983162414517,0.0,0.4546171284295803,0.22141395401890507
2012-02-22,0.12847060131006294,0.1954983162414517,0.0,0.4546171284295803,0.22141395401890507
2012-02-23,0.12847060131006294,0.1954983162414517,0.0,0.4546171284295803,0.22141395401890507
2012-02-24,0.12847060131006294,0.1954983162414517,0.0,0.4546171284295803,0.22141395401890507
2012-02-27,0.12847060131006294,0.1954983162414517,0.0,0.4546171284295803,0.22141395401890507
2012-02-28,0.12847060131006294,0.1954983162414517,0.0,0.4546171284295803,0.22141395401890507
2012-02-29,0.12847060131006294,0.1954983162414517,0.0,0.4546171284295803,0.22141395401890507
2012-03-01,0.12847060131006294,0.1954983162414517,0.0,0.4546171284295803,0.22141395401890507
2012-03-02,0.12847060131006294,0.1954983162414517,0.0,0.4546171284295803,0.22141395401890507
2012-03-05,0.12847060131006294,0.1954983162414517,0.0,0.4546171284295803,0.22141395401890507
2012-03-06,0.12847060131006294,0.1954983162414517,0.0,0.4546171284295803,0.22141395401890507
2012-03-07,0.12847060131006294,0.1954983162414517,0.0,0.4546171284295803,0.22141395401890507
2012-03-08,0.12847060131006294,0.1954983162414517,0.0,0.4546171284295803,0.22141395401890507
2012-03-09,0.12847060131006294,0.1954983162414517,0.0,0.4546171284295803,0.22141395401890507
2012-03-12,0.12847060131006294,0.1954983162414517,0.0,0.4546171284295803,0.22141395401890507
2012-03-13,0.12847060131006294,0.1954983162414517,0.0,0.4546171284295803,0.22141395401890507
2012-03-14,0.12847060131006294,0.1954983162414517,0.0,0.4546171284295803,0.22141395401890507
2012-03-15,0.12847060131006294,0.1954983162414517,0.0,0.4546171284295803,0.22141395401890507
2012-03-16,0.15175164621340267,0.1833306930144324,5.168628327896123e-18,0.44290087237737485,0.22201678839479008
2012-03-19,0.15175164621340267,0.1833306930144324,5.168628327896123e-18,0.44290087237737485,0.22201678839479008
2012-03-20,0.15175164621340267,0.1833306930144324,5.168628327896123e-18,0.44290087237737485,0.22201678839479008
2012-03-21,0.15175164621340267,0.1833306930144324,5.168628327896123e-18,0.44290087237737485,0.22201678839479008
2012-03-22,0.15175164621340267,0.1833306930144324,5.168628327896123e-18,0.44290087237737485,0.22201678839479008
2012-03-23,0.15175164621340267,0.1833306930144324,5.168628327896123e-18,0.44290087237737485,0.22201678839479008
2012-03-26,0.15175164621340267,0.1833306930144324,5.168628327896123e-18,0.44290087237737485,0.22201678839479008
2012-03-27,0.15175164621340267,0.1833306930144324,5.168628327896123e-18,0.44290087237737485,0.22201678839479008
2012-03-28,0.15175164621340267,0.1833306930144324,5.168628327896123e-18,0.44290087237737485,0.22201678839479008
2012-03-29,0.15175164621340267,0.1833306930144324,5.168628327896123e-18,0.44290087237737485,0.22201678839479008
2012-03-30,0.15175164621340267,0.1833306930144324,5.168628327896123e-18,0.44290087237737485,0.22201678839479008
2012-04-02,0.15175164621340267,0.1833306930144324,5.168628327896123e-18,0.44290087237737485,0.22201678839479008
2012-04-03,0.15175164621340267,0.1833306930144324,5.168628327896123e-18,0.44290087237737485,0.22201678839479008
2012-04-04,0.15175164621340267,0.1833306930144324,5.168628327896123e-18,0.44290087237737485,0.22201678839479008
2012-04-05,0.15175164621340267,0.1833306930144324,5.168628327896123e-18,0.44290087237737485,0.22201678839479008
2012-04-09,0.15175164621340267,0.1833306930144324,5.168628327896123e-18,0.44290087237737485,0.22201678839479008
2012-04-10,0.15175164621340267,0.1833306930144324,5.168628327896123e-18,0.44290087237737485,0.22201678839479008
2012-04-11,0.15175164621340267,0.1833306930144324,5.168628327896123e-18,0.44290087237737485,0.22201678839479008
2012-04-12,0.15175164621340267,0.1833306930144324,5.168628327896123e-18,0.44290087237737485,0.22201678839479008
2012-04-13,0.15175164621340267,0.1833306930144324,5.168628327896123e-18,0.44290087237737485,0.22201678839479008
2012-04-16,0.15175164621340267,0.1833306930144324,5.168628327896123e-18,0.44290087237737485,0.22201678839479008
2012-04-17,0.13420983720757132,0.19183394565145317,6.936187147794203e-17,0.44322729955187024,0.2307289175891052
2012-04-18,0.13420983720757132,0.19183394565145317,6.936187147794203e-17,0.44322729955187024,0.2307289175891052
2012-04-19,0.13420983720757132,0.19183394565145317,6.936187147794203e-17,0.44322729955187024,0.2307289175891052
2012-04-20,0.13420983720757132,0.19183394565145317,6.936187147794203e-17,0.44322729955187024,0.2307289175891052
2012-04-23,0.13420983720757132,0.19183394565145317,6.936187147794203e-17,0.44322729955187024,0.2307289175891052
2012-04-24,0.13420983720757132,0.19183394565145317,6.936187147794203e-17,0.44322729955187024,0.2307289175891052
2012-04-25,0.13420983720757132,0.19183394565145317,6.936187147794203e-17,0.44322729955187024,0.2307289175891052
2012-04-26,0.13420983720757132,0.19183394565145317,6.936187147794203e-17,0.44322729955187024,0.2307289175891052
2012-04-27,0.13420983720757132,0.19183394565145317,6.936187147794203e-17,0.44322729955187024,0.2307289175891052
2012-04-30,0.13420983720757132,0.19183394565145317,6.936187147794203e-17,0.44322729955187024,0.2307289175891052
2012-05-02,0.13420983720757132,0.19183394565145317,6.936187147794203e-17,0.44322729955187024,0.2307289175891052
2012-05-03,0.13420983720757132,0.19183394565145317,6.936187147794203e-17,0.44322729955187024,0.2307289175891052
2012-05-04,0.13420983720757132,0.19183394565145317,6.936187147794203e-17,0.44322729955187024,0.2307289175891052
2012-05-07,0.13420983720757132,0.19183394565145317,6.936187147794203e-17,0.44322729955187024,0.2307289175891052
2012-05-08,0.13420983720757132,0.19183394565145317,6.936187147794203e-17,0.44322729955187024,0.2307289175891052
2012-05-09,0.13420983720757132,0.19183394565145317,6.936187147794203e-17,0.44322729955187024,0.2307289175891052
2012-05-10,0.13420983720757132,0.19183394565145317,6.936187147794203e-17,0.44322729955187024,0.2307289175891052
2012-05-11,0.13420983720757132,0.19183394565145317,6.936187147794203e-17,0.44322729955187024,0.2307289175891052
2012-05-14,0.13420983720757132,0.19183394565145317,6.936187147794203e-17,0.44322729955187024,0.2307289175891052
2012-05-15,0.13420983720757132,0.19183394565145317,6.936187147794203e-17,0.44322729955187024,0.2307289175891052
2012-05-16,0.13420983720757132,0.19183394565145317,6.936187147794203e-17,0.44322729955187024,0.2307289175891052
2012-05-17,0.12692189862260736,0.1903939787082189,0.0,0.44634162160538776,0.23634250106378601
2012-05-18,0.12692189862260736,0.1903939787082189,0.0,0.44634162160538776,0.23634250106378601
2012-05-21,0.12692189862260736,0.1903939787082189,0.0,0.44634162160538776,0.23634250106378601
2012-05-22,0.12692189862260736,0.1903939787082189,0.0,0.44634162160538776,0.23634250106378601
2012-05-23,0.12692189862260736,0.1903939787082189,0.0,0.44634162160538776,0.23634250106378601
2012-05-24,0.12692189862260736,0.1903939787082189,0.0,0.44634162160538776,0.23634250106378601
2012-05-25,0.12692189862260736,0.1903939787082189,0.0,0.44634162160538776,0.23634250106378601
2012-05-29,0.12692189862260736,0.1903939787082189,0.0,0.44634162160538776,0.23634250106378601
2012-05-30,0.12692189862260736,0.1903939787082189,0.0,0.44634162160538776,0.23634250106378601
2012-05-31,0.12692189862260736,0.1903939787082189,0.0,0.44634162160538776,0.23634250106378601
2012-06-01,0.12692189862260736,0.1903939787082189,0.0,0.44634162160538776,0.23634250106378601
2012-06-04,0.12692189862260736,0.1903939787082189,0.0,0.44634162160538776,0.23634250106378601
2012-06-05,0.12692189862260736,0.1903939787082189,0.0,0.44634162160538776,0.23634250106378601
2012-06-06,0.12692189862260736,0.1903939787082189,0.0,0.44634162160538776,0.23634250106378601
2012-06-08,0.12692189862260736,0.1903939787082189,0.0,0.44634162160538776,0.23634250106378601
2012-06-11,0.12692189862260736,0.1903939787082189,0.0,0.44634162160538776,0.23634250106378601
2012-06-12,0.12692189862260736,0.1903939787082189,0.0,0.44634162160538776,0.23634250106378601
2012-06-13,0.12692189862260736,0.1903939787082189,0.0,0.44634162160538776,0.23634250106378601
2012-06-14,0.12692189862260736,0.1903939787082189,0.0,0.44634162160538776,0.23634250106378601
2012-06-15,0.12692189862260736,0.1903939787082189,0.0,0.44634162160538776,0.23634250106378601
2012-06-18,0.12692189862260736,0.1903939787082189,0.0,0.44634162160538776,0.23634250106378601
2012-06-19,0.10853686056005522,0.20634014770911965,0.0,0.4506277103117591,0.23449528141906612
2012-06-20,0.10853686056005522,0.20634014770911965,0.0,0.4506277103117591,0.23449528141906612
2012-06-21,0.10853686056005522,0.20634014770911965,0.0,0.4506277103117591,0.23449528141906612
2012-06-22,0.10853686056005522,0.20634014770911965,0.0,0.4506277103117591,0.23449528141906612
2012-06-25,0.10853686056005522,0.20634014770911965,0.0,0.4506277103117591,0.23449528141906612
2012-06-26,0.10853686056005522,0.20634014770911965,0.0,0.4506277103117591,0.23449528141906612
2012-06-27,0.10853686056005522,0.20634014770911965,0.0,0.4506277103117591,0.23449528141906612
2012-06-28,0.10853686056005522,0.20634014770911965,0.0,0.4506277103117591,0.23449528141906612
2012-06-29,0.10853686056005522,0.20634014770911965,0.0,0.4506277103117591,0.23449528141906612
2012-07-02,0.10853686056005522,0.20634014770911965,0.0,0.4506277103117591,0.23449528141906612
2012-07-03,0.10853686056005522,0.20634014770911965,0.0,0.4506277103117591,0.23449528141906612
2012-07-05,0.10853686056005522,0.20634014770911965,0.0,0.4506277103117591,0.23449528141906612
2012-07-06,0.10853686056005522,0.20634014770911965,0.0,0.4506277103117591,0.23449528141906612
2012-07-10,0.10853686056005522,0.20634014770911965,0.0,0.4506277103117591,0.23449528141906612
2012-07-11,0.10853686056005522,0.20634014770911965,0.0,0.4506277103117591,0.23449528141906612
2012-07-12,0.10853686056005522,0.20634014770911965,0.0,0.4506277103117591,0.23449528141906612
2012-07-13,0.10853686056005522,0.20634014770911965,0.0,0.4506277103117591,0.23449528141906612
2012-07-16,0.10853686056005522,0.20634014770911965,0.0,0.4506277103117591,0.23449528141906612
2012-07-17,0.10853686056005522,0.20634014770911965,0.0,0.4506277103117591,0.23449528141906612
2012-07-18,0.10853686056005522,0.20634014770911965,0.0,0.4506277103117591,0.23449528141906612
2012-07-19,0.10853686056005522,0.20634014770911965,0.0,0.4506277103117591,0.23449528141906612
2012-07-20,0.09607211953916564,0.2137838448847642,0.0,0.45269515622934986,0.23744887934672038
2012-07-23,0.09607211953916564,0.2137838448847642,0.0,0.45269515622934986,0.23744887934672038
2012-07-24,0.09607211953916564,0.2137838448847642,0.0,0.45269515622934986,0.23744887934672038
2012-07-25,0.09607211953916564,0.2137838448847642,0.0,0.45269515622934986,0.23744887934672038
2012-07-26,0.09607211953916564,0.2137838448847642,0.0,0.45269515622934986,0.23744887934672038
2012-07-27,0.09607211953916564,0.2137838448847642,0.0,0.45269515622934986,0.23744887934672038
2012-07-30,0.09607211953916564,0.2137838448847642,0.0,0.45269515622934986,0.23744887934672038
2012-07-31,0.09607211953916564,0.2137838448847642,0.0,0.45269515622934986,0.23744887934672038
2012-08-01,0.09607211953916564,0.2137838448847642,0.0,0.45269515622934986,0.23744887934672038
2012-08-02,0.09607211953916564,0.2137838448847642,0.0,0.45269515622934986,0.23744887934672038
2012-08-03,0.09607211953916564,0.2137838448847642,0.0,0.45269515622934986,0.23744887934672038
2012-08-06,0.09607211953916564,0.2137838448847642,0.0,0.45269515622934986,0.23744887934672038
2012-08-07,0.09607211953916564,0.2137838448847642,0.0,0.45269515622934986,0.23744887934672038
2012-08-08,0.09607211953916564,0.2137838448847642,0.0,0.45269515622934986,0.23744887934672038
2012-08-09,0.09607211953916564,0.2137838448847642,0.0,0.45269515622934986,0.23744887934672038
2012-08-10,0.09607211953916564,0.2137838448847642,0.0,0.45269515622934986,0.23744887934672038
2012-08-13,0.09607211953916564,0.2137838448847642,0.0,0.45269515622934986,0.23744887934672038
2012-08-14,0.09607211953916564,0.2137838448847642,0.0,0.45269515622934986,0.23744887934672038
2012-08-15,0.09607211953916564,0.2137838448847642,0.0,0.45269515622934986,0.23744887934672038
2012-08-16,0.09607211953916564,0.2137838448847642,0.0,0.45269515622934986,0.23744887934672038
2012-08-17,0.09607211953916564,0.2137838448847642,0.0,0.45269515622934986,0.23744887934672038
2012-08-20,0.08349073958565296,0.21849630834531777,0.0,0.4492129703499327,0.2487999817190966
2012-08-21,0.08349073958565296,0.21849630834531777,0.0,0.4492129703499327,0.2487999817190966
2012-08-22,0.08349073958565296,0.21849630834531777,0.0,0.4492129703499327,0.2487999817190966
2012-08-23,0.08349073958565296,0.21849630834531777,0.0,0.4492129703499327,0.2487999817190966
2012-08-24,0.08349073958565296,0.21849630834531777,0.0,0.4492129703499327,0.2487999817190966
2012-08-27,0.08349073958565296,0.21849630834531777,0.0,0.4492129703499327,0.2487999817190966
2012-08-28,0.08349073958565296,0.21849630834531777,0.0,0.4492129703499327,0.2487999817190966
2012-08-29,0.08349073958565296,0.21849630834531777,0.0,0.4492129703499327,0.2487999817190966
2012-08-30,0.08349073958565296,0.21849630834531777,0.0,0.4492129703499327,0.2487999817190966
2012-08-31,0.08349073958565296,0.21849630834531777,0.0,0.4492129703499327,0.2487999817190966
2012-09-04,0.08349073958565296,0.21849630834531777,0.0,0.4492129703499327,0.2487999817190966
2012-09-05,0.08349073958565296,0.21849630834531777,0.0,0.4492129703499327,0.2487999817190966
2012-09-06,0.08349073958565296,0.21849630834531777,0.0,0.4492129703499327,0.2487999817190966
2012-09-10,0.08349073958565296,0.21849630834531777,0.0,0.4492129703499327,0.2487999817190966
2012-09-11,0.08349073958565296,0.21849630834531777,0.0,0.4492129703499327,0.2487999817190966
2012-09-12,0.08349073958565296,0.21849630834531777,0.0,0.4492129703499327,0.2487999817190966
2012-09-13,0.08349073958565296,0.21849630834531777,0.0,0.4492129703499327,0.2487999817190966
2012-09-14,0.08349073958565296,0.21849630834531777,0.0,0.4492129703499327,0.2487999817190966
2012-09-17,0.08349073958565296,0.21849630834531777,0.0,0.4492129703499327,0.2487999817190966
2012-09-18,0.08349073958565296,0.21849630834531777,0.0,0.4492129703499327,0.2487999817190966
2012-09-19,0.08349073958565296,0.21849630834531777,0.0,0.4492129703499327,0.2487999817190966
2012-09-20,0.00790623299445649,0.30313041823828113,0.0,0.4253420580245583,0.26362129074270413
2012-09-21,0.00790623299445649,0.30313041823828113,0.0,0.4253420580245583,0.26362129074270413
2012-09-24,0.00790623299445649,0.30313041823828113,0.0,0.4253420580245583,0.26362129074270413
2012-09-25,0.00790623299445649,0.30313041823828113,0.0,0.4253420580245583,0.26362129074270413
2012-09-26,0.00790623299445649,0.30313041823828113,0.0,0.4253420580245583,0.26362129074270413
2012-09-27,0.00790623299445649,0.30313041823828113,0.0,0.4253420580245583,0.26362129074270413
2012-09-28,0.00790623299445649,0.30313041823828113,0.0,0.4253420580245583,0.26362129074270413
2012-10-01,0.00790623299445649,0.30313041823828113,0.0,0.4253420580245583,0.26362129074270413
2012-10-02,0.00790623299445649,0.30313041823828113,0.0,0.4253420580245583,0.26362129074270413
2012-10-03,0.00790623299445649,0.30313041823828113,0.0,0.4253420580245583,0.26362129074270413
2012-10-04,0.00790623299445649,0.30313041823828113,0.0,0.4253420580245583,0.26362129074270413
2012-10-05,0.00790623299445649,0.30313041823828113,0.0,0.4253420580245583,0.26362129074270413
2012-10-08,0.00790623299445649,0.30313041823828113,0.0,0.4253420580245583,0.26362129074270413
2012-10-09,0.00790623299445649,0.30313041823828113,0.0,0.4253420580245583,0.26362129074270413
2012-10-10,0.00790623299445649,0.30313041823828113,0.0,0.4253420580245583,0.26362129074270413
2012-10-11,0.00790623299445649,0.30313041823828113,0.0,0.4253420580245583,0.26362129074270413
2012-10-15,0.00790623299445649,0.30313041823828113,0.0,0.4253420580245583,0.26362129074270413
2012-10-16,0.00790623299445649,0.30313041823828113,0.0,0.4253420580245583,0.26362129074270413
2012-10-17,0.00790623299445649,0.30313041823828113,0.0,0.4253420580245583,0.26362129074270413
2012-10-18,0.00790623299445649,0.30313041823828113,0.0,0.4253420580245583,0.26362129074270413
2012-10-19,0.00790623299445649,0.30313041823828113,0.0,0.4253420580245583,0.26362129074270413
2012-10-22,0.032298549868998314,0.26031612100083507,0.0,0.44217617553377436,0.26520915359639224
2012-10-23,0.032298549868998314,0.26031612100083507,0.0,0.44217617553377436,0.26520915359639224
2012-10-24,0.032298549868998314,0.26031612100083507,0.0,0.44217617553377436,0.26520915359639224
2012-10-25,0.032298549868998314,0.26031612100083507,0.0,0.44217617553377436,0.26520915359639224
2012-10-26,0.032298549868998314,0.26031612100083507,0.0,0.44217617553377436,0.26520915359639224
2012-10-31,0.032298549868998314,0.26031612100083507,0.0,0.44217617553377436,0.26520915359639224
2012-11-01,0.032298549868998314,0.26031612100083507,0.0,0.44217617553377436,0.26520915359639224
2012-11-05,0.032298549868998314,0.26031612100083507,0.0,0.44217617553377436,0.26520915359639224
2012-11-06,0.032298549868998314,0.26031612100083507,0.0,0.44217617553377436,0.26520915359639224
2012-11-07,0.032298549868998314,0.26031612100083507,0.0,0.44217617553377436,0.26520915359639224
2012-11-08,0.032298549868998314,0.26031612100083507,0.0,0.44217617553377436,0.26520915359639224
2012-11-09,0.032298549868998314,0.26031612100083507,0.0,0.44217617553377436,0.26520915359639224
2012-11-12,0.032298549868998314,0.26031612100083507,0.0,0.44217617553377436,0.26520915359639224
2012-11-13,0.032298549868998314,0.26031612100083507,0.0,0.44217617553377436,0.26520915359639224
2012-11-14,0.032298549868998314,0.26031612100083507,0.0,0.44217617553377436,0.26520915359639224
2012-11-16,0.032298549868998314,0.26031612100083507,0.0,0.44217617553377436,0.26520915359639224
2012-11-19,0.032298549868998314,0.26031612100083507,0.0,0.44217617553377436,0.26520915359639224
2012-11-21,0.032298549868998314,0.26031612100083507,0.0,0.44217617553377436,0.26520915359639224
2012-11-23,0.032298549868998314,0.26031612100083507,0.0,0.44217617553377436,0.26520915359639224
2012-11-26,0.032298549868998314,0.26031612100083507,0.0,0.44217617553377436,0.26520915359639224
2012-11-27,0.032298549868998314,0.26031612100083507,0.0,0.44217617553377436,0.26520915359639224
2012-11-28,0.045466769933224356,0.21883516503707007,0.0,0.4397207339036291,0.29597733112607655
2012-11-29,0.045466769933224356,0.21883516503707007,0.0,0.4397207339036291,0.29597733112607655
2012-11-30,0.045466769933224356,0.21883516503707007,0.0,0.4397207339036291,0.29597733112607655
2012-12-03,0.045466769933224356,0.21883516503707007,0.0,0.4397207339036291,0.29597733112607655
2012-12-04,0.045466769933224356,0.21883516503707007,0.0,0.4397207339036291,0.29597733112607655
2012-12-05,0.045466769933224356,0.21883516503707007,0.0,0.4397207339036291,0.29597733112607655
2012-12-06,0.045466769933224356,0.21883516503707007,0.0,0.4397207339036291,0.29597733112607655
2012-12-07,0.045466769933224356,0.21883516503707007,0.0,0.4397207339036291,0.29597733112607655
2012-12-10,0.045466769933224356,0.21883516503707007,0.0,0.4397207339036291,0.29597733112607655
2012-12-11,0.045466769933224356,0.21883516503707007,0.0,0.4397207339036291,0.29597733112607655
2012-12-12,0.045466769933224356,0.21883516503707007,0.0,0.4397207339036291,0.29597733112607655
2012-12-13,0.045466769933224356,0.21883516503707007,0.0,0.4397207339036291,0.29597733112607655
2012-12-14,0.045466769933224356,0.21883516503707007,0.0,0.4397207339036291,0.29597733112607655
2012-12-17,0.045466769933224356,0.21883516503707007,0.0,0.4397207339036291,0.29597733112607655
2012-12-18,0.045466769933224356,0.21883516503707007,0.0,0.4397207339036291,0.29597733112607655
2012-12-19,0.045466769933224356,0.21883516503707007,0.0,0.4397207339036291,0.29597733112607655
2012-12-20,0.045466769933224356,0.21883516503707007,0.0,0.4397207339036291,0.29597733112607655
2012-12-21,0.045466769933224356,0.21883516503707007,0.0,0.4397207339036291,0.29597733112607655
2012-12-26,0.045466769933224356,0.21883516503707007,0.0,0.4397207339036291,0.29597733112607655
2012-12-27,0.045466769933224356,0.21883516503707007,0.0,0.4397207339036291,0.29597733112607655
2012-12-28,0.045466769933224356,0.21883516503707007,0.0,0.4397207339036291,0.29597733112607655
2013-01-02,0.0032384645467419485,0.25352920957626174,3.4937553596817076e-17,0.4282050246088298,0.3150273012681665
2013-01-03,0.0032384645467419485,0.25352920957626174,3.4937553596817076e-17,0.4282050246088298,0.3150273012681665
2013-01-04,0.0032384645467419485,0.25352920957626174,3.4937553596817076e-17,0.4282050246088298,0.3150273012681665
2013-01-07,0.0032384645467419485,0.25352920957626174,3.4937553596817076e-17,0.4282050246088298,0.3150273012681665
2013-01-08,0.0032384645467419485,0.25352920957626174,3.4937553596817076e-17,0.4282050246088298,0.3150273012681665
2013-01-09,0.0032384645467419485,0.25352920957626174,3.4937553596817076e-17,0.4282050246088298,0.3150273012681665
2013-01-10,0.0032384645467419485,0.25352920957626174,3.4937553596817076e-17,0.4282050246088298,0.3150273012681665
2013-01-11,0.0032384645467419485,0.25352920957626174,3.4937553596817076e-17,0.4282050246088298,0.3150273012681665
2013-01-14,0.0032384645467419485,0.25352920957626174,3.4937553596817076e-17,0.4282050246088298,0.3150273012681665
2013-01-15,0.0032384645467419485,0.25352920957626174,3.4937553596817076e-17,0.4282050246088298,0.3150273012681665
2013-01-16,0.0032384645467419485,0.25352920957626174,3.4937553596817076e-17,0.4282050246088298,0.3150273012681665
2013-01-17,0.0032384645467419485,0.25352920957626174,3.4937553596817076e-17,0.4282050246088298,0.3150273012681665
2013-01-18,0.0032384645467419485,0.25352920957626174,3.4937553596817076e-17,0.4282050246088298,0.3150273012681665
2013-01-22,0.0032384645467419485,0.25352920957626174,3.4937553596817076e-17,0.4282050246088298,0.3150273012681665
2013-01-23,0.0032384645467419485,0.25352920957626174,3.4937553596817076e-17,0.4282050246088298,0.3150273012681665
2013-01-24,0.0032384645467419485,0.25352920957626174,3.4937553596817076e-17,0.4282050246088298,0.3150273012681665
2013-01-28,0.0032384645467419485,0.25352920957626174,3.4937553596817076e-17,0.4282050246088298,0.3150273012681665
2013-01-29,0.0032384645467419485,0.25352920957626174,3.4937553596817076e-17,0.4282050246088298,0.3150273012681665
2013-01-30,0.0032384645467419485,0.25352920957626174,3.4937553596817076e-17,0.4282050246088298,0.3150273012681665
2013-01-31,0.0032384645467419485,0.25352920957626174,3.4937553596817076e-17,0.4282050246088298,0.3150273012681665
2013-02-01,0.0032384645467419485,0.25352920957626174,3.4937553596817076e-17,0.4282050246088298,0.3150273012681665
2013-02-04,0.055124098120439266,0.22421131325363303,0.0,0.44344139063961524,0.2772231979863125
2013-02-05,0.055124098120439266,0.22421131325363303,0.0,0.44344139063961524,0.2772231979863125
2013-02-06,0.055124098120439266,0.22421131325363303,0.0,0.44344139063961524,0.2772231979863125
2013-02-07,0.055124098120439266,0.22421131325363303,0.0,0.44344139063961524,0.2772231979863125
2013-02-08,0.055124098120439266,0.22421131325363303,0.0,0.44344139063961524,0.2772231979863125
2013-02-13,0.055124098120439266,0.22421131325363303,0.0,0.44344139063961524,0.2772231979863125
2013-02-14,0.055124098120439266,0.22421131325363303,0.0,0.44344139063961524,0.2772231979863125
2013-02-15,0.055124098120439266,0.22421131325363303,0.0,0.44344139063961524,0.2772231979863125
2013-02-19,0.055124098120439266,0.22421131325363303,0.0,0.44344139063961524,0.2772231979863125
2013-02-20,0.055124098120439266,0.22421131325363303,0.0,0.44344139063961524,0.2772231979863125
2013-02-21,0.055124098120439266,0.22421131325363303,0.0,0.44344139063961524,0.2772231979863125
2013-02-22,0.055124098120439266,0.22421131325363303,0.0,0.44344139063961524,0.2772231979863125
2013-02-25,0.055124098120439266,0.22421131325363303,0.0,0.44344139063961524,0.2772231979863125
2013-02-26,0.055124098120439266,0.22421131325363303,0.0,0.44344139063961524,0.2772231979863125
2013-02-27,0.055124098120439266,0.22421131325363303,0.0,0.44344139063961524,0.2772231979863125
2013-02-28,0.055124098120439266,0.22421131325363303,0.0,0.44344139063961524,0.2772231979863125
2013-03-01,0.055124098120439266,0.22421131325363303,0.0,0.44344139063961524,0.2772231979863125
2013-03-04,0.055124098120439266,0.22421131325363303,0.0,0.44344139063961524,0.2772231979863125
2013-03-05,0.055124098120439266,0.22421131325363303,0.0,0.44344139063961524,0.2772231979863125
2013-03-06,0.055124098120439266,0.22421131325363303,0.0,0.44344139063961524,0.2772231979863125
2013-03-07,0.055124098120439266,0.22421131325363303,0.0,0.44344139063961524,0.2772231979863125
2013-03-08,0.10547166418804652,0.1869493643221162,0.0,0.43768533869140347,0.26989363279843387
2013-03-11,0.10547166418804652,0.1869493643221162,0.0,0.43768533869140347,0.26989363279843387
2013-03-12,0.10547166418804652,0.1869493643221162,0.0,0.43768533869140347,0.26989363279843387
2013-03-13,0.10547166418804652,0.1869493643221162,0.0,0.43768533869140347,0.26989363279843387
2013-03-14,0.10547166418804652,0.1869493643221162,0.0,0.43768533869140347,0.26989363279843387
2013-03-15,0.10547166418804652,0.1869493643221162,0.0,0.43768533869140347,0.26989363279843387
2013-03-18,0.10547166418804652,0.1869493643221162,0.0,0.43768533869140347,0.26989363279843387
2013-03-19,0.10547166418804652,0.1869493643221162,0.0,0.43768533869140347,0.26989363279843387
2013-03-20,0.10547166418804652,0.1869493643221162,0.0,0.43768533869140347,0.26989363279843387
2013-03-21,0.10547166418804652,0.1869493643221162,0.0,0.43768533869140347,0.26989363279843387
2013-03-22,0.10547166418804652,0.1869493643221162,0.0,0.43768533869140347,0.26989363279843387
2013-03-25,0.10547166418804652,0.1869493643221162,0.0,0.43768533869140347,0.26989363279843387
2013-03-26,0.10547166418804652,0.1869493643221162,0.0,0.43768533869140347,0.26989363279843387
2013-03-27,0.10547166418804652,0.1869493643221162,0.0,0.43768533869140347,0.26989363279843387
2013-03-28,0.10547166418804652,0.1869493643221162,0.0,0.43768533869140347,0.26989363279843387
2013-04-01,0.10547166418804652,0.1869493643221162,0.0,0.43768533869140347,0.26989363279843387
2013-04-02,0.10547166418804652,0.1869493643221162,0.0,0.43768533869140347,0.26989363279843387
2013-04-03,0.10547166418804652,0.1869493643221162,0.0,0.43768533869140347,0.26989363279843387
2013-04-04,0.10547166418804652,0.1869493643221162,0.0,0.43768533869140347,0.26989363279843387
2013-04-05,0.10547166418804652,0.1869493643221162,0.0,0.43768533869140347,0.26989363279843387
2013-04-08,0.10547166418804652,0.1869493643221162,0.0,0.43768533869140347,0.26989363279843387
2013-04-09,0.0787257954733997,0.2000501902457064,0.0,0.44755812578315257,0.27366588849774137
2013-04-10,0.0787257954733997,0.2000501902457064,0.0,0.44755812578315257,0.27366588849774137
2013-04-11,0.0787257954733997,0.2000501902457064,0.0,0.44755812578315257,0.27366588849774137
2013-04-12,0.0787257954733997,0.2000501902457064,0.0,0.44755812578315257,0.27366588849774137
2013-04-15,0.0787257954733997,0.2000501902457064,0.0,0.44755812578315257,0.27366588849774137
2013-04-16,0.0787257954733997,0.2000501902457064,0.0,0.44755812578315257,0.27366588849774137
2013-04-17,0.0787257954733997,0.2000501902457064,0.0,0.44755812578315257,0.27366588849774137
2013-04-18,0.0787257954733997,0.2000501902457064,0.0,0.44755812578315257,0.27366588849774137
2013-04-19,0.0787257954733997,0.2000501902457064,0.0,0.44755812578315257,0.27366588849774137
2013-04-22,0.0787257954733997,0.2000501902457064,0.0,0.44755812578315257,0.27366588849774137
2013-04-23,0.0787257954733997,0.2000501902457064,0.0,0.44755812578315257,0.27366588849774137
2013-04-24,0.0787257954733997,0.2000501902457064,0.0,0.44755812578315257,0.27366588849774137
2013-04-25,0.0787257954733997,0.2000501902457064,0.0,0.44755812578315257,0.27366588849774137
2013-04-26,0.0787257954733997,0.2000501902457064,0.0,0.44755812578315257,0.27366588849774137
2013-04-29,0.0787257954733997,0.2000501902457064,0.0,0.44755812578315257,0.27366588849774137
2013-04-30,0.0787257954733997,0.2000501902457064,0.0,0.44755812578315257,0.27366588849774137
2013-05-02,0.0787257954733997,0.2000501902457064,0.0,0.44755812578315257,0.27366588849774137
2013-05-03,0.0787257954733997,0.2000501902457064,0.0,0.44755812578315257,0.27366588849774137
2013-05-06,0.0787257954733997,0.2000501902457064,0.0,0.44755812578315257,0.27366588849774137
2013-05-07,0.0787257954733997,0.2000501902457064,0.0,0.44755812578315257,0.27366588849774137
2013-05-08,0.0787257954733997,0.2000501902457064,0.0,0.44755812578315257,0.27366588849774137
2013-05-09,0.12612838391959416,0.17421134778689257,0.0,0.3876759378806007,0.3119843304129127
2013-05-10,0.12612838391959416,0.17421134778689257,0.0,0.3876759378806007,0.3119843304129127
2013-05-13,0.12612838391959416,0.17421134778689257,0.0,0.3876759378806007,0.3119843304129127
2013-05-14,0.12612838391959416,0.17421134778689257,0.0,0.3876759378806007,0.3119843304129127
2013-05-15,0.12612838391959416,0.17421134778689257,0.0,0.3876759378806007,0.3119843304129127
2013-05-16,0.12612838391959416,0.17421134778689257,0.0,0.3876759378806007,0.3119843304129127
2013-05-17,0.12612838391959416,0.17421134778689257,0.0,0.3876759378806007,0.3119843304129127
2013-05-20,0.12612838391959416,0.17421134778689257,0.0,0.3876759378806007,0.3119843304129127
2013-05-21,0.12612838391959416,0.17421134778689257,0.0,0.3876759378806007,0.3119843304129127
2013-05-22,0.12612838391959416,0.17421134778689257,0.0,0.3876759378806007,0.3119843304129127
2013-05-23,0.12612838391959416,0.17421134778689257,0.0,0.3876759378806007,0.3119843304129127
2013-05-24,0.12612838391959416,0.17421134778689257,0.0,0.3876759378806007,0.3119843304129127
2013-05-28,0.12612838391959416,0.17421134778689257,0.0,0.3876759378806007,0.3119843304129127
2013-05-29,0.12612838391959416,0.17421134778689257,0.0,0.3876759378806007,0.3119843304129127
2013-05-31,0.12612838391959416,0.17421134778689257,0.0,0.3876759378806007,0.3119843304129127
2013-06-03,0.12612838391959416,0.17421134778689257,0.0,0.3876759378806007,0.3119843304129127
2013-06-04,0.12612838391959416,0.17421134778689257,0.0,0.3876759378806007,0.3119843304129127
2013-06-05,0.12612838391959416,0.17421134778689257,0.0,0.3876759378806007,0.3119843304129127
2013-06-06,0.12612838391959416,0.17421134778689257,0.0,0.3876759378806007,0.3119843304129127
2013-06-07,0.12612838391959416,0.17421134778689257,0.0,0.3876759378806007,0.3119843304129127
2013-06-10,0.12612838391959416,0.17421134778689257,0.0,0.3876759378806007,0.3119843304129127
2013-06-11,0.09396464068751646,0.20711060921961455,0.0,0.37171557924669024,0.3272091708461788
2013-06-12,0.09396464068751646,0.20711060921961455,0.0,0.37171557924669024,0.3272091708461788
2013-06-13,0.09396464068751646,0.20711060921961455,0.0,0.37171557924669024,0.3272091708461788
2013-06-14,0.09396464068751646,0.20711060921961455,0.0,0.37171557924669024,0.3272091708461788
2013-06-17,0.09396464068751646,0.20711060921961455,0.0,0.37171557924669024,0.3272091708461788
2013-06-18,0.09396464068751646,0.20711060921961455,0.0,0.37171557924669024,0.3272091708461788
2013-06-19,0.09396464068751646,0.20711060921961455,0.0,0.37171557924669024,0.3272091708461788
2013-06-20,0.09396464068751646,0.20711060921961455,0.0,0.37171557924669024,0.3272091708461788
2013-06-21,0.09396464068751646,0.20711060921961455,0.0,0.37171557924669024,0.3272091708461788
2013-06-24,0.09396464068751646,0.20711060921961455,0.0,0.37171557924669024,0.3272091708461788
2013-06-25,0.09396464068751646,0.20711060921961455,0.0,0.37171557924669024,0.3272091708461788
2013-06-26,0.09396464068751646,0.20711060921961455,0.0,0.37171557924669024,0.3272091708461788
2013-06-27,0.09396464068751646,0.20711060921961455,0.0,0.37171557924669024,0.3272091708461788
2013-06-28,0.09396464068751646,0.20711060921961455,0.0,0.37171557924669024,0.3272091708461788
2013-07-01,0.09396464068751646,0.20711060921961455,0.0,0.37171557924669024,0.3272091708461788
2013-07-02,0.09396464068751646,0.20711060921961455,0.0,0.37171557924669024,0.3272091708461788
2013-07-03,0.09396464068751646,0.20711060921961455,0.0,0.37171557924669024,0.3272091708461788
2013-07-05,0.09396464068751646,0.20711060921961455,0.0,0.37171557924669024,0.3272091708461788
2013-07-08,0.09396464068751646,0.20711060921961455,0.0,0.37171557924669024,0.3272091708461788
2013-07-10,0.09396464068751646,0.20711060921961455,0.0,0.37171557924669024,0.3272091708461788
2013-07-11,0.09396464068751646,0.20711060921961455,0.0,0.37171557924669024,0.3272091708461788
2013-07-12,0.038582146277126986,0.2713599990545598,9.41280088401697e-18,0.35368027813269315,0.33637757653562
2013-07-15,0.038582146277126986,0.2713599990545598,9.41280088401697e-18,0.35368027813269315,0.33637757653562
2013-07-16,0.038582146277126986,0.2713599990545598,9.41280088401697e-18,0.35368027813269315,0.33637757653562
2013-07-17,0.038582146277126986,0.2713599990545598,9.41280088401697e-18,0.35368027813269315,0.33637757653562
2013-07-18,0.038582146277126986,0.2713599990545598,9.41280088401697e-18,0.35368027813269315,0.33637757653562
2013-07-19,0.038582146277126986,0.2713599990545598,9.41280088401697e-18,0.35368027813269315,0.33637757653562
2013-07-22,0.038582146277126986,0.2713599990545598,9.41280088401697e-18,0.35368027813269315,0.33637757653562
2013-07-23,0.038582146277126986,0.2713599990545598,9.41280088401697e-18,0.35368027813269315,0.33637757653562
2013-07-24,0.038582146277126986,0.2713599990545598,9.41280088401697e-18,0.35368027813269315,0.33637757653562
2013-07-25,0.038582146277126986,0.2713599990545598,9.41280088401697e-18,0.35368027813269315,0.33637757653562
2013-07-26,0.038582146277126986,0.2713599990545598,9.41280088401697e-18,0.35368027813269315,0.33637757653562
2013-07-29,0.038582146277126986,0.2713599990545598,9.41280088401697e-18,0.35368027813269315,0.33637757653562
2013-07-30,0.038582146277126986,0.2713599990545598,9.41280088401697e-18,0.35368027813269315,0.33637757653562
2013-07-31,0.038582146277126986,0.2713599990545598,9.41280088401697e-18,0.35368027813269315,0.33637757653562
2013-08-01,0.038582146277126986,0.2713599990545598,9.41280088401697e-18,0.35368027813269315,0.33637757653562
2013-08-02,0.038582146277126986,0.2713599990545598,9.41280088401697e-18,0.35368027813269315,0.33637757653562
2013-08-05,0.038582146277126986,0.2713599990545598,9.41280088401697e-18,0.35368027813269315,0.33637757653562
2013-08-06,0.038582146277126986,0.2713599990545598,9.41280088401697e-18,0.35368027813269315,0.33637757653562
2013-08-07,0.038582146277126986,0.2713599990545598,9.41280088401697e-18,0.35368027813269315,0.33637757653562
2013-08-08,0.038582146277126986,0.2713599990545598,9.41280088401697e-18,0.35368027813269315,0.33637757653562
2013-08-09,0.038582146277126986,0.2713599990545598,9.41280088401697e-18,0.35368027813269315,0.33637757653562
2013-08-12,0.039335004661006145,0.2563445056030024,0.0,0.33638831472397474,0.36793217501201675
2013-08-13,0.039335004661006145,0.2563445056030024,0.0,0.33638831472397474,0.36793217501201675
2013-08-14,0.039335004661006145,0.2563445056030024,0.0,0.33638831472397474,0.36793217501201675
2013-08-15,0.039335004661006145,0.2563445056030024,0.0,0.33638831472397474,0.36793217501201675
2013-08-16,0.039335004661006145,0.2563445056030024,0.0,0.33638831472397474,0.36793217501201675
2013-08-19,0.039335004661006145,0.2563445056030024,0.0,0.33638831472397474,0.36793217501201675
2013-08-20,0.039335004661006145,0.2563445056030024,0.0,0.33638831472397474,0.36793217501201675
2013-08-21,0.039335004661006145,0.2563445056030024,0.0,0.33638831472397474,0.36793217501201675
2013-08-22,0.039335004661006145,0.2563445056030024,0.0,0.33638831472397474,0.36793217501201675
2013-08-23,0.039335004661006145,0.2563445056030024,0.0,0.33638831472397474,0.36793217501201675
2013-08-26,0.039335004661006145,0.2563445056030024,0.0,0.33638831472397474,0.36793217501201675
2013-08-27,0.039335004661006145,0.2563445056030024,0.0,0.33638831472397474,0.36793217501201675
2013-08-28,0.039335004661006145,0.2563445056030024,0.0,0.33638831472397474,0.36793217501201675
2013-08-29,0.039335004661006145,0.2563445056030024,0.0,0.33638831472397474,0.36793217501201675
2013-08-30,0.039335004661006145,0.2563445056030024,0.0,0.33638831472397474,0.36793217501201675
2013-09-03,0.039335004661006145,0.2563445056030024,0.0,0.33638831472397474,0.36793217501201675
2013-09-04,0.039335004661006145,0.2563445056030024,0.0,0.33638831472397474,0.36793217501201675
2013-09-05,0.039335004661006145,0.2563445056030024,0.0,0.33638831472397474,0.36793217501201675
2013-09-06,0.039335004661006145,0.2563445056030024,0.0,0.33638831472397474,0.36793217501201675
2013-09-09,0.039335004661006145,0.2563445056030024,0.0,0.33638831472397474,0.36793217501201675
2013-09-10,0.039335004661006145,0.2563445056030024,0.0,0.33638831472397474,0.36793217501201675
2013-09-11,0.13806752646085507,0.20227621866639597,2.987236883288332e-17,0.30893286537276915,0.35072338949997983
2013-09-12,0.13806752646085507,0.20227621866639597,2.987236883288332e-17,0.30893286537276915,0.35072338949997983
2013-09-13,0.13806752646085507,0.20227621866639597,2.987236883288332e-17,0.30893286537276915,0.35072338949997983
2013-09-16,0.13806752646085507,0.20227621866639597,2.987236883288332e-17,0.30893286537276915,0.35072338949997983
2013-09-17,0.13806752646085507,0.20227621866639597,2.987236883288332e-17,0.30893286537276915,0.35072338949997983
2013-09-18,0.13806752646085507,0.20227621866639597,2.987236883288332e-17,0.30893286537276915,0.35072338949997983
2013-09-19,0.13806752646085507,0.20227621866639597,2.987236883288332e-17,0.30893286537276915,0.35072338949997983
2013-09-20,0.13806752646085507,0.20227621866639597,2.987236883288332e-17,0.30893286537276915,0.35072338949997983
2013-09-23,0.13806752646085507,0.20227621866639597,2.987236883288332e-17,0.30893286537276915,0.35072338949997983
2013-09-24,0.13806752646085507,0.20227621866639597,2.987236883288332e-17,0.30893286537276915,0.35072338949997983
2013-09-25,0.13806752646085507,0.20227621866639597,2.987236883288332e-17,0.30893286537276915,0.35072338949997983
2013-09-26,0.13806752646085507,0.20227621866639597,2.987236883288332e-17,0.30893286537276915,0.35072338949997983
2013-09-27,0.13806752646085507,0.20227621866639597,2.987236883288332e-17,0.30893286537276915,0.35072338949997983
2013-09-30,0.13806752646085507,0.20227621866639597,2.987236883288332e-17,0.30893286537276915,0.35072338949997983
2013-10-01,0.13806752646085507,0.20227621866639597,2.987236883288332e-17,0.30893286537276915,0.35072338949997983
2013-10-02,0.13806752646085507,0.20227621866639597,2.987236883288332e-17,0.30893286537276915,0.35072338949997983
2013-10-03,0.13806752646085507,0.20227621866639597,2.987236883288332e-17,0.30893286537276915,0.35072338949997983
2013-10-04,0.13806752646085507,0.20227621866639597,2.987236883288332e-17,0.30893286537276915,0.35072338949997983
2013-10-07,0.13806752646085507,0.20227621866639597,2.987236883288332e-17,0.30893286537276915,0.35072338949997983
2013-10-08,0.13806752646085507,0.20227621866639597,2.987236883288332e-17,0.30893286537276915,0.35072338949997983
2013-10-09,0.13806752646085507,0.20227621866639597,2.987236883288332e-17,0.30893286537276915,0.35072338949997983
2013-10-10,0.134484384731277,0.22246908431814463,2.178989902338395e-17,0.2943945893857121,0.3486519415648663
2013-10-11,0.134484384731277,0.22246908431814463,2.178989902338395e-17,0.2943945893857121,0.3486519415648663
2013-10-14,0.134484384731277,0.22246908431814463,2.178989902338395e-17,0.2943945893857121,0.3486519415648663
2013-10-15,0.134484384731277,0.22246908431814463,2.178989902338395e-17,0.2943945893857121,0.3486519415648663
2013-10-16,0.134484384731277,0.22246908431814463,2.178989902338395e-17,0.2943945893857121,0.3486519415648663
2013-10-17,0.134484384731277,0.22246908431814463,2.178989902338395e-17,0.2943945893857121,0.3486519415648663
2013-10-18,0.134484384731277,0.22246908431814463,2.178989902338395e-17,0.2943945893857121,0.3486519415648663
2013-10-21,0.134484384731277,0.22246908431814463,2.178989902338395e-17,0.2943945893857121,0.3486519415648663
2013-10-22,0.134484384731277,0.22246908431814463,2.178989902338395e-17,0.2943945893857121,0.3486519415648663
2013-10-23,0.134484384731277,0.22246908431814463,2.178989902338395e-17,0.2943945893857121,0.3486519415648663
2013-10-24,0.134484384731277,0.22246908431814463,2.178989902338395e-17,0.2943945893857121,0.3486519415648663
2013-10-25,0.134484384731277,0.22246908431814463,2.178989902338395e-17,0.2943945893857121,0.3486519415648663
2013-10-28,0.134484384731277,0.22246908431814463,2.178989902338395e-17,0.2943945893857121,0.3486519415648663
2013-10-29,0.134484384731277,0.22246908431814463,2.178989902338395e-17,0.2943945893857121,0.3486519415648663
2013-10-30,0.134484384731277,0.22246908431814463,2.178989902338395e-17,0.2943945893857121,0.3486519415648663
2013-10-31,0.134484384731277,0.22246908431814463,2.178989902338395e-17,0.2943945893857121,0.3486519415648663
2013-11-01,0.134484384731277,0.22246908431814463,2.178989902338395e-17,0.2943945893857121,0.3486519415648663
2013-11-04,0.134484384731277,0.22246908431814463,2.178989902338395e-17,0.2943945893857121,0.3486519415648663
2013-11-05,0.134484384731277,0.22246908431814463,2.178989902338395e-17,0.2943945893857121,0.3486519415648663
2013-11-06,0.134484384731277,0.22246908431814463,2.178989902338395e-17,0.2943945893857121,0.3486519415648663
2013-11-07,0.134484384731277,0.22246908431814463,2.178989902338395e-17,0.2943945893857121,0.3486519415648663
2013-11-08,0.11769558908737836,0.2427723646965853,0.0,0.2875572682410308,0.35197477797500565
2013-11-11,0.11769558908737836,0.2427723646965853,0.0,0.2875572682410308,0.35197477797500565
2013-11-12,0.11769558908737836,0.2427723646965853,0.0,0.2875572682410308,0.35197477797500565
2013-11-13,0.11769558908737836,0.2427723646965853,0.0,0.2875572682410308,0.35197477797500565
2013-11-14,0.11769558908737836,0.2427723646965853,0.0,0.2875572682410308,0.35197477797500565
2013-11-18,0.11769558908737836,0.2427723646965853,0.0,0.2875572682410308,0.35197477797500565
2013-11-19,0.11769558908737836,0.2427723646965853,0.0,0.2875572682410308,0.35197477797500565
2013-11-21,0.11769558908737836,0.2427723646965853,0.0,0.2875572682410308,0.35197477797500565
2013-11-22,0.11769558908737836,0.2427723646965853,0.0,0.2875572682410308,0.35197477797500565
2013-11-25,0.11769558908737836,0.2427723646965853,0.0,0.2875572682410308,0.35197477797500565
2013-11-26,0.11769558908737836,0.2427723646965853,0.0,0.2875572682410308,0.35197477797500565
2013-11-27,0.11769558908737836,0.2427723646965853,0.0,0.2875572682410308,0.35197477797500565
2013-11-29,0.11769558908737836,0.2427723646965853,0.0,0.2875572682410308,0.35197477797500565
2013-12-02,0.11769558908737836,0.2427723646965853,0.0,0.2875572682410308,0.35197477797500565
2013-12-03,0.11769558908737836,0.2427723646965853,0.0,0.2875572682410308,0.35197477797500565
2013-12-04,0.11769558908737836,0.2427723646965853,0.0,0.2875572682410308,0.35197477797500565
2013-12-05,0.11769558908737836,0.2427723646965853,0.0,0.2875572682410308,0.35197477797500565
2013-12-06,0.11769558908737836,0.2427723646965853,0.0,0.2875572682410308,0.35197477797500565
2013-12-09,0.11769558908737836,0.2427723646965853,0.0,0.2875572682410308,0.35197477797500565
2013-12-10,0.11769558908737836,0.2427723646965853,0.0,0.2875572682410308,0.35197477797500565
2013-12-11,0.11769558908737836,0.2427723646965853,0.0,0.2875572682410308,0.35197477797500565
2013-12-12,0.13487413525031994,0.2325454889062252,0.0,0.26241228888264134,0.3701680869608136
2013-12-13,0.13487413525031994,0.2325454889062252,0.0,0.26241228888264134,0.3701680869608136
2013-12-16,0.13487413525031994,0.2325454889062252,0.0,0.26241228888264134,0.3701680869608136
2013-12-17,0.13487413525031994,0.2325454889062252,0.0,0.26241228888264134,0.3701680869608136
2013-12-18,0.13487413525031994,0.2325454889062252,0.0,0.26241228888264134,0.3701680869608136
2013-12-19,0.13487413525031994,0.2325454889062252,0.0,0.26241228888264134,0.3701680869608136
2013-12-20,0.13487413525031994,0.2325454889062252,0.0,0.26241228888264134,0.3701680869608136
2013-12-23,0.13487413525031994,0.2325454889062252,0.0,0.26241228888264134,0.3701680869608136
2013-12-26,0.13487413525031994,0.2325454889062252,0.0,0.26241228888264134,0.3701680869608136
2013-12-27,0.13487413525031994,0.2325454889062252,0.0,0.26241228888264134,0.3701680869608136
2013-12-30,0.13487413525031994,0.2325454889062252,0.0,0.26241228888264134,0.3701680869608136
2014-01-02,0.13487413525031994,0.2325454889062252,0.0,0.26241228888264134,0.3701680869608136
2014-01-03,0.13487413525031994,0.2325454889062252,0.0,0.26241228888264134,0.3701680869608136
2014-01-06,0.13487413525031994,0.2325454889062252,0.0,0.26241228888264134,0.3701680869608136
2014-01-07,0.13487413525031994,0.2325454889062252,0.0,0.26241228888264134,0.3701680869608136
2014-01-08,0.13487413525031994,0.2325454889062252,0.0,0.26241228888264134,0.3701680869608136
2014-01-09,0.13487413525031994,0.2325454889062252,0.0,0.26241228888264134,0.3701680869608136
2014-01-10,0.13487413525031994,0.2325454889062252,0.0,0.26241228888264134,0.3701680869608136
2014-01-13,0.13487413525031994,0.2325454889062252,0.0,0.26241228888264134,0.3701680869608136
2014-01-14,0.13487413525031994,0.2325454889062252,0.0,0.26241228888264134,0.3701680869608136
2014-01-15,0.13487413525031994,0.2325454889062252,0.0,0.26241228888264134,0.3701680869608136
2014-01-16,0.13611080803978193,0.24468208364965904,1.6639427681858806e-17,0.2625254812574518,0.3566816270531072
2014-01-17,0.13611080803978193,0.24468208364965904,1.6639427681858806e-17,0.2625254812574518,0.3566816270531072
2014-01-21,0.13611080803978193,0.24468208364965904,1.6639427681858806e-17,0.2625254812574518,0.3566816270531072
2014-01-22,0.13611080803978193,0.24468208364965904,1.6639427681858806e-17,0.2625254812574518,0.3566816270531072
2014-01-23,0.13611080803978193,0.24468208364965904,1.6639427681858806e-17,0.2625254812574518,0.3566816270531072
2014-01-24,0.13611080803978193,0.24468208364965904,1.6639427681858806e-17,0.2625254812574518,0.3566816270531072
2014-01-27,0.13611080803978193,0.24468208364965904,1.6639427681858806e-17,0.2625254812574518,0.3566816270531072
2014-01-28,0.13611080803978193,0.24468208364965904,1.6639427681858806e-17,0.2625254812574518,0.3566816270531072
2014-01-29,0.13611080803978193,0.24468208364965904,1.6639427681858806e-17,0.2625254812574518,0.3566816270531072
2014-01-30,0.13611080803978193,0.24468208364965904,1.6639427681858806e-17,0.2625254812574518,0.3566816270531072
2014-01-31,0.13611080803978193,0.24468208364965904,1.6639427681858806e-17,0.2625254812574518,0.3566816270531072
2014-02-03,0.13611080803978193,0.24468208364965904,1.6639427681858806e-17,0.2625254812574518,0.3566816270531072
2014-02-04,0.13611080803978193,0.24468208364965904,1.6639427681858806e-17,0.2625254812574518,0.3566816270531072
2014-02-05,0.13611080803978193,0.24468208364965904,1.6639427681858806e-17,0.2625254812574518,0.3566816270531072
2014-02-06,0.13611080803978193,0.24468208364965904,1.6639427681858806e-17,0.2625254812574518,0.3566816270531072
2014-02-07,0.13611080803978193,0.24468208364965904,1.6639427681858806e-17,0.2625254812574518,0.3566816270531072
2014-02-10,0.13611080803978193,0.24468208364965904,1.6639427681858806e-17,0.2625254812574518,0.3566816270531072
2014-02-11,0.13611080803978193,0.24468208364965904,1.6639427681858806e-17,0.2625254812574518,0.3566816270531072
2014-02-12,0.13611080803978193,0.24468208364965904,1.6639427681858806e-17,0.2625254812574518,0.3566816270531072
2014-02-13,0.13611080803978193,0.24468208364965904,1.6639427681858806e-17,0.2625254812574518,0.3566816270531072
2014-02-14,0.13611080803978193,0.24468208364965904,1.6639427681858806e-17,0.2625254812574518,0.3566816270531072
2014-02-18,0.13251274175766525,0.24417882487675535,4.883162976483829e-17,0.27015601572530124,0.3531524176402781
2014-02-19,0.13251274175766525,0.24417882487675535,4.883162976483829e-17,0.27015601572530124,0.3531524176402781
2014-02-20,0.13251274175766525,0.24417882487675535,4.883162976483829e-17,0.27015601572530124,0.3531524176402781
2014-02-21,0.13251274175766525,0.24417882487675535,4.883162976483829e-17,0.27015601572530124,0.3531524176402781
2014-02-24,0.13251274175766525,0.24417882487675535,4.883162976483829e-17,0.27015601572530124,0.3531524176402781
2014-02-25,0.13251274175766525,0.24417882487675535,4.883162976483829e-17,0.27015601572530124,0.3531524176402781
2014-02-26,0.13251274175766525,0.24417882487675535,4.883162976483829e-17,0.27015601572530124,0.3531524176402781
2014-02-27,0.13251274175766525,0.24417882487675535,4.883162976483829e-17,0.27015601572530124,0.3531524176402781
2014-02-28,0.13251274175766525,0.24417882487675535,4.883162976483829e-17,0.27015601572530124,0.3531524176402781
2014-03-05,0.13251274175766525,0.24417882487675535,4.883162976483829e-17,0.27015601572530124,0.3531524176402781
2014-03-06,0.13251274175766525,0.24417882487675535,4.883162976483829e-17,0.27015601572530124,0.3531524176402781
2014-03-07,0.13251274175766525,0.24417882487675535,4.883162976483829e-17,0.27015601572530124,0.3531524176402781
2014-03-10,0.13251274175766525,0.24417882487675535,4.883162976483829e-17,0.27015601572530124,0.3531524176402781
2014-03-11,0.13251274175766525,0.24417882487675535,4.883162976483829e-17,0.27015601572530124,0.3531524176402781
2014-03-12,0.13251274175766525,0.24417882487675535,4.883162976483829e-17,0.27015601572530124,0.3531524176402781
2014-03-13,0.13251274175766525,0.24417882487675535,4.883162976483829e-17,0.27015601572530124,0.3531524176402781
2014-03-14,0.13251274175766525,0.24417882487675535,4.883162976483829e-17,0.27015601572530124,0.3531524176402781
2014-03-17,0.13251274175766525,0.24417882487675535,4.883162976483829e-17,0.27015601572530124,0.3531524176402781
2014-03-18,0.13251274175766525,0.24417882487675535,4.883162976483829e-17,0.27015601572530124,0.3531524176402781
2014-03-19,0.13251274175766525,0.24417882487675535,4.883162976483829e-17,0.27015601572530124,0.3531524176402781
2014-03-20,0.13251274175766525,0.24417882487675535,4.883162976483829e-17,0.27015601572530124,0.3531524176402781
2014-03-21,0.11793605405022833,0.2586288687132254,0.0,0.2727567435734878,0.35067833366305845
2014-03-24,0.11793605405022833,0.2586288687132254,0.0,0.2727567435734878,0.35067833366305845
2014-03-25,0.11793605405022833,0.2586288687132254,0.0,0.2727567435734878,0.35067833366305845
2014-03-26,0.11793605405022833,0.2586288687132254,0.0,0.2727567435734878,0.35067833366305845
2014-03-27,0.11793605405022833,0.2586288687132254,0.0,0.2727567435734878,0.35067833366305845
2014-03-28,0.11793605405022833,0.2586288687132254,0.0,0.2727567435734878,0.35067833366305845
2014-03-31,0.11793605405022833,0.2586288687132254,0.0,0.2727567435734878,0.35067833366305845
2014-04-01,0.11793605405022833,0.2586288687132254,0.0,0.2727567435734878,0.35067833366305845
2014-04-02,0.11793605405022833,0.2586288687132254,0.0,0.2727567435734878,0.35067833366305845
2014-04-03,0.11793605405022833,0.2586288687132254,0.0,0.2727567435734878,0.35067833366305845
2014-04-04,0.11793605405022833,0.2586288687132254,0.0,0.2727567435734878,0.35067833366305845
2014-04-07,0.11793605405022833,0.2586288687132254,0.0,0.2727567435734878,0.35067833366305845
2014-04-08,0.11793605405022833,0.2586288687132254,0.0,0.2727567435734878,0.35067833366305845
2014-04-09,0.11793605405022833,0.2586288687132254,0.0,0.2727567435734878,0.35067833366305845
2014-04-10,0.11793605405022833,0.2586288687132254,0.0,0.2727567435734878,0.35067833366305845
2014-04-11,0.11793605405022833,0.2586288687132254,0.0,0.2727567435734878,0.35067833366305845
2014-04-14,0.11793605405022833,0.2586288687132254,0.0,0.2727567435734878,0.35067833366305845
2014-04-15,0.11793605405022833,0.2586288687132254,0.0,0.2727567435734878,0.35067833366305845
2014-04-16,0.11793605405022833,0.2586288687132254,0.0,0.2727567435734878,0.35067833366305845
2014-04-17,0.11793605405022833,0.2586288687132254,0.0,0.2727567435734878,0.35067833366305845
2014-04-22,0.11793605405022833,0.2586288687132254,0.0,0.2727567435734878,0.35067833366305845
2014-04-23,0.1287658751955798,0.2523087378369448,9.034970351727619e-17,0.2745387280557254,0.34438665891175
2014-04-24,0.1287658751955798,0.2523087378369448,9.034970351727619e-17,0.2745387280557254,0.34438665891175
2014-04-25,0.1287658751955798,0.2523087378369448,9.034970351727619e-17,0.2745387280557254,0.34438665891175
2014-04-28,0.1287658751955798,0.2523087378369448,9.034970351727619e-17,0.2745387280557254,0.34438665891175
2014-04-29,0.1287658751955798,0.2523087378369448,9.034970351727619e-17,0.2745387280557254,0.34438665891175
2014-04-30,0.1287658751955798,0.2523087378369448,9.034970351727619e-17,0.2745387280557254,0.34438665891175
2014-05-02,0.1287658751955798,0.2523087378369448,9.034970351727619e-17,0.2745387280557254,0.34438665891175
2014-05-05,0.1287658751955798,0.2523087378369448,9.034970351727619e-17,0.2745387280557254,0.34438665891175
2014-05-06,0.1287658751955798,0.2523087378369448,9.034970351727619e-17,0.2745387280557254,0.34438665891175
2014-05-07,0.1287658751955798,0.2523087378369448,9.034970351727619e-17,0.2745387280557254,0.34438665891175
2014-05-08,0.1287658751955798,0.2523087378369448,9.034970351727619e-17,0.2745387280557254,0.34438665891175
2014-05-09,0.1287658751955798,0.2523087378369448,9.034970351727619e-17,0.2745387280557254,0.34438665891175
2014-05-12,0.1287658751955798,0.2523087378369448,9.034970351727619e-17,0.2745387280557254,0.34438665891175
2014-05-13,0.1287658751955798,0.2523087378369448,9.034970351727619e-17,0.2745387280557254,0.34438665891175
2014-05-14,0.1287658751955798,0.2523087378369448,9.034970351727619e-17,0.2745387280557254,0.34438665891175
2014-05-15,0.1287658751955798,0.2523087378369448,9.034970351727619e-17,0.2745387280557254,0.34438665891175
2014-05-16,0.1287658751955798,0.2523087378369448,9.034970351727619e-17,0.2745387280557254,0.34438665891175
2014-05-19,0.1287658751955798,0.2523087378369448,9.034970351727619e-17,0.2745387280557254,0.34438665891175
2014-05-20,0.1287658751955798,0.2523087378369448,9.034970351727619e-17,0.2745387280557254,0.34438665891175
2014-05-21,0.1287658751955798,0.2523087378369448,9.034970351727619e-17,0.2745387280557254,0.34438665891175
2014-05-22,0.1287658751955798,0.2523087378369448,9.034970351727619e-17,0.2745387280557254,0.34438665891175
2014-05-23,0.12680842125545322,0.25020995739168694,0.0,0.29739041262959964,0.32559120872326014
2014-05-27,0.12680842125545322,0.25020995739168694,0.0,0.29739041262959964,0.32559120872326014
2014-05-28,0.12680842125545322,0.25020995739168694,0.0,0.29739041262959964,0.32559120872326014
2014-05-29,0.12680842125545322,0.25020995739168694,0.0,0.29739041262959964,0.32559120872326014
2014-05-30,0.12680842125545322,0.25020995739168694,0.0,0.29739041262959964,0.32559120872326014
2014-06-02,0.12680842125545322,0.25020995739168694,0.0,0.29739041262959964,0.32559120872326014
2014-06-03,0.12680842125545322,0.25020995739168694,0.0,0.29739041262959964,0.32559120872326014
2014-06-04,0.12680842125545322,0.25020995739168694,0.0,0.29739041262959964,0.32559120872326014
2014-06-05,0.12680842125545322,0.25020995739168694,0.0,0.29739041262959964,0.32559120872326014
2014-06-06,0.12680842125545322,0.25020995739168694,0.0,0.29739041262959964,0.32559120872326014
2014-06-09,0.12680842125545322,0.25020995739168694,0.0,0.29739041262959964,0.32559120872326014
2014-06-10,0.12680842125545322,0.25020995739168694,0.0,0.29739041262959964,0.32559120872326014
2014-06-11,0.12680842125545322,0.25020995739168694,0.0,0.29739041262959964,0.32559120872326014
2014-06-13,0.12680842125545322,0.25020995739168694,0.0,0.29739041262959964,0.32559120872326014
2014-06-16,0.12680842125545322,0.25020995739168694,0.0,0.29739041262959964,0.32559120872326014
2014-06-17,0.12680842125545322,0.25020995739168694,0.0,0.29739041262959964,0.32559120872326014
2014-06-18,0.12680842125545322,0.25020995739168694,0.0,0.29739041262959964,0.32559120872326014
2014-06-20,0.12680842125545322,0.25020995739168694,0.0,0.29739041262959964,0.32559120872326014
2014-06-23,0.12680842125545322,0.25020995739168694,0.0,0.29739041262959964,0.32559120872326014
2014-06-24,0.12680842125545322,0.25020995739168694,0.0,0.29739041262959964,0.32559120872326014
2014-06-25,0.12680842125545322,0.25020995739168694,0.0,0.29739041262959964,0.32559120872326014
2014-06-26,0.14505503395125577,0.22958935245577364,1.5844111187224043e-16,0.30214541078167423,0.32321020281129614
2014-06-27,0.14505503395125577,0.22958935245577364,1.5844111187224043e-16,0.30214541078167423,0.32321020281129614
2014-06-30,0.14505503395125577,0.22958935245577364,1.5844111187224043e-16,0.30214541078167423,0.32321020281129614
2014-07-01,0.14505503395125577,0.22958935245577364,1.5844111187224043e-16,0.30214541078167423,0.32321020281129614
2014-07-02,0.14505503395125577,0.22958935245577364,1.5844111187224043e-16,0.30214541078167423,0.32321020281129614
2014-07-03,0.14505503395125577,0.22958935245577364,1.5844111187224043e-16,0.30214541078167423,0.32321020281129614
2014-07-07,0.14505503395125577,0.22958935245577364,1.5844111187224043e-16,0.30214541078167423,0.32321020281129614
2014-07-08,0.14505503395125577,0.22958935245577364,1.5844111187224043e-16,0.30214541078167423,0.32321020281129614
2014-07-10,0.14505503395125577,0.22958935245577364,1.5844111187224043e-16,0.30214541078167423,0.32321020281129614
2014-07-11,0.14505503395125577,0.22958935245577364,1.5844111187224043e-16,0.30214541078167423,0.32321020281129614
2014-07-14,0.14505503395125577,0.22958935245577364,1.5844111187224043e-16,0.30214541078167423,0.32321020281129614
2014-07-15,0.14505503395125577,0.22958935245577364,1.5844111187224043e-16,0.30214541078167423,0.32321020281129614
2014-07-16,0.14505503395125577,0.22958935245577364,1.5844111187224043e-16,0.30214541078167423,0.32321020281129614
2014-07-17,0.14505503395125577,0.22958935245577364,1.5844111187224043e-16,0.30214541078167423,0.32321020281129614
2014-07-18,0.14505503395125577,0.22958935245577364,1.5844111187224043e-16,0.30214541078167423,0.32321020281129614
2014-07-21,0.14505503395125577,0.22958935245577364,1.5844111187224043e-16,0.30214541078167423,0.32321020281129614
2014-07-22,0.14505503395125577,0.22958935245577364,1.5844111187224043e-16,0.30214541078167423,0.32321020281129614
2014-07-23,0.14505503395125577,0.22958935245577364,1.5844111187224043e-16,0.30214541078167423,0.32321020281129614
2014-07-24,0.14505503395125577,0.22958935245577364,1.5844111187224043e-16,0.30214541078167423,0.32321020281129614
2014-07-25,0.14505503395125577,0.22958935245577364,1.5844111187224043e-16,0.30214541078167423,0.32321020281129614
2014-07-28,0.14505503395125577,0.22958935245577364,1.5844111187224043e-16,0.30214541078167423,0.32321020281129614
2014-07-29,0.2098629548132107,0.17180707538747492,6.18503825974125e-17,0.30070793618886166,0.31762203361045266
2014-07-30,0.2098629548132107,0.17180707538747492,6.18503825974125e-17,0.30070793618886166,0.31762203361045266
2014-07-31,0.2098629548132107,0.17180707538747492,6.18503825974125e-17,0.30070793618886166,0.31762203361045266
2014-08-01,0.2098629548132107,0.17180707538747492,6.18503825974125e-17,0.30070793618886166,0.31762203361045266
2014-08-04,0.2098629548132107,0.17180707538747492,6.18503825974125e-17,0.30070793618886166,0.31762203361045266
2014-08-05,0.2098629548132107,0.17180707538747492,6.18503825974125e-17,0.30070793618886166,0.31762203361045266
2014-08-06,0.2098629548132107,0.17180707538747492,6.18503825974125e-17,0.30070793618886166,0.31762203361045266
2014-08-07,0.2098629548132107,0.17180707538747492,6.18503825974125e-17,0.30070793618886166,0.31762203361045266
2014-08-08,0.2098629548132107,0.17180707538747492,6.18503825974125e-17,0.30070793618886166,0.31762203361045266
2014-08-11,0.2098629548132107,0.17180707538747492,6.18503825974125e-17,0.30070793618886166,0.31762203361045266
2014-08-12,0.2098629548132107,0.17180707538747492,6.18503825974125e-17,0.30070793618886166,0.31762203361045266
2014-08-13,0.2098629548132107,0.17180707538747492,6.18503825974125e-17,0.30070793618886166,0.31762203361045266
2014-08-14,0.2098629548132107,0.17180707538747492,6.18503825974125e-17,0.30070793618886166,0.31762203361045266
2014-08-15,0.2098629548132107,0.17180707538747492,6.18503825974125e-17,0.30070793618886166,0.31762203361045266
2014-08-18,0.2098629548132107,0.17180707538747492,6.18503825974125e-17,0.30070793618886166,0.31762203361045266
2014-08-19,0.2098629548132107,0.17180707538747492,6.18503825974125e-17,0.30070793618886166,0.31762203361045266
2014-08-20,0.2098629548132107,0.17180707538747492,6.18503825974125e-17,0.30070793618886166,0.31762203361045266
2014-08-21,0.2098629548132107,0.17180707538747492,6.18503825974125e-17,0.30070793618886166,0.31762203361045266
2014-08-22,0.2098629548132107,0.17180707538747492,6.18503825974125e-17,0.30070793618886166,0.31762203361045266
2014-08-25,0.2098629548132107,0.17180707538747492,6.18503825974125e-17,0.30070793618886166,0.31762203361045266
2014-08-26,0.2098629548132107,0.17180707538747492,6.18503825974125e-17,0.30070793618886166,0.31762203361045266
2014-08-27,0.21158352492718321,0.1783766083073287,1.1540425990414283e-18,0.31775018201925187,0.29228968474623623
2014-08-28,0.21158352492718321,0.1783766083073287,1.1540425990414283e-18,0.31775018201925187,0.29228968474623623
2014-08-29,0.21158352492718321,0.1783766083073287,1.1540425990414283e-18,0.31775018201925187,0.29228968474623623
2014-09-02,0.21158352492718321,0.1783766083073287,1.1540425990414283e-18,0.31775018201925187,0.29228968474623623
2014-09-03,0.21158352492718321,0.1783766083073287,1.1540425990414283e-18,0.31775018201925187,0.29228968474623623
2014-09-04,0.21158352492718321,0.1783766083073287,1.1540425990414283e-18,0.31775018201925187,0.29228968474623623
2014-09-05,0.21158352492718321,0.1783766083073287,1.1540425990414283e-18,0.31775018201925187,0.29228968474623623
2014-09-08,0.21158352492718321,0.1783766083073287,1.1540425990414283e-18,0.31775018201925187,0.29228968474623623
2014-09-09,0.21158352492718321,0.1783766083073287,1.1540425990414283e-18,0.31775018201925187,0.29228968474623623
2014-09-10,0.21158352492718321,0.1783766083073287,1.1540425990414283e-18,0.31775018201925187,0.29228968474623623
2014-09-11,0.21158352492718321,0.1783766083073287,1.1540425990414283e-18,0.31775018201925187,0.29228968474623623
2014-09-12,0.21158352492718321,0.1783766083073287,1.1540425990414283e-18,0.31775018201925187,0.29228968474623623
2014-09-15,0.21158352492718321,0.1783766083073287,1.1540425990414283e-18,0.31775018201925187,0.29228968474623623
2014-09-16,0.21158352492718321,0.1783766083073287,1.1540425990414283e-18,0.31775018201925187,0.29228968474623623
2014-09-17,0.21158352492718321,0.1783766083073287,1.1540425990414283e-18,0.31775018201925187,0.29228968474623623
2014-09-18,0.21158352492718321,0.1783766083073287,1.1540425990414283e-18,0.31775018201925187,0.29228968474623623
2014-09-19,0.21158352492718321,0.1783766083073287,1.1540425990414283e-18,0.31775018201925187,0.29228968474623623
2014-09-22,0.21158352492718321,0.1783766083073287,1.1540425990414283e-18,0.31775018201925187,0.29228968474623623
2014-09-23,0.21158352492718321,0.1783766083073287,1.1540425990414283e-18,0.31775018201925187,0.29228968474623623
2014-09-24,0.21158352492718321,0.1783766083073287,1.1540425990414283e-18,0.31775018201925187,0.29228968474623623
2014-09-25,0.21158352492718321,0.1783766083073287,1.1540425990414283e-18,0.31775018201925187,0.29228968474623623
2014-09-26,0.09468170320641356,0.27294352312129083,0.0,0.33270035996135544,0.2996744137109403
2014-09-29,0.09468170320641356,0.27294352312129083,0.0,0.33270035996135544,0.2996744137109403
2014-09-30,0.09468170320641356,0.27294352312129083,0.0,0.33270035996135544,0.2996744137109403
2014-10-01,0.09468170320641356,0.27294352312129083,0.0,0.33270035996135544,0.2996744137109403
2014-10-02,0.09468170320641356,0.27294352312129083,0.0,0.33270035996135544,0.2996744137109403
2014-10-03,0.09468170320641356,0.27294352312129083,0.0,0.33270035996135544,0.2996744137109403
2014-10-06,0.09468170320641356,0.27294352312129083,0.0,0.33270035996135544,0.2996744137109403
2014-10-07,0.09468170320641356,0.27294352312129083,0.0,0.33270035996135544,0.2996744137109403
2014-10-08,0.09468170320641356,0.27294352312129083,0.0,0.33270035996135544,0.2996744137109403
2014-10-09,0.09468170320641356,0.27294352312129083,0.0,0.33270035996135544,0.2996744137109403
2014-10-10,0.09468170320641356,0.27294352312129083,0.0,0.33270035996135544,0.2996744137109403
2014-10-13,0.09468170320641356,0.27294352312129083,0.0,0.33270035996135544,0.2996744137109403
2014-10-14,0.09468170320641356,0.27294352312129083,0.0,0.33270035996135544,0.2996744137109403
2014-10-15,0.09468170320641356,0.27294352312129083,0.0,0.33270035996135544,0.2996744137109403
2014-10-16,0.09468170320641356,0.27294352312129083,0.0,0.33270035996135544,0.2996744137109403
2014-10-17,0.09468170320641356,0.27294352312129083,0.0,0.33270035996135544,0.2996744137109403
2014-10-20,0.09468170320641356,0.27294352312129083,0.0,0.33270035996135544,0.2996744137109403
2014-10-21,0.09468170320641356,0.27294352312129083,0.0,0.33270035996135544,0.2996744137109403
2014-10-22,0.09468170320641356,0.27294352312129083,0.0,0.33270035996135544,0.2996744137109403
2014-10-23,0.09468170320641356,0.27294352312129083,0.0,0.33270035996135544,0.2996744137109403
2014-10-24,0.09468170320641356,0.27294352312129083,0.0,0.33270035996135544,0.2996744137109403
2014-10-27,0.08148056692637577,0.2608335811900862,0.0,0.3632391445431005,0.29444670734043754
2014-10-28,0.08148056692637577,0.2608335811900862,0.0,0.3632391445431005,0.29444670734043754
2014-10-29,0.08148056692637577,0.2608335811900862,0.0,0.3632391445431005,0.29444670734043754
2014-10-30,0.08148056692637577,0.2608335811900862,0.0,0.3632391445431005,0.29444670734043754
2014-10-31,0.08148056692637577,0.2608335811900862,0.0,0.3632391445431005,0.29444670734043754
2014-11-03,0.08148056692637577,0.2608335811900862,0.0,0.3632391445431005,0.29444670734043754
2014-11-04,0.08148056692637577,0.2608335811900862,0.0,0.3632391445431005,0.29444670734043754
2014-11-05,0.08148056692637577,0.2608335811900862,0.0,0.3632391445431005,0.29444670734043754
2014-11-06,0.08148056692637577,0.2608335811900862,0.0,0.3632391445431005,0.29444670734043754
2014-11-10,0.08148056692637577,0.2608335811900862,0.0,0.3632391445431005,0.29444670734043754
2014-11-11,0.08148056692637577,0.2608335811900862,0.0,0.3632391445431005,0.29444670734043754
2014-11-12,0.08148056692637577,0.2608335811900862,0.0,0.3632391445431005,0.29444670734043754
2014-11-13,0.08148056692637577,0.2608335811900862,0.0,0.3632391445431005,0.29444670734043754
2014-11-14,0.08148056692637577,0.2608335811900862,0.0,0.3632391445431005,0.29444670734043754
2014-11-17,0.08148056692637577,0.2608335811900862,0.0,0.3632391445431005,0.29444670734043754
2014-11-18,0.08148056692637577,0.2608335811900862,0.0,0.3632391445431005,0.29444670734043754
2014-11-19,0.08148056692637577,0.2608335811900862,0.0,0.3632391445431005,0.29444670734043754
2014-11-21,0.08148056692637577,0.2608335811900862,0.0,0.3632391445431005,0.29444670734043754
2014-11-24,0.08148056692637577,0.2608335811900862,0.0,0.3632391445431005,0.29444670734043754
2014-11-25,0.08148056692637577,0.2608335811900862,0.0,0.3632391445431005,0.29444670734043754
2014-11-26,0.08148056692637577,0.2608335811900862,0.0,0.3632391445431005,0.29444670734043754
2014-11-28,0.08671771700877715,0.2549185160209418,0.0,0.36195274027941354,0.2964110266908675
2014-12-01,0.08671771700877715,0.2549185160209418,0.0,0.36195274027941354,0.2964110266908675
2014-12-02,0.08671771700877715,0.2549185160209418,0.0,0.36195274027941354,0.2964110266908675
2014-12-03,0.08671771700877715,0.2549185160209418,0.0,0.36195274027941354,0.2964110266908675
2014-12-04,0.08671771700877715,0.2549185160209418,0.0,0.36195274027941354,0.2964110266908675
2014-12-05,0.08671771700877715,0.2549185160209418,0.0,0.36195274027941354,0.2964110266908675
2014-12-08,0.08671771700877715,0.2549185160209418,0.0,0.36195274027941354,0.2964110266908675
2014-12-09,0.08671771700877715,0.2549185160209418,0.0,0.36195274027941354,0.2964110266908675
2014-12-10,0.08671771700877715,0.2549185160209418,0.0,0.36195274027941354,0.2964110266908675
2014-12-11,0.08671771700877715,0.2549185160209418,0.0,0.36195274027941354,0.2964110266908675
2014-12-12,0.08671771700877715,0.2549185160209418,0.0,0.36195274027941354,0.2964110266908675
2014-12-15,0.08671771700877715,0.2549185160209418,0.0,0.36195274027941354,0.2964110266908675
2014-12-16,0.08671771700877715,0.2549185160209418,0.0,0.36195274027941354,0.2964110266908675
2014-12-17,0.08671771700877715,0.2549185160209418,0.0,0.36195274027941354,0.2964110266908675
2014-12-18,0.08671771700877715,0.2549185160209418,0.0,0.36195274027941354,0.2964110266908675
2014-12-19,0.08671771700877715,0.2549185160209418,0.0,0.36195274027941354,0.2964110266908675
2014-12-22,0.08671771700877715,0.2549185160209418,0.0,0.36195274027941354,0.2964110266908675
2014-12-23,0.08671771700877715,0.2549185160209418,0.0,0.36195274027941354,0.2964110266908675
2014-12-26,0.08671771700877715,0.2549185160209418,0.0,0.36195274027941354,0.2964110266908675
2014-12-29,0.08671771700877715,0.2549185160209418,0.0,0.36195274027941354,0.2964110266908675
2014-12-30,0.08671771700877715,0.2549185160209418,0.0,0.36195274027941354,0.2964110266908675
2015-01-02,0.05169612099526317,0.28687130230180946,0.0,0.3924602332827021,0.26897234342022536
2015-01-05,0.05169612099526317,0.28687130230180946,0.0,0.3924602332827021,0.26897234342022536
2015-01-06,0.05169612099526317,0.28687130230180946,0.0,0.3924602332827021,0.26897234342022536
2015-01-07,0.05169612099526317,0.28687130230180946,0.0,0.3924602332827021,0.26897234342022536
2015-01-08,0.05169612099526317,0.28687130230180946,0.0,0.3924602332827021,0.26897234342022536
2015-01-09,0.05169612099526317,0.28687130230180946,0.0,0.3924602332827021,0.26897234342022536
2015-01-12,0.05169612099526317,0.28687130230180946,0.0,0.3924602332827021,0.26897234342022536
2015-01-13,0.05169612099526317,0.28687130230180946,0.0,0.3924602332827021,0.26897234342022536
2015-01-14,0.05169612099526317,0.28687130230180946,0.0,0.3924602332827021,0.26897234342022536
2015-01-15,0.05169612099526317,0.28687130230180946,0.0,0.3924602332827021,0.26897234342022536
2015-01-16,0.05169612099526317,0.28687130230180946,0.0,0.3924602332827021,0.26897234342022536
2015-01-20,0.05169612099526317,0.28687130230180946,0.0,0.3924602332827021,0.26897234342022536
2015-01-21,0.05169612099526317,0.28687130230180946,0.0,0.3924602332827021,0.26897234342022536
2015-01-22,0.05169612099526317,0.28687130230180946,0.0,0.3924602332827021,0.26897234342022536
2015-01-23,0.05169612099526317,0.28687130230180946,0.0,0.3924602332827021,0.26897234342022536
2015-01-26,0.05169612099526317,0.28687130230180946,0.0,0.3924602332827021,0.26897234342022536
2015-01-27,0.05169612099526317,0.28687130230180946,0.0,0.3924602332827021,0.26897234342022536
2015-01-28,0.05169612099526317,0.28687130230180946,0.0,0.3924602332827021,0.26897234342022536
2015-01-29,0.05169612099526317,0.28687130230180946,0.0,0.3924602332827021,0.26897234342022536
2015-01-30,0.05169612099526317,0.28687130230180946,0.0,0.3924602332827021,0.26897234342022536
2015-02-02,0.05169612099526317,0.28687130230180946,0.0,0.3924602332827021,0.26897234342022536
2015-02-03,0.09207442592638011,0.23617973088863828,0.0,0.40512230665459253,0.26662353653038917
2015-02-04,0.09207442592638011,0.23617973088863828,0.0,0.40512230665459253,0.26662353653038917
2015-02-05,0.09207442592638011,0.23617973088863828,0.0,0.40512230665459253,0.26662353653038917
2015-02-06,0.09207442592638011,0.23617973088863828,0.0,0.40512230665459253,0.26662353653038917
2015-02-09,0.09207442592638011,0.23617973088863828,0.0,0.40512230665459253,0.26662353653038917
2015-02-10,0.09207442592638011,0.23617973088863828,0.0,0.40512230665459253,0.26662353653038917
2015-02-11,0.09207442592638011,0.23617973088863828,0.0,0.40512230665459253,0.26662353653038917
2015-02-12,0.09207442592638011,0.23617973088863828,0.0,0.40512230665459253,0.26662353653038917
2015-02-13,0.09207442592638011,0.23617973088863828,0.0,0.40512230665459253,0.26662353653038917
2015-02-18,0.09207442592638011,0.23617973088863828,0.0,0.40512230665459253,0.26662353653038917
2015-02-19,0.09207442592638011,0.23617973088863828,0.0,0.40512230665459253,0.26662353653038917
2015-02-20,0.09207442592638011,0.23617973088863828,0.0,0.40512230665459253,0.26662353653038917
2015-02-23,0.09207442592638011,0.23617973088863828,0.0,0.40512230665459253,0.26662353653038917
2015-02-24,0.09207442592638011,0.23617973088863828,0.0,0.40512230665459253,0.26662353653038917
2015-02-25,0.09207442592638011,0.23617973088863828,0.0,0.40512230665459253,0.26662353653038917
2015-02-26,0.09207442592638011,0.23617973088863828,0.0,0.40512230665459253,0.26662353653038917
2015-02-27,0.09207442592638011,0.23617973088863828,0.0,0.40512230665459253,0.26662353653038917
2015-03-02,0.09207442592638011,0.23617973088863828,0.0,0.40512230665459253,0.26662353653038917
2015-03-03,0.09207442592638011,0.23617973088863828,0.0,0.40512230665459253,0.26662353653038917
2015-03-04,0.09207442592638011,0.23617973088863828,0.0,0.40512230665459253,0.26662353653038917
2015-03-05,0.09207442592638011,0.23617973088863828,0.0,0.40512230665459253,0.26662353653038917
2015-03-06,0.10562134425814114,0.22110869375361197,0.0,0.3990891971142197,0.27418076487402726
2015-03-09,0.10562134425814114,0.22110869375361197,0.0,0.3990891971142197,0.27418076487402726
2015-03-10,0.10562134425814114,0.22110869375361197,0.0,0.3990891971142197,0.27418076487402726
2015-03-11,0.10562134425814114,0.22110869375361197,0.0,0.3990891971142197,0.27418076487402726
2015-03-12,0.10562134425814114,0.22110869375361197,0.0,0.3990891971142197,0.27418076487402726
2015-03-13,0.10562134425814114,0.22110869375361197,0.0,0.3990891971142197,0.27418076487402726
2015-03-16,0.10562134425814114,0.22110869375361197,0.0,0.3990891971142197,0.27418076487402726
2015-03-17,0.10562134425814114,0.22110869375361197,0.0,0.3990891971142197,0.27418076487402726
2015-03-18,0.10562134425814114,0.22110869375361197,0.0,0.3990891971142197,0.27418076487402726
2015-03-19,0.10562134425814114,0.22110869375361197,0.0,0.3990891971142197,0.27418076487402726
2015-03-20,0.10562134425814114,0.22110869375361197,0.0,0.3990891971142197,0.27418076487402726
2015-03-23,0.10562134425814114,0.22110869375361197,0.0,0.3990891971142197,0.27418076487402726
2015-03-24,0.10562134425814114,0.22110869375361197,0.0,0.3990891971142197,0.27418076487402726
2015-03-25,0.10562134425814114,0.22110869375361197,0.0,0.3990891971142197,0.27418076487402726
2015-03-26,0.10562134425814114,0.22110869375361197,0.0,0.3990891971142197,0.27418076487402726
2015-03-27,0.10562134425814114,0.22110869375361197,0.0,0.3990891971142197,0.27418076487402726
2015-03-30,0.10562134425814114,0.22110869375361197,0.0,0.3990891971142197,0.27418076487402726
2015-03-31,0.10562134425814114,0.22110869375361197,0.0,0.3990891971142197,0.27418076487402726
2015-04-01,0.10562134425814114,0.22110869375361197,0.0,0.3990891971142197,0.27418076487402726
2015-04-02,0.10562134425814114,0.22110869375361197,0.0,0.3990891971142197,0.27418076487402726
2015-04-06,0.10562134425814114,0.22110869375361197,0.0,0.3990891971142197,0.27418076487402726
2015-04-07,0.10334488563358711,0.23535267492450018,5.879816494806864e-17,0.40210668159901425,0.2591957578428985
2015-04-08,0.10334488563358711,0.23535267492450018,5.879816494806864e-17,0.40210668159901425,0.2591957578428985
2015-04-09,0.10334488563358711,0.23535267492450018,5.879816494806864e-17,0.40210668159901425,0.2591957578428985
2015-04-10,0.10334488563358711,0.23535267492450018,5.879816494806864e-17,0.40210668159901425,0.2591957578428985
2015-04-13,0.10334488563358711,0.23535267492450018,5.879816494806864e-17,0.40210668159901425,0.2591957578428985
2015-04-14,0.10334488563358711,0.23535267492450018,5.879816494806864e-17,0.40210668159901425,0.2591957578428985
2015-04-15,0.10334488563358711,0.23535267492450018,5.879816494806864e-17,0.40210668159901425,0.2591957578428985
2015-04-16,0.10334488563358711,0.23535267492450018,5.879816494806864e-17,0.40210668159901425,0.2591957578428985
2015-04-17,0.10334488563358711,0.23535267492450018,5.879816494806864e-17,0.40210668159901425,0.2591957578428985
2015-04-20,0.10334488563358711,0.23535267492450018,5.879816494806864e-17,0.40210668159901425,0.2591957578428985
2015-04-22,0.10334488563358711,0.23535267492450018,5.879816494806864e-17,0.40210668159901425,0.2591957578428985
2015-04-23,0.10334488563358711,0.23535267492450018,5.879816494806864e-17,0.40210668159901425,0.2591957578428985
2015-04-24,0.10334488563358711,0.23535267492450018,5.879816494806864e-17,0.40210668159901425,0.2591957578428985
2015-04-27,0.10334488563358711,0.23535267492450018,5.879816494806864e-17,0.40210668159901425,0.2591957578428985
2015-04-28,0.10334488563358711,0.23535267492450018,5.879816494806864e-17,0.40210668159901425,0.2591957578428985
2015-04-29,0.10334488563358711,0.23535267492450018,5.879816494806864e-17,0.40210668159901425,0.2591957578428985
2015-04-30,0.10334488563358711,0.23535267492450018,5.879816494806864e-17,0.40210668159901425,0.2591957578428985
2015-05-04,0.10334488563358711,0.23535267492450018,5.879816494806864e-17,0.40210668159901425,0.2591957578428985
2015-05-05,0.10334488563358711,0.23535267492450018,5.879816494806864e-17,0.40210668159901425,0.2591957578428985
2015-05-06,0.10334488563358711,0.23535267492450018,5.879816494806864e-17,0.40210668159901425,0.2591957578428985
2015-05-07,0.10334488563358711,0.23535267492450018,5.879816494806864e-17,0.40210668159901425,0.2591957578428985
2015-05-08,0.10982829377817716,0.24130069172047086,0.0,0.401938361879146,0.24693265262220604
2015-05-11,0.10982829377817716,0.24130069172047086,0.0,0.401938361879146,0.24693265262220604
2015-05-12,0.10982829377817716,0.24130069172047086,0.0,0.401938361879146,0.24693265262220604
2015-05-13,0.10982829377817716,0.24130069172047086,0.0,0.401938361879146,0.24693265262220604
2015-05-14,0.10982829377817716,0.24130069172047086,0.0,0.401938361879146,0.24693265262220604
2015-05-15,0.10982829377817716,0.24130069172047086,0.0,0.401938361879146,0.24693265262220604
2015-05-18,0.10982829377817716,0.24130069172047086,0.0,0.401938361879146,0.24693265262220604
2015-05-19,0.10982829377817716,0.24130069172047086,0.0,0.401938361879146,0.24693265262220604
2015-05-20,0.10982829377817716,0.24130069172047086,0.0,0.401938361879146,0.24693265262220604
2015-05-21,0.10982829377817716,0.24130069172047086,0.0,0.401938361879146,0.24693265262220604
2015-05-22,0.10982829377817716,0.24130069172047086,0.0,0.401938361879146,0.24693265262220604
2015-05-26,0.10982829377817716,0.24130069172047086,0.0,0.401938361879146,0.24693265262220604
2015-05-27,0.10982829377817716,0.24130069172047086,0.0,0.401938361879146,0.24693265262220604
2015-05-28,0.10982829377817716,0.24130069172047086,0.0,0.401938361879146,0.24693265262220604
2015-05-29,0.10982829377817716,0.24130069172047086,0.0,0.401938361879146,0.24693265262220604
2015-06-01,0.10982829377817716,0.24130069172047086,0.0,0.401938361879146,0.24693265262220604
2015-06-02,0.10982829377817716,0.24130069172047086,0.0,0.401938361879146,0.24693265262220604
2015-06-03,0.10982829377817716,0.24130069172047086,0.0,0.401938361879146,0.24693265262220604
2015-06-05,0.10982829377817716,0.24130069172047086,0.0,0.401938361879146,0.24693265262220604
2015-06-08,0.10982829377817716,0.24130069172047086,0.0,0.401938361879146,0.24693265262220604
2015-06-09,0.10982829377817716,0.24130069172047086,0.0,0.401938361879146,0.24693265262220604
2015-06-10,0.12013030053433486,0.2358432512514857,1.5848367144378046e-20,0.40552060393861533,0.23850584427556412
2015-06-11,0.12013030053433486,0.2358432512514857,1.5848367144378046e-20,0.40552060393861533,0.23850584427556412
2015-06-12,0.12013030053433486,0.2358432512514857,1.5848367144378046e-20,0.40552060393861533,0.23850584427556412
2015-06-15,0.12013030053433486,0.2358432512514857,1.5848367144378046e-20,0.40552060393861533,0.23850584427556412
2015-06-16,0.12013030053433486,0.2358432512514857,1.5848367144378046e-20,0.40552060393861533,0.23850584427556412
2015-06-17,0.12013030053433486,0.2358432512514857,1.5848367144378046e-20,0.40552060393861533,0.23850584427556412
2015-06-18,0.12013030053433486,0.2358432512514857,1.5848367144378046e-20,0.40552060393861533,0.23850584427556412
2015-06-19,0.12013030053433486,0.2358432512514857,1.5848367144378046e-20,0.40552060393861533,0.23850584427556412
2015-06-22,0.12013030053433486,0.2358432512514857,1.5848367144378046e-20,0.40552060393861533,0.23850584427556412
2015-06-23,0.12013030053433486,0.2358432512514857,1.5848367144378046e-20,0.40552060393861533,0.23850584427556412
2015-06-24,0.12013030053433486,0.2358432512514857,1.5848367144378046e-20,0.40552060393861533,0.23850584427556412
2015-06-25,0.12013030053433486,0.2358432512514857,1.5848367144378046e-20,0.40552060393861533,0.23850584427556412
2015-06-26,0.12013030053433486,0.2358432512514857,1.5848367144378046e-20,0.40552060393861533,0.23850584427556412
2015-06-29,0.12013030053433486,0.2358432512514857,1.5848367144378046e-20,0.40552060393861533,0.23850584427556412
2015-06-30,0.12013030053433486,0.2358432512514857,1.5848367144378046e-20,0.40552060393861533,0.23850584427556412
2015-07-01,0.12013030053433486,0.2358432512514857,1.5848367144378046e-20,0.40552060393861533,0.23850584427556412
2015-07-02,0.12013030053433486,0.2358432512514857,1.5848367144378046e-20,0.40552060393861533,0.23850584427556412
2015-07-06,0.12013030053433486,0.2358432512514857,1.5848367144378046e-20,0.40552060393861533,0.23850584427556412
2015-07-07,0.12013030053433486,0.2358432512514857,1.5848367144378046e-20,0.40552060393861533,0.23850584427556412
2015-07-08,0.12013030053433486,0.2358432512514857,1.5848367144378046e-20,0.40552060393861533,0.23850584427556412
2015-07-10,0.12013030053433486,0.2358432512514857,1.5848367144378046e-20,0.40552060393861533,0.23850584427556412
2015-07-13,0.1291996783136109,0.23442374044513797,0.0,0.4188074118906947,0.21756916935055648
2015-07-14,0.1291996783136109,0.23442374044513797,0.0,0.4188074118906947,0.21756916935055648
2015-07-15,0.1291996783136109,0.23442374044513797,0.0,0.4188074118906947,0.21756916935055648
2015-07-16,0.1291996783136109,0.23442374044513797,0.0,0.4188074118906947,0.21756916935055648
2015-07-17,0.1291996783136109,0.23442374044513797,0.0,0.4188074118906947,0.21756916935055648
2015-07-20,0.1291996783136109,0.23442374044513797,0.0,0.4188074118906947,0.21756916935055648
2015-07-21,0.1291996783136109,0.23442374044513797,0.0,0.4188074118906947,0.21756916935055648
2015-07-22,0.1291996783136109,0.23442374044513797,0.0,0.4188074118906947,0.21756916935055648
2015-07-23,0.1291996783136109,0.23442374044513797,0.0,0.4188074118906947,0.21756916935055648
2015-07-24,0.1291996783136109,0.23442374044513797,0.0,0.4188074118906947,0.21756916935055648
2015-07-27,0.1291996783136109,0.23442374044513797,0.0,0.4188074118906947,0.21756916935055648
2015-07-28,0.1291996783136109,0.23442374044513797,0.0,0.4188074118906947,0.21756916935055648
2015-07-29,0.1291996783136109,0.23442374044513797,0.0,0.4188074118906947,0.21756916935055648
2015-07-30,0.1291996783136109,0.23442374044513797,0.0,0.4188074118906947,0.21756916935055648
2015-07-31,0.1291996783136109,0.23442374044513797,0.0,0.4188074118906947,0.21756916935055648
2015-08-03,0.1291996783136109,0.23442374044513797,0.0,0.4188074118906947,0.21756916935055648
2015-08-04,0.1291996783136109,0.23442374044513797,0.0,0.4188074118906947,0.21756916935055648
2015-08-05,0.1291996783136109,0.23442374044513797,0.0,0.4188074118906947,0.21756916935055648
2015-08-06,0.1291996783136109,0.23442374044513797,0.0,0.4188074118906947,0.21756916935055648
2015-08-07,0.1291996783136109,0.23442374044513797,0.0,0.4188074118906947,0.21756916935055648
2015-08-10,0.1291996783136109,0.23442374044513797,0.0,0.4188074118906947,0.21756916935055648
2015-08-11,0.12346612261283722,0.24031264687177184,1.457814637666022e-17,0.4164129973372592,0.2198082331781317
2015-08-12,0.12346612261283722,0.24031264687177184,1.457814637666022e-17,0.4164129973372592,0.2198082331781317
2015-08-13,0.12346612261283722,0.24031264687177184,1.457814637666022e-17,0.4164129973372592,0.2198082331781317
2015-08-14,0.12346612261283722,0.24031264687177184,1.457814637666022e-17,0.4164129973372592,0.2198082331781317
2015-08-17,0.12346612261283722,0.24031264687177184,1.457814637666022e-17,0.4164129973372592,0.2198082331781317
2015-08-18,0.12346612261283722,0.24031264687177184,1.457814637666022e-17,0.4164129973372592,0.2198082331781317
2015-08-19,0.12346612261283722,0.24031264687177184,1.457814637666022e-17,0.4164129973372592,0.2198082331781317
2015-08-20,0.12346612261283722,0.24031264687177184,1.457814637666022e-17,0.4164129973372592,0.2198082331781317
2015-08-21,0.12346612261283722,0.24031264687177184,1.457814637666022e-17,0.4164129973372592,0.2198082331781317
2015-08-24,0.12346612261283722,0.24031264687177184,1.457814637666022e-17,0.4164129973372592,0.2198082331781317
2015-08-25,0.12346612261283722,0.24031264687177184,1.457814637666022e-17,0.4164129973372592,0.2198082331781317
2015-08-26,0.12346612261283722,0.24031264687177184,1.457814637666022e-17,0.4164129973372592,0.2198082331781317
2015-08-27,0.12346612261283722,0.24031264687177184,1.457814637666022e-17,0.4164129973372592,0.2198082331781317
2015-08-28,0.12346612261283722,0.24031264687177184,1.457814637666022e-17,0.4164129973372592,0.2198082331781317
2015-08-31,0.12346612261283722,0.24031264687177184,1.457814637666022e-17,0.4164129973372592,0.2198082331781317
2015-09-01,0.12346612261283722,0.24031264687177184,1.457814637666022e-17,0.4164129973372592,0.2198082331781317
2015-09-02,0.12346612261283722,0.24031264687177184,1.457814637666022e-17,0.4164129973372592,0.2198082331781317
2015-09-03,0.12346612261283722,0.24031264687177184,1.457814637666022e-17,0.4164129973372592,0.2198082331781317
2015-09-04,0.12346612261283722,0.24031264687177184,1.457814637666022e-17,0.4164129973372592,0.2198082331781317
2015-09-08,0.12346612261283722,0.24031264687177184,1.457814637666022e-17,0.4164129973372592,0.2198082331781317
2015-09-09,0.12346612261283722,0.24031264687177184,1.457814637666022e-17,0.4164129973372592,0.2198082331781317
2015-09-10,0.1321985647916396,0.23909414725234265,1.033098931937364e-17,0.4559114596164253,0.17279582833959245
2015-09-11,0.1321985647916396,0.23909414725234265,1.033098931937364e-17,0.4559114596164253,0.17279582833959245
2015-09-14,0.1321985647916396,0.23909414725234265,1.033098931937364e-17,0.4559114596164253,0.17279582833959245
2015-09-15,0.1321985647916396,0.23909414725234265,1.033098931937364e-17,0.4559114596164253,0.17279582833959245
2015-09-16,0.1321985647916396,0.23909414725234265,1.033098931937364e-17,0.4559114596164253,0.17279582833959245
2015-09-17,0.1321985647916396,0.23909414725234265,1.033098931937364e-17,0.4559114596164253,0.17279582833959245
2015-09-18,0.1321985647916396,0.23909414725234265,1.033098931937364e-17,0.4559114596164253,0.17279582833959245
2015-09-21,0.1321985647916396,0.23909414725234265,1.033098931937364e-17,0.4559114596164253,0.17279582833959245
2015-09-22,0.1321985647916396,0.23909414725234265,1.033098931937364e-17,0.4559114596164253,0.17279582833959245
2015-09-23,0.1321985647916396,0.23909414725234265,1.033098931937364e-17,0.4559114596164253,0.17279582833959245
2015-09-24,0.1321985647916396,0.23909414725234265,1.033098931937364e-17,0.4559114596164253,0.17279582833959245
2015-09-25,0.1321985647916396,0.23909414725234265,1.033098931937364e-17,0.4559114596164253,0.17279582833959245
2015-09-28,0.1321985647916396,0.23909414725234265,1.033098931937364e-17,0.4559114596164253,0.17279582833959245
2015-09-29,0.1321985647916396,0.23909414725234265,1.033098931937364e-17,0.4559114596164253,0.17279582833959245
2015-09-30,0.1321985647916396,0.23909414725234265,1.033098931937364e-17,0.4559114596164253,0.17279582833959245
2015-10-01,0.1321985647916396,0.23909414725234265,1.033098931937364e-17,0.4559114596164253,0.17279582833959245
2015-10-02,0.1321985647916396,0.23909414725234265,1.033098931937364e-17,0.4559114596164253,0.17279582833959245
2015-10-05,0.1321985647916396,0.23909414725234265,1.033098931937364e-17,0.4559114596164253,0.17279582833959245
2015-10-06,0.1321985647916396,0.23909414725234265,1.033098931937364e-17,0.4559114596164253,0.17279582833959245
2015-10-07,0.1321985647916396,0.23909414725234265,1.033098931937364e-17,0.4559114596164253,0.17279582833959245
2015-10-08,0.1321985647916396,0.23909414725234265,1.033098931937364e-17,0.4559114596164253,0.17279582833959245
2015-10-09,0.17531327442959618,0.23263277228229529,7.913387286812278e-17,0.4407231657181671,0.15133078756994137
2015-10-13,0.17531327442959618,0.23263277228229529,7.913387286812278e-17,0.4407231657181671,0.15133078756994137
2015-10-14,0.17531327442959618,0.23263277228229529,7.913387286812278e-17,0.4407231657181671,0.15133078756994137
2015-10-15,0.17531327442959618,0.23263277228229529,7.913387286812278e-17,0.4407231657181671,0.15133078756994137
2015-10-16,0.17531327442959618,0.23263277228229529,7.913387286812278e-17,0.4407231657181671,0.15133078756994137
2015-10-19,0.17531327442959618,0.23263277228229529,7.913387286812278e-17,0.4407231657181671,0.15133078756994137
2015-10-20,0.17531327442959618,0.23263277228229529,7.913387286812278e-17,0.4407231657181671,0.15133078756994137
2015-10-21,0.17531327442959618,0.23263277228229529,7.913387286812278e-17,0.4407231657181671,0.15133078756994137
2015-10-22,0.17531327442959618,0.23263277228229529,7.913387286812278e-17,0.4407231657181671,0.15133078756994137
2015-10-23,0.17531327442959618,0.23263277228229529,7.913387286812278e-17,0.4407231657181671,0.15133078756994137
2015-10-26,0.17531327442959618,0.23263277228229529,7.913387286812278e-17,0.4407231657181671,0.15133078756994137
2015-10-27,0.17531327442959618,0.23263277228229529,7.913387286812278e-17,0.4407231657181671,0.15133078756994137
2015-10-28,0.17531327442959618,0.23263277228229529,7.913387286812278e-17,0.4407231657181671,0.15133078756994137
2015-10-29,0.17531327442959618,0.23263277228229529,7.913387286812278e-17,0.4407231657181671,0.15133078756994137
2015-10-30,0.17531327442959618,0.23263277228229529,7.913387286812278e-17,0.4407231657181671,0.15133078756994137
2015-11-03,0.17531327442959618,0.23263277228229529,7.913387286812278e-17,0.4407231657181671,0.15133078756994137
2015-11-04,0.17531327442959618,0.23263277228229529,7.913387286812278e-17,0.4407231657181671,0.15133078756994137
2015-11-05,0.17531327442959618,0.23263277228229529,7.913387286812278e-17,0.4407231657181671,0.15133078756994137
2015-11-06,0.17531327442959618,0.23263277228229529,7.913387286812278e-17,0.4407231657181671,0.15133078756994137
2015-11-09,0.17531327442959618,0.23263277228229529,7.913387286812278e-17,0.4407231657181671,0.15133078756994137
2015-11-10,0.17531327442959618,0.23263277228229529,7.913387286812278e-17,0.4407231657181671,0.15133078756994137
2015-11-11,0.1740661431376308,0.268052693212417,0.0,0.4534415614079436,0.10443960224200868
2015-11-12,0.1740661431376308,0.268052693212417,0.0,0.4534415614079436,0.10443960224200868
2015-11-13,0.1740661431376308,0.268052693212417,0.0,0.4534415614079436,0.10443960224200868
2015-11-16,0.1740661431376308,0.268052693212417,0.0,0.4534415614079436,0.10443960224200868
2015-11-17,0.1740661431376308,0.268052693212417,0.0,0.4534415614079436,0.10443960224200868
2015-11-18,0.1740661431376308,0.268052693212417,0.0,0.4534415614079436,0.10443960224200868
2015-11-19,0.1740661431376308,0.268052693212417,0.0,0.4534415614079436,0.10443960224200868
2015-11-23,0.1740661431376308,0.268052693212417,0.0,0.4534415614079436,0.10443960224200868
2015-11-24,0.1740661431376308,0.268052693212417,0.0,0.4534415614079436,0.10443960224200868
2015-11-25,0.1740661431376308,0.268052693212417,0.0,0.4534415614079436,0.10443960224200868
2015-11-27,0.1740661431376308,0.268052693212417,0.0,0.4534415614079436,0.10443960224200868
2015-11-30,0.1740661431376308,0.268052693212417,0.0,0.4534415614079436,0.10443960224200868
2015-12-01,0.1740661431376308,0.268052693212417,0.0,0.4534415614079436,0.10443960224200868
2015-12-02,0.1740661431376308,0.268052693212417,0.0,0.4534415614079436,0.10443960224200868
2015-12-03,0.1740661431376308,0.268052693212417,0.0,0.4534415614079436,0.10443960224200868
2015-12-04,0.1740661431376308,0.268052693212417,0.0,0.4534415614079436,0.10443960224200868
2015-12-07,0.1740661431376308,0.268052693212417,0.0,0.4534415614079436,0.10443960224200868
2015-12-08,0.1740661431376308,0.268052693212417,0.0,0.4534415614079436,0.10443960224200868
2015-12-09,0.1740661431376308,0.268052693212417,0.0,0.4534415614079436,0.10443960224200868
2015-12-10,0.1740661431376308,0.268052693212417,0.0,0.4534415614079436,0.10443960224200868
2015-12-11,0.1740661431376308,0.268052693212417,0.0,0.4534415614079436,0.10443960224200868
2015-12-14,0.18853930087752155,0.26010370142909506,0.0,0.44214642052056347,0.10921057717281991
2015-12-15,0.18853930087752155,0.26010370142909506,0.0,0.44214642052056347,0.10921057717281991
2015-12-16,0.18853930087752155,0.26010370142909506,0.0,0.44214642052056347,0.10921057717281991
2015-12-17,0.18853930087752155,0.26010370142909506,0.0,0.44214642052056347,0.10921057717281991
2015-12-18,0.18853930087752155,0.26010370142909506,0.0,0.44214642052056347,0.10921057717281991
2015-12-21,0.18853930087752155,0.26010370142909506,0.0,0.44214642052056347,0.10921057717281991
2015-12-22,0.18853930087752155,0.26010370142909506,0.0,0.44214642052056347,0.10921057717281991
2015-12-23,0.18853930087752155,0.26010370142909506,0.0,0.44214642052056347,0.10921057717281991
2015-12-28,0.18853930087752155,0.26010370142909506,0.0,0.44214642052056347,0.10921057717281991
2015-12-29,0.18853930087752155,0.26010370142909506,0.0,0.44214642052056347,0.10921057717281991
2015-12-30,0.18853930087752155,0.26010370142909506,0.0,0.44214642052056347,0.10921057717281991
2016-01-04,0.18853930087752155,0.26010370142909506,0.0,0.44214642052056347,0.10921057717281991
2016-01-05,0.18853930087752155,0.26010370142909506,0.0,0.44214642052056347,0.10921057717281991
2016-01-06,0.18853930087752155,0.26010370142909506,0.0,0.44214642052056347,0.10921057717281991
2016-01-07,0.18853930087752155,0.26010370142909506,0.0,0.44214642052056347,0.10921057717281991
2016-01-08,0.18853930087752155,0.26010370142909506,0.0,0.44214642052056347,0.10921057717281991
2016-01-11,0.18853930087752155,0.26010370142909506,0.0,0.44214642052056347,0.10921057717281991
2016-01-12,0.18853930087752155,0.26010370142909506,0.0,0.44214642052056347,0.10921057717281991
2016-01-13,0.18853930087752155,0.26010370142909506,0.0,0.44214642052056347,0.10921057717281991
2016-01-14,0.18853930087752155,0.26010370142909506,0.0,0.44214642052056347,0.10921057717281991
2016-01-15,0.18853930087752155,0.26010370142909506,0.0,0.44214642052056347,0.10921057717281991
2016-01-19,0.19678778073711856,0.27250109974935766,0.0,0.4416905205104213,0.08902059900310251
2016-01-20,0.19678778073711856,0.27250109974935766,0.0,0.4416905205104213,0.08902059900310251
2016-01-21,0.19678778073711856,0.27250109974935766,0.0,0.4416905205104213,0.08902059900310251
2016-01-22,0.19678778073711856,0.27250109974935766,0.0,0.4416905205104213,0.08902059900310251
2016-01-26,0.19678778073711856,0.27250109974935766,0.0,0.4416905205104213,0.08902059900310251
2016-01-27,0.19678778073711856,0.27250109974935766,0.0,0.4416905205104213,0.08902059900310251
2016-01-28,0.19678778073711856,0.27250109974935766,0.0,0.4416905205104213,0.08902059900310251
2016-01-29,0.19678778073711856,0.27250109974935766,0.0,0.4416905205104213,0.08902059900310251
2016-02-01,0.19678778073711856,0.27250109974935766,0.0,0.4416905205104213,0.08902059900310251
2016-02-02,0.19678778073711856,0.27250109974935766,0.0,0.4416905205104213,0.08902059900310251
2016-02-03,0.19678778073711856,0.27250109974935766,0.0,0.4416905205104213,0.08902059900310251
2016-02-04,0.19678778073711856,0.27250109974935766,0.0,0.4416905205104213,0.08902059900310251
2016-02-05,0.19678778073711856,0.27250109974935766,0.0,0.4416905205104213,0.08902059900310251
2016-02-10,0.19678778073711856,0.27250109974935766,0.0,0.4416905205104213,0.08902059900310251
2016-02-11,0.19678778073711856,0.27250109974935766,0.0,0.4416905205104213,0.08902059900310251
2016-02-12,0.19678778073711856,0.27250109974935766,0.0,0.4416905205104213,0.08902059900310251
2016-02-16,0.19678778073711856,0.27250109974935766,0.0,0.4416905205104213,0.08902059900310251
2016-02-17,0.19678778073711856,0.27250109974935766,0.0,0.4416905205104213,0.08902059900310251
2016-02-18,0.19678778073711856,0.27250109974935766,0.0,0.4416905205104213,0.08902059900310251
2016-02-19,0.19678778073711856,0.27250109974935766,0.0,0.4416905205104213,0.08902059900310251
2016-02-22,0.19678778073711856,0.27250109974935766,0.0,0.4416905205104213,0.08902059900310251
2016-02-23,0.20889896857030865,0.25818267368833503,0.0,0.45073419229021494,0.08218416545114146
2016-02-24,0.20889896857030865,0.25818267368833503,0.0,0.45073419229021494,0.08218416545114146
2016-02-25,0.20889896857030865,0.25818267368833503,0.0,0.45073419229021494,0.08218416545114146
2016-02-26,0.20889896857030865,0.25818267368833503,0.0,0.45073419229021494,0.08218416545114146
2016-02-29,0.20889896857030865,0.25818267368833503,0.0,0.45073419229021494,0.08218416545114146
2016-03-01,0.20889896857030865,0.25818267368833503,0.0,0.45073419229021494,0.08218416545114146
2016-03-02,0.20889896857030865,0.25818267368833503,0.0,0.45073419229021494,0.08218416545114146
2016-03-03,0.20889896857030865,0.25818267368833503,0.0,0.45073419229021494,0.08218416545114146
2016-03-04,0.20889896857030865,0.25818267368833503,0.0,0.45073419229021494,0.08218416545114146
2016-03-07,0.20889896857030865,0.25818267368833503,0.0,0.45073419229021494,0.08218416545114146
2016-03-08,0.20889896857030865,0.25818267368833503,0.0,0.45073419229021494,0.08218416545114146
2016-03-09,0.20889896857030865,0.25818267368833503,0.0,0.45073419229021494,0.08218416545114146
2016-03-10,0.20889896857030865,0.25818267368833503,0.0,0.45073419229021494,0.08218416545114146
2016-03-11,0.20889896857030865,0.25818267368833503,0.0,0.45073419229021494,0.08218416545114146
2016-03-14,0.20889896857030865,0.25818267368833503,0.0,0.45073419229021494,0.08218416545114146
2016-03-15,0.20889896857030865,0.25818267368833503,0.0,0.45073419229021494,0.08218416545114146
2016-03-16,0.20889896857030865,0.25818267368833503,0.0,0.45073419229021494,0.08218416545114146
2016-03-17,0.20889896857030865,0.25818267368833503,0.0,0.45073419229021494,0.08218416545114146
2016-03-18,0.20889896857030865,0.25818267368833503,0.0,0.45073419229021494,0.08218416545114146
2016-03-21,0.20889896857030865,0.25818267368833503,0.0,0.45073419229021494,0.08218416545114146
2016-03-22,0.20889896857030865,0.25818267368833503,0.0,0.45073419229021494,0.08218416545114146
2016-03-23,0.20709042811669812,0.2551816187588249,4.28095416010797e-16,0.4359403452847867,0.10178760783968976
2016-03-24,0.20709042811669812,0.2551816187588249,4.28095416010797e-16,0.4359403452847867,0.10178760783968976
2016-03-28,0.20709042811669812,0.2551816187588249,4.28095416010797e-16,0.4359403452847867,0.10178760783968976
2016-03-29,0.20709042811669812,0.2551816187588249,4.28095416010797e-16,0.4359403452847867,0.10178760783968976
2016-03-30,0.20709042811669812,0.2551816187588249,4.28095416010797e-16,0.4359403452847867,0.10178760783968976
2016-03-31,0.20709042811669812,0.2551816187588249,4.28095416010797e-16,0.4359403452847867,0.10178760783968976
2016-04-01,0.20709042811669812,0.2551816187588249,4.28095416010797e-16,0.4359403452847867,0.10178760783968976
2016-04-04,0.20709042811669812,0.2551816187588249,4.28095416010797e-16,0.4359403452847867,0.10178760783968976
2016-04-05,0.20709042811669812,0.2551816187588249,4.28095416010797e-16,0.4359403452847867,0.10178760783968976
2016-04-06,0.20709042811669812,0.2551816187588249,4.28095416010797e-16,0.4359403452847867,0.10178760783968976
2016-04-07,0.20709042811669812,0.2551816187588249,4.28095416010797e-16,0.4359403452847867,0.10178760783968976
2016-04-08,0.20709042811669812,0.2551816187588249,4.28095416010797e-16,0.4359403452847867,0.10178760783968976
2016-04-11,0.20709042811669812,0.2551816187588249,4.28095416010797e-16,0.4359403452847867,0.10178760783968976
2016-04-12,0.20709042811669812,0.2551816187588249,4.28095416010797e-16,0.4359403452847867,0.10178760783968976
2016-04-13,0.20709042811669812,0.2551816187588249,4.28095416010797e-16,0.4359403452847867,0.10178760783968976
2016-04-14,0.20709042811669812,0.2551816187588249,4.28095416010797e-16,0.4359403452847867,0.10178760783968976
2016-04-15,0.20709042811669812,0.2551816187588249,4.28095416010797e-16,0.4359403452847867,0.10178760783968976
2016-04-18,0.20709042811669812,0.2551816187588249,4.28095416010797e-16,0.4359403452847867,0.10178760783968976
2016-04-19,0.20709042811669812,0.2551816187588249,4.28095416010797e-16,0.4359403452847867,0.10178760783968976
2016-04-20,0.20709042811669812,0.2551816187588249,4.28095416010797e-16,0.4359403452847867,0.10178760783968976
2016-04-22,0.20709042811669812,0.2551816187588249,4.28095416010797e-16,0.4359403452847867,0.10178760783968976
2016-04-25,0.19939070990036117,0.2536427855762118,0.0,0.4238676914980567,0.12309881302537043
2016-04-26,0.19939070990036117,0.2536427855762118,0.0,0.4238676914980567,0.12309881302537043
2016-04-27,0.19939070990036117,0.2536427855762118,0.0,0.4238676914980567,0.12309881302537043
2016-04-28,0.19939070990036117,0.2536427855762118,0.0,0.4238676914980567,0.12309881302537043
2016-04-29,0.19939070990036117,0.2536427855762118,0.0,0.4238676914980567,0.12309881302537043
2016-05-02,0.19939070990036117,0.2536427855762118,0.0,0.4238676914980567,0.12309881302537043
2016-05-03,0.19939070990036117,0.2536427855762118,0.0,0.4238676914980567,0.12309881302537043
2016-05-04,0.19939070990036117,0.2536427855762118,0.0,0.4238676914980567,0.12309881302537043
2016-05-05,0.19939070990036117,0.2536427855762118,0.0,0.4238676914980567,0.12309881302537043
2016-05-06,0.19939070990036117,0.2536427855762118,0.0,0.4238676914980567,0.12309881302537043
2016-05-09,0.19939070990036117,0.2536427855762118,0.0,0.4238676914980567,0.12309881302537043
2016-05-10,0.19939070990036117,0.2536427855762118,0.0,0.4238676914980567,0.12309881302537043
2016-05-11,0.19939070990036117,0.2536427855762118,0.0,0.4238676914980567,0.12309881302537043
2016-05-12,0.19939070990036117,0.2536427855762118,0.0,0.4238676914980567,0.12309881302537043
2016-05-13,0.19939070990036117,0.2536427855762118,0.0,0.4238676914980567,0.12309881302537043
2016-05-16,0.19939070990036117,0.2536427855762118,0.0,0.4238676914980567,0.12309881302537043
2016-05-17,0.19939070990036117,0.2536427855762118,0.0,0.4238676914980567,0.12309881302537043
2016-05-18,0.19939070990036117,0.2536427855762118,0.0,0.4238676914980567,0.12309881302537043
2016-05-19,0.19939070990036117,0.2536427855762118,0.0,0.4238676914980567,0.12309881302537043
2016-05-20,0.19939070990036117,0.2536427855762118,0.0,0.4238676914980567,0.12309881302537043
2016-05-23,0.19939070990036117,0.2536427855762118,0.0,0.4238676914980567,0.12309881302537043
2016-05-24,0.1907193380691604,0.24985062235637495,1.37621086272915e-16,0.42512814715679187,0.13430189241767262
2016-05-25,0.1907193380691604,0.24985062235637495,1.37621086272915e-16,0.42512814715679187,0.13430189241767262
2016-05-27,0.1907193380691604,0.24985062235637495,1.37621086272915e-16,0.42512814715679187,0.13430189241767262
2016-05-31,0.1907193380691604,0.24985062235637495,1.37621086272915e-16,0.42512814715679187,0.13430189241767262
2016-06-01,0.1907193380691604,0.24985062235637495,1.37621086272915e-16,0.42512814715679187,0.13430189241767262
2016-06-02,0.1907193380691604,0.24985062235637495,1.37621086272915e-16,0.42512814715679187,0.13430189241767262
2016-06-03,0.1907193380691604,0.24985062235637495,1.37621086272915e-16,0.42512814715679187,0.13430189241767262
2016-06-06,0.1907193380691604,0.24985062235637495,1.37621086272915e-16,0.42512814715679187,0.13430189241767262
2016-06-07,0.1907193380691604,0.24985062235637495,1.37621086272915e-16,0.42512814715679187,0.13430189241767262
2016-06-08,0.1907193380691604,0.24985062235637495,1.37621086272915e-16,0.42512814715679187,0.13430189241767262
2016-06-09,0.1907193380691604,0.24985062235637495,1.37621086272915e-16,0.42512814715679187,0.13430189241767262
2016-06-10,0.1907193380691604,0.24985062235637495,1.37621086272915e-16,0.42512814715679187,0.13430189241767262
2016-06-13,0.1907193380691604,0.24985062235637495,1.37621086272915e-16,0.42512814715679187,0.13430189241767262
2016-06-14,0.1907193380691604,0.24985062235637495,1.37621086272915e-16,0.42512814715679187,0.13430189241767262
2016-06-15,0.1907193380691604,0.24985062235637495,1.37621086272915e-16,0.42512814715679187,0.13430189241767262
2016-06-16,0.1907193380691604,0.24985062235637495,1.37621086272915e-16,0.42512814715679187,0.13430189241767262
2016-06-17,0.1907193380691604,0.24985062235637495,1.37621086272915e-16,0.42512814715679187,0.13430189241767262
2016-06-20,0.1907193380691604,0.24985062235637495,1.37621086272915e-16,0.42512814715679187,0.13430189241767262
2016-06-21,0.1907193380691604,0.24985062235637495,1.37621086272915e-16,0.42512814715679187,0.13430189241767262
2016-06-22,0.1907193380691604,0.24985062235637495,1.37621086272915e-16,0.42512814715679187,0.13430189241767262
2016-06-23,0.1907193380691604,0.24985062235637495,1.37621086272915e-16,0.42512814715679187,0.13430189241767262
2016-06-24,0.18629313406553455,0.25098449719506716,0.0,0.42214984681086104,0.14057252192853714
2016-06-27,0.18629313406553455,0.25098449719506716,0.0,0.42214984681086104,0.14057252192853714
2016-06-28,0.18629313406553455,0.25098449719506716,0.0,0.42214984681086104,0.14057252192853714
2016-06-29,0.18629313406553455,0.25098449719506716,0.0,0.42214984681086104,0.14057252192853714
2016-06-30,0.18629313406553455,0.25098449719506716,0.0,0.42214984681086104,0.14057252192853714
2016-07-01,0.18629313406553455,0.25098449719506716,0.0,0.42214984681086104,0.14057252192853714
2016-07-05,0.18629313406553455,0.25098449719506716,0.0,0.42214984681086104,0.14057252192853714
2016-07-06,0.18629313406553455,0.25098449719506716,0.0,0.42214984681086104,0.14057252192853714
2016-07-07,0.18629313406553455,0.25098449719506716,0.0,0.42214984681086104,0.14057252192853714
2016-07-08,0.18629313406553455,0.25098449719506716,0.0,0.42214984681086104,0.14057252192853714
2016-07-11,0.18629313406553455,0.25098449719506716,0.0,0.42214984681086104,0.14057252192853714
2016-07-12,0.18629313406553455,0.25098449719506716,0.0,0.42214984681086104,0.14057252192853714
2016-07-13,0.18629313406553455,0.25098449719506716,0.0,0.42214984681086104,0.14057252192853714
2016-07-14,0.18629313406553455,0.25098449719506716,0.0,0.42214984681086104,0.14057252192853714
2016-07-15,0.18629313406553455,0.25098449719506716,0.0,0.42214984681086104,0.14057252192853714
2016-07-18,0.18629313406553455,0.25098449719506716,0.0,0.42214984681086104,0.14057252192853714
2016-07-19,0.18629313406553455,0.25098449719506716,0.0,0.42214984681086104,0.14057252192853714
2016-07-20,0.18629313406553455,0.25098449719506716,0.0,0.42214984681086104,0.14057252192853714
2016-07-21,0.18629313406553455,0.25098449719506716,0.0,0.42214984681086104,0.14057252192853714
2016-07-22,0.18629313406553455,0.25098449719506716,0.0,0.42214984681086104,0.14057252192853714
2016-07-25,0.18629313406553455,0.25098449719506716,0.0,0.42214984681086104,0.14057252192853714
2016-07-26,0.19321156651999397,0.2474455630766922,0.0,0.41190959585001286,0.14743327455330107
2016-07-27,0.19321156651999397,0.2474455630766922,0.0,0.41190959585001286,0.14743327455330107
2016-07-28,0.19321156651999397,0.2474455630766922,0.0,0.41190959585001286,0.14743327455330107
2016-07-29,0.19321156651999397,0.2474455630766922,0.0,0.41190959585001286,0.14743327455330107
2016-08-01,0.19321156651999397,0.2474455630766922,0.0,0.41190959585001286,0.14743327455330107
2016-08-02,0.19321156651999397,0.2474455630766922,0.0,0.41190959585001286,0.14743327455330107
2016-08-03,0.19321156651999397,0.2474455630766922,0.0,0.41190959585001286,0.14743327455330107
2016-08-04,0.19321156651999397,0.2474455630766922,0.0,0.41190959585001286,0.14743327455330107
2016-08-05,0.19321156651999397,0.2474455630766922,0.0,0.41190959585001286,0.14743327455330107
2016-08-08,0.19321156651999397,0.2474455630766922,0.0,0.41190959585001286,0.14743327455330107
2016-08-09,0.19321156651999397,0.2474455630766922,0.0,0.41190959585001286,0.14743327455330107
2016-08-10,0.19321156651999397,0.2474455630766922,0.0,0.41190959585001286,0.14743327455330107
2016-08-11,0.19321156651999397,0.2474455630766922,0.0,0.41190959585001286,0.14743327455330107
2016-08-12,0.19321156651999397,0.2474455630766922,0.0,0.41190959585001286,0.14743327455330107
2016-08-15,0.19321156651999397,0.2474455630766922,0.0,0.41190959585001286,0.14743327455330107
2016-08-16,0.19321156651999397,0.2474455630766922,0.0,0.41190959585001286,0.14743327455330107
2016-08-17,0.19321156651999397,0.2474455630766922,0.0,0.41190959585001286,0.14743327455330107
2016-08-18,0.19321156651999397,0.2474455630766922,0.0,0.41190959585001286,0.14743327455330107
2016-08-19,0.19321156651999397,0.2474455630766922,0.0,0.41190959585001286,0.14743327455330107
2016-08-22,0.19321156651999397,0.2474455630766922,0.0,0.41190959585001286,0.14743327455330107
2016-08-23,0.19321156651999397,0.2474455630766922,0.0,0.41190959585001286,0.14743327455330107
2016-08-24,0.19824250350990738,0.2455846559785873,0.0,0.41631212512072424,0.13986071539078113
2016-08-25,0.19824250350990738,0.2455846559785873,0.0,0.41631212512072424,0.13986071539078113
2016-08-26,0.19824250350990738,0.2455846559785873,0.0,0.41631212512072424,0.13986071539078113
2016-08-29,0.19824250350990738,0.2455846559785873,0.0,0.41631212512072424,0.13986071539078113
2016-08-30,0.19824250350990738,0.2455846559785873,0.0,0.41631212512072424,0.13986071539078113
2016-08-31,0.19824250350990738,0.2455846559785873,0.0,0.41631212512072424,0.13986071539078113
2016-09-01,0.19824250350990738,0.2455846559785873,0.0,0.41631212512072424,0.13986071539078113
2016-09-02,0.19824250350990738,0.2455846559785873,0.0,0.41631212512072424,0.13986071539078113
2016-09-06,0.19824250350990738,0.2455846559785873,0.0,0.41631212512072424,0.13986071539078113
2016-09-08,0.19824250350990738,0.2455846559785873,0.0,0.41631212512072424,0.13986071539078113
2016-09-09,0.19824250350990738,0.2455846559785873,0.0,0.41631212512072424,0.13986071539078113
2016-09-12,0.19824250350990738,0.2455846559785873,0.0,0.41631212512072424,0.13986071539078113
2016-09-13,0.19824250350990738,0.2455846559785873,0.0,0.41631212512072424,0.13986071539078113
2016-09-14,0.19824250350990738,0.2455846559785873,0.0,0.41631212512072424,0.13986071539078113
2016-09-15,0.19824250350990738,0.2455846559785873,0.0,0.41631212512072424,0.13986071539078113
2016-09-16,0.19824250350990738,0.2455846559785873,0.0,0.41631212512072424,0.13986071539078113
2016-09-19,0.19824250350990738,0.2455846559785873,0.0,0.41631212512072424,0.13986071539078113
2016-09-20,0.19824250350990738,0.2455846559785873,0.0,0.41631212512072424,0.13986071539078113
2016-09-21,0.19824250350990738,0.2455846559785873,0.0,0.41631212512072424,0.13986071539078113
2016-09-22,0.19824250350990738,0.2455846559785873,0.0,0.41631212512072424,0.13986071539078113
2016-09-23,0.19824250350990738,0.2455846559785873,0.0,0.41631212512072424,0.13986071539078113
2016-09-26,0.19589921756630654,0.2416628078446411,1.8972209134912279e-16,0.387834677644048,0.17460329694500426
2016-09-27,0.19589921756630654,0.2416628078446411,1.8972209134912279e-16,0.387834677644048,0.17460329694500426
2016-09-28,0.19589921756630654,0.2416628078446411,1.8972209134912279e-16,0.387834677644048,0.17460329694500426
2016-09-29,0.19589921756630654,0.2416628078446411,1.8972209134912279e-16,0.387834677644048,0.17460329694500426
2016-09-30,0.19589921756630654,0.2416628078446411,1.8972209134912279e-16,0.387834677644048,0.17460329694500426
2016-10-03,0.19589921756630654,0.2416628078446411,1.8972209134912279e-16,0.387834677644048,0.17460329694500426
2016-10-04,0.19589921756630654,0.2416628078446411,1.8972209134912279e-16,0.387834677644048,0.17460329694500426
2016-10-05,0.19589921756630654,0.2416628078446411,1.8972209134912279e-16,0.387834677644048,0.17460329694500426
2016-10-06,0.19589921756630654,0.2416628078446411,1.8972209134912279e-16,0.387834677644048,0.17460329694500426
2016-10-07,0.19589921756630654,0.2416628078446411,1.8972209134912279e-16,0.387834677644048,0.17460329694500426
2016-10-10,0.19589921756630654,0.2416628078446411,1.8972209134912279e-16,0.387834677644048,0.17460329694500426
2016-10-11,0.19589921756630654,0.2416628078446411,1.8972209134912279e-16,0.387834677644048,0.17460329694500426
2016-10-13,0.19589921756630654,0.2416628078446411,1.8972209134912279e-16,0.387834677644048,0.17460329694500426
2016-10-14,0.19589921756630654,0.2416628078446411,1.8972209134912279e-16,0.387834677644048,0.17460329694500426
2016-10-17,0.19589921756630654,0.2416628078446411,1.8972209134912279e-16,0.387834677644048,0.17460329694500426
2016-10-18,0.19589921756630654,0.2416628078446411,1.8972209134912279e-16,0.387834677644048,0.17460329694500426
2016-10-19,0.19589921756630654,0.2416628078446411,1.8972209134912279e-16,0.387834677644048,0.17460329694500426
2016-10-20,0.19589921756630654,0.2416628078446411,1.8972209134912279e-16,0.387834677644048,0.17460329694500426
2016-10-21,0.19589921756630654,0.2416628078446411,1.8972209134912279e-16,0.387834677644048,0.17460329694500426
2016-10-24,0.19589921756630654,0.2416628078446411,1.8972209134912279e-16,0.387834677644048,0.17460329694500426
2016-10-25,0.19589921756630654,0.2416628078446411,1.8972209134912279e-16,0.387834677644048,0.17460329694500426
2016-10-26,0.16886740789209143,0.24341903295543998,0.0,0.3895937901634148,0.19811976898905387
2016-10-27,0.16886740789209143,0.24341903295543998,0.0,0.3895937901634148,0.19811976898905387
2016-10-28,0.16886740789209143,0.24341903295543998,0.0,0.3895937901634148,0.19811976898905387
2016-10-31,0.16886740789209143,0.24341903295543998,0.0,0.3895937901634148,0.19811976898905387
2016-11-01,0.16886740789209143,0.24341903295543998,0.0,0.3895937901634148,0.19811976898905387
2016-11-03,0.16886740789209143,0.24341903295543998,0.0,0.3895937901634148,0.19811976898905387
2016-11-04,0.16886740789209143,0.24341903295543998,0.0,0.3895937901634148,0.19811976898905387
2016-11-07,0.16886740789209143,0.24341903295543998,0.0,0.3895937901634148,0.19811976898905387
2016-11-08,0.16886740789209143,0.24341903295543998,0.0,0.3895937901634148,0.19811976898905387
2016-11-09,0.16886740789209143,0.24341903295543998,0.0,0.3895937901634148,0.19811976898905387
2016-11-10,0.16886740789209143,0.24341903295543998,0.0,0.3895937901634148,0.19811976898905387
2016-11-11,0.16886740789209143,0.24341903295543998,0.0,0.3895937901634148,0.19811976898905387
2016-11-14,0.16886740789209143,0.24341903295543998,0.0,0.3895937901634148,0.19811976898905387
2016-11-16,0.16886740789209143,0.24341903295543998,0.0,0.3895937901634148,0.19811976898905387
2016-11-17,0.16886740789209143,0.24341903295543998,0.0,0.3895937901634148,0.19811976898905387
2016-11-18,0.16886740789209143,0.24341903295543998,0.0,0.3895937901634148,0.19811976898905387
2016-11-21,0.16886740789209143,0.24341903295543998,0.0,0.3895937901634148,0.19811976898905387
2016-11-22,0.16886740789209143,0.24341903295543998,0.0,0.3895937901634148,0.19811976898905387
2016-11-23,0.16886740789209143,0.24341903295543998,0.0,0.3895937901634148,0.19811976898905387
2016-11-25,0.16886740789209143,0.24341903295543998,0.0,0.3895937901634148,0.19811976898905387
2016-11-28,0.16886740789209143,0.24341903295543998,0.0,0.3895937901634148,0.19811976898905387
2016-11-29,0.17590747667577292,0.2258201268112377,1.6852948393652874e-16,0.3812086856542804,0.21706371085870876
2016-11-30,0.17590747667577292,0.2258201268112377,1.6852948393652874e-16,0.3812086856542804,0.21706371085870876
2016-12-01,0.17590747667577292,0.2258201268112377,1.6852948393652874e-16,0.3812086856542804,0.21706371085870876
2016-12-02,0.17590747667577292,0.2258201268112377,1.6852948393652874e-16,0.3812086856542804,0.21706371085870876
2016-12-05,0.17590747667577292,0.2258201268112377,1.6852948393652874e-16,0.3812086856542804,0.21706371085870876
2016-12-06,0.17590747667577292,0.2258201268112377,1.6852948393652874e-16,0.3812086856542804,0.21706371085870876
2016-12-07,0.17590747667577292,0.2258201268112377,1.6852948393652874e-16,0.3812086856542804,0.21706371085870876
2016-12-08,0.17590747667577292,0.2258201268112377,1.6852948393652874e-16,0.3812086856542804,0.21706371085870876
2016-12-09,0.17590747667577292,0.2258201268112377,1.6852948393652874e-16,0.3812086856542804,0.21706371085870876
2016-12-12,0.17590747667577292,0.2258201268112377,1.6852948393652874e-16,0.3812086856542804,0.21706371085870876
2016-12-13,0.17590747667577292,0.2258201268112377,1.6852948393652874e-16,0.3812086856542804,0.21706371085870876
2016-12-14,0.17590747667577292,0.2258201268112377,1.6852948393652874e-16,0.3812086856542804,0.21706371085870876
2016-12-15,0.17590747667577292,0.2258201268112377,1.6852948393652874e-16,0.3812086856542804,0.21706371085870876
2016-12-16,0.17590747667577292,0.2258201268112377,1.6852948393652874e-16,0.3812086856542804,0.21706371085870876
2016-12-19,0.17590747667577292,0.2258201268112377,1.6852948393652874e-16,0.3812086856542804,0.21706371085870876
2016-12-20,0.17590747667577292,0.2258201268112377,1.6852948393652874e-16,0.3812086856542804,0.21706371085870876
2016-12-21,0.17590747667577292,0.2258201268112377,1.6852948393652874e-16,0.3812086856542804,0.21706371085870876
2016-12-22,0.17590747667577292,0.2258201268112377,1.6852948393652874e-16,0.3812086856542804,0.21706371085870876
2016-12-23,0.17590747667577292,0.2258201268112377,1.6852948393652874e-16,0.3812086856542804,0.21706371085870876
2016-12-27,0.17590747667577292,0.2258201268112377,1.6852948393652874e-16,0.3812086856542804,0.21706371085870876
2016-12-28,0.17590747667577292,0.2258201268112377,1.6852948393652874e-16,0.3812086856542804,0.21706371085870876
2016-12-29,0.17143172898960943,0.22078146849847427,0.0,0.389522305158093,0.2182644973538234
2017-01-03,0.17143172898960943,0.22078146849847427,0.0,0.389522305158093,0.2182644973538234
2017-01-04,0.17143172898960943,0.22078146849847427,0.0,0.389522305158093,0.2182644973538234
2017-01-05,0.17143172898960943,0.22078146849847427,0.0,0.389522305158093,0.2182644973538234
2017-01-06,0.17143172898960943,0.22078146849847427,0.0,0.389522305158093,0.2182644973538234
2017-01-09,0.17143172898960943,0.22078146849847427,0.0,0.389522305158093,0.2182644973538234
2017-01-10,0.17143172898960943,0.22078146849847427,0.0,0.389522305158093,0.2182644973538234
2017-01-11,0.17143172898960943,0.22078146849847427,0.0,0.389522305158093,0.2182644973538234
2017-01-12,0.17143172898960943,0.22078146849847427,0.0,0.389522305158093,0.2182644973538234
2017-01-13,0.17143172898960943,0.22078146849847427,0.0,0.389522305158093,0.2182644973538234
2017-01-17,0.17143172898960943,0.22078146849847427,0.0,0.389522305158093,0.2182644973538234
2017-01-18,0.17143172898960943,0.22078146849847427,0.0,0.389522305158093,0.2182644973538234
2017-01-19,0.17143172898960943,0.22078146849847427,0.0,0.389522305158093,0.2182644973538234
2017-01-20,0.17143172898960943,0.22078146849847427,0.0,0.389522305158093,0.2182644973538234
2017-01-23,0.17143172898960943,0.22078146849847427,0.0,0.389522305158093,0.2182644973538234
2017-01-24,0.17143172898960943,0.22078146849847427,0.0,0.389522305158093,0.2182644973538234
2017-01-26,0.17143172898960943,0.22078146849847427,0.0,0.389522305158093,0.2182644973538234
2017-01-27,0.17143172898960943,0.22078146849847427,0.0,0.389522305158093,0.2182644973538234
2017-01-30,0.17143172898960943,0.22078146849847427,0.0,0.389522305158093,0.2182644973538234
2017-01-31,0.17143172898960943,0.22078146849847427,0.0,0.389522305158093,0.2182644973538234
2017-02-01,0.17143172898960943,0.22078146849847427,0.0,0.389522305158093,0.2182644973538234
2017-02-02,0.1749572712776422,0.19727392869047142,1.403000285365658e-16,0.367483339492562,0.26028546053932416
2017-02-03,0.1749572712776422,0.19727392869047142,1.403000285365658e-16,0.367483339492562,0.26028546053932416
2017-02-06,0.1749572712776422,0.19727392869047142,1.403000285365658e-16,0.367483339492562,0.26028546053932416
2017-02-07,0.1749572712776422,0.19727392869047142,1.403000285365658e-16,0.367483339492562,0.26028546053932416
2017-02-08,0.1749572712776422,0.19727392869047142,1.403000285365658e-16,0.367483339492562,0.26028546053932416
2017-02-09,0.1749572712776422,0.19727392869047142,1.403000285365658e-16,0.367483339492562,0.26028546053932416
2017-02-10,0.1749572712776422,0.19727392869047142,1.403000285365658e-16,0.367483339492562,0.26028546053932416
2017-02-13,0.1749572712776422,0.19727392869047142,1.403000285365658e-16,0.367483339492562,0.26028546053932416
2017-02-14,0.1749572712776422,0.19727392869047142,1.403000285365658e-16,0.367483339492562,0.26028546053932416
2017-02-15,0.1749572712776422,0.19727392869047142,1.403000285365658e-16,0.367483339492562,0.26028546053932416
2017-02-16,0.1749572712776422,0.19727392869047142,1.403000285365658e-16,0.367483339492562,0.26028546053932416
2017-02-17,0.1749572712776422,0.19727392869047142,1.403000285365658e-16,0.367483339492562,0.26028546053932416
2017-02-21,0.1749572712776422,0.19727392869047142,1.403000285365658e-16,0.367483339492562,0.26028546053932416
2017-02-22,0.1749572712776422,0.19727392869047142,1.403000285365658e-16,0.367483339492562,0.26028546053932416
2017-02-23,0.1749572712776422,0.19727392869047142,1.403000285365658e-16,0.367483339492562,0.26028546053932416
2017-02-24,0.1749572712776422,0.19727392869047142,1.403000285365658e-16,0.367483339492562,0.26028546053932416
2017-03-01,0.1749572712776422,0.19727392869047142,1.403000285365658e-16,0.367483339492562,0.26028546053932416
2017-03-02,0.1749572712776422,0.19727392869047142,1.403000285365658e-16,0.367483339492562,0.26028546053932416
2017-03-03,0.1749572712776422,0.19727392869047142,1.403000285365658e-16,0.367483339492562,0.26028546053932416
2017-03-06,0.1749572712776422,0.19727392869047142,1.403000285365658e-16,0.367483339492562,0.26028546053932416
2017-03-07,0.1749572712776422,0.19727392869047142,1.403000285365658e-16,0.367483339492562,0.26028546053932416
2017-03-08,0.17688592284913687,0.19599424303768187,1.11896393579605e-16,0.34427179388452667,0.28284804022865445
2017-03-09,0.17688592284913687,0.19599424303768187,1.11896393579605e-16,0.34427179388452667,0.28284804022865445
2017-03-10,0.17688592284913687,0.19599424303768187,1.11896393579605e-16,0.34427179388452667,0.28284804022865445
2017-03-13,0.17688592284913687,0.19599424303768187,1.11896393579605e-16,0.34427179388452667,0.28284804022865445
2017-03-14,0.17688592284913687,0.19599424303768187,1.11896393579605e-16,0.34427179388452667,0.28284804022865445
2017-03-15,0.17688592284913687,0.19599424303768187,1.11896393579605e-16,0.34427179388452667,0.28284804022865445
2017-03-16,0.17688592284913687,0.19599424303768187,1.11896393579605e-16,0.34427179388452667,0.28284804022865445
2017-03-17,0.17688592284913687,0.19599424303768187,1.11896393579605e-16,0.34427179388452667,0.28284804022865445
2017-03-20,0.17688592284913687,0.19599424303768187,1.11896393579605e-16,0.34427179388452667,0.28284804022865445
2017-03-21,0.17688592284913687,0.19599424303768187,1.11896393579605e-16,0.34427179388452667,0.28284804022865445
2017-03-22,0.17688592284913687,0.19599424303768187,1.11896393579605e-16,0.34427179388452667,0.28284804022865445
2017-03-23,0.17688592284913687,0.19599424303768187,1.11896393579605e-16,0.34427179388452667,0.28284804022865445
2017-03-24,0.17688592284913687,0.19599424303768187,1.11896393579605e-16,0.34427179388452667,0.28284804022865445
2017-03-27,0.17688592284913687,0.19599424303768187,1.11896393579605e-16,0.34427179388452667,0.28284804022865445
2017-03-28,0.17688592284913687,0.19599424303768187,1.11896393579605e-16,0.34427179388452667,0.28284804022865445
2017-03-29,0.17688592284913687,0.19599424303768187,1.11896393579605e-16,0.34427179388452667,0.28284804022865445
2017-03-30,0.17688592284913687,0.19599424303768187,1.11896393579605e-16,0.34427179388452667,0.28284804022865445
2017-03-31,0.17688592284913687,0.19599424303768187,1.11896393579605e-16,0.34427179388452667,0.28284804022865445
2017-04-03,0.17688592284913687,0.19599424303768187,1.11896393579605e-16,0.34427179388452667,0.28284804022865445
2017-04-04,0.17688592284913687,0.19599424303768187,1.11896393579605e-16,0.34427179388452667,0.28284804022865445
2017-04-05,0.17688592284913687,0.19599424303768187,1.11896393579605e-16,0.34427179388452667,0.28284804022865445
2017-04-06,0.17445032645367928,0.1817696611180818,0.0,0.3713502546316242,0.2724297577966147
2017-04-07,0.17445032645367928,0.1817696611180818,0.0,0.3713502546316242,0.2724297577966147
2017-04-10,0.17445032645367928,0.1817696611180818,0.0,0.3713502546316242,0.2724297577966147
2017-04-11,0.17445032645367928,0.1817696611180818,0.0,0.3713502546316242,0.2724297577966147
2017-04-12,0.17445032645367928,0.1817696611180818,0.0,0.3713502546316242,0.2724297577966147
2017-04-13,0.17445032645367928,0.1817696611180818,0.0,0.3713502546316242,0.2724297577966147
2017-04-17,0.17445032645367928,0.1817696611180818,0.0,0.3713502546316242,0.2724297577966147
2017-04-18,0.17445032645367928,0.1817696611180818,0.0,0.3713502546316242,0.2724297577966147
2017-04-19,0.17445032645367928,0.1817696611180818,0.0,0.3713502546316242,0.2724297577966147
2017-04-20,0.17445032645367928,0.1817696611180818,0.0,0.3713502546316242,0.2724297577966147
2017-04-24,0.17445032645367928,0.1817696611180818,0.0,0.3713502546316242,0.2724297577966147
2017-04-25,0.17445032645367928,0.1817696611180818,0.0,0.3713502546316242,0.2724297577966147
2017-04-26,0.17445032645367928,0.1817696611180818,0.0,0.3713502546316242,0.2724297577966147
2017-04-27,0.17445032645367928,0.1817696611180818,0.0,0.3713502546316242,0.2724297577966147
2017-04-28,0.17445032645367928,0.1817696611180818,0.0,0.3713502546316242,0.2724297577966147
2017-05-02,0.17445032645367928,0.1817696611180818,0.0,0.3713502546316242,0.2724297577966147
2017-05-03,0.17445032645367928,0.1817696611180818,0.0,0.3713502546316242,0.2724297577966147
2017-05-04,0.17445032645367928,0.1817696611180818,0.0,0.3713502546316242,0.2724297577966147
2017-05-05,0.17445032645367928,0.1817696611180818,0.0,0.3713502546316242,0.2724297577966147
2017-05-08,0.17445032645367928,0.1817696611180818,0.0,0.3713502546316242,0.2724297577966147
2017-05-09,0.17445032645367928,0.1817696611180818,0.0,0.3713502546316242,0.2724297577966147
2017-05-10,0.19099814891189856,0.1658876766992867,0.0,0.3864927509605933,0.25662142342822153
2017-05-11,0.19099814891189856,0.1658876766992867,0.0,0.3864927509605933,0.25662142342822153
2017-05-12,0.19099814891189856,0.1658876766992867,0.0,0.3864927509605933,0.25662142342822153
2017-05-15,0.19099814891189856,0.1658876766992867,0.0,0.3864927509605933,0.25662142342822153
2017-05-16,0.19099814891189856,0.1658876766992867,0.0,0.3864927509605933,0.25662142342822153
2017-05-17,0.19099814891189856,0.1658876766992867,0.0,0.3864927509605933,0.25662142342822153
2017-05-18,0.19099814891189856,0.1658876766992867,0.0,0.3864927509605933,0.25662142342822153
2017-05-19,0.19099814891189856,0.1658876766992867,0.0,0.3864927509605933,0.25662142342822153
2017-05-22,0.19099814891189856,0.1658876766992867,0.0,0.3864927509605933,0.25662142342822153
2017-05-23,0.19099814891189856,0.1658876766992867,0.0,0.3864927509605933,0.25662142342822153
2017-05-24,0.19099814891189856,0.1658876766992867,0.0,0.3864927509605933,0.25662142342822153
2017-05-25,0.19099814891189856,0.1658876766992867,0.0,0.3864927509605933,0.25662142342822153
2017-05-26,0.19099814891189856,0.1658876766992867,0.0,0.3864927509605933,0.25662142342822153
2017-05-30,0.19099814891189856,0.1658876766992867,0.0,0.3864927509605933,0.25662142342822153
2017-05-31,0.19099814891189856,0.1658876766992867,0.0,0.3864927509605933,0.25662142342822153
2017-06-01,0.19099814891189856,0.1658876766992867,0.0,0.3864927509605933,0.25662142342822153
2017-06-02,0.19099814891189856,0.1658876766992867,0.0,0.3864927509605933,0.25662142342822153
2017-06-05,0.19099814891189856,0.1658876766992867,0.0,0.3864927509605933,0.25662142342822153
2017-06-06,0.19099814891189856,0.1658876766992867,0.0,0.3864927509605933,0.25662142342822153
2017-06-07,0.19099814891189856,0.1658876766992867,0.0,0.3864927509605933,0.25662142342822153
2017-06-08,0.19099814891189856,0.1658876766992867,0.0,0.3864927509605933,0.25662142342822153
2017-06-09,0.20201307922707348,0.19495242918125777,0.0,0.35051746818786733,0.2525170234038014
2017-06-12,0.20201307922707348,0.19495242918125777,0.0,0.35051746818786733,0.2525170234038014
2017-06-13,0.20201307922707348,0.19495242918125777,0.0,0.35051746818786733,0.2525170234038014
2017-06-14,0.20201307922707348,0.19495242918125777,0.0,0.35051746818786733,0.2525170234038014
2017-06-16,0.20201307922707348,0.19495242918125777,0.0,0.35051746818786733,0.2525170234038014
2017-06-19,0.20201307922707348,0.19495242918125777,0.0,0.35051746818786733,0.2525170234038014
2017-06-20,0.20201307922707348,0.19495242918125777,0.0,0.35051746818786733,0.2525170234038014
2017-06-21,0.20201307922707348,0.19495242918125777,0.0,0.35051746818786733,0.2525170234038014
2017-06-22,0.20201307922707348,0.19495242918125777,0.0,0.35051746818786733,0.2525170234038014
2017-06-23,0.20201307922707348,0.19495242918125777,0.0,0.35051746818786733,0.2525170234038014
2017-06-26,0.20201307922707348,0.19495242918125777,0.0,0.35051746818786733,0.2525170234038014
2017-06-27,0.20201307922707348,0.19495242918125777,0.0,0.35051746818786733,0.2525170234038014
2017-06-28,0.20201307922707348,0.19495242918125777,0.0,0.35051746818786733,0.2525170234038014
2017-06-29,0.20201307922707348,0.19495242918125777,0.0,0.35051746818786733,0.2525170234038014
2017-06-30,0.20201307922707348,0.19495242918125777,0.0,0.35051746818786733,0.2525170234038014
2017-07-03,0.20201307922707348,0.19495242918125777,0.0,0.35051746818786733,0.2525170234038014
2017-07-05,0.20201307922707348,0.19495242918125777,0.0,0.35051746818786733,0.2525170234038014
2017-07-06,0.20201307922707348,0.19495242918125777,0.0,0.35051746818786733,0.2525170234038014
2017-07-07,0.20201307922707348,0.19495242918125777,0.0,0.35051746818786733,0.2525170234038014
2017-07-10,0.20201307922707348,0.19495242918125777,0.0,0.35051746818786733,0.2525170234038014
2017-07-11,0.20201307922707348,0.19495242918125777,0.0,0.35051746818786733,0.2525170234038014
2017-07-12,0.20612352980662538,0.1964301368513118,0.0,0.3505050062109606,0.2469413271311023
2017-07-13,0.20612352980662538,0.1964301368513118,0.0,0.3505050062109606,0.2469413271311023
2017-07-14,0.20612352980662538,0.1964301368513118,0.0,0.3505050062109606,0.2469413271311023
2017-07-17,0.20612352980662538,0.1964301368513118,0.0,0.3505050062109606,0.2469413271311023
2017-07-18,0.20612352980662538,0.1964301368513118,0.0,0.3505050062109606,0.2469413271311023
2017-07-19,0.20612352980662538,0.1964301368513118,0.0,0.3505050062109606,0.2469413271311023
2017-07-20,0.20612352980662538,0.1964301368513118,0.0,0.3505050062109606,0.2469413271311023
2017-07-21,0.20612352980662538,0.1964301368513118,0.0,0.3505050062109606,0.2469413271311023
2017-07-24,0.20612352980662538,0.1964301368513118,0.0,0.3505050062109606,0.2469413271311023
2017-07-25,0.20612352980662538,0.1964301368513118,0.0,0.3505050062109606,0.2469413271311023
2017-07-26,0.20612352980662538,0.1964301368513118,0.0,0.3505050062109606,0.2469413271311023
2017-07-27,0.20612352980662538,0.1964301368513118,0.0,0.3505050062109606,0.2469413271311023
2017-07-28,0.20612352980662538,0.1964301368513118,0.0,0.3505050062109606,0.2469413271311023
2017-07-31,0.20612352980662538,0.1964301368513118,0.0,0.3505050062109606,0.2469413271311023
2017-08-01,0.20612352980662538,0.1964301368513118,0.0,0.3505050062109606,0.2469413271311023
2017-08-02,0.20612352980662538,0.1964301368513118,0.0,0.3505050062109606,0.2469413271311023
2017-08-03,0.20612352980662538,0.1964301368513118,0.0,0.3505050062109606,0.2469413271311023
2017-08-04,0.20612352980662538,0.1964301368513118,0.0,0.3505050062109606,0.2469413271311023
2017-08-07,0.20612352980662538,0.1964301368513118,0.0,0.3505050062109606,0.2469413271311023
2017-08-08,0.20612352980662538,0.1964301368513118,0.0,0.3505050062109606,0.2469413271311023
2017-08-09,0.20612352980662538,0.1964301368513118,0.0,0.3505050062109606,0.2469413271311023
2017-08-10,0.20237162544788345,0.1954702134796374,0.0,0.3474472025413702,0.2547109585311089
2017-08-11,0.20237162544788345,0.1954702134796374,0.0,0.3474472025413702,0.2547109585311089
2017-08-14,0.20237162544788345,0.1954702134796374,0.0,0.3474472025413702,0.2547109585311089
2017-08-15,0.20237162544788345,0.1954702134796374,0.0,0.3474472025413702,0.2547109585311089
2017-08-16,0.20237162544788345,0.1954702134796374,0.0,0.3474472025413702,0.2547109585311089
2017-08-17,0.20237162544788345,0.1954702134796374,0.0,0.3474472025413702,0.2547109585311089
2017-08-18,0.20237162544788345,0.1954702134796374,0.0,0.3474472025413702,0.2547109585311089
2017-08-21,0.20237162544788345,0.1954702134796374,0.0,0.3474472025413702,0.2547109585311089
2017-08-22,0.20237162544788345,0.1954702134796374,0.0,0.3474472025413702,0.2547109585311089
2017-08-23,0.20237162544788345,0.1954702134796374,0.0,0.3474472025413702,0.2547109585311089
2017-08-24,0.20237162544788345,0.1954702134796374,0.0,0.3474472025413702,0.2547109585311089
2017-08-25,0.20237162544788345,0.1954702134796374,0.0,0.3474472025413702,0.2547109585311089
2017-08-28,0.20237162544788345,0.1954702134796374,0.0,0.3474472025413702,0.2547109585311089
2017-08-29,0.20237162544788345,0.1954702134796374,0.0,0.3474472025413702,0.2547109585311089
2017-08-30,0.20237162544788345,0.1954702134796374,0.0,0.3474472025413702,0.2547109585311089
2017-08-31,0.20237162544788345,0.1954702134796374,0.0,0.3474472025413702,0.2547109585311089
2017-09-01,0.20237162544788345,0.1954702134796374,0.0,0.3474472025413702,0.2547109585311089
2017-09-05,0.20237162544788345,0.1954702134796374,0.0,0.3474472025413702,0.2547109585311089
2017-09-06,0.20237162544788345,0.1954702134796374,0.0,0.3474472025413702,0.2547109585311089
2017-09-08,0.20237162544788345,0.1954702134796374,0.0,0.3474472025413702,0.2547109585311089
2017-09-11,0.20237162544788345,0.1954702134796374,0.0,0.3474472025413702,0.2547109585311089
2017-09-12,0.2016257826603997,0.19406408419726787,0.0,0.3598330422551766,0.24447709088715594
2017-09-13,0.2016257826603997,0.19406408419726787,0.0,0.3598330422551766,0.24447709088715594
2017-09-14,0.2016257826603997,0.19406408419726787,0.0,0.3598330422551766,0.24447709088715594
2017-09-15,0.2016257826603997,0.19406408419726787,0.0,0.3598330422551766,0.24447709088715594
2017-09-18,0.2016257826603997,0.19406408419726787,0.0,0.3598330422551766,0.24447709088715594
2017-09-19,0.2016257826603997,0.19406408419726787,0.0,0.3598330422551766,0.24447709088715594
2017-09-20,0.2016257826603997,0.19406408419726787,0.0,0.3598330422551766,0.24447709088715594
2017-09-21,0.2016257826603997,0.19406408419726787,0.0,0.3598330422551766,0.24447709088715594
2017-09-22,0.2016257826603997,0.19406408419726787,0.0,0.3598330422551766,0.24447709088715594
2017-09-25,0.2016257826603997,0.19406408419726787,0.0,0.3598330422551766,0.24447709088715594
2017-09-26,0.2016257826603997,0.19406408419726787,0.0,0.3598330422551766,0.24447709088715594
2017-09-27,0.2016257826603997,0.19406408419726787,0.0,0.3598330422551766,0.24447709088715594
2017-09-28,0.2016257826603997,0.19406408419726787,0.0,0.3598330422551766,0.24447709088715594
2017-09-29,0.2016257826603997,0.19406408419726787,0.0,0.3598330422551766,0.24447709088715594
2017-10-02,0.2016257826603997,0.19406408419726787,0.0,0.3598330422551766,0.24447709088715594
2017-10-03,0.2016257826603997,0.19406408419726787,0.0,0.3598330422551766,0.24447709088715594
2017-10-04,0.2016257826603997,0.19406408419726787,0.0,0.3598330422551766,0.24447709088715594
2017-10-05,0.2016257826603997,0.19406408419726787,0.0,0.3598330422551766,0.24447709088715594
2017-10-06,0.2016257826603997,0.19406408419726787,0.0,0.3598330422551766,0.24447709088715594
2017-10-09,0.2016257826603997,0.19406408419726787,0.0,0.3598330422551766,0.24447709088715594
2017-10-10,0.2016257826603997,0.19406408419726787,0.0,0.3598330422551766,0.24447709088715594
2017-10-11,0.20032237903436498,0.19583738582922422,3.629665007676637e-18,0.3478169736186977,0.2560232615177132
2017-10-13,0.20032237903436498,0.19583738582922422,3.629665007676637e-18,0.3478169736186977,0.2560232615177132
2017-10-16,0.20032237903436498,0.19583738582922422,3.629665007676637e-18,0.3478169736186977,0.2560232615177132
2017-10-17,0.20032237903436498,0.19583738582922422,3.629665007676637e-18,0.3478169736186977,0.2560232615177132
2017-10-18,0.20032237903436498,0.19583738582922422,3.629665007676637e-18,0.3478169736186977,0.2560232615177132
2017-10-19,0.20032237903436498,0.19583738582922422,3.629665007676637e-18,0.3478169736186977,0.2560232615177132
2017-10-20,0.20032237903436498,0.19583738582922422,3.629665007676637e-18,0.3478169736186977,0.2560232615177132
2017-10-23,0.20032237903436498,0.19583738582922422,3.629665007676637e-18,0.3478169736186977,0.2560232615177132
2017-10-24,0.20032237903436498,0.19583738582922422,3.629665007676637e-18,0.3478169736186977,0.2560232615177132
2017-10-25,0.20032237903436498,0.19583738582922422,3.629665007676637e-18,0.3478169736186977,0.2560232615177132
2017-10-26,0.20032237903436498,0.19583738582922422,3.629665007676637e-18,0.3478169736186977,0.2560232615177132
2017-10-27,0.20032237903436498,0.19583738582922422,3.629665007676637e-18,0.3478169736186977,0.2560232615177132
2017-10-30,0.20032237903436498,0.19583738582922422,3.629665007676637e-18,0.3478169736186977,0.2560232615177132
2017-10-31,0.20032237903436498,0.19583738582922422,3.629665007676637e-18,0.3478169736186977,0.2560232615177132
2017-11-01,0.20032237903436498,0.19583738582922422,3.629665007676637e-18,0.3478169736186977,0.2560232615177132
2017-11-03,0.20032237903436498,0.19583738582922422,3.629665007676637e-18,0.3478169736186977,0.2560232615177132
2017-11-06,0.20032237903436498,0.19583738582922422,3.629665007676637e-18,0.3478169736186977,0.2560232615177132
2017-11-07,0.20032237903436498,0.19583738582922422,3.629665007676637e-18,0.3478169736186977,0.2560232615177132
2017-11-08,0.20032237903436498,0.19583738582922422,3.629665007676637e-18,0.3478169736186977,0.2560232615177132
2017-11-09,0.20032237903436498,0.19583738582922422,3.629665007676637e-18,0.3478169736186977,0.2560232615177132
2017-11-10,0.20032237903436498,0.19583738582922422,3.629665007676637e-18,0.3478169736186977,0.2560232615177132
2017-11-13,0.1969207650866048,0.19304847825650076,1.460743193727186e-17,0.35262986870760404,0.2574008879492904
2017-11-14,0.1969207650866048,0.19304847825650076,1.460743193727186e-17,0.35262986870760404,0.2574008879492904
2017-11-16,0.1969207650866048,0.19304847825650076,1.460743193727186e-17,0.35262986870760404,0.2574008879492904
2017-11-17,0.1969207650866048,0.19304847825650076,1.460743193727186e-17,0.35262986870760404,0.2574008879492904
2017-11-21,0.1969207650866048,0.19304847825650076,1.460743193727186e-17,0.35262986870760404,0.2574008879492904
2017-11-22,0.1969207650866048,0.19304847825650076,1.460743193727186e-17,0.35262986870760404,0.2574008879492904
2017-11-24,0.1969207650866048,0.19304847825650076,1.460743193727186e-17,0.35262986870760404,0.2574008879492904
2017-11-27,0.1969207650866048,0.19304847825650076,1.460743193727186e-17,0.35262986870760404,0.2574008879492904
2017-11-28,0.1969207650866048,0.19304847825650076,1.460743193727186e-17,0.35262986870760404,0.2574008879492904
2017-11-29,0.1969207650866048,0.19304847825650076,1.460743193727186e-17,0.35262986870760404,0.2574008879492904
2017-11-30,0.1969207650866048,0.19304847825650076,1.460743193727186e-17,0.35262986870760404,0.2574008879492904
2017-12-01,0.1969207650866048,0.19304847825650076,1.460743193727186e-17,0.35262986870760404,0.2574008879492904
2017-12-04,0.1969207650866048,0.19304847825650076,1.460743193727186e-17,0.35262986870760404,0.2574008879492904
2017-12-05,0.1969207650866048,0.19304847825650076,1.460743193727186e-17,0.35262986870760404,0.2574008879492904
2017-12-06,0.1969207650866048,0.19304847825650076,1.460743193727186e-17,0.35262986870760404,0.2574008879492904
2017-12-07,0.1969207650866048,0.19304847825650076,1.460743193727186e-17,0.35262986870760404,0.2574008879492904
2017-12-08,0.1969207650866048,0.19304847825650076,1.460743193727186e-17,0.35262986870760404,0.2574008879492904
2017-12-11,0.1969207650866048,0.19304847825650076,1.460743193727186e-17,0.35262986870760404,0.2574008879492904
2017-12-12,0.1969207650866048,0.19304847825650076,1.460743193727186e-17,0.35262986870760404,0.2574008879492904
2017-12-13,0.1969207650866048,0.19304847825650076,1.460743193727186e-17,0.35262986870760404,0.2574008879492904
2017-12-14,0.1969207650866048,0.19304847825650076,1.460743193727186e-17,0.35262986870760404,0.2574008879492904
2017-12-15,0.19856385789944198,0.19499207420706624,1.978164655452756e-17,0.3469963410076802,0.2594477268858116
2017-12-18,0.19856385789944198,0.19499207420706624,1.978164655452756e-17,0.3469963410076802,0.2594477268858116
2017-12-19,0.19856385789944198,0.19499207420706624,1.978164655452756e-17,0.3469963410076802,0.2594477268858116
2017-12-20,0.19856385789944198,0.19499207420706624,1.978164655452756e-17,0.3469963410076802,0.2594477268858116
2017-12-21,0.19856385789944198,0.19499207420706624,1.978164655452756e-17,0.3469963410076802,0.2594477268858116
2017-12-22,0.19856385789944198,0.19499207420706624,1.978164655452756e-17,0.3469963410076802,0.2594477268858116
2017-12-26,0.19856385789944198,0.19499207420706624,1.978164655452756e-17,0.3469963410076802,0.2594477268858116
2017-12-27,0.19856385789944198,0.19499207420706624,1.978164655452756e-17,0.3469963410076802,0.2594477268858116
2017-12-28,0.19856385789944198,0.19499207420706624,1.978164655452756e-17,0.3469963410076802,0.2594477268858116
2018-01-02,0.19856385789944198,0.19499207420706624,1.978164655452756e-17,0.3469963410076802,0.2594477268858116
2018-01-03,0.19856385789944198,0.19499207420706624,1.978164655452756e-17,0.3469963410076802,0.2594477268858116
2018-01-04,0.19856385789944198,0.19499207420706624,1.978164655452756e-17,0.3469963410076802,0.2594477268858116
2018-01-05,0.19856385789944198,0.19499207420706624,1.978164655452756e-17,0.3469963410076802,0.2594477268858116
2018-01-08,0.19856385789944198,0.19499207420706624,1.978164655452756e-17,0.3469963410076802,0.2594477268858116
2018-01-09,0.19856385789944198,0.19499207420706624,1.978164655452756e-17,0.3469963410076802,0.2594477268858116
2018-01-10,0.19856385789944198,0.19499207420706624,1.978164655452756e-17,0.3469963410076802,0.2594477268858116
2018-01-11,0.19856385789944198,0.19499207420706624,1.978164655452756e-17,0.3469963410076802,0.2594477268858116
2018-01-12,0.19856385789944198,0.19499207420706624,1.978164655452756e-17,0.3469963410076802,0.2594477268858116
2018-01-16,0.19856385789944198,0.19499207420706624,1.978164655452756e-17,0.3469963410076802,0.2594477268858116
2018-01-17,0.19856385789944198,0.19499207420706624,1.978164655452756e-17,0.3469963410076802,0.2594477268858116
2018-01-18,0.19856385789944198,0.19499207420706624,1.978164655452756e-17,0.3469963410076802,0.2594477268858116
2018-01-19,0.1997326354159023,0.19730834648516532,0.0,0.3488781190609487,0.25408089903798375
2018-01-22,0.1997326354159023,0.19730834648516532,0.0,0.3488781190609487,0.25408089903798375
2018-01-23,0.1997326354159023,0.19730834648516532,0.0,0.3488781190609487,0.25408089903798375
2018-01-24,0.1997326354159023,0.19730834648516532,0.0,0.3488781190609487,0.25408089903798375
2018-01-26,0.1997326354159023,0.19730834648516532,0.0,0.3488781190609487,0.25408089903798375
2018-01-29,0.1997326354159023,0.19730834648516532,0.0,0.3488781190609487,0.25408089903798375
2018-01-30,0.1997326354159023,0.19730834648516532,0.0,0.3488781190609487,0.25408089903798375
2018-01-31,0.1997326354159023,0.19730834648516532,0.0,0.3488781190609487,0.25408089903798375
2018-02-01,0.1997326354159023,0.19730834648516532,0.0,0.3488781190609487,0.25408089903798375
2018-02-02,0.1997326354159023,0.19730834648516532,0.0,0.3488781190609487,0.25408089903798375
2018-02-05,0.1997326354159023,0.19730834648516532,0.0,0.3488781190609487,0.25408089903798375
2018-02-06,0.1997326354159023,0.19730834648516532,0.0,0.3488781190609487,0.25408089903798375
2018-02-07,0.1997326354159023,0.19730834648516532,0.0,0.3488781190609487,0.25408089903798375
2018-02-08,0.1997326354159023,0.19730834648516532,0.0,0.3488781190609487,0.25408089903798375
2018-02-09,0.1997326354159023,0.19730834648516532,0.0,0.3488781190609487,0.25408089903798375
2018-02-14,0.1997326354159023,0.19730834648516532,0.0,0.3488781190609487,0.25408089903798375
2018-02-15,0.1997326354159023,0.19730834648516532,0.0,0.3488781190609487,0.25408089903798375
2018-02-16,0.1997326354159023,0.19730834648516532,0.0,0.3488781190609487,0.25408089903798375
2018-02-20,0.1997326354159023,0.19730834648516532,0.0,0.3488781190609487,0.25408089903798375
2018-02-21,0.1997326354159023,0.19730834648516532,0.0,0.3488781190609487,0.25408089903798375
2018-02-22,0.1997326354159023,0.19730834648516532,0.0,0.3488781190609487,0.25408089903798375
2018-02-23,0.19470020997405968,0.1947531471406261,3.5648067680031285e-18,0.4001926123291834,0.21035403055613086
2018-02-26,0.19470020997405968,0.1947531471406261,3.5648067680031285e-18,0.4001926123291834,0.21035403055613086
2018-02-27,0.19470020997405968,0.1947531471406261,3.5648067680031285e-18,0.4001926123291834,0.21035403055613086
2018-02-28,0.19470020997405968,0.1947531471406261,3.5648067680031285e-18,0.4001926123291834,0.21035403055613086
2018-03-01,0.19470020997405968,0.1947531471406261,3.5648067680031285e-18,0.4001926123291834,0.21035403055613086
2018-03-02,0.19470020997405968,0.1947531471406261,3.5648067680031285e-18,0.4001926123291834,0.21035403055613086
2018-03-05,0.19470020997405968,0.1947531471406261,3.5648067680031285e-18,0.4001926123291834,0.21035403055613086
2018-03-06,0.19470020997405968,0.1947531471406261,3.5648067680031285e-18,0.4001926123291834,0.21035403055613086
2018-03-07,0.19470020997405968,0.1947531471406261,3.5648067680031285e-18,0.4001926123291834,0.21035403055613086
2018-03-08,0.19470020997405968,0.1947531471406261,3.5648067680031285e-18,0.4001926123291834,0.21035403055613086
2018-03-09,0.19470020997405968,0.1947531471406261,3.5648067680031285e-18,0.4001926123291834,0.21035403055613086
2018-03-12,0.19470020997405968,0.1947531471406261,3.5648067680031285e-18,0.4001926123291834,0.21035403055613086
2018-03-13,0.19470020997405968,0.1947531471406261,3.5648067680031285e-18,0.4001926123291834,0.21035403055613086
2018-03-14,0.19470020997405968,0.1947531471406261,3.5648067680031285e-18,0.4001926123291834,0.21035403055613086
2018-03-15,0.19470020997405968,0.1947531471406261,3.5648067680031285e-18,0.4001926123291834,0.21035403055613086
2018-03-16,0.19470020997405968,0.1947531471406261,3.5648067680031285e-18,0.4001926123291834,0.21035403055613086
2018-03-19,0.19470020997405968,0.1947531471406261,3.5648067680031285e-18,0.4001926123291834,0.21035403055613086
2018-03-20,0.19470020997405968,0.1947531471406261,3.5648067680031285e-18,0.4001926123291834,0.21035403055613086
2018-03-21,0.19470020997405968,0.1947531471406261,3.5648067680031285e-18,0.4001926123291834,0.21035403055613086
2018-03-22,0.19470020997405968,0.1947531471406261,3.5648067680031285e-18,0.4001926123291834,0.21035403055613086
2018-03-23,0.19470020997405968,0.1947531471406261,3.5648067680031285e-18,0.4001926123291834,0.21035403055613086
2018-03-26,0.19325074092388894,0.19605675042523935,2.602600120580628e-17,0.40244898335225954,0.20824352529861206
2018-03-27,0.19325074092388894,0.19605675042523935,2.602600120580628e-17,0.40244898335225954,0.20824352529861206
2018-03-28,0.19325074092388894,0.19605675042523935,2.602600120580628e-17,0.40244898335225954,0.20824352529861206
2018-03-29,0.19325074092388894,0.19605675042523935,2.602600120580628e-17,0.40244898335225954,0.20824352529861206
2018-04-02,0.19325074092388894,0.19605675042523935,2.602600120580628e-17,0.40244898335225954,0.20824352529861206
2018-04-03,0.19325074092388894,0.19605675042523935,2.602600120580628e-17,0.40244898335225954,0.20824352529861206
2018-04-04,0.19325074092388894,0.19605675042523935,2.602600120580628e-17,0.40244898335225954,0.20824352529861206
2018-04-05,0.19325074092388894,0.19605675042523935,2.602600120580628e-17,0.40244898335225954,0.20824352529861206
2018-04-06,0.19325074092388894,0.19605675042523935,2.602600120580628e-17,0.40244898335225954,0.20824352529861206
2018-04-09,0.19325074092388894,0.19605675042523935,2.602600120580628e-17,0.40244898335225954,0.20824352529861206
2018-04-10,0.19325074092388894,0.19605675042523935,2.602600120580628e-17,0.40244898335225954,0.20824352529861206
2018-04-11,0.19325074092388894,0.19605675042523935,2.602600120580628e-17,0.40244898335225954,0.20824352529861206
2018-04-12,0.19325074092388894,0.19605675042523935,2.602600120580628e-17,0.40244898335225954,0.20824352529861206
2018-04-13,0.19325074092388894,0.19605675042523935,2.602600120580628e-17,0.40244898335225954,0.20824352529861206
2018-04-16,0.19325074092388894,0.19605675042523935,2.602600120580628e-17,0.40244898335225954,0.20824352529861206
2018-04-17,0.19325074092388894,0.19605675042523935,2.602600120580628e-17,0.40244898335225954,0.20824352529861206
2018-04-18,0.19325074092388894,0.19605675042523935,2.602600120580628e-17,0.40244898335225954,0.20824352529861206
2018-04-19,0.19325074092388894,0.19605675042523935,2.602600120580628e-17,0.40244898335225954,0.20824352529861206
2018-04-20,0.19325074092388894,0.19605675042523935,2.602600120580628e-17,0.40244898335225954,0.20824352529861206
2018-04-23,0.19325074092388894,0.19605675042523935,2.602600120580628e-17,0.40244898335225954,0.20824352529861206
2018-04-24,0.19325074092388894,0.19605675042523935,2.602600120580628e-17,0.40244898335225954,0.20824352529861206
2018-04-25,0.19575052599341602,0.19880164764222688,0.0,0.40413726467826655,0.20131056168609057
2018-04-26,0.19575052599341602,0.19880164764222688,0.0,0.40413726467826655,0.20131056168609057
2018-04-27,0.19575052599341602,0.19880164764222688,0.0,0.40413726467826655,0.20131056168609057
2018-04-30,0.19575052599341602,0.19880164764222688,0.0,0.40413726467826655,0.20131056168609057
2018-05-02,0.19575052599341602,0.19880164764222688,0.0,0.40413726467826655,0.20131056168609057
2018-05-03,0.19575052599341602,0.19880164764222688,0.0,0.40413726467826655,0.20131056168609057
2018-05-04,0.19575052599341602,0.19880164764222688,0.0,0.40413726467826655,0.20131056168609057
2018-05-07,0.19575052599341602,0.19880164764222688,0.0,0.40413726467826655,0.20131056168609057
2018-05-08,0.19575052599341602,0.19880164764222688,0.0,0.40413726467826655,0.20131056168609057
2018-05-09,0.19575052599341602,0.19880164764222688,0.0,0.40413726467826655,0.20131056168609057
2018-05-10,0.19575052599341602,0.19880164764222688,0.0,0.40413726467826655,0.20131056168609057
2018-05-11,0.19575052599341602,0.19880164764222688,0.0,0.40413726467826655,0.20131056168609057
2018-05-14,0.19575052599341602,0.19880164764222688,0.0,0.40413726467826655,0.20131056168609057
2018-05-15,0.19575052599341602,0.19880164764222688,0.0,0.40413726467826655,0.20131056168609057
2018-05-16,0.19575052599341602,0.19880164764222688,0.0,0.40413726467826655,0.20131056168609057
2018-05-17,0.19575052599341602,0.19880164764222688,0.0,0.40413726467826655,0.20131056168609057
2018-05-18,0.19575052599341602,0.19880164764222688,0.0,0.40413726467826655,0.20131056168609057
2018-05-21,0.19575052599341602,0.19880164764222688,0.0,0.40413726467826655,0.20131056168609057
2018-05-22,0.19575052599341602,0.19880164764222688,0.0,0.40413726467826655,0.20131056168609057
2018-05-23,0.19575052599341602,0.19880164764222688,0.0,0.40413726467826655,0.20131056168609057
2018-05-24,0.19575052599341602,0.19880164764222688,0.0,0.40413726467826655,0.20131056168609057
2018-05-25,0.18916777129848955,0.20065217364287138,0.0,0.4112663654250528,0.1989136896335863
2018-05-29,0.18916777129848955,0.20065217364287138,0.0,0.4112663654250528,0.1989136896335863
2018-05-30,0.18916777129848955,0.20065217364287138,0.0,0.4112663654250528,0.1989136896335863
2018-06-01,0.18916777129848955,0.20065217364287138,0.0,0.4112663654250528,0.1989136896335863
2018-06-04,0.18916777129848955,0.20065217364287138,0.0,0.4112663654250528,0.1989136896335863
2018-06-05,0.18916777129848955,0.20065217364287138,0.0,0.4112663654250528,0.1989136896335863
2018-06-06,0.18916777129848955,0.20065217364287138,0.0,0.4112663654250528,0.1989136896335863
2018-06-07,0.18916777129848955,0.20065217364287138,0.0,0.4112663654250528,0.1989136896335863
2018-06-08,0.18916777129848955,0.20065217364287138,0.0,0.4112663654250528,0.1989136896335863
2018-06-11,0.18916777129848955,0.20065217364287138,0.0,0.4112663654250528,0.1989136896335863
2018-06-12,0.18916777129848955,0.20065217364287138,0.0,0.4112663654250528,0.1989136896335863
2018-06-13,0.18916777129848955,0.20065217364287138,0.0,0.4112663654250528,0.1989136896335863
2018-06-14,0.18916777129848955,0.20065217364287138,0.0,0.4112663654250528,0.1989136896335863
2018-06-15,0.18916777129848955,0.20065217364287138,0.0,0.4112663654250528,0.1989136896335863
2018-06-18,0.18916777129848955,0.20065217364287138,0.0,0.4112663654250528,0.1989136896335863
2018-06-19,0.18916777129848955,0.20065217364287138,0.0,0.4112663654250528,0.1989136896335863
2018-06-20,0.18916777129848955,0.20065217364287138,0.0,0.4112663654250528,0.1989136896335863
2018-06-21,0.18916777129848955,0.20065217364287138,0.0,0.4112663654250528,0.1989136896335863
2018-06-22,0.18916777129848955,0.20065217364287138,0.0,0.4112663654250528,0.1989136896335863
2018-06-25,0.18916777129848955,0.20065217364287138,0.0,0.4112663654250528,0.1989136896335863
2018-06-26,0.18916777129848955,0.20065217364287138,0.0,0.4112663654250528,0.1989136896335863
2018-06-27,0.1206355542312301,0.21661202123722564,0.0,0.47295418839032466,0.18979823614121963
2018-06-28,0.1206355542312301,0.21661202123722564,0.0,0.47295418839032466,0.18979823614121963
2018-06-29,0.1206355542312301,0.21661202123722564,0.0,0.47295418839032466,0.18979823614121963
2018-07-02,0.1206355542312301,0.21661202123722564,0.0,0.47295418839032466,0.18979823614121963
2018-07-03,0.1206355542312301,0.21661202123722564,0.0,0.47295418839032466,0.18979823614121963
2018-07-05,0.1206355542312301,0.21661202123722564,0.0,0.47295418839032466,0.18979823614121963
2018-07-06,0.1206355542312301,0.21661202123722564,0.0,0.47295418839032466,0.18979823614121963
2018-07-10,0.1206355542312301,0.21661202123722564,0.0,0.47295418839032466,0.18979823614121963
2018-07-11,0.1206355542312301,0.21661202123722564,0.0,0.47295418839032466,0.18979823614121963
2018-07-12,0.1206355542312301,0.21661202123722564,0.0,0.47295418839032466,0.18979823614121963
2018-07-13,0.1206355542312301,0.21661202123722564,0.0,0.47295418839032466,0.18979823614121963
2018-07-16,0.1206355542312301,0.21661202123722564,0.0,0.47295418839032466,0.18979823614121963
2018-07-17,0.1206355542312301,0.21661202123722564,0.0,0.47295418839032466,0.18979823614121963
2018-07-18,0.1206355542312301,0.21661202123722564,0.0,0.47295418839032466,0.18979823614121963
2018-07-19,0.1206355542312301,0.21661202123722564,0.0,0.47295418839032466,0.18979823614121963
2018-07-20,0.1206355542312301,0.21661202123722564,0.0,0.47295418839032466,0.18979823614121963
2018-07-23,0.1206355542312301,0.21661202123722564,0.0,0.47295418839032466,0.18979823614121963
2018-07-24,0.1206355542312301,0.21661202123722564,0.0,0.47295418839032466,0.18979823614121963
2018-07-25,0.1206355542312301,0.21661202123722564,0.0,0.47295418839032466,0.18979823614121963
2018-07-26,0.1206355542312301,0.21661202123722564,0.0,0.47295418839032466,0.18979823614121963
2018-07-27,0.1206355542312301,0.21661202123722564,0.0,0.47295418839032466,0.18979823614121963
2018-07-30,0.10896932358360706,0.22604218641086457,1.2587892132996423e-16,0.4776224791162052,0.18736601088932306
2018-07-31,0.10896932358360706,0.22604218641086457,1.2587892132996423e-16,0.4776224791162052,0.18736601088932306
2018-08-01,0.10896932358360706,0.22604218641086457,1.2587892132996423e-16,0.4776224791162052,0.18736601088932306
2018-08-02,0.10896932358360706,0.22604218641086457,1.2587892132996423e-16,0.4776224791162052,0.18736601088932306
2018-08-03,0.10896932358360706,0.22604218641086457,1.2587892132996423e-16,0.4776224791162052,0.18736601088932306
2018-08-06,0.10896932358360706,0.22604218641086457,1.2587892132996423e-16,0.4776224791162052,0.18736601088932306
2018-08-07,0.10896932358360706,0.22604218641086457,1.2587892132996423e-16,0.4776224791162052,0.18736601088932306
2018-08-08,0.10896932358360706,0.22604218641086457,1.2587892132996423e-16,0.4776224791162052,0.18736601088932306
2018-08-09,0.10896932358360706,0.22604218641086457,1.2587892132996423e-16,0.4776224791162052,0.18736601088932306
2018-08-10,0.10896932358360706,0.22604218641086457,1.2587892132996423e-16,0.4776224791162052,0.18736601088932306
2018-08-13,0.10896932358360706,0.22604218641086457,1.2587892132996423e-16,0.4776224791162052,0.18736601088932306
2018-08-14,0.10896932358360706,0.22604218641086457,1.2587892132996423e-16,0.4776224791162052,0.18736601088932306
2018-08-15,0.10896932358360706,0.22604218641086457,1.2587892132996423e-16,0.4776224791162052,0.18736601088932306
2018-08-16,0.10896932358360706,0.22604218641086457,1.2587892132996423e-16,0.4776224791162052,0.18736601088932306
2018-08-17,0.10896932358360706,0.22604218641086457,1.2587892132996423e-16,0.4776224791162052,0.18736601088932306
2018-08-20,0.10896932358360706,0.22604218641086457,1.2587892132996423e-16,0.4776224791162052,0.18736601088932306
2018-08-21,0.10896932358360706,0.22604218641086457,1.2587892132996423e-16,0.4776224791162052,0.18736601088932306
2018-08-22,0.10896932358360706,0.22604218641086457,1.2587892132996423e-16,0.4776224791162052,0.18736601088932306
2018-08-23,0.10896932358360706,0.22604218641086457,1.2587892132996423e-16,0.4776224791162052,0.18736601088932306
2018-08-24,0.10896932358360706,0.22604218641086457,1.2587892132996423e-16,0.4776224791162052,0.18736601088932306
2018-08-27,0.10896932358360706,0.22604218641086457,1.2587892132996423e-16,0.4776224791162052,0.18736601088932306
2018-08-28,0.09369640348692772,0.24809591831875588,3.645392182468205e-17,0.4656496114605543,0.1925580667337621
2018-08-29,0.09369640348692772,0.24809591831875588,3.645392182468205e-17,0.4656496114605543,0.1925580667337621
2018-08-30,0.09369640348692772,0.24809591831875588,3.645392182468205e-17,0.4656496114605543,0.1925580667337621
2018-08-31,0.09369640348692772,0.24809591831875588,3.645392182468205e-17,0.4656496114605543,0.1925580667337621
2018-09-04,0.09369640348692772,0.24809591831875588,3.645392182468205e-17,0.4656496114605543,0.1925580667337621
2018-09-05,0.09369640348692772,0.24809591831875588,3.645392182468205e-17,0.4656496114605543,0.1925580667337621
2018-09-06,0.09369640348692772,0.24809591831875588,3.645392182468205e-17,0.4656496114605543,0.1925580667337621
2018-09-10,0.09369640348692772,0.24809591831875588,3.645392182468205e-17,0.4656496114605543,0.1925580667337621
2018-09-11,0.09369640348692772,0.24809591831875588,3.645392182468205e-17,0.4656496114605543,0.1925580667337621
2018-09-12,0.09369640348692772,0.24809591831875588,3.645392182468205e-17,0.4656496114605543,0.1925580667337621
2018-09-13,0.09369640348692772,0.24809591831875588,3.645392182468205e-17,0.4656496114605543,0.1925580667337621
2018-09-14,0.09369640348692772,0.24809591831875588,3.645392182468205e-17,0.4656496114605543,0.1925580667337621
2018-09-17,0.09369640348692772,0.24809591831875588,3.645392182468205e-17,0.4656496114605543,0.1925580667337621
2018-09-18,0.09369640348692772,0.24809591831875588,3.645392182468205e-17,0.4656496114605543,0.1925580667337621
2018-09-19,0.09369640348692772,0.24809591831875588,3.645392182468205e-17,0.4656496114605543,0.1925580667337621
2018-09-20,0.09369640348692772,0.24809591831875588,3.645392182468205e-17,0.4656496114605543,0.1925580667337621
2018-09-21,0.09369640348692772,0.24809591831875588,3.645392182468205e-17,0.4656496114605543,0.1925580667337621
2018-09-24,0.09369640348692772,0.24809591831875588,3.645392182468205e-17,0.4656496114605543,0.1925580667337621
2018-09-25,0.09369640348692772,0.24809591831875588,3.645392182468205e-17,0.4656496114605543,0.1925580667337621
2018-09-26,0.09369640348692772,0.24809591831875588,3.645392182468205e-17,0.4656496114605543,0.1925580667337621
2018-09-27,0.09369640348692772,0.24809591831875588,3.645392182468205e-17,0.4656496114605543,0.1925580667337621
2018-09-28,0.09145973778737386,0.2628984416154008,4.845374729834665e-17,0.451207401877596,0.19443441871962924
2018-10-01,0.09145973778737386,0.2628984416154008,4.845374729834665e-17,0.451207401877596,0.19443441871962924
2018-10-02,0.09145973778737386,0.2628984416154008,4.845374729834665e-17,0.451207401877596,0.19443441871962924
2018-10-03,0.09145973778737386,0.2628984416154008,4.845374729834665e-17,0.451207401877596,0.19443441871962924
2018-10-04,0.09145973778737386,0.2628984416154008,4.845374729834665e-17,0.451207401877596,0.19443441871962924
2018-10-05,0.09145973778737386,0.2628984416154008,4.845374729834665e-17,0.451207401877596,0.19443441871962924
2018-10-08,0.09145973778737386,0.2628984416154008,4.845374729834665e-17,0.451207401877596,0.19443441871962924
2018-10-09,0.09145973778737386,0.2628984416154008,4.845374729834665e-17,0.451207401877596,0.19443441871962924
2018-10-10,0.09145973778737386,0.2628984416154008,4.845374729834665e-17,0.451207401877596,0.19443441871962924
2018-10-11,0.09145973778737386,0.2628984416154008,4.845374729834665e-17,0.451207401877596,0.19443441871962924
2018-10-15,0.09145973778737386,0.2628984416154008,4.845374729834665e-17,0.451207401877596,0.19443441871962924
2018-10-16,0.09145973778737386,0.2628984416154008,4.845374729834665e-17,0.451207401877596,0.19443441871962924
2018-10-17,0.09145973778737386,0.2628984416154008,4.845374729834665e-17,0.451207401877596,0.19443441871962924
2018-10-18,0.09145973778737386,0.2628984416154008,4.845374729834665e-17,0.451207401877596,0.19443441871962924
2018-10-19,0.09145973778737386,0.2628984416154008,4.845374729834665e-17,0.451207401877596,0.19443441871962924
2018-10-22,0.09145973778737386,0.2628984416154008,4.845374729834665e-17,0.451207401877596,0.19443441871962924
2018-10-23,0.09145973778737386,0.2628984416154008,4.845374729834665e-17,0.451207401877596,0.19443441871962924
2018-10-24,0.09145973778737386,0.2628984416154008,4.845374729834665e-17,0.451207401877596,0.19443441871962924
2018-10-25,0.09145973778737386,0.2628984416154008,4.845374729834665e-17,0.451207401877596,0.19443441871962924
2018-10-26,0.09145973778737386,0.2628984416154008,4.845374729834665e-17,0.451207401877596,0.19443441871962924
2018-10-29,0.09145973778737386,0.2628984416154008,4.845374729834665e-17,0.451207401877596,0.19443441871962924
2018-10-30,0.08783571462344748,0.27332374754264127,6.534963308897868e-17,0.4765780248542382,0.16226251297967295
2018-10-31,0.08783571462344748,0.27332374754264127,6.534963308897868e-17,0.4765780248542382,0.16226251297967295
2018-11-01,0.08783571462344748,0.27332374754264127,6.534963308897868e-17,0.4765780248542382,0.16226251297967295
2018-11-05,0.08783571462344748,0.27332374754264127,6.534963308897868e-17,0.4765780248542382,0.16226251297967295
2018-11-06,0.08783571462344748,0.27332374754264127,6.534963308897868e-17,0.4765780248542382,0.16226251297967295
2018-11-07,0.08783571462344748,0.27332374754264127,6.534963308897868e-17,0.4765780248542382,0.16226251297967295
2018-11-08,0.08783571462344748,0.27332374754264127,6.534963308897868e-17,0.4765780248542382,0.16226251297967295
2018-11-09,0.08783571462344748,0.27332374754264127,6.534963308897868e-17,0.4765780248542382,0.16226251297967295
2018-11-12,0.08783571462344748,0.27332374754264127,6.534963308897868e-17,0.4765780248542382,0.16226251297967295
2018-11-13,0.08783571462344748,0.27332374754264127,6.534963308897868e-17,0.4765780248542382,0.16226251297967295
2018-11-14,0.08783571462344748,0.27332374754264127,6.534963308897868e-17,0.4765780248542382,0.16226251297967295
2018-11-16,0.08783571462344748,0.27332374754264127,6.534963308897868e-17,0.4765780248542382,0.16226251297967295
2018-11-19,0.08783571462344748,0.27332374754264127,6.534963308897868e-17,0.4765780248542382,0.16226251297967295
2018-11-21,0.08783571462344748,0.27332374754264127,6.534963308897868e-17,0.4765780248542382,0.16226251297967295
2018-11-23,0.08783571462344748,0.27332374754264127,6.534963308897868e-17,0.4765780248542382,0.16226251297967295
2018-11-26,0.08783571462344748,0.27332374754264127,6.534963308897868e-17,0.4765780248542382,0.16226251297967295
2018-11-27,0.08783571462344748,0.27332374754264127,6.534963308897868e-17,0.4765780248542382,0.16226251297967295
2018-11-28,0.08783571462344748,0.27332374754264127,6.534963308897868e-17,0.4765780248542382,0.16226251297967295
2018-11-29,0.08783571462344748,0.27332374754264127,6.534963308897868e-17,0.4765780248542382,0.16226251297967295
2018-11-30,0.08783571462344748,0.27332374754264127,6.534963308897868e-17,0.4765780248542382,0.16226251297967295
2018-12-03,0.08783571462344748,0.27332374754264127,6.534963308897868e-17,0.4765780248542382,0.16226251297967295
2018-12-04,0.09064539241688749,0.2699240685632173,1.7215243164823005e-16,0.4885392422394249,0.15089129678046997
2018-12-06,0.09064539241688749,0.2699240685632173,1.7215243164823005e-16,0.4885392422394249,0.15089129678046997
2018-12-07,0.09064539241688749,0.2699240685632173,1.7215243164823005e-16,0.4885392422394249,0.15089129678046997
2018-12-10,0.09064539241688749,0.2699240685632173,1.7215243164823005e-16,0.4885392422394249,0.15089129678046997
2018-12-11,0.09064539241688749,0.2699240685632173,1.7215243164823005e-16,0.4885392422394249,0.15089129678046997
2018-12-12,0.09064539241688749,0.2699240685632173,1.7215243164823005e-16,0.4885392422394249,0.15089129678046997
2018-12-13,0.09064539241688749,0.2699240685632173,1.7215243164823005e-16,0.4885392422394249,0.15089129678046997
2018-12-14,0.09064539241688749,0.2699240685632173,1.7215243164823005e-16,0.4885392422394249,0.15089129678046997
2018-12-17,0.09064539241688749,0.2699240685632173,1.7215243164823005e-16,0.4885392422394249,0.15089129678046997
2018-12-18,0.09064539241688749,0.2699240685632173,1.7215243164823005e-16,0.4885392422394249,0.15089129678046997
2018-12-19,0.09064539241688749,0.2699240685632173,1.7215243164823005e-16,0.4885392422394249,0.15089129678046997
2018-12-20,0.09064539241688749,0.2699240685632173,1.7215243164823005e-16,0.4885392422394249,0.15089129678046997
2018-12-21,0.09064539241688749,0.2699240685632173,1.7215243164823005e-16,0.4885392422394249,0.15089129678046997
2018-12-26,0.09064539241688749,0.2699240685632173,1.7215243164823005e-16,0.4885392422394249,0.15089129678046997
2018-12-27,0.09064539241688749,0.2699240685632173,1.7215243164823005e-16,0.4885392422394249,0.15089129678046997
2018-12-28,0.09064539241688749,0.2699240685632173,1.7215243164823005e-16,0.4885392422394249,0.15089129678046997
2019-01-02,0.09064539241688749,0.2699240685632173,1.7215243164823005e-16,0.4885392422394249,0.15089129678046997
2019-01-03,0.09064539241688749,0.2699240685632173,1.7215243164823005e-16,0.4885392422394249,0.15089129678046997
2019-01-04,0.09064539241688749,0.2699240685632173,1.7215243164823005e-16,0.4885392422394249,0.15089129678046997
2019-01-07,0.09064539241688749,0.2699240685632173,1.7215243164823005e-16,0.4885392422394249,0.15089129678046997
2019-01-08,0.09064539241688749,0.2699240685632173,1.7215243164823005e-16,0.4885392422394249,0.15089129678046997
2019-01-09,0.10301219707054689,0.2633599321231492,0.0,0.4977912249460509,0.1358366458602532
2019-01-10,0.10301219707054689,0.2633599321231492,0.0,0.4977912249460509,0.1358366458602532
2019-01-11,0.10301219707054689,0.2633599321231492,0.0,0.4977912249460509,0.1358366458602532
2019-01-14,0.10301219707054689,0.2633599321231492,0.0,0.4977912249460509,0.1358366458602532
2019-01-15,0.10301219707054689,0.2633599321231492,0.0,0.4977912249460509,0.1358366458602532
2019-01-16,0.10301219707054689,0.2633599321231492,0.0,0.4977912249460509,0.1358366458602532
2019-01-17,0.10301219707054689,0.2633599321231492,0.0,0.4977912249460509,0.1358366458602532
2019-01-18,0.10301219707054689,0.2633599321231492,0.0,0.4977912249460509,0.1358366458602532
2019-01-22,0.10301219707054689,0.2633599321231492,0.0,0.4977912249460509,0.1358366458602532
2019-01-23,0.10301219707054689,0.2633599321231492,0.0,0.4977912249460509,0.1358366458602532
2019-01-24,0.10301219707054689,0.2633599321231492,0.0,0.4977912249460509,0.1358366458602532
2019-01-28,0.10301219707054689,0.2633599321231492,0.0,0.4977912249460509,0.1358366458602532
2019-01-29,0.10301219707054689,0.2633599321231492,0.0,0.4977912249460509,0.1358366458602532
2019-01-30,0.10301219707054689,0.2633599321231492,0.0,0.4977912249460509,0.1358366458602532
2019-01-31,0.10301219707054689,0.2633599321231492,0.0,0.4977912249460509,0.1358366458602532
2019-02-01,0.10301219707054689,0.2633599321231492,0.0,0.4977912249460509,0.1358366458602532
2019-02-04,0.10301219707054689,0.2633599321231492,0.0,0.4977912249460509,0.1358366458602532
2019-02-05,0.10301219707054689,0.2633599321231492,0.0,0.4977912249460509,0.1358366458602532
2019-02-06,0.10301219707054689,0.2633599321231492,0.0,0.4977912249460509,0.1358366458602532
2019-02-07,0.10301219707054689,0.2633599321231492,0.0,0.4977912249460509,0.1358366458602532
2019-02-08,0.10301219707054689,0.2633599321231492,0.0,0.4977912249460509,0.1358366458602532
2019-02-11,0.10824985699846829,0.25874505050044094,4.397397831384822e-17,0.5014454270826725,0.13155966541841818
2019-02-12,0.10824985699846829,0.25874505050044094,4.397397831384822e-17,0.5014454270826725,0.13155966541841818
2019-02-13,0.10824985699846829,0.25874505050044094,4.397397831384822e-17,0.5014454270826725,0.13155966541841818
2019-02-14,0.10824985699846829,0.25874505050044094,4.397397831384822e-17,0.5014454270826725,0.13155966541841818
2019-02-15,0.10824985699846829,0.25874505050044094,4.397397831384822e-17,0.5014454270826725,0.13155966541841818
2019-02-19,0.10824985699846829,0.25874505050044094,4.397397831384822e-17,0.5014454270826725,0.13155966541841818
2019-02-20,0.10824985699846829,0.25874505050044094,4.397397831384822e-17,0.5014454270826725,0.13155966541841818
2019-02-21,0.10824985699846829,0.25874505050044094,4.397397831384822e-17,0.5014454270826725,0.13155966541841818
2019-02-22,0.10824985699846829,0.25874505050044094,4.397397831384822e-17,0.5014454270826725,0.13155966541841818
2019-02-25,0.10824985699846829,0.25874505050044094,4.397397831384822e-17,0.5014454270826725,0.13155966541841818
2019-02-26,0.10824985699846829,0.25874505050044094,4.397397831384822e-17,0.5014454270826725,0.13155966541841818
2019-02-27,0.10824985699846829,0.25874505050044094,4.397397831384822e-17,0.5014454270826725,0.13155966541841818
2019-02-28,0.10824985699846829,0.25874505050044094,4.397397831384822e-17,0.5014454270826725,0.13155966541841818
2019-03-01,0.10824985699846829,0.25874505050044094,4.397397831384822e-17,0.5014454270826725,0.13155966541841818
2019-03-06,0.10824985699846829,0.25874505050044094,4.397397831384822e-17,0.5014454270826725,0.13155966541841818
2019-03-07,0.10824985699846829,0.25874505050044094,4.397397831384822e-17,0.5014454270826725,0.13155966541841818
2019-03-08,0.10824985699846829,0.25874505050044094,4.397397831384822e-17,0.5014454270826725,0.13155966541841818
2019-03-11,0.10824985699846829,0.25874505050044094,4.397397831384822e-17,0.5014454270826725,0.13155966541841818
2019-03-12,0.10824985699846829,0.25874505050044094,4.397397831384822e-17,0.5014454270826725,0.13155966541841818
2019-03-13,0.10824985699846829,0.25874505050044094,4.397397831384822e-17,0.5014454270826725,0.13155966541841818
2019-03-14,0.10824985699846829,0.25874505050044094,4.397397831384822e-17,0.5014454270826725,0.13155966541841818
2019-03-15,0.10459098772363183,0.2683982225689254,3.787804568747452e-18,0.4727545311532695,0.15425625855417321
2019-03-18,0.10459098772363183,0.2683982225689254,3.787804568747452e-18,0.4727545311532695,0.15425625855417321
2019-03-19,0.10459098772363183,0.2683982225689254,3.787804568747452e-18,0.4727545311532695,0.15425625855417321
2019-03-20,0.10459098772363183,0.2683982225689254,3.787804568747452e-18,0.4727545311532695,0.15425625855417321
2019-03-21,0.10459098772363183,0.2683982225689254,3.787804568747452e-18,0.4727545311532695,0.15425625855417321
2019-03-22,0.10459098772363183,0.2683982225689254,3.787804568747452e-18,0.4727545311532695,0.15425625855417321
2019-03-25,0.10459098772363183,0.2683982225689254,3.787804568747452e-18,0.4727545311532695,0.15425625855417321
2019-03-26,0.10459098772363183,0.2683982225689254,3.787804568747452e-18,0.4727545311532695,0.15425625855417321
2019-03-27,0.10459098772363183,0.2683982225689254,3.787804568747452e-18,0.4727545311532695,0.15425625855417321
2019-03-28,0.10459098772363183,0.2683982225689254,3.787804568747452e-18,0.4727545311532695,0.15425625855417321
2019-03-29,0.10459098772363183,0.2683982225689254,3.787804568747452e-18,0.4727545311532695,0.15425625855417321
2019-04-01,0.10459098772363183,0.2683982225689254,3.787804568747452e-18,0.4727545311532695,0.15425625855417321
2019-04-02,0.10459098772363183,0.2683982225689254,3.787804568747452e-18,0.4727545311532695,0.15425625855417321
2019-04-03,0.10459098772363183,0.2683982225689254,3.787804568747452e-18,0.4727545311532695,0.15425625855417321
2019-04-04,0.10459098772363183,0.2683982225689254,3.787804568747452e-18,0.4727545311532695,0.15425625855417321
2019-04-05,0.10459098772363183,0.2683982225689254,3.787804568747452e-18,0.4727545311532695,0.15425625855417321
2019-04-08,0.10459098772363183,0.2683982225689254,3.787804568747452e-18,0.4727545311532695,0.15425625855417321
2019-04-09,0.10459098772363183,0.2683982225689254,3.787804568747452e-18,0.4727545311532695,0.15425625855417321
2019-04-10,0.10459098772363183,0.2683982225689254,3.787804568747452e-18,0.4727545311532695,0.15425625855417321
2019-04-11,0.10459098772363183,0.2683982225689254,3.787804568747452e-18,0.4727545311532695,0.15425625855417321
2019-04-12,0.10459098772363183,0.2683982225689254,3.787804568747452e-18,0.4727545311532695,0.15425625855417321
2019-04-15,0.10258737547413475,0.27017791515589473,7.341277953852497e-17,0.4781036995848251,0.14913100978514526
2019-04-16,0.10258737547413475,0.27017791515589473,7.341277953852497e-17,0.4781036995848251,0.14913100978514526
2019-04-17,0.10258737547413475,0.27017791515589473,7.341277953852497e-17,0.4781036995848251,0.14913100978514526
2019-04-18,0.10258737547413475,0.27017791515589473,7.341277953852497e-17,0.4781036995848251,0.14913100978514526
2019-04-22,0.10258737547413475,0.27017791515589473,7.341277953852497e-17,0.4781036995848251,0.14913100978514526
2019-04-23,0.10258737547413475,0.27017791515589473,7.341277953852497e-17,0.4781036995848251,0.14913100978514526
2019-04-24,0.10258737547413475,0.27017791515589473,7.341277953852497e-17,0.4781036995848251,0.14913100978514526
2019-04-25,0.10258737547413475,0.27017791515589473,7.341277953852497e-17,0.4781036995848251,0.14913100978514526
2019-04-26,0.10258737547413475,0.27017791515589473,7.341277953852497e-17,0.4781036995848251,0.14913100978514526
2019-04-29,0.10258737547413475,0.27017791515589473,7.341277953852497e-17,0.4781036995848251,0.14913100978514526
2019-04-30,0.10258737547413475,0.27017791515589473,7.341277953852497e-17,0.4781036995848251,0.14913100978514526
2019-05-02,0.10258737547413475,0.27017791515589473,7.341277953852497e-17,0.4781036995848251,0.14913100978514526
2019-05-03,0.10258737547413475,0.27017791515589473,7.341277953852497e-17,0.4781036995848251,0.14913100978514526
2019-05-06,0.10258737547413475,0.27017791515589473,7.341277953852497e-17,0.4781036995848251,0.14913100978514526
2019-05-07,0.10258737547413475,0.27017791515589473,7.341277953852497e-17,0.4781036995848251,0.14913100978514526
2019-05-08,0.10258737547413475,0.27017791515589473,7.341277953852497e-17,0.4781036995848251,0.14913100978514526
2019-05-09,0.10258737547413475,0.27017791515589473,7.341277953852497e-17,0.4781036995848251,0.14913100978514526
2019-05-10,0.10258737547413475,0.27017791515589473,7.341277953852497e-17,0.4781036995848251,0.14913100978514526
2019-05-13,0.10258737547413475,0.27017791515589473,7.341277953852497e-17,0.4781036995848251,0.14913100978514526
2019-05-14,0.10258737547413475,0.27017791515589473,7.341277953852497e-17,0.4781036995848251,0.14913100978514526
2019-05-15,0.10258737547413475,0.27017791515589473,7.341277953852497e-17,0.4781036995848251,0.14913100978514526
2019-05-16,0.10316140618802065,0.2680361190173592,8.476731130959692e-17,0.48824884392560214,0.14055363086901798
2019-05-17,0.10316140618802065,0.2680361190173592,8.476731130959692e-17,0.48824884392560214,0.14055363086901798
2019-05-20,0.10316140618802065,0.2680361190173592,8.476731130959692e-17,0.48824884392560214,0.14055363086901798
2019-05-21,0.10316140618802065,0.2680361190173592,8.476731130959692e-17,0.48824884392560214,0.14055363086901798
2019-05-22,0.10316140618802065,0.2680361190173592,8.476731130959692e-17,0.48824884392560214,0.14055363086901798
2019-05-23,0.10316140618802065,0.2680361190173592,8.476731130959692e-17,0.48824884392560214,0.14055363086901798
2019-05-24,0.10316140618802065,0.2680361190173592,8.476731130959692e-17,0.48824884392560214,0.14055363086901798
2019-05-28,0.10316140618802065,0.2680361190173592,8.476731130959692e-17,0.48824884392560214,0.14055363086901798
2019-05-29,0.10316140618802065,0.2680361190173592,8.476731130959692e-17,0.48824884392560214,0.14055363086901798
2019-05-30,0.10316140618802065,0.2680361190173592,8.476731130959692e-17,0.48824884392560214,0.14055363086901798
2019-05-31,0.10316140618802065,0.2680361190173592,8.476731130959692e-17,0.48824884392560214,0.14055363086901798
2019-06-03,0.10316140618802065,0.2680361190173592,8.476731130959692e-17,0.48824884392560214,0.14055363086901798
2019-06-04,0.10316140618802065,0.2680361190173592,8.476731130959692e-17,0.48824884392560214,0.14055363086901798
2019-06-05,0.10316140618802065,0.2680361190173592,8.476731130959692e-17,0.48824884392560214,0.14055363086901798
2019-06-06,0.10316140618802065,0.2680361190173592,8.476731130959692e-17,0.48824884392560214,0.14055363086901798
2019-06-07,0.10316140618802065,0.2680361190173592,8.476731130959692e-17,0.48824884392560214,0.14055363086901798
2019-06-10,0.10316140618802065,0.2680361190173592,8.476731130959692e-17,0.48824884392560214,0.14055363086901798
2019-06-11,0.10316140618802065,0.2680361190173592,8.476731130959692e-17,0.48824884392560214,0.14055363086901798
2019-06-12,0.10316140618802065,0.2680361190173592,8.476731130959692e-17,0.48824884392560214,0.14055363086901798
2019-06-13,0.10316140618802065,0.2680361190173592,8.476731130959692e-17,0.48824884392560214,0.14055363086901798
2019-06-14,0.10316140618802065,0.2680361190173592,8.476731130959692e-17,0.48824884392560214,0.14055363086901798
2019-06-17,0.11769567184164194,0.25071787200172796,0.0,0.47683808296293795,0.15474837319369217
2019-06-18,0.11769567184164194,0.25071787200172796,0.0,0.47683808296293795,0.15474837319369217
2019-06-19,0.11769567184164194,0.25071787200172796,0.0,0.47683808296293795,0.15474837319369217
2019-06-21,0.11769567184164194,0.25071787200172796,0.0,0.47683808296293795,0.15474837319369217
2019-06-24,0.11769567184164194,0.25071787200172796,0.0,0.47683808296293795,0.15474837319369217
2019-06-25,0.11769567184164194,0.25071787200172796,0.0,0.47683808296293795,0.15474837319369217
2019-06-26,0.11769567184164194,0.25071787200172796,0.0,0.47683808296293795,0.15474837319369217
2019-06-27,0.11769567184164194,0.25071787200172796,0.0,0.47683808296293795,0.15474837319369217
2019-06-28,0.11769567184164194,0.25071787200172796,0.0,0.47683808296293795,0.15474837319369217
2019-07-01,0.11769567184164194,0.25071787200172796,0.0,0.47683808296293795,0.15474837319369217
2019-07-02,0.11769567184164194,0.25071787200172796,0.0,0.47683808296293795,0.15474837319369217
2019-07-03,0.11769567184164194,0.25071787200172796,0.0,0.47683808296293795,0.15474837319369217
2019-07-05,0.11769567184164194,0.25071787200172796,0.0,0.47683808296293795,0.15474837319369217
2019-07-08,0.11769567184164194,0.25071787200172796,0.0,0.47683808296293795,0.15474837319369217
2019-07-10,0.11769567184164194,0.25071787200172796,0.0,0.47683808296293795,0.15474837319369217
2019-07-11,0.11769567184164194,0.25071787200172796,0.0,0.47683808296293795,0.15474837319369217
2019-07-12,0.11769567184164194,0.25071787200172796,0.0,0.47683808296293795,0.15474837319369217
2019-07-15,0.11769567184164194,0.25071787200172796,0.0,0.47683808296293795,0.15474837319369217
2019-07-16,0.11769567184164194,0.25071787200172796,0.0,0.47683808296293795,0.15474837319369217
2019-07-17,0.11769567184164194,0.25071787200172796,0.0,0.47683808296293795,0.15474837319369217
2019-07-18,0.11769567184164194,0.25071787200172796,0.0,0.47683808296293795,0.15474837319369217
2019-07-19,0.13726246755797952,0.2288507529307696,8.844461095055873e-18,0.4516764822530909,0.18221029725815996
2019-07-22,0.13726246755797952,0.2288507529307696,8.844461095055873e-18,0.4516764822530909,0.18221029725815996
2019-07-23,0.13726246755797952,0.2288507529307696,8.844461095055873e-18,0.4516764822530909,0.18221029725815996
2019-07-24,0.13726246755797952,0.2288507529307696,8.844461095055873e-18,0.4516764822530909,0.18221029725815996
2019-07-25,0.13726246755797952,0.2288507529307696,8.844461095055873e-18,0.4516764822530909,0.18221029725815996
2019-07-26,0.13726246755797952,0.2288507529307696,8.844461095055873e-18,0.4516764822530909,0.18221029725815996
2019-07-29,0.13726246755797952,0.2288507529307696,8.844461095055873e-18,0.4516764822530909,0.18221029725815996
2019-07-30,0.13726246755797952,0.2288507529307696,8.844461095055873e-18,0.4516764822530909,0.18221029725815996
2019-07-31,0.13726246755797952,0.2288507529307696,8.844461095055873e-18,0.4516764822530909,0.18221029725815996
2019-08-01,0.13726246755797952,0.2288507529307696,8.844461095055873e-18,0.4516764822530909,0.18221029725815996
2019-08-02,0.13726246755797952,0.2288507529307696,8.844461095055873e-18,0.4516764822530909,0.18221029725815996
2019-08-05,0.13726246755797952,0.2288507529307696,8.844461095055873e-18,0.4516764822530909,0.18221029725815996
2019-08-06,0.13726246755797952,0.2288507529307696,8.844461095055873e-18,0.4516764822530909,0.18221029725815996
2019-08-07,0.13726246755797952,0.2288507529307696,8.844461095055873e-18,0.4516764822530909,0.18221029725815996
2019-08-08,0.13726246755797952,0.2288507529307696,8.844461095055873e-18,0.4516764822530909,0.18221029725815996
2019-08-09,0.13726246755797952,0.2288507529307696,8.844461095055873e-18,0.4516764822530909,0.18221029725815996
2019-08-12,0.13726246755797952,0.2288507529307696,8.844461095055873e-18,0.4516764822530909,0.18221029725815996
2019-08-13,0.13726246755797952,0.2288507529307696,8.844461095055873e-18,0.4516764822530909,0.18221029725815996
2019-08-14,0.13726246755797952,0.2288507529307696,8.844461095055873e-18,0.4516764822530909,0.18221029725815996
2019-08-15,0.13726246755797952,0.2288507529307696,8.844461095055873e-18,0.4516764822530909,0.18221029725815996
2019-08-16,0.13726246755797952,0.2288507529307696,8.844461095055873e-18,0.4516764822530909,0.18221029725815996
2019-08-19,0.14524459240508683,0.22488230976120815,0.0,0.44597042449497565,0.18390267333872948
2019-08-20,0.14524459240508683,0.22488230976120815,0.0,0.44597042449497565,0.18390267333872948
2019-08-21,0.14524459240508683,0.22488230976120815,0.0,0.44597042449497565,0.18390267333872948
2019-08-22,0.14524459240508683,0.22488230976120815,0.0,0.44597042449497565,0.18390267333872948
2019-08-23,0.14524459240508683,0.22488230976120815,0.0,0.44597042449497565,0.18390267333872948
2019-08-26,0.14524459240508683,0.22488230976120815,0.0,0.44597042449497565,0.18390267333872948
2019-08-27,0.14524459240508683,0.22488230976120815,0.0,0.44597042449497565,0.18390267333872948
2019-08-28,0.14524459240508683,0.22488230976120815,0.0,0.44597042449497565,0.18390267333872948
2019-08-29,0.14524459240508683,0.22488230976120815,0.0,0.44597042449497565,0.18390267333872948
2019-08-30,0.14524459240508683,0.22488230976120815,0.0,0.44597042449497565,0.18390267333872948
2019-09-03,0.14524459240508683,0.22488230976120815,0.0,0.44597042449497565,0.18390267333872948
2019-09-04,0.14524459240508683,0.22488230976120815,0.0,0.44597042449497565,0.18390267333872948
2019-09-05,0.14524459240508683,0.22488230976120815,0.0,0.44597042449497565,0.18390267333872948
2019-09-06,0.14524459240508683,0.22488230976120815,0.0,0.44597042449497565,0.18390267333872948
2019-09-09,0.14524459240508683,0.22488230976120815,0.0,0.44597042449497565,0.18390267333872948
2019-09-10,0.14524459240508683,0.22488230976120815,0.0,0.44597042449497565,0.18390267333872948
2019-09-11,0.14524459240508683,0.22488230976120815,0.0,0.44597042449497565,0.18390267333872948
2019-09-12,0.14524459240508683,0.22488230976120815,0.0,0.44597042449497565,0.18390267333872948
2019-09-13,0.14524459240508683,0.22488230976120815,0.0,0.44597042449497565,0.18390267333872948
2019-09-16,0.14524459240508683,0.22488230976120815,0.0,0.44597042449497565,0.18390267333872948
2019-09-17,0.14524459240508683,0.22488230976120815,0.0,0.44597042449497565,0.18390267333872948
2019-09-18,0.16933629815230972,0.200686731870899,1.1320951226645505e-16,0.44957929880589437,0.18039767117089672
2019-09-19,0.16933629815230972,0.200686731870899,1.1320951226645505e-16,0.44957929880589437,0.18039767117089672
2019-09-20,0.16933629815230972,0.200686731870899,1.1320951226645505e-16,0.44957929880589437,0.18039767117089672
2019-09-23,0.16933629815230972,0.200686731870899,1.1320951226645505e-16,0.44957929880589437,0.18039767117089672
2019-09-24,0.16933629815230972,0.200686731870899,1.1320951226645505e-16,0.44957929880589437,0.18039767117089672
2019-09-25,0.16933629815230972,0.200686731870899,1.1320951226645505e-16,0.44957929880589437,0.18039767117089672
2019-09-26,0.16933629815230972,0.200686731870899,1.1320951226645505e-16,0.44957929880589437,0.18039767117089672
2019-09-27,0.16933629815230972,0.200686731870899,1.1320951226645505e-16,0.44957929880589437,0.18039767117089672
2019-09-30,0.16933629815230972,0.200686731870899,1.1320951226645505e-16,0.44957929880589437,0.18039767117089672
2019-10-01,0.16933629815230972,0.200686731870899,1.1320951226645505e-16,0.44957929880589437,0.18039767117089672
2019-10-02,0.16933629815230972,0.200686731870899,1.1320951226645505e-16,0.44957929880589437,0.18039767117089672
2019-10-03,0.16933629815230972,0.200686731870899,1.1320951226645505e-16,0.44957929880589437,0.18039767117089672
2019-10-04,0.16933629815230972,0.200686731870899,1.1320951226645505e-16,0.44957929880589437,0.18039767117089672
2019-10-07,0.16933629815230972,0.200686731870899,1.1320951226645505e-16,0.44957929880589437,0.18039767117089672
2019-10-08,0.16933629815230972,0.200686731870899,1.1320951226645505e-16,0.44957929880589437,0.18039767117089672
2019-10-09,0.16933629815230972,0.200686731870899,1.1320951226645505e-16,0.44957929880589437,0.18039767117089672
2019-10-10,0.16933629815230972,0.200686731870899,1.1320951226645505e-16,0.44957929880589437,0.18039767117089672
2019-10-11,0.16933629815230972,0.200686731870899,1.1320951226645505e-16,0.44957929880589437,0.18039767117089672
2019-10-14,0.16933629815230972,0.200686731870899,1.1320951226645505e-16,0.44957929880589437,0.18039767117089672
2019-10-15,0.16933629815230972,0.200686731870899,1.1320951226645505e-16,0.44957929880589437,0.18039767117089672
2019-10-16,0.16933629815230972,0.200686731870899,1.1320951226645505e-16,0.44957929880589437,0.18039767117089672
2019-10-17,0.17118734630190358,0.19041302138859598,0.0,0.45483001808075424,0.1835696142287462
2019-10-18,0.17118734630190358,0.19041302138859598,0.0,0.45483001808075424,0.1835696142287462
2019-10-21,0.17118734630190358,0.19041302138859598,0.0,0.45483001808075424,0.1835696142287462
2019-10-22,0.17118734630190358,0.19041302138859598,0.0,0.45483001808075424,0.1835696142287462
2019-10-23,0.17118734630190358,0.19041302138859598,0.0,0.45483001808075424,0.1835696142287462
2019-10-24,0.17118734630190358,0.19041302138859598,0.0,0.45483001808075424,0.1835696142287462
2019-10-25,0.17118734630190358,0.19041302138859598,0.0,0.45483001808075424,0.1835696142287462
2019-10-28,0.17118734630190358,0.19041302138859598,0.0,0.45483001808075424,0.1835696142287462
2019-10-29,0.17118734630190358,0.19041302138859598,0.0,0.45483001808075424,0.1835696142287462
2019-10-30,0.17118734630190358,0.19041302138859598,0.0,0.45483001808075424,0.1835696142287462
2019-10-31,0.17118734630190358,0.19041302138859598,0.0,0.45483001808075424,0.1835696142287462
2019-11-01,0.17118734630190358,0.19041302138859598,0.0,0.45483001808075424,0.1835696142287462
2019-11-04,0.17118734630190358,0.19041302138859598,0.0,0.45483001808075424,0.1835696142287462
2019-11-05,0.17118734630190358,0.19041302138859598,0.0,0.45483001808075424,0.1835696142287462
2019-11-06,0.17118734630190358,0.19041302138859598,0.0,0.45483001808075424,0.1835696142287462
2019-11-07,0.17118734630190358,0.19041302138859598,0.0,0.45483001808075424,0.1835696142287462
2019-11-08,0.17118734630190358,0.19041302138859598,0.0,0.45483001808075424,0.1835696142287462
2019-11-11,0.17118734630190358,0.19041302138859598,0.0,0.45483001808075424,0.1835696142287462
2019-11-12,0.17118734630190358,0.19041302138859598,0.0,0.45483001808075424,0.1835696142287462
2019-11-13,0.17118734630190358,0.19041302138859598,0.0,0.45483001808075424,0.1835696142287462
2019-11-14,0.17118734630190358,0.19041302138859598,0.0,0.45483001808075424,0.1835696142287462
2019-11-18,0.18852733194902435,0.1627365878108463,0.0,0.4411347593075495,0.20760132093257988
2019-11-19,0.18852733194902435,0.1627365878108463,0.0,0.4411347593075495,0.20760132093257988
2019-11-21,0.18852733194902435,0.1627365878108463,0.0,0.4411347593075495,0.20760132093257988
2019-11-22,0.18852733194902435,0.1627365878108463,0.0,0.4411347593075495,0.20760132093257988
2019-11-25,0.18852733194902435,0.1627365878108463,0.0,0.4411347593075495,0.20760132093257988
2019-11-26,0.18852733194902435,0.1627365878108463,0.0,0.4411347593075495,0.20760132093257988
2019-11-27,0.18852733194902435,0.1627365878108463,0.0,0.4411347593075495,0.20760132093257988
2019-11-29,0.18852733194902435,0.1627365878108463,0.0,0.4411347593075495,0.20760132093257988
2019-12-02,0.18852733194902435,0.1627365878108463,0.0,0.4411347593075495,0.20760132093257988
2019-12-03,0.18852733194902435,0.1627365878108463,0.0,0.4411347593075495,0.20760132093257988
2019-12-04,0.18852733194902435,0.1627365878108463,0.0,0.4411347593075495,0.20760132093257988
2019-12-05,0.18852733194902435,0.1627365878108463,0.0,0.4411347593075495,0.20760132093257988
2019-12-06,0.18852733194902435,0.1627365878108463,0.0,0.4411347593075495,0.20760132093257988
2019-12-09,0.18852733194902435,0.1627365878108463,0.0,0.4411347593075495,0.20760132093257988
2019-12-10,0.18852733194902435,0.1627365878108463,0.0,0.4411347593075495,0.20760132093257988
2019-12-11,0.18852733194902435,0.1627365878108463,0.0,0.4411347593075495,0.20760132093257988
2019-12-12,0.18852733194902435,0.1627365878108463,0.0,0.4411347593075495,0.20760132093257988
2019-12-13,0.18852733194902435,0.1627365878108463,0.0,0.4411347593075495,0.20760132093257988
2019-12-16,0.18852733194902435,0.1627365878108463,0.0,0.4411347593075495,0.20760132093257988
2019-12-17,0.18852733194902435,0.1627365878108463,0.0,0.4411347593075495,0.20760132093257988
2019-12-18,0.18852733194902435,0.1627365878108463,0.0,0.4411347593075495,0.20760132093257988
2019-12-19,0.1919257033986258,0.16754558098067124,0.0,0.4271631722335826,0.21336554338712047
2019-12-20,0.1919257033986258,0.16754558098067124,0.0,0.4271631722335826,0.21336554338712047
2019-12-23,0.1919257033986258,0.16754558098067124,0.0,0.4271631722335826,0.21336554338712047
2019-12-26,0.1919257033986258,0.16754558098067124,0.0,0.4271631722335826,0.21336554338712047
2019-12-27,0.1919257033986258,0.16754558098067124,0.0,0.4271631722335826,0.21336554338712047
2019-12-30,0.1919257033986258,0.16754558098067124,0.0,0.4271631722335826,0.21336554338712047
2020-01-02,0.1919257033986258,0.16754558098067124,0.0,0.4271631722335826,0.21336554338712047
2020-01-03,0.1919257033986258,0.16754558098067124,0.0,0.4271631722335826,0.21336554338712047
2020-01-06,0.1919257033986258,0.16754558098067124,0.0,0.4271631722335826,0.21336554338712047
2020-01-07,0.1919257033986258,0.16754558098067124,0.0,0.4271631722335826,0.21336554338712047
2020-01-08,0.1919257033986258,0.16754558098067124,0.0,0.4271631722335826,0.21336554338712047
2020-01-09,0.1919257033986258,0.16754558098067124,0.0,0.4271631722335826,0.21336554338712047
2020-01-10,0.1919257033986258,0.16754558098067124,0.0,0.4271631722335826,0.21336554338712047
2020-01-13,0.1919257033986258,0.16754558098067124,0.0,0.4271631722335826,0.21336554338712047
2020-01-14,0.1919257033986258,0.16754558098067124,0.0,0.4271631722335826,0.21336554338712047
2020-01-15,0.1919257033986258,0.16754558098067124,0.0,0.4271631722335826,0.21336554338712047
2020-01-16,0.1919257033986258,0.16754558098067124,0.0,0.4271631722335826,0.21336554338712047
2020-01-17,0.1919257033986258,0.16754558098067124,0.0,0.4271631722335826,0.21336554338712047
2020-01-21,0.1919257033986258,0.16754558098067124,0.0,0.4271631722335826,0.21336554338712047
2020-01-22,0.1919257033986258,0.16754558098067124,0.0,0.4271631722335826,0.21336554338712047
2020-01-23,0.1919257033986258,0.16754558098067124,0.0,0.4271631722335826,0.21336554338712047
2020-01-24,0.18709612302387885,0.15475406199033173,0.0,0.4113288576772469,0.24682095730854264
2020-01-27,0.18709612302387885,0.15475406199033173,0.0,0.4113288576772469,0.24682095730854264
2020-01-28,0.18709612302387885,0.15475406199033173,0.0,0.4113288576772469,0.24682095730854264
2020-01-29,0.18709612302387885,0.15475406199033173,0.0,0.4113288576772469,0.24682095730854264
2020-01-30,0.18709612302387885,0.15475406199033173,0.0,0.4113288576772469,0.24682095730854264
2020-01-31,0.18709612302387885,0.15475406199033173,0.0,0.4113288576772469,0.24682095730854264
2020-02-03,0.18709612302387885,0.15475406199033173,0.0,0.4113288576772469,0.24682095730854264
2020-02-04,0.18709612302387885,0.15475406199033173,0.0,0.4113288576772469,0.24682095730854264
2020-02-05,0.18709612302387885,0.15475406199033173,0.0,0.4113288576772469,0.24682095730854264
2020-02-06,0.18709612302387885,0.15475406199033173,0.0,0.4113288576772469,0.24682095730854264
2020-02-07,0.18709612302387885,0.15475406199033173,0.0,0.4113288576772469,0.24682095730854264
2020-02-10,0.18709612302387885,0.15475406199033173,0.0,0.4113288576772469,0.24682095730854264
2020-02-11,0.18709612302387885,0.15475406199033173,0.0,0.4113288576772469,0.24682095730854264
2020-02-12,0.18709612302387885,0.15475406199033173,0.0,0.4113288576772469,0.24682095730854264
2020-02-13,0.18709612302387885,0.15475406199033173,0.0,0.4113288576772469,0.24682095730854264
2020-02-14,0.18709612302387885,0.15475406199033173,0.0,0.4113288576772469,0.24682095730854264
2020-02-18,0.18709612302387885,0.15475406199033173,0.0,0.4113288576772469,0.24682095730854264
2020-02-19,0.18709612302387885,0.15475406199033173,0.0,0.4113288576772469,0.24682095730854264
2020-02-20,0.18709612302387885,0.15475406199033173,0.0,0.4113288576772469,0.24682095730854264
2020-02-21,0.18709612302387885,0.15475406199033173,0.0,0.4113288576772469,0.24682095730854264
2020-02-26,0.18709612302387885,0.15475406199033173,0.0,0.4113288576772469,0.24682095730854264
2020-02-27,0.1703048047122415,0.17179007978878869,4.254594042770959e-17,0.45624418744291884,0.20166092805605101
2020-02-28,0.1703048047122415,0.17179007978878869,4.254594042770959e-17,0.45624418744291884,0.20166092805605101
2020-03-02,0.1703048047122415,0.17179007978878869,4.254594042770959e-17,0.45624418744291884,0.20166092805605101
2020-03-03,0.1703048047122415,0.17179007978878869,4.254594042770959e-17,0.45624418744291884,0.20166092805605101
2020-03-04,0.1703048047122415,0.17179007978878869,4.254594042770959e-17,0.45624418744291884,0.20166092805605101
2020-03-05,0.1703048047122415,0.17179007978878869,4.254594042770959e-17,0.45624418744291884,0.20166092805605101
2020-03-06,0.1703048047122415,0.17179007978878869,4.254594042770959e-17,0.45624418744291884,0.20166092805605101
2020-03-09,0.1703048047122415,0.17179007978878869,4.254594042770959e-17,0.45624418744291884,0.20166092805605101
2020-03-10,0.1703048047122415,0.17179007978878869,4.254594042770959e-17,0.45624418744291884,0.20166092805605101
2020-03-11,0.1703048047122415,0.17179007978878869,4.254594042770959e-17,0.45624418744291884,0.20166092805605101
2020-03-12,0.1703048047122415,0.17179007978878869,4.254594042770959e-17,0.45624418744291884,0.20166092805605101
2020-03-13,0.1703048047122415,0.17179007978878869,4.254594042770959e-17,0.45624418744291884,0.20166092805605101
2020-03-16,0.1703048047122415,0.17179007978878869,4.254594042770959e-17,0.45624418744291884,0.20166092805605101
2020-03-17,0.1703048047122415,0.17179007978878869,4.254594042770959e-17,0.45624418744291884,0.20166092805605101
2020-03-18,0.1703048047122415,0.17179007978878869,4.254594042770959e-17,0.45624418744291884,0.20166092805605101
2020-03-19,0.1703048047122415,0.17179007978878869,4.254594042770959e-17,0.45624418744291884,0.20166092805605101
2020-03-20,0.1703048047122415,0.17179007978878869,4.254594042770959e-17,0.45624418744291884,0.20166092805605101
2020-03-23,0.1703048047122415,0.17179007978878869,4.254594042770959e-17,0.45624418744291884,0.20166092805605101
2020-03-24,0.1703048047122415,0.17179007978878869,4.254594042770959e-17,0.45624418744291884,0.20166092805605101
2020-03-25,0.1703048047122415,0.17179007978878869,4.254594042770959e-17,0.45624418744291884,0.20166092805605101
2020-03-26,0.1703048047122415,0.17179007978878869,4.254594042770959e-17,0.45624418744291884,0.20166092805605101
2020-03-27,0.15418088412058342,0.15145858551106117,4.623288733713142e-19,0.6009961294583993,0.09336440090995615
2020-03-30,0.15418088412058342,0.15145858551106117,4.623288733713142e-19,0.6009961294583993,0.09336440090995615
2020-03-31,0.15418088412058342,0.15145858551106117,4.623288733713142e-19,0.6009961294583993,0.09336440090995615
2020-04-01,0.15418088412058342,0.15145858551106117,4.623288733713142e-19,0.6009961294583993,0.09336440090995615
2020-04-02,0.15418088412058342,0.15145858551106117,4.623288733713142e-19,0.6009961294583993,0.09336440090995615
2020-04-03,0.15418088412058342,0.15145858551106117,4.623288733713142e-19,0.6009961294583993,0.09336440090995615
2020-04-06,0.15418088412058342,0.15145858551106117,4.623288733713142e-19,0.6009961294583993,0.09336440090995615
2020-04-07,0.15418088412058342,0.15145858551106117,4.623288733713142e-19,0.6009961294583993,0.09336440090995615
2020-04-08,0.15418088412058342,0.15145858551106117,4.623288733713142e-19,0.6009961294583993,0.09336440090995615
2020-04-09,0.15418088412058342,0.15145858551106117,4.623288733713142e-19,0.6009961294583993,0.09336440090995615
2020-04-13,0.15418088412058342,0.15145858551106117,4.623288733713142e-19,0.6009961294583993,0.09336440090995615
2020-04-14,0.15418088412058342,0.15145858551106117,4.623288733713142e-19,0.6009961294583993,0.09336440090995615
2020-04-15,0.15418088412058342,0.15145858551106117,4.623288733713142e-19,0.6009961294583993,0.09336440090995615
2020-04-16,0.15418088412058342,0.15145858551106117,4.623288733713142e-19,0.6009961294583993,0.09336440090995615
2020-04-17,0.15418088412058342,0.15145858551106117,4.623288733713142e-19,0.6009961294583993,0.09336440090995615
2020-04-20,0.15418088412058342,0.15145858551106117,4.623288733713142e-19,0.6009961294583993,0.09336440090995615
2020-04-22,0.15418088412058342,0.15145858551106117,4.623288733713142e-19,0.6009961294583993,0.09336440090995615
2020-04-23,0.15418088412058342,0.15145858551106117,4.623288733713142e-19,0.6009961294583993,0.09336440090995615
2020-04-24,0.15418088412058342,0.15145858551106117,4.623288733713142e-19,0.6009961294583993,0.09336440090995615
2020-04-27,0.15418088412058342,0.15145858551106117,4.623288733713142e-19,0.6009961294583993,0.09336440090995615
2020-04-28,0.15418088412058342,0.15145858551106117,4.623288733713142e-19,0.6009961294583993,0.09336440090995615
2020-04-29,0.15957929988483202,0.14899041050405828,4.640358663205612e-18,0.6049196320218942,0.08651065758921549
2020-04-30,0.15957929988483202,0.14899041050405828,4.640358663205612e-18,0.6049196320218942,0.08651065758921549
2020-05-04,0.15957929988483202,0.14899041050405828,4.640358663205612e-18,0.6049196320218942,0.08651065758921549
2020-05-05,0.15957929988483202,0.14899041050405828,4.640358663205612e-18,0.6049196320218942,0.08651065758921549
2020-05-06,0.15957929988483202,0.14899041050405828,4.640358663205612e-18,0.6049196320218942,0.08651065758921549
2020-05-07,0.15957929988483202,0.14899041050405828,4.640358663205612e-18,0.6049196320218942,0.08651065758921549
2020-05-08,0.15957929988483202,0.14899041050405828,4.640358663205612e-18,0.6049196320218942,0.08651065758921549
2020-05-11,0.15957929988483202,0.14899041050405828,4.640358663205612e-18,0.6049196320218942,0.08651065758921549
2020-05-12,0.15957929988483202,0.14899041050405828,4.640358663205612e-18,0.6049196320218942,0.08651065758921549
2020-05-13,0.15957929988483202,0.14899041050405828,4.640358663205612e-18,0.6049196320218942,0.08651065758921549
2020-05-14,0.15957929988483202,0.14899041050405828,4.640358663205612e-18,0.6049196320218942,0.08651065758921549
2020-05-15,0.15957929988483202,0.14899041050405828,4.640358663205612e-18,0.6049196320218942,0.08651065758921549
2020-05-18,0.15957929988483202,0.14899041050405828,4.640358663205612e-18,0.6049196320218942,0.08651065758921549
2020-05-19,0.15957929988483202,0.14899041050405828,4.640358663205612e-18,0.6049196320218942,0.08651065758921549
2020-05-20,0.15957929988483202,0.14899041050405828,4.640358663205612e-18,0.6049196320218942,0.08651065758921549
2020-05-21,0.15957929988483202,0.14899041050405828,4.640358663205612e-18,0.6049196320218942,0.08651065758921549
2020-05-22,0.15957929988483202,0.14899041050405828,4.640358663205612e-18,0.6049196320218942,0.08651065758921549
2020-05-26,0.15957929988483202,0.14899041050405828,4.640358663205612e-18,0.6049196320218942,0.08651065758921549
2020-05-27,0.15957929988483202,0.14899041050405828,4.640358663205612e-18,0.6049196320218942,0.08651065758921549
2020-05-28,0.15957929988483202,0.14899041050405828,4.640358663205612e-18,0.6049196320218942,0.08651065758921549
2020-05-29,0.15957929988483202,0.14899041050405828,4.640358663205612e-18,0.6049196320218942,0.08651065758921549
2020-06-01,0.1736334541882117,0.16458397485629417,0.0,0.6063655601711239,0.05541701078437029
2020-06-02,0.1736334541882117,0.16458397485629417,0.0,0.6063655601711239,0.05541701078437029
2020-06-03,0.1736334541882117,0.16458397485629417,0.0,0.6063655601711239,0.05541701078437029
2020-06-04,0.1736334541882117,0.16458397485629417,0.0,0.6063655601711239,0.05541701078437029
2020-06-05,0.1736334541882117,0.16458397485629417,0.0,0.6063655601711239,0.05541701078437029
2020-06-08,0.1736334541882117,0.16458397485629417,0.0,0.6063655601711239,0.05541701078437029
2020-06-09,0.1736334541882117,0.16458397485629417,0.0,0.6063655601711239,0.05541701078437029
2020-06-10,0.1736334541882117,0.16458397485629417,0.0,0.6063655601711239,0.05541701078437029
2020-06-12,0.1736334541882117,0.16458397485629417,0.0,0.6063655601711239,0.05541701078437029
2020-06-15,0.1736334541882117,0.16458397485629417,0.0,0.6063655601711239,0.05541701078437029
2020-06-16,0.1736334541882117,0.16458397485629417,0.0,0.6063655601711239,0.05541701078437029
2020-06-17,0.1736334541882117,0.16458397485629417,0.0,0.6063655601711239,0.05541701078437029
2020-06-18,0.1736334541882117,0.16458397485629417,0.0,0.6063655601711239,0.05541701078437029
2020-06-19,0.1736334541882117,0.16458397485629417,0.0,0.6063655601711239,0.05541701078437029
2020-06-22,0.1736334541882117,0.16458397485629417,0.0,0.6063655601711239,0.05541701078437029
2020-06-23,0.1736334541882117,0.16458397485629417,0.0,0.6063655601711239,0.05541701078437029
2020-06-24,0.1736334541882117,0.16458397485629417,0.0,0.6063655601711239,0.05541701078437029
2020-06-25,0.1736334541882117,0.16458397485629417,0.0,0.6063655601711239,0.05541701078437029
2020-06-26,0.1736334541882117,0.16458397485629417,0.0,0.6063655601711239,0.05541701078437029
2020-06-29,0.1736334541882117,0.16458397485629417,0.0,0.6063655601711239,0.05541701078437029
2020-06-30,0.1736334541882117,0.16458397485629417,0.0,0.6063655601711239,0.05541701078437029
2020-07-01,0.19097880698773134,0.17885406199232273,0.0,0.6060165071291633,0.024150623890782548
2020-07-02,0.19097880698773134,0.17885406199232273,0.0,0.6060165071291633,0.024150623890782548
2020-07-06,0.19097880698773134,0.17885406199232273,0.0,0.6060165071291633,0.024150623890782548
2020-07-07,0.19097880698773134,0.17885406199232273,0.0,0.6060165071291633,0.024150623890782548
2020-07-08,0.19097880698773134,0.17885406199232273,0.0,0.6060165071291633,0.024150623890782548
2020-07-09,0.19097880698773134,0.17885406199232273,0.0,0.6060165071291633,0.024150623890782548
2020-07-10,0.19097880698773134,0.17885406199232273,0.0,0.6060165071291633,0.024150623890782548
2020-07-13,0.19097880698773134,0.17885406199232273,0.0,0.6060165071291633,0.024150623890782548
2020-07-14,0.19097880698773134,0.17885406199232273,0.0,0.6060165071291633,0.024150623890782548
2020-07-15,0.19097880698773134,0.17885406199232273,0.0,0.6060165071291633,0.024150623890782548
2020-07-16,0.19097880698773134,0.17885406199232273,0.0,0.6060165071291633,0.024150623890782548
2020-07-17,0.19097880698773134,0.17885406199232273,0.0,0.6060165071291633,0.024150623890782548
2020-07-20,0.19097880698773134,0.17885406199232273,0.0,0.6060165071291633,0.024150623890782548
2020-07-21,0.19097880698773134,0.17885406199232273,0.0,0.6060165071291633,0.024150623890782548
2020-07-22,0.19097880698773134,0.17885406199232273,0.0,0.6060165071291633,0.024150623890782548
2020-07-23,0.19097880698773134,0.17885406199232273,0.0,0.6060165071291633,0.024150623890782548
2020-07-24,0.19097880698773134,0.17885406199232273,0.0,0.6060165071291633,0.024150623890782548
2020-07-27,0.19097880698773134,0.17885406199232273,0.0,0.6060165071291633,0.024150623890782548
2020-07-28,0.19097880698773134,0.17885406199232273,0.0,0.6060165071291633,0.024150623890782548
2020-07-29,0.19097880698773134,0.17885406199232273,0.0,0.6060165071291633,0.024150623890782548
2020-07-30,0.19097880698773134,0.17885406199232273,0.0,0.6060165071291633,0.024150623890782548
2020-07-31,0.19270816760262588,0.18422791464254093,3.058329588478475e-17,0.6141821134693136,0.008881804285519511
2020-08-03,0.19270816760262588,0.18422791464254093,3.058329588478475e-17,0.6141821134693136,0.008881804285519511
2020-08-04,0.19270816760262588,0.18422791464254093,3.058329588478475e-17,0.6141821134693136,0.008881804285519511
2020-08-05,0.19270816760262588,0.18422791464254093,3.058329588478475e-17,0.6141821134693136,0.008881804285519511
2020-08-06,0.19270816760262588,0.18422791464254093,3.058329588478475e-17,0.6141821134693136,0.008881804285519511
2020-08-07,0.19270816760262588,0.18422791464254093,3.058329588478475e-17,0.6141821134693136,0.008881804285519511
2020-08-10,0.19270816760262588,0.18422791464254093,3.058329588478475e-17,0.6141821134693136,0.008881804285519511
2020-08-11,0.19270816760262588,0.18422791464254093,3.058329588478475e-17,0.6141821134693136,0.008881804285519511
2020-08-12,0.19270816760262588,0.18422791464254093,3.058329588478475e-17,0.6141821134693136,0.008881804285519511
2020-08-13,0.19270816760262588,0.18422791464254093,3.058329588478475e-17,0.6141821134693136,0.008881804285519511
2020-08-14,0.19270816760262588,0.18422791464254093,3.058329588478475e-17,0.6141821134693136,0.008881804285519511
2020-08-17,0.19270816760262588,0.18422791464254093,3.058329588478475e-17,0.6141821134693136,0.008881804285519511
2020-08-18,0.19270816760262588,0.18422791464254093,3.058329588478475e-17,0.6141821134693136,0.008881804285519511
2020-08-19,0.19270816760262588,0.18422791464254093,3.058329588478475e-17,0.6141821134693136,0.008881804285519511
2020-08-20,0.19270816760262588,0.18422791464254093,3.058329588478475e-17,0.6141821134693136,0.008881804285519511
2020-08-21,0.19270816760262588,0.18422791464254093,3.058329588478475e-17,0.6141821134693136,0.008881804285519511
2020-08-24,0.19270816760262588,0.18422791464254093,3.058329588478475e-17,0.6141821134693136,0.008881804285519511
2020-08-25,0.19270816760262588,0.18422791464254093,3.058329588478475e-17,0.6141821134693136,0.008881804285519511
2020-08-26,0.19270816760262588,0.18422791464254093,3.058329588478475e-17,0.6141821134693136,0.008881804285519511
2020-08-27,0.19270816760262588,0.18422791464254093,3.058329588478475e-17,0.6141821134693136,0.008881804285519511
2020-08-28,0.19270816760262588,0.18422791464254093,3.058329588478475e-17,0.6141821134693136,0.008881804285519511
2020-08-31,0.19233539299169858,0.18497330321485594,0.0,0.6047245735863609,0.01796673020708467
2020-09-01,0.19233539299169858,0.18497330321485594,0.0,0.6047245735863609,0.01796673020708467
2020-09-02,0.19233539299169858,0.18497330321485594,0.0,0.6047245735863609,0.01796673020708467
2020-09-03,0.19233539299169858,0.18497330321485594,0.0,0.6047245735863609,0.01796673020708467
2020-09-04,0.19233539299169858,0.18497330321485594,0.0,0.6047245735863609,0.01796673020708467
2020-09-08,0.19233539299169858,0.18497330321485594,0.0,0.6047245735863609,0.01796673020708467
2020-09-09,0.19233539299169858,0.18497330321485594,0.0,0.6047245735863609,0.01796673020708467
2020-09-10,0.19233539299169858,0.18497330321485594,0.0,0.6047245735863609,0.01796673020708467
2020-09-11,0.19233539299169858,0.18497330321485594,0.0,0.6047245735863609,0.01796673020708467
2020-09-14,0.19233539299169858,0.18497330321485594,0.0,0.6047245735863609,0.01796673020708467
2020-09-15,0.19233539299169858,0.18497330321485594,0.0,0.6047245735863609,0.01796673020708467
2020-09-16,0.19233539299169858,0.18497330321485594,0.0,0.6047245735863609,0.01796673020708467
2020-09-17,0.19233539299169858,0.18497330321485594,0.0,0.6047245735863609,0.01796673020708467
2020-09-18,0.19233539299169858,0.18497330321485594,0.0,0.6047245735863609,0.01796673020708467
2020-09-21,0.19233539299169858,0.18497330321485594,0.0,0.6047245735863609,0.01796673020708467
2020-09-22,0.19233539299169858,0.18497330321485594,0.0,0.6047245735863609,0.01796673020708467
2020-09-23,0.19233539299169858,0.18497330321485594,0.0,0.6047245735863609,0.01796673020708467
2020-09-24,0.19233539299169858,0.18497330321485594,0.0,0.6047245735863609,0.01796673020708467
2020-09-25,0.19233539299169858,0.18497330321485594,0.0,0.6047245735863609,0.01796673020708467
2020-09-28,0.19233539299169858,0.18497330321485594,0.0,0.6047245735863609,0.01796673020708467
2020-09-29,0.19233539299169858,0.18497330321485594,0.0,0.6047245735863609,0.01796673020708467
2020-09-30,0.19221836543118878,0.18554593605612163,4.788763151225136e-18,0.6106960403171924,0.011539658195497222
2020-10-01,0.19221836543118878,0.18554593605612163,4.788763151225136e-18,0.6106960403171924,0.011539658195497222
2020-10-02,0.19221836543118878,0.18554593605612163,4.788763151225136e-18,0.6106960403171924,0.011539658195497222
2020-10-05,0.19221836543118878,0.18554593605612163,4.788763151225136e-18,0.6106960403171924,0.011539658195497222
2020-10-06,0.19221836543118878,0.18554593605612163,4.788763151225136e-18,0.6106960403171924,0.011539658195497222
2020-10-07,0.19221836543118878,0.18554593605612163,4.788763151225136e-18,0.6106960403171924,0.011539658195497222
2020-10-08,0.19221836543118878,0.18554593605612163,4.788763151225136e-18,0.6106960403171924,0.011539658195497222
2020-10-09,0.19221836543118878,0.18554593605612163,4.788763151225136e-18,0.6106960403171924,0.011539658195497222
2020-10-13,0.19221836543118878,0.18554593605612163,4.788763151225136e-18,0.6106960403171924,0.011539658195497222
2020-10-14,0.19221836543118878,0.18554593605612163,4.788763151225136e-18,0.6106960403171924,0.011539658195497222
2020-10-15,0.19221836543118878,0.18554593605612163,4.788763151225136e-18,0.6106960403171924,0.011539658195497222
2020-10-16,0.19221836543118878,0.18554593605612163,4.788763151225136e-18,0.6106960403171924,0.011539658195497222
2020-10-19,0.19221836543118878,0.18554593605612163,4.788763151225136e-18,0.6106960403171924,0.011539658195497222
2020-10-20,0.19221836543118878,0.18554593605612163,4.788763151225136e-18,0.6106960403171924,0.011539658195497222
2020-10-21,0.19221836543118878,0.18554593605612163,4.788763151225136e-18,0.6106960403171924,0.011539658195497222
2020-10-22,0.19221836543118878,0.18554593605612163,4.788763151225136e-18,0.6106960403171924,0.011539658195497222
2020-10-23,0.19221836543118878,0.18554593605612163,4.788763151225136e-18,0.6106960403171924,0.011539658195497222
2020-10-26,0.19221836543118878,0.18554593605612163,4.788763151225136e-18,0.6106960403171924,0.011539658195497222
2020-10-27,0.19221836543118878,0.18554593605612163,4.788763151225136e-18,0.6106960403171924,0.011539658195497222
2020-10-28,0.19221836543118878,0.18554593605612163,4.788763151225136e-18,0.6106960403171924,0.011539658195497222
2020-10-29,0.19221836543118878,0.18554593605612163,4.788763151225136e-18,0.6106960403171924,0.011539658195497222
2020-10-30,0.1935217268302999,0.1879685029273383,5.266350320284813e-19,0.6169329594347638,0.0015768108075980066
2020-11-03,0.1935217268302999,0.1879685029273383,5.266350320284813e-19,0.6169329594347638,0.0015768108075980066
2020-11-04,0.1935217268302999,0.1879685029273383,5.266350320284813e-19,0.6169329594347638,0.0015768108075980066
2020-11-05,0.1935217268302999,0.1879685029273383,5.266350320284813e-19,0.6169329594347638,0.0015768108075980066
2020-11-06,0.1935217268302999,0.1879685029273383,5.266350320284813e-19,0.6169329594347638,0.0015768108075980066
2020-11-09,0.1935217268302999,0.1879685029273383,5.266350320284813e-19,0.6169329594347638,0.0015768108075980066
2020-11-10,0.1935217268302999,0.1879685029273383,5.266350320284813e-19,0.6169329594347638,0.0015768108075980066
2020-11-11,0.1935217268302999,0.1879685029273383,5.266350320284813e-19,0.6169329594347638,0.0015768108075980066
2020-11-12,0.1935217268302999,0.1879685029273383,5.266350320284813e-19,0.6169329594347638,0.0015768108075980066
2020-11-13,0.1935217268302999,0.1879685029273383,5.266350320284813e-19,0.6169329594347638,0.0015768108075980066
2020-11-16,0.1935217268302999,0.1879685029273383,5.266350320284813e-19,0.6169329594347638,0.0015768108075980066
2020-11-17,0.1935217268302999,0.1879685029273383,5.266350320284813e-19,0.6169329594347638,0.0015768108075980066
2020-11-18,0.1935217268302999,0.1879685029273383,5.266350320284813e-19,0.6169329594347638,0.0015768108075980066
2020-11-19,0.1935217268302999,0.1879685029273383,5.266350320284813e-19,0.6169329594347638,0.0015768108075980066
2020-11-20,0.1935217268302999,0.1879685029273383,5.266350320284813e-19,0.6169329594347638,0.0015768108075980066
2020-11-23,0.1935217268302999,0.1879685029273383,5.266350320284813e-19,0.6169329594347638,0.0015768108075980066
2020-11-24,0.1935217268302999,0.1879685029273383,5.266350320284813e-19,0.6169329594347638,0.0015768108075980066
2020-11-25,0.1935217268302999,0.1879685029273383,5.266350320284813e-19,0.6169329594347638,0.0015768108075980066
2020-11-27,0.1935217268302999,0.1879685029273383,5.266350320284813e-19,0.6169329594347638,0.0015768108075980066
2020-11-30,0.1935217268302999,0.1879685029273383,5.266350320284813e-19,0.6169329594347638,0.0015768108075980066
2020-12-01,0.1935217268302999,0.1879685029273383,5.266350320284813e-19,0.6169329594347638,0.0015768108075980066
2020-12-02,0.19770085726585174,0.19634421001934318,0.0,0.6059549327148052,3.1675643509136927e-17
2020-12-03,0.19770085726585174,0.19634421001934318,0.0,0.6059549327148052,3.1675643509136927e-17
2020-12-04,0.19770085726585174,0.19634421001934318,0.0,0.6059549327148052,3.1675643509136927e-17
2020-12-07,0.19770085726585174,0.19634421001934318,0.0,0.6059549327148052,3.1675643509136927e-17
2020-12-08,0.19770085726585174,0.19634421001934318,0.0,0.6059549327148052,3.1675643509136927e-17
2020-12-09,0.19770085726585174,0.19634421001934318,0.0,0.6059549327148052,3.1675643509136927e-17
2020-12-10,0.19770085726585174,0.19634421001934318,0.0,0.6059549327148052,3.1675643509136927e-17
2020-12-11,0.19770085726585174,0.19634421001934318,0.0,0.6059549327148052,3.1675643509136927e-17
2020-12-14,0.19770085726585174,0.19634421001934318,0.0,0.6059549327148052,3.1675643509136927e-17
2020-12-15,0.19770085726585174,0.19634421001934318,0.0,0.6059549327148052,3.1675643509136927e-17
2020-12-16,0.19770085726585174,0.19634421001934318,0.0,0.6059549327148052,3.1675643509136927e-17
2020-12-17,0.19770085726585174,0.19634421001934318,0.0,0.6059549327148052,3.1675643509136927e-17
2020-12-18,0.19770085726585174,0.19634421001934318,0.0,0.6059549327148052,3.1675643509136927e-17
2020-12-21,0.19770085726585174,0.19634421001934318,0.0,0.6059549327148052,3.1675643509136927e-17
2020-12-22,0.19770085726585174,0.19634421001934318,0.0,0.6059549327148052,3.1675643509136927e-17
2020-12-23,0.19770085726585174,0.19634421001934318,0.0,0.6059549327148052,3.1675643509136927e-17
2020-12-28,0.19770085726585174,0.19634421001934318,0.0,0.6059549327148052,3.1675643509136927e-17
2020-12-29,0.19770085726585174,0.19634421001934318,0.0,0.6059549327148052,3.1675643509136927e-17
2020-12-30,0.19770085726585174,0.19634421001934318,0.0,0.6059549327148052,3.1675643509136927e-17
2021-01-04,0.19770085726585174,0.19634421001934318,0.0,0.6059549327148052,3.1675643509136927e-17
2021-01-05,0.19770085726585174,0.19634421001934318,0.0,0.6059549327148052,3.1675643509136927e-17
2021-01-06,0.19485714208955449,0.2011495321774902,0.0,0.6039933257329553,0.0
2021-01-07,0.19485714208955449,0.2011495321774902,0.0,0.6039933257329553,0.0
2021-01-08,0.19485714208955449,0.2011495321774902,0.0,0.6039933257329553,0.0
2021-01-11,0.19485714208955449,0.2011495321774902,0.0,0.6039933257329553,0.0
2021-01-12,0.19485714208955449,0.2011495321774902,0.0,0.6039933257329553,0.0
2021-01-13,0.19485714208955449,0.2011495321774902,0.0,0.6039933257329553,0.0
2021-01-14,0.19485714208955449,0.2011495321774902,0.0,0.6039933257329553,0.0
2021-01-15,0.19485714208955449,0.2011495321774902,0.0,0.6039933257329553,0.0
2021-01-19,0.19485714208955449,0.2011495321774902,0.0,0.6039933257329553,0.0
2021-01-20,0.19485714208955449,0.2011495321774902,0.0,0.6039933257329553,0.0
2021-01-21,0.19485714208955449,0.2011495321774902,0.0,0.6039933257329553,0.0
2021-01-22,0.19485714208955449,0.2011495321774902,0.0,0.6039933257329553,0.0
2021-01-26,0.19485714208955449,0.2011495321774902,0.0,0.6039933257329553,0.0
2021-01-27,0.19485714208955449,0.2011495321774902,0.0,0.6039933257329553,0.0
2021-01-28,0.19485714208955449,0.2011495321774902,0.0,0.6039933257329553,0.0
2021-01-29,0.19485714208955449,0.2011495321774902,0.0,0.6039933257329553,0.0
2021-02-01,0.19485714208955449,0.2011495321774902,0.0,0.6039933257329553,0.0
2021-02-02,0.19485714208955449,0.2011495321774902,0.0,0.6039933257329553,0.0
2021-02-03,0.19485714208955449,0.2011495321774902,0.0,0.6039933257329553,0.0
2021-02-04,0.19485714208955449,0.2011495321774902,0.0,0.6039933257329553,0.0
2021-02-05,0.19485714208955449,0.2011495321774902,0.0,0.6039933257329553,0.0
2021-02-08,0.18432367844603054,0.21584343506847134,4.4654189289306237e-17,0.5998328864854982,0.0
2021-02-09,0.18432367844603054,0.21584343506847134,4.4654189289306237e-17,0.5998328864854982,0.0
2021-02-10,0.18432367844603054,0.21584343506847134,4.4654189289306237e-17,0.5998328864854982,0.0
2021-02-11,0.18432367844603054,0.21584343506847134,4.4654189289306237e-17,0.5998328864854982,0.0
2021-02-12,0.18432367844603054,0.21584343506847134,4.4654189289306237e-17,0.5998328864854982,0.0
2021-02-17,0.18432367844603054,0.21584343506847134,4.4654189289306237e-17,0.5998328864854982,0.0
2021-02-18,0.18432367844603054,0.21584343506847134,4.4654189289306237e-17,0.5998328864854982,0.0
2021-02-19,0.18432367844603054,0.21584343506847134,4.4654189289306237e-17,0.5998328864854982,0.0
2021-02-22,0.18432367844603054,0.21584343506847134,4.4654189289306237e-17,0.5998328864854982,0.0
2021-02-23,0.18432367844603054,0.21584343506847134,4.4654189289306237e-17,0.5998328864854982,0.0
2021-02-24,0.18432367844603054,0.21584343506847134,4.4654189289306237e-17,0.5998328864854982,0.0
2021-02-25,0.18432367844603054,0.21584343506847134,4.4654189289306237e-17,0.5998328864854982,0.0
2021-02-26,0.18432367844603054,0.21584343506847134,4.4654189289306237e-17,0.5998328864854982,0.0
2021-03-01,0.18432367844603054,0.21584343506847134,4.4654189289306237e-17,0.5998328864854982,0.0
2021-03-02,0.18432367844603054,0.21584343506847134,4.4654189289306237e-17,0.5998328864854982,0.0
2021-03-03,0.18432367844603054,0.21584343506847134,4.4654189289306237e-17,0.5998328864854982,0.0
2021-03-04,0.18432367844603054,0.21584343506847134,4.4654189289306237e-17,0.5998328864854982,0.0
2021-03-05,0.18432367844603054,0.21584343506847134,4.4654189289306237e-17,0.5998328864854982,0.0
2021-03-08,0.18432367844603054,0.21584343506847134,4.4654189289306237e-17,0.5998328864854982,0.0
2021-03-09,0.18432367844603054,0.21584343506847134,4.4654189289306237e-17,0.5998328864854982,0.0
2021-03-10,0.18432367844603054,0.21584343506847134,4.4654189289306237e-17,0.5998328864854982,0.0
2021-03-11,0.18380882341740631,0.22286977299675245,8.037592460706727e-17,0.5933214035858412,0.0
2021-03-12,0.18380882341740631,0.22286977299675245,8.037592460706727e-17,0.5933214035858412,0.0
2021-03-15,0.18380882341740631,0.22286977299675245,8.037592460706727e-17,0.5933214035858412,0.0
2021-03-16,0.18380882341740631,0.22286977299675245,8.037592460706727e-17,0.5933214035858412,0.0
2021-03-17,0.18380882341740631,0.22286977299675245,8.037592460706727e-17,0.5933214035858412,0.0
2021-03-18,0.18380882341740631,0.22286977299675245,8.037592460706727e-17,0.5933214035858412,0.0
2021-03-19,0.18380882341740631,0.22286977299675245,8.037592460706727e-17,0.5933214035858412,0.0
2021-03-22,0.18380882341740631,0.22286977299675245,8.037592460706727e-17,0.5933214035858412,0.0
2021-03-23,0.18380882341740631,0.22286977299675245,8.037592460706727e-17,0.5933214035858412,0.0
2021-03-24,0.18380882341740631,0.22286977299675245,8.037592460706727e-17,0.5933214035858412,0.0
2021-03-25,0.18380882341740631,0.22286977299675245,8.037592460706727e-17,0.5933214035858412,0.0
2021-03-26,0.18380882341740631,0.22286977299675245,8.037592460706727e-17,0.5933214035858412,0.0
2021-03-29,0.18380882341740631,0.22286977299675245,8.037592460706727e-17,0.5933214035858412,0.0
2021-03-30,0.18380882341740631,0.22286977299675245,8.037592460706727e-17,0.5933214035858412,0.0
2021-03-31,0.18380882341740631,0.22286977299675245,8.037592460706727e-17,0.5933214035858412,0.0
2021-04-01,0.18380882341740631,0.22286977299675245,8.037592460706727e-17,0.5933214035858412,0.0
2021-04-05,0.18380882341740631,0.22286977299675245,8.037592460706727e-17,0.5933214035858412,0.0
2021-04-06,0.18380882341740631,0.22286977299675245,8.037592460706727e-17,0.5933214035858412,0.0
2021-04-07,0.18380882341740631,0.22286977299675245,8.037592460706727e-17,0.5933214035858412,0.0
2021-04-08,0.18380882341740631,0.22286977299675245,8.037592460706727e-17,0.5933214035858412,0.0
2021-04-09,0.18380882341740631,0.22286977299675245,8.037592460706727e-17,0.5933214035858412,0.0
2021-04-12,0.1354882326304611,0.34200792930057033,0.0,0.47157930353622823,0.05092453453274039
2021-04-13,0.1354882326304611,0.34200792930057033,0.0,0.47157930353622823,0.05092453453274039
2021-04-14,0.1354882326304611,0.34200792930057033,0.0,0.47157930353622823,0.05092453453274039
2021-04-15,0.1354882326304611,0.34200792930057033,0.0,0.47157930353622823,0.05092453453274039
2021-04-16,0.1354882326304611,0.34200792930057033,0.0,0.47157930353622823,0.05092453453274039
2021-04-19,0.1354882326304611,0.34200792930057033,0.0,0.47157930353622823,0.05092453453274039
2021-04-20,0.1354882326304611,0.34200792930057033,0.0,0.47157930353622823,0.05092453453274039
2021-04-22,0.1354882326304611,0.34200792930057033,0.0,0.47157930353622823,0.05092453453274039
2021-04-23,0.1354882326304611,0.34200792930057033,0.0,0.47157930353622823,0.05092453453274039
2021-04-26,0.1354882326304611,0.34200792930057033,0.0,0.47157930353622823,0.05092453453274039
2021-04-27,0.1354882326304611,0.34200792930057033,0.0,0.47157930353622823,0.05092453453274039
2021-04-28,0.1354882326304611,0.34200792930057033,0.0,0.47157930353622823,0.05092453453274039
2021-04-29,0.1354882326304611,0.34200792930057033,0.0,0.47157930353622823,0.05092453453274039
2021-04-30,0.1354882326304611,0.34200792930057033,0.0,0.47157930353622823,0.05092453453274039
2021-05-03,0.1354882326304611,0.34200792930057033,0.0,0.47157930353622823,0.05092453453274039
2021-05-04,0.1354882326304611,0.34200792930057033,0.0,0.47157930353622823,0.05092453453274039
2021-05-05,0.1354882326304611,0.34200792930057033,0.0,0.47157930353622823,0.05092453453274039
2021-05-06,0.1354882326304611,0.34200792930057033,0.0,0.47157930353622823,0.05092453453274039
2021-05-07,0.1354882326304611,0.34200792930057033,0.0,0.47157930353622823,0.05092453453274039
2021-05-10,0.1354882326304611,0.34200792930057033,0.0,0.47157930353622823,0.05092453453274039
2021-05-11,0.1354882326304611,0.34200792930057033,0.0,0.47157930353622823,0.05092453453274039
2021-05-12,0.11893973690763601,0.3840151314385466,0.0,0.4495641992311183,0.0474809324226991
2021-05-13,0.11893973690763601,0.3840151314385466,0.0,0.4495641992311183,0.0474809324226991
2021-05-14,0.11893973690763601,0.3840151314385466,0.0,0.4495641992311183,0.0474809324226991
2021-05-17,0.11893973690763601,0.3840151314385466,0.0,0.4495641992311183,0.0474809324226991
2021-05-18,0.11893973690763601,0.3840151314385466,0.0,0.4495641992311183,0.0474809324226991
2021-05-19,0.11893973690763601,0.3840151314385466,0.0,0.4495641992311183,0.0474809324226991
2021-05-20,0.11893973690763601,0.3840151314385466,0.0,0.4495641992311183,0.0474809324226991
2021-05-21,0.11893973690763601,0.3840151314385466,0.0,0.4495641992311183,0.0474809324226991
2021-05-24,0.11893973690763601,0.3840151314385466,0.0,0.4495641992311183,0.0474809324226991
2021-05-25,0.11893973690763601,0.3840151314385466,0.0,0.4495641992311183,0.0474809324226991
2021-05-26,0.11893973690763601,0.3840151314385466,0.0,0.4495641992311183,0.0474809324226991
2021-05-27,0.11893973690763601,0.3840151314385466,0.0,0.4495641992311183,0.0474809324226991
2021-05-28,0.11893973690763601,0.3840151314385466,0.0,0.4495641992311183,0.0474809324226991
2021-06-01,0.11893973690763601,0.3840151314385466,0.0,0.4495641992311183,0.0474809324226991
2021-06-02,0.11893973690763601,0.3840151314385466,0.0,0.4495641992311183,0.0474809324226991
2021-06-04,0.11893973690763601,0.3840151314385466,0.0,0.4495641992311183,0.0474809324226991
2021-06-07,0.11893973690763601,0.3840151314385466,0.0,0.4495641992311183,0.0474809324226991
2021-06-08,0.11893973690763601,0.3840151314385466,0.0,0.4495641992311183,0.0474809324226991
2021-06-09,0.11893973690763601,0.3840151314385466,0.0,0.4495641992311183,0.0474809324226991
2021-06-10,0.11893973690763601,0.3840151314385466,0.0,0.4495641992311183,0.0474809324226991
2021-06-11,0.11893973690763601,0.3840151314385466,0.0,0.4495641992311183,0.0474809324226991
2021-06-14,0.12858091946707018,0.36340015431375633,0.0,0.4272969352895431,0.08072199092963042
2021-06-15,0.12858091946707018,0.36340015431375633,0.0,0.4272969352895431,0.08072199092963042
2021-06-16,0.12858091946707018,0.36340015431375633,0.0,0.4272969352895431,0.08072199092963042
2021-06-17,0.12858091946707018,0.36340015431375633,0.0,0.4272969352895431,0.08072199092963042
2021-06-18,0.12858091946707018,0.36340015431375633,0.0,0.4272969352895431,0.08072199092963042
2021-06-21,0.12858091946707018,0.36340015431375633,0.0,0.4272969352895431,0.08072199092963042
2021-06-22,0.12858091946707018,0.36340015431375633,0.0,0.4272969352895431,0.08072199092963042
2021-06-23,0.12858091946707018,0.36340015431375633,0.0,0.4272969352895431,0.08072199092963042
2021-06-24,0.12858091946707018,0.36340015431375633,0.0,0.4272969352895431,0.08072199092963042
2021-06-25,0.12858091946707018,0.36340015431375633,0.0,0.4272969352895431,0.08072199092963042
2021-06-28,0.12858091946707018,0.36340015431375633,0.0,0.4272969352895431,0.08072199092963042
2021-06-29,0.12858091946707018,0.36340015431375633,0.0,0.4272969352895431,0.08072199092963042
2021-06-30,0.12858091946707018,0.36340015431375633,0.0,0.4272969352895431,0.08072199092963042
2021-07-01,0.12858091946707018,0.36340015431375633,0.0,0.4272969352895431,0.08072199092963042
2021-07-02,0.12858091946707018,0.36340015431375633,0.0,0.4272969352895431,0.08072199092963042
2021-07-06,0.12858091946707018,0.36340015431375633,0.0,0.4272969352895431,0.08072199092963042
2021-07-07,0.12858091946707018,0.36340015431375633,0.0,0.4272969352895431,0.08072199092963042
2021-07-08,0.12858091946707018,0.36340015431375633,0.0,0.4272969352895431,0.08072199092963042
2021-07-12,0.12858091946707018,0.36340015431375633,0.0,0.4272969352895431,0.08072199092963042
2021-07-13,0.12858091946707018,0.36340015431375633,0.0,0.4272969352895431,0.08072199092963042
2021-07-14,0.12858091946707018,0.36340015431375633,0.0,0.4272969352895431,0.08072199092963042
2021-07-15,0.0877042823914149,0.3902410062611399,0.0,0.41295947016477746,0.10909524118266789
2021-07-16,0.0877042823914149,0.3902410062611399,0.0,0.41295947016477746,0.10909524118266789
2021-07-19,0.0877042823914149,0.3902410062611399,0.0,0.41295947016477746,0.10909524118266789
2021-07-20,0.0877042823914149,0.3902410062611399,0.0,0.41295947016477746,0.10909524118266789
2021-07-21,0.0877042823914149,0.3902410062611399,0.0,0.41295947016477746,0.10909524118266789
2021-07-22,0.0877042823914149,0.3902410062611399,0.0,0.41295947016477746,0.10909524118266789
2021-07-23,0.0877042823914149,0.3902410062611399,0.0,0.41295947016477746,0.10909524118266789
2021-07-26,0.0877042823914149,0.3902410062611399,0.0,0.41295947016477746,0.10909524118266789
2021-07-27,0.0877042823914149,0.3902410062611399,0.0,0.41295947016477746,0.10909524118266789
2021-07-28,0.0877042823914149,0.3902410062611399,0.0,0.41295947016477746,0.10909524118266789
2021-07-29,0.0877042823914149,0.3902410062611399,0.0,0.41295947016477746,0.10909524118266789
2021-07-30,0.0877042823914149,0.3902410062611399,0.0,0.41295947016477746,0.10909524118266789
2021-08-02,0.0877042823914149,0.3902410062611399,0.0,0.41295947016477746,0.10909524118266789
2021-08-03,0.0877042823914149,0.3902410062611399,0.0,0.41295947016477746,0.10909524118266789
2021-08-04,0.0877042823914149,0.3902410062611399,0.0,0.41295947016477746,0.10909524118266789
2021-08-05,0.0877042823914149,0.3902410062611399,0.0,0.41295947016477746,0.10909524118266789
2021-08-06,0.0877042823914149,0.3902410062611399,0.0,0.41295947016477746,0.10909524118266789
2021-08-09,0.0877042823914149,0.3902410062611399,0.0,0.41295947016477746,0.10909524118266789
2021-08-10,0.0877042823914149,0.3902410062611399,0.0,0.41295947016477746,0.10909524118266789
2021-08-11,0.0877042823914149,0.3902410062611399,0.0,0.41295947016477746,0.10909524118266789
2021-08-12,0.0877042823914149,0.3902410062611399,0.0,0.41295947016477746,0.10909524118266789
2021-08-13,0.08226545433600482,0.3954309639957356,1.7654679414709958e-16,0.4086366216115827,0.11366696005667676
2021-08-16,0.08226545433600482,0.3954309639957356,1.7654679414709958e-16,0.4086366216115827,0.11366696005667676
2021-08-17,0.08226545433600482,0.3954309639957356,1.7654679414709958e-16,0.4086366216115827,0.11366696005667676
2021-08-18,0.08226545433600482,0.3954309639957356,1.7654679414709958e-16,0.4086366216115827,0.11366696005667676
2021-08-19,0.08226545433600482,0.3954309639957356,1.7654679414709958e-16,0.4086366216115827,0.11366696005667676
2021-08-20,0.08226545433600482,0.3954309639957356,1.7654679414709958e-16,0.4086366216115827,0.11366696005667676
2021-08-23,0.08226545433600482,0.3954309639957356,1.7654679414709958e-16,0.4086366216115827,0.11366696005667676
2021-08-24,0.08226545433600482,0.3954309639957356,1.7654679414709958e-16,0.4086366216115827,0.11366696005667676
2021-08-25,0.08226545433600482,0.3954309639957356,1.7654679414709958e-16,0.4086366216115827,0.11366696005667676
2021-08-26,0.08226545433600482,0.3954309639957356,1.7654679414709958e-16,0.4086366216115827,0.11366696005667676
2021-08-27,0.08226545433600482,0.3954309639957356,1.7654679414709958e-16,0.4086366216115827,0.11366696005667676
2021-08-30,0.08226545433600482,0.3954309639957356,1.7654679414709958e-16,0.4086366216115827,0.11366696005667676
2021-08-31,0.08226545433600482,0.3954309639957356,1.7654679414709958e-16,0.4086366216115827,0.11366696005667676
2021-09-01,0.08226545433600482,0.3954309639957356,1.7654679414709958e-16,0.4086366216115827,0.11366696005667676
2021-09-02,0.08226545433600482,0.3954309639957356,1.7654679414709958e-16,0.4086366216115827,0.11366696005667676
2021-09-03,0.08226545433600482,0.3954309639957356,1.7654679414709958e-16,0.4086366216115827,0.11366696005667676
2021-09-08,0.08226545433600482,0.3954309639957356,1.7654679414709958e-16,0.4086366216115827,0.11366696005667676
2021-09-09,0.08226545433600482,0.3954309639957356,1.7654679414709958e-16,0.4086366216115827,0.11366696005667676
2021-09-10,0.08226545433600482,0.3954309639957356,1.7654679414709958e-16,0.4086366216115827,0.11366696005667676
2021-09-13,0.08226545433600482,0.3954309639957356,1.7654679414709958e-16,0.4086366216115827,0.11366696005667676
2021-09-14,0.08226545433600482,0.3954309639957356,1.7654679414709958e-16,0.4086366216115827,0.11366696005667676
2021-09-15,0.11124898132871455,0.35485577256545175,0.0,0.43156927487779695,0.10232597122803677
2021-09-16,0.11124898132871455,0.35485577256545175,0.0,0.43156927487779695,0.10232597122803677
2021-09-17,0.11124898132871455,0.35485577256545175,0.0,0.43156927487779695,0.10232597122803677
2021-09-20,0.11124898132871455,0.35485577256545175,0.0,0.43156927487779695,0.10232597122803677
2021-09-21,0.11124898132871455,0.35485577256545175,0.0,0.43156927487779695,0.10232597122803677
2021-09-22,0.11124898132871455,0.35485577256545175,0.0,0.43156927487779695,0.10232597122803677
2021-09-23,0.11124898132871455,0.35485577256545175,0.0,0.43156927487779695,0.10232597122803677
2021-09-24,0.11124898132871455,0.35485577256545175,0.0,0.43156927487779695,0.10232597122803677
2021-09-27,0.11124898132871455,0.35485577256545175,0.0,0.43156927487779695,0.10232597122803677
2021-09-28,0.11124898132871455,0.35485577256545175,0.0,0.43156927487779695,0.10232597122803677
2021-09-29,0.11124898132871455,0.35485577256545175,0.0,0.43156927487779695,0.10232597122803677
2021-09-30,0.11124898132871455,0.35485577256545175,0.0,0.43156927487779695,0.10232597122803677
2021-10-01,0.11124898132871455,0.35485577256545175,0.0,0.43156927487779695,0.10232597122803677
2021-10-04,0.11124898132871455,0.35485577256545175,0.0,0.43156927487779695,0.10232597122803677
2021-10-05,0.11124898132871455,0.35485577256545175,0.0,0.43156927487779695,0.10232597122803677
2021-10-06,0.11124898132871455,0.35485577256545175,0.0,0.43156927487779695,0.10232597122803677
2021-10-07,0.11124898132871455,0.35485577256545175,0.0,0.43156927487779695,0.10232597122803677
2021-10-08,0.11124898132871455,0.35485577256545175,0.0,0.43156927487779695,0.10232597122803677
2021-10-11,0.11124898132871455,0.35485577256545175,0.0,0.43156927487779695,0.10232597122803677
2021-10-13,0.11124898132871455,0.35485577256545175,0.0,0.43156927487779695,0.10232597122803677
2021-10-14,0.11124898132871455,0.35485577256545175,0.0,0.43156927487779695,0.10232597122803677
2021-10-15,0.11308024633803353,0.3487802831381427,0.0,0.423276529693825,0.11486294082999882
2021-10-18,0.11308024633803353,0.3487802831381427,0.0,0.423276529693825,0.11486294082999882
2021-10-19,0.11308024633803353,0.3487802831381427,0.0,0.423276529693825,0.11486294082999882
2021-10-20,0.11308024633803353,0.3487802831381427,0.0,0.423276529693825,0.11486294082999882
2021-10-21,0.11308024633803353,0.3487802831381427,0.0,0.423276529693825,0.11486294082999882
2021-10-22,0.11308024633803353,0.3487802831381427,0.0,0.423276529693825,0.11486294082999882
2021-10-25,0.11308024633803353,0.3487802831381427,0.0,0.423276529693825,0.11486294082999882
2021-10-26,0.11308024633803353,0.3487802831381427,0.0,0.423276529693825,0.11486294082999882
2021-10-27,0.11308024633803353,0.3487802831381427,0.0,0.423276529693825,0.11486294082999882
2021-10-28,0.11308024633803353,0.3487802831381427,0.0,0.423276529693825,0.11486294082999882
2021-10-29,0.11308024633803353,0.3487802831381427,0.0,0.423276529693825,0.11486294082999882
2021-11-01,0.11308024633803353,0.3487802831381427,0.0,0.423276529693825,0.11486294082999882
2021-11-03,0.11308024633803353,0.3487802831381427,0.0,0.423276529693825,0.11486294082999882
2021-11-04,0.11308024633803353,0.3487802831381427,0.0,0.423276529693825,0.11486294082999882
2021-11-05,0.11308024633803353,0.3487802831381427,0.0,0.423276529693825,0.11486294082999882
2021-11-08,0.11308024633803353,0.3487802831381427,0.0,0.423276529693825,0.11486294082999882
2021-11-09,0.11308024633803353,0.3487802831381427,0.0,0.423276529693825,0.11486294082999882
2021-11-10,0.11308024633803353,0.3487802831381427,0.0,0.423276529693825,0.11486294082999882
2021-11-11,0.11308024633803353,0.3487802831381427,0.0,0.423276529693825,0.11486294082999882
2021-11-12,0.11308024633803353,0.3487802831381427,0.0,0.423276529693825,0.11486294082999882
2021-11-16,0.11308024633803353,0.3487802831381427,0.0,0.423276529693825,0.11486294082999882
2021-11-17,0.09170608185975913,0.35733659891843755,0.0,0.3891191376798284,0.161838181541975
2021-11-18,0.09170608185975913,0.35733659891843755,0.0,0.3891191376798284,0.161838181541975
2021-11-19,0.09170608185975913,0.35733659891843755,0.0,0.3891191376798284,0.161838181541975
2021-11-22,0.09170608185975913,0.35733659891843755,0.0,0.3891191376798284,0.161838181541975
2021-11-23,0.09170608185975913,0.35733659891843755,0.0,0.3891191376798284,0.161838181541975
2021-11-24,0.09170608185975913,0.35733659891843755,0.0,0.3891191376798284,0.161838181541975
2021-11-26,0.09170608185975913,0.35733659891843755,0.0,0.3891191376798284,0.161838181541975
2021-11-29,0.09170608185975913,0.35733659891843755,0.0,0.3891191376798284,0.161838181541975
2021-11-30,0.09170608185975913,0.35733659891843755,0.0,0.3891191376798284,0.161838181541975
2021-12-01,0.09170608185975913,0.35733659891843755,0.0,0.3891191376798284,0.161838181541975
2021-12-02,0.09170608185975913,0.35733659891843755,0.0,0.3891191376798284,0.161838181541975
2021-12-03,0.09170608185975913,0.35733659891843755,0.0,0.3891191376798284,0.161838181541975
2021-12-06,0.09170608185975913,0.35733659891843755,0.0,0.3891191376798284,0.161838181541975
2021-12-07,0.09170608185975913,0.35733659891843755,0.0,0.3891191376798284,0.161838181541975
2021-12-08,0.09170608185975913,0.35733659891843755,0.0,0.3891191376798284,0.161838181541975
2021-12-09,0.09170608185975913,0.35733659891843755,0.0,0.3891191376798284,0.161838181541975
2021-12-10,0.09170608185975913,0.35733659891843755,0.0,0.3891191376798284,0.161838181541975
2021-12-13,0.09170608185975913,0.35733659891843755,0.0,0.3891191376798284,0.161838181541975
2021-12-14,0.09170608185975913,0.35733659891843755,0.0,0.3891191376798284,0.161838181541975
2021-12-15,0.09170608185975913,0.35733659891843755,0.0,0.3891191376798284,0.161838181541975
2021-12-16,0.09170608185975913,0.35733659891843755,0.0,0.3891191376798284,0.161838181541975
2021-12-17,0.09187132232201163,0.33392694712883336,0.0,0.39282566130906776,0.18137606924008712
2021-12-20,0.09187132232201163,0.33392694712883336,0.0,0.39282566130906776,0.18137606924008712
2021-12-21,0.09187132232201163,0.33392694712883336,0.0,0.39282566130906776,0.18137606924008712
2021-12-22,0.09187132232201163,0.33392694712883336,0.0,0.39282566130906776,0.18137606924008712
2021-12-23,0.09187132232201163,0.33392694712883336,0.0,0.39282566130906776,0.18137606924008712
2021-12-27,0.09187132232201163,0.33392694712883336,0.0,0.39282566130906776,0.18137606924008712
2021-12-28,0.09187132232201163,0.33392694712883336,0.0,0.39282566130906776,0.18137606924008712
2021-12-29,0.09187132232201163,0.33392694712883336,0.0,0.39282566130906776,0.18137606924008712
2021-12-30,0.09187132232201163,0.33392694712883336,0.0,0.39282566130906776,0.18137606924008712
2022-01-03,0.09187132232201163,0.33392694712883336,0.0,0.39282566130906776,0.18137606924008712
2022-01-04,0.09187132232201163,0.33392694712883336,0.0,0.39282566130906776,0.18137606924008712
2022-01-05,0.09187132232201163,0.33392694712883336,0.0,0.39282566130906776,0.18137606924008712
2022-01-06,0.09187132232201163,0.33392694712883336,0.0,0.39282566130906776,0.18137606924008712
2022-01-07,0.09187132232201163,0.33392694712883336,0.0,0.39282566130906776,0.18137606924008712
2022-01-10,0.09187132232201163,0.33392694712883336,0.0,0.39282566130906776,0.18137606924008712
2022-01-11,0.09187132232201163,0.33392694712883336,0.0,0.39282566130906776,0.18137606924008712
2022-01-12,0.09187132232201163,0.33392694712883336,0.0,0.39282566130906776,0.18137606924008712
2022-01-13,0.09187132232201163,0.33392694712883336,0.0,0.39282566130906776,0.18137606924008712
2022-01-14,0.09187132232201163,0.33392694712883336,0.0,0.39282566130906776,0.18137606924008712
2022-01-18,0.09187132232201163,0.33392694712883336,0.0,0.39282566130906776,0.18137606924008712
2022-01-19,0.09187132232201163,0.33392694712883336,0.0,0.39282566130906776,0.18137606924008712
2022-01-20,0.09789125681076234,0.3178218664349557,0.0,0.4006582752032766,0.1836286015510054
2022-01-21,0.09789125681076234,0.3178218664349557,0.0,0.4006582752032766,0.1836286015510054
2022-01-24,0.09789125681076234,0.3178218664349557,0.0,0.4006582752032766,0.1836286015510054
2022-01-25,0.09789125681076234,0.3178218664349557,0.0,0.4006582752032766,0.1836286015510054
2022-01-26,0.09789125681076234,0.3178218664349557,0.0,0.4006582752032766,0.1836286015510054
2022-01-27,0.09789125681076234,0.3178218664349557,0.0,0.4006582752032766,0.1836286015510054
2022-01-28,0.09789125681076234,0.3178218664349557,0.0,0.4006582752032766,0.1836286015510054
2022-01-31,0.09789125681076234,0.3178218664349557,0.0,0.4006582752032766,0.1836286015510054
2022-02-01,0.09789125681076234,0.3178218664349557,0.0,0.4006582752032766,0.1836286015510054
2022-02-02,0.09789125681076234,0.3178218664349557,0.0,0.4006582752032766,0.1836286015510054
2022-02-03,0.09789125681076234,0.3178218664349557,0.0,0.4006582752032766,0.1836286015510054
2022-02-04,0.09789125681076234,0.3178218664349557,0.0,0.4006582752032766,0.1836286015510054
2022-02-07,0.09789125681076234,0.3178218664349557,0.0,0.4006582752032766,0.1836286015510054
2022-02-08,0.09789125681076234,0.3178218664349557,0.0,0.4006582752032766,0.1836286015510054
2022-02-09,0.09789125681076234,0.3178218664349557,0.0,0.4006582752032766,0.1836286015510054
2022-02-10,0.09789125681076234,0.3178218664349557,0.0,0.4006582752032766,0.1836286015510054
2022-02-11,0.09789125681076234,0.3178218664349557,0.0,0.4006582752032766,0.1836286015510054
2022-02-14,0.09789125681076234,0.3178218664349557,0.0,0.4006582752032766,0.1836286015510054
2022-02-15,0.09789125681076234,0.3178218664349557,0.0,0.4006582752032766,0.1836286015510054
2022-02-16,0.09789125681076234,0.3178218664349557,0.0,0.4006582752032766,0.1836286015510054
2022-02-17,0.09789125681076234,0.3178218664349557,0.0,0.4006582752032766,0.1836286015510054
2022-02-18,0.16194057056354444,0.2572698779714971,1.167891196023454e-16,0.38274004445698556,0.19804950700797289
2022-02-22,0.16194057056354444,0.2572698779714971,1.167891196023454e-16,0.38274004445698556,0.19804950700797289
2022-02-23,0.16194057056354444,0.2572698779714971,1.167891196023454e-16,0.38274004445698556,0.19804950700797289
2022-02-24,0.16194057056354444,0.2572698779714971,1.167891196023454e-16,0.38274004445698556,0.19804950700797289
2022-02-25,0.16194057056354444,0.2572698779714971,1.167891196023454e-16,0.38274004445698556,0.19804950700797289
2022-03-02,0.16194057056354444,0.2572698779714971,1.167891196023454e-16,0.38274004445698556,0.19804950700797289
2022-03-03,0.16194057056354444,0.2572698779714971,1.167891196023454e-16,0.38274004445698556,0.19804950700797289
2022-03-04,0.16194057056354444,0.2572698779714971,1.167891196023454e-16,0.38274004445698556,0.19804950700797289
2022-03-07,0.16194057056354444,0.2572698779714971,1.167891196023454e-16,0.38274004445698556,0.19804950700797289
2022-03-08,0.16194057056354444,0.2572698779714971,1.167891196023454e-16,0.38274004445698556,0.19804950700797289
2022-03-09,0.16194057056354444,0.2572698779714971,1.167891196023454e-16,0.38274004445698556,0.19804950700797289
2022-03-10,0.16194057056354444,0.2572698779714971,1.167891196023454e-16,0.38274004445698556,0.19804950700797289
2022-03-11,0.16194057056354444,0.2572698779714971,1.167891196023454e-16,0.38274004445698556,0.19804950700797289
2022-03-14,0.16194057056354444,0.2572698779714971,1.167891196023454e-16,0.38274004445698556,0.19804950700797289
2022-03-15,0.16194057056354444,0.2572698779714971,1.167891196023454e-16,0.38274004445698556,0.19804950700797289
2022-03-16,0.16194057056354444,0.2572698779714971,1.167891196023454e-16,0.38274004445698556,0.19804950700797289
2022-03-17,0.16194057056354444,0.2572698779714971,1.167891196023454e-16,0.38274004445698556,0.19804950700797289
2022-03-18,0.16194057056354444,0.2572698779714971,1.167891196023454e-16,0.38274004445698556,0.19804950700797289
2022-03-21,0.16194057056354444,0.2572698779714971,1.167891196023454e-16,0.38274004445698556,0.19804950700797289
2022-03-22,0.16194057056354444,0.2572698779714971,1.167891196023454e-16,0.38274004445698556,0.19804950700797289
2022-03-23,0.16194057056354444,0.2572698779714971,1.167891196023454e-16,0.38274004445698556,0.19804950700797289
2022-03-24,0.15373837653815767,0.2558856151211941,0.0,0.38916172579063046,0.20121428255001772
2022-03-25,0.15373837653815767,0.2558856151211941,0.0,0.38916172579063046,0.20121428255001772
2022-03-28,0.15373837653815767,0.2558856151211941,0.0,0.38916172579063046,0.20121428255001772
2022-03-29,0.15373837653815767,0.2558856151211941,0.0,0.38916172579063046,0.20121428255001772
2022-03-30,0.15373837653815767,0.2558856151211941,0.0,0.38916172579063046,0.20121428255001772
2022-03-31,0.15373837653815767,0.2558856151211941,0.0,0.38916172579063046,0.20121428255001772
2022-04-01,0.15373837653815767,0.2558856151211941,0.0,0.38916172579063046,0.20121428255001772
2022-04-04,0.15373837653815767,0.2558856151211941,0.0,0.38916172579063046,0.20121428255001772
2022-04-05,0.15373837653815767,0.2558856151211941,0.0,0.38916172579063046,0.20121428255001772
2022-04-06,0.15373837653815767,0.2558856151211941,0.0,0.38916172579063046,0.20121428255001772
2022-04-07,0.15373837653815767,0.2558856151211941,0.0,0.38916172579063046,0.20121428255001772
2022-04-08,0.15373837653815767,0.2558856151211941,0.0,0.38916172579063046,0.20121428255001772
2022-04-11,0.15373837653815767,0.2558856151211941,0.0,0.38916172579063046,0.20121428255001772
2022-04-12,0.15373837653815767,0.2558856151211941,0.0,0.38916172579063046,0.20121428255001772
2022-04-13,0.15373837653815767,0.2558856151211941,0.0,0.38916172579063046,0.20121428255001772
2022-04-14,0.15373837653815767,0.2558856151211941,0.0,0.38916172579063046,0.20121428255001772
2022-04-18,0.15373837653815767,0.2558856151211941,0.0,0.38916172579063046,0.20121428255001772
2022-04-19,0.15373837653815767,0.2558856151211941,0.0,0.38916172579063046,0.20121428255001772
2022-04-20,0.15373837653815767,0.2558856151211941,0.0,0.38916172579063046,0.20121428255001772
2022-04-22,0.15373837653815767,0.2558856151211941,0.0,0.38916172579063046,0.20121428255001772
2022-04-25,0.15373837653815767,0.2558856151211941,0.0,0.38916172579063046,0.20121428255001772
2022-04-26,0.1382456195122434,0.2591311405873193,0.0,0.39822308504217657,0.20440015485826088
2022-04-27,0.1382456195122434,0.2591311405873193,0.0,0.39822308504217657,0.20440015485826088
2022-04-28,0.1382456195122434,0.2591311405873193,0.0,0.39822308504217657,0.20440015485826088
2022-04-29,0.1382456195122434,0.2591311405873193,0.0,0.39822308504217657,0.20440015485826088
2022-05-02,0.1382456195122434,0.2591311405873193,0.0,0.39822308504217657,0.20440015485826088
2022-05-03,0.1382456195122434,0.2591311405873193,0.0,0.39822308504217657,0.20440015485826088
2022-05-04,0.1382456195122434,0.2591311405873193,0.0,0.39822308504217657,0.20440015485826088
2022-05-05,0.1382456195122434,0.2591311405873193,0.0,0.39822308504217657,0.20440015485826088
2022-05-06,0.1382456195122434,0.2591311405873193,0.0,0.39822308504217657,0.20440015485826088
2022-05-09,0.1382456195122434,0.2591311405873193,0.0,0.39822308504217657,0.20440015485826088
2022-05-10,0.1382456195122434,0.2591311405873193,0.0,0.39822308504217657,0.20440015485826088
2022-05-11,0.1382456195122434,0.2591311405873193,0.0,0.39822308504217657,0.20440015485826088
2022-05-12,0.1382456195122434,0.2591311405873193,0.0,0.39822308504217657,0.20440015485826088
2022-05-13,0.1382456195122434,0.2591311405873193,0.0,0.39822308504217657,0.20440015485826088
2022-05-16,0.1382456195122434,0.2591311405873193,0.0,0.39822308504217657,0.20440015485826088
2022-05-17,0.1382456195122434,0.2591311405873193,0.0,0.39822308504217657,0.20440015485826088
2022-05-18,0.1382456195122434,0.2591311405873193,0.0,0.39822308504217657,0.20440015485826088
2022-05-19,0.1382456195122434,0.2591311405873193,0.0,0.39822308504217657,0.20440015485826088
2022-05-20,0.1382456195122434,0.2591311405873193,0.0,0.39822308504217657,0.20440015485826088
2022-05-23,0.1382456195122434,0.2591311405873193,0.0,0.39822308504217657,0.20440015485826088
2022-05-24,0.1382456195122434,0.2591311405873193,0.0,0.39822308504217657,0.20440015485826088
2022-05-25,0.12688850214429978,0.2702116279053361,0.0,0.4250321972226488,0.17786767272771542
2022-05-26,0.12688850214429978,0.2702116279053361,0.0,0.4250321972226488,0.17786767272771542
2022-05-27,0.12688850214429978,0.2702116279053361,0.0,0.4250321972226488,0.17786767272771542
2022-05-31,0.12688850214429978,0.2702116279053361,0.0,0.4250321972226488,0.17786767272771542
2022-06-01,0.12688850214429978,0.2702116279053361,0.0,0.4250321972226488,0.17786767272771542
2022-06-02,0.12688850214429978,0.2702116279053361,0.0,0.4250321972226488,0.17786767272771542
2022-06-03,0.12688850214429978,0.2702116279053361,0.0,0.4250321972226488,0.17786767272771542
2022-06-06,0.12688850214429978,0.2702116279053361,0.0,0.4250321972226488,0.17786767272771542
2022-06-07,0.12688850214429978,0.2702116279053361,0.0,0.4250321972226488,0.17786767272771542
2022-06-08,0.12688850214429978,0.2702116279053361,0.0,0.4250321972226488,0.17786767272771542
2022-06-09,0.12688850214429978,0.2702116279053361,0.0,0.4250321972226488,0.17786767272771542
2022-06-10,0.12688850214429978,0.2702116279053361,0.0,0.4250321972226488,0.17786767272771542
2022-06-13,0.12688850214429978,0.2702116279053361,0.0,0.4250321972226488,0.17786767272771542
2022-06-14,0.12688850214429978,0.2702116279053361,0.0,0.4250321972226488,0.17786767272771542
2022-06-15,0.12688850214429978,0.2702116279053361,0.0,0.4250321972226488,0.17786767272771542
2022-06-17,0.12688850214429978,0.2702116279053361,0.0,0.4250321972226488,0.17786767272771542
2022-06-21,0.12688850214429978,0.2702116279053361,0.0,0.4250321972226488,0.17786767272771542
2022-06-22,0.12688850214429978,0.2702116279053361,0.0,0.4250321972226488,0.17786767272771542
2022-06-23,0.12688850214429978,0.2702116279053361,0.0,0.4250321972226488,0.17786767272771542
2022-06-24,0.12688850214429978,0.2702116279053361,0.0,0.4250321972226488,0.17786767272771542
2022-06-27,0.12688850214429978,0.2702116279053361,0.0,0.4250321972226488,0.17786767272771542
2022-06-28,0.08828823346665826,0.3084987371085585,3.2367833772742544e-17,0.43189847510194623,0.17131455432283693
2022-06-29,0.08828823346665826,0.3084987371085585,3.2367833772742544e-17,0.43189847510194623,0.17131455432283693
2022-06-30,0.08828823346665826,0.3084987371085585,3.2367833772742544e-17,0.43189847510194623,0.17131455432283693
2022-07-01,0.08828823346665826,0.3084987371085585,3.2367833772742544e-17,0.43189847510194623,0.17131455432283693
2022-07-05,0.08828823346665826,0.3084987371085585,3.2367833772742544e-17,0.43189847510194623,0.17131455432283693
2022-07-06,0.08828823346665826,0.3084987371085585,3.2367833772742544e-17,0.43189847510194623,0.17131455432283693
2022-07-07,0.08828823346665826,0.3084987371085585,3.2367833772742544e-17,0.43189847510194623,0.17131455432283693
2022-07-08,0.08828823346665826,0.3084987371085585,3.2367833772742544e-17,0.43189847510194623,0.17131455432283693
2022-07-11,0.08828823346665826,0.3084987371085585,3.2367833772742544e-17,0.43189847510194623,0.17131455432283693
2022-07-12,0.08828823346665826,0.3084987371085585,3.2367833772742544e-17,0.43189847510194623,0.17131455432283693
2022-07-13,0.08828823346665826,0.3084987371085585,3.2367833772742544e-17,0.43189847510194623,0.17131455432283693
2022-07-14,0.08828823346665826,0.3084987371085585,3.2367833772742544e-17,0.43189847510194623,0.17131455432283693
2022-07-15,0.08828823346665826,0.3084987371085585,3.2367833772742544e-17,0.43189847510194623,0.17131455432283693
2022-07-18,0.08828823346665826,0.3084987371085585,3.2367833772742544e-17,0.43189847510194623,0.17131455432283693
2022-07-19,0.08828823346665826,0.3084987371085585,3.2367833772742544e-17,0.43189847510194623,0.17131455432283693
2022-07-20,0.08828823346665826,0.3084987371085585,3.2367833772742544e-17,0.43189847510194623,0.17131455432283693
2022-07-21,0.08828823346665826,0.3084987371085585,3.2367833772742544e-17,0.43189847510194623,0.17131455432283693
2022-07-22,0.08828823346665826,0.3084987371085585,3.2367833772742544e-17,0.43189847510194623,0.17131455432283693
2022-07-25,0.08828823346665826,0.3084987371085585,3.2367833772742544e-17,0.43189847510194623,0.17131455432283693
2022-07-26,0.08828823346665826,0.3084987371085585,3.2367833772742544e-17,0.43189847510194623,0.17131455432283693
2022-07-27,0.08828823346665826,0.3084987371085585,3.2367833772742544e-17,0.43189847510194623,0.17131455432283693
2022-07-28,0.11432205120213516,0.27322913184805425,0.0,0.4461071243185367,0.1663416926312739
2022-07-29,0.11432205120213516,0.27322913184805425,0.0,0.4461071243185367,0.1663416926312739
2022-08-01,0.11432205120213516,0.27322913184805425,0.0,0.4461071243185367,0.1663416926312739
2022-08-02,0.11432205120213516,0.27322913184805425,0.0,0.4461071243185367,0.1663416926312739
2022-08-03,0.11432205120213516,0.27322913184805425,0.0,0.4461071243185367,0.1663416926312739
2022-08-04,0.11432205120213516,0.27322913184805425,0.0,0.4461071243185367,0.1663416926312739
2022-08-05,0.11432205120213516,0.27322913184805425,0.0,0.4461071243185367,0.1663416926312739
2022-08-08,0.11432205120213516,0.27322913184805425,0.0,0.4461071243185367,0.1663416926312739
2022-08-09,0.11432205120213516,0.27322913184805425,0.0,0.4461071243185367,0.1663416926312739
2022-08-10,0.11432205120213516,0.27322913184805425,0.0,0.4461071243185367,0.1663416926312739
2022-08-11,0.11432205120213516,0.27322913184805425,0.0,0.4461071243185367,0.1663416926312739
2022-08-12,0.11432205120213516,0.27322913184805425,0.0,0.4461071243185367,0.1663416926312739
2022-08-15,0.11432205120213516,0.27322913184805425,0.0,0.4461071243185367,0.1663416926312739
2022-08-16,0.11432205120213516,0.27322913184805425,0.0,0.4461071243185367,0.1663416926312739
2022-08-17,0.11432205120213516,0.27322913184805425,0.0,0.4461071243185367,0.1663416926312739
2022-08-18,0.11432205120213516,0.27322913184805425,0.0,0.4461071243185367,0.1663416926312739
2022-08-19,0.11432205120213516,0.27322913184805425,0.0,0.4461071243185367,0.1663416926312739
2022-08-22,0.11432205120213516,0.27322913184805425,0.0,0.4461071243185367,0.1663416926312739
2022-08-23,0.11432205120213516,0.27322913184805425,0.0,0.4461071243185367,0.1663416926312739
2022-08-24,0.11432205120213516,0.27322913184805425,0.0,0.4461071243185367,0.1663416926312739
2022-08-25,0.11432205120213516,0.27322913184805425,0.0,0.4461071243185367,0.1663416926312739
2022-08-26,0.13739155640594916,0.24741650729721507,0.0,0.44770956869302375,0.16748236760381197
2022-08-29,0.13739155640594916,0.24741650729721507,0.0,0.44770956869302375,0.16748236760381197
2022-08-30,0.13739155640594916,0.24741650729721507,0.0,0.44770956869302375,0.16748236760381197
2022-08-31,0.13739155640594916,0.24741650729721507,0.0,0.44770956869302375,0.16748236760381197
2022-09-01,0.13739155640594916,0.24741650729721507,0.0,0.44770956869302375,0.16748236760381197
2022-09-02,0.13739155640594916,0.24741650729721507,0.0,0.44770956869302375,0.16748236760381197
2022-09-06,0.13739155640594916,0.24741650729721507,0.0,0.44770956869302375,0.16748236760381197
2022-09-08,0.13739155640594916,0.24741650729721507,0.0,0.44770956869302375,0.16748236760381197
2022-09-09,0.13739155640594916,0.24741650729721507,0.0,0.44770956869302375,0.16748236760381197
2022-09-12,0.13739155640594916,0.24741650729721507,0.0,0.44770956869302375,0.16748236760381197
2022-09-13,0.13739155640594916,0.24741650729721507,0.0,0.44770956869302375,0.16748236760381197
2022-09-14,0.13739155640594916,0.24741650729721507,0.0,0.44770956869302375,0.16748236760381197
2022-09-15,0.13739155640594916,0.24741650729721507,0.0,0.44770956869302375,0.16748236760381197
2022-09-16,0.13739155640594916,0.24741650729721507,0.0,0.44770956869302375,0.16748236760381197
2022-09-19,0.13739155640594916,0.24741650729721507,0.0,0.44770956869302375,0.16748236760381197
2022-09-20,0.13739155640594916,0.24741650729721507,0.0,0.44770956869302375,0.16748236760381197
2022-09-21,0.13739155640594916,0.24741650729721507,0.0,0.44770956869302375,0.16748236760381197
2022-09-22,0.13739155640594916,0.24741650729721507,0.0,0.44770956869302375,0.16748236760381197
2022-09-23,0.13739155640594916,0.24741650729721507,0.0,0.44770956869302375,0.16748236760381197
2022-09-26,0.13739155640594916,0.24741650729721507,0.0,0.44770956869302375,0.16748236760381197
2022-09-27,0.13739155640594916,0.24741650729721507,0.0,0.44770956869302375,0.16748236760381197
2022-09-28,0.06845990743594717,0.3255013083543903,0.0,0.4603959093877849,0.14564287482187774
2022-09-29,0.06845990743594717,0.3255013083543903,0.0,0.4603959093877849,0.14564287482187774
2022-09-30,0.06845990743594717,0.3255013083543903,0.0,0.4603959093877849,0.14564287482187774
2022-10-03,0.06845990743594717,0.3255013083543903,0.0,0.4603959093877849,0.14564287482187774
2022-10-04,0.06845990743594717,0.3255013083543903,0.0,0.4603959093877849,0.14564287482187774
2022-10-05,0.06845990743594717,0.3255013083543903,0.0,0.4603959093877849,0.14564287482187774
2022-10-06,0.06845990743594717,0.3255013083543903,0.0,0.4603959093877849,0.14564287482187774
2022-10-07,0.06845990743594717,0.3255013083543903,0.0,0.4603959093877849,0.14564287482187774
2022-10-10,0.06845990743594717,0.3255013083543903,0.0,0.4603959093877849,0.14564287482187774
2022-10-11,0.06845990743594717,0.3255013083543903,0.0,0.4603959093877849,0.14564287482187774
2022-10-13,0.06845990743594717,0.3255013083543903,0.0,0.4603959093877849,0.14564287482187774
2022-10-14,0.06845990743594717,0.3255013083543903,0.0,0.4603959093877849,0.14564287482187774
2022-10-17,0.06845990743594717,0.3255013083543903,0.0,0.4603959093877849,0.14564287482187774
2022-10-18,0.06845990743594717,0.3255013083543903,0.0,0.4603959093877849,0.14564287482187774
2022-10-19,0.06845990743594717,0.3255013083543903,0.0,0.4603959093877849,0.14564287482187774
2022-10-20,0.06845990743594717,0.3255013083543903,0.0,0.4603959093877849,0.14564287482187774
2022-10-21,0.06845990743594717,0.3255013083543903,0.0,0.4603959093877849,0.14564287482187774
2022-10-24,0.06845990743594717,0.3255013083543903,0.0,0.4603959093877849,0.14564287482187774
2022-10-25,0.06845990743594717,0.3255013083543903,0.0,0.4603959093877849,0.14564287482187774
2022-10-26,0.06845990743594717,0.3255013083543903,0.0,0.4603959093877849,0.14564287482187774
2022-10-27,0.06845990743594717,0.3255013083543903,0.0,0.4603959093877849,0.14564287482187774
2022-10-28,0.07286898494288115,0.3278156684443092,0.0,0.4618197155836669,0.13749563102914272
2022-10-31,0.07286898494288115,0.3278156684443092,0.0,0.4618197155836669,0.13749563102914272
2022-11-01,0.07286898494288115,0.3278156684443092,0.0,0.4618197155836669,0.13749563102914272
2022-11-03,0.07286898494288115,0.3278156684443092,0.0,0.4618197155836669,0.13749563102914272
2022-11-04,0.07286898494288115,0.3278156684443092,0.0,0.4618197155836669,0.13749563102914272
2022-11-07,0.07286898494288115,0.3278156684443092,0.0,0.4618197155836669,0.13749563102914272
2022-11-08,0.07286898494288115,0.3278156684443092,0.0,0.4618197155836669,0.13749563102914272
2022-11-09,0.07286898494288115,0.3278156684443092,0.0,0.4618197155836669,0.13749563102914272
2022-11-10,0.07286898494288115,0.3278156684443092,0.0,0.4618197155836669,0.13749563102914272
2022-11-11,0.07286898494288115,0.3278156684443092,0.0,0.4618197155836669,0.13749563102914272
2022-11-14,0.07286898494288115,0.3278156684443092,0.0,0.4618197155836669,0.13749563102914272
2022-11-16,0.07286898494288115,0.3278156684443092,0.0,0.4618197155836669,0.13749563102914272
2022-11-17,0.07286898494288115,0.3278156684443092,0.0,0.4618197155836669,0.13749563102914272
2022-11-18,0.07286898494288115,0.3278156684443092,0.0,0.4618197155836669,0.13749563102914272
2022-11-21,0.07286898494288115,0.3278156684443092,0.0,0.4618197155836669,0.13749563102914272
2022-11-22,0.07286898494288115,0.3278156684443092,0.0,0.4618197155836669,0.13749563102914272
2022-11-23,0.07286898494288115,0.3278156684443092,0.0,0.4618197155836669,0.13749563102914272
2022-11-25,0.07286898494288115,0.3278156684443092,0.0,0.4618197155836669,0.13749563102914272
2022-11-28,0.07286898494288115,0.3278156684443092,0.0,0.4618197155836669,0.13749563102914272
2022-11-29,0.07286898494288115,0.3278156684443092,0.0,0.4618197155836669,0.13749563102914272
2022-11-30,0.07286898494288115,0.3278156684443092,0.0,0.4618197155836669,0.13749563102914272
2022-12-01,0.10383045923685909,0.33622970441544886,1.0555865308814286e-16,0.443290050486164,0.11664978586152798
2022-12-02,0.10383045923685909,0.33622970441544886,1.0555865308814286e-16,0.443290050486164,0.11664978586152798
2022-12-05,0.10383045923685909,0.33622970441544886,1.0555865308814286e-16,0.443290050486164,0.11664978586152798
2022-12-06,0.10383045923685909,0.33622970441544886,1.0555865308814286e-16,0.443290050486164,0.11664978586152798
2022-12-07,0.10383045923685909,0.33622970441544886,1.0555865308814286e-16,0.443290050486164,0.11664978586152798
2022-12-08,0.10383045923685909,0.33622970441544886,1.0555865308814286e-16,0.443290050486164,0.11664978586152798
2022-12-09,0.10383045923685909,0.33622970441544886,1.0555865308814286e-16,0.443290050486164,0.11664978586152798
2022-12-12,0.10383045923685909,0.33622970441544886,1.0555865308814286e-16,0.443290050486164,0.11664978586152798
2022-12-13,0.10383045923685909,0.33622970441544886,1.0555865308814286e-16,0.443290050486164,0.11664978586152798
2022-12-14,0.10383045923685909,0.33622970441544886,1.0555865308814286e-16,0.443290050486164,0.11664978586152798
2022-12-15,0.10383045923685909,0.33622970441544886,1.0555865308814286e-16,0.443290050486164,0.11664978586152798
2022-12-16,0.10383045923685909,0.33622970441544886,1.0555865308814286e-16,0.443290050486164,0.11664978586152798
2022-12-19,0.10383045923685909,0.33622970441544886,1.0555865308814286e-16,0.443290050486164,0.11664978586152798
2022-12-20,0.10383045923685909,0.33622970441544886,1.0555865308814286e-16,0.443290050486164,0.11664978586152798
2022-12-21,0.10383045923685909,0.33622970441544886,1.0555865308814286e-16,0.443290050486164,0.11664978586152798
2022-12-22,0.10383045923685909,0.33622970441544886,1.0555865308814286e-16,0.443290050486164,0.11664978586152798
2022-12-23,0.10383045923685909,0.33622970441544886,1.0555865308814286e-16,0.443290050486164,0.11664978586152798
2022-12-27,0.10383045923685909,0.33622970441544886,1.0555865308814286e-16,0.443290050486164,0.11664978586152798
2022-12-28,0.10383045923685909,0.33622970441544886,1.0555865308814286e-16,0.443290050486164,0.11664978586152798
2022-12-29,0.10383045923685909,0.33622970441544886,1.0555865308814286e-16,0.443290050486164,0.11664978586152798
2023-01-03,0.10383045923685909,0.33622970441544886,1.0555865308814286e-16,0.443290050486164,0.11664978586152798
2023-01-04,0.08714466344697087,0.3502939406137922,0.0,0.43920482641597475,0.12335656952326209
2023-01-05,0.08714466344697087,0.3502939406137922,0.0,0.43920482641597475,0.12335656952326209
2023-01-06,0.08714466344697087,0.3502939406137922,0.0,0.43920482641597475,0.12335656952326209
2023-01-09,0.08714466344697087,0.3502939406137922,0.0,0.43920482641597475,0.12335656952326209
2023-01-10,0.08714466344697087,0.3502939406137922,0.0,0.43920482641597475,0.12335656952326209
2023-01-11,0.08714466344697087,0.3502939406137922,0.0,0.43920482641597475,0.12335656952326209
2023-01-12,0.08714466344697087,0.3502939406137922,0.0,0.43920482641597475,0.12335656952326209
2023-01-13,0.08714466344697087,0.3502939406137922,0.0,0.43920482641597475,0.12335656952326209
2023-01-17,0.08714466344697087,0.3502939406137922,0.0,0.43920482641597475,0.12335656952326209
2023-01-18,0.08714466344697087,0.3502939406137922,0.0,0.43920482641597475,0.12335656952326209
2023-01-19,0.08714466344697087,0.3502939406137922,0.0,0.43920482641597475,0.12335656952326209
2023-01-20,0.08714466344697087,0.3502939406137922,0.0,0.43920482641597475,0.12335656952326209
2023-01-23,0.08714466344697087,0.3502939406137922,0.0,0.43920482641597475,0.12335656952326209
2023-01-24,0.08714466344697087,0.3502939406137922,0.0,0.43920482641597475,0.12335656952326209
2023-01-25,0.08714466344697087,0.3502939406137922,0.0,0.43920482641597475,0.12335656952326209
2023-01-26,0.08714466344697087,0.3502939406137922,0.0,0.43920482641597475,0.12335656952326209
2023-01-27,0.08714466344697087,0.3502939406137922,0.0,0.43920482641597475,0.12335656952326209
2023-01-30,0.08714466344697087,0.3502939406137922,0.0,0.43920482641597475,0.12335656952326209
2023-01-31,0.08714466344697087,0.3502939406137922,0.0,0.43920482641597475,0.12335656952326209
2023-02-01,0.08714466344697087,0.3502939406137922,0.0,0.43920482641597475,0.12335656952326209
2023-02-02,0.08714466344697087,0.3502939406137922,0.0,0.43920482641597475,0.12335656952326209
2023-02-03,0.09702640685924549,0.347452871568996,0.0,0.41902208653183176,0.13649863503992676
2023-02-06,0.09702640685924549,0.347452871568996,0.0,0.41902208653183176,0.13649863503992676
2023-02-07,0.09702640685924549,0.347452871568996,0.0,0.41902208653183176,0.13649863503992676
2023-02-08,0.09702640685924549,0.347452871568996,0.0,0.41902208653183176,0.13649863503992676
2023-02-09,0.09702640685924549,0.347452871568996,0.0,0.41902208653183176,0.13649863503992676
2023-02-10,0.09702640685924549,0.347452871568996,0.0,0.41902208653183176,0.13649863503992676
2023-02-13,0.09702640685924549,0.347452871568996,0.0,0.41902208653183176,0.13649863503992676
2023-02-14,0.09702640685924549,0.347452871568996,0.0,0.41902208653183176,0.13649863503992676
2023-02-15,0.09702640685924549,0.347452871568996,0.0,0.41902208653183176,0.13649863503992676
2023-02-16,0.09702640685924549,0.347452871568996,0.0,0.41902208653183176,0.13649863503992676
2023-02-17,0.09702640685924549,0.347452871568996,0.0,0.41902208653183176,0.13649863503992676
2023-02-22,0.09702640685924549,0.347452871568996,0.0,0.41902208653183176,0.13649863503992676
2023-02-23,0.09702640685924549,0.347452871568996,0.0,0.41902208653183176,0.13649863503992676
2023-02-24,0.09702640685924549,0.347452871568996,0.0,0.41902208653183176,0.13649863503992676
2023-02-27,0.09702640685924549,0.347452871568996,0.0,0.41902208653183176,0.13649863503992676
2023-02-28,0.09702640685924549,0.347452871568996,0.0,0.41902208653183176,0.13649863503992676
2023-03-01,0.09702640685924549,0.347452871568996,0.0,0.41902208653183176,0.13649863503992676
2023-03-02,0.09702640685924549,0.347452871568996,0.0,0.41902208653183176,0.13649863503992676
2023-03-03,0.09702640685924549,0.347452871568996,0.0,0.41902208653183176,0.13649863503992676
2023-03-06,0.09702640685924549,0.347452871568996,0.0,0.41902208653183176,0.13649863503992676
2023-03-07,0.09702640685924549,0.347452871568996,0.0,0.41902208653183176,0.13649863503992676
2023-03-08,0.08590441722459398,0.35152574573015344,0.0,0.42319539495617914,0.13937444208907354
2023-03-09,0.08590441722459398,0.35152574573015344,0.0,0.42319539495617914,0.13937444208907354
2023-03-10,0.08590441722459398,0.35152574573015344,0.0,0.42319539495617914,0.13937444208907354
2023-03-13,0.08590441722459398,0.35152574573015344,0.0,0.42319539495617914,0.13937444208907354
2023-03-14,0.08590441722459398,0.35152574573015344,0.0,0.42319539495617914,0.13937444208907354
2023-03-15,0.08590441722459398,0.35152574573015344,0.0,0.42319539495617914,0.13937444208907354
2023-03-16,0.08590441722459398,0.35152574573015344,0.0,0.42319539495617914,0.13937444208907354
2023-03-17,0.08590441722459398,0.35152574573015344,0.0,0.42319539495617914,0.13937444208907354
2023-03-20,0.08590441722459398,0.35152574573015344,0.0,0.42319539495617914,0.13937444208907354
2023-03-21,0.08590441722459398,0.35152574573015344,0.0,0.42319539495617914,0.13937444208907354
2023-03-22,0.08590441722459398,0.35152574573015344,0.0,0.42319539495617914,0.13937444208907354
2023-03-23,0.08590441722459398,0.35152574573015344,0.0,0.42319539495617914,0.13937444208907354
2023-03-24,0.08590441722459398,0.35152574573015344,0.0,0.42319539495617914,0.13937444208907354
2023-03-27,0.08590441722459398,0.35152574573015344,0.0,0.42319539495617914,0.13937444208907354
2023-03-28,0.08590441722459398,0.35152574573015344,0.0,0.42319539495617914,0.13937444208907354
2023-03-29,0.08590441722459398,0.35152574573015344,0.0,0.42319539495617914,0.13937444208907354
2023-03-30,0.08590441722459398,0.35152574573015344,0.0,0.42319539495617914,0.13937444208907354
2023-03-31,0.08590441722459398,0.35152574573015344,0.0,0.42319539495617914,0.13937444208907354
2023-04-03,0.08590441722459398,0.35152574573015344,0.0,0.42319539495617914,0.13937444208907354
2023-04-04,0.08590441722459398,0.35152574573015344,0.0,0.42319539495617914,0.13937444208907354
2023-04-05,0.08590441722459398,0.35152574573015344,0.0,0.42319539495617914,0.13937444208907354
2023-04-06,0.1321560422719239,0.30521635418789017,4.2322558144934495e-17,0.4126508574166236,0.14997674612356232
2023-04-10,0.1321560422719239,0.30521635418789017,4.2322558144934495e-17,0.4126508574166236,0.14997674612356232
2023-04-11,0.1321560422719239,0.30521635418789017,4.2322558144934495e-17,0.4126508574166236,0.14997674612356232
2023-04-12,0.1321560422719239,0.30521635418789017,4.2322558144934495e-17,0.4126508574166236,0.14997674612356232
2023-04-13,0.1321560422719239,0.30521635418789017,4.2322558144934495e-17,0.4126508574166236,0.14997674612356232
2023-04-14,0.1321560422719239,0.30521635418789017,4.2322558144934495e-17,0.4126508574166236,0.14997674612356232
2023-04-17,0.1321560422719239,0.30521635418789017,4.2322558144934495e-17,0.4126508574166236,0.14997674612356232
2023-04-18,0.1321560422719239,0.30521635418789017,4.2322558144934495e-17,0.4126508574166236,0.14997674612356232
2023-04-19,0.1321560422719239,0.30521635418789017,4.2322558144934495e-17,0.4126508574166236,0.14997674612356232
2023-04-20,0.1321560422719239,0.30521635418789017,4.2322558144934495e-17,0.4126508574166236,0.14997674612356232
2023-04-24,0.1321560422719239,0.30521635418789017,4.2322558144934495e-17,0.4126508574166236,0.14997674612356232
2023-04-25,0.1321560422719239,0.30521635418789017,4.2322558144934495e-17,0.4126508574166236,0.14997674612356232
2023-04-26,0.1321560422719239,0.30521635418789017,4.2322558144934495e-17,0.4126508574166236,0.14997674612356232
2023-04-27,0.1321560422719239,0.30521635418789017,4.2322558144934495e-17,0.4126508574166236,0.14997674612356232
2023-04-28,0.1321560422719239,0.30521635418789017,4.2322558144934495e-17,0.4126508574166236,0.14997674612356232
2023-05-02,0.1321560422719239,0.30521635418789017,4.2322558144934495e-17,0.4126508574166236,0.14997674612356232
2023-05-03,0.1321560422719239,0.30521635418789017,4.2322558144934495e-17,0.4126508574166236,0.14997674612356232
2023-05-04,0.1321560422719239,0.30521635418789017,4.2322558144934495e-17,0.4126508574166236,0.14997674612356232
2023-05-05,0.1321560422719239,0.30521635418789017,4.2322558144934495e-17,0.4126508574166236,0.14997674612356232
2023-05-08,0.1321560422719239,0.30521635418789017,4.2322558144934495e-17,0.4126508574166236,0.14997674612356232
2023-05-09,0.1321560422719239,0.30521635418789017,4.2322558144934495e-17,0.4126508574166236,0.14997674612356232
2023-05-10,0.13784512531748527,0.2922025657915854,0.0,0.4149770059047736,0.15497530298615592
2023-05-11,0.13784512531748527,0.2922025657915854,0.0,0.4149770059047736,0.15497530298615592
2023-05-12,0.13784512531748527,0.2922025657915854,0.0,0.4149770059047736,0.15497530298615592
2023-05-15,0.13784512531748527,0.2922025657915854,0.0,0.4149770059047736,0.15497530298615592
2023-05-16,0.13784512531748527,0.2922025657915854,0.0,0.4149770059047736,0.15497530298615592
2023-05-17,0.13784512531748527,0.2922025657915854,0.0,0.4149770059047736,0.15497530298615592
2023-05-18,0.13784512531748527,0.2922025657915854,0.0,0.4149770059047736,0.15497530298615592
2023-05-19,0.13784512531748527,0.2922025657915854,0.0,0.4149770059047736,0.15497530298615592
2023-05-22,0.13784512531748527,0.2922025657915854,0.0,0.4149770059047736,0.15497530298615592
2023-05-23,0.13784512531748527,0.2922025657915854,0.0,0.4149770059047736,0.15497530298615592
2023-05-24,0.13784512531748527,0.2922025657915854,0.0,0.4149770059047736,0.15497530298615592
2023-05-25,0.13784512531748527,0.2922025657915854,0.0,0.4149770059047736,0.15497530298615592
2023-05-26,0.13784512531748527,0.2922025657915854,0.0,0.4149770059047736,0.15497530298615592
2023-05-30,0.13784512531748527,0.2922025657915854,0.0,0.4149770059047736,0.15497530298615592
2023-05-31,0.13784512531748527,0.2922025657915854,0.0,0.4149770059047736,0.15497530298615592
2023-06-01,0.13784512531748527,0.2922025657915854,0.0,0.4149770059047736,0.15497530298615592
2023-06-02,0.13784512531748527,0.2922025657915854,0.0,0.4149770059047736,0.15497530298615592
2023-06-05,0.13784512531748527,0.2922025657915854,0.0,0.4149770059047736,0.15497530298615592
2023-06-06,0.13784512531748527,0.2922025657915854,0.0,0.4149770059047736,0.15497530298615592
2023-06-07,0.13784512531748527,0.2922025657915854,0.0,0.4149770059047736,0.15497530298615592
2023-06-09,0.13784512531748527,0.2922025657915854,0.0,0.4149770059047736,0.15497530298615592
2023-06-12,0.1481595811668682,0.28634564476336566,0.0,0.3939318713123878,0.1715629027573784
2023-06-13,0.1481595811668682,0.28634564476336566,0.0,0.3939318713123878,0.1715629027573784
2023-06-14,0.1481595811668682,0.28634564476336566,0.0,0.3939318713123878,0.1715629027573784
2023-06-15,0.1481595811668682,0.28634564476336566,0.0,0.3939318713123878,0.1715629027573784
2023-06-16,0.1481595811668682,0.28634564476336566,0.0,0.3939318713123878,0.1715629027573784
2023-06-20,0.1481595811668682,0.28634564476336566,0.0,0.3939318713123878,0.1715629027573784
2023-06-21,0.1481595811668682,0.28634564476336566,0.0,0.3939318713123878,0.1715629027573784
2023-06-22,0.1481595811668682,0.28634564476336566,0.0,0.3939318713123878,0.1715629027573784
2023-06-23,0.1481595811668682,0.28634564476336566,0.0,0.3939318713123878,0.1715629027573784
2023-06-26,0.1481595811668682,0.28634564476336566,0.0,0.3939318713123878,0.1715629027573784
2023-06-27,0.1481595811668682,0.28634564476336566,0.0,0.3939318713123878,0.1715629027573784
2023-06-28,0.1481595811668682,0.28634564476336566,0.0,0.3939318713123878,0.1715629027573784
2023-06-29,0.1481595811668682,0.28634564476336566,0.0,0.3939318713123878,0.1715629027573784
2023-06-30,0.1481595811668682,0.28634564476336566,0.0,0.3939318713123878,0.1715629027573784
2023-07-03,0.1481595811668682,0.28634564476336566,0.0,0.3939318713123878,0.1715629027573784
2023-07-05,0.1481595811668682,0.28634564476336566,0.0,0.3939318713123878,0.1715629027573784
2023-07-06,0.1481595811668682,0.28634564476336566,0.0,0.3939318713123878,0.1715629027573784
2023-07-07,0.1481595811668682,0.28634564476336566,0.0,0.3939318713123878,0.1715629027573784
2023-07-10,0.1481595811668682,0.28634564476336566,0.0,0.3939318713123878,0.1715629027573784
2023-07-11,0.1481595811668682,0.28634564476336566,0.0,0.3939318713123878,0.1715629027573784
2023-07-12,0.1481595811668682,0.28634564476336566,0.0,0.3939318713123878,0.1715629027573784
2023-07-13,0.1751434639011032,0.25895415589288756,0.0,0.3762451790614771,0.18965720114453224
2023-07-14,0.1751434639011032,0.25895415589288756,0.0,0.3762451790614771,0.18965720114453224
2023-07-17,0.1751434639011032,0.25895415589288756,0.0,0.3762451790614771,0.18965720114453224
2023-07-18,0.1751434639011032,0.25895415589288756,0.0,0.3762451790614771,0.18965720114453224
2023-07-19,0.1751434639011032,0.25895415589288756,0.0,0.3762451790614771,0.18965720114453224
2023-07-20,0.1751434639011032,0.25895415589288756,0.0,0.3762451790614771,0.18965720114453224
2023-07-21,0.1751434639011032,0.25895415589288756,0.0,0.3762451790614771,0.18965720114453224
2023-07-24,0.1751434639011032,0.25895415589288756,0.0,0.3762451790614771,0.18965720114453224
2023-07-25,0.1751434639011032,0.25895415589288756,0.0,0.3762451790614771,0.18965720114453224
2023-07-26,0.1751434639011032,0.25895415589288756,0.0,0.3762451790614771,0.18965720114453224
2023-07-27,0.1751434639011032,0.25895415589288756,0.0,0.3762451790614771,0.18965720114453224
2023-07-28,0.1751434639011032,0.25895415589288756,0.0,0.3762451790614771,0.18965720114453224
2023-07-31,0.1751434639011032,0.25895415589288756,0.0,0.3762451790614771,0.18965720114453224
2023-08-01,0.1751434639011032,0.25895415589288756,0.0,0.3762451790614771,0.18965720114453224
2023-08-02,0.1751434639011032,0.25895415589288756,0.0,0.3762451790614771,0.18965720114453224
2023-08-03,0.1751434639011032,0.25895415589288756,0.0,0.3762451790614771,0.18965720114453224
2023-08-04,0.1751434639011032,0.25895415589288756,0.0,0.3762451790614771,0.18965720114453224
2023-08-07,0.1751434639011032,0.25895415589288756,0.0,0.3762451790614771,0.18965720114453224
2023-08-08,0.1751434639011032,0.25895415589288756,0.0,0.3762451790614771,0.18965720114453224
2023-08-09,0.1751434639011032,0.25895415589288756,0.0,0.3762451790614771,0.18965720114453224
2023-08-10,0.1751434639011032,0.25895415589288756,0.0,0.3762451790614771,0.18965720114453224
2023-08-11,0.1665087682988356,0.2674077820991334,3.8697742461784686e-17,0.3665592358320784,0.19952421376995258
2023-08-14,0.1665087682988356,0.2674077820991334,3.8697742461784686e-17,0.3665592358320784,0.19952421376995258
2023-08-15,0.1665087682988356,0.2674077820991334,3.8697742461784686e-17,0.3665592358320784,0.19952421376995258
2023-08-16,0.1665087682988356,0.2674077820991334,3.8697742461784686e-17,0.3665592358320784,0.19952421376995258
2023-08-17,0.1665087682988356,0.2674077820991334,3.8697742461784686e-17,0.3665592358320784,0.19952421376995258
2023-08-18,0.1665087682988356,0.2674077820991334,3.8697742461784686e-17,0.3665592358320784,0.19952421376995258
2023-08-21,0.1665087682988356,0.2674077820991334,3.8697742461784686e-17,0.3665592358320784,0.19952421376995258
2023-08-22,0.1665087682988356,0.2674077820991334,3.8697742461784686e-17,0.3665592358320784,0.19952421376995258
2023-08-23,0.1665087682988356,0.2674077820991334,3.8697742461784686e-17,0.3665592358320784,0.19952421376995258
2023-08-24,0.1665087682988356,0.2674077820991334,3.8697742461784686e-17,0.3665592358320784,0.19952421376995258
2023-08-25,0.1665087682988356,0.2674077820991334,3.8697742461784686e-17,0.3665592358320784,0.19952421376995258
2023-08-28,0.1665087682988356,0.2674077820991334,3.8697742461784686e-17,0.3665592358320784,0.19952421376995258
2023-08-29,0.1665087682988356,0.2674077820991334,3.8697742461784686e-17,0.3665592358320784,0.19952421376995258
2023-08-30,0.1665087682988356,0.2674077820991334,3.8697742461784686e-17,0.3665592358320784,0.19952421376995258
2023-08-31,0.1665087682988356,0.2674077820991334,3.8697742461784686e-17,0.3665592358320784,0.19952421376995258
2023-09-01,0.1665087682988356,0.2674077820991334,3.8697742461784686e-17,0.3665592358320784,0.19952421376995258
2023-09-05,0.1665087682988356,0.2674077820991334,3.8697742461784686e-17,0.3665592358320784,0.19952421376995258
2023-09-06,0.1665087682988356,0.2674077820991334,3.8697742461784686e-17,0.3665592358320784,0.19952421376995258
2023-09-08,0.1665087682988356,0.2674077820991334,3.8697742461784686e-17,0.3665592358320784,0.19952421376995258
2023-09-11,0.1665087682988356,0.2674077820991334,3.8697742461784686e-17,0.3665592358320784,0.19952421376995258
2023-09-12,0.1665087682988356,0.2674077820991334,3.8697742461784686e-17,0.3665592358320784,0.19952421376995258
2023-09-13,0.159772915164378,0.27383172409392653,1.0072917872920953e-17,0.3667399764184729,0.19965538432322266
2023-09-14,0.159772915164378,0.27383172409392653,1.0072917872920953e-17,0.3667399764184729,0.19965538432322266
2023-09-15,0.159772915164378,0.27383172409392653,1.0072917872920953e-17,0.3667399764184729,0.19965538432322266
2023-09-18,0.159772915164378,0.27383172409392653,1.0072917872920953e-17,0.3667399764184729,0.19965538432322266
2023-09-19,0.159772915164378,0.27383172409392653,1.0072917872920953e-17,0.3667399764184729,0.19965538432322266
2023-09-20,0.159772915164378,0.27383172409392653,1.0072917872920953e-17,0.3667399764184729,0.19965538432322266
2023-09-21,0.159772915164378,0.27383172409392653,1.0072917872920953e-17,0.3667399764184729,0.19965538432322266
2023-09-22,0.159772915164378,0.27383172409392653,1.0072917872920953e-17,0.3667399764184729,0.19965538432322266
2023-09-25,0.159772915164378,0.27383172409392653,1.0072917872920953e-17,0.3667399764184729,0.19965538432322266
2023-09-26,0.159772915164378,0.27383172409392653,1.0072917872920953e-17,0.3667399764184729,0.19965538432322266
2023-09-27,0.159772915164378,0.27383172409392653,1.0072917872920953e-17,0.3667399764184729,0.19965538432322266
2023-09-28,0.159772915164378,0.27383172409392653,1.0072917872920953e-17,0.3667399764184729,0.19965538432322266
2023-09-29,0.159772915164378,0.27383172409392653,1.0072917872920953e-17,0.3667399764184729,0.19965538432322266
2023-10-02,0.159772915164378,0.27383172409392653,1.0072917872920953e-17,0.3667399764184729,0.19965538432322266
2023-10-03,0.159772915164378,0.27383172409392653,1.0072917872920953e-17,0.3667399764184729,0.19965538432322266
2023-10-04,0.159772915164378,0.27383172409392653,1.0072917872920953e-17,0.3667399764184729,0.19965538432322266
2023-10-05,0.159772915164378,0.27383172409392653,1.0072917872920953e-17,0.3667399764184729,0.19965538432322266
2023-10-06,0.159772915164378,0.27383172409392653,1.0072917872920953e-17,0.3667399764184729,0.19965538432322266
2023-10-09,0.159772915164378,0.27383172409392653,1.0072917872920953e-17,0.3667399764184729,0.19965538432322266
2023-10-10,0.159772915164378,0.27383172409392653,1.0072917872920953e-17,0.3667399764184729,0.19965538432322266
2023-10-11,0.159772915164378,0.27383172409392653,1.0072917872920953e-17,0.3667399764184729,0.19965538432322266
2023-10-13,0.16869547172367652,0.2659628554558868,7.345279221258835e-17,0.3551470276753288,0.21019464514510788
2023-10-16,0.16869547172367652,0.2659628554558868,7.345279221258835e-17,0.3551470276753288,0.21019464514510788
2023-10-17,0.16869547172367652,0.2659628554558868,7.345279221258835e-17,0.3551470276753288,0.21019464514510788
2023-10-18,0.16869547172367652,0.2659628554558868,7.345279221258835e-17,0.3551470276753288,0.21019464514510788
2023-10-19,0.16869547172367652,0.2659628554558868,7.345279221258835e-17,0.3551470276753288,0.21019464514510788
2023-10-20,0.16869547172367652,0.2659628554558868,7.345279221258835e-17,0.3551470276753288,0.21019464514510788
2023-10-23,0.16869547172367652,0.2659628554558868,7.345279221258835e-17,0.3551470276753288,0.21019464514510788
2023-10-24,0.16869547172367652,0.2659628554558868,7.345279221258835e-17,0.3551470276753288,0.21019464514510788
2023-10-25,0.16869547172367652,0.2659628554558868,7.345279221258835e-17,0.3551470276753288,0.21019464514510788
2023-10-26,0.16869547172367652,0.2659628554558868,7.345279221258835e-17,0.3551470276753288,0.21019464514510788
2023-10-27,0.16869547172367652,0.2659628554558868,7.345279221258835e-17,0.3551470276753288,0.21019464514510788
2023-10-30,0.16869547172367652,0.2659628554558868,7.345279221258835e-17,0.3551470276753288,0.21019464514510788
2023-10-31,0.16869547172367652,0.2659628554558868,7.345279221258835e-17,0.3551470276753288,0.21019464514510788
2023-11-01,0.16869547172367652,0.2659628554558868,7.345279221258835e-17,0.3551470276753288,0.21019464514510788
2023-11-03,0.16869547172367652,0.2659628554558868,7.345279221258835e-17,0.3551470276753288,0.21019464514510788
2023-11-06,0.16869547172367652,0.2659628554558868,7.345279221258835e-17,0.3551470276753288,0.21019464514510788
2023-11-07,0.16869547172367652,0.2659628554558868,7.345279221258835e-17,0.3551470276753288,0.21019464514510788
2023-11-08,0.16869547172367652,0.2659628554558868,7.345279221258835e-17,0.3551470276753288,0.21019464514510788
2023-11-09,0.16869547172367652,0.2659628554558868,7.345279221258835e-17,0.3551470276753288,0.21019464514510788
2023-11-10,0.16869547172367652,0.2659628554558868,7.345279221258835e-17,0.3551470276753288,0.21019464514510788
2023-11-13,0.16869547172367652,0.2659628554558868,7.345279221258835e-17,0.3551470276753288,0.21019464514510788
2023-11-14,0.16448422524054643,0.27159282130796186,0.0,0.3603735080928515,0.20354944535864022
2023-11-16,0.16448422524054643,0.27159282130796186,0.0,0.3603735080928515,0.20354944535864022
2023-11-17,0.16448422524054643,0.27159282130796186,0.0,0.3603735080928515,0.20354944535864022
2023-11-20,0.16448422524054643,0.27159282130796186,0.0,0.3603735080928515,0.20354944535864022
2023-11-21,0.16448422524054643,0.27159282130796186,0.0,0.3603735080928515,0.20354944535864022
2023-11-22,0.16448422524054643,0.27159282130796186,0.0,0.3603735080928515,0.20354944535864022
2023-11-24,0.16448422524054643,0.27159282130796186,0.0,0.3603735080928515,0.20354944535864022
2023-11-27,0.16448422524054643,0.27159282130796186,0.0,0.3603735080928515,0.20354944535864022
2023-11-28,0.16448422524054643,0.27159282130796186,0.0,0.3603735080928515,0.20354944535864022
2023-11-29,0.16448422524054643,0.27159282130796186,0.0,0.3603735080928515,0.20354944535864022
2023-11-30,0.16448422524054643,0.27159282130796186,0.0,0.3603735080928515,0.20354944535864022
2023-12-01,0.16448422524054643,0.27159282130796186,0.0,0.3603735080928515,0.20354944535864022
2023-12-04,0.16448422524054643,0.27159282130796186,0.0,0.3603735080928515,0.20354944535864022
2023-12-05,0.16448422524054643,0.27159282130796186,0.0,0.3603735080928515,0.20354944535864022
2023-12-06,0.16448422524054643,0.27159282130796186,0.0,0.3603735080928515,0.20354944535864022
2023-12-07,0.16448422524054643,0.27159282130796186,0.0,0.3603735080928515,0.20354944535864022
2023-12-08,0.16448422524054643,0.27159282130796186,0.0,0.3603735080928515,0.20354944535864022
2023-12-11,0.16448422524054643,0.27159282130796186,0.0,0.3603735080928515,0.20354944535864022
2023-12-12,0.16448422524054643,0.27159282130796186,0.0,0.3603735080928515,0.20354944535864022
2023-12-13,0.16448422524054643,0.27159282130796186,0.0,0.3603735080928515,0.20354944535864022
2023-12-14,0.16448422524054643,0.27159282130796186,0.0,0.3603735080928515,0.20354944535864022
2023-12-15,0.16108884301606477,0.2224299953786851,0.0,0.37589055163674795,0.24059060996850232
2023-12-18,0.16108884301606477,0.2224299953786851,0.0,0.37589055163674795,0.24059060996850232
2023-12-19,0.16108884301606477,0.2224299953786851,0.0,0.37589055163674795,0.24059060996850232
2023-12-20,0.16108884301606477,0.2224299953786851,0.0,0.37589055163674795,0.24059060996850232
2023-12-21,0.16108884301606477,0.2224299953786851,0.0,0.37589055163674795,0.24059060996850232
2023-12-22,0.16108884301606477,0.2224299953786851,0.0,0.37589055163674795,0.24059060996850232
2023-12-26,0.16108884301606477,0.2224299953786851,0.0,0.37589055163674795,0.24059060996850232
2023-12-27,0.16108884301606477,0.2224299953786851,0.0,0.37589055163674795,0.24059060996850232
2023-12-28,0.16108884301606477,0.2224299953786851,0.0,0.37589055163674795,0.24059060996850232
2024-01-02,0.16108884301606477,0.2224299953786851,0.0,0.37589055163674795,0.24059060996850232
2024-01-03,0.16108884301606477,0.2224299953786851,0.0,0.37589055163674795,0.24059060996850232
2024-01-04,0.16108884301606477,0.2224299953786851,0.0,0.37589055163674795,0.24059060996850232
2024-01-05,0.16108884301606477,0.2224299953786851,0.0,0.37589055163674795,0.24059060996850232
2024-01-08,0.16108884301606477,0.2224299953786851,0.0,0.37589055163674795,0.24059060996850232
2024-01-09,0.16108884301606477,0.2224299953786851,0.0,0.37589055163674795,0.24059060996850232
2024-01-10,0.16108884301606477,0.2224299953786851,0.0,0.37589055163674795,0.24059060996850232
2024-01-11,0.16108884301606477,0.2224299953786851,0.0,0.37589055163674795,0.24059060996850232
2024-01-12,0.16108884301606477,0.2224299953786851,0.0,0.37589055163674795,0.24059060996850232
2024-01-16,0.16108884301606477,0.2224299953786851,0.0,0.37589055163674795,0.24059060996850232
2024-01-17,0.16108884301606477,0.2224299953786851,0.0,0.37589055163674795,0.24059060996850232
2024-01-18,0.16108884301606477,0.2224299953786851,0.0,0.37589055163674795,0.24059060996850232
2024-01-19,0.14989789656388214,0.23469093348863315,1.4625625991081912e-16,0.37003002824072107,0.24538114170676353
2024-01-22,0.14989789656388214,0.23469093348863315,1.4625625991081912e-16,0.37003002824072107,0.24538114170676353
2024-01-23,0.14989789656388214,0.23469093348863315,1.4625625991081912e-16,0.37003002824072107,0.24538114170676353
2024-01-24,0.14989789656388214,0.23469093348863315,1.4625625991081912e-16,0.37003002824072107,0.24538114170676353
2024-01-25,0.14989789656388214,0.23469093348863315,1.4625625991081912e-16,0.37003002824072107,0.24538114170676353
2024-01-26,0.14989789656388214,0.23469093348863315,1.4625625991081912e-16,0.37003002824072107,0.24538114170676353
2024-01-29,0.14989789656388214,0.23469093348863315,1.4625625991081912e-16,0.37003002824072107,0.24538114170676353
2024-01-30,0.14989789656388214,0.23469093348863315,1.4625625991081912e-16,0.37003002824072107,0.24538114170676353
2024-01-31,0.14989789656388214,0.23469093348863315,1.4625625991081912e-16,0.37003002824072107,0.24538114170676353
2024-02-01,0.14989789656388214,0.23469093348863315,1.4625625991081912e-16,0.37003002824072107,0.24538114170676353
2024-02-02,0.14989789656388214,0.23469093348863315,1.4625625991081912e-16,0.37003002824072107,0.24538114170676353
2024-02-05,0.14989789656388214,0.23469093348863315,1.4625625991081912e-16,0.37003002824072107,0.24538114170676353
2024-02-06,0.14989789656388214,0.23469093348863315,1.4625625991081912e-16,0.37003002824072107,0.24538114170676353
2024-02-07,0.14989789656388214,0.23469093348863315,1.4625625991081912e-16,0.37003002824072107,0.24538114170676353
2024-02-08,0.14989789656388214,0.23469093348863315,1.4625625991081912e-16,0.37003002824072107,0.24538114170676353
2024-02-09,0.14989789656388214,0.23469093348863315,1.4625625991081912e-16,0.37003002824072107,0.24538114170676353
2024-02-14,0.14989789656388214,0.23469093348863315,1.4625625991081912e-16,0.37003002824072107,0.24538114170676353
2024-02-15,0.14989789656388214,0.23469093348863315,1.4625625991081912e-16,0.37003002824072107,0.24538114170676353
2024-02-16,0.14989789656388214,0.23469093348863315,1.4625625991081912e-16,0.37003002824072107,0.24538114170676353
2024-02-20,0.14989789656388214,0.23469093348863315,1.4625625991081912e-16,0.37003002824072107,0.24538114170676353
2024-02-21,0.14989789656388214,0.23469093348863315,1.4625625991081912e-16,0.37003002824072107,0.24538114170676353
2024-02-22,0.146640523036589,0.2267000784699776,6.520680919817929e-17,0.38519103636904417,0.24146836212438927
2024-02-23,0.146640523036589,0.2267000784699776,6.520680919817929e-17,0.38519103636904417,0.24146836212438927
2024-02-26,0.146640523036589,0.2267000784699776,6.520680919817929e-17,0.38519103636904417,0.24146836212438927
2024-02-27,0.146640523036589,0.2267000784699776,6.520680919817929e-17,0.38519103636904417,0.24146836212438927
2024-02-28,0.146640523036589,0.2267000784699776,6.520680919817929e-17,0.38519103636904417,0.24146836212438927
2024-02-29,0.146640523036589,0.2267000784699776,6.520680919817929e-17,0.38519103636904417,0.24146836212438927
2024-03-01,0.146640523036589,0.2267000784699776,6.520680919817929e-17,0.38519103636904417,0.24146836212438927
2024-03-04,0.146640523036589,0.2267000784699776,6.520680919817929e-17,0.38519103636904417,0.24146836212438927
2024-03-05,0.146640523036589,0.2267000784699776,6.520680919817929e-17,0.38519103636904417,0.24146836212438927
2024-03-06,0.146640523036589,0.2267000784699776,6.520680919817929e-17,0.38519103636904417,0.24146836212438927
2024-03-07,0.146640523036589,0.2267000784699776,6.520680919817929e-17,0.38519103636904417,0.24146836212438927
2024-03-08,0.146640523036589,0.2267000784699776,6.520680919817929e-17,0.38519103636904417,0.24146836212438927
2024-03-11,0.146640523036589,0.2267000784699776,6.520680919817929e-17,0.38519103636904417,0.24146836212438927
2024-03-12,0.146640523036589,0.2267000784699776,6.520680919817929e-17,0.38519103636904417,0.24146836212438927
2024-03-13,0.146640523036589,0.2267000784699776,6.520680919817929e-17,0.38519103636904417,0.24146836212438927
2024-03-14,0.146640523036589,0.2267000784699776,6.520680919817929e-17,0.38519103636904417,0.24146836212438927
2024-03-15,0.146640523036589,0.2267000784699776,6.520680919817929e-17,0.38519103636904417,0.24146836212438927
2024-03-18,0.146640523036589,0.2267000784699776,6.520680919817929e-17,0.38519103636904417,0.24146836212438927
2024-03-19,0.146640523036589,0.2267000784699776,6.520680919817929e-17,0.38519103636904417,0.24146836212438927
2024-03-20,0.146640523036589,0.2267000784699776,6.520680919817929e-17,0.38519103636904417,0.24146836212438927
2024-03-21,0.146640523036589,0.2267000784699776,6.520680919817929e-17,0.38519103636904417,0.24146836212438927
2024-03-22,0.1687988045842389,0.2064219107218043,0.0,0.38582097586859737,0.23895830882535946
2024-03-25,0.1687988045842389,0.2064219107218043,0.0,0.38582097586859737,0.23895830882535946
2024-03-26,0.1687988045842389,0.2064219107218043,0.0,0.38582097586859737,0.23895830882535946
2024-03-27,0.1687988045842389,0.2064219107218043,0.0,0.38582097586859737,0.23895830882535946
2024-03-28,0.1687988045842389,0.2064219107218043,0.0,0.38582097586859737,0.23895830882535946
2024-04-01,0.1687988045842389,0.2064219107218043,0.0,0.38582097586859737,0.23895830882535946
2024-04-02,0.1687988045842389,0.2064219107218043,0.0,0.38582097586859737,0.23895830882535946
2024-04-03,0.1687988045842389,0.2064219107218043,0.0,0.38582097586859737,0.23895830882535946
2024-04-04,0.1687988045842389,0.2064219107218043,0.0,0.38582097586859737,0.23895830882535946
2024-04-05,0.1687988045842389,0.2064219107218043,0.0,0.38582097586859737,0.23895830882535946
2024-04-08,0.1687988045842389,0.2064219107218043,0.0,0.38582097586859737,0.23895830882535946
2024-04-09,0.1687988045842389,0.2064219107218043,0.0,0.38582097586859737,0.23895830882535946
2024-04-10,0.1687988045842389,0.2064219107218043,0.0,0.38582097586859737,0.23895830882535946
2024-04-11,0.1687988045842389,0.2064219107218043,0.0,0.38582097586859737,0.23895830882535946
2024-04-12,0.1687988045842389,0.2064219107218043,0.0,0.38582097586859737,0.23895830882535946
2024-04-15,0.1687988045842389,0.2064219107218043,0.0,0.38582097586859737,0.23895830882535946
2024-04-16,0.1687988045842389,0.2064219107218043,0.0,0.38582097586859737,0.23895830882535946
2024-04-17,0.1687988045842389,0.2064219107218043,0.0,0.38582097586859737,0.23895830882535946
2024-04-18,0.1687988045842389,0.2064219107218043,0.0,0.38582097586859737,0.23895830882535946
2024-04-19,0.1687988045842389,0.2064219107218043,0.0,0.38582097586859737,0.23895830882535946
2024-04-22,0.1687988045842389,0.2064219107218043,0.0,0.38582097586859737,0.23895830882535946
2024-04-23,0.14421901895058076,0.2505364831607578,2.467633071669528e-16,0.3756434533415741,0.22960104454708705
2024-04-24,0.14421901895058076,0.2505364831607578,2.467633071669528e-16,0.3756434533415741,0.22960104454708705
2024-04-25,0.14421901895058076,0.2505364831607578,2.467633071669528e-16,0.3756434533415741,0.22960104454708705
2024-04-26,0.14421901895058076,0.2505364831607578,2.467633071669528e-16,0.3756434533415741,0.22960104454708705
2024-04-29,0.14421901895058076,0.2505364831607578,2.467633071669528e-16,0.3756434533415741,0.22960104454708705
2024-04-30,0.14421901895058076,0.2505364831607578,2.467633071669528e-16,0.3756434533415741,0.22960104454708705
2024-05-02,0.14421901895058076,0.2505364831607578,2.467633071669528e-16,0.3756434533415741,0.22960104454708705
2024-05-03,0.14421901895058076,0.2505364831607578,2.467633071669528e-16,0.3756434533415741,0.22960104454708705
2024-05-06,0.14421901895058076,0.2505364831607578,2.467633071669528e-16,0.3756434533415741,0.22960104454708705
2024-05-07,0.14421901895058076,0.2505364831607578,2.467633071669528e-16,0.3756434533415741,0.22960104454708705
2024-05-08,0.14421901895058076,0.2505364831607578,2.467633071669528e-16,0.3756434533415741,0.22960104454708705
2024-05-09,0.14421901895058076,0.2505364831607578,2.467633071669528e-16,0.3756434533415741,0.22960104454708705
2024-05-10,0.14421901895058076,0.2505364831607578,2.467633071669528e-16,0.3756434533415741,0.22960104454708705
2024-05-13,0.14421901895058076,0.2505364831607578,2.467633071669528e-16,0.3756434533415741,0.22960104454708705
2024-05-14,0.14421901895058076,0.2505364831607578,2.467633071669528e-16,0.3756434533415741,0.22960104454708705
2024-05-15,0.14421901895058076,0.2505364831607578,2.467633071669528e-16,0.3756434533415741,0.22960104454708705
2024-05-16,0.14421901895058076,0.2505364831607578,2.467633071669528e-16,0.3756434533415741,0.22960104454708705
2024-05-17,0.14421901895058076,0.2505364831607578,2.467633071669528e-16,0.3756434533415741,0.22960104454708705
2024-05-20,0.14421901895058076,0.2505364831607578,2.467633071669528e-16,0.3756434533415741,0.22960104454708705
2024-05-21,0.14421901895058076,0.2505364831607578,2.467633071669528e-16,0.3756434533415741,0.22960104454708705
2024-05-22,0.14421901895058076,0.2505364831607578,2.467633071669528e-16,0.3756434533415741,0.22960104454708705
2024-05-23,0.14260278005345767,0.2750605515679475,6.524544250930826e-18,0.35536584233074714,0.22697082604784774
2024-05-24,0.14260278005345767,0.2750605515679475,6.524544250930826e-18,0.35536584233074714,0.22697082604784774
2024-05-28,0.14260278005345767,0.2750605515679475,6.524544250930826e-18,0.35536584233074714,0.22697082604784774
2024-05-29,0.14260278005345767,0.2750605515679475,6.524544250930826e-18,0.35536584233074714,0.22697082604784774
2024-05-31,0.14260278005345767,0.2750605515679475,6.524544250930826e-18,0.35536584233074714,0.22697082604784774
2024-06-03,0.14260278005345767,0.2750605515679475,6.524544250930826e-18,0.35536584233074714,0.22697082604784774
2024-06-04,0.14260278005345767,0.2750605515679475,6.524544250930826e-18,0.35536584233074714,0.22697082604784774
2024-06-05,0.14260278005345767,0.2750605515679475,6.524544250930826e-18,0.35536584233074714,0.22697082604784774
2024-06-06,0.14260278005345767,0.2750605515679475,6.524544250930826e-18,0.35536584233074714,0.22697082604784774
2024-06-07,0.14260278005345767,0.2750605515679475,6.524544250930826e-18,0.35536584233074714,0.22697082604784774
2024-06-10,0.14260278005345767,0.2750605515679475,6.524544250930826e-18,0.35536584233074714,0.22697082604784774
2024-06-11,0.14260278005345767,0.2750605515679475,6.524544250930826e-18,0.35536584233074714,0.22697082604784774
2024-06-12,0.14260278005345767,0.2750605515679475,6.524544250930826e-18,0.35536584233074714,0.22697082604784774
2024-06-13,0.14260278005345767,0.2750605515679475,6.524544250930826e-18,0.35536584233074714,0.22697082604784774
2024-06-14,0.14260278005345767,0.2750605515679475,6.524544250930826e-18,0.35536584233074714,0.22697082604784774
2024-06-17,0.14260278005345767,0.2750605515679475,6.524544250930826e-18,0.35536584233074714,0.22697082604784774
2024-06-18,0.14260278005345767,0.2750605515679475,6.524544250930826e-18,0.35536584233074714,0.22697082604784774
2024-06-20,0.14260278005345767,0.2750605515679475,6.524544250930826e-18,0.35536584233074714,0.22697082604784774
2024-06-21,0.14260278005345767,0.2750605515679475,6.524544250930826e-18,0.35536584233074714,0.22697082604784774
2024-06-24,0.14260278005345767,0.2750605515679475,6.524544250930826e-18,0.35536584233074714,0.22697082604784774
2024-06-25,0.14260278005345767,0.2750605515679475,6.524544250930826e-18,0.35536584233074714,0.22697082604784774
2024-06-26,0.09120899500426057,0.3216530237853891,0.0,0.31533777914219835,0.27180020206815214
2024-06-27,0.09120899500426057,0.3216530237853891,0.0,0.31533777914219835,0.27180020206815214
2024-06-28,0.09120899500426057,0.3216530237853891,0.0,0.31533777914219835,0.27180020206815214
2024-07-01,0.09120899500426057,0.3216530237853891,0.0,0.31533777914219835,0.27180020206815214
2024-07-02,0.09120899500426057,0.3216530237853891,0.0,0.31533777914219835,0.27180020206815214
2024-07-03,0.09120899500426057,0.3216530237853891,0.0,0.31533777914219835,0.27180020206815214
2024-07-05,0.09120899500426057,0.3216530237853891,0.0,0.31533777914219835,0.27180020206815214
2024-07-08,0.09120899500426057,0.3216530237853891,0.0,0.31533777914219835,0.27180020206815214
2024-07-09,0.09120899500426057,0.3216530237853891,0.0,0.31533777914219835,0.27180020206815214
2024-07-10,0.09120899500426057,0.3216530237853891,0.0,0.31533777914219835,0.27180020206815214
2024-07-11,0.09120899500426057,0.3216530237853891,0.0,0.31533777914219835,0.27180020206815214
2024-07-12,0.09120899500426057,0.3216530237853891,0.0,0.31533777914219835,0.27180020206815214
2024-07-15,0.09120899500426057,0.3216530237853891,0.0,0.31533777914219835,0.27180020206815214
2024-07-16,0.09120899500426057,0.3216530237853891,0.0,0.31533777914219835,0.27180020206815214
2024-07-17,0.09120899500426057,0.3216530237853891,0.0,0.31533777914219835,0.27180020206815214
2024-07-18,0.09120899500426057,0.3216530237853891,0.0,0.31533777914219835,0.27180020206815214
2024-07-19,0.09120899500426057,0.3216530237853891,0.0,0.31533777914219835,0.27180020206815214
2024-07-22,0.09120899500426057,0.3216530237853891,0.0,0.31533777914219835,0.27180020206815214
2024-07-23,0.09120899500426057,0.3216530237853891,0.0,0.31533777914219835,0.27180020206815214
2024-07-24,0.09120899500426057,0.3216530237853891,0.0,0.31533777914219835,0.27180020206815214
2024-07-25,0.09120899500426057,0.3216530237853891,0.0,0.31533777914219835,0.27180020206815214
2024-07-26,0.10091463362652962,0.3227804855448809,0.0,0.30750931536592424,0.2687955654626652
2024-07-29,0.10091463362652962,0.3227804855448809,0.0,0.30750931536592424,0.2687955654626652
2024-07-30,0.10091463362652962,0.3227804855448809,0.0,0.30750931536592424,0.2687955654626652
2024-07-31,0.10091463362652962,0.3227804855448809,0.0,0.30750931536592424,0.2687955654626652
2024-08-01,0.10091463362652962,0.3227804855448809,0.0,0.30750931536592424,0.2687955654626652
2024-08-02,0.10091463362652962,0.3227804855448809,0.0,0.30750931536592424,0.2687955654626652
2024-08-05,0.10091463362652962,0.3227804855448809,0.0,0.30750931536592424,0.2687955654626652
2024-08-06,0.10091463362652962,0.3227804855448809,0.0,0.30750931536592424,0.2687955654626652
2024-08-07,0.10091463362652962,0.3227804855448809,0.0,0.30750931536592424,0.2687955654626652
2024-08-08,0.10091463362652962,0.3227804855448809,0.0,0.30750931536592424,0.2687955654626652
2024-08-09,0.10091463362652962,0.3227804855448809,0.0,0.30750931536592424,0.2687955654626652
2024-08-12,0.10091463362652962,0.3227804855448809,0.0,0.30750931536592424,0.2687955654626652
2024-08-13,0.10091463362652962,0.3227804855448809,0.0,0.30750931536592424,0.2687955654626652
2024-08-14,0.10091463362652962,0.3227804855448809,0.0,0.30750931536592424,0.2687955654626652
2024-08-15,0.10091463362652962,0.3227804855448809,0.0,0.30750931536592424,0.2687955654626652
2024-08-16,0.10091463362652962,0.3227804855448809,0.0,0.30750931536592424,0.2687955654626652
2024-08-19,0.10091463362652962,0.3227804855448809,0.0,0.30750931536592424,0.2687955654626652
2024-08-20,0.10091463362652962,0.3227804855448809,0.0,0.30750931536592424,0.2687955654626652
2024-08-21,0.10091463362652962,0.3227804855448809,0.0,0.30750931536592424,0.2687955654626652
2024-08-22,0.10091463362652962,0.3227804855448809,0.0,0.30750931536592424,0.2687955654626652
2024-08-23,0.10091463362652962,0.3227804855448809,0.0,0.30750931536592424,0.2687955654626652
2024-08-26,0.11462109466242032,0.32796518029387467,1.5164871123712935e-17,0.3126670624816465,0.24474666256205854
2024-08-27,0.11462109466242032,0.32796518029387467,1.5164871123712935e-17,0.3126670624816465,0.24474666256205854
2024-08-28,0.11462109466242032,0.32796518029387467,1.5164871123712935e-17,0.3126670624816465,0.24474666256205854
2024-08-29,0.11462109466242032,0.32796518029387467,1.5164871123712935e-17,0.3126670624816465,0.24474666256205854
2024-08-30,0.11462109466242032,0.32796518029387467,1.5164871123712935e-17,0.3126670624816465,0.24474666256205854
2024-09-03,0.11462109466242032,0.32796518029387467,1.5164871123712935e-17,0.3126670624816465,0.24474666256205854
2024-09-04,0.11462109466242032,0.32796518029387467,1.5164871123712935e-17,0.3126670624816465,0.24474666256205854
2024-09-05,0.11462109466242032,0.32796518029387467,1.5164871123712935e-17,0.3126670624816465,0.24474666256205854
2024-09-06,0.11462109466242032,0.32796518029387467,1.5164871123712935e-17,0.3126670624816465,0.24474666256205854
2024-09-09,0.11462109466242032,0.32796518029387467,1.5164871123712935e-17,0.3126670624816465,0.24474666256205854
2024-09-10,0.11462109466242032,0.32796518029387467,1.5164871123712935e-17,0.3126670624816465,0.24474666256205854
2024-09-11,0.11462109466242032,0.32796518029387467,1.5164871123712935e-17,0.3126670624816465,0.24474666256205854
2024-09-12,0.11462109466242032,0.32796518029387467,1.5164871123712935e-17,0.3126670624816465,0.24474666256205854
2024-09-13,0.11462109466242032,0.32796518029387467,1.5164871123712935e-17,0.3126670624816465,0.24474666256205854
2024-09-16,0.11462109466242032,0.32796518029387467,1.5164871123712935e-17,0.3126670624816465,0.24474666256205854
2024-09-17,0.11462109466242032,0.32796518029387467,1.5164871123712935e-17,0.3126670624816465,0.24474666256205854
2024-09-18,0.11462109466242032,0.32796518029387467,1.5164871123712935e-17,0.3126670624816465,0.24474666256205854
2024-09-19,0.11462109466242032,0.32796518029387467,1.5164871123712935e-17,0.3126670624816465,0.24474666256205854
2024-09-20,0.11462109466242032,0.32796518029387467,1.5164871123712935e-17,0.3126670624816465,0.24474666256205854
2024-09-23,0.11462109466242032,0.32796518029387467,1.5164871123712935e-17,0.3126670624816465,0.24474666256205854
2024-09-24,0.11462109466242032,0.32796518029387467,1.5164871123712935e-17,0.3126670624816465,0.24474666256205854
2024-09-25,0.13696466026121792,0.3275651628723319,8.505642172400236e-17,0.3064444397029222,0.2290257371635279
2024-09-26,0.13696466026121792,0.3275651628723319,8.505642172400236e-17,0.3064444397029222,0.2290257371635279
2024-09-27,0.13696466026121792,0.3275651628723319,8.505642172400236e-17,0.3064444397029222,0.2290257371635279
2024-09-30,0.13696466026121792,0.3275651628723319,8.505642172400236e-17,0.3064444397029222,0.2290257371635279
2024-10-01,0.13696466026121792,0.3275651628723319,8.505642172400236e-17,0.3064444397029222,0.2290257371635279
2024-10-02,0.13696466026121792,0.3275651628723319,8.505642172400236e-17,0.3064444397029222,0.2290257371635279
2024-10-03,0.13696466026121792,0.3275651628723319,8.505642172400236e-17,0.3064444397029222,0.2290257371635279
2024-10-04,0.13696466026121792,0.3275651628723319,8.505642172400236e-17,0.3064444397029222,0.2290257371635279
2024-10-07,0.13696466026121792,0.3275651628723319,8.505642172400236e-17,0.3064444397029222,0.2290257371635279
2024-10-08,0.13696466026121792,0.3275651628723319,8.505642172400236e-17,0.3064444397029222,0.2290257371635279
2024-10-09,0.13696466026121792,0.3275651628723319,8.505642172400236e-17,0.3064444397029222,0.2290257371635279
2024-10-10,0.13696466026121792,0.3275651628723319,8.505642172400236e-17,0.3064444397029222,0.2290257371635279
2024-10-11,0.13696466026121792,0.3275651628723319,8.505642172400236e-17,0.3064444397029222,0.2290257371635279
2024-10-14,0.13696466026121792,0.3275651628723319,8.505642172400236e-17,0.3064444397029222,0.2290257371635279
2024-10-15,0.13696466026121792,0.3275651628723319,8.505642172400236e-17,0.3064444397029222,0.2290257371635279
2024-10-16,0.13696466026121792,0.3275651628723319,8.505642172400236e-17,0.3064444397029222,0.2290257371635279
2024-10-17,0.13696466026121792,0.3275651628723319,8.505642172400236e-17,0.3064444397029222,0.2290257371635279
2024-10-18,0.13696466026121792,0.3275651628723319,8.505642172400236e-17,0.3064444397029222,0.2290257371635279
2024-10-21,0.13696466026121792,0.3275651628723319,8.505642172400236e-17,0.3064444397029222,0.2290257371635279
2024-10-22,0.13696466026121792,0.3275651628723319,8.505642172400236e-17,0.3064444397029222,0.2290257371635279
2024-10-23,0.13696466026121792,0.3275651628723319,8.505642172400236e-17,0.3064444397029222,0.2290257371635279
2024-10-24,0.14367983171088877,0.32238252257414063,6.442088285689443e-18,0.2884496388288309,0.24548800688613973
2024-10-25,0.14367983171088877,0.32238252257414063,6.442088285689443e-18,0.2884496388288309,0.24548800688613973
2024-10-28,0.14367983171088877,0.32238252257414063,6.442088285689443e-18,0.2884496388288309,0.24548800688613973
2024-10-29,0.14367983171088877,0.32238252257414063,6.442088285689443e-18,0.2884496388288309,0.24548800688613973
2024-10-30,0.14367983171088877,0.32238252257414063,6.442088285689443e-18,0.2884496388288309,0.24548800688613973
2024-10-31,0.14367983171088877,0.32238252257414063,6.442088285689443e-18,0.2884496388288309,0.24548800688613973
2024-11-01,0.14367983171088877,0.32238252257414063,6.442088285689443e-18,0.2884496388288309,0.24548800688613973
2024-11-04,0.14367983171088877,0.32238252257414063,6.442088285689443e-18,0.2884496388288309,0.24548800688613973
2024-11-05,0.14367983171088877,0.32238252257414063,6.442088285689443e-18,0.2884496388288309,0.24548800688613973
2024-11-06,0.14367983171088877,0.32238252257414063,6.442088285689443e-18,0.2884496388288309,0.24548800688613973
2024-11-07,0.14367983171088877,0.32238252257414063,6.442088285689443e-18,0.2884496388288309,0.24548800688613973
2024-11-08,0.14367983171088877,0.32238252257414063,6.442088285689443e-18,0.2884496388288309,0.24548800688613973
2024-11-11,0.14367983171088877,0.32238252257414063,6.442088285689443e-18,0.2884496388288309,0.24548800688613973
2024-11-12,0.14367983171088877,0.32238252257414063,6.442088285689443e-18,0.2884496388288309,0.24548800688613973
2024-11-13,0.14367983171088877,0.32238252257414063,6.442088285689443e-18,0.2884496388288309,0.24548800688613973
2024-11-14,0.14367983171088877,0.32238252257414063,6.442088285689443e-18,0.2884496388288309,0.24548800688613973
2024-11-18,0.14367983171088877,0.32238252257414063,6.442088285689443e-18,0.2884496388288309,0.24548800688613973
2024-11-19,0.14367983171088877,0.32238252257414063,6.442088285689443e-18,0.2884496388288309,0.24548800688613973
2024-11-21,0.14367983171088877,0.32238252257414063,6.442088285689443e-18,0.2884496388288309,0.24548800688613973
2024-11-22,0.14367983171088877,0.32238252257414063,6.442088285689443e-18,0.2884496388288309,0.24548800688613973
2024-11-25,0.14367983171088877,0.32238252257414063,6.442088285689443e-18,0.2884496388288309,0.24548800688613973
2024-11-26,0.1785045270845245,0.29744286968521294,0.0,0.2306146216511457,0.2934379815791168
2024-11-27,0.1785045270845245,0.29744286968521294,0.0,0.2306146216511457,0.2934379815791168
2024-11-29,0.1785045270845245,0.29744286968521294,0.0,0.2306146216511457,0.2934379815791168
2024-12-02,0.1785045270845245,0.29744286968521294,0.0,0.2306146216511457,0.2934379815791168
2024-12-03,0.1785045270845245,0.29744286968521294,0.0,0.2306146216511457,0.2934379815791168
2024-12-04,0.1785045270845245,0.29744286968521294,0.0,0.2306146216511457,0.2934379815791168
2024-12-05,0.1785045270845245,0.29744286968521294,0.0,0.2306146216511457,0.2934379815791168
2024-12-06,0.1785045270845245,0.29744286968521294,0.0,0.2306146216511457,0.2934379815791168
2024-12-09,0.1785045270845245,0.29744286968521294,0.0,0.2306146216511457,0.2934379815791168
2024-12-10,0.1785045270845245,0.29744286968521294,0.0,0.2306146216511457,0.2934379815791168
2024-12-11,0.1785045270845245,0.29744286968521294,0.0,0.2306146216511457,0.2934379815791168
2024-12-12,0.1785045270845245,0.29744286968521294,0.0,0.2306146216511457,0.2934379815791168
2024-12-13,0.1785045270845245,0.29744286968521294,0.0,0.2306146216511457,0.2934379815791168
2024-12-16,0.1785045270845245,0.29744286968521294,0.0,0.2306146216511457,0.2934379815791168
2024-12-17,0.1785045270845245,0.29744286968521294,0.0,0.2306146216511457,0.2934379815791168
2024-12-18,0.1785045270845245,0.29744286968521294,0.0,0.2306146216511457,0.2934379815791168
2024-12-19,0.1785045270845245,0.29744286968521294,0.0,0.2306146216511457,0.2934379815791168
2024-12-20,0.1785045270845245,0.29744286968521294,0.0,0.2306146216511457,0.2934379815791168
2024-12-23,0.1785045270845245,0.29744286968521294,0.0,0.2306146216511457,0.2934379815791168
2024-12-26,0.1785045270845245,0.29744286968521294,0.0,0.2306146216511457,0.2934379815791168
2024-12-27,0.1785045270845245,0.29744286968521294,0.0,0.2306146216511457,0.2934379815791168
2024-12-30,0.20878215951253812,0.27114374786770973,0.0,0.2283505764937405,0.2917235161260117
2025-01-02,0.20878215951253812,0.27114374786770973,0.0,0.2283505764937405,0.2917235161260117
2025-01-03,0.20878215951253812,0.27114374786770973,0.0,0.2283505764937405,0.2917235161260117
2025-01-06,0.20878215951253812,0.27114374786770973,0.0,0.2283505764937405,0.2917235161260117
2025-01-07,0.20878215951253812,0.27114374786770973,0.0,0.2283505764937405,0.2917235161260117
2025-01-08,0.20878215951253812,0.27114374786770973,0.0,0.2283505764937405,0.2917235161260117
2025-01-10,0.20878215951253812,0.27114374786770973,0.0,0.2283505764937405,0.2917235161260117
2025-01-13,0.20878215951253812,0.27114374786770973,0.0,0.2283505764937405,0.2917235161260117
2025-01-14,0.20878215951253812,0.27114374786770973,0.0,0.2283505764937405,0.2917235161260117
2025-01-15,0.20878215951253812,0.27114374786770973,0.0,0.2283505764937405,0.2917235161260117
2025-01-16,0.20878215951253812,0.27114374786770973,0.0,0.2283505764937405,0.2917235161260117
2025-01-17,0.20878215951253812,0.27114374786770973,0.0,0.2283505764937405,0.2917235161260117
2025-01-21,0.20878215951253812,0.27114374786770973,0.0,0.2283505764937405,0.2917235161260117
2025-01-22,0.20878215951253812,0.27114374786770973,0.0,0.2283505764937405,0.2917235161260117
2025-01-23,0.20878215951253812,0.27114374786770973,0.0,0.2283505764937405,0.2917235161260117
2025-01-24,0.20878215951253812,0.27114374786770973,0.0,0.2283505764937405,0.2917235161260117
2025-01-27,0.20878215951253812,0.27114374786770973,0.0,0.2283505764937405,0.2917235161260117
2025-01-28,0.20878215951253812,0.27114374786770973,0.0,0.2283505764937405,0.2917235161260117
2025-01-29,0.20878215951253812,0.27114374786770973,0.0,0.2283505764937405,0.2917235161260117
2025-01-30,0.20878215951253812,0.27114374786770973,0.0,0.2283505764937405,0.2917235161260117
2025-01-31,0.20878215951253812,0.27114374786770973,0.0,0.2283505764937405,0.2917235161260117
2025-02-03,0.20181343282377465,0.2694545094611429,4.1727721905709504e-17,0.235157638275894,0.29357441943918844
2025-02-04,0.20181343282377465,0.2694545094611429,4.1727721905709504e-17,0.235157638275894,0.29357441943918844
2025-02-05,0.20181343282377465,0.2694545094611429,4.1727721905709504e-17,0.235157638275894,0.29357441943918844
2025-02-06,0.20181343282377465,0.2694545094611429,4.1727721905709504e-17,0.235157638275894,0.29357441943918844
2025-02-07,0.20181343282377465,0.2694545094611429,4.1727721905709504e-17,0.235157638275894,0.29357441943918844
2025-02-10,0.20181343282377465,0.2694545094611429,4.1727721905709504e-17,0.235157638275894,0.29357441943918844
2025-02-11,0.20181343282377465,0.2694545094611429,4.1727721905709504e-17,0.235157638275894,0.29357441943918844
2025-02-12,0.20181343282377465,0.2694545094611429,4.1727721905709504e-17,0.235157638275894,0.29357441943918844
2025-02-13,0.20181343282377465,0.2694545094611429,4.1727721905709504e-17,0.235157638275894,0.29357441943918844
2025-02-14,0.20181343282377465,0.2694545094611429,4.1727721905709504e-17,0.235157638275894,0.29357441943918844
2025-02-18,0.20181343282377465,0.2694545094611429,4.1727721905709504e-17,0.235157638275894,0.29357441943918844
2025-02-19,0.20181343282377465,0.2694545094611429,4.1727721905709504e-17,0.235157638275894,0.29357441943918844
2025-02-20,0.20181343282377465,0.2694545094611429,4.1727721905709504e-17,0.235157638275894,0.29357441943918844
2025-02-21,0.20181343282377465,0.2694545094611429,4.1727721905709504e-17,0.235157638275894,0.29357441943918844
2025-02-24,0.20181343282377465,0.2694545094611429,4.1727721905709504e-17,0.235157638275894,0.29357441943918844
2025-02-25,0.20181343282377465,0.2694545094611429,4.1727721905709504e-17,0.235157638275894,0.29357441943918844
2025-02-26,0.20181343282377465,0.2694545094611429,4.1727721905709504e-17,0.235157638275894,0.29357441943918844
2025-02-27,0.20181343282377465,0.2694545094611429,4.1727721905709504e-17,0.235157638275894,0.29357441943918844
2025-02-28,0.20181343282377465,0.2694545094611429,4.1727721905709504e-17,0.235157638275894,0.29357441943918844
2025-03-05,0.20181343282377465,0.2694545094611429,4.1727721905709504e-17,0.235157638275894,0.29357441943918844
2025-03-06,0.20181343282377465,0.2694545094611429,4.1727721905709504e-17,0.235157638275894,0.29357441943918844
2025-03-07,0.20105433467991163,0.27154527441693854,0.0,0.2511411204715625,0.27625927043158727
2025-03-10,0.20105433467991163,0.27154527441693854,0.0,0.2511411204715625,0.27625927043158727
2025-03-11,0.20105433467991163,0.27154527441693854,0.0,0.2511411204715625,0.27625927043158727
2025-03-12,0.20105433467991163,0.27154527441693854,0.0,0.2511411204715625,0.27625927043158727
2025-03-13,0.20105433467991163,0.27154527441693854,0.0,0.2511411204715625,0.27625927043158727
2025-03-14,0.20105433467991163,0.27154527441693854,0.0,0.2511411204715625,0.27625927043158727
2025-03-17,0.20105433467991163,0.27154527441693854,0.0,0.2511411204715625,0.27625927043158727
2025-03-18,0.20105433467991163,0.27154527441693854,0.0,0.2511411204715625,0.27625927043158727
2025-03-19,0.20105433467991163,0.27154527441693854,0.0,0.2511411204715625,0.27625927043158727
2025-03-20,0.20105433467991163,0.27154527441693854,0.0,0.2511411204715625,0.27625927043158727
2025-03-21,0.20105433467991163,0.27154527441693854,0.0,0.2511411204715625,0.27625927043158727
2025-03-24,0.20105433467991163,0.27154527441693854,0.0,0.2511411204715625,0.27625927043158727
2025-03-25,0.20105433467991163,0.27154527441693854,0.0,0.2511411204715625,0.27625927043158727
2025-03-26,0.20105433467991163,0.27154527441693854,0.0,0.2511411204715625,0.27625927043158727
2025-03-27,0.20105433467991163,0.27154527441693854,0.0,0.2511411204715625,0.27625927043158727
2025-03-28,0.20105433467991163,0.27154527441693854,0.0,0.2511411204715625,0.27625927043158727
2025-03-31,0.20105433467991163,0.27154527441693854,0.0,0.2511411204715625,0.27625927043158727
2025-04-01,0.20105433467991163,0.27154527441693854,0.0,0.2511411204715625,0.27625927043158727
2025-04-02,0.20105433467991163,0.27154527441693854,0.0,0.2511411204715625,0.27625927043158727
2025-04-03,0.20105433467991163,0.27154527441693854,0.0,0.2511411204715625,0.27625927043158727
2025-04-04,0.20105433467991163,0.27154527441693854,0.0,0.2511411204715625,0.27625927043158727
2025-04-07,0.1879071204365421,0.2842625404706268,0.0,0.2760179268695252,0.25181241222330597
2025-04-08,0.1879071204365421,0.2842625404706268,0.0,0.2760179268695252,0.25181241222330597
2025-04-09,0.1879071204365421,0.2842625404706268,0.0,0.2760179268695252,0.25181241222330597
2025-04-10,0.1879071204365421,0.2842625404706268,0.0,0.2760179268695252,0.25181241222330597
2025-04-11,0.1879071204365421,0.2842625404706268,0.0,0.2760179268695252,0.25181241222330597
2025-04-14,0.1879071204365421,0.2842625404706268,0.0,0.2760179268695252,0.25181241222330597
2025-04-15,0.1879071204365421,0.2842625404706268,0.0,0.2760179268695252,0.25181241222330597
2025-04-16,0.1879071204365421,0.2842625404706268,0.0,0.2760179268695252,0.25181241222330597
2025-04-17,0.1879071204365421,0.2842625404706268,0.0,0.2760179268695252,0.25181241222330597
2025-04-22,0.1879071204365421,0.2842625404706268,0.0,0.2760179268695252,0.25181241222330597
2025-04-23,0.1879071204365421,0.2842625404706268,0.0,0.2760179268695252,0.25181241222330597
2025-04-24,0.1879071204365421,0.2842625404706268,0.0,0.2760179268695252,0.25181241222330597
2025-04-25,0.1879071204365421,0.2842625404706268,0.0,0.2760179268695252,0.25181241222330597
2025-04-28,0.1879071204365421,0.2842625404706268,0.0,0.2760179268695252,0.25181241222330597
2025-04-29,0.1879071204365421,0.2842625404706268,0.0,0.2760179268695252,0.25181241222330597
2025-04-30,0.1879071204365421,0.2842625404706268,0.0,0.2760179268695252,0.25181241222330597
2025-05-02,0.1879071204365421,0.2842625404706268,0.0,0.2760179268695252,0.25181241222330597
2025-05-05,0.1879071204365421,0.2842625404706268,0.0,0.2760179268695252,0.25181241222330597
2025-05-06,0.1879071204365421,0.2842625404706268,0.0,0.2760179268695252,0.25181241222330597
2025-05-07,0.1879071204365421,0.2842625404706268,0.0,0.2760179268695252,0.25181241222330597
2025-05-08,0.1879071204365421,0.2842625404706268,0.0,0.2760179268695252,0.25181241222330597
2025-05-09,0.2316195393877835,0.2651599947982448,3.315764883742896e-17,0.3107018004605352,0.19251866535343648
2025-05-12,0.2316195393877835,0.2651599947982448,3.315764883742896e-17,0.3107018004605352,0.19251866535343648
2025-05-13,0.2316195393877835,0.2651599947982448,3.315764883742896e-17,0.3107018004605352,0.19251866535343648
2025-05-14,0.2316195393877835,0.2651599947982448,3.315764883742896e-17,0.3107018004605352,0.19251866535343648
2025-05-15,0.2316195393877835,0.2651599947982448,3.315764883742896e-17,0.3107018004605352,0.19251866535343648
2025-05-16,0.2316195393877835,0.2651599947982448,3.315764883742896e-17,0.3107018004605352,0.19251866535343648
2025-05-19,0.2316195393877835,0.2651599947982448,3.315764883742896e-17,0.3107018004605352,0.19251866535343648
2025-05-20,0.2316195393877835,0.2651599947982448,3.315764883742896e-17,0.3107018004605352,0.19251866535343648
2025-05-21,0.2316195393877835,0.2651599947982448,3.315764883742896e-17,0.3107018004605352,0.19251866535343648
2025-05-22,0.2316195393877835,0.2651599947982448,3.315764883742896e-17,0.3107018004605352,0.19251866535343648
2025-05-23,0.2316195393877835,0.2651599947982448,3.315764883742896e-17,0.3107018004605352,0.19251866535343648
2025-05-27,0.2316195393877835,0.2651599947982448,3.315764883742896e-17,0.3107018004605352,0.19251866535343648
2025-05-28,0.2316195393877835,0.2651599947982448,3.315764883742896e-17,0.3107018004605352,0.19251866535343648
2025-05-29,0.2316195393877835,0.2651599947982448,3.315764883742896e-17,0.3107018004605352,0.19251866535343648
2025-05-30,0.2316195393877835,0.2651599947982448,3.315764883742896e-17,0.3107018004605352,0.19251866535343648
2025-06-02,0.2316195393877835,0.2651599947982448,3.315764883742896e-17,0.3107018004605352,0.19251866535343648
2025-06-03,0.2316195393877835,0.2651599947982448,3.315764883742896e-17,0.3107018004605352,0.19251866535343648
2025-06-04,0.2316195393877835,0.2651599947982448,3.315764883742896e-17,0.3107018004605352,0.19251866535343648
2025-06-05,0.2316195393877835,0.2651599947982448,3.315764883742896e-17,0.3107018004605352,0.19251866535343648
2025-06-06,0.2316195393877835,0.2651599947982448,3.315764883742896e-17,0.3107018004605352,0.19251866535343648
2025-06-09,0.2316195393877835,0.2651599947982448,3.315764883742896e-17,0.3107018004605352,0.19251866535343648
2025-06-10,0.22817679309169148,0.261178544985423,0.0,0.3100139193647534,0.2006307425581323
2025-06-11,0.22817679309169148,0.261178544985423,0.0,0.3100139193647534,0.2006307425581323
2025-06-12,0.22817679309169148,0.261178544985423,0.0,0.3100139193647534,0.2006307425581323
2025-06-13,0.22817679309169148,0.261178544985423,0.0,0.3100139193647534,0.2006307425581323
2025-06-16,0.22817679309169148,0.261178544985423,0.0,0.3100139193647534,0.2006307425581323
2025-06-17,0.22817679309169148,0.261178544985423,0.0,0.3100139193647534,0.2006307425581323
2025-06-18,0.22817679309169148,0.261178544985423,0.0,0.3100139193647534,0.2006307425581323
2025-06-20,0.22817679309169148,0.261178544985423,0.0,0.3100139193647534,0.2006307425581323
2025-06-23,0.22817679309169148,0.261178544985423,0.0,0.3100139193647534,0.2006307425581323
2025-06-24,0.22817679309169148,0.261178544985423,0.0,0.3100139193647534,0.2006307425581323
2025-06-25,0.22817679309169148,0.261178544985423,0.0,0.3100139193647534,0.2006307425581323
2025-06-26,0.22817679309169148,0.261178544985423,0.0,0.3100139193647534,0.2006307425581323
2025-06-27,0.22817679309169148,0.261178544985423,0.0,0.3100139193647534,0.2006307425581323
2025-06-30,0.22817679309169148,0.261178544985423,0.0,0.3100139193647534,0.2006307425581323
2025-07-01,0.22817679309169148,0.261178544985423,0.0,0.3100139193647534,0.2006307425581323
2025-07-02,0.22817679309169148,0.261178544985423,0.0,0.3100139193647534,0.2006307425581323
2025-07-03,0.22817679309169148,0.261178544985423,0.0,0.3100139193647534,0.2006307425581323
2025-07-07,0.22817679309169148,0.261178544985423,0.0,0.3100139193647534,0.2006307425581323
2025-07-08,0.22817679309169148,0.261178544985423,0.0,0.3100139193647534,0.2006307425581323
2025-07-09,0.22817679309169148,0.261178544985423,0.0,0.3100139193647534,0.2006307425581323
2025-07-10,0.22817679309169148,0.261178544985423,0.0,0.3100139193647534,0.2006307425581323
2025-07-11,0.23306826111063425,0.2585376802782338,0.0,0.3202457436270996,0.18814831498403237
2025-07-14,0.23306826111063425,0.2585376802782338,0.0,0.3202457436270996,0.18814831498403237
2025-07-15,0.23306826111063425,0.2585376802782338,0.0,0.3202457436270996,0.18814831498403237
2025-07-16,0.23306826111063425,0.2585376802782338,0.0,0.3202457436270996,0.18814831498403237
2025-07-17,0.23306826111063425,0.2585376802782338,0.0,0.3202457436270996,0.18814831498403237
2025-07-18,0.23306826111063425,0.2585376802782338,0.0,0.3202457436270996,0.18814831498403237
2025-07-21,0.23306826111063425,0.2585376802782338,0.0,0.3202457436270996,0.18814831498403237
2025-07-22,0.23306826111063425,0.2585376802782338,0.0,0.3202457436270996,0.18814831498403237
2025-07-23,0.23306826111063425,0.2585376802782338,0.0,0.3202457436270996,0.18814831498403237
2025-07-24,0.23306826111063425,0.2585376802782338,0.0,0.3202457436270996,0.18814831498403237
2025-07-25,0.23306826111063425,0.2585376802782338,0.0,0.3202457436270996,0.18814831498403237
2025-07-28,0.23306826111063425,0.2585376802782338,0.0,0.3202457436270996,0.18814831498403237
2025-07-29,0.23306826111063425,0.2585376802782338,0.0,0.3202457436270996,0.18814831498403237
2025-07-30,0.23306826111063425,0.2585376802782338,0.0,0.3202457436270996,0.18814831498403237
2025-07-31,0.23306826111063425,0.2585376802782338,0.0,0.3202457436270996,0.18814831498403237
2025-08-01,0.23306826111063425,0.2585376802782338,0.0,0.3202457436270996,0.18814831498403237
2025-08-04,0.23306826111063425,0.2585376802782338,0.0,0.3202457436270996,0.18814831498403237
2025-08-05,0.23306826111063425,0.2585376802782338,0.0,0.3202457436270996,0.18814831498403237
2025-08-06,0.23306826111063425,0.2585376802782338,0.0,0.3202457436270996,0.18814831498403237
2025-08-07,0.23306826111063425,0.2585376802782338,0.0,0.3202457436270996,0.18814831498403237
2025-08-08,0.23306826111063425,0.2585376802782338,0.0,0.3202457436270996,0.18814831498403237
2025-08-11,0.2267902582612411,0.25775361131214275,1.1258319523298289e-17,0.32674056180722216,0.18871556861939404
2025-08-12,0.2267902582612411,0.25775361131214275,1.1258319523298289e-17,0.32674056180722216,0.18871556861939404
2025-08-13,0.2267902582612411,0.25775361131214275,1.1258319523298289e-17,0.32674056180722216,0.18871556861939404
2025-08-14,0.2267902582612411,0.25775361131214275,1.1258319523298289e-17,0.32674056180722216,0.18871556861939404
2025-08-15,0.2267902582612411,0.25775361131214275,1.1258319523298289e-17,0.32674056180722216,0.18871556861939404
2025-08-18,0.2267902582612411,0.25775361131214275,1.1258319523298289e-17,0.32674056180722216,0.18871556861939404
2025-08-19,0.2267902582612411,0.25775361131214275,1.1258319523298289e-17,0.32674056180722216,0.18871556861939404
2025-08-20,0.2267902582612411,0.25775361131214275,1.1258319523298289e-17,0.32674056180722216,0.18871556861939404
2025-08-21,0.2267902582612411,0.25775361131214275,1.1258319523298289e-17,0.32674056180722216,0.18871556861939404
2025-08-22,0.2267902582612411,0.25775361131214275,1.1258319523298289e-17,0.32674056180722216,0.18871556861939404
2025-08-25,0.2267902582612411,0.25775361131214275,1.1258319523298289e-17,0.32674056180722216,0.18871556861939404
2025-08-26,0.2267902582612411,0.25775361131214275,1.1258319523298289e-17,0.32674056180722216,0.18871556861939404
2025-08-27,0.2267902582612411,0.25775361131214275,1.1258319523298289e-17,0.32674056180722216,0.18871556861939404
2025-08-28,0.2267902582612411,0.25775361131214275,1.1258319523298289e-17,0.32674056180722216,0.18871556861939404
2025-08-29,0.2267902582612411,0.25775361131214275,1.1258319523298289e-17,0.32674056180722216,0.18871556861939404
2025-09-02,0.2267902582612411,0.25775361131214275,1.1258319523298289e-17,0.32674056180722216,0.18871556861939404
2025-09-03,0.2267902582612411,0.25775361131214275,1.1258319523298289e-17,0.32674056180722216,0.18871556861939404
2025-09-04,0.2267902582612411,0.25775361131214275,1.1258319523298289e-17,0.32674056180722216,0.18871556861939404
2025-09-05,0.2267902582612411,0.25775361131214275,1.1258319523298289e-17,0.32674056180722216,0.18871556861939404
2025-09-08,0.2267902582612411,0.25775361131214275,1.1258319523298289e-17,0.32674056180722216,0.18871556861939404
2025-09-09,0.2267902582612411,0.25775361131214275,1.1258319523298289e-17,0.32674056180722216,0.18871556861939404
2025-09-10,0.22075137275725368,0.24968305505999677,3.3523511594106516e-17,0.32872593104590236,0.20083964113684713
2025-09-11,0.22075137275725368,0.24968305505999677,3.3523511594106516e-17,0.32872593104590236,0.20083964113684713
2025-09-12,0.22075137275725368,0.24968305505999677,3.3523511594106516e-17,0.32872593104590236,0.20083964113684713
2025-09-15,0.22075137275725368,0.24968305505999677,3.3523511594106516e-17,0.32872593104590236,0.20083964113684713
2025-09-16,0.22075137275725368,0.24968305505999677,3.3523511594106516e-17,0.32872593104590236,0.20083964113684713
2025-09-17,0.22075137275725368,0.24968305505999677,3.3523511594106516e-17,0.32872593104590236,0.20083964113684713
2025-09-18,0.22075137275725368,0.24968305505999677,3.3523511594106516e-17,0.32872593104590236,0.20083964113684713
2025-09-19,0.22075137275725368,0.24968305505999677,3.3523511594106516e-17,0.32872593104590236,0.20083964113684713
2025-09-22,0.22075137275725368,0.24968305505999677,3.3523511594106516e-17,0.32872593104590236,0.20083964113684713
2025-09-23,0.22075137275725368,0.24968305505999677,3.3523511594106516e-17,0.32872593104590236,0.20083964113684713
2025-09-24,0.22075137275725368,0.24968305505999677,3.3523511594106516e-17,0.32872593104590236,0.20083964113684713
2025-09-25,0.22075137275725368,0.24968305505999677,3.3523511594106516e-17,0.32872593104590236,0.20083964113684713
2025-09-26,0.22075137275725368,0.24968305505999677,3.3523511594106516e-17,0.32872593104590236,0.20083964113684713
2025-09-29,0.22075137275725368,0.24968305505999677,3.3523511594106516e-17,0.32872593104590236,0.20083964113684713
2025-09-30,0.22075137275725368,0.24968305505999677,3.3523511594106516e-17,0.32872593104590236,0.20083964113684713
2025-10-01,0.22075137275725368,0.24968305505999677,3.3523511594106516e-17,0.32872593104590236,0.20083964113684713
2025-10-02,0.22075137275725368,0.24968305505999677,3.3523511594106516e-17,0.32872593104590236,0.20083964113684713
2025-10-03,0.22075137275725368,0.24968305505999677,3.3523511594106516e-17,0.32872593104590236,0.20083964113684713
2025-10-06,0.22075137275725368,0.24968305505999677,3.3523511594106516e-17,0.32872593104590236,0.20083964113684713
2025-10-07,0.22075137275725368,0.24968305505999677,3.3523511594106516e-17,0.32872593104590236,0.20083964113684713
2025-10-08,0.22075137275725368,0.24968305505999677,3.3523511594106516e-17,0.32872593104590236,0.20083964113684713
2025-10-09,0.21959727889410555,0.24428965287224555,0.0,0.3282203447064747,0.20789272352717425
2025-10-10,0.21959727889410555,0.24428965287224555,0.0,0.3282203447064747,0.20789272352717425
2025-10-13,0.21959727889410555,0.24428965287224555,0.0,0.3282203447064747,0.20789272352717425
2025-10-14,0.21959727889410555,0.24428965287224555,0.0,0.3282203447064747,0.20789272352717425
2025-10-15,0.21959727889410555,0.24428965287224555,0.0,0.3282203447064747,0.20789272352717425
2025-10-16,0.21959727889410555,0.24428965287224555,0.0,0.3282203447064747,0.20789272352717425
2025-10-17,0.21959727889410555,0.24428965287224555,0.0,0.3282203447064747,0.20789272352717425
2025-10-20,0.21959727889410555,0.24428965287224555,0.0,0.3282203447064747,0.20789272352717425
2025-10-21,0.21959727889410555,0.24428965287224555,0.0,0.3282203447064747,0.20789272352717425
2025-10-22,0.21959727889410555,0.24428965287224555,0.0,0.3282203447064747,0.20789272352717425
2025-10-23,0.21959727889410555,0.24428965287224555,0.0,0.3282203447064747,0.20789272352717425
2025-10-24,0.21959727889410555,0.24428965287224555,0.0,0.3282203447064747,0.20789272352717425
2025-10-27,0.21959727889410555,0.24428965287224555,0.0,0.3282203447064747,0.20789272352717425
2025-10-28,0.21959727889410555,0.24428965287224555,0.0,0.3282203447064747,0.20789272352717425
2025-10-29,0.21959727889410555,0.24428965287224555,0.0,0.3282203447064747,0.20789272352717425
2025-10-30,0.21959727889410555,0.24428965287224555,0.0,0.3282203447064747,0.20789272352717425
2025-10-31,0.21959727889410555,0.24428965287224555,0.0,0.3282203447064747,0.20789272352717425
2025-11-03,0.21959727889410555,0.24428965287224555,0.0,0.3282203447064747,0.20789272352717425
2025-11-04,0.21959727889410555,0.24428965287224555,0.0,0.3282203447064747,0.20789272352717425
2025-11-05,0.21959727889410555,0.24428965287224555,0.0,0.3282203447064747,0.20789272352717425
2025-11-06,0.21959727889410555,0.24428965287224555,0.0,0.3282203447064747,0.20789272352717425
2025-11-07,0.2221389463034687,0.24578329479480598,8.813725999324055e-17,0.3129131568871226,0.21916460201460253
2025-11-10,0.2221389463034687,0.24578329479480598,8.813725999324055e-17,0.3129131568871226,0.21916460201460253
2025-11-11,0.2221389463034687,0.24578329479480598,8.813725999324055e-17,0.3129131568871226,0.21916460201460253
2025-11-12,0.2221389463034687,0.24578329479480598,8.813725999324055e-17,0.3129131568871226,0.21916460201460253
2025-11-13,0.2221389463034687,0.24578329479480598,8.813725999324055e-17,0.3129131568871226,0.21916460201460253
2025-11-14,0.2221389463034687,0.24578329479480598,8.813725999324055e-17,0.3129131568871226,0.21916460201460253
2025-11-17,0.2221389463034687,0.24578329479480598,8.813725999324055e-17,0.3129131568871226,0.21916460201460253
2025-11-18,0.2221389463034687,0.24578329479480598,8.813725999324055e-17,0.3129131568871226,0.21916460201460253
2025-11-19,0.2221389463034687,0.24578329479480598,8.813725999324055e-17,0.3129131568871226,0.21916460201460253
2025-11-21,0.2221389463034687,0.24578329479480598,8.813725999324055e-17,0.3129131568871226,0.21916460201460253
2025-11-24,0.2221389463034687,0.24578329479480598,8.813725999324055e-17,0.3129131568871226,0.21916460201460253
2025-11-25,0.2221389463034687,0.24578329479480598,8.813725999324055e-17,0.3129131568871226,0.21916460201460253
2025-11-26,0.2221389463034687,0.24578329479480598,8.813725999324055e-17,0.3129131568871226,0.21916460201460253
2025-11-28,0.2221389463034687,0.24578329479480598,8.813725999324055e-17,0.3129131568871226,0.21916460201460253
2025-12-01,0.2221389463034687,0.24578329479480598,8.813725999324055e-17,0.3129131568871226,0.21916460201460253
2025-12-02,0.2221389463034687,0.24578329479480598,8.813725999324055e-17,0.3129131568871226,0.21916460201460253
2025-12-03,0.2221389463034687,0.24578329479480598,8.813725999324055e-17,0.3129131568871226,0.21916460201460253
2025-12-04,0.2221389463034687,0.24578329479480598,8.813725999324055e-17,0.3129131568871226,0.21916460201460253
2025-12-05,0.2221389463034687,0.24578329479480598,8.813725999324055e-17,0.3129131568871226,0.21916460201460253
2025-12-08,0.2221389463034687,0.24578329479480598,8.813725999324055e-17,0.3129131568871226,0.21916460201460253
2025-12-09,0.2221389463034687,0.24578329479480598,8.813725999324055e-17,0.3129131568871226,0.21916460201460253
2025-12-10,0.21902984326031655,0.24149959280659905,6.58200871061985e-18,0.32423868377525744,0.21523188015782696
2025-12-11,0.21902984326031655,0.24149959280659905,6.58200871061985e-18,0.32423868377525744,0.21523188015782696
2025-12-12,0.21902984326031655,0.24149959280659905,6.58200871061985e-18,0.32423868377525744,0.21523188015782696
2025-12-15,0.21902984326031655,0.24149959280659905,6.58200871061985e-18,0.32423868377525744,0.21523188015782696
2025-12-16,0.21902984326031655,0.24149959280659905,6.58200871061985e-18,0.32423868377525744,0.21523188015782696
2025-12-17,0.21902984326031655,0.24149959280659905,6.58200871061985e-18,0.32423868377525744,0.21523188015782696
2025-12-18,0.21902984326031655,0.24149959280659905,6.58200871061985e-18,0.32423868377525744,0.21523188015782696
2025-12-19,0.21902984326031655,0.24149959280659905,6.58200871061985e-18,0.32423868377525744,0.21523188015782696
2025-12-22,0.21902984326031655,0.24149959280659905,6.58200871061985e-18,0.32423868377525744,0.21523188015782696
2025-12-23,0.21902984326031655,0.24149959280659905,6.58200871061985e-18,0.32423868377525744,0.21523188015782696
2025-12-26,0.21902984326031655,0.24149959280659905,6.58200871061985e-18,0.32423868377525744,0.21523188015782696
2025-12-29,0.21902984326031655,0.24149959280659905,6.58200871061985e-18,0.32423868377525744,0.21523188015782696
2025-12-30,0.21902984326031655,0.24149959280659905,6.58200871061985e-18,0.32423868377525744,0.21523188015782696
2026-01-02,0.21902984326031655,0.24149959280659905,6.58200871061985e-18,0.32423868377525744,0.21523188015782696
2026-01-05,0.21902984326031655,0.24149959280659905,6.58200871061985e-18,0.32423868377525744,0.21523188015782696
2026-01-06,0.21902984326031655,0.24149959280659905,6.58200871061985e-18,0.32423868377525744,0.21523188015782696
2026-01-07,0.21902984326031655,0.24149959280659905,6.58200871061985e-18,0.32423868377525744,0.21523188015782696
2026-01-08,0.21902984326031655,0.24149959280659905,6.58200871061985e-18,0.32423868377525744,0.21523188015782696
2026-01-09,0.21902984326031655,0.24149959280659905,6.58200871061985e-18,0.32423868377525744,0.21523188015782696
2026-01-12,0.21902984326031655,0.24149959280659905,6.58200871061985e-18,0.32423868377525744,0.21523188015782696
2026-01-13,0.21902984326031655,0.24149959280659905,6.58200871061985e-18,0.32423868377525744,0.21523188015782696
2026-01-14,0.22605707828518928,0.2441186691503528,5.401788124811053e-18,0.31528540785551085,0.21453884470894716
2026-01-15,0.22605707828518928,0.2441186691503528,5.401788124811053e-18,0.31528540785551085,0.21453884470894716
2026-01-16,0.22605707828518928,0.2441186691503528,5.401788124811053e-18,0.31528540785551085,0.21453884470894716
2026-01-20,0.22605707828518928,0.2441186691503528,5.401788124811053e-18,0.31528540785551085,0.21453884470894716
2026-01-21,0.22605707828518928,0.2441186691503528,5.401788124811053e-18,0.31528540785551085,0.21453884470894716
2026-01-22,0.22605707828518928,0.2441186691503528,5.401788124811053e-18,0.31528540785551085,0.21453884470894716
2026-01-23,0.22605707828518928,0.2441186691503528,5.401788124811053e-18,0.31528540785551085,0.21453884470894716
2026-01-26,0.22605707828518928,0.2441186691503528,5.401788124811053e-18,0.31528540785551085,0.21453884470894716
2026-01-27,0.22605707828518928,0.2441186691503528,5.401788124811053e-18,0.31528540785551085,0.21453884470894716
2026-01-28,0.22605707828518928,0.2441186691503528,5.401788124811053e-18,0.31528540785551085,0.21453884470894716
2026-01-29,0.22605707828518928,0.2441186691503528,5.401788124811053e-18,0.31528540785551085,0.21453884470894716
2026-01-30,0.22605707828518928,0.2441186691503528,5.401788124811053e-18,0.31528540785551085,0.21453884470894716
2026-02-02,0.22605707828518928,0.2441186691503528,5.401788124811053e-18,0.31528540785551085,0.21453884470894716
2026-02-03,0.22605707828518928,0.2441186691503528,5.401788124811053e-18,0.31528540785551085,0.21453884470894716
2026-02-04,0.22605707828518928,0.2441186691503528,5.401788124811053e-18,0.31528540785551085,0.21453884470894716
2026-02-05,0.22605707828518928,0.2441186691503528,5.401788124811053e-18,0.31528540785551085,0.21453884470894716
2026-02-06,0.22605707828518928,0.2441186691503528,5.401788124811053e-18,0.31528540785551085,0.21453884470894716
2026-02-09,0.22605707828518928,0.2441186691503528,5.401788124811053e-18,0.31528540785551085,0.21453884470894716
2026-02-10,0.22605707828518928,0.2441186691503528,5.401788124811053e-18,0.31528540785551085,0.21453884470894716
2026-02-11,0.22605707828518928,0.2441186691503528,5.401788124811053e-18,0.31528540785551085,0.21453884470894716
2026-02-12,0.22605707828518928,0.2441186691503528,5.401788124811053e-18,0.31528540785551085,0.21453884470894716
2026-02-13,0.21569294181231288,0.2372995796359663,0.0,0.27224017982904813,0.2747672987226728
2026-02-18,0.21569294181231288,0.2372995796359663,0.0,0.27224017982904813,0.2747672987226728
2026-02-19,0.21569294181231288,0.2372995796359663,0.0,0.27224017982904813,0.2747672987226728
2026-02-20,0.21569294181231288,0.2372995796359663,0.0,0.27224017982904813,0.2747672987226728
2026-02-23,0.21569294181231288,0.2372995796359663,0.0,0.27224017982904813,0.2747672987226728
2026-02-24,0.21569294181231288,0.2372995796359663,0.0,0.27224017982904813,0.2747672987226728
2026-02-25,0.21569294181231288,0.2372995796359663,0.0,0.27224017982904813,0.2747672987226728
2026-02-26,0.21569294181231288,0.2372995796359663,0.0,0.27224017982904813,0.2747672987226728
2026-02-27,0.21569294181231288,0.2372995796359663,0.0,0.27224017982904813,0.2747672987226728
2026-03-02,0.21569294181231288,0.2372995796359663,0.0,0.27224017982904813,0.2747672987226728
2026-03-03,0.21569294181231288,0.2372995796359663,0.0,0.27224017982904813,0.2747672987226728
2026-03-04,0.21569294181231288,0.2372995796359663,0.0,0.27224017982904813,0.2747672987226728
2026-03-05,0.21569294181231288,0.2372995796359663,0.0,0.27224017982904813,0.2747672987226728
2026-03-06,0.21569294181231288,0.2372995796359663,0.0,0.27224017982904813,0.2747672987226728
2026-03-09,0.21569294181231288,0.2372995796359663,0.0,0.27224017982904813,0.2747672987226728
2026-03-10,0.21569294181231288,0.2372995796359663,0.0,0.27224017982904813,0.2747672987226728
2026-03-11,0.21569294181231288,0.2372995796359663,0.0,0.27224017982904813,0.2747672987226728
2026-03-12,0.21569294181231288,0.2372995796359663,0.0,0.27224017982904813,0.2747672987226728
2026-03-13,0.21569294181231288,0.2372995796359663,0.0,0.27224017982904813,0.2747672987226728
2026-03-16,0.21569294181231288,0.2372995796359663,0.0,0.27224017982904813,0.2747672987226728
2026-03-17,0.21569294181231288,0.2372995796359663,0.0,0.27224017982904813,0.2747672987226728
2026-03-18,0.20883667113124293,0.2284581178643247,5.4026381404645295e-17,0.26964192405916765,0.29306328694526473
2026-03-19,0.20883667113124293,0.2284581178643247,5.4026381404645295e-17,0.26964192405916765,0.29306328694526473
2026-03-20,0.20883667113124293,0.2284581178643247,5.4026381404645295e-17,0.26964192405916765,0.29306328694526473
2026-03-23,0.20883667113124293,0.2284581178643247,5.4026381404645295e-17,0.26964192405916765,0.29306328694526473
2026-03-24,0.20883667113124293,0.2284581178643247,5.4026381404645295e-17,0.26964192405916765,0.29306328694526473
2026-03-25,0.20883667113124293,0.2284581178643247,5.4026381404645295e-17,0.26964192405916765,0.29306328694526473
2026-03-26,0.20883667113124293,0.2284581178643247,5.4026381404645295e-17,0.26964192405916765,0.29306328694526473
2026-03-27,0.20883667113124293,0.2284581178643247,5.4026381404645295e-17,0.26964192405916765,0.29306328694526473
2026-03-30,0.20883667113124293,0.2284581178643247,5.4026381404645295e-17,0.26964192405916765,0.29306328694526473
2026-03-31,0.20883667113124293,0.2284581178643247,5.4026381404645295e-17,0.26964192405916765,0.29306328694526473
2026-04-01,0.20883667113124293,0.2284581178643247,5.4026381404645295e-17,0.26964192405916765,0.29306328694526473
2026-04-02,0.20883667113124293,0.2284581178643247,5.4026381404645295e-17,0.26964192405916765,0.29306328694526473
2026-04-06,0.20883667113124293,0.2284581178643247,5.4026381404645295e-17,0.26964192405916765,0.29306328694526473
2026-04-07,0.20883667113124293,0.2284581178643247,5.4026381404645295e-17,0.26964192405916765,0.29306328694526473
2026-04-08,0.20883667113124293,0.2284581178643247,5.4026381404645295e-17,0.26964192405916765,0.29306328694526473
2026-04-09,0.20883667113124293,0.2284581178643247,5.4026381404645295e-17,0.26964192405916765,0.29306328694526473
2026-04-10,0.20883667113124293,0.2284581178643247,5.4026381404645295e-17,0.26964192405916765,0.29306328694526473
2026-04-13,0.20883667113124293,0.2284581178643247,5.4026381404645295e-17,0.26964192405916765,0.29306328694526473
2026-04-14,0.20883667113124293,0.2284581178643247,5.4026381404645295e-17,0.26964192405916765,0.29306328694526473
2026-04-15,0.20883667113124293,0.2284581178643247,5.4026381404645295e-17,0.26964192405916765,0.29306328694526473
2026-04-16,0.20883667113124293,0.2284581178643247,5.4026381404645295e-17,0.26964192405916765,0.29306328694526473
2026-04-17,0.21043161720811632,0.21684768347816685,0.0,0.25504384292799087,0.317676856385726
2026-04-20,0.21043161720811632,0.21684768347816685,0.0,0.25504384292799087,0.317676856385726
2026-04-22,0.21043161720811632,0.21684768347816685,0.0,0.25504384292799087,0.317676856385726
2026-04-23,0.21043161720811632,0.21684768347816685,0.0,0.25504384292799087,0.317676856385726
2026-04-24,0.21043161720811632,0.21684768347816685,0.0,0.25504384292799087,0.317676856385726
2026-04-27,0.21043161720811632,0.21684768347816685,0.0,0.25504384292799087,0.317676856385726
2026-04-28,0.21043161720811632,0.21684768347816685,0.0,0.25504384292799087,0.317676856385726
2026-04-29,0.21043161720811632,0.21684768347816685,0.0,0.25504384292799087,0.317676856385726
