,0,1,2,3,4
2005-12-05,0.09192031165494861,0.1402641393406835,5.909995650105117e-18,0.4000081339511943,0.3678074150531737
2005-12-06,0.09192031165494861,0.1402641393406835,5.909995650105117e-18,0.4000081339511943,0.3678074150531737
2005-12-07,0.09192031165494861,0.1402641393406835,5.909995650105117e-18,0.4000081339511943,0.3678074150531737
2005-12-08,0.09192031165494861,0.1402641393406835,5.909995650105117e-18,0.4000081339511943,0.3678074150531737
2005-12-09,0.09192031165494861,0.1402641393406835,5.909995650105117e-18,0.4000081339511943,0.3678074150531737
2005-12-12,0.09192031165494861,0.1402641393406835,5.909995650105117e-18,0.4000081339511943,0.3678074150531737
2005-12-13,0.09192031165494861,0.1402641393406835,5.909995650105117e-18,0.4000081339511943,0.3678074150531737
2005-12-14,0.09192031165494861,0.1402641393406835,5.909995650105117e-18,0.4000081339511943,0.3678074150531737
2005-12-15,0.09192031165494861,0.1402641393406835,5.909995650105117e-18,0.4000081339511943,0.3678074150531737
2005-12-16,0.09192031165494861,0.1402641393406835,5.909995650105117e-18,0.4000081339511943,0.3678074150531737
2005-12-19,0.09192031165494861,0.1402641393406835,5.909995650105117e-18,0.4000081339511943,0.3678074150531737
2005-12-20,0.09192031165494861,0.1402641393406835,5.909995650105117e-18,0.4000081339511943,0.3678074150531737
2005-12-21,0.09192031165494861,0.1402641393406835,5.909995650105117e-18,0.4000081339511943,0.3678074150531737
2005-12-22,0.09192031165494861,0.1402641393406835,5.909995650105117e-18,0.4000081339511943,0.3678074150531737
2005-12-23,0.09192031165494861,0.1402641393406835,5.909995650105117e-18,0.4000081339511943,0.3678074150531737
2005-12-27,0.09192031165494861,0.1402641393406835,5.909995650105117e-18,0.4000081339511943,0.3678074150531737
2005-12-28,0.09192031165494861,0.1402641393406835,5.909995650105117e-18,0.4000081339511943,0.3678074150531737
2005-12-29,0.09192031165494861,0.1402641393406835,5.909995650105117e-18,0.4000081339511943,0.3678074150531737
2006-01-03,0.09192031165494861,0.1402641393406835,5.909995650105117e-18,0.4000081339511943,0.3678074150531737
2006-01-04,0.09192031165494861,0.1402641393406835,5.909995650105117e-18,0.4000081339511943,0.3678074150531737
2006-01-05,0.09192031165494861,0.1402641393406835,5.909995650105117e-18,0.4000081339511943,0.3678074150531737
2006-01-06,0.09368032219176628,0.16017010568670484,5.638462247498513e-17,0.34064436997243025,0.40550520214909863
2006-01-09,0.09368032219176628,0.16017010568670484,5.638462247498513e-17,0.34064436997243025,0.40550520214909863
2006-01-10,0.09368032219176628,0.16017010568670484,5.638462247498513e-17,0.34064436997243025,0.40550520214909863
2006-01-11,0.09368032219176628,0.16017010568670484,5.638462247498513e-17,0.34064436997243025,0.40550520214909863
2006-01-12,0.09368032219176628,0.16017010568670484,5.638462247498513e-17,0.34064436997243025,0.40550520214909863
2006-01-13,0.09368032219176628,0.16017010568670484,5.638462247498513e-17,0.34064436997243025,0.40550520214909863
2006-01-17,0.09368032219176628,0.16017010568670484,5.638462247498513e-17,0.34064436997243025,0.40550520214909863
2006-01-18,0.09368032219176628,0.16017010568670484,5.638462247498513e-17,0.34064436997243025,0.40550520214909863
2006-01-19,0.09368032219176628,0.16017010568670484,5.638462247498513e-17,0.34064436997243025,0.40550520214909863
2006-01-20,0.09368032219176628,0.16017010568670484,5.638462247498513e-17,0.34064436997243025,0.40550520214909863
2006-01-23,0.09368032219176628,0.16017010568670484,5.638462247498513e-17,0.34064436997243025,0.40550520214909863
2006-01-24,0.09368032219176628,0.16017010568670484,5.638462247498513e-17,0.34064436997243025,0.40550520214909863
2006-01-26,0.09368032219176628,0.16017010568670484,5.638462247498513e-17,0.34064436997243025,0.40550520214909863
2006-01-27,0.09368032219176628,0.16017010568670484,5.638462247498513e-17,0.34064436997243025,0.40550520214909863
2006-01-30,0.09368032219176628,0.16017010568670484,5.638462247498513e-17,0.34064436997243025,0.40550520214909863
2006-01-31,0.09368032219176628,0.16017010568670484,5.638462247498513e-17,0.34064436997243025,0.40550520214909863
2006-02-01,0.09368032219176628,0.16017010568670484,5.638462247498513e-17,0.34064436997243025,0.40550520214909863
2006-02-02,0.09368032219176628,0.16017010568670484,5.638462247498513e-17,0.34064436997243025,0.40550520214909863
2006-02-03,0.09368032219176628,0.16017010568670484,5.638462247498513e-17,0.34064436997243025,0.40550520214909863
2006-02-06,0.09368032219176628,0.16017010568670484,5.638462247498513e-17,0.34064436997243025,0.40550520214909863
2006-02-07,0.09368032219176628,0.16017010568670484,5.638462247498513e-17,0.34064436997243025,0.40550520214909863
2006-02-08,0.045409095692777915,0.20600435597600933,0.0,0.3114611501845474,0.4371253981466654
2006-02-09,0.045409095692777915,0.20600435597600933,0.0,0.3114611501845474,0.4371253981466654
2006-02-10,0.045409095692777915,0.20600435597600933,0.0,0.3114611501845474,0.4371253981466654
2006-02-13,0.045409095692777915,0.20600435597600933,0.0,0.3114611501845474,0.4371253981466654
2006-02-14,0.045409095692777915,0.20600435597600933,0.0,0.3114611501845474,0.4371253981466654
2006-02-15,0.045409095692777915,0.20600435597600933,0.0,0.3114611501845474,0.4371253981466654
2006-02-16,0.045409095692777915,0.20600435597600933,0.0,0.3114611501845474,0.4371253981466654
2006-02-17,0.045409095692777915,0.20600435597600933,0.0,0.3114611501845474,0.4371253981466654
2006-02-21,0.045409095692777915,0.20600435597600933,0.0,0.3114611501845474,0.4371253981466654
2006-02-22,0.045409095692777915,0.20600435597600933,0.0,0.3114611501845474,0.4371253981466654
2006-02-23,0.045409095692777915,0.20600435597600933,0.0,0.3114611501845474,0.4371253981466654
2006-02-24,0.045409095692777915,0.20600435597600933,0.0,0.3114611501845474,0.4371253981466654
2006-03-01,0.045409095692777915,0.20600435597600933,0.0,0.3114611501845474,0.4371253981466654
2006-03-02,0.045409095692777915,0.20600435597600933,0.0,0.3114611501845474,0.4371253981466654
2006-03-03,0.045409095692777915,0.20600435597600933,0.0,0.3114611501845474,0.4371253981466654
2006-03-06,0.045409095692777915,0.20600435597600933,0.0,0.3114611501845474,0.4371253981466654
2006-03-07,0.045409095692777915,0.20600435597600933,0.0,0.3114611501845474,0.4371253981466654
2006-03-08,0.045409095692777915,0.20600435597600933,0.0,0.3114611501845474,0.4371253981466654
2006-03-09,0.045409095692777915,0.20600435597600933,0.0,0.3114611501845474,0.4371253981466654
2006-03-10,0.045409095692777915,0.20600435597600933,0.0,0.3114611501845474,0.4371253981466654
2006-03-13,0.045409095692777915,0.20600435597600933,0.0,0.3114611501845474,0.4371253981466654
2006-03-14,0.02790743928034807,0.22428613966015656,0.0,0.2722420341607188,0.47556438689877656
2006-03-15,0.02790743928034807,0.22428613966015656,0.0,0.2722420341607188,0.47556438689877656
2006-03-16,0.02790743928034807,0.22428613966015656,0.0,0.2722420341607188,0.47556438689877656
2006-03-17,0.02790743928034807,0.22428613966015656,0.0,0.2722420341607188,0.47556438689877656
2006-03-20,0.02790743928034807,0.22428613966015656,0.0,0.2722420341607188,0.47556438689877656
2006-03-21,0.02790743928034807,0.22428613966015656,0.0,0.2722420341607188,0.47556438689877656
2006-03-22,0.02790743928034807,0.22428613966015656,0.0,0.2722420341607188,0.47556438689877656
2006-03-23,0.02790743928034807,0.22428613966015656,0.0,0.2722420341607188,0.47556438689877656
2006-03-24,0.02790743928034807,0.22428613966015656,0.0,0.2722420341607188,0.47556438689877656
2006-03-27,0.02790743928034807,0.22428613966015656,0.0,0.2722420341607188,0.47556438689877656
2006-03-28,0.02790743928034807,0.22428613966015656,0.0,0.2722420341607188,0.47556438689877656
2006-03-29,0.02790743928034807,0.22428613966015656,0.0,0.2722420341607188,0.47556438689877656
2006-03-30,0.02790743928034807,0.22428613966015656,0.0,0.2722420341607188,0.47556438689877656
2006-03-31,0.02790743928034807,0.22428613966015656,0.0,0.2722420341607188,0.47556438689877656
2006-04-03,0.02790743928034807,0.22428613966015656,0.0,0.2722420341607188,0.47556438689877656
2006-04-04,0.02790743928034807,0.22428613966015656,0.0,0.2722420341607188,0.47556438689877656
2006-04-05,0.02790743928034807,0.22428613966015656,0.0,0.2722420341607188,0.47556438689877656
2006-04-06,0.02790743928034807,0.22428613966015656,0.0,0.2722420341607188,0.47556438689877656
2006-04-07,0.02790743928034807,0.22428613966015656,0.0,0.2722420341607188,0.47556438689877656
2006-04-10,0.02790743928034807,0.22428613966015656,0.0,0.2722420341607188,0.47556438689877656
2006-04-11,0.02790743928034807,0.22428613966015656,0.0,0.2722420341607188,0.47556438689877656
2006-04-12,0.02803053692736477,0.22427508399594018,1.3972933814024528e-17,0.2334290778314404,0.5142653012452547
2006-04-13,0.02803053692736477,0.22427508399594018,1.3972933814024528e-17,0.2334290778314404,0.5142653012452547
2006-04-17,0.02803053692736477,0.22427508399594018,1.3972933814024528e-17,0.2334290778314404,0.5142653012452547
2006-04-18,0.02803053692736477,0.22427508399594018,1.3972933814024528e-17,0.2334290778314404,0.5142653012452547
2006-04-19,0.02803053692736477,0.22427508399594018,1.3972933814024528e-17,0.2334290778314404,0.5142653012452547
2006-04-20,0.02803053692736477,0.22427508399594018,1.3972933814024528e-17,0.2334290778314404,0.5142653012452547
2006-04-24,0.02803053692736477,0.22427508399594018,1.3972933814024528e-17,0.2334290778314404,0.5142653012452547
2006-04-25,0.02803053692736477,0.22427508399594018,1.3972933814024528e-17,0.2334290778314404,0.5142653012452547
2006-04-26,0.02803053692736477,0.22427508399594018,1.3972933814024528e-17,0.2334290778314404,0.5142653012452547
2006-04-27,0.02803053692736477,0.22427508399594018,1.3972933814024528e-17,0.2334290778314404,0.5142653012452547
2006-04-28,0.02803053692736477,0.22427508399594018,1.3972933814024528e-17,0.2334290778314404,0.5142653012452547
2006-05-02,0.02803053692736477,0.22427508399594018,1.3972933814024528e-17,0.2334290778314404,0.5142653012452547
2006-05-03,0.02803053692736477,0.22427508399594018,1.3972933814024528e-17,0.2334290778314404,0.5142653012452547
2006-05-04,0.02803053692736477,0.22427508399594018,1.3972933814024528e-17,0.2334290778314404,0.5142653012452547
2006-05-05,0.02803053692736477,0.22427508399594018,1.3972933814024528e-17,0.2334290778314404,0.5142653012452547
2006-05-08,0.02803053692736477,0.22427508399594018,1.3972933814024528e-17,0.2334290778314404,0.5142653012452547
2006-05-09,0.02803053692736477,0.22427508399594018,1.3972933814024528e-17,0.2334290778314404,0.5142653012452547
2006-05-10,0.02803053692736477,0.22427508399594018,1.3972933814024528e-17,0.2334290778314404,0.5142653012452547
2006-05-11,0.02803053692736477,0.22427508399594018,1.3972933814024528e-17,0.2334290778314404,0.5142653012452547
2006-05-12,0.02803053692736477,0.22427508399594018,1.3972933814024528e-17,0.2334290778314404,0.5142653012452547
2006-05-15,0.02803053692736477,0.22427508399594018,1.3972933814024528e-17,0.2334290778314404,0.5142653012452547
2006-05-16,3.472729620273477e-18,0.262465400518684,1.2146347000157513e-17,0.17932286077978435,0.5582117387015317
2006-05-17,3.472729620273477e-18,0.262465400518684,1.2146347000157513e-17,0.17932286077978435,0.5582117387015317
2006-05-18,3.472729620273477e-18,0.262465400518684,1.2146347000157513e-17,0.17932286077978435,0.5582117387015317
2006-05-19,3.472729620273477e-18,0.262465400518684,1.2146347000157513e-17,0.17932286077978435,0.5582117387015317
2006-05-22,3.472729620273477e-18,0.262465400518684,1.2146347000157513e-17,0.17932286077978435,0.5582117387015317
2006-05-23,3.472729620273477e-18,0.262465400518684,1.2146347000157513e-17,0.17932286077978435,0.5582117387015317
2006-05-24,3.472729620273477e-18,0.262465400518684,1.2146347000157513e-17,0.17932286077978435,0.5582117387015317
2006-05-25,3.472729620273477e-18,0.262465400518684,1.2146347000157513e-17,0.17932286077978435,0.5582117387015317
2006-05-26,3.472729620273477e-18,0.262465400518684,1.2146347000157513e-17,0.17932286077978435,0.5582117387015317
2006-05-30,3.472729620273477e-18,0.262465400518684,1.2146347000157513e-17,0.17932286077978435,0.5582117387015317
2006-05-31,3.472729620273477e-18,0.262465400518684,1.2146347000157513e-17,0.17932286077978435,0.5582117387015317
2006-06-01,3.472729620273477e-18,0.262465400518684,1.2146347000157513e-17,0.17932286077978435,0.5582117387015317
2006-06-02,3.472729620273477e-18,0.262465400518684,1.2146347000157513e-17,0.17932286077978435,0.5582117387015317
2006-06-05,3.472729620273477e-18,0.262465400518684,1.2146347000157513e-17,0.17932286077978435,0.5582117387015317
2006-06-06,3.472729620273477e-18,0.262465400518684,1.2146347000157513e-17,0.17932286077978435,0.5582117387015317
2006-06-07,3.472729620273477e-18,0.262465400518684,1.2146347000157513e-17,0.17932286077978435,0.5582117387015317
2006-06-08,3.472729620273477e-18,0.262465400518684,1.2146347000157513e-17,0.17932286077978435,0.5582117387015317
2006-06-09,3.472729620273477e-18,0.262465400518684,1.2146347000157513e-17,0.17932286077978435,0.5582117387015317
2006-06-12,3.472729620273477e-18,0.262465400518684,1.2146347000157513e-17,0.17932286077978435,0.5582117387015317
2006-06-13,3.472729620273477e-18,0.262465400518684,1.2146347000157513e-17,0.17932286077978435,0.5582117387015317
2006-06-14,3.472729620273477e-18,0.262465400518684,1.2146347000157513e-17,0.17932286077978435,0.5582117387015317
2006-06-16,1.992014505399643e-17,0.2856705344223364,0.0,0.19649867153861883,0.5178307940390448
2006-06-19,1.992014505399643e-17,0.2856705344223364,0.0,0.19649867153861883,0.5178307940390448
2006-06-20,1.992014505399643e-17,0.2856705344223364,0.0,0.19649867153861883,0.5178307940390448
2006-06-21,1.992014505399643e-17,0.2856705344223364,0.0,0.19649867153861883,0.5178307940390448
2006-06-22,1.992014505399643e-17,0.2856705344223364,0.0,0.19649867153861883,0.5178307940390448
2006-06-23,1.992014505399643e-17,0.2856705344223364,0.0,0.19649867153861883,0.5178307940390448
2006-06-26,1.992014505399643e-17,0.2856705344223364,0.0,0.19649867153861883,0.5178307940390448
2006-06-27,1.992014505399643e-17,0.2856705344223364,0.0,0.19649867153861883,0.5178307940390448
2006-06-28,1.992014505399643e-17,0.2856705344223364,0.0,0.19649867153861883,0.5178307940390448
2006-06-29,1.992014505399643e-17,0.2856705344223364,0.0,0.19649867153861883,0.5178307940390448
2006-06-30,1.992014505399643e-17,0.2856705344223364,0.0,0.19649867153861883,0.5178307940390448
2006-07-03,1.992014505399643e-17,0.2856705344223364,0.0,0.19649867153861883,0.5178307940390448
2006-07-05,1.992014505399643e-17,0.2856705344223364,0.0,0.19649867153861883,0.5178307940390448
2006-07-07,1.992014505399643e-17,0.2856705344223364,0.0,0.19649867153861883,0.5178307940390448
2006-07-10,1.992014505399643e-17,0.2856705344223364,0.0,0.19649867153861883,0.5178307940390448
2006-07-11,1.992014505399643e-17,0.2856705344223364,0.0,0.19649867153861883,0.5178307940390448
2006-07-12,1.992014505399643e-17,0.2856705344223364,0.0,0.19649867153861883,0.5178307940390448
2006-07-13,1.992014505399643e-17,0.2856705344223364,0.0,0.19649867153861883,0.5178307940390448
2006-07-14,1.992014505399643e-17,0.2856705344223364,0.0,0.19649867153861883,0.5178307940390448
2006-07-17,1.992014505399643e-17,0.2856705344223364,0.0,0.19649867153861883,0.5178307940390448
2006-07-18,1.992014505399643e-17,0.2856705344223364,0.0,0.19649867153861883,0.5178307940390448
2006-07-19,0.0,0.2709488576040246,1.0218013495200644e-17,0.16597006045695492,0.5630810819390206
2006-07-20,0.0,0.2709488576040246,1.0218013495200644e-17,0.16597006045695492,0.5630810819390206
2006-07-21,0.0,0.2709488576040246,1.0218013495200644e-17,0.16597006045695492,0.5630810819390206
2006-07-24,0.0,0.2709488576040246,1.0218013495200644e-17,0.16597006045695492,0.5630810819390206
2006-07-25,0.0,0.2709488576040246,1.0218013495200644e-17,0.16597006045695492,0.5630810819390206
2006-07-26,0.0,0.2709488576040246,1.0218013495200644e-17,0.16597006045695492,0.5630810819390206
2006-07-27,0.0,0.2709488576040246,1.0218013495200644e-17,0.16597006045695492,0.5630810819390206
2006-07-28,0.0,0.2709488576040246,1.0218013495200644e-17,0.16597006045695492,0.5630810819390206
2006-07-31,0.0,0.2709488576040246,1.0218013495200644e-17,0.16597006045695492,0.5630810819390206
2006-08-01,0.0,0.2709488576040246,1.0218013495200644e-17,0.16597006045695492,0.5630810819390206
2006-08-02,0.0,0.2709488576040246,1.0218013495200644e-17,0.16597006045695492,0.5630810819390206
2006-08-03,0.0,0.2709488576040246,1.0218013495200644e-17,0.16597006045695492,0.5630810819390206
2006-08-04,0.0,0.2709488576040246,1.0218013495200644e-17,0.16597006045695492,0.5630810819390206
2006-08-07,0.0,0.2709488576040246,1.0218013495200644e-17,0.16597006045695492,0.5630810819390206
2006-08-08,0.0,0.2709488576040246,1.0218013495200644e-17,0.16597006045695492,0.5630810819390206
2006-08-09,0.0,0.2709488576040246,1.0218013495200644e-17,0.16597006045695492,0.5630810819390206
2006-08-10,0.0,0.2709488576040246,1.0218013495200644e-17,0.16597006045695492,0.5630810819390206
2006-08-11,0.0,0.2709488576040246,1.0218013495200644e-17,0.16597006045695492,0.5630810819390206
2006-08-14,0.0,0.2709488576040246,1.0218013495200644e-17,0.16597006045695492,0.5630810819390206
2006-08-15,0.0,0.2709488576040246,1.0218013495200644e-17,0.16597006045695492,0.5630810819390206
2006-08-16,0.0,0.2709488576040246,1.0218013495200644e-17,0.16597006045695492,0.5630810819390206
2006-08-17,0.0,0.25263073647559314,0.0,0.16521307200223995,0.582156191522167
2006-08-18,0.0,0.25263073647559314,0.0,0.16521307200223995,0.582156191522167
2006-08-21,0.0,0.25263073647559314,0.0,0.16521307200223995,0.582156191522167
2006-08-22,0.0,0.25263073647559314,0.0,0.16521307200223995,0.582156191522167
2006-08-23,0.0,0.25263073647559314,0.0,0.16521307200223995,0.582156191522167
2006-08-24,0.0,0.25263073647559314,0.0,0.16521307200223995,0.582156191522167
2006-08-25,0.0,0.25263073647559314,0.0,0.16521307200223995,0.582156191522167
2006-08-28,0.0,0.25263073647559314,0.0,0.16521307200223995,0.582156191522167
2006-08-29,0.0,0.25263073647559314,0.0,0.16521307200223995,0.582156191522167
2006-08-30,0.0,0.25263073647559314,0.0,0.16521307200223995,0.582156191522167
2006-08-31,0.0,0.25263073647559314,0.0,0.16521307200223995,0.582156191522167
2006-09-01,0.0,0.25263073647559314,0.0,0.16521307200223995,0.582156191522167
2006-09-05,0.0,0.25263073647559314,0.0,0.16521307200223995,0.582156191522167
2006-09-06,0.0,0.25263073647559314,0.0,0.16521307200223995,0.582156191522167
2006-09-08,0.0,0.25263073647559314,0.0,0.16521307200223995,0.582156191522167
2006-09-11,0.0,0.25263073647559314,0.0,0.16521307200223995,0.582156191522167
2006-09-12,0.0,0.25263073647559314,0.0,0.16521307200223995,0.582156191522167
2006-09-13,0.0,0.25263073647559314,0.0,0.16521307200223995,0.582156191522167
2006-09-14,0.0,0.25263073647559314,0.0,0.16521307200223995,0.582156191522167
2006-09-15,0.0,0.25263073647559314,0.0,0.16521307200223995,0.582156191522167
2006-09-18,0.0,0.25263073647559314,0.0,0.16521307200223995,0.582156191522167
2006-09-19,1.1094128159189074e-17,0.22394707600576025,0.0,0.1564601501089086,0.6195927738853313
2006-09-20,1.1094128159189074e-17,0.22394707600576025,0.0,0.1564601501089086,0.6195927738853313
2006-09-21,1.1094128159189074e-17,0.22394707600576025,0.0,0.1564601501089086,0.6195927738853313
2006-09-22,1.1094128159189074e-17,0.22394707600576025,0.0,0.1564601501089086,0.6195927738853313
2006-09-25,1.1094128159189074e-17,0.22394707600576025,0.0,0.1564601501089086,0.6195927738853313
2006-09-26,1.1094128159189074e-17,0.22394707600576025,0.0,0.1564601501089086,0.6195927738853313
2006-09-27,1.1094128159189074e-17,0.22394707600576025,0.0,0.1564601501089086,0.6195927738853313
2006-09-28,1.1094128159189074e-17,0.22394707600576025,0.0,0.1564601501089086,0.6195927738853313
2006-09-29,1.1094128159189074e-17,0.22394707600576025,0.0,0.1564601501089086,0.6195927738853313
2006-10-02,1.1094128159189074e-17,0.22394707600576025,0.0,0.1564601501089086,0.6195927738853313
2006-10-03,1.1094128159189074e-17,0.22394707600576025,0.0,0.1564601501089086,0.6195927738853313
2006-10-04,1.1094128159189074e-17,0.22394707600576025,0.0,0.1564601501089086,0.6195927738853313
2006-10-05,1.1094128159189074e-17,0.22394707600576025,0.0,0.1564601501089086,0.6195927738853313
2006-10-06,1.1094128159189074e-17,0.22394707600576025,0.0,0.1564601501089086,0.6195927738853313
2006-10-09,1.1094128159189074e-17,0.22394707600576025,0.0,0.1564601501089086,0.6195927738853313
2006-10-10,1.1094128159189074e-17,0.22394707600576025,0.0,0.1564601501089086,0.6195927738853313
2006-10-11,1.1094128159189074e-17,0.22394707600576025,0.0,0.1564601501089086,0.6195927738853313
2006-10-13,1.1094128159189074e-17,0.22394707600576025,0.0,0.1564601501089086,0.6195927738853313
2006-10-16,1.1094128159189074e-17,0.22394707600576025,0.0,0.1564601501089086,0.6195927738853313
2006-10-17,1.1094128159189074e-17,0.22394707600576025,0.0,0.1564601501089086,0.6195927738853313
2006-10-18,1.1094128159189074e-17,0.22394707600576025,0.0,0.1564601501089086,0.6195927738853313
2006-10-19,2.4871206240584113e-17,0.22090907687701383,1.8325946619963226e-19,0.14773027212222645,0.6313606510007598
2006-10-20,2.4871206240584113e-17,0.22090907687701383,1.8325946619963226e-19,0.14773027212222645,0.6313606510007598
2006-10-23,2.4871206240584113e-17,0.22090907687701383,1.8325946619963226e-19,0.14773027212222645,0.6313606510007598
2006-10-24,2.4871206240584113e-17,0.22090907687701383,1.8325946619963226e-19,0.14773027212222645,0.6313606510007598
2006-10-25,2.4871206240584113e-17,0.22090907687701383,1.8325946619963226e-19,0.14773027212222645,0.6313606510007598
2006-10-26,2.4871206240584113e-17,0.22090907687701383,1.8325946619963226e-19,0.14773027212222645,0.6313606510007598
2006-10-27,2.4871206240584113e-17,0.22090907687701383,1.8325946619963226e-19,0.14773027212222645,0.6313606510007598
2006-10-30,2.4871206240584113e-17,0.22090907687701383,1.8325946619963226e-19,0.14773027212222645,0.6313606510007598
2006-10-31,2.4871206240584113e-17,0.22090907687701383,1.8325946619963226e-19,0.14773027212222645,0.6313606510007598
2006-11-01,2.4871206240584113e-17,0.22090907687701383,1.8325946619963226e-19,0.14773027212222645,0.6313606510007598
2006-11-03,2.4871206240584113e-17,0.22090907687701383,1.8325946619963226e-19,0.14773027212222645,0.6313606510007598
2006-11-06,2.4871206240584113e-17,0.22090907687701383,1.8325946619963226e-19,0.14773027212222645,0.6313606510007598
2006-11-07,2.4871206240584113e-17,0.22090907687701383,1.8325946619963226e-19,0.14773027212222645,0.6313606510007598
2006-11-08,2.4871206240584113e-17,0.22090907687701383,1.8325946619963226e-19,0.14773027212222645,0.6313606510007598
2006-11-09,2.4871206240584113e-17,0.22090907687701383,1.8325946619963226e-19,0.14773027212222645,0.6313606510007598
2006-11-10,2.4871206240584113e-17,0.22090907687701383,1.8325946619963226e-19,0.14773027212222645,0.6313606510007598
2006-11-13,2.4871206240584113e-17,0.22090907687701383,1.8325946619963226e-19,0.14773027212222645,0.6313606510007598
2006-11-14,2.4871206240584113e-17,0.22090907687701383,1.8325946619963226e-19,0.14773027212222645,0.6313606510007598
2006-11-16,2.4871206240584113e-17,0.22090907687701383,1.8325946619963226e-19,0.14773027212222645,0.6313606510007598
2006-11-17,2.4871206240584113e-17,0.22090907687701383,1.8325946619963226e-19,0.14773027212222645,0.6313606510007598
2006-11-21,2.4871206240584113e-17,0.22090907687701383,1.8325946619963226e-19,0.14773027212222645,0.6313606510007598
2006-11-22,0.0,0.23580221807341498,6.809504676283281e-18,0.12695694294429288,0.6372408389822921
2006-11-24,0.0,0.23580221807341498,6.809504676283281e-18,0.12695694294429288,0.6372408389822921
2006-11-27,0.0,0.23580221807341498,6.809504676283281e-18,0.12695694294429288,0.6372408389822921
2006-11-28,0.0,0.23580221807341498,6.809504676283281e-18,0.12695694294429288,0.6372408389822921
2006-11-29,0.0,0.23580221807341498,6.809504676283281e-18,0.12695694294429288,0.6372408389822921
2006-11-30,0.0,0.23580221807341498,6.809504676283281e-18,0.12695694294429288,0.6372408389822921
2006-12-01,0.0,0.23580221807341498,6.809504676283281e-18,0.12695694294429288,0.6372408389822921
2006-12-04,0.0,0.23580221807341498,6.809504676283281e-18,0.12695694294429288,0.6372408389822921
2006-12-05,0.0,0.23580221807341498,6.809504676283281e-18,0.12695694294429288,0.6372408389822921
2006-12-06,0.0,0.23580221807341498,6.809504676283281e-18,0.12695694294429288,0.6372408389822921
2006-12-07,0.0,0.23580221807341498,6.809504676283281e-18,0.12695694294429288,0.6372408389822921
2006-12-08,0.0,0.23580221807341498,6.809504676283281e-18,0.12695694294429288,0.6372408389822921
2006-12-11,0.0,0.23580221807341498,6.809504676283281e-18,0.12695694294429288,0.6372408389822921
2006-12-12,0.0,0.23580221807341498,6.809504676283281e-18,0.12695694294429288,0.6372408389822921
2006-12-13,0.0,0.23580221807341498,6.809504676283281e-18,0.12695694294429288,0.6372408389822921
2006-12-14,0.0,0.23580221807341498,6.809504676283281e-18,0.12695694294429288,0.6372408389822921
2006-12-15,0.0,0.23580221807341498,6.809504676283281e-18,0.12695694294429288,0.6372408389822921
2006-12-18,0.0,0.23580221807341498,6.809504676283281e-18,0.12695694294429288,0.6372408389822921
2006-12-19,0.0,0.23580221807341498,6.809504676283281e-18,0.12695694294429288,0.6372408389822921
2006-12-20,0.0,0.23580221807341498,6.809504676283281e-18,0.12695694294429288,0.6372408389822921
2006-12-21,0.0,0.23580221807341498,6.809504676283281e-18,0.12695694294429288,0.6372408389822921
2006-12-22,0.0,0.2221640236013549,1.6790748259307423e-17,0.13238022097453725,0.6454557554241079
2006-12-26,0.0,0.2221640236013549,1.6790748259307423e-17,0.13238022097453725,0.6454557554241079
2006-12-27,0.0,0.2221640236013549,1.6790748259307423e-17,0.13238022097453725,0.6454557554241079
2006-12-28,0.0,0.2221640236013549,1.6790748259307423e-17,0.13238022097453725,0.6454557554241079
2007-01-03,0.0,0.2221640236013549,1.6790748259307423e-17,0.13238022097453725,0.6454557554241079
2007-01-04,0.0,0.2221640236013549,1.6790748259307423e-17,0.13238022097453725,0.6454557554241079
2007-01-05,0.0,0.2221640236013549,1.6790748259307423e-17,0.13238022097453725,0.6454557554241079
2007-01-08,0.0,0.2221640236013549,1.6790748259307423e-17,0.13238022097453725,0.6454557554241079
2007-01-09,0.0,0.2221640236013549,1.6790748259307423e-17,0.13238022097453725,0.6454557554241079
2007-01-10,0.0,0.2221640236013549,1.6790748259307423e-17,0.13238022097453725,0.6454557554241079
2007-01-11,0.0,0.2221640236013549,1.6790748259307423e-17,0.13238022097453725,0.6454557554241079
2007-01-12,0.0,0.2221640236013549,1.6790748259307423e-17,0.13238022097453725,0.6454557554241079
2007-01-16,0.0,0.2221640236013549,1.6790748259307423e-17,0.13238022097453725,0.6454557554241079
2007-01-17,0.0,0.2221640236013549,1.6790748259307423e-17,0.13238022097453725,0.6454557554241079
2007-01-18,0.0,0.2221640236013549,1.6790748259307423e-17,0.13238022097453725,0.6454557554241079
2007-01-19,0.0,0.2221640236013549,1.6790748259307423e-17,0.13238022097453725,0.6454557554241079
2007-01-22,0.0,0.2221640236013549,1.6790748259307423e-17,0.13238022097453725,0.6454557554241079
2007-01-23,0.0,0.2221640236013549,1.6790748259307423e-17,0.13238022097453725,0.6454557554241079
2007-01-24,0.0,0.2221640236013549,1.6790748259307423e-17,0.13238022097453725,0.6454557554241079
2007-01-26,0.0,0.2221640236013549,1.6790748259307423e-17,0.13238022097453725,0.6454557554241079
2007-01-29,0.0,0.2221640236013549,1.6790748259307423e-17,0.13238022097453725,0.6454557554241079
2007-01-30,1.1168823814838704e-18,0.18951571100189607,1.4994670189298328e-17,0.14718151906876925,0.6633027699293347
2007-01-31,1.1168823814838704e-18,0.18951571100189607,1.4994670189298328e-17,0.14718151906876925,0.6633027699293347
2007-02-01,1.1168823814838704e-18,0.18951571100189607,1.4994670189298328e-17,0.14718151906876925,0.6633027699293347
2007-02-02,1.1168823814838704e-18,0.18951571100189607,1.4994670189298328e-17,0.14718151906876925,0.6633027699293347
2007-02-05,1.1168823814838704e-18,0.18951571100189607,1.4994670189298328e-17,0.14718151906876925,0.6633027699293347
2007-02-06,1.1168823814838704e-18,0.18951571100189607,1.4994670189298328e-17,0.14718151906876925,0.6633027699293347
2007-02-07,1.1168823814838704e-18,0.18951571100189607,1.4994670189298328e-17,0.14718151906876925,0.6633027699293347
2007-02-08,1.1168823814838704e-18,0.18951571100189607,1.4994670189298328e-17,0.14718151906876925,0.6633027699293347
2007-02-09,1.1168823814838704e-18,0.18951571100189607,1.4994670189298328e-17,0.14718151906876925,0.6633027699293347
2007-02-12,1.1168823814838704e-18,0.18951571100189607,1.4994670189298328e-17,0.14718151906876925,0.6633027699293347
2007-02-13,1.1168823814838704e-18,0.18951571100189607,1.4994670189298328e-17,0.14718151906876925,0.6633027699293347
2007-02-14,1.1168823814838704e-18,0.18951571100189607,1.4994670189298328e-17,0.14718151906876925,0.6633027699293347
2007-02-15,1.1168823814838704e-18,0.18951571100189607,1.4994670189298328e-17,0.14718151906876925,0.6633027699293347
2007-02-16,1.1168823814838704e-18,0.18951571100189607,1.4994670189298328e-17,0.14718151906876925,0.6633027699293347
2007-02-21,1.1168823814838704e-18,0.18951571100189607,1.4994670189298328e-17,0.14718151906876925,0.6633027699293347
2007-02-22,1.1168823814838704e-18,0.18951571100189607,1.4994670189298328e-17,0.14718151906876925,0.6633027699293347
2007-02-23,1.1168823814838704e-18,0.18951571100189607,1.4994670189298328e-17,0.14718151906876925,0.6633027699293347
2007-02-26,1.1168823814838704e-18,0.18951571100189607,1.4994670189298328e-17,0.14718151906876925,0.6633027699293347
2007-02-27,1.1168823814838704e-18,0.18951571100189607,1.4994670189298328e-17,0.14718151906876925,0.6633027699293347
2007-02-28,1.1168823814838704e-18,0.18951571100189607,1.4994670189298328e-17,0.14718151906876925,0.6633027699293347
2007-03-01,1.1168823814838704e-18,0.18951571100189607,1.4994670189298328e-17,0.14718151906876925,0.6633027699293347
2007-03-02,0.0,0.15943846322271155,1.50424156027798e-18,0.15908601568826808,0.6814755210890204
2007-03-05,0.0,0.15943846322271155,1.50424156027798e-18,0.15908601568826808,0.6814755210890204
2007-03-06,0.0,0.15943846322271155,1.50424156027798e-18,0.15908601568826808,0.6814755210890204
2007-03-07,0.0,0.15943846322271155,1.50424156027798e-18,0.15908601568826808,0.6814755210890204
2007-03-08,0.0,0.15943846322271155,1.50424156027798e-18,0.15908601568826808,0.6814755210890204
2007-03-09,0.0,0.15943846322271155,1.50424156027798e-18,0.15908601568826808,0.6814755210890204
2007-03-12,0.0,0.15943846322271155,1.50424156027798e-18,0.15908601568826808,0.6814755210890204
2007-03-13,0.0,0.15943846322271155,1.50424156027798e-18,0.15908601568826808,0.6814755210890204
2007-03-14,0.0,0.15943846322271155,1.50424156027798e-18,0.15908601568826808,0.6814755210890204
2007-03-15,0.0,0.15943846322271155,1.50424156027798e-18,0.15908601568826808,0.6814755210890204
2007-03-16,0.0,0.15943846322271155,1.50424156027798e-18,0.15908601568826808,0.6814755210890204
2007-03-19,0.0,0.15943846322271155,1.50424156027798e-18,0.15908601568826808,0.6814755210890204
2007-03-20,0.0,0.15943846322271155,1.50424156027798e-18,0.15908601568826808,0.6814755210890204
2007-03-21,0.0,0.15943846322271155,1.50424156027798e-18,0.15908601568826808,0.6814755210890204
2007-03-22,0.0,0.15943846322271155,1.50424156027798e-18,0.15908601568826808,0.6814755210890204
2007-03-23,0.0,0.15943846322271155,1.50424156027798e-18,0.15908601568826808,0.6814755210890204
2007-03-26,0.0,0.15943846322271155,1.50424156027798e-18,0.15908601568826808,0.6814755210890204
2007-03-27,0.0,0.15943846322271155,1.50424156027798e-18,0.15908601568826808,0.6814755210890204
2007-03-28,0.0,0.15943846322271155,1.50424156027798e-18,0.15908601568826808,0.6814755210890204
2007-03-29,0.0,0.15943846322271155,1.50424156027798e-18,0.15908601568826808,0.6814755210890204
2007-03-30,0.0,0.15943846322271155,1.50424156027798e-18,0.15908601568826808,0.6814755210890204
2007-04-02,0.0,0.1254885388916862,0.0,0.17235152581435798,0.7021599352939558
2007-04-03,0.0,0.1254885388916862,0.0,0.17235152581435798,0.7021599352939558
2007-04-04,0.0,0.1254885388916862,0.0,0.17235152581435798,0.7021599352939558
2007-04-05,0.0,0.1254885388916862,0.0,0.17235152581435798,0.7021599352939558
2007-04-09,0.0,0.1254885388916862,0.0,0.17235152581435798,0.7021599352939558
2007-04-10,0.0,0.1254885388916862,0.0,0.17235152581435798,0.7021599352939558
2007-04-11,0.0,0.1254885388916862,0.0,0.17235152581435798,0.7021599352939558
2007-04-12,0.0,0.1254885388916862,0.0,0.17235152581435798,0.7021599352939558
2007-04-13,0.0,0.1254885388916862,0.0,0.17235152581435798,0.7021599352939558
2007-04-16,0.0,0.1254885388916862,0.0,0.17235152581435798,0.7021599352939558
2007-04-17,0.0,0.1254885388916862,0.0,0.17235152581435798,0.7021599352939558
2007-04-18,0.0,0.1254885388916862,0.0,0.17235152581435798,0.7021599352939558
2007-04-19,0.0,0.1254885388916862,0.0,0.17235152581435798,0.7021599352939558
2007-04-20,0.0,0.1254885388916862,0.0,0.17235152581435798,0.7021599352939558
2007-04-23,0.0,0.1254885388916862,0.0,0.17235152581435798,0.7021599352939558
2007-04-24,0.0,0.1254885388916862,0.0,0.17235152581435798,0.7021599352939558
2007-04-25,0.0,0.1254885388916862,0.0,0.17235152581435798,0.7021599352939558
2007-04-26,0.0,0.1254885388916862,0.0,0.17235152581435798,0.7021599352939558
2007-04-27,0.0,0.1254885388916862,0.0,0.17235152581435798,0.7021599352939558
2007-04-30,0.0,0.1254885388916862,0.0,0.17235152581435798,0.7021599352939558
2007-05-02,0.0,0.1254885388916862,0.0,0.17235152581435798,0.7021599352939558
2007-05-03,0.0,0.11209561883603468,0.0,0.17997238156600048,0.7079319995979649
2007-05-04,0.0,0.11209561883603468,0.0,0.17997238156600048,0.7079319995979649
2007-05-07,0.0,0.11209561883603468,0.0,0.17997238156600048,0.7079319995979649
2007-05-08,0.0,0.11209561883603468,0.0,0.17997238156600048,0.7079319995979649
2007-05-09,0.0,0.11209561883603468,0.0,0.17997238156600048,0.7079319995979649
2007-05-10,0.0,0.11209561883603468,0.0,0.17997238156600048,0.7079319995979649
2007-05-11,0.0,0.11209561883603468,0.0,0.17997238156600048,0.7079319995979649
2007-05-14,0.0,0.11209561883603468,0.0,0.17997238156600048,0.7079319995979649
2007-05-15,0.0,0.11209561883603468,0.0,0.17997238156600048,0.7079319995979649
2007-05-16,0.0,0.11209561883603468,0.0,0.17997238156600048,0.7079319995979649
2007-05-17,0.0,0.11209561883603468,0.0,0.17997238156600048,0.7079319995979649
2007-05-18,0.0,0.11209561883603468,0.0,0.17997238156600048,0.7079319995979649
2007-05-21,0.0,0.11209561883603468,0.0,0.17997238156600048,0.7079319995979649
2007-05-22,0.0,0.11209561883603468,0.0,0.17997238156600048,0.7079319995979649
2007-05-23,0.0,0.11209561883603468,0.0,0.17997238156600048,0.7079319995979649
2007-05-24,0.0,0.11209561883603468,0.0,0.17997238156600048,0.7079319995979649
2007-05-25,0.0,0.11209561883603468,0.0,0.17997238156600048,0.7079319995979649
2007-05-29,0.0,0.11209561883603468,0.0,0.17997238156600048,0.7079319995979649
2007-05-30,0.0,0.11209561883603468,0.0,0.17997238156600048,0.7079319995979649
2007-05-31,0.0,0.11209561883603468,0.0,0.17997238156600048,0.7079319995979649
2007-06-01,0.0,0.11209561883603468,0.0,0.17997238156600048,0.7079319995979649
2007-06-04,7.146130793292544e-18,0.11343025905922216,0.0,0.17915995493092138,0.7074097860098565
2007-06-05,7.146130793292544e-18,0.11343025905922216,0.0,0.17915995493092138,0.7074097860098565
2007-06-06,7.146130793292544e-18,0.11343025905922216,0.0,0.17915995493092138,0.7074097860098565
2007-06-08,7.146130793292544e-18,0.11343025905922216,0.0,0.17915995493092138,0.7074097860098565
2007-06-11,7.146130793292544e-18,0.11343025905922216,0.0,0.17915995493092138,0.7074097860098565
2007-06-12,7.146130793292544e-18,0.11343025905922216,0.0,0.17915995493092138,0.7074097860098565
2007-06-13,7.146130793292544e-18,0.11343025905922216,0.0,0.17915995493092138,0.7074097860098565
2007-06-14,7.146130793292544e-18,0.11343025905922216,0.0,0.17915995493092138,0.7074097860098565
2007-06-15,7.146130793292544e-18,0.11343025905922216,0.0,0.17915995493092138,0.7074097860098565
2007-06-18,7.146130793292544e-18,0.11343025905922216,0.0,0.17915995493092138,0.7074097860098565
2007-06-19,7.146130793292544e-18,0.11343025905922216,0.0,0.17915995493092138,0.7074097860098565
2007-06-20,7.146130793292544e-18,0.11343025905922216,0.0,0.17915995493092138,0.7074097860098565
2007-06-21,7.146130793292544e-18,0.11343025905922216,0.0,0.17915995493092138,0.7074097860098565
2007-06-22,7.146130793292544e-18,0.11343025905922216,0.0,0.17915995493092138,0.7074097860098565
2007-06-25,7.146130793292544e-18,0.11343025905922216,0.0,0.17915995493092138,0.7074097860098565
2007-06-26,7.146130793292544e-18,0.11343025905922216,0.0,0.17915995493092138,0.7074097860098565
2007-06-27,7.146130793292544e-18,0.11343025905922216,0.0,0.17915995493092138,0.7074097860098565
2007-06-28,7.146130793292544e-18,0.11343025905922216,0.0,0.17915995493092138,0.7074097860098565
2007-06-29,7.146130793292544e-18,0.11343025905922216,0.0,0.17915995493092138,0.7074097860098565
2007-07-02,7.146130793292544e-18,0.11343025905922216,0.0,0.17915995493092138,0.7074097860098565
2007-07-03,7.146130793292544e-18,0.11343025905922216,0.0,0.17915995493092138,0.7074097860098565
2007-07-05,1.748365232260828e-17,3.469446951953614e-17,0.0,0.15309015684153893,0.846909843158461
2007-07-06,1.748365232260828e-17,3.469446951953614e-17,0.0,0.15309015684153893,0.846909843158461
2007-07-10,1.748365232260828e-17,3.469446951953614e-17,0.0,0.15309015684153893,0.846909843158461
2007-07-11,1.748365232260828e-17,3.469446951953614e-17,0.0,0.15309015684153893,0.846909843158461
2007-07-12,1.748365232260828e-17,3.469446951953614e-17,0.0,0.15309015684153893,0.846909843158461
2007-07-13,1.748365232260828e-17,3.469446951953614e-17,0.0,0.15309015684153893,0.846909843158461
2007-07-16,1.748365232260828e-17,3.469446951953614e-17,0.0,0.15309015684153893,0.846909843158461
2007-07-17,1.748365232260828e-17,3.469446951953614e-17,0.0,0.15309015684153893,0.846909843158461
2007-07-18,1.748365232260828e-17,3.469446951953614e-17,0.0,0.15309015684153893,0.846909843158461
2007-07-19,1.748365232260828e-17,3.469446951953614e-17,0.0,0.15309015684153893,0.846909843158461
2007-07-20,1.748365232260828e-17,3.469446951953614e-17,0.0,0.15309015684153893,0.846909843158461
2007-07-23,1.748365232260828e-17,3.469446951953614e-17,0.0,0.15309015684153893,0.846909843158461
2007-07-24,1.748365232260828e-17,3.469446951953614e-17,0.0,0.15309015684153893,0.846909843158461
2007-07-25,1.748365232260828e-17,3.469446951953614e-17,0.0,0.15309015684153893,0.846909843158461
2007-07-26,1.748365232260828e-17,3.469446951953614e-17,0.0,0.15309015684153893,0.846909843158461
2007-07-27,1.748365232260828e-17,3.469446951953614e-17,0.0,0.15309015684153893,0.846909843158461
2007-07-30,1.748365232260828e-17,3.469446951953614e-17,0.0,0.15309015684153893,0.846909843158461
2007-07-31,1.748365232260828e-17,3.469446951953614e-17,0.0,0.15309015684153893,0.846909843158461
2007-08-01,1.748365232260828e-17,3.469446951953614e-17,0.0,0.15309015684153893,0.846909843158461
2007-08-02,1.748365232260828e-17,3.469446951953614e-17,0.0,0.15309015684153893,0.846909843158461
2007-08-03,1.748365232260828e-17,3.469446951953614e-17,0.0,0.15309015684153893,0.846909843158461
2007-08-06,0.0,0.0,0.0,0.22194078277222903,0.7780592172277709
2007-08-07,0.0,0.0,0.0,0.22194078277222903,0.7780592172277709
2007-08-08,0.0,0.0,0.0,0.22194078277222903,0.7780592172277709
2007-08-09,0.0,0.0,0.0,0.22194078277222903,0.7780592172277709
2007-08-10,0.0,0.0,0.0,0.22194078277222903,0.7780592172277709
2007-08-13,0.0,0.0,0.0,0.22194078277222903,0.7780592172277709
2007-08-14,0.0,0.0,0.0,0.22194078277222903,0.7780592172277709
2007-08-15,0.0,0.0,0.0,0.22194078277222903,0.7780592172277709
2007-08-16,0.0,0.0,0.0,0.22194078277222903,0.7780592172277709
2007-08-17,0.0,0.0,0.0,0.22194078277222903,0.7780592172277709
2007-08-20,0.0,0.0,0.0,0.22194078277222903,0.7780592172277709
2007-08-21,0.0,0.0,0.0,0.22194078277222903,0.7780592172277709
2007-08-22,0.0,0.0,0.0,0.22194078277222903,0.7780592172277709
2007-08-23,0.0,0.0,0.0,0.22194078277222903,0.7780592172277709
2007-08-24,0.0,0.0,0.0,0.22194078277222903,0.7780592172277709
2007-08-27,0.0,0.0,0.0,0.22194078277222903,0.7780592172277709
2007-08-28,0.0,0.0,0.0,0.22194078277222903,0.7780592172277709
2007-08-29,0.0,0.0,0.0,0.22194078277222903,0.7780592172277709
2007-08-30,0.0,0.0,0.0,0.22194078277222903,0.7780592172277709
2007-08-31,0.0,0.0,0.0,0.22194078277222903,0.7780592172277709
2007-09-04,0.0,0.0,0.0,0.22194078277222903,0.7780592172277709
2007-09-05,0.020730572351053876,0.11110066057828158,0.0,0.26649029124717655,0.601678475823488
2007-09-06,0.020730572351053876,0.11110066057828158,0.0,0.26649029124717655,0.601678475823488
2007-09-10,0.020730572351053876,0.11110066057828158,0.0,0.26649029124717655,0.601678475823488
2007-09-11,0.020730572351053876,0.11110066057828158,0.0,0.26649029124717655,0.601678475823488
2007-09-12,0.020730572351053876,0.11110066057828158,0.0,0.26649029124717655,0.601678475823488
2007-09-13,0.020730572351053876,0.11110066057828158,0.0,0.26649029124717655,0.601678475823488
2007-09-14,0.020730572351053876,0.11110066057828158,0.0,0.26649029124717655,0.601678475823488
2007-09-17,0.020730572351053876,0.11110066057828158,0.0,0.26649029124717655,0.601678475823488
2007-09-18,0.020730572351053876,0.11110066057828158,0.0,0.26649029124717655,0.601678475823488
2007-09-19,0.020730572351053876,0.11110066057828158,0.0,0.26649029124717655,0.601678475823488
2007-09-20,0.020730572351053876,0.11110066057828158,0.0,0.26649029124717655,0.601678475823488
2007-09-21,0.020730572351053876,0.11110066057828158,0.0,0.26649029124717655,0.601678475823488
2007-09-24,0.020730572351053876,0.11110066057828158,0.0,0.26649029124717655,0.601678475823488
2007-09-25,0.020730572351053876,0.11110066057828158,0.0,0.26649029124717655,0.601678475823488
2007-09-26,0.020730572351053876,0.11110066057828158,0.0,0.26649029124717655,0.601678475823488
2007-09-27,0.020730572351053876,0.11110066057828158,0.0,0.26649029124717655,0.601678475823488
2007-09-28,0.020730572351053876,0.11110066057828158,0.0,0.26649029124717655,0.601678475823488
2007-10-01,0.020730572351053876,0.11110066057828158,0.0,0.26649029124717655,0.601678475823488
2007-10-02,0.020730572351053876,0.11110066057828158,0.0,0.26649029124717655,0.601678475823488
2007-10-03,0.020730572351053876,0.11110066057828158,0.0,0.26649029124717655,0.601678475823488
2007-10-04,0.020730572351053876,0.11110066057828158,0.0,0.26649029124717655,0.601678475823488
2007-10-05,0.0,0.13266814088792278,7.390821793128744e-19,0.2982363308194491,0.5690955282926282
2007-10-08,0.0,0.13266814088792278,7.390821793128744e-19,0.2982363308194491,0.5690955282926282
2007-10-09,0.0,0.13266814088792278,7.390821793128744e-19,0.2982363308194491,0.5690955282926282
2007-10-10,0.0,0.13266814088792278,7.390821793128744e-19,0.2982363308194491,0.5690955282926282
2007-10-11,0.0,0.13266814088792278,7.390821793128744e-19,0.2982363308194491,0.5690955282926282
2007-10-15,0.0,0.13266814088792278,7.390821793128744e-19,0.2982363308194491,0.5690955282926282
2007-10-16,0.0,0.13266814088792278,7.390821793128744e-19,0.2982363308194491,0.5690955282926282
2007-10-17,0.0,0.13266814088792278,7.390821793128744e-19,0.2982363308194491,0.5690955282926282
2007-10-18,0.0,0.13266814088792278,7.390821793128744e-19,0.2982363308194491,0.5690955282926282
2007-10-19,0.0,0.13266814088792278,7.390821793128744e-19,0.2982363308194491,0.5690955282926282
2007-10-22,0.0,0.13266814088792278,7.390821793128744e-19,0.2982363308194491,0.5690955282926282
2007-10-23,0.0,0.13266814088792278,7.390821793128744e-19,0.2982363308194491,0.5690955282926282
2007-10-24,0.0,0.13266814088792278,7.390821793128744e-19,0.2982363308194491,0.5690955282926282
2007-10-25,0.0,0.13266814088792278,7.390821793128744e-19,0.2982363308194491,0.5690955282926282
2007-10-26,0.0,0.13266814088792278,7.390821793128744e-19,0.2982363308194491,0.5690955282926282
2007-10-29,0.0,0.13266814088792278,7.390821793128744e-19,0.2982363308194491,0.5690955282926282
2007-10-30,0.0,0.13266814088792278,7.390821793128744e-19,0.2982363308194491,0.5690955282926282
2007-10-31,0.0,0.13266814088792278,7.390821793128744e-19,0.2982363308194491,0.5690955282926282
2007-11-01,0.0,0.13266814088792278,7.390821793128744e-19,0.2982363308194491,0.5690955282926282
2007-11-05,0.0,0.13266814088792278,7.390821793128744e-19,0.2982363308194491,0.5690955282926282
2007-11-06,0.0,0.13266814088792278,7.390821793128744e-19,0.2982363308194491,0.5690955282926282
2007-11-07,3.708552479763775e-18,0.12685614856998328,0.0,0.34550145674590077,0.527642394684116
2007-11-08,3.708552479763775e-18,0.12685614856998328,0.0,0.34550145674590077,0.527642394684116
2007-11-09,3.708552479763775e-18,0.12685614856998328,0.0,0.34550145674590077,0.527642394684116
2007-11-12,3.708552479763775e-18,0.12685614856998328,0.0,0.34550145674590077,0.527642394684116
2007-11-13,3.708552479763775e-18,0.12685614856998328,0.0,0.34550145674590077,0.527642394684116
2007-11-14,3.708552479763775e-18,0.12685614856998328,0.0,0.34550145674590077,0.527642394684116
2007-11-16,3.708552479763775e-18,0.12685614856998328,0.0,0.34550145674590077,0.527642394684116
2007-11-19,3.708552479763775e-18,0.12685614856998328,0.0,0.34550145674590077,0.527642394684116
2007-11-21,3.708552479763775e-18,0.12685614856998328,0.0,0.34550145674590077,0.527642394684116
2007-11-23,3.708552479763775e-18,0.12685614856998328,0.0,0.34550145674590077,0.527642394684116
2007-11-26,3.708552479763775e-18,0.12685614856998328,0.0,0.34550145674590077,0.527642394684116
2007-11-27,3.708552479763775e-18,0.12685614856998328,0.0,0.34550145674590077,0.527642394684116
2007-11-28,3.708552479763775e-18,0.12685614856998328,0.0,0.34550145674590077,0.527642394684116
2007-11-29,3.708552479763775e-18,0.12685614856998328,0.0,0.34550145674590077,0.527642394684116
2007-11-30,3.708552479763775e-18,0.12685614856998328,0.0,0.34550145674590077,0.527642394684116
2007-12-03,3.708552479763775e-18,0.12685614856998328,0.0,0.34550145674590077,0.527642394684116
2007-12-04,3.708552479763775e-18,0.12685614856998328,0.0,0.34550145674590077,0.527642394684116
2007-12-05,3.708552479763775e-18,0.12685614856998328,0.0,0.34550145674590077,0.527642394684116
2007-12-06,3.708552479763775e-18,0.12685614856998328,0.0,0.34550145674590077,0.527642394684116
2007-12-07,3.708552479763775e-18,0.12685614856998328,0.0,0.34550145674590077,0.527642394684116
2007-12-10,3.708552479763775e-18,0.12685614856998328,0.0,0.34550145674590077,0.527642394684116
2007-12-11,6.900421060934928e-17,0.1552788408664729,2.6927130080882892e-18,0.3393606782416661,0.5053604808918609
2007-12-12,6.900421060934928e-17,0.1552788408664729,2.6927130080882892e-18,0.3393606782416661,0.5053604808918609
2007-12-13,6.900421060934928e-17,0.1552788408664729,2.6927130080882892e-18,0.3393606782416661,0.5053604808918609
2007-12-14,6.900421060934928e-17,0.1552788408664729,2.6927130080882892e-18,0.3393606782416661,0.5053604808918609
2007-12-17,6.900421060934928e-17,0.1552788408664729,2.6927130080882892e-18,0.3393606782416661,0.5053604808918609
2007-12-18,6.900421060934928e-17,0.1552788408664729,2.6927130080882892e-18,0.3393606782416661,0.5053604808918609
2007-12-19,6.900421060934928e-17,0.1552788408664729,2.6927130080882892e-18,0.3393606782416661,0.5053604808918609
2007-12-20,6.900421060934928e-17,0.1552788408664729,2.6927130080882892e-18,0.3393606782416661,0.5053604808918609
2007-12-21,6.900421060934928e-17,0.1552788408664729,2.6927130080882892e-18,0.3393606782416661,0.5053604808918609
2007-12-26,6.900421060934928e-17,0.1552788408664729,2.6927130080882892e-18,0.3393606782416661,0.5053604808918609
2007-12-27,6.900421060934928e-17,0.1552788408664729,2.6927130080882892e-18,0.3393606782416661,0.5053604808918609
2007-12-28,6.900421060934928e-17,0.1552788408664729,2.6927130080882892e-18,0.3393606782416661,0.5053604808918609
2008-01-02,6.900421060934928e-17,0.1552788408664729,2.6927130080882892e-18,0.3393606782416661,0.5053604808918609
2008-01-03,6.900421060934928e-17,0.1552788408664729,2.6927130080882892e-18,0.3393606782416661,0.5053604808918609
2008-01-04,6.900421060934928e-17,0.1552788408664729,2.6927130080882892e-18,0.3393606782416661,0.5053604808918609
2008-01-07,6.900421060934928e-17,0.1552788408664729,2.6927130080882892e-18,0.3393606782416661,0.5053604808918609
2008-01-08,6.900421060934928e-17,0.1552788408664729,2.6927130080882892e-18,0.3393606782416661,0.5053604808918609
2008-01-09,6.900421060934928e-17,0.1552788408664729,2.6927130080882892e-18,0.3393606782416661,0.5053604808918609
2008-01-10,6.900421060934928e-17,0.1552788408664729,2.6927130080882892e-18,0.3393606782416661,0.5053604808918609
2008-01-11,6.900421060934928e-17,0.1552788408664729,2.6927130080882892e-18,0.3393606782416661,0.5053604808918609
2008-01-14,6.900421060934928e-17,0.1552788408664729,2.6927130080882892e-18,0.3393606782416661,0.5053604808918609
2008-01-15,0.0,0.15234175959854468,1.9785706558488944e-17,0.3608180007561347,0.4868402396453206
2008-01-16,0.0,0.15234175959854468,1.9785706558488944e-17,0.3608180007561347,0.4868402396453206
2008-01-17,0.0,0.15234175959854468,1.9785706558488944e-17,0.3608180007561347,0.4868402396453206
2008-01-18,0.0,0.15234175959854468,1.9785706558488944e-17,0.3608180007561347,0.4868402396453206
2008-01-22,0.0,0.15234175959854468,1.9785706558488944e-17,0.3608180007561347,0.4868402396453206
2008-01-23,0.0,0.15234175959854468,1.9785706558488944e-17,0.3608180007561347,0.4868402396453206
2008-01-24,0.0,0.15234175959854468,1.9785706558488944e-17,0.3608180007561347,0.4868402396453206
2008-01-28,0.0,0.15234175959854468,1.9785706558488944e-17,0.3608180007561347,0.4868402396453206
2008-01-29,0.0,0.15234175959854468,1.9785706558488944e-17,0.3608180007561347,0.4868402396453206
2008-01-30,0.0,0.15234175959854468,1.9785706558488944e-17,0.3608180007561347,0.4868402396453206
2008-01-31,0.0,0.15234175959854468,1.9785706558488944e-17,0.3608180007561347,0.4868402396453206
2008-02-01,0.0,0.15234175959854468,1.9785706558488944e-17,0.3608180007561347,0.4868402396453206
2008-02-06,0.0,0.15234175959854468,1.9785706558488944e-17,0.3608180007561347,0.4868402396453206
2008-02-07,0.0,0.15234175959854468,1.9785706558488944e-17,0.3608180007561347,0.4868402396453206
2008-02-08,0.0,0.15234175959854468,1.9785706558488944e-17,0.3608180007561347,0.4868402396453206
2008-02-11,0.0,0.15234175959854468,1.9785706558488944e-17,0.3608180007561347,0.4868402396453206
2008-02-12,0.0,0.15234175959854468,1.9785706558488944e-17,0.3608180007561347,0.4868402396453206
2008-02-13,0.0,0.15234175959854468,1.9785706558488944e-17,0.3608180007561347,0.4868402396453206
2008-02-14,0.0,0.15234175959854468,1.9785706558488944e-17,0.3608180007561347,0.4868402396453206
2008-02-15,0.0,0.15234175959854468,1.9785706558488944e-17,0.3608180007561347,0.4868402396453206
2008-02-19,0.0,0.15234175959854468,1.9785706558488944e-17,0.3608180007561347,0.4868402396453206
2008-02-20,0.02047289360720661,0.13134505459359092,0.0,0.3893230425585593,0.4588590092406431
2008-02-21,0.02047289360720661,0.13134505459359092,0.0,0.3893230425585593,0.4588590092406431
2008-02-22,0.02047289360720661,0.13134505459359092,0.0,0.3893230425585593,0.4588590092406431
2008-02-25,0.02047289360720661,0.13134505459359092,0.0,0.3893230425585593,0.4588590092406431
2008-02-26,0.02047289360720661,0.13134505459359092,0.0,0.3893230425585593,0.4588590092406431
2008-02-27,0.02047289360720661,0.13134505459359092,0.0,0.3893230425585593,0.4588590092406431
2008-02-28,0.02047289360720661,0.13134505459359092,0.0,0.3893230425585593,0.4588590092406431
2008-02-29,0.02047289360720661,0.13134505459359092,0.0,0.3893230425585593,0.4588590092406431
2008-03-03,0.02047289360720661,0.13134505459359092,0.0,0.3893230425585593,0.4588590092406431
2008-03-04,0.02047289360720661,0.13134505459359092,0.0,0.3893230425585593,0.4588590092406431
2008-03-05,0.02047289360720661,0.13134505459359092,0.0,0.3893230425585593,0.4588590092406431
2008-03-06,0.02047289360720661,0.13134505459359092,0.0,0.3893230425585593,0.4588590092406431
2008-03-07,0.02047289360720661,0.13134505459359092,0.0,0.3893230425585593,0.4588590092406431
2008-03-10,0.02047289360720661,0.13134505459359092,0.0,0.3893230425585593,0.4588590092406431
2008-03-11,0.02047289360720661,0.13134505459359092,0.0,0.3893230425585593,0.4588590092406431
2008-03-12,0.02047289360720661,0.13134505459359092,0.0,0.3893230425585593,0.4588590092406431
2008-03-13,0.02047289360720661,0.13134505459359092,0.0,0.3893230425585593,0.4588590092406431
2008-03-14,0.02047289360720661,0.13134505459359092,0.0,0.3893230425585593,0.4588590092406431
2008-03-17,0.02047289360720661,0.13134505459359092,0.0,0.3893230425585593,0.4588590092406431
2008-03-18,0.02047289360720661,0.13134505459359092,0.0,0.3893230425585593,0.4588590092406431
2008-03-19,0.02047289360720661,0.13134505459359092,0.0,0.3893230425585593,0.4588590092406431
2008-03-20,0.0,0.16568486601092028,0.0,0.40356067865004175,0.430754455339038
2008-03-24,0.0,0.16568486601092028,0.0,0.40356067865004175,0.430754455339038
2008-03-25,0.0,0.16568486601092028,0.0,0.40356067865004175,0.430754455339038
2008-03-26,0.0,0.16568486601092028,0.0,0.40356067865004175,0.430754455339038
2008-03-27,0.0,0.16568486601092028,0.0,0.40356067865004175,0.430754455339038
2008-03-28,0.0,0.16568486601092028,0.0,0.40356067865004175,0.430754455339038
2008-03-31,0.0,0.16568486601092028,0.0,0.40356067865004175,0.430754455339038
2008-04-01,0.0,0.16568486601092028,0.0,0.40356067865004175,0.430754455339038
2008-04-02,0.0,0.16568486601092028,0.0,0.40356067865004175,0.430754455339038
2008-04-03,0.0,0.16568486601092028,0.0,0.40356067865004175,0.430754455339038
2008-04-04,0.0,0.16568486601092028,0.0,0.40356067865004175,0.430754455339038
2008-04-07,0.0,0.16568486601092028,0.0,0.40356067865004175,0.430754455339038
2008-04-08,0.0,0.16568486601092028,0.0,0.40356067865004175,0.430754455339038
2008-04-09,0.0,0.16568486601092028,0.0,0.40356067865004175,0.430754455339038
2008-04-10,0.0,0.16568486601092028,0.0,0.40356067865004175,0.430754455339038
2008-04-11,0.0,0.16568486601092028,0.0,0.40356067865004175,0.430754455339038
2008-04-14,0.0,0.16568486601092028,0.0,0.40356067865004175,0.430754455339038
2008-04-15,0.0,0.16568486601092028,0.0,0.40356067865004175,0.430754455339038
2008-04-16,0.0,0.16568486601092028,0.0,0.40356067865004175,0.430754455339038
2008-04-17,0.0,0.16568486601092028,0.0,0.40356067865004175,0.430754455339038
2008-04-18,0.0,0.16568486601092028,0.0,0.40356067865004175,0.430754455339038
2008-04-22,9.561398789636978e-18,0.19014459455408175,0.0,0.42375264057901907,0.3861027648668992
2008-04-23,9.561398789636978e-18,0.19014459455408175,0.0,0.42375264057901907,0.3861027648668992
2008-04-24,9.561398789636978e-18,0.19014459455408175,0.0,0.42375264057901907,0.3861027648668992
2008-04-25,9.561398789636978e-18,0.19014459455408175,0.0,0.42375264057901907,0.3861027648668992
2008-04-28,9.561398789636978e-18,0.19014459455408175,0.0,0.42375264057901907,0.3861027648668992
2008-04-29,9.561398789636978e-18,0.19014459455408175,0.0,0.42375264057901907,0.3861027648668992
2008-04-30,9.561398789636978e-18,0.19014459455408175,0.0,0.42375264057901907,0.3861027648668992
2008-05-02,9.561398789636978e-18,0.19014459455408175,0.0,0.42375264057901907,0.3861027648668992
2008-05-05,9.561398789636978e-18,0.19014459455408175,0.0,0.42375264057901907,0.3861027648668992
2008-05-06,9.561398789636978e-18,0.19014459455408175,0.0,0.42375264057901907,0.3861027648668992
2008-05-07,9.561398789636978e-18,0.19014459455408175,0.0,0.42375264057901907,0.3861027648668992
2008-05-08,9.561398789636978e-18,0.19014459455408175,0.0,0.42375264057901907,0.3861027648668992
2008-05-09,9.561398789636978e-18,0.19014459455408175,0.0,0.42375264057901907,0.3861027648668992
2008-05-12,9.561398789636978e-18,0.19014459455408175,0.0,0.42375264057901907,0.3861027648668992
2008-05-13,9.561398789636978e-18,0.19014459455408175,0.0,0.42375264057901907,0.3861027648668992
2008-05-14,9.561398789636978e-18,0.19014459455408175,0.0,0.42375264057901907,0.3861027648668992
2008-05-15,9.561398789636978e-18,0.19014459455408175,0.0,0.42375264057901907,0.3861027648668992
2008-05-16,9.561398789636978e-18,0.19014459455408175,0.0,0.42375264057901907,0.3861027648668992
2008-05-19,9.561398789636978e-18,0.19014459455408175,0.0,0.42375264057901907,0.3861027648668992
2008-05-20,9.561398789636978e-18,0.19014459455408175,0.0,0.42375264057901907,0.3861027648668992
2008-05-21,9.561398789636978e-18,0.19014459455408175,0.0,0.42375264057901907,0.3861027648668992
2008-05-23,0.0,0.19257298465101086,7.579830595062073e-18,0.4028358056558908,0.4045912096930983
2008-05-27,0.0,0.19257298465101086,7.579830595062073e-18,0.4028358056558908,0.4045912096930983
2008-05-28,0.0,0.19257298465101086,7.579830595062073e-18,0.4028358056558908,0.4045912096930983
2008-05-29,0.0,0.19257298465101086,7.579830595062073e-18,0.4028358056558908,0.4045912096930983
2008-05-30,0.0,0.19257298465101086,7.579830595062073e-18,0.4028358056558908,0.4045912096930983
2008-06-02,0.0,0.19257298465101086,7.579830595062073e-18,0.4028358056558908,0.4045912096930983
2008-06-03,0.0,0.19257298465101086,7.579830595062073e-18,0.4028358056558908,0.4045912096930983
2008-06-04,0.0,0.19257298465101086,7.579830595062073e-18,0.4028358056558908,0.4045912096930983
2008-06-05,0.0,0.19257298465101086,7.579830595062073e-18,0.4028358056558908,0.4045912096930983
2008-06-06,0.0,0.19257298465101086,7.579830595062073e-18,0.4028358056558908,0.4045912096930983
2008-06-09,0.0,0.19257298465101086,7.579830595062073e-18,0.4028358056558908,0.4045912096930983
2008-06-10,0.0,0.19257298465101086,7.579830595062073e-18,0.4028358056558908,0.4045912096930983
2008-06-11,0.0,0.19257298465101086,7.579830595062073e-18,0.4028358056558908,0.4045912096930983
2008-06-12,0.0,0.19257298465101086,7.579830595062073e-18,0.4028358056558908,0.4045912096930983
2008-06-13,0.0,0.19257298465101086,7.579830595062073e-18,0.4028358056558908,0.4045912096930983
2008-06-16,0.0,0.19257298465101086,7.579830595062073e-18,0.4028358056558908,0.4045912096930983
2008-06-17,0.0,0.19257298465101086,7.579830595062073e-18,0.4028358056558908,0.4045912096930983
2008-06-18,0.0,0.19257298465101086,7.579830595062073e-18,0.4028358056558908,0.4045912096930983
2008-06-19,0.0,0.19257298465101086,7.579830595062073e-18,0.4028358056558908,0.4045912096930983
2008-06-20,0.0,0.19257298465101086,7.579830595062073e-18,0.4028358056558908,0.4045912096930983
2008-06-23,0.0,0.19257298465101086,7.579830595062073e-18,0.4028358056558908,0.4045912096930983
2008-06-24,0.0,0.17720591561278942,4.206490552762608e-18,0.40458309465471465,0.418210989732496
2008-06-25,0.0,0.17720591561278942,4.206490552762608e-18,0.40458309465471465,0.418210989732496
2008-06-26,0.0,0.17720591561278942,4.206490552762608e-18,0.40458309465471465,0.418210989732496
2008-06-27,0.0,0.17720591561278942,4.206490552762608e-18,0.40458309465471465,0.418210989732496
2008-06-30,0.0,0.17720591561278942,4.206490552762608e-18,0.40458309465471465,0.418210989732496
2008-07-01,0.0,0.17720591561278942,4.206490552762608e-18,0.40458309465471465,0.418210989732496
2008-07-02,0.0,0.17720591561278942,4.206490552762608e-18,0.40458309465471465,0.418210989732496
2008-07-03,0.0,0.17720591561278942,4.206490552762608e-18,0.40458309465471465,0.418210989732496
2008-07-07,0.0,0.17720591561278942,4.206490552762608e-18,0.40458309465471465,0.418210989732496
2008-07-08,0.0,0.17720591561278942,4.206490552762608e-18,0.40458309465471465,0.418210989732496
2008-07-10,0.0,0.17720591561278942,4.206490552762608e-18,0.40458309465471465,0.418210989732496
2008-07-11,0.0,0.17720591561278942,4.206490552762608e-18,0.40458309465471465,0.418210989732496
2008-07-14,0.0,0.17720591561278942,4.206490552762608e-18,0.40458309465471465,0.418210989732496
2008-07-15,0.0,0.17720591561278942,4.206490552762608e-18,0.40458309465471465,0.418210989732496
2008-07-16,0.0,0.17720591561278942,4.206490552762608e-18,0.40458309465471465,0.418210989732496
2008-07-17,0.0,0.17720591561278942,4.206490552762608e-18,0.40458309465471465,0.418210989732496
2008-07-18,0.0,0.17720591561278942,4.206490552762608e-18,0.40458309465471465,0.418210989732496
2008-07-21,0.0,0.17720591561278942,4.206490552762608e-18,0.40458309465471465,0.418210989732496
2008-07-22,0.0,0.17720591561278942,4.206490552762608e-18,0.40458309465471465,0.418210989732496
2008-07-23,0.0,0.17720591561278942,4.206490552762608e-18,0.40458309465471465,0.418210989732496
2008-07-24,0.0,0.17720591561278942,4.206490552762608e-18,0.40458309465471465,0.418210989732496
2008-07-25,0.0,0.16897991186869005,2.013115557551159e-18,0.41220845817655805,0.4188116299547519
2008-07-28,0.0,0.16897991186869005,2.013115557551159e-18,0.41220845817655805,0.4188116299547519
2008-07-29,0.0,0.16897991186869005,2.013115557551159e-18,0.41220845817655805,0.4188116299547519
2008-07-30,0.0,0.16897991186869005,2.013115557551159e-18,0.41220845817655805,0.4188116299547519
2008-07-31,0.0,0.16897991186869005,2.013115557551159e-18,0.41220845817655805,0.4188116299547519
2008-08-01,0.0,0.16897991186869005,2.013115557551159e-18,0.41220845817655805,0.4188116299547519
2008-08-04,0.0,0.16897991186869005,2.013115557551159e-18,0.41220845817655805,0.4188116299547519
2008-08-05,0.0,0.16897991186869005,2.013115557551159e-18,0.41220845817655805,0.4188116299547519
2008-08-06,0.0,0.16897991186869005,2.013115557551159e-18,0.41220845817655805,0.4188116299547519
2008-08-07,0.0,0.16897991186869005,2.013115557551159e-18,0.41220845817655805,0.4188116299547519
2008-08-08,0.0,0.16897991186869005,2.013115557551159e-18,0.41220845817655805,0.4188116299547519
2008-08-11,0.0,0.16897991186869005,2.013115557551159e-18,0.41220845817655805,0.4188116299547519
2008-08-12,0.0,0.16897991186869005,2.013115557551159e-18,0.41220845817655805,0.4188116299547519
2008-08-13,0.0,0.16897991186869005,2.013115557551159e-18,0.41220845817655805,0.4188116299547519
2008-08-14,0.0,0.16897991186869005,2.013115557551159e-18,0.41220845817655805,0.4188116299547519
2008-08-15,0.0,0.16897991186869005,2.013115557551159e-18,0.41220845817655805,0.4188116299547519
2008-08-18,0.0,0.16897991186869005,2.013115557551159e-18,0.41220845817655805,0.4188116299547519
2008-08-19,0.0,0.16897991186869005,2.013115557551159e-18,0.41220845817655805,0.4188116299547519
2008-08-20,0.0,0.16897991186869005,2.013115557551159e-18,0.41220845817655805,0.4188116299547519
2008-08-21,0.0,0.16897991186869005,2.013115557551159e-18,0.41220845817655805,0.4188116299547519
2008-08-22,0.0,0.16897991186869005,2.013115557551159e-18,0.41220845817655805,0.4188116299547519
2008-08-25,0.0,0.16869512579001336,5.035793560251469e-18,0.404450664859662,0.4268542093503246
2008-08-26,0.0,0.16869512579001336,5.035793560251469e-18,0.404450664859662,0.4268542093503246
2008-08-27,0.0,0.16869512579001336,5.035793560251469e-18,0.404450664859662,0.4268542093503246
2008-08-28,0.0,0.16869512579001336,5.035793560251469e-18,0.404450664859662,0.4268542093503246
2008-08-29,0.0,0.16869512579001336,5.035793560251469e-18,0.404450664859662,0.4268542093503246
2008-09-02,0.0,0.16869512579001336,5.035793560251469e-18,0.404450664859662,0.4268542093503246
2008-09-03,0.0,0.16869512579001336,5.035793560251469e-18,0.404450664859662,0.4268542093503246
2008-09-04,0.0,0.16869512579001336,5.035793560251469e-18,0.404450664859662,0.4268542093503246
2008-09-05,0.0,0.16869512579001336,5.035793560251469e-18,0.404450664859662,0.4268542093503246
2008-09-08,0.0,0.16869512579001336,5.035793560251469e-18,0.404450664859662,0.4268542093503246
2008-09-09,0.0,0.16869512579001336,5.035793560251469e-18,0.404450664859662,0.4268542093503246
2008-09-10,0.0,0.16869512579001336,5.035793560251469e-18,0.404450664859662,0.4268542093503246
2008-09-11,0.0,0.16869512579001336,5.035793560251469e-18,0.404450664859662,0.4268542093503246
2008-09-12,0.0,0.16869512579001336,5.035793560251469e-18,0.404450664859662,0.4268542093503246
2008-09-15,0.0,0.16869512579001336,5.035793560251469e-18,0.404450664859662,0.4268542093503246
2008-09-16,0.0,0.16869512579001336,5.035793560251469e-18,0.404450664859662,0.4268542093503246
2008-09-17,0.0,0.16869512579001336,5.035793560251469e-18,0.404450664859662,0.4268542093503246
2008-09-18,0.0,0.16869512579001336,5.035793560251469e-18,0.404450664859662,0.4268542093503246
2008-09-19,0.0,0.16869512579001336,5.035793560251469e-18,0.404450664859662,0.4268542093503246
2008-09-22,0.0,0.16869512579001336,5.035793560251469e-18,0.404450664859662,0.4268542093503246
2008-09-23,0.0,0.16869512579001336,5.035793560251469e-18,0.404450664859662,0.4268542093503246
2008-09-24,0.0,0.11788938528968244,0.0,0.4174981207867893,0.4646124939235284
2008-09-25,0.0,0.11788938528968244,0.0,0.4174981207867893,0.4646124939235284
2008-09-26,0.0,0.11788938528968244,0.0,0.4174981207867893,0.4646124939235284
2008-09-29,0.0,0.11788938528968244,0.0,0.4174981207867893,0.4646124939235284
2008-09-30,0.0,0.11788938528968244,0.0,0.4174981207867893,0.4646124939235284
2008-10-01,0.0,0.11788938528968244,0.0,0.4174981207867893,0.4646124939235284
2008-10-02,0.0,0.11788938528968244,0.0,0.4174981207867893,0.4646124939235284
2008-10-03,0.0,0.11788938528968244,0.0,0.4174981207867893,0.4646124939235284
2008-10-06,0.0,0.11788938528968244,0.0,0.4174981207867893,0.4646124939235284
2008-10-07,0.0,0.11788938528968244,0.0,0.4174981207867893,0.4646124939235284
2008-10-08,0.0,0.11788938528968244,0.0,0.4174981207867893,0.4646124939235284
2008-10-09,0.0,0.11788938528968244,0.0,0.4174981207867893,0.4646124939235284
2008-10-10,0.0,0.11788938528968244,0.0,0.4174981207867893,0.4646124939235284
2008-10-13,0.0,0.11788938528968244,0.0,0.4174981207867893,0.4646124939235284
2008-10-14,0.0,0.11788938528968244,0.0,0.4174981207867893,0.4646124939235284
2008-10-15,0.0,0.11788938528968244,0.0,0.4174981207867893,0.4646124939235284
2008-10-16,0.0,0.11788938528968244,0.0,0.4174981207867893,0.4646124939235284
2008-10-17,0.0,0.11788938528968244,0.0,0.4174981207867893,0.4646124939235284
2008-10-20,0.0,0.11788938528968244,0.0,0.4174981207867893,0.4646124939235284
2008-10-21,0.0,0.11788938528968244,0.0,0.4174981207867893,0.4646124939235284
2008-10-22,0.0,0.11788938528968244,0.0,0.4174981207867893,0.4646124939235284
2008-10-23,1.3126336876957807e-18,0.264829009118419,9.718785553435219e-17,0.4512130483050631,0.2839579425765178
2008-10-24,1.3126336876957807e-18,0.264829009118419,9.718785553435219e-17,0.4512130483050631,0.2839579425765178
2008-10-27,1.3126336876957807e-18,0.264829009118419,9.718785553435219e-17,0.4512130483050631,0.2839579425765178
2008-10-28,1.3126336876957807e-18,0.264829009118419,9.718785553435219e-17,0.4512130483050631,0.2839579425765178
2008-10-29,1.3126336876957807e-18,0.264829009118419,9.718785553435219e-17,0.4512130483050631,0.2839579425765178
2008-10-30,1.3126336876957807e-18,0.264829009118419,9.718785553435219e-17,0.4512130483050631,0.2839579425765178
2008-10-31,1.3126336876957807e-18,0.264829009118419,9.718785553435219e-17,0.4512130483050631,0.2839579425765178
2008-11-03,1.3126336876957807e-18,0.264829009118419,9.718785553435219e-17,0.4512130483050631,0.2839579425765178
2008-11-04,1.3126336876957807e-18,0.264829009118419,9.718785553435219e-17,0.4512130483050631,0.2839579425765178
2008-11-05,1.3126336876957807e-18,0.264829009118419,9.718785553435219e-17,0.4512130483050631,0.2839579425765178
2008-11-06,1.3126336876957807e-18,0.264829009118419,9.718785553435219e-17,0.4512130483050631,0.2839579425765178
2008-11-07,1.3126336876957807e-18,0.264829009118419,9.718785553435219e-17,0.4512130483050631,0.2839579425765178
2008-11-10,1.3126336876957807e-18,0.264829009118419,9.718785553435219e-17,0.4512130483050631,0.2839579425765178
2008-11-11,1.3126336876957807e-18,0.264829009118419,9.718785553435219e-17,0.4512130483050631,0.2839579425765178
2008-11-12,1.3126336876957807e-18,0.264829009118419,9.718785553435219e-17,0.4512130483050631,0.2839579425765178
2008-11-13,1.3126336876957807e-18,0.264829009118419,9.718785553435219e-17,0.4512130483050631,0.2839579425765178
2008-11-14,1.3126336876957807e-18,0.264829009118419,9.718785553435219e-17,0.4512130483050631,0.2839579425765178
2008-11-17,1.3126336876957807e-18,0.264829009118419,9.718785553435219e-17,0.4512130483050631,0.2839579425765178
2008-11-18,1.3126336876957807e-18,0.264829009118419,9.718785553435219e-17,0.4512130483050631,0.2839579425765178
2008-11-19,1.3126336876957807e-18,0.264829009118419,9.718785553435219e-17,0.4512130483050631,0.2839579425765178
2008-11-21,1.3126336876957807e-18,0.264829009118419,9.718785553435219e-17,0.4512130483050631,0.2839579425765178
2008-11-24,0.0,0.2586465160264245,2.0499074410555718e-17,0.4838719745866479,0.2574815093869275
2008-11-25,0.0,0.2586465160264245,2.0499074410555718e-17,0.4838719745866479,0.2574815093869275
2008-11-26,0.0,0.2586465160264245,2.0499074410555718e-17,0.4838719745866479,0.2574815093869275
2008-11-28,0.0,0.2586465160264245,2.0499074410555718e-17,0.4838719745866479,0.2574815093869275
2008-12-01,0.0,0.2586465160264245,2.0499074410555718e-17,0.4838719745866479,0.2574815093869275
2008-12-02,0.0,0.2586465160264245,2.0499074410555718e-17,0.4838719745866479,0.2574815093869275
2008-12-03,0.0,0.2586465160264245,2.0499074410555718e-17,0.4838719745866479,0.2574815093869275
2008-12-04,0.0,0.2586465160264245,2.0499074410555718e-17,0.4838719745866479,0.2574815093869275
2008-12-05,0.0,0.2586465160264245,2.0499074410555718e-17,0.4838719745866479,0.2574815093869275
2008-12-08,0.0,0.2586465160264245,2.0499074410555718e-17,0.4838719745866479,0.2574815093869275
2008-12-09,0.0,0.2586465160264245,2.0499074410555718e-17,0.4838719745866479,0.2574815093869275
2008-12-10,0.0,0.2586465160264245,2.0499074410555718e-17,0.4838719745866479,0.2574815093869275
2008-12-11,0.0,0.2586465160264245,2.0499074410555718e-17,0.4838719745866479,0.2574815093869275
2008-12-12,0.0,0.2586465160264245,2.0499074410555718e-17,0.4838719745866479,0.2574815093869275
2008-12-15,0.0,0.2586465160264245,2.0499074410555718e-17,0.4838719745866479,0.2574815093869275
2008-12-16,0.0,0.2586465160264245,2.0499074410555718e-17,0.4838719745866479,0.2574815093869275
2008-12-17,0.0,0.2586465160264245,2.0499074410555718e-17,0.4838719745866479,0.2574815093869275
2008-12-18,0.0,0.2586465160264245,2.0499074410555718e-17,0.4838719745866479,0.2574815093869275
2008-12-19,0.0,0.2586465160264245,2.0499074410555718e-17,0.4838719745866479,0.2574815093869275
2008-12-22,0.0,0.2586465160264245,2.0499074410555718e-17,0.4838719745866479,0.2574815093869275
2008-12-23,0.0,0.2586465160264245,2.0499074410555718e-17,0.4838719745866479,0.2574815093869275
2008-12-26,0.0,0.2695778665563282,2.146881575558985e-17,0.5204420080727629,0.20998012537090902
2008-12-29,0.0,0.2695778665563282,2.146881575558985e-17,0.5204420080727629,0.20998012537090902
2008-12-30,0.0,0.2695778665563282,2.146881575558985e-17,0.5204420080727629,0.20998012537090902
2009-01-02,0.0,0.2695778665563282,2.146881575558985e-17,0.5204420080727629,0.20998012537090902
2009-01-05,0.0,0.2695778665563282,2.146881575558985e-17,0.5204420080727629,0.20998012537090902
2009-01-06,0.0,0.2695778665563282,2.146881575558985e-17,0.5204420080727629,0.20998012537090902
2009-01-07,0.0,0.2695778665563282,2.146881575558985e-17,0.5204420080727629,0.20998012537090902
2009-01-08,0.0,0.2695778665563282,2.146881575558985e-17,0.5204420080727629,0.20998012537090902
2009-01-09,0.0,0.2695778665563282,2.146881575558985e-17,0.5204420080727629,0.20998012537090902
2009-01-12,0.0,0.2695778665563282,2.146881575558985e-17,0.5204420080727629,0.20998012537090902
2009-01-13,0.0,0.2695778665563282,2.146881575558985e-17,0.5204420080727629,0.20998012537090902
2009-01-14,0.0,0.2695778665563282,2.146881575558985e-17,0.5204420080727629,0.20998012537090902
2009-01-15,0.0,0.2695778665563282,2.146881575558985e-17,0.5204420080727629,0.20998012537090902
2009-01-16,0.0,0.2695778665563282,2.146881575558985e-17,0.5204420080727629,0.20998012537090902
2009-01-20,0.0,0.2695778665563282,2.146881575558985e-17,0.5204420080727629,0.20998012537090902
2009-01-21,0.0,0.2695778665563282,2.146881575558985e-17,0.5204420080727629,0.20998012537090902
2009-01-22,0.0,0.2695778665563282,2.146881575558985e-17,0.5204420080727629,0.20998012537090902
2009-01-23,0.0,0.2695778665563282,2.146881575558985e-17,0.5204420080727629,0.20998012537090902
2009-01-26,0.0,0.2695778665563282,2.146881575558985e-17,0.5204420080727629,0.20998012537090902
2009-01-27,0.0,0.2695778665563282,2.146881575558985e-17,0.5204420080727629,0.20998012537090902
2009-01-28,0.0,0.2695778665563282,2.146881575558985e-17,0.5204420080727629,0.20998012537090902
2009-01-29,1.7174939362434893e-17,0.2756716223233095,2.043397489011426e-18,0.5210158122203494,0.20331256545634105
2009-01-30,1.7174939362434893e-17,0.2756716223233095,2.043397489011426e-18,0.5210158122203494,0.20331256545634105
2009-02-02,1.7174939362434893e-17,0.2756716223233095,2.043397489011426e-18,0.5210158122203494,0.20331256545634105
2009-02-03,1.7174939362434893e-17,0.2756716223233095,2.043397489011426e-18,0.5210158122203494,0.20331256545634105
2009-02-04,1.7174939362434893e-17,0.2756716223233095,2.043397489011426e-18,0.5210158122203494,0.20331256545634105
2009-02-05,1.7174939362434893e-17,0.2756716223233095,2.043397489011426e-18,0.5210158122203494,0.20331256545634105
2009-02-06,1.7174939362434893e-17,0.2756716223233095,2.043397489011426e-18,0.5210158122203494,0.20331256545634105
2009-02-09,1.7174939362434893e-17,0.2756716223233095,2.043397489011426e-18,0.5210158122203494,0.20331256545634105
2009-02-10,1.7174939362434893e-17,0.2756716223233095,2.043397489011426e-18,0.5210158122203494,0.20331256545634105
2009-02-11,1.7174939362434893e-17,0.2756716223233095,2.043397489011426e-18,0.5210158122203494,0.20331256545634105
2009-02-12,1.7174939362434893e-17,0.2756716223233095,2.043397489011426e-18,0.5210158122203494,0.20331256545634105
2009-02-13,1.7174939362434893e-17,0.2756716223233095,2.043397489011426e-18,0.5210158122203494,0.20331256545634105
2009-02-17,1.7174939362434893e-17,0.2756716223233095,2.043397489011426e-18,0.5210158122203494,0.20331256545634105
2009-02-18,1.7174939362434893e-17,0.2756716223233095,2.043397489011426e-18,0.5210158122203494,0.20331256545634105
2009-02-19,1.7174939362434893e-17,0.2756716223233095,2.043397489011426e-18,0.5210158122203494,0.20331256545634105
2009-02-20,1.7174939362434893e-17,0.2756716223233095,2.043397489011426e-18,0.5210158122203494,0.20331256545634105
2009-02-25,1.7174939362434893e-17,0.2756716223233095,2.043397489011426e-18,0.5210158122203494,0.20331256545634105
2009-02-26,1.7174939362434893e-17,0.2756716223233095,2.043397489011426e-18,0.5210158122203494,0.20331256545634105
2009-02-27,1.7174939362434893e-17,0.2756716223233095,2.043397489011426e-18,0.5210158122203494,0.20331256545634105
2009-03-02,1.7174939362434893e-17,0.2756716223233095,2.043397489011426e-18,0.5210158122203494,0.20331256545634105
2009-03-03,1.7174939362434893e-17,0.2756716223233095,2.043397489011426e-18,0.5210158122203494,0.20331256545634105
2009-03-04,1.7055700276615134e-17,0.29543888755041375,0.0,0.513940682167877,0.1906204302817092
2009-03-05,1.7055700276615134e-17,0.29543888755041375,0.0,0.513940682167877,0.1906204302817092
2009-03-06,1.7055700276615134e-17,0.29543888755041375,0.0,0.513940682167877,0.1906204302817092
2009-03-09,1.7055700276615134e-17,0.29543888755041375,0.0,0.513940682167877,0.1906204302817092
2009-03-10,1.7055700276615134e-17,0.29543888755041375,0.0,0.513940682167877,0.1906204302817092
2009-03-11,1.7055700276615134e-17,0.29543888755041375,0.0,0.513940682167877,0.1906204302817092
2009-03-12,1.7055700276615134e-17,0.29543888755041375,0.0,0.513940682167877,0.1906204302817092
2009-03-13,1.7055700276615134e-17,0.29543888755041375,0.0,0.513940682167877,0.1906204302817092
2009-03-16,1.7055700276615134e-17,0.29543888755041375,0.0,0.513940682167877,0.1906204302817092
2009-03-17,1.7055700276615134e-17,0.29543888755041375,0.0,0.513940682167877,0.1906204302817092
2009-03-18,1.7055700276615134e-17,0.29543888755041375,0.0,0.513940682167877,0.1906204302817092
2009-03-19,1.7055700276615134e-17,0.29543888755041375,0.0,0.513940682167877,0.1906204302817092
2009-03-20,1.7055700276615134e-17,0.29543888755041375,0.0,0.513940682167877,0.1906204302817092
2009-03-23,1.7055700276615134e-17,0.29543888755041375,0.0,0.513940682167877,0.1906204302817092
2009-03-24,1.7055700276615134e-17,0.29543888755041375,0.0,0.513940682167877,0.1906204302817092
2009-03-25,1.7055700276615134e-17,0.29543888755041375,0.0,0.513940682167877,0.1906204302817092
2009-03-26,1.7055700276615134e-17,0.29543888755041375,0.0,0.513940682167877,0.1906204302817092
2009-03-27,1.7055700276615134e-17,0.29543888755041375,0.0,0.513940682167877,0.1906204302817092
2009-03-30,1.7055700276615134e-17,0.29543888755041375,0.0,0.513940682167877,0.1906204302817092
2009-03-31,1.7055700276615134e-17,0.29543888755041375,0.0,0.513940682167877,0.1906204302817092
2009-04-01,1.7055700276615134e-17,0.29543888755041375,0.0,0.513940682167877,0.1906204302817092
2009-04-02,0.0,0.30458665376342436,0.0,0.5273647002867053,0.16804864594987023
2009-04-03,0.0,0.30458665376342436,0.0,0.5273647002867053,0.16804864594987023
2009-04-06,0.0,0.30458665376342436,0.0,0.5273647002867053,0.16804864594987023
2009-04-07,0.0,0.30458665376342436,0.0,0.5273647002867053,0.16804864594987023
2009-04-08,0.0,0.30458665376342436,0.0,0.5273647002867053,0.16804864594987023
2009-04-09,0.0,0.30458665376342436,0.0,0.5273647002867053,0.16804864594987023
2009-04-13,0.0,0.30458665376342436,0.0,0.5273647002867053,0.16804864594987023
2009-04-14,0.0,0.30458665376342436,0.0,0.5273647002867053,0.16804864594987023
2009-04-15,0.0,0.30458665376342436,0.0,0.5273647002867053,0.16804864594987023
2009-04-16,0.0,0.30458665376342436,0.0,0.5273647002867053,0.16804864594987023
2009-04-17,0.0,0.30458665376342436,0.0,0.5273647002867053,0.16804864594987023
2009-04-20,0.0,0.30458665376342436,0.0,0.5273647002867053,0.16804864594987023
2009-04-22,0.0,0.30458665376342436,0.0,0.5273647002867053,0.16804864594987023
2009-04-23,0.0,0.30458665376342436,0.0,0.5273647002867053,0.16804864594987023
2009-04-24,0.0,0.30458665376342436,0.0,0.5273647002867053,0.16804864594987023
2009-04-27,0.0,0.30458665376342436,0.0,0.5273647002867053,0.16804864594987023
2009-04-28,0.0,0.30458665376342436,0.0,0.5273647002867053,0.16804864594987023
2009-04-29,0.0,0.30458665376342436,0.0,0.5273647002867053,0.16804864594987023
2009-04-30,0.0,0.30458665376342436,0.0,0.5273647002867053,0.16804864594987023
2009-05-04,0.0,0.30458665376342436,0.0,0.5273647002867053,0.16804864594987023
2009-05-05,0.0,0.30458665376342436,0.0,0.5273647002867053,0.16804864594987023
2009-05-06,1.5039289643925822e-16,0.3051723992444391,2.722752964490492e-17,0.5256258405438952,0.16920176021166555
2009-05-07,1.5039289643925822e-16,0.3051723992444391,2.722752964490492e-17,0.5256258405438952,0.16920176021166555
2009-05-08,1.5039289643925822e-16,0.3051723992444391,2.722752964490492e-17,0.5256258405438952,0.16920176021166555
2009-05-11,1.5039289643925822e-16,0.3051723992444391,2.722752964490492e-17,0.5256258405438952,0.16920176021166555
2009-05-12,1.5039289643925822e-16,0.3051723992444391,2.722752964490492e-17,0.5256258405438952,0.16920176021166555
2009-05-13,1.5039289643925822e-16,0.3051723992444391,2.722752964490492e-17,0.5256258405438952,0.16920176021166555
2009-05-14,1.5039289643925822e-16,0.3051723992444391,2.722752964490492e-17,0.5256258405438952,0.16920176021166555
2009-05-15,1.5039289643925822e-16,0.3051723992444391,2.722752964490492e-17,0.5256258405438952,0.16920176021166555
2009-05-18,1.5039289643925822e-16,0.3051723992444391,2.722752964490492e-17,0.5256258405438952,0.16920176021166555
2009-05-19,1.5039289643925822e-16,0.3051723992444391,2.722752964490492e-17,0.5256258405438952,0.16920176021166555
2009-05-20,1.5039289643925822e-16,0.3051723992444391,2.722752964490492e-17,0.5256258405438952,0.16920176021166555
2009-05-21,1.5039289643925822e-16,0.3051723992444391,2.722752964490492e-17,0.5256258405438952,0.16920176021166555
2009-05-22,1.5039289643925822e-16,0.3051723992444391,2.722752964490492e-17,0.5256258405438952,0.16920176021166555
2009-05-26,1.5039289643925822e-16,0.3051723992444391,2.722752964490492e-17,0.5256258405438952,0.16920176021166555
2009-05-27,1.5039289643925822e-16,0.3051723992444391,2.722752964490492e-17,0.5256258405438952,0.16920176021166555
2009-05-28,1.5039289643925822e-16,0.3051723992444391,2.722752964490492e-17,0.5256258405438952,0.16920176021166555
2009-05-29,1.5039289643925822e-16,0.3051723992444391,2.722752964490492e-17,0.5256258405438952,0.16920176021166555
2009-06-01,1.5039289643925822e-16,0.3051723992444391,2.722752964490492e-17,0.5256258405438952,0.16920176021166555
2009-06-02,1.5039289643925822e-16,0.3051723992444391,2.722752964490492e-17,0.5256258405438952,0.16920176021166555
2009-06-03,1.5039289643925822e-16,0.3051723992444391,2.722752964490492e-17,0.5256258405438952,0.16920176021166555
2009-06-04,1.5039289643925822e-16,0.3051723992444391,2.722752964490492e-17,0.5256258405438952,0.16920176021166555
2009-06-05,2.2501442963663867e-17,0.3101505725479919,0.0,0.5398092597755153,0.15004016767649284
2009-06-08,2.2501442963663867e-17,0.3101505725479919,0.0,0.5398092597755153,0.15004016767649284
2009-06-09,2.2501442963663867e-17,0.3101505725479919,0.0,0.5398092597755153,0.15004016767649284
2009-06-10,2.2501442963663867e-17,0.3101505725479919,0.0,0.5398092597755153,0.15004016767649284
2009-06-12,2.2501442963663867e-17,0.3101505725479919,0.0,0.5398092597755153,0.15004016767649284
2009-06-15,2.2501442963663867e-17,0.3101505725479919,0.0,0.5398092597755153,0.15004016767649284
2009-06-16,2.2501442963663867e-17,0.3101505725479919,0.0,0.5398092597755153,0.15004016767649284
2009-06-17,2.2501442963663867e-17,0.3101505725479919,0.0,0.5398092597755153,0.15004016767649284
2009-06-18,2.2501442963663867e-17,0.3101505725479919,0.0,0.5398092597755153,0.15004016767649284
2009-06-19,2.2501442963663867e-17,0.3101505725479919,0.0,0.5398092597755153,0.15004016767649284
2009-06-22,2.2501442963663867e-17,0.3101505725479919,0.0,0.5398092597755153,0.15004016767649284
2009-06-23,2.2501442963663867e-17,0.3101505725479919,0.0,0.5398092597755153,0.15004016767649284
2009-06-24,2.2501442963663867e-17,0.3101505725479919,0.0,0.5398092597755153,0.15004016767649284
2009-06-25,2.2501442963663867e-17,0.3101505725479919,0.0,0.5398092597755153,0.15004016767649284
2009-06-26,2.2501442963663867e-17,0.3101505725479919,0.0,0.5398092597755153,0.15004016767649284
2009-06-29,2.2501442963663867e-17,0.3101505725479919,0.0,0.5398092597755153,0.15004016767649284
2009-06-30,2.2501442963663867e-17,0.3101505725479919,0.0,0.5398092597755153,0.15004016767649284
2009-07-01,2.2501442963663867e-17,0.3101505725479919,0.0,0.5398092597755153,0.15004016767649284
2009-07-02,2.2501442963663867e-17,0.3101505725479919,0.0,0.5398092597755153,0.15004016767649284
2009-07-06,2.2501442963663867e-17,0.3101505725479919,0.0,0.5398092597755153,0.15004016767649284
2009-07-07,2.2501442963663867e-17,0.3101505725479919,0.0,0.5398092597755153,0.15004016767649284
2009-07-08,0.0,0.3175377598254544,4.1097258577029066e-18,0.5464492309648188,0.1360130092097269
2009-07-10,0.0,0.3175377598254544,4.1097258577029066e-18,0.5464492309648188,0.1360130092097269
2009-07-13,0.0,0.3175377598254544,4.1097258577029066e-18,0.5464492309648188,0.1360130092097269
2009-07-14,0.0,0.3175377598254544,4.1097258577029066e-18,0.5464492309648188,0.1360130092097269
2009-07-15,0.0,0.3175377598254544,4.1097258577029066e-18,0.5464492309648188,0.1360130092097269
2009-07-16,0.0,0.3175377598254544,4.1097258577029066e-18,0.5464492309648188,0.1360130092097269
2009-07-17,0.0,0.3175377598254544,4.1097258577029066e-18,0.5464492309648188,0.1360130092097269
2009-07-20,0.0,0.3175377598254544,4.1097258577029066e-18,0.5464492309648188,0.1360130092097269
2009-07-21,0.0,0.3175377598254544,4.1097258577029066e-18,0.5464492309648188,0.1360130092097269
2009-07-22,0.0,0.3175377598254544,4.1097258577029066e-18,0.5464492309648188,0.1360130092097269
2009-07-23,0.0,0.3175377598254544,4.1097258577029066e-18,0.5464492309648188,0.1360130092097269
2009-07-24,0.0,0.3175377598254544,4.1097258577029066e-18,0.5464492309648188,0.1360130092097269
2009-07-27,0.0,0.3175377598254544,4.1097258577029066e-18,0.5464492309648188,0.1360130092097269
2009-07-28,0.0,0.3175377598254544,4.1097258577029066e-18,0.5464492309648188,0.1360130092097269
2009-07-29,0.0,0.3175377598254544,4.1097258577029066e-18,0.5464492309648188,0.1360130092097269
2009-07-30,0.0,0.3175377598254544,4.1097258577029066e-18,0.5464492309648188,0.1360130092097269
2009-07-31,0.0,0.3175377598254544,4.1097258577029066e-18,0.5464492309648188,0.1360130092097269
2009-08-03,0.0,0.3175377598254544,4.1097258577029066e-18,0.5464492309648188,0.1360130092097269
2009-08-04,0.0,0.3175377598254544,4.1097258577029066e-18,0.5464492309648188,0.1360130092097269
2009-08-05,0.0,0.3175377598254544,4.1097258577029066e-18,0.5464492309648188,0.1360130092097269
2009-08-06,0.0,0.3175377598254544,4.1097258577029066e-18,0.5464492309648188,0.1360130092097269
2009-08-07,0.0,0.32452137364600675,0.0,0.5531191509259832,0.12235947542801007
2009-08-10,0.0,0.32452137364600675,0.0,0.5531191509259832,0.12235947542801007
2009-08-11,0.0,0.32452137364600675,0.0,0.5531191509259832,0.12235947542801007
2009-08-12,0.0,0.32452137364600675,0.0,0.5531191509259832,0.12235947542801007
2009-08-13,0.0,0.32452137364600675,0.0,0.5531191509259832,0.12235947542801007
2009-08-14,0.0,0.32452137364600675,0.0,0.5531191509259832,0.12235947542801007
2009-08-17,0.0,0.32452137364600675,0.0,0.5531191509259832,0.12235947542801007
2009-08-18,0.0,0.32452137364600675,0.0,0.5531191509259832,0.12235947542801007
2009-08-19,0.0,0.32452137364600675,0.0,0.5531191509259832,0.12235947542801007
2009-08-20,0.0,0.32452137364600675,0.0,0.5531191509259832,0.12235947542801007
2009-08-21,0.0,0.32452137364600675,0.0,0.5531191509259832,0.12235947542801007
2009-08-24,0.0,0.32452137364600675,0.0,0.5531191509259832,0.12235947542801007
2009-08-25,0.0,0.32452137364600675,0.0,0.5531191509259832,0.12235947542801007
2009-08-26,0.0,0.32452137364600675,0.0,0.5531191509259832,0.12235947542801007
2009-08-27,0.0,0.32452137364600675,0.0,0.5531191509259832,0.12235947542801007
2009-08-28,0.0,0.32452137364600675,0.0,0.5531191509259832,0.12235947542801007
2009-08-31,0.0,0.32452137364600675,0.0,0.5531191509259832,0.12235947542801007
2009-09-01,0.0,0.32452137364600675,0.0,0.5531191509259832,0.12235947542801007
2009-09-02,0.0,0.32452137364600675,0.0,0.5531191509259832,0.12235947542801007
2009-09-03,0.0,0.32452137364600675,0.0,0.5531191509259832,0.12235947542801007
2009-09-04,0.0,0.32452137364600675,0.0,0.5531191509259832,0.12235947542801007
2009-09-08,0.0,0.34023518035007805,5.98402152953365e-17,0.563986603732375,0.09577821591754698
2009-09-09,0.0,0.34023518035007805,5.98402152953365e-17,0.563986603732375,0.09577821591754698
2009-09-10,0.0,0.34023518035007805,5.98402152953365e-17,0.563986603732375,0.09577821591754698
2009-09-11,0.0,0.34023518035007805,5.98402152953365e-17,0.563986603732375,0.09577821591754698
2009-09-14,0.0,0.34023518035007805,5.98402152953365e-17,0.563986603732375,0.09577821591754698
2009-09-15,0.0,0.34023518035007805,5.98402152953365e-17,0.563986603732375,0.09577821591754698
2009-09-16,0.0,0.34023518035007805,5.98402152953365e-17,0.563986603732375,0.09577821591754698
2009-09-17,0.0,0.34023518035007805,5.98402152953365e-17,0.563986603732375,0.09577821591754698
2009-09-18,0.0,0.34023518035007805,5.98402152953365e-17,0.563986603732375,0.09577821591754698
2009-09-21,0.0,0.34023518035007805,5.98402152953365e-17,0.563986603732375,0.09577821591754698
2009-09-22,0.0,0.34023518035007805,5.98402152953365e-17,0.563986603732375,0.09577821591754698
2009-09-23,0.0,0.34023518035007805,5.98402152953365e-17,0.563986603732375,0.09577821591754698
2009-09-24,0.0,0.34023518035007805,5.98402152953365e-17,0.563986603732375,0.09577821591754698
2009-09-25,0.0,0.34023518035007805,5.98402152953365e-17,0.563986603732375,0.09577821591754698
2009-09-28,0.0,0.34023518035007805,5.98402152953365e-17,0.563986603732375,0.09577821591754698
2009-09-29,0.0,0.34023518035007805,5.98402152953365e-17,0.563986603732375,0.09577821591754698
2009-09-30,0.0,0.34023518035007805,5.98402152953365e-17,0.563986603732375,0.09577821591754698
2009-10-01,0.0,0.34023518035007805,5.98402152953365e-17,0.563986603732375,0.09577821591754698
2009-10-02,0.0,0.34023518035007805,5.98402152953365e-17,0.563986603732375,0.09577821591754698
2009-10-05,0.0,0.34023518035007805,5.98402152953365e-17,0.563986603732375,0.09577821591754698
2009-10-06,0.0,0.34023518035007805,5.98402152953365e-17,0.563986603732375,0.09577821591754698
2009-10-07,0.0028644410861295992,0.35485998141041336,8.357478551560245e-18,0.5758106386363542,0.06646493886710289
2009-10-08,0.0028644410861295992,0.35485998141041336,8.357478551560245e-18,0.5758106386363542,0.06646493886710289
2009-10-09,0.0028644410861295992,0.35485998141041336,8.357478551560245e-18,0.5758106386363542,0.06646493886710289
2009-10-13,0.0028644410861295992,0.35485998141041336,8.357478551560245e-18,0.5758106386363542,0.06646493886710289
2009-10-14,0.0028644410861295992,0.35485998141041336,8.357478551560245e-18,0.5758106386363542,0.06646493886710289
2009-10-15,0.0028644410861295992,0.35485998141041336,8.357478551560245e-18,0.5758106386363542,0.06646493886710289
2009-10-16,0.0028644410861295992,0.35485998141041336,8.357478551560245e-18,0.5758106386363542,0.06646493886710289
2009-10-19,0.0028644410861295992,0.35485998141041336,8.357478551560245e-18,0.5758106386363542,0.06646493886710289
2009-10-20,0.0028644410861295992,0.35485998141041336,8.357478551560245e-18,0.5758106386363542,0.06646493886710289
2009-10-21,0.0028644410861295992,0.35485998141041336,8.357478551560245e-18,0.5758106386363542,0.06646493886710289
2009-10-22,0.0028644410861295992,0.35485998141041336,8.357478551560245e-18,0.5758106386363542,0.06646493886710289
2009-10-23,0.0028644410861295992,0.35485998141041336,8.357478551560245e-18,0.5758106386363542,0.06646493886710289
2009-10-26,0.0028644410861295992,0.35485998141041336,8.357478551560245e-18,0.5758106386363542,0.06646493886710289
2009-10-27,0.0028644410861295992,0.35485998141041336,8.357478551560245e-18,0.5758106386363542,0.06646493886710289
2009-10-28,0.0028644410861295992,0.35485998141041336,8.357478551560245e-18,0.5758106386363542,0.06646493886710289
2009-10-29,0.0028644410861295992,0.35485998141041336,8.357478551560245e-18,0.5758106386363542,0.06646493886710289
2009-10-30,0.0028644410861295992,0.35485998141041336,8.357478551560245e-18,0.5758106386363542,0.06646493886710289
2009-11-03,0.0028644410861295992,0.35485998141041336,8.357478551560245e-18,0.5758106386363542,0.06646493886710289
2009-11-04,0.0028644410861295992,0.35485998141041336,8.357478551560245e-18,0.5758106386363542,0.06646493886710289
2009-11-05,0.0028644410861295992,0.35485998141041336,8.357478551560245e-18,0.5758106386363542,0.06646493886710289
2009-11-06,0.0028644410861295992,0.35485998141041336,8.357478551560245e-18,0.5758106386363542,0.06646493886710289
2009-11-09,3.995629361485378e-17,0.2742843833880033,1.1350795762946875e-18,0.5896342475139064,0.1360813690980903
2009-11-10,3.995629361485378e-17,0.2742843833880033,1.1350795762946875e-18,0.5896342475139064,0.1360813690980903
2009-11-11,3.995629361485378e-17,0.2742843833880033,1.1350795762946875e-18,0.5896342475139064,0.1360813690980903
2009-11-12,3.995629361485378e-17,0.2742843833880033,1.1350795762946875e-18,0.5896342475139064,0.1360813690980903
2009-11-13,3.995629361485378e-17,0.2742843833880033,1.1350795762946875e-18,0.5896342475139064,0.1360813690980903
2009-11-16,3.995629361485378e-17,0.2742843833880033,1.1350795762946875e-18,0.5896342475139064,0.1360813690980903
2009-11-17,3.995629361485378e-17,0.2742843833880033,1.1350795762946875e-18,0.5896342475139064,0.1360813690980903
2009-11-18,3.995629361485378e-17,0.2742843833880033,1.1350795762946875e-18,0.5896342475139064,0.1360813690980903
2009-11-19,3.995629361485378e-17,0.2742843833880033,1.1350795762946875e-18,0.5896342475139064,0.1360813690980903
2009-11-23,3.995629361485378e-17,0.2742843833880033,1.1350795762946875e-18,0.5896342475139064,0.1360813690980903
2009-11-24,3.995629361485378e-17,0.2742843833880033,1.1350795762946875e-18,0.5896342475139064,0.1360813690980903
2009-11-25,3.995629361485378e-17,0.2742843833880033,1.1350795762946875e-18,0.5896342475139064,0.1360813690980903
2009-11-27,3.995629361485378e-17,0.2742843833880033,1.1350795762946875e-18,0.5896342475139064,0.1360813690980903
2009-11-30,3.995629361485378e-17,0.2742843833880033,1.1350795762946875e-18,0.5896342475139064,0.1360813690980903
2009-12-01,3.995629361485378e-17,0.2742843833880033,1.1350795762946875e-18,0.5896342475139064,0.1360813690980903
2009-12-02,3.995629361485378e-17,0.2742843833880033,1.1350795762946875e-18,0.5896342475139064,0.1360813690980903
2009-12-03,3.995629361485378e-17,0.2742843833880033,1.1350795762946875e-18,0.5896342475139064,0.1360813690980903
2009-12-04,3.995629361485378e-17,0.2742843833880033,1.1350795762946875e-18,0.5896342475139064,0.1360813690980903
2009-12-07,3.995629361485378e-17,0.2742843833880033,1.1350795762946875e-18,0.5896342475139064,0.1360813690980903
2009-12-08,3.995629361485378e-17,0.2742843833880033,1.1350795762946875e-18,0.5896342475139064,0.1360813690980903
2009-12-09,3.995629361485378e-17,0.2742843833880033,1.1350795762946875e-18,0.5896342475139064,0.1360813690980903
2009-12-10,0.0,0.2873038525345401,0.0,0.5535513638949495,0.15914478357051032
2009-12-11,0.0,0.2873038525345401,0.0,0.5535513638949495,0.15914478357051032
2009-12-14,0.0,0.2873038525345401,0.0,0.5535513638949495,0.15914478357051032
2009-12-15,0.0,0.2873038525345401,0.0,0.5535513638949495,0.15914478357051032
2009-12-16,0.0,0.2873038525345401,0.0,0.5535513638949495,0.15914478357051032
2009-12-17,0.0,0.2873038525345401,0.0,0.5535513638949495,0.15914478357051032
2009-12-18,0.0,0.2873038525345401,0.0,0.5535513638949495,0.15914478357051032
2009-12-21,0.0,0.2873038525345401,0.0,0.5535513638949495,0.15914478357051032
2009-12-22,0.0,0.2873038525345401,0.0,0.5535513638949495,0.15914478357051032
2009-12-23,0.0,0.2873038525345401,0.0,0.5535513638949495,0.15914478357051032
2009-12-28,0.0,0.2873038525345401,0.0,0.5535513638949495,0.15914478357051032
2009-12-29,0.0,0.2873038525345401,0.0,0.5535513638949495,0.15914478357051032
2009-12-30,0.0,0.2873038525345401,0.0,0.5535513638949495,0.15914478357051032
2010-01-04,0.0,0.2873038525345401,0.0,0.5535513638949495,0.15914478357051032
2010-01-05,0.0,0.2873038525345401,0.0,0.5535513638949495,0.15914478357051032
2010-01-06,0.0,0.2873038525345401,0.0,0.5535513638949495,0.15914478357051032
2010-01-07,0.0,0.2873038525345401,0.0,0.5535513638949495,0.15914478357051032
2010-01-08,0.0,0.2873038525345401,0.0,0.5535513638949495,0.15914478357051032
2010-01-11,0.0,0.2873038525345401,0.0,0.5535513638949495,0.15914478357051032
2010-01-12,0.0,0.2873038525345401,0.0,0.5535513638949495,0.15914478357051032
2010-01-13,0.0,0.2873038525345401,0.0,0.5535513638949495,0.15914478357051032
2010-01-14,0.03433602398114657,0.18863201455626666,3.689472117682246e-18,0.4716681319325676,0.3053638295300191
2010-01-15,0.03433602398114657,0.18863201455626666,3.689472117682246e-18,0.4716681319325676,0.3053638295300191
2010-01-19,0.03433602398114657,0.18863201455626666,3.689472117682246e-18,0.4716681319325676,0.3053638295300191
2010-01-20,0.03433602398114657,0.18863201455626666,3.689472117682246e-18,0.4716681319325676,0.3053638295300191
2010-01-21,0.03433602398114657,0.18863201455626666,3.689472117682246e-18,0.4716681319325676,0.3053638295300191
2010-01-22,0.03433602398114657,0.18863201455626666,3.689472117682246e-18,0.4716681319325676,0.3053638295300191
2010-01-26,0.03433602398114657,0.18863201455626666,3.689472117682246e-18,0.4716681319325676,0.3053638295300191
2010-01-27,0.03433602398114657,0.18863201455626666,3.689472117682246e-18,0.4716681319325676,0.3053638295300191
2010-01-28,0.03433602398114657,0.18863201455626666,3.689472117682246e-18,0.4716681319325676,0.3053638295300191
2010-01-29,0.03433602398114657,0.18863201455626666,3.689472117682246e-18,0.4716681319325676,0.3053638295300191
2010-02-01,0.03433602398114657,0.18863201455626666,3.689472117682246e-18,0.4716681319325676,0.3053638295300191
2010-02-02,0.03433602398114657,0.18863201455626666,3.689472117682246e-18,0.4716681319325676,0.3053638295300191
2010-02-03,0.03433602398114657,0.18863201455626666,3.689472117682246e-18,0.4716681319325676,0.3053638295300191
2010-02-04,0.03433602398114657,0.18863201455626666,3.689472117682246e-18,0.4716681319325676,0.3053638295300191
2010-02-05,0.03433602398114657,0.18863201455626666,3.689472117682246e-18,0.4716681319325676,0.3053638295300191
2010-02-08,0.03433602398114657,0.18863201455626666,3.689472117682246e-18,0.4716681319325676,0.3053638295300191
2010-02-09,0.03433602398114657,0.18863201455626666,3.689472117682246e-18,0.4716681319325676,0.3053638295300191
2010-02-10,0.03433602398114657,0.18863201455626666,3.689472117682246e-18,0.4716681319325676,0.3053638295300191
2010-02-11,0.03433602398114657,0.18863201455626666,3.689472117682246e-18,0.4716681319325676,0.3053638295300191
2010-02-12,0.03433602398114657,0.18863201455626666,3.689472117682246e-18,0.4716681319325676,0.3053638295300191
2010-02-17,0.03433602398114657,0.18863201455626666,3.689472117682246e-18,0.4716681319325676,0.3053638295300191
2010-02-18,0.15280716074771103,0.05297156320545804,0.0,0.46585229087024593,0.3283689851765851
2010-02-19,0.15280716074771103,0.05297156320545804,0.0,0.46585229087024593,0.3283689851765851
2010-02-22,0.15280716074771103,0.05297156320545804,0.0,0.46585229087024593,0.3283689851765851
2010-02-23,0.15280716074771103,0.05297156320545804,0.0,0.46585229087024593,0.3283689851765851
2010-02-24,0.15280716074771103,0.05297156320545804,0.0,0.46585229087024593,0.3283689851765851
2010-02-25,0.15280716074771103,0.05297156320545804,0.0,0.46585229087024593,0.3283689851765851
2010-02-26,0.15280716074771103,0.05297156320545804,0.0,0.46585229087024593,0.3283689851765851
2010-03-01,0.15280716074771103,0.05297156320545804,0.0,0.46585229087024593,0.3283689851765851
2010-03-02,0.15280716074771103,0.05297156320545804,0.0,0.46585229087024593,0.3283689851765851
2010-03-03,0.15280716074771103,0.05297156320545804,0.0,0.46585229087024593,0.3283689851765851
2010-03-04,0.15280716074771103,0.05297156320545804,0.0,0.46585229087024593,0.3283689851765851
2010-03-05,0.15280716074771103,0.05297156320545804,0.0,0.46585229087024593,0.3283689851765851
2010-03-08,0.15280716074771103,0.05297156320545804,0.0,0.46585229087024593,0.3283689851765851
2010-03-09,0.15280716074771103,0.05297156320545804,0.0,0.46585229087024593,0.3283689851765851
2010-03-10,0.15280716074771103,0.05297156320545804,0.0,0.46585229087024593,0.3283689851765851
2010-03-11,0.15280716074771103,0.05297156320545804,0.0,0.46585229087024593,0.3283689851765851
2010-03-12,0.15280716074771103,0.05297156320545804,0.0,0.46585229087024593,0.3283689851765851
2010-03-15,0.15280716074771103,0.05297156320545804,0.0,0.46585229087024593,0.3283689851765851
2010-03-16,0.15280716074771103,0.05297156320545804,0.0,0.46585229087024593,0.3283689851765851
2010-03-17,0.15280716074771103,0.05297156320545804,0.0,0.46585229087024593,0.3283689851765851
2010-03-18,0.15280716074771103,0.05297156320545804,0.0,0.46585229087024593,0.3283689851765851
2010-03-19,0.0670126626670998,0.08210737672327942,6.648889704353529e-18,0.4814150410721683,0.3694649195374525
2010-03-22,0.0670126626670998,0.08210737672327942,6.648889704353529e-18,0.4814150410721683,0.3694649195374525
2010-03-23,0.0670126626670998,0.08210737672327942,6.648889704353529e-18,0.4814150410721683,0.3694649195374525
2010-03-24,0.0670126626670998,0.08210737672327942,6.648889704353529e-18,0.4814150410721683,0.3694649195374525
2010-03-25,0.0670126626670998,0.08210737672327942,6.648889704353529e-18,0.4814150410721683,0.3694649195374525
2010-03-26,0.0670126626670998,0.08210737672327942,6.648889704353529e-18,0.4814150410721683,0.3694649195374525
2010-03-29,0.0670126626670998,0.08210737672327942,6.648889704353529e-18,0.4814150410721683,0.3694649195374525
2010-03-30,0.0670126626670998,0.08210737672327942,6.648889704353529e-18,0.4814150410721683,0.3694649195374525
2010-03-31,0.0670126626670998,0.08210737672327942,6.648889704353529e-18,0.4814150410721683,0.3694649195374525
2010-04-01,0.0670126626670998,0.08210737672327942,6.648889704353529e-18,0.4814150410721683,0.3694649195374525
2010-04-05,0.0670126626670998,0.08210737672327942,6.648889704353529e-18,0.4814150410721683,0.3694649195374525
2010-04-06,0.0670126626670998,0.08210737672327942,6.648889704353529e-18,0.4814150410721683,0.3694649195374525
2010-04-07,0.0670126626670998,0.08210737672327942,6.648889704353529e-18,0.4814150410721683,0.3694649195374525
2010-04-08,0.0670126626670998,0.08210737672327942,6.648889704353529e-18,0.4814150410721683,0.3694649195374525
2010-04-09,0.0670126626670998,0.08210737672327942,6.648889704353529e-18,0.4814150410721683,0.3694649195374525
2010-04-12,0.0670126626670998,0.08210737672327942,6.648889704353529e-18,0.4814150410721683,0.3694649195374525
2010-04-13,0.0670126626670998,0.08210737672327942,6.648889704353529e-18,0.4814150410721683,0.3694649195374525
2010-04-14,0.0670126626670998,0.08210737672327942,6.648889704353529e-18,0.4814150410721683,0.3694649195374525
2010-04-15,0.0670126626670998,0.08210737672327942,6.648889704353529e-18,0.4814150410721683,0.3694649195374525
2010-04-16,0.0670126626670998,0.08210737672327942,6.648889704353529e-18,0.4814150410721683,0.3694649195374525
2010-04-19,0.0670126626670998,0.08210737672327942,6.648889704353529e-18,0.4814150410721683,0.3694649195374525
2010-04-20,0.06647816109276694,0.05359390566013636,0.0,0.37856489755030764,0.5013630356967891
2010-04-22,0.06647816109276694,0.05359390566013636,0.0,0.37856489755030764,0.5013630356967891
2010-04-23,0.06647816109276694,0.05359390566013636,0.0,0.37856489755030764,0.5013630356967891
2010-04-26,0.06647816109276694,0.05359390566013636,0.0,0.37856489755030764,0.5013630356967891
2010-04-27,0.06647816109276694,0.05359390566013636,0.0,0.37856489755030764,0.5013630356967891
2010-04-28,0.06647816109276694,0.05359390566013636,0.0,0.37856489755030764,0.5013630356967891
2010-04-29,0.06647816109276694,0.05359390566013636,0.0,0.37856489755030764,0.5013630356967891
2010-04-30,0.06647816109276694,0.05359390566013636,0.0,0.37856489755030764,0.5013630356967891
2010-05-03,0.06647816109276694,0.05359390566013636,0.0,0.37856489755030764,0.5013630356967891
2010-05-04,0.06647816109276694,0.05359390566013636,0.0,0.37856489755030764,0.5013630356967891
2010-05-05,0.06647816109276694,0.05359390566013636,0.0,0.37856489755030764,0.5013630356967891
2010-05-06,0.06647816109276694,0.05359390566013636,0.0,0.37856489755030764,0.5013630356967891
2010-05-07,0.06647816109276694,0.05359390566013636,0.0,0.37856489755030764,0.5013630356967891
2010-05-10,0.06647816109276694,0.05359390566013636,0.0,0.37856489755030764,0.5013630356967891
2010-05-11,0.06647816109276694,0.05359390566013636,0.0,0.37856489755030764,0.5013630356967891
2010-05-12,0.06647816109276694,0.05359390566013636,0.0,0.37856489755030764,0.5013630356967891
2010-05-13,0.06647816109276694,0.05359390566013636,0.0,0.37856489755030764,0.5013630356967891
2010-05-14,0.06647816109276694,0.05359390566013636,0.0,0.37856489755030764,0.5013630356967891
2010-05-17,0.06647816109276694,0.05359390566013636,0.0,0.37856489755030764,0.5013630356967891
2010-05-18,0.06647816109276694,0.05359390566013636,0.0,0.37856489755030764,0.5013630356967891
2010-05-19,0.06647816109276694,0.05359390566013636,0.0,0.37856489755030764,0.5013630356967891
2010-05-20,0.11185525893205864,0.02782023381276634,0.0,0.3759097707159337,0.48441473653924133
2010-05-21,0.11185525893205864,0.02782023381276634,0.0,0.3759097707159337,0.48441473653924133
2010-05-24,0.11185525893205864,0.02782023381276634,0.0,0.3759097707159337,0.48441473653924133
2010-05-25,0.11185525893205864,0.02782023381276634,0.0,0.3759097707159337,0.48441473653924133
2010-05-26,0.11185525893205864,0.02782023381276634,0.0,0.3759097707159337,0.48441473653924133
2010-05-27,0.11185525893205864,0.02782023381276634,0.0,0.3759097707159337,0.48441473653924133
2010-05-28,0.11185525893205864,0.02782023381276634,0.0,0.3759097707159337,0.48441473653924133
2010-06-01,0.11185525893205864,0.02782023381276634,0.0,0.3759097707159337,0.48441473653924133
2010-06-02,0.11185525893205864,0.02782023381276634,0.0,0.3759097707159337,0.48441473653924133
2010-06-04,0.11185525893205864,0.02782023381276634,0.0,0.3759097707159337,0.48441473653924133
2010-06-07,0.11185525893205864,0.02782023381276634,0.0,0.3759097707159337,0.48441473653924133
2010-06-08,0.11185525893205864,0.02782023381276634,0.0,0.3759097707159337,0.48441473653924133
2010-06-09,0.11185525893205864,0.02782023381276634,0.0,0.3759097707159337,0.48441473653924133
2010-06-10,0.11185525893205864,0.02782023381276634,0.0,0.3759097707159337,0.48441473653924133
2010-06-11,0.11185525893205864,0.02782023381276634,0.0,0.3759097707159337,0.48441473653924133
2010-06-14,0.11185525893205864,0.02782023381276634,0.0,0.3759097707159337,0.48441473653924133
2010-06-15,0.11185525893205864,0.02782023381276634,0.0,0.3759097707159337,0.48441473653924133
2010-06-16,0.11185525893205864,0.02782023381276634,0.0,0.3759097707159337,0.48441473653924133
2010-06-17,0.11185525893205864,0.02782023381276634,0.0,0.3759097707159337,0.48441473653924133
2010-06-18,0.11185525893205864,0.02782023381276634,0.0,0.3759097707159337,0.48441473653924133
2010-06-21,0.11185525893205864,0.02782023381276634,0.0,0.3759097707159337,0.48441473653924133
2010-06-22,0.1435585527436188,0.04219834511035263,2.028990551859605e-17,0.3713792429281987,0.4428638592178299
2010-06-23,0.1435585527436188,0.04219834511035263,2.028990551859605e-17,0.3713792429281987,0.4428638592178299
2010-06-24,0.1435585527436188,0.04219834511035263,2.028990551859605e-17,0.3713792429281987,0.4428638592178299
2010-06-25,0.1435585527436188,0.04219834511035263,2.028990551859605e-17,0.3713792429281987,0.4428638592178299
2010-06-28,0.1435585527436188,0.04219834511035263,2.028990551859605e-17,0.3713792429281987,0.4428638592178299
2010-06-29,0.1435585527436188,0.04219834511035263,2.028990551859605e-17,0.3713792429281987,0.4428638592178299
2010-06-30,0.1435585527436188,0.04219834511035263,2.028990551859605e-17,0.3713792429281987,0.4428638592178299
2010-07-01,0.1435585527436188,0.04219834511035263,2.028990551859605e-17,0.3713792429281987,0.4428638592178299
2010-07-02,0.1435585527436188,0.04219834511035263,2.028990551859605e-17,0.3713792429281987,0.4428638592178299
2010-07-06,0.1435585527436188,0.04219834511035263,2.028990551859605e-17,0.3713792429281987,0.4428638592178299
2010-07-07,0.1435585527436188,0.04219834511035263,2.028990551859605e-17,0.3713792429281987,0.4428638592178299
2010-07-08,0.1435585527436188,0.04219834511035263,2.028990551859605e-17,0.3713792429281987,0.4428638592178299
2010-07-12,0.1435585527436188,0.04219834511035263,2.028990551859605e-17,0.3713792429281987,0.4428638592178299
2010-07-13,0.1435585527436188,0.04219834511035263,2.028990551859605e-17,0.3713792429281987,0.4428638592178299
2010-07-14,0.1435585527436188,0.04219834511035263,2.028990551859605e-17,0.3713792429281987,0.4428638592178299
2010-07-15,0.1435585527436188,0.04219834511035263,2.028990551859605e-17,0.3713792429281987,0.4428638592178299
2010-07-16,0.1435585527436188,0.04219834511035263,2.028990551859605e-17,0.3713792429281987,0.4428638592178299
2010-07-19,0.1435585527436188,0.04219834511035263,2.028990551859605e-17,0.3713792429281987,0.4428638592178299
2010-07-20,0.1435585527436188,0.04219834511035263,2.028990551859605e-17,0.3713792429281987,0.4428638592178299
2010-07-21,0.1435585527436188,0.04219834511035263,2.028990551859605e-17,0.3713792429281987,0.4428638592178299
2010-07-22,0.1435585527436188,0.04219834511035263,2.028990551859605e-17,0.3713792429281987,0.4428638592178299
2010-07-23,0.06593577258206218,0.13264362959237463,0.0,0.38616388710759786,0.4152567107179654
2010-07-26,0.06593577258206218,0.13264362959237463,0.0,0.38616388710759786,0.4152567107179654
2010-07-27,0.06593577258206218,0.13264362959237463,0.0,0.38616388710759786,0.4152567107179654
2010-07-28,0.06593577258206218,0.13264362959237463,0.0,0.38616388710759786,0.4152567107179654
2010-07-29,0.06593577258206218,0.13264362959237463,0.0,0.38616388710759786,0.4152567107179654
2010-07-30,0.06593577258206218,0.13264362959237463,0.0,0.38616388710759786,0.4152567107179654
2010-08-02,0.06593577258206218,0.13264362959237463,0.0,0.38616388710759786,0.4152567107179654
2010-08-03,0.06593577258206218,0.13264362959237463,0.0,0.38616388710759786,0.4152567107179654
2010-08-04,0.06593577258206218,0.13264362959237463,0.0,0.38616388710759786,0.4152567107179654
2010-08-05,0.06593577258206218,0.13264362959237463,0.0,0.38616388710759786,0.4152567107179654
2010-08-06,0.06593577258206218,0.13264362959237463,0.0,0.38616388710759786,0.4152567107179654
2010-08-09,0.06593577258206218,0.13264362959237463,0.0,0.38616388710759786,0.4152567107179654
2010-08-10,0.06593577258206218,0.13264362959237463,0.0,0.38616388710759786,0.4152567107179654
2010-08-11,0.06593577258206218,0.13264362959237463,0.0,0.38616388710759786,0.4152567107179654
2010-08-12,0.06593577258206218,0.13264362959237463,0.0,0.38616388710759786,0.4152567107179654
2010-08-13,0.06593577258206218,0.13264362959237463,0.0,0.38616388710759786,0.4152567107179654
2010-08-16,0.06593577258206218,0.13264362959237463,0.0,0.38616388710759786,0.4152567107179654
2010-08-17,0.06593577258206218,0.13264362959237463,0.0,0.38616388710759786,0.4152567107179654
2010-08-18,0.06593577258206218,0.13264362959237463,0.0,0.38616388710759786,0.4152567107179654
2010-08-19,0.06593577258206218,0.13264362959237463,0.0,0.38616388710759786,0.4152567107179654
2010-08-20,0.06593577258206218,0.13264362959237463,0.0,0.38616388710759786,0.4152567107179654
2010-08-23,0.09142556179713968,0.11378571408071211,0.0,0.38982325590912564,0.40496546821302265
2010-08-24,0.09142556179713968,0.11378571408071211,0.0,0.38982325590912564,0.40496546821302265
2010-08-25,0.09142556179713968,0.11378571408071211,0.0,0.38982325590912564,0.40496546821302265
2010-08-26,0.09142556179713968,0.11378571408071211,0.0,0.38982325590912564,0.40496546821302265
2010-08-27,0.09142556179713968,0.11378571408071211,0.0,0.38982325590912564,0.40496546821302265
2010-08-30,0.09142556179713968,0.11378571408071211,0.0,0.38982325590912564,0.40496546821302265
2010-08-31,0.09142556179713968,0.11378571408071211,0.0,0.38982325590912564,0.40496546821302265
2010-09-01,0.09142556179713968,0.11378571408071211,0.0,0.38982325590912564,0.40496546821302265
2010-09-02,0.09142556179713968,0.11378571408071211,0.0,0.38982325590912564,0.40496546821302265
2010-09-03,0.09142556179713968,0.11378571408071211,0.0,0.38982325590912564,0.40496546821302265
2010-09-08,0.09142556179713968,0.11378571408071211,0.0,0.38982325590912564,0.40496546821302265
2010-09-09,0.09142556179713968,0.11378571408071211,0.0,0.38982325590912564,0.40496546821302265
2010-09-10,0.09142556179713968,0.11378571408071211,0.0,0.38982325590912564,0.40496546821302265
2010-09-13,0.09142556179713968,0.11378571408071211,0.0,0.38982325590912564,0.40496546821302265
2010-09-14,0.09142556179713968,0.11378571408071211,0.0,0.38982325590912564,0.40496546821302265
2010-09-15,0.09142556179713968,0.11378571408071211,0.0,0.38982325590912564,0.40496546821302265
2010-09-16,0.09142556179713968,0.11378571408071211,0.0,0.38982325590912564,0.40496546821302265
2010-09-17,0.09142556179713968,0.11378571408071211,0.0,0.38982325590912564,0.40496546821302265
2010-09-20,0.09142556179713968,0.11378571408071211,0.0,0.38982325590912564,0.40496546821302265
2010-09-21,0.09142556179713968,0.11378571408071211,0.0,0.38982325590912564,0.40496546821302265
2010-09-22,0.09142556179713968,0.11378571408071211,0.0,0.38982325590912564,0.40496546821302265
2010-09-23,0.07671826372103913,0.120023680089118,7.74783458154981e-18,0.4089062176338886,0.39435183855595435
2010-09-24,0.07671826372103913,0.120023680089118,7.74783458154981e-18,0.4089062176338886,0.39435183855595435
2010-09-27,0.07671826372103913,0.120023680089118,7.74783458154981e-18,0.4089062176338886,0.39435183855595435
2010-09-28,0.07671826372103913,0.120023680089118,7.74783458154981e-18,0.4089062176338886,0.39435183855595435
2010-09-29,0.07671826372103913,0.120023680089118,7.74783458154981e-18,0.4089062176338886,0.39435183855595435
2010-09-30,0.07671826372103913,0.120023680089118,7.74783458154981e-18,0.4089062176338886,0.39435183855595435
2010-10-01,0.07671826372103913,0.120023680089118,7.74783458154981e-18,0.4089062176338886,0.39435183855595435
2010-10-04,0.07671826372103913,0.120023680089118,7.74783458154981e-18,0.4089062176338886,0.39435183855595435
2010-10-05,0.07671826372103913,0.120023680089118,7.74783458154981e-18,0.4089062176338886,0.39435183855595435
2010-10-06,0.07671826372103913,0.120023680089118,7.74783458154981e-18,0.4089062176338886,0.39435183855595435
2010-10-07,0.07671826372103913,0.120023680089118,7.74783458154981e-18,0.4089062176338886,0.39435183855595435
2010-10-08,0.07671826372103913,0.120023680089118,7.74783458154981e-18,0.4089062176338886,0.39435183855595435
2010-10-11,0.07671826372103913,0.120023680089118,7.74783458154981e-18,0.4089062176338886,0.39435183855595435
2010-10-13,0.07671826372103913,0.120023680089118,7.74783458154981e-18,0.4089062176338886,0.39435183855595435
2010-10-14,0.07671826372103913,0.120023680089118,7.74783458154981e-18,0.4089062176338886,0.39435183855595435
2010-10-15,0.07671826372103913,0.120023680089118,7.74783458154981e-18,0.4089062176338886,0.39435183855595435
2010-10-18,0.07671826372103913,0.120023680089118,7.74783458154981e-18,0.4089062176338886,0.39435183855595435
2010-10-19,0.07671826372103913,0.120023680089118,7.74783458154981e-18,0.4089062176338886,0.39435183855595435
2010-10-20,0.07671826372103913,0.120023680089118,7.74783458154981e-18,0.4089062176338886,0.39435183855595435
2010-10-21,0.07671826372103913,0.120023680089118,7.74783458154981e-18,0.4089062176338886,0.39435183855595435
2010-10-22,0.07671826372103913,0.120023680089118,7.74783458154981e-18,0.4089062176338886,0.39435183855595435
2010-10-25,0.021245038376941375,0.167503711119086,0.0,0.3954454144859161,0.41580583601805654
2010-10-26,0.021245038376941375,0.167503711119086,0.0,0.3954454144859161,0.41580583601805654
2010-10-27,0.021245038376941375,0.167503711119086,0.0,0.3954454144859161,0.41580583601805654
2010-10-28,0.021245038376941375,0.167503711119086,0.0,0.3954454144859161,0.41580583601805654
2010-10-29,0.021245038376941375,0.167503711119086,0.0,0.3954454144859161,0.41580583601805654
2010-11-01,0.021245038376941375,0.167503711119086,0.0,0.3954454144859161,0.41580583601805654
2010-11-03,0.021245038376941375,0.167503711119086,0.0,0.3954454144859161,0.41580583601805654
2010-11-04,0.021245038376941375,0.167503711119086,0.0,0.3954454144859161,0.41580583601805654
2010-11-05,0.021245038376941375,0.167503711119086,0.0,0.3954454144859161,0.41580583601805654
2010-11-08,0.021245038376941375,0.167503711119086,0.0,0.3954454144859161,0.41580583601805654
2010-11-09,0.021245038376941375,0.167503711119086,0.0,0.3954454144859161,0.41580583601805654
2010-11-10,0.021245038376941375,0.167503711119086,0.0,0.3954454144859161,0.41580583601805654
2010-11-11,0.021245038376941375,0.167503711119086,0.0,0.3954454144859161,0.41580583601805654
2010-11-12,0.021245038376941375,0.167503711119086,0.0,0.3954454144859161,0.41580583601805654
2010-11-16,0.021245038376941375,0.167503711119086,0.0,0.3954454144859161,0.41580583601805654
2010-11-17,0.021245038376941375,0.167503711119086,0.0,0.3954454144859161,0.41580583601805654
2010-11-18,0.021245038376941375,0.167503711119086,0.0,0.3954454144859161,0.41580583601805654
2010-11-19,0.021245038376941375,0.167503711119086,0.0,0.3954454144859161,0.41580583601805654
2010-11-22,0.021245038376941375,0.167503711119086,0.0,0.3954454144859161,0.41580583601805654
2010-11-23,0.021245038376941375,0.167503711119086,0.0,0.3954454144859161,0.41580583601805654
2010-11-24,0.021245038376941375,0.167503711119086,0.0,0.3954454144859161,0.41580583601805654
2010-11-26,5.616966574320466e-19,0.2141735943531408,9.235314037316082e-18,0.37225608498592927,0.41357032066093
2010-11-29,5.616966574320466e-19,0.2141735943531408,9.235314037316082e-18,0.37225608498592927,0.41357032066093
2010-11-30,5.616966574320466e-19,0.2141735943531408,9.235314037316082e-18,0.37225608498592927,0.41357032066093
2010-12-01,5.616966574320466e-19,0.2141735943531408,9.235314037316082e-18,0.37225608498592927,0.41357032066093
2010-12-02,5.616966574320466e-19,0.2141735943531408,9.235314037316082e-18,0.37225608498592927,0.41357032066093
2010-12-03,5.616966574320466e-19,0.2141735943531408,9.235314037316082e-18,0.37225608498592927,0.41357032066093
2010-12-06,5.616966574320466e-19,0.2141735943531408,9.235314037316082e-18,0.37225608498592927,0.41357032066093
2010-12-07,5.616966574320466e-19,0.2141735943531408,9.235314037316082e-18,0.37225608498592927,0.41357032066093
2010-12-08,5.616966574320466e-19,0.2141735943531408,9.235314037316082e-18,0.37225608498592927,0.41357032066093
2010-12-09,5.616966574320466e-19,0.2141735943531408,9.235314037316082e-18,0.37225608498592927,0.41357032066093
2010-12-10,5.616966574320466e-19,0.2141735943531408,9.235314037316082e-18,0.37225608498592927,0.41357032066093
2010-12-13,5.616966574320466e-19,0.2141735943531408,9.235314037316082e-18,0.37225608498592927,0.41357032066093
2010-12-14,5.616966574320466e-19,0.2141735943531408,9.235314037316082e-18,0.37225608498592927,0.41357032066093
2010-12-15,5.616966574320466e-19,0.2141735943531408,9.235314037316082e-18,0.37225608498592927,0.41357032066093
2010-12-16,5.616966574320466e-19,0.2141735943531408,9.235314037316082e-18,0.37225608498592927,0.41357032066093
2010-12-17,5.616966574320466e-19,0.2141735943531408,9.235314037316082e-18,0.37225608498592927,0.41357032066093
2010-12-20,5.616966574320466e-19,0.2141735943531408,9.235314037316082e-18,0.37225608498592927,0.41357032066093
2010-12-21,5.616966574320466e-19,0.2141735943531408,9.235314037316082e-18,0.37225608498592927,0.41357032066093
2010-12-22,5.616966574320466e-19,0.2141735943531408,9.235314037316082e-18,0.37225608498592927,0.41357032066093
2010-12-23,5.616966574320466e-19,0.2141735943531408,9.235314037316082e-18,0.37225608498592927,0.41357032066093
2010-12-27,5.616966574320466e-19,0.2141735943531408,9.235314037316082e-18,0.37225608498592927,0.41357032066093
2010-12-28,0.052787304541330515,0.17392403418552152,0.0,0.38316849835002165,0.39012016292312646
2010-12-29,0.052787304541330515,0.17392403418552152,0.0,0.38316849835002165,0.39012016292312646
2010-12-30,0.052787304541330515,0.17392403418552152,0.0,0.38316849835002165,0.39012016292312646
2011-01-03,0.052787304541330515,0.17392403418552152,0.0,0.38316849835002165,0.39012016292312646
2011-01-04,0.052787304541330515,0.17392403418552152,0.0,0.38316849835002165,0.39012016292312646
2011-01-05,0.052787304541330515,0.17392403418552152,0.0,0.38316849835002165,0.39012016292312646
2011-01-06,0.052787304541330515,0.17392403418552152,0.0,0.38316849835002165,0.39012016292312646
2011-01-07,0.052787304541330515,0.17392403418552152,0.0,0.38316849835002165,0.39012016292312646
2011-01-10,0.052787304541330515,0.17392403418552152,0.0,0.38316849835002165,0.39012016292312646
2011-01-11,0.052787304541330515,0.17392403418552152,0.0,0.38316849835002165,0.39012016292312646
2011-01-12,0.052787304541330515,0.17392403418552152,0.0,0.38316849835002165,0.39012016292312646
2011-01-13,0.052787304541330515,0.17392403418552152,0.0,0.38316849835002165,0.39012016292312646
2011-01-14,0.052787304541330515,0.17392403418552152,0.0,0.38316849835002165,0.39012016292312646
2011-01-18,0.052787304541330515,0.17392403418552152,0.0,0.38316849835002165,0.39012016292312646
2011-01-19,0.052787304541330515,0.17392403418552152,0.0,0.38316849835002165,0.39012016292312646
2011-01-20,0.052787304541330515,0.17392403418552152,0.0,0.38316849835002165,0.39012016292312646
2011-01-21,0.052787304541330515,0.17392403418552152,0.0,0.38316849835002165,0.39012016292312646
2011-01-24,0.052787304541330515,0.17392403418552152,0.0,0.38316849835002165,0.39012016292312646
2011-01-26,0.052787304541330515,0.17392403418552152,0.0,0.38316849835002165,0.39012016292312646
2011-01-27,0.052787304541330515,0.17392403418552152,0.0,0.38316849835002165,0.39012016292312646
2011-01-28,0.052787304541330515,0.17392403418552152,0.0,0.38316849835002165,0.39012016292312646
2011-01-31,0.057392634483890224,0.17241129466950142,4.467056169579233e-18,0.3917482924037341,0.37844777844287425
2011-02-01,0.057392634483890224,0.17241129466950142,4.467056169579233e-18,0.3917482924037341,0.37844777844287425
2011-02-02,0.057392634483890224,0.17241129466950142,4.467056169579233e-18,0.3917482924037341,0.37844777844287425
2011-02-03,0.057392634483890224,0.17241129466950142,4.467056169579233e-18,0.3917482924037341,0.37844777844287425
2011-02-04,0.057392634483890224,0.17241129466950142,4.467056169579233e-18,0.3917482924037341,0.37844777844287425
2011-02-07,0.057392634483890224,0.17241129466950142,4.467056169579233e-18,0.3917482924037341,0.37844777844287425
2011-02-08,0.057392634483890224,0.17241129466950142,4.467056169579233e-18,0.3917482924037341,0.37844777844287425
2011-02-09,0.057392634483890224,0.17241129466950142,4.467056169579233e-18,0.3917482924037341,0.37844777844287425
2011-02-10,0.057392634483890224,0.17241129466950142,4.467056169579233e-18,0.3917482924037341,0.37844777844287425
2011-02-11,0.057392634483890224,0.17241129466950142,4.467056169579233e-18,0.3917482924037341,0.37844777844287425
2011-02-14,0.057392634483890224,0.17241129466950142,4.467056169579233e-18,0.3917482924037341,0.37844777844287425
2011-02-15,0.057392634483890224,0.17241129466950142,4.467056169579233e-18,0.3917482924037341,0.37844777844287425
2011-02-16,0.057392634483890224,0.17241129466950142,4.467056169579233e-18,0.3917482924037341,0.37844777844287425
2011-02-17,0.057392634483890224,0.17241129466950142,4.467056169579233e-18,0.3917482924037341,0.37844777844287425
2011-02-18,0.057392634483890224,0.17241129466950142,4.467056169579233e-18,0.3917482924037341,0.37844777844287425
2011-02-22,0.057392634483890224,0.17241129466950142,4.467056169579233e-18,0.3917482924037341,0.37844777844287425
2011-02-23,0.057392634483890224,0.17241129466950142,4.467056169579233e-18,0.3917482924037341,0.37844777844287425
2011-02-24,0.057392634483890224,0.17241129466950142,4.467056169579233e-18,0.3917482924037341,0.37844777844287425
2011-02-25,0.057392634483890224,0.17241129466950142,4.467056169579233e-18,0.3917482924037341,0.37844777844287425
2011-02-28,0.057392634483890224,0.17241129466950142,4.467056169579233e-18,0.3917482924037341,0.37844777844287425
2011-03-01,0.057392634483890224,0.17241129466950142,4.467056169579233e-18,0.3917482924037341,0.37844777844287425
2011-03-02,0.01588014643903297,0.24348639521026066,0.0,0.42411034084762106,0.31652311750308537
2011-03-03,0.01588014643903297,0.24348639521026066,0.0,0.42411034084762106,0.31652311750308537
2011-03-04,0.01588014643903297,0.24348639521026066,0.0,0.42411034084762106,0.31652311750308537
2011-03-09,0.01588014643903297,0.24348639521026066,0.0,0.42411034084762106,0.31652311750308537
2011-03-10,0.01588014643903297,0.24348639521026066,0.0,0.42411034084762106,0.31652311750308537
2011-03-11,0.01588014643903297,0.24348639521026066,0.0,0.42411034084762106,0.31652311750308537
2011-03-14,0.01588014643903297,0.24348639521026066,0.0,0.42411034084762106,0.31652311750308537
2011-03-15,0.01588014643903297,0.24348639521026066,0.0,0.42411034084762106,0.31652311750308537
2011-03-16,0.01588014643903297,0.24348639521026066,0.0,0.42411034084762106,0.31652311750308537
2011-03-17,0.01588014643903297,0.24348639521026066,0.0,0.42411034084762106,0.31652311750308537
2011-03-18,0.01588014643903297,0.24348639521026066,0.0,0.42411034084762106,0.31652311750308537
2011-03-21,0.01588014643903297,0.24348639521026066,0.0,0.42411034084762106,0.31652311750308537
2011-03-22,0.01588014643903297,0.24348639521026066,0.0,0.42411034084762106,0.31652311750308537
2011-03-23,0.01588014643903297,0.24348639521026066,0.0,0.42411034084762106,0.31652311750308537
2011-03-24,0.01588014643903297,0.24348639521026066,0.0,0.42411034084762106,0.31652311750308537
2011-03-25,0.01588014643903297,0.24348639521026066,0.0,0.42411034084762106,0.31652311750308537
2011-03-28,0.01588014643903297,0.24348639521026066,0.0,0.42411034084762106,0.31652311750308537
2011-03-29,0.01588014643903297,0.24348639521026066,0.0,0.42411034084762106,0.31652311750308537
2011-03-30,0.01588014643903297,0.24348639521026066,0.0,0.42411034084762106,0.31652311750308537
2011-03-31,0.01588014643903297,0.24348639521026066,0.0,0.42411034084762106,0.31652311750308537
2011-04-01,0.01588014643903297,0.24348639521026066,0.0,0.42411034084762106,0.31652311750308537
2011-04-04,0.05676245585359409,0.21023436754233388,0.0,0.44393887326471515,0.28906430333935695
2011-04-05,0.05676245585359409,0.21023436754233388,0.0,0.44393887326471515,0.28906430333935695
2011-04-06,0.05676245585359409,0.21023436754233388,0.0,0.44393887326471515,0.28906430333935695
2011-04-07,0.05676245585359409,0.21023436754233388,0.0,0.44393887326471515,0.28906430333935695
2011-04-08,0.05676245585359409,0.21023436754233388,0.0,0.44393887326471515,0.28906430333935695
2011-04-11,0.05676245585359409,0.21023436754233388,0.0,0.44393887326471515,0.28906430333935695
2011-04-12,0.05676245585359409,0.21023436754233388,0.0,0.44393887326471515,0.28906430333935695
2011-04-13,0.05676245585359409,0.21023436754233388,0.0,0.44393887326471515,0.28906430333935695
2011-04-14,0.05676245585359409,0.21023436754233388,0.0,0.44393887326471515,0.28906430333935695
2011-04-15,0.05676245585359409,0.21023436754233388,0.0,0.44393887326471515,0.28906430333935695
2011-04-18,0.05676245585359409,0.21023436754233388,0.0,0.44393887326471515,0.28906430333935695
2011-04-19,0.05676245585359409,0.21023436754233388,0.0,0.44393887326471515,0.28906430333935695
2011-04-20,0.05676245585359409,0.21023436754233388,0.0,0.44393887326471515,0.28906430333935695
2011-04-25,0.05676245585359409,0.21023436754233388,0.0,0.44393887326471515,0.28906430333935695
2011-04-26,0.05676245585359409,0.21023436754233388,0.0,0.44393887326471515,0.28906430333935695
2011-04-27,0.05676245585359409,0.21023436754233388,0.0,0.44393887326471515,0.28906430333935695
2011-04-28,0.05676245585359409,0.21023436754233388,0.0,0.44393887326471515,0.28906430333935695
2011-04-29,0.05676245585359409,0.21023436754233388,0.0,0.44393887326471515,0.28906430333935695
2011-05-02,0.05676245585359409,0.21023436754233388,0.0,0.44393887326471515,0.28906430333935695
2011-05-03,0.05676245585359409,0.21023436754233388,0.0,0.44393887326471515,0.28906430333935695
2011-05-04,0.05676245585359409,0.21023436754233388,0.0,0.44393887326471515,0.28906430333935695
2011-05-05,0.0,0.2681885172522684,1.7444887646065396e-18,0.44918888503214754,0.2826225977155841
2011-05-06,0.0,0.2681885172522684,1.7444887646065396e-18,0.44918888503214754,0.2826225977155841
2011-05-09,0.0,0.2681885172522684,1.7444887646065396e-18,0.44918888503214754,0.2826225977155841
2011-05-10,0.0,0.2681885172522684,1.7444887646065396e-18,0.44918888503214754,0.2826225977155841
2011-05-11,0.0,0.2681885172522684,1.7444887646065396e-18,0.44918888503214754,0.2826225977155841
2011-05-12,0.0,0.2681885172522684,1.7444887646065396e-18,0.44918888503214754,0.2826225977155841
2011-05-13,0.0,0.2681885172522684,1.7444887646065396e-18,0.44918888503214754,0.2826225977155841
2011-05-16,0.0,0.2681885172522684,1.7444887646065396e-18,0.44918888503214754,0.2826225977155841
2011-05-17,0.0,0.2681885172522684,1.7444887646065396e-18,0.44918888503214754,0.2826225977155841
2011-05-18,0.0,0.2681885172522684,1.7444887646065396e-18,0.44918888503214754,0.2826225977155841
2011-05-19,0.0,0.2681885172522684,1.7444887646065396e-18,0.44918888503214754,0.2826225977155841
2011-05-20,0.0,0.2681885172522684,1.7444887646065396e-18,0.44918888503214754,0.2826225977155841
2011-05-23,0.0,0.2681885172522684,1.7444887646065396e-18,0.44918888503214754,0.2826225977155841
2011-05-24,0.0,0.2681885172522684,1.7444887646065396e-18,0.44918888503214754,0.2826225977155841
2011-05-25,0.0,0.2681885172522684,1.7444887646065396e-18,0.44918888503214754,0.2826225977155841
2011-05-26,0.0,0.2681885172522684,1.7444887646065396e-18,0.44918888503214754,0.2826225977155841
2011-05-27,0.0,0.2681885172522684,1.7444887646065396e-18,0.44918888503214754,0.2826225977155841
2011-05-31,0.0,0.2681885172522684,1.7444887646065396e-18,0.44918888503214754,0.2826225977155841
2011-06-01,0.0,0.2681885172522684,1.7444887646065396e-18,0.44918888503214754,0.2826225977155841
2011-06-02,0.0,0.2681885172522684,1.7444887646065396e-18,0.44918888503214754,0.2826225977155841
2011-06-03,0.0,0.2681885172522684,1.7444887646065396e-18,0.44918888503214754,0.2826225977155841
2011-06-06,0.0026108610097118857,0.23553584721491708,1.0121987881493465e-17,0.4591354714612378,0.3027178203141332
2011-06-07,0.0026108610097118857,0.23553584721491708,1.0121987881493465e-17,0.4591354714612378,0.3027178203141332
2011-06-08,0.0026108610097118857,0.23553584721491708,1.0121987881493465e-17,0.4591354714612378,0.3027178203141332
2011-06-09,0.0026108610097118857,0.23553584721491708,1.0121987881493465e-17,0.4591354714612378,0.3027178203141332
2011-06-10,0.0026108610097118857,0.23553584721491708,1.0121987881493465e-17,0.4591354714612378,0.3027178203141332
2011-06-13,0.0026108610097118857,0.23553584721491708,1.0121987881493465e-17,0.4591354714612378,0.3027178203141332
2011-06-14,0.0026108610097118857,0.23553584721491708,1.0121987881493465e-17,0.4591354714612378,0.3027178203141332
2011-06-15,0.0026108610097118857,0.23553584721491708,1.0121987881493465e-17,0.4591354714612378,0.3027178203141332
2011-06-16,0.0026108610097118857,0.23553584721491708,1.0121987881493465e-17,0.4591354714612378,0.3027178203141332
2011-06-17,0.0026108610097118857,0.23553584721491708,1.0121987881493465e-17,0.4591354714612378,0.3027178203141332
2011-06-20,0.0026108610097118857,0.23553584721491708,1.0121987881493465e-17,0.4591354714612378,0.3027178203141332
2011-06-21,0.0026108610097118857,0.23553584721491708,1.0121987881493465e-17,0.4591354714612378,0.3027178203141332
2011-06-22,0.0026108610097118857,0.23553584721491708,1.0121987881493465e-17,0.4591354714612378,0.3027178203141332
2011-06-24,0.0026108610097118857,0.23553584721491708,1.0121987881493465e-17,0.4591354714612378,0.3027178203141332
2011-06-27,0.0026108610097118857,0.23553584721491708,1.0121987881493465e-17,0.4591354714612378,0.3027178203141332
2011-06-28,0.0026108610097118857,0.23553584721491708,1.0121987881493465e-17,0.4591354714612378,0.3027178203141332
2011-06-29,0.0026108610097118857,0.23553584721491708,1.0121987881493465e-17,0.4591354714612378,0.3027178203141332
2011-06-30,0.0026108610097118857,0.23553584721491708,1.0121987881493465e-17,0.4591354714612378,0.3027178203141332
2011-07-01,0.0026108610097118857,0.23553584721491708,1.0121987881493465e-17,0.4591354714612378,0.3027178203141332
2011-07-05,0.0026108610097118857,0.23553584721491708,1.0121987881493465e-17,0.4591354714612378,0.3027178203141332
2011-07-06,0.0026108610097118857,0.23553584721491708,1.0121987881493465e-17,0.4591354714612378,0.3027178203141332
2011-07-07,0.0,0.20985839913347842,1.1063064275229776e-16,0.41504352682207785,0.3750980740444436
2011-07-08,0.0,0.20985839913347842,1.1063064275229776e-16,0.41504352682207785,0.3750980740444436
2011-07-11,0.0,0.20985839913347842,1.1063064275229776e-16,0.41504352682207785,0.3750980740444436
2011-07-12,0.0,0.20985839913347842,1.1063064275229776e-16,0.41504352682207785,0.3750980740444436
2011-07-13,0.0,0.20985839913347842,1.1063064275229776e-16,0.41504352682207785,0.3750980740444436
2011-07-14,0.0,0.20985839913347842,1.1063064275229776e-16,0.41504352682207785,0.3750980740444436
2011-07-15,0.0,0.20985839913347842,1.1063064275229776e-16,0.41504352682207785,0.3750980740444436
2011-07-18,0.0,0.20985839913347842,1.1063064275229776e-16,0.41504352682207785,0.3750980740444436
2011-07-19,0.0,0.20985839913347842,1.1063064275229776e-16,0.41504352682207785,0.3750980740444436
2011-07-20,0.0,0.20985839913347842,1.1063064275229776e-16,0.41504352682207785,0.3750980740444436
2011-07-21,0.0,0.20985839913347842,1.1063064275229776e-16,0.41504352682207785,0.3750980740444436
2011-07-22,0.0,0.20985839913347842,1.1063064275229776e-16,0.41504352682207785,0.3750980740444436
2011-07-25,0.0,0.20985839913347842,1.1063064275229776e-16,0.41504352682207785,0.3750980740444436
2011-07-26,0.0,0.20985839913347842,1.1063064275229776e-16,0.41504352682207785,0.3750980740444436
2011-07-27,0.0,0.20985839913347842,1.1063064275229776e-16,0.41504352682207785,0.3750980740444436
2011-07-28,0.0,0.20985839913347842,1.1063064275229776e-16,0.41504352682207785,0.3750980740444436
2011-07-29,0.0,0.20985839913347842,1.1063064275229776e-16,0.41504352682207785,0.3750980740444436
2011-08-01,0.0,0.20985839913347842,1.1063064275229776e-16,0.41504352682207785,0.3750980740444436
2011-08-02,0.0,0.20985839913347842,1.1063064275229776e-16,0.41504352682207785,0.3750980740444436
2011-08-03,0.0,0.20985839913347842,1.1063064275229776e-16,0.41504352682207785,0.3750980740444436
2011-08-04,0.0,0.20985839913347842,1.1063064275229776e-16,0.41504352682207785,0.3750980740444436
2011-08-05,7.16026776760455e-19,0.18082600045496547,0.0,0.42332703596662863,0.395846963578406
2011-08-08,7.16026776760455e-19,0.18082600045496547,0.0,0.42332703596662863,0.395846963578406
2011-08-09,7.16026776760455e-19,0.18082600045496547,0.0,0.42332703596662863,0.395846963578406
2011-08-10,7.16026776760455e-19,0.18082600045496547,0.0,0.42332703596662863,0.395846963578406
2011-08-11,7.16026776760455e-19,0.18082600045496547,0.0,0.42332703596662863,0.395846963578406
2011-08-12,7.16026776760455e-19,0.18082600045496547,0.0,0.42332703596662863,0.395846963578406
2011-08-15,7.16026776760455e-19,0.18082600045496547,0.0,0.42332703596662863,0.395846963578406
2011-08-16,7.16026776760455e-19,0.18082600045496547,0.0,0.42332703596662863,0.395846963578406
2011-08-17,7.16026776760455e-19,0.18082600045496547,0.0,0.42332703596662863,0.395846963578406
2011-08-18,7.16026776760455e-19,0.18082600045496547,0.0,0.42332703596662863,0.395846963578406
2011-08-19,7.16026776760455e-19,0.18082600045496547,0.0,0.42332703596662863,0.395846963578406
2011-08-22,7.16026776760455e-19,0.18082600045496547,0.0,0.42332703596662863,0.395846963578406
2011-08-23,7.16026776760455e-19,0.18082600045496547,0.0,0.42332703596662863,0.395846963578406
2011-08-24,7.16026776760455e-19,0.18082600045496547,0.0,0.42332703596662863,0.395846963578406
2011-08-25,7.16026776760455e-19,0.18082600045496547,0.0,0.42332703596662863,0.395846963578406
2011-08-26,7.16026776760455e-19,0.18082600045496547,0.0,0.42332703596662863,0.395846963578406
2011-08-29,7.16026776760455e-19,0.18082600045496547,0.0,0.42332703596662863,0.395846963578406
2011-08-30,7.16026776760455e-19,0.18082600045496547,0.0,0.42332703596662863,0.395846963578406
2011-08-31,7.16026776760455e-19,0.18082600045496547,0.0,0.42332703596662863,0.395846963578406
2011-09-01,7.16026776760455e-19,0.18082600045496547,0.0,0.42332703596662863,0.395846963578406
2011-09-02,7.16026776760455e-19,0.18082600045496547,0.0,0.42332703596662863,0.395846963578406
2011-09-06,0.09375385839923343,0.11531393352550662,5.683448640577364e-18,0.47234536337999716,0.3185868446952628
2011-09-08,0.09375385839923343,0.11531393352550662,5.683448640577364e-18,0.47234536337999716,0.3185868446952628
2011-09-09,0.09375385839923343,0.11531393352550662,5.683448640577364e-18,0.47234536337999716,0.3185868446952628
2011-09-12,0.09375385839923343,0.11531393352550662,5.683448640577364e-18,0.47234536337999716,0.3185868446952628
2011-09-13,0.09375385839923343,0.11531393352550662,5.683448640577364e-18,0.47234536337999716,0.3185868446952628
2011-09-14,0.09375385839923343,0.11531393352550662,5.683448640577364e-18,0.47234536337999716,0.3185868446952628
2011-09-15,0.09375385839923343,0.11531393352550662,5.683448640577364e-18,0.47234536337999716,0.3185868446952628
2011-09-16,0.09375385839923343,0.11531393352550662,5.683448640577364e-18,0.47234536337999716,0.3185868446952628
2011-09-19,0.09375385839923343,0.11531393352550662,5.683448640577364e-18,0.47234536337999716,0.3185868446952628
2011-09-20,0.09375385839923343,0.11531393352550662,5.683448640577364e-18,0.47234536337999716,0.3185868446952628
2011-09-21,0.09375385839923343,0.11531393352550662,5.683448640577364e-18,0.47234536337999716,0.3185868446952628
2011-09-22,0.09375385839923343,0.11531393352550662,5.683448640577364e-18,0.47234536337999716,0.3185868446952628
2011-09-23,0.09375385839923343,0.11531393352550662,5.683448640577364e-18,0.47234536337999716,0.3185868446952628
2011-09-26,0.09375385839923343,0.11531393352550662,5.683448640577364e-18,0.47234536337999716,0.3185868446952628
2011-09-27,0.09375385839923343,0.11531393352550662,5.683448640577364e-18,0.47234536337999716,0.3185868446952628
2011-09-28,0.09375385839923343,0.11531393352550662,5.683448640577364e-18,0.47234536337999716,0.3185868446952628
2011-09-29,0.09375385839923343,0.11531393352550662,5.683448640577364e-18,0.47234536337999716,0.3185868446952628
2011-09-30,0.09375385839923343,0.11531393352550662,5.683448640577364e-18,0.47234536337999716,0.3185868446952628
2011-10-03,0.09375385839923343,0.11531393352550662,5.683448640577364e-18,0.47234536337999716,0.3185868446952628
2011-10-04,0.09375385839923343,0.11531393352550662,5.683448640577364e-18,0.47234536337999716,0.3185868446952628
2011-10-05,0.09375385839923343,0.11531393352550662,5.683448640577364e-18,0.47234536337999716,0.3185868446952628
2011-10-06,0.12767664049888428,0.139052806217469,0.0,0.426977180046254,0.30629337323739264
2011-10-07,0.12767664049888428,0.139052806217469,0.0,0.426977180046254,0.30629337323739264
2011-10-10,0.12767664049888428,0.139052806217469,0.0,0.426977180046254,0.30629337323739264
2011-10-11,0.12767664049888428,0.139052806217469,0.0,0.426977180046254,0.30629337323739264
2011-10-13,0.12767664049888428,0.139052806217469,0.0,0.426977180046254,0.30629337323739264
2011-10-14,0.12767664049888428,0.139052806217469,0.0,0.426977180046254,0.30629337323739264
2011-10-17,0.12767664049888428,0.139052806217469,0.0,0.426977180046254,0.30629337323739264
2011-10-18,0.12767664049888428,0.139052806217469,0.0,0.426977180046254,0.30629337323739264
2011-10-19,0.12767664049888428,0.139052806217469,0.0,0.426977180046254,0.30629337323739264
2011-10-20,0.12767664049888428,0.139052806217469,0.0,0.426977180046254,0.30629337323739264
2011-10-21,0.12767664049888428,0.139052806217469,0.0,0.426977180046254,0.30629337323739264
2011-10-24,0.12767664049888428,0.139052806217469,0.0,0.426977180046254,0.30629337323739264
2011-10-25,0.12767664049888428,0.139052806217469,0.0,0.426977180046254,0.30629337323739264
2011-10-26,0.12767664049888428,0.139052806217469,0.0,0.426977180046254,0.30629337323739264
2011-10-27,0.12767664049888428,0.139052806217469,0.0,0.426977180046254,0.30629337323739264
2011-10-28,0.12767664049888428,0.139052806217469,0.0,0.426977180046254,0.30629337323739264
2011-10-31,0.12767664049888428,0.139052806217469,0.0,0.426977180046254,0.30629337323739264
2011-11-01,0.12767664049888428,0.139052806217469,0.0,0.426977180046254,0.30629337323739264
2011-11-03,0.12767664049888428,0.139052806217469,0.0,0.426977180046254,0.30629337323739264
2011-11-04,0.12767664049888428,0.139052806217469,0.0,0.426977180046254,0.30629337323739264
2011-11-07,0.12767664049888428,0.139052806217469,0.0,0.426977180046254,0.30629337323739264
2011-11-08,0.16963650366786814,0.11556784289156492,0.0,0.4365890142636702,0.2782066391768968
2011-11-09,0.16963650366786814,0.11556784289156492,0.0,0.4365890142636702,0.2782066391768968
2011-11-10,0.16963650366786814,0.11556784289156492,0.0,0.4365890142636702,0.2782066391768968
2011-11-11,0.16963650366786814,0.11556784289156492,0.0,0.4365890142636702,0.2782066391768968
2011-11-14,0.16963650366786814,0.11556784289156492,0.0,0.4365890142636702,0.2782066391768968
2011-11-16,0.16963650366786814,0.11556784289156492,0.0,0.4365890142636702,0.2782066391768968
2011-11-17,0.16963650366786814,0.11556784289156492,0.0,0.4365890142636702,0.2782066391768968
2011-11-18,0.16963650366786814,0.11556784289156492,0.0,0.4365890142636702,0.2782066391768968
2011-11-21,0.16963650366786814,0.11556784289156492,0.0,0.4365890142636702,0.2782066391768968
2011-11-22,0.16963650366786814,0.11556784289156492,0.0,0.4365890142636702,0.2782066391768968
2011-11-23,0.16963650366786814,0.11556784289156492,0.0,0.4365890142636702,0.2782066391768968
2011-11-25,0.16963650366786814,0.11556784289156492,0.0,0.4365890142636702,0.2782066391768968
2011-11-28,0.16963650366786814,0.11556784289156492,0.0,0.4365890142636702,0.2782066391768968
2011-11-29,0.16963650366786814,0.11556784289156492,0.0,0.4365890142636702,0.2782066391768968
2011-11-30,0.16963650366786814,0.11556784289156492,0.0,0.4365890142636702,0.2782066391768968
2011-12-01,0.16963650366786814,0.11556784289156492,0.0,0.4365890142636702,0.2782066391768968
2011-12-02,0.16963650366786814,0.11556784289156492,0.0,0.4365890142636702,0.2782066391768968
2011-12-05,0.16963650366786814,0.11556784289156492,0.0,0.4365890142636702,0.2782066391768968
2011-12-06,0.16963650366786814,0.11556784289156492,0.0,0.4365890142636702,0.2782066391768968
2011-12-07,0.16963650366786814,0.11556784289156492,0.0,0.4365890142636702,0.2782066391768968
2011-12-08,0.16963650366786814,0.11556784289156492,0.0,0.4365890142636702,0.2782066391768968
2011-12-09,0.2466733950854927,0.04935475555279425,0.0,0.45030257999288614,0.25366926936882694
2011-12-12,0.2466733950854927,0.04935475555279425,0.0,0.45030257999288614,0.25366926936882694
2011-12-13,0.2466733950854927,0.04935475555279425,0.0,0.45030257999288614,0.25366926936882694
2011-12-14,0.2466733950854927,0.04935475555279425,0.0,0.45030257999288614,0.25366926936882694
2011-12-15,0.2466733950854927,0.04935475555279425,0.0,0.45030257999288614,0.25366926936882694
2011-12-16,0.2466733950854927,0.04935475555279425,0.0,0.45030257999288614,0.25366926936882694
2011-12-19,0.2466733950854927,0.04935475555279425,0.0,0.45030257999288614,0.25366926936882694
2011-12-20,0.2466733950854927,0.04935475555279425,0.0,0.45030257999288614,0.25366926936882694
2011-12-21,0.2466733950854927,0.04935475555279425,0.0,0.45030257999288614,0.25366926936882694
2011-12-22,0.2466733950854927,0.04935475555279425,0.0,0.45030257999288614,0.25366926936882694
2011-12-23,0.2466733950854927,0.04935475555279425,0.0,0.45030257999288614,0.25366926936882694
2011-12-27,0.2466733950854927,0.04935475555279425,0.0,0.45030257999288614,0.25366926936882694
2011-12-28,0.2466733950854927,0.04935475555279425,0.0,0.45030257999288614,0.25366926936882694
2011-12-29,0.2466733950854927,0.04935475555279425,0.0,0.45030257999288614,0.25366926936882694
2012-01-03,0.2466733950854927,0.04935475555279425,0.0,0.45030257999288614,0.25366926936882694
2012-01-04,0.2466733950854927,0.04935475555279425,0.0,0.45030257999288614,0.25366926936882694
2012-01-05,0.2466733950854927,0.04935475555279425,0.0,0.45030257999288614,0.25366926936882694
2012-01-06,0.2466733950854927,0.04935475555279425,0.0,0.45030257999288614,0.25366926936882694
2012-01-09,0.2466733950854927,0.04935475555279425,0.0,0.45030257999288614,0.25366926936882694
2012-01-10,0.2466733950854927,0.04935475555279425,0.0,0.45030257999288614,0.25366926936882694
2012-01-11,0.2466733950854927,0.04935475555279425,0.0,0.45030257999288614,0.25366926936882694
2012-01-12,0.19581611773915727,0.08246845955896295,0.0,0.4481106171547966,0.27360480554708316
2012-01-13,0.19581611773915727,0.08246845955896295,0.0,0.4481106171547966,0.27360480554708316
2012-01-17,0.19581611773915727,0.08246845955896295,0.0,0.4481106171547966,0.27360480554708316
2012-01-18,0.19581611773915727,0.08246845955896295,0.0,0.4481106171547966,0.27360480554708316
2012-01-19,0.19581611773915727,0.08246845955896295,0.0,0.4481106171547966,0.27360480554708316
2012-01-20,0.19581611773915727,0.08246845955896295,0.0,0.4481106171547966,0.27360480554708316
2012-01-23,0.19581611773915727,0.08246845955896295,0.0,0.4481106171547966,0.27360480554708316
2012-01-24,0.19581611773915727,0.08246845955896295,0.0,0.4481106171547966,0.27360480554708316
2012-01-26,0.19581611773915727,0.08246845955896295,0.0,0.4481106171547966,0.27360480554708316
2012-01-27,0.19581611773915727,0.08246845955896295,0.0,0.4481106171547966,0.27360480554708316
2012-01-30,0.19581611773915727,0.08246845955896295,0.0,0.4481106171547966,0.27360480554708316
2012-01-31,0.19581611773915727,0.08246845955896295,0.0,0.4481106171547966,0.27360480554708316
2012-02-01,0.19581611773915727,0.08246845955896295,0.0,0.4481106171547966,0.27360480554708316
2012-02-02,0.19581611773915727,0.08246845955896295,0.0,0.4481106171547966,0.27360480554708316
2012-02-03,0.19581611773915727,0.08246845955896295,0.0,0.4481106171547966,0.27360480554708316
2012-02-06,0.19581611773915727,0.08246845955896295,0.0,0.4481106171547966,0.27360480554708316
2012-02-07,0.19581611773915727,0.08246845955896295,0.0,0.4481106171547966,0.27360480554708316
2012-02-08,0.19581611773915727,0.08246845955896295,0.0,0.4481106171547966,0.27360480554708316
2012-02-09,0.19581611773915727,0.08246845955896295,0.0,0.4481106171547966,0.27360480554708316
2012-02-10,0.19581611773915727,0.08246845955896295,0.0,0.4481106171547966,0.27360480554708316
2012-02-13,0.19581611773915727,0.08246845955896295,0.0,0.4481106171547966,0.27360480554708316
2012-02-14,0.272256434870183,0.00019189365039525892,5.156509399012287e-17,0.447883746167985,0.27966792531143664
2012-02-15,0.272256434870183,0.00019189365039525892,5.156509399012287e-17,0.447883746167985,0.27966792531143664
2012-02-16,0.272256434870183,0.00019189365039525892,5.156509399012287e-17,0.447883746167985,0.27966792531143664
2012-02-17,0.272256434870183,0.00019189365039525892,5.156509399012287e-17,0.447883746167985,0.27966792531143664
2012-02-22,0.272256434870183,0.00019189365039525892,5.156509399012287e-17,0.447883746167985,0.27966792531143664
2012-02-23,0.272256434870183,0.00019189365039525892,5.156509399012287e-17,0.447883746167985,0.27966792531143664
2012-02-24,0.272256434870183,0.00019189365039525892,5.156509399012287e-17,0.447883746167985,0.27966792531143664
2012-02-27,0.272256434870183,0.00019189365039525892,5.156509399012287e-17,0.447883746167985,0.27966792531143664
2012-02-28,0.272256434870183,0.00019189365039525892,5.156509399012287e-17,0.447883746167985,0.27966792531143664
2012-02-29,0.272256434870183,0.00019189365039525892,5.156509399012287e-17,0.447883746167985,0.27966792531143664
2012-03-01,0.272256434870183,0.00019189365039525892,5.156509399012287e-17,0.447883746167985,0.27966792531143664
2012-03-02,0.272256434870183,0.00019189365039525892,5.156509399012287e-17,0.447883746167985,0.27966792531143664
2012-03-05,0.272256434870183,0.00019189365039525892,5.156509399012287e-17,0.447883746167985,0.27966792531143664
2012-03-06,0.272256434870183,0.00019189365039525892,5.156509399012287e-17,0.447883746167985,0.27966792531143664
2012-03-07,0.272256434870183,0.00019189365039525892,5.156509399012287e-17,0.447883746167985,0.27966792531143664
2012-03-08,0.272256434870183,0.00019189365039525892,5.156509399012287e-17,0.447883746167985,0.27966792531143664
2012-03-09,0.272256434870183,0.00019189365039525892,5.156509399012287e-17,0.447883746167985,0.27966792531143664
2012-03-12,0.272256434870183,0.00019189365039525892,5.156509399012287e-17,0.447883746167985,0.27966792531143664
2012-03-13,0.272256434870183,0.00019189365039525892,5.156509399012287e-17,0.447883746167985,0.27966792531143664
2012-03-14,0.272256434870183,0.00019189365039525892,5.156509399012287e-17,0.447883746167985,0.27966792531143664
2012-03-15,0.272256434870183,0.00019189365039525892,5.156509399012287e-17,0.447883746167985,0.27966792531143664
2012-03-16,0.22550966522178206,0.05622794834939637,2.3052531240895556e-17,0.4302445295587994,0.2880178568700222
2012-03-19,0.22550966522178206,0.05622794834939637,2.3052531240895556e-17,0.4302445295587994,0.2880178568700222
2012-03-20,0.22550966522178206,0.05622794834939637,2.3052531240895556e-17,0.4302445295587994,0.2880178568700222
2012-03-21,0.22550966522178206,0.05622794834939637,2.3052531240895556e-17,0.4302445295587994,0.2880178568700222
2012-03-22,0.22550966522178206,0.05622794834939637,2.3052531240895556e-17,0.4302445295587994,0.2880178568700222
2012-03-23,0.22550966522178206,0.05622794834939637,2.3052531240895556e-17,0.4302445295587994,0.2880178568700222
2012-03-26,0.22550966522178206,0.05622794834939637,2.3052531240895556e-17,0.4302445295587994,0.2880178568700222
2012-03-27,0.22550966522178206,0.05622794834939637,2.3052531240895556e-17,0.4302445295587994,0.2880178568700222
2012-03-28,0.22550966522178206,0.05622794834939637,2.3052531240895556e-17,0.4302445295587994,0.2880178568700222
2012-03-29,0.22550966522178206,0.05622794834939637,2.3052531240895556e-17,0.4302445295587994,0.2880178568700222
2012-03-30,0.22550966522178206,0.05622794834939637,2.3052531240895556e-17,0.4302445295587994,0.2880178568700222
2012-04-02,0.22550966522178206,0.05622794834939637,2.3052531240895556e-17,0.4302445295587994,0.2880178568700222
2012-04-03,0.22550966522178206,0.05622794834939637,2.3052531240895556e-17,0.4302445295587994,0.2880178568700222
2012-04-04,0.22550966522178206,0.05622794834939637,2.3052531240895556e-17,0.4302445295587994,0.2880178568700222
2012-04-05,0.22550966522178206,0.05622794834939637,2.3052531240895556e-17,0.4302445295587994,0.2880178568700222
2012-04-09,0.22550966522178206,0.05622794834939637,2.3052531240895556e-17,0.4302445295587994,0.2880178568700222
2012-04-10,0.22550966522178206,0.05622794834939637,2.3052531240895556e-17,0.4302445295587994,0.2880178568700222
2012-04-11,0.22550966522178206,0.05622794834939637,2.3052531240895556e-17,0.4302445295587994,0.2880178568700222
2012-04-12,0.22550966522178206,0.05622794834939637,2.3052531240895556e-17,0.4302445295587994,0.2880178568700222
2012-04-13,0.22550966522178206,0.05622794834939637,2.3052531240895556e-17,0.4302445295587994,0.2880178568700222
2012-04-16,0.22550966522178206,0.05622794834939637,2.3052531240895556e-17,0.4302445295587994,0.2880178568700222
2012-04-17,0.2682201386140482,0.0,0.0,0.42744082514804266,0.3043390362379092
2012-04-18,0.2682201386140482,0.0,0.0,0.42744082514804266,0.3043390362379092
2012-04-19,0.2682201386140482,0.0,0.0,0.42744082514804266,0.3043390362379092
2012-04-20,0.2682201386140482,0.0,0.0,0.42744082514804266,0.3043390362379092
2012-04-23,0.2682201386140482,0.0,0.0,0.42744082514804266,0.3043390362379092
2012-04-24,0.2682201386140482,0.0,0.0,0.42744082514804266,0.3043390362379092
2012-04-25,0.2682201386140482,0.0,0.0,0.42744082514804266,0.3043390362379092
2012-04-26,0.2682201386140482,0.0,0.0,0.42744082514804266,0.3043390362379092
2012-04-27,0.2682201386140482,0.0,0.0,0.42744082514804266,0.3043390362379092
2012-04-30,0.2682201386140482,0.0,0.0,0.42744082514804266,0.3043390362379092
2012-05-02,0.2682201386140482,0.0,0.0,0.42744082514804266,0.3043390362379092
2012-05-03,0.2682201386140482,0.0,0.0,0.42744082514804266,0.3043390362379092
2012-05-04,0.2682201386140482,0.0,0.0,0.42744082514804266,0.3043390362379092
2012-05-07,0.2682201386140482,0.0,0.0,0.42744082514804266,0.3043390362379092
2012-05-08,0.2682201386140482,0.0,0.0,0.42744082514804266,0.3043390362379092
2012-05-09,0.2682201386140482,0.0,0.0,0.42744082514804266,0.3043390362379092
2012-05-10,0.2682201386140482,0.0,0.0,0.42744082514804266,0.3043390362379092
2012-05-11,0.2682201386140482,0.0,0.0,0.42744082514804266,0.3043390362379092
2012-05-14,0.2682201386140482,0.0,0.0,0.42744082514804266,0.3043390362379092
2012-05-15,0.2682201386140482,0.0,0.0,0.42744082514804266,0.3043390362379092
2012-05-16,0.2682201386140482,0.0,0.0,0.42744082514804266,0.3043390362379092
2012-05-17,0.26047295107048496,0.0,0.0,0.43359849228704356,0.3059285566424715
2012-05-18,0.26047295107048496,0.0,0.0,0.43359849228704356,0.3059285566424715
2012-05-21,0.26047295107048496,0.0,0.0,0.43359849228704356,0.3059285566424715
2012-05-22,0.26047295107048496,0.0,0.0,0.43359849228704356,0.3059285566424715
2012-05-23,0.26047295107048496,0.0,0.0,0.43359849228704356,0.3059285566424715
2012-05-24,0.26047295107048496,0.0,0.0,0.43359849228704356,0.3059285566424715
2012-05-25,0.26047295107048496,0.0,0.0,0.43359849228704356,0.3059285566424715
2012-05-29,0.26047295107048496,0.0,0.0,0.43359849228704356,0.3059285566424715
2012-05-30,0.26047295107048496,0.0,0.0,0.43359849228704356,0.3059285566424715
2012-05-31,0.26047295107048496,0.0,0.0,0.43359849228704356,0.3059285566424715
2012-06-01,0.26047295107048496,0.0,0.0,0.43359849228704356,0.3059285566424715
2012-06-04,0.26047295107048496,0.0,0.0,0.43359849228704356,0.3059285566424715
2012-06-05,0.26047295107048496,0.0,0.0,0.43359849228704356,0.3059285566424715
2012-06-06,0.26047295107048496,0.0,0.0,0.43359849228704356,0.3059285566424715
2012-06-08,0.26047295107048496,0.0,0.0,0.43359849228704356,0.3059285566424715
2012-06-11,0.26047295107048496,0.0,0.0,0.43359849228704356,0.3059285566424715
2012-06-12,0.26047295107048496,0.0,0.0,0.43359849228704356,0.3059285566424715
2012-06-13,0.26047295107048496,0.0,0.0,0.43359849228704356,0.3059285566424715
2012-06-14,0.26047295107048496,0.0,0.0,0.43359849228704356,0.3059285566424715
2012-06-15,0.26047295107048496,0.0,0.0,0.43359849228704356,0.3059285566424715
2012-06-18,0.26047295107048496,0.0,0.0,0.43359849228704356,0.3059285566424715
2012-06-19,0.2582015385949315,0.0,3.065358472255057e-17,0.4394178251133225,0.302380636291746
2012-06-20,0.2582015385949315,0.0,3.065358472255057e-17,0.4394178251133225,0.302380636291746
2012-06-21,0.2582015385949315,0.0,3.065358472255057e-17,0.4394178251133225,0.302380636291746
2012-06-22,0.2582015385949315,0.0,3.065358472255057e-17,0.4394178251133225,0.302380636291746
2012-06-25,0.2582015385949315,0.0,3.065358472255057e-17,0.4394178251133225,0.302380636291746
2012-06-26,0.2582015385949315,0.0,3.065358472255057e-17,0.4394178251133225,0.302380636291746
2012-06-27,0.2582015385949315,0.0,3.065358472255057e-17,0.4394178251133225,0.302380636291746
2012-06-28,0.2582015385949315,0.0,3.065358472255057e-17,0.4394178251133225,0.302380636291746
2012-06-29,0.2582015385949315,0.0,3.065358472255057e-17,0.4394178251133225,0.302380636291746
2012-07-02,0.2582015385949315,0.0,3.065358472255057e-17,0.4394178251133225,0.302380636291746
2012-07-03,0.2582015385949315,0.0,3.065358472255057e-17,0.4394178251133225,0.302380636291746
2012-07-05,0.2582015385949315,0.0,3.065358472255057e-17,0.4394178251133225,0.302380636291746
2012-07-06,0.2582015385949315,0.0,3.065358472255057e-17,0.4394178251133225,0.302380636291746
2012-07-10,0.2582015385949315,0.0,3.065358472255057e-17,0.4394178251133225,0.302380636291746
2012-07-11,0.2582015385949315,0.0,3.065358472255057e-17,0.4394178251133225,0.302380636291746
2012-07-12,0.2582015385949315,0.0,3.065358472255057e-17,0.4394178251133225,0.302380636291746
2012-07-13,0.2582015385949315,0.0,3.065358472255057e-17,0.4394178251133225,0.302380636291746
2012-07-16,0.2582015385949315,0.0,3.065358472255057e-17,0.4394178251133225,0.302380636291746
2012-07-17,0.2582015385949315,0.0,3.065358472255057e-17,0.4394178251133225,0.302380636291746
2012-07-18,0.2582015385949315,0.0,3.065358472255057e-17,0.4394178251133225,0.302380636291746
2012-07-19,0.2582015385949315,0.0,3.065358472255057e-17,0.4394178251133225,0.302380636291746
2012-07-20,0.24205719745195894,8.721138575220115e-18,2.215925540307088e-18,0.44256229936128333,0.31538050318675764
2012-07-23,0.24205719745195894,8.721138575220115e-18,2.215925540307088e-18,0.44256229936128333,0.31538050318675764
2012-07-24,0.24205719745195894,8.721138575220115e-18,2.215925540307088e-18,0.44256229936128333,0.31538050318675764
2012-07-25,0.24205719745195894,8.721138575220115e-18,2.215925540307088e-18,0.44256229936128333,0.31538050318675764
2012-07-26,0.24205719745195894,8.721138575220115e-18,2.215925540307088e-18,0.44256229936128333,0.31538050318675764
2012-07-27,0.24205719745195894,8.721138575220115e-18,2.215925540307088e-18,0.44256229936128333,0.31538050318675764
2012-07-30,0.24205719745195894,8.721138575220115e-18,2.215925540307088e-18,0.44256229936128333,0.31538050318675764
2012-07-31,0.24205719745195894,8.721138575220115e-18,2.215925540307088e-18,0.44256229936128333,0.31538050318675764
2012-08-01,0.24205719745195894,8.721138575220115e-18,2.215925540307088e-18,0.44256229936128333,0.31538050318675764
2012-08-02,0.24205719745195894,8.721138575220115e-18,2.215925540307088e-18,0.44256229936128333,0.31538050318675764
2012-08-03,0.24205719745195894,8.721138575220115e-18,2.215925540307088e-18,0.44256229936128333,0.31538050318675764
2012-08-06,0.24205719745195894,8.721138575220115e-18,2.215925540307088e-18,0.44256229936128333,0.31538050318675764
2012-08-07,0.24205719745195894,8.721138575220115e-18,2.215925540307088e-18,0.44256229936128333,0.31538050318675764
2012-08-08,0.24205719745195894,8.721138575220115e-18,2.215925540307088e-18,0.44256229936128333,0.31538050318675764
2012-08-09,0.24205719745195894,8.721138575220115e-18,2.215925540307088e-18,0.44256229936128333,0.31538050318675764
2012-08-10,0.24205719745195894,8.721138575220115e-18,2.215925540307088e-18,0.44256229936128333,0.31538050318675764
2012-08-13,0.24205719745195894,8.721138575220115e-18,2.215925540307088e-18,0.44256229936128333,0.31538050318675764
2012-08-14,0.24205719745195894,8.721138575220115e-18,2.215925540307088e-18,0.44256229936128333,0.31538050318675764
2012-08-15,0.24205719745195894,8.721138575220115e-18,2.215925540307088e-18,0.44256229936128333,0.31538050318675764
2012-08-16,0.24205719745195894,8.721138575220115e-18,2.215925540307088e-18,0.44256229936128333,0.31538050318675764
2012-08-17,0.24205719745195894,8.721138575220115e-18,2.215925540307088e-18,0.44256229936128333,0.31538050318675764
2012-08-20,0.21478834759229248,0.013006398491662045,5.906015036710036e-18,0.4378885194082689,0.33431673450777666
2012-08-21,0.21478834759229248,0.013006398491662045,5.906015036710036e-18,0.4378885194082689,0.33431673450777666
2012-08-22,0.21478834759229248,0.013006398491662045,5.906015036710036e-18,0.4378885194082689,0.33431673450777666
2012-08-23,0.21478834759229248,0.013006398491662045,5.906015036710036e-18,0.4378885194082689,0.33431673450777666
2012-08-24,0.21478834759229248,0.013006398491662045,5.906015036710036e-18,0.4378885194082689,0.33431673450777666
2012-08-27,0.21478834759229248,0.013006398491662045,5.906015036710036e-18,0.4378885194082689,0.33431673450777666
2012-08-28,0.21478834759229248,0.013006398491662045,5.906015036710036e-18,0.4378885194082689,0.33431673450777666
2012-08-29,0.21478834759229248,0.013006398491662045,5.906015036710036e-18,0.4378885194082689,0.33431673450777666
2012-08-30,0.21478834759229248,0.013006398491662045,5.906015036710036e-18,0.4378885194082689,0.33431673450777666
2012-08-31,0.21478834759229248,0.013006398491662045,5.906015036710036e-18,0.4378885194082689,0.33431673450777666
2012-09-04,0.21478834759229248,0.013006398491662045,5.906015036710036e-18,0.4378885194082689,0.33431673450777666
2012-09-05,0.21478834759229248,0.013006398491662045,5.906015036710036e-18,0.4378885194082689,0.33431673450777666
2012-09-06,0.21478834759229248,0.013006398491662045,5.906015036710036e-18,0.4378885194082689,0.33431673450777666
2012-09-10,0.21478834759229248,0.013006398491662045,5.906015036710036e-18,0.4378885194082689,0.33431673450777666
2012-09-11,0.21478834759229248,0.013006398491662045,5.906015036710036e-18,0.4378885194082689,0.33431673450777666
2012-09-12,0.21478834759229248,0.013006398491662045,5.906015036710036e-18,0.4378885194082689,0.33431673450777666
2012-09-13,0.21478834759229248,0.013006398491662045,5.906015036710036e-18,0.4378885194082689,0.33431673450777666
2012-09-14,0.21478834759229248,0.013006398491662045,5.906015036710036e-18,0.4378885194082689,0.33431673450777666
2012-09-17,0.21478834759229248,0.013006398491662045,5.906015036710036e-18,0.4378885194082689,0.33431673450777666
2012-09-18,0.21478834759229248,0.013006398491662045,5.906015036710036e-18,0.4378885194082689,0.33431673450777666
2012-09-19,0.21478834759229248,0.013006398491662045,5.906015036710036e-18,0.4378885194082689,0.33431673450777666
2012-09-20,0.2037915740932976,0.0,3.04658576453867e-17,0.36956223786609993,0.42664618804060256
2012-09-21,0.2037915740932976,0.0,3.04658576453867e-17,0.36956223786609993,0.42664618804060256
2012-09-24,0.2037915740932976,0.0,3.04658576453867e-17,0.36956223786609993,0.42664618804060256
2012-09-25,0.2037915740932976,0.0,3.04658576453867e-17,0.36956223786609993,0.42664618804060256
2012-09-26,0.2037915740932976,0.0,3.04658576453867e-17,0.36956223786609993,0.42664618804060256
2012-09-27,0.2037915740932976,0.0,3.04658576453867e-17,0.36956223786609993,0.42664618804060256
2012-09-28,0.2037915740932976,0.0,3.04658576453867e-17,0.36956223786609993,0.42664618804060256
2012-10-01,0.2037915740932976,0.0,3.04658576453867e-17,0.36956223786609993,0.42664618804060256
2012-10-02,0.2037915740932976,0.0,3.04658576453867e-17,0.36956223786609993,0.42664618804060256
2012-10-03,0.2037915740932976,0.0,3.04658576453867e-17,0.36956223786609993,0.42664618804060256
2012-10-04,0.2037915740932976,0.0,3.04658576453867e-17,0.36956223786609993,0.42664618804060256
2012-10-05,0.2037915740932976,0.0,3.04658576453867e-17,0.36956223786609993,0.42664618804060256
2012-10-08,0.2037915740932976,0.0,3.04658576453867e-17,0.36956223786609993,0.42664618804060256
2012-10-09,0.2037915740932976,0.0,3.04658576453867e-17,0.36956223786609993,0.42664618804060256
2012-10-10,0.2037915740932976,0.0,3.04658576453867e-17,0.36956223786609993,0.42664618804060256
2012-10-11,0.2037915740932976,0.0,3.04658576453867e-17,0.36956223786609993,0.42664618804060256
2012-10-15,0.2037915740932976,0.0,3.04658576453867e-17,0.36956223786609993,0.42664618804060256
2012-10-16,0.2037915740932976,0.0,3.04658576453867e-17,0.36956223786609993,0.42664618804060256
2012-10-17,0.2037915740932976,0.0,3.04658576453867e-17,0.36956223786609993,0.42664618804060256
2012-10-18,0.2037915740932976,0.0,3.04658576453867e-17,0.36956223786609993,0.42664618804060256
2012-10-19,0.2037915740932976,0.0,3.04658576453867e-17,0.36956223786609993,0.42664618804060256
2012-10-22,0.15206245564110007,9.295463855464586e-18,5.413909152449936e-18,0.4271297249427533,0.4208078194161465
2012-10-23,0.15206245564110007,9.295463855464586e-18,5.413909152449936e-18,0.4271297249427533,0.4208078194161465
2012-10-24,0.15206245564110007,9.295463855464586e-18,5.413909152449936e-18,0.4271297249427533,0.4208078194161465
2012-10-25,0.15206245564110007,9.295463855464586e-18,5.413909152449936e-18,0.4271297249427533,0.4208078194161465
2012-10-26,0.15206245564110007,9.295463855464586e-18,5.413909152449936e-18,0.4271297249427533,0.4208078194161465
2012-10-31,0.15206245564110007,9.295463855464586e-18,5.413909152449936e-18,0.4271297249427533,0.4208078194161465
2012-11-01,0.15206245564110007,9.295463855464586e-18,5.413909152449936e-18,0.4271297249427533,0.4208078194161465
2012-11-05,0.15206245564110007,9.295463855464586e-18,5.413909152449936e-18,0.4271297249427533,0.4208078194161465
2012-11-06,0.15206245564110007,9.295463855464586e-18,5.413909152449936e-18,0.4271297249427533,0.4208078194161465
2012-11-07,0.15206245564110007,9.295463855464586e-18,5.413909152449936e-18,0.4271297249427533,0.4208078194161465
2012-11-08,0.15206245564110007,9.295463855464586e-18,5.413909152449936e-18,0.4271297249427533,0.4208078194161465
2012-11-09,0.15206245564110007,9.295463855464586e-18,5.413909152449936e-18,0.4271297249427533,0.4208078194161465
2012-11-12,0.15206245564110007,9.295463855464586e-18,5.413909152449936e-18,0.4271297249427533,0.4208078194161465
2012-11-13,0.15206245564110007,9.295463855464586e-18,5.413909152449936e-18,0.4271297249427533,0.4208078194161465
2012-11-14,0.15206245564110007,9.295463855464586e-18,5.413909152449936e-18,0.4271297249427533,0.4208078194161465
2012-11-16,0.15206245564110007,9.295463855464586e-18,5.413909152449936e-18,0.4271297249427533,0.4208078194161465
2012-11-19,0.15206245564110007,9.295463855464586e-18,5.413909152449936e-18,0.4271297249427533,0.4208078194161465
2012-11-21,0.15206245564110007,9.295463855464586e-18,5.413909152449936e-18,0.4271297249427533,0.4208078194161465
2012-11-23,0.15206245564110007,9.295463855464586e-18,5.413909152449936e-18,0.4271297249427533,0.4208078194161465
2012-11-26,0.15206245564110007,9.295463855464586e-18,5.413909152449936e-18,0.4271297249427533,0.4208078194161465
2012-11-27,0.15206245564110007,9.295463855464586e-18,5.413909152449936e-18,0.4271297249427533,0.4208078194161465
2012-11-28,0.09402151205983887,2.427350550009528e-18,0.0,0.42627123898174835,0.47970724895841277
2012-11-29,0.09402151205983887,2.427350550009528e-18,0.0,0.42627123898174835,0.47970724895841277
2012-11-30,0.09402151205983887,2.427350550009528e-18,0.0,0.42627123898174835,0.47970724895841277
2012-12-03,0.09402151205983887,2.427350550009528e-18,0.0,0.42627123898174835,0.47970724895841277
2012-12-04,0.09402151205983887,2.427350550009528e-18,0.0,0.42627123898174835,0.47970724895841277
2012-12-05,0.09402151205983887,2.427350550009528e-18,0.0,0.42627123898174835,0.47970724895841277
2012-12-06,0.09402151205983887,2.427350550009528e-18,0.0,0.42627123898174835,0.47970724895841277
2012-12-07,0.09402151205983887,2.427350550009528e-18,0.0,0.42627123898174835,0.47970724895841277
2012-12-10,0.09402151205983887,2.427350550009528e-18,0.0,0.42627123898174835,0.47970724895841277
2012-12-11,0.09402151205983887,2.427350550009528e-18,0.0,0.42627123898174835,0.47970724895841277
2012-12-12,0.09402151205983887,2.427350550009528e-18,0.0,0.42627123898174835,0.47970724895841277
2012-12-13,0.09402151205983887,2.427350550009528e-18,0.0,0.42627123898174835,0.47970724895841277
2012-12-14,0.09402151205983887,2.427350550009528e-18,0.0,0.42627123898174835,0.47970724895841277
2012-12-17,0.09402151205983887,2.427350550009528e-18,0.0,0.42627123898174835,0.47970724895841277
2012-12-18,0.09402151205983887,2.427350550009528e-18,0.0,0.42627123898174835,0.47970724895841277
2012-12-19,0.09402151205983887,2.427350550009528e-18,0.0,0.42627123898174835,0.47970724895841277
2012-12-20,0.09402151205983887,2.427350550009528e-18,0.0,0.42627123898174835,0.47970724895841277
2012-12-21,0.09402151205983887,2.427350550009528e-18,0.0,0.42627123898174835,0.47970724895841277
2012-12-26,0.09402151205983887,2.427350550009528e-18,0.0,0.42627123898174835,0.47970724895841277
2012-12-27,0.09402151205983887,2.427350550009528e-18,0.0,0.42627123898174835,0.47970724895841277
2012-12-28,0.09402151205983887,2.427350550009528e-18,0.0,0.42627123898174835,0.47970724895841277
2013-01-02,0.1000760395735028,0.0,8.153335202263795e-17,0.41135022754596984,0.4885737328805273
2013-01-03,0.1000760395735028,0.0,8.153335202263795e-17,0.41135022754596984,0.4885737328805273
2013-01-04,0.1000760395735028,0.0,8.153335202263795e-17,0.41135022754596984,0.4885737328805273
2013-01-07,0.1000760395735028,0.0,8.153335202263795e-17,0.41135022754596984,0.4885737328805273
2013-01-08,0.1000760395735028,0.0,8.153335202263795e-17,0.41135022754596984,0.4885737328805273
2013-01-09,0.1000760395735028,0.0,8.153335202263795e-17,0.41135022754596984,0.4885737328805273
2013-01-10,0.1000760395735028,0.0,8.153335202263795e-17,0.41135022754596984,0.4885737328805273
2013-01-11,0.1000760395735028,0.0,8.153335202263795e-17,0.41135022754596984,0.4885737328805273
2013-01-14,0.1000760395735028,0.0,8.153335202263795e-17,0.41135022754596984,0.4885737328805273
2013-01-15,0.1000760395735028,0.0,8.153335202263795e-17,0.41135022754596984,0.4885737328805273
2013-01-16,0.1000760395735028,0.0,8.153335202263795e-17,0.41135022754596984,0.4885737328805273
2013-01-17,0.1000760395735028,0.0,8.153335202263795e-17,0.41135022754596984,0.4885737328805273
2013-01-18,0.1000760395735028,0.0,8.153335202263795e-17,0.41135022754596984,0.4885737328805273
2013-01-22,0.1000760395735028,0.0,8.153335202263795e-17,0.41135022754596984,0.4885737328805273
2013-01-23,0.1000760395735028,0.0,8.153335202263795e-17,0.41135022754596984,0.4885737328805273
2013-01-24,0.1000760395735028,0.0,8.153335202263795e-17,0.41135022754596984,0.4885737328805273
2013-01-28,0.1000760395735028,0.0,8.153335202263795e-17,0.41135022754596984,0.4885737328805273
2013-01-29,0.1000760395735028,0.0,8.153335202263795e-17,0.41135022754596984,0.4885737328805273
2013-01-30,0.1000760395735028,0.0,8.153335202263795e-17,0.41135022754596984,0.4885737328805273
2013-01-31,0.1000760395735028,0.0,8.153335202263795e-17,0.41135022754596984,0.4885737328805273
2013-02-01,0.1000760395735028,0.0,8.153335202263795e-17,0.41135022754596984,0.4885737328805273
2013-02-04,0.12503918970672817,0.0,0.0,0.43092016475125267,0.4440406455420193
2013-02-05,0.12503918970672817,0.0,0.0,0.43092016475125267,0.4440406455420193
2013-02-06,0.12503918970672817,0.0,0.0,0.43092016475125267,0.4440406455420193
2013-02-07,0.12503918970672817,0.0,0.0,0.43092016475125267,0.4440406455420193
2013-02-08,0.12503918970672817,0.0,0.0,0.43092016475125267,0.4440406455420193
2013-02-13,0.12503918970672817,0.0,0.0,0.43092016475125267,0.4440406455420193
2013-02-14,0.12503918970672817,0.0,0.0,0.43092016475125267,0.4440406455420193
2013-02-15,0.12503918970672817,0.0,0.0,0.43092016475125267,0.4440406455420193
2013-02-19,0.12503918970672817,0.0,0.0,0.43092016475125267,0.4440406455420193
2013-02-20,0.12503918970672817,0.0,0.0,0.43092016475125267,0.4440406455420193
2013-02-21,0.12503918970672817,0.0,0.0,0.43092016475125267,0.4440406455420193
2013-02-22,0.12503918970672817,0.0,0.0,0.43092016475125267,0.4440406455420193
2013-02-25,0.12503918970672817,0.0,0.0,0.43092016475125267,0.4440406455420193
2013-02-26,0.12503918970672817,0.0,0.0,0.43092016475125267,0.4440406455420193
2013-02-27,0.12503918970672817,0.0,0.0,0.43092016475125267,0.4440406455420193
2013-02-28,0.12503918970672817,0.0,0.0,0.43092016475125267,0.4440406455420193
2013-03-01,0.12503918970672817,0.0,0.0,0.43092016475125267,0.4440406455420193
2013-03-04,0.12503918970672817,0.0,0.0,0.43092016475125267,0.4440406455420193
2013-03-05,0.12503918970672817,0.0,0.0,0.43092016475125267,0.4440406455420193
2013-03-06,0.12503918970672817,0.0,0.0,0.43092016475125267,0.4440406455420193
2013-03-07,0.12503918970672817,0.0,0.0,0.43092016475125267,0.4440406455420193
2013-03-08,0.14445646951589294,5.3200574355655615e-18,2.4043213755887415e-18,0.4266786642047211,0.4288648662793859
2013-03-11,0.14445646951589294,5.3200574355655615e-18,2.4043213755887415e-18,0.4266786642047211,0.4288648662793859
2013-03-12,0.14445646951589294,5.3200574355655615e-18,2.4043213755887415e-18,0.4266786642047211,0.4288648662793859
2013-03-13,0.14445646951589294,5.3200574355655615e-18,2.4043213755887415e-18,0.4266786642047211,0.4288648662793859
2013-03-14,0.14445646951589294,5.3200574355655615e-18,2.4043213755887415e-18,0.4266786642047211,0.4288648662793859
2013-03-15,0.14445646951589294,5.3200574355655615e-18,2.4043213755887415e-18,0.4266786642047211,0.4288648662793859
2013-03-18,0.14445646951589294,5.3200574355655615e-18,2.4043213755887415e-18,0.4266786642047211,0.4288648662793859
2013-03-19,0.14445646951589294,5.3200574355655615e-18,2.4043213755887415e-18,0.4266786642047211,0.4288648662793859
2013-03-20,0.14445646951589294,5.3200574355655615e-18,2.4043213755887415e-18,0.4266786642047211,0.4288648662793859
2013-03-21,0.14445646951589294,5.3200574355655615e-18,2.4043213755887415e-18,0.4266786642047211,0.4288648662793859
2013-03-22,0.14445646951589294,5.3200574355655615e-18,2.4043213755887415e-18,0.4266786642047211,0.4288648662793859
2013-03-25,0.14445646951589294,5.3200574355655615e-18,2.4043213755887415e-18,0.4266786642047211,0.4288648662793859
2013-03-26,0.14445646951589294,5.3200574355655615e-18,2.4043213755887415e-18,0.4266786642047211,0.4288648662793859
2013-03-27,0.14445646951589294,5.3200574355655615e-18,2.4043213755887415e-18,0.4266786642047211,0.4288648662793859
2013-03-28,0.14445646951589294,5.3200574355655615e-18,2.4043213755887415e-18,0.4266786642047211,0.4288648662793859
2013-04-01,0.14445646951589294,5.3200574355655615e-18,2.4043213755887415e-18,0.4266786642047211,0.4288648662793859
2013-04-02,0.14445646951589294,5.3200574355655615e-18,2.4043213755887415e-18,0.4266786642047211,0.4288648662793859
2013-04-03,0.14445646951589294,5.3200574355655615e-18,2.4043213755887415e-18,0.4266786642047211,0.4288648662793859
2013-04-04,0.14445646951589294,5.3200574355655615e-18,2.4043213755887415e-18,0.4266786642047211,0.4288648662793859
2013-04-05,0.14445646951589294,5.3200574355655615e-18,2.4043213755887415e-18,0.4266786642047211,0.4288648662793859
2013-04-08,0.14445646951589294,5.3200574355655615e-18,2.4043213755887415e-18,0.4266786642047211,0.4288648662793859
2013-04-09,0.13738482711820568,7.669500460470577e-18,7.929638581043493e-18,0.4715889399887207,0.39102623289307364
2013-04-10,0.13738482711820568,7.669500460470577e-18,7.929638581043493e-18,0.4715889399887207,0.39102623289307364
2013-04-11,0.13738482711820568,7.669500460470577e-18,7.929638581043493e-18,0.4715889399887207,0.39102623289307364
2013-04-12,0.13738482711820568,7.669500460470577e-18,7.929638581043493e-18,0.4715889399887207,0.39102623289307364
2013-04-15,0.13738482711820568,7.669500460470577e-18,7.929638581043493e-18,0.4715889399887207,0.39102623289307364
2013-04-16,0.13738482711820568,7.669500460470577e-18,7.929638581043493e-18,0.4715889399887207,0.39102623289307364
2013-04-17,0.13738482711820568,7.669500460470577e-18,7.929638581043493e-18,0.4715889399887207,0.39102623289307364
2013-04-18,0.13738482711820568,7.669500460470577e-18,7.929638581043493e-18,0.4715889399887207,0.39102623289307364
2013-04-19,0.13738482711820568,7.669500460470577e-18,7.929638581043493e-18,0.4715889399887207,0.39102623289307364
2013-04-22,0.13738482711820568,7.669500460470577e-18,7.929638581043493e-18,0.4715889399887207,0.39102623289307364
2013-04-23,0.13738482711820568,7.669500460470577e-18,7.929638581043493e-18,0.4715889399887207,0.39102623289307364
2013-04-24,0.13738482711820568,7.669500460470577e-18,7.929638581043493e-18,0.4715889399887207,0.39102623289307364
2013-04-25,0.13738482711820568,7.669500460470577e-18,7.929638581043493e-18,0.4715889399887207,0.39102623289307364
2013-04-26,0.13738482711820568,7.669500460470577e-18,7.929638581043493e-18,0.4715889399887207,0.39102623289307364
2013-04-29,0.13738482711820568,7.669500460470577e-18,7.929638581043493e-18,0.4715889399887207,0.39102623289307364
2013-04-30,0.13738482711820568,7.669500460470577e-18,7.929638581043493e-18,0.4715889399887207,0.39102623289307364
2013-05-02,0.13738482711820568,7.669500460470577e-18,7.929638581043493e-18,0.4715889399887207,0.39102623289307364
2013-05-03,0.13738482711820568,7.669500460470577e-18,7.929638581043493e-18,0.4715889399887207,0.39102623289307364
2013-05-06,0.13738482711820568,7.669500460470577e-18,7.929638581043493e-18,0.4715889399887207,0.39102623289307364
2013-05-07,0.13738482711820568,7.669500460470577e-18,7.929638581043493e-18,0.4715889399887207,0.39102623289307364
2013-05-08,0.13738482711820568,7.669500460470577e-18,7.929638581043493e-18,0.4715889399887207,0.39102623289307364
2013-05-09,0.15784524527206836,7.066109734977534e-17,0.0,0.32661083769215404,0.5155439170357776
2013-05-10,0.15784524527206836,7.066109734977534e-17,0.0,0.32661083769215404,0.5155439170357776
2013-05-13,0.15784524527206836,7.066109734977534e-17,0.0,0.32661083769215404,0.5155439170357776
2013-05-14,0.15784524527206836,7.066109734977534e-17,0.0,0.32661083769215404,0.5155439170357776
2013-05-15,0.15784524527206836,7.066109734977534e-17,0.0,0.32661083769215404,0.5155439170357776
2013-05-16,0.15784524527206836,7.066109734977534e-17,0.0,0.32661083769215404,0.5155439170357776
2013-05-17,0.15784524527206836,7.066109734977534e-17,0.0,0.32661083769215404,0.5155439170357776
2013-05-20,0.15784524527206836,7.066109734977534e-17,0.0,0.32661083769215404,0.5155439170357776
2013-05-21,0.15784524527206836,7.066109734977534e-17,0.0,0.32661083769215404,0.5155439170357776
2013-05-22,0.15784524527206836,7.066109734977534e-17,0.0,0.32661083769215404,0.5155439170357776
2013-05-23,0.15784524527206836,7.066109734977534e-17,0.0,0.32661083769215404,0.5155439170357776
2013-05-24,0.15784524527206836,7.066109734977534e-17,0.0,0.32661083769215404,0.5155439170357776
2013-05-28,0.15784524527206836,7.066109734977534e-17,0.0,0.32661083769215404,0.5155439170357776
2013-05-29,0.15784524527206836,7.066109734977534e-17,0.0,0.32661083769215404,0.5155439170357776
2013-05-31,0.15784524527206836,7.066109734977534e-17,0.0,0.32661083769215404,0.5155439170357776
2013-06-03,0.15784524527206836,7.066109734977534e-17,0.0,0.32661083769215404,0.5155439170357776
2013-06-04,0.15784524527206836,7.066109734977534e-17,0.0,0.32661083769215404,0.5155439170357776
2013-06-05,0.15784524527206836,7.066109734977534e-17,0.0,0.32661083769215404,0.5155439170357776
2013-06-06,0.15784524527206836,7.066109734977534e-17,0.0,0.32661083769215404,0.5155439170357776
2013-06-07,0.15784524527206836,7.066109734977534e-17,0.0,0.32661083769215404,0.5155439170357776
2013-06-10,0.15784524527206836,7.066109734977534e-17,0.0,0.32661083769215404,0.5155439170357776
2013-06-11,0.17636411906294036,0.0,6.96532896645028e-19,0.2990579682118466,0.5245779127252131
2013-06-12,0.17636411906294036,0.0,6.96532896645028e-19,0.2990579682118466,0.5245779127252131
2013-06-13,0.17636411906294036,0.0,6.96532896645028e-19,0.2990579682118466,0.5245779127252131
2013-06-14,0.17636411906294036,0.0,6.96532896645028e-19,0.2990579682118466,0.5245779127252131
2013-06-17,0.17636411906294036,0.0,6.96532896645028e-19,0.2990579682118466,0.5245779127252131
2013-06-18,0.17636411906294036,0.0,6.96532896645028e-19,0.2990579682118466,0.5245779127252131
2013-06-19,0.17636411906294036,0.0,6.96532896645028e-19,0.2990579682118466,0.5245779127252131
2013-06-20,0.17636411906294036,0.0,6.96532896645028e-19,0.2990579682118466,0.5245779127252131
2013-06-21,0.17636411906294036,0.0,6.96532896645028e-19,0.2990579682118466,0.5245779127252131
2013-06-24,0.17636411906294036,0.0,6.96532896645028e-19,0.2990579682118466,0.5245779127252131
2013-06-25,0.17636411906294036,0.0,6.96532896645028e-19,0.2990579682118466,0.5245779127252131
2013-06-26,0.17636411906294036,0.0,6.96532896645028e-19,0.2990579682118466,0.5245779127252131
2013-06-27,0.17636411906294036,0.0,6.96532896645028e-19,0.2990579682118466,0.5245779127252131
2013-06-28,0.17636411906294036,0.0,6.96532896645028e-19,0.2990579682118466,0.5245779127252131
2013-07-01,0.17636411906294036,0.0,6.96532896645028e-19,0.2990579682118466,0.5245779127252131
2013-07-02,0.17636411906294036,0.0,6.96532896645028e-19,0.2990579682118466,0.5245779127252131
2013-07-03,0.17636411906294036,0.0,6.96532896645028e-19,0.2990579682118466,0.5245779127252131
2013-07-05,0.17636411906294036,0.0,6.96532896645028e-19,0.2990579682118466,0.5245779127252131
2013-07-08,0.17636411906294036,0.0,6.96532896645028e-19,0.2990579682118466,0.5245779127252131
2013-07-10,0.17636411906294036,0.0,6.96532896645028e-19,0.2990579682118466,0.5245779127252131
2013-07-11,0.17636411906294036,0.0,6.96532896645028e-19,0.2990579682118466,0.5245779127252131
2013-07-12,0.17131848218340628,1.4838209428565467e-17,0.0,0.2284710318276597,0.6002104859889341
2013-07-15,0.17131848218340628,1.4838209428565467e-17,0.0,0.2284710318276597,0.6002104859889341
2013-07-16,0.17131848218340628,1.4838209428565467e-17,0.0,0.2284710318276597,0.6002104859889341
2013-07-17,0.17131848218340628,1.4838209428565467e-17,0.0,0.2284710318276597,0.6002104859889341
2013-07-18,0.17131848218340628,1.4838209428565467e-17,0.0,0.2284710318276597,0.6002104859889341
2013-07-19,0.17131848218340628,1.4838209428565467e-17,0.0,0.2284710318276597,0.6002104859889341
2013-07-22,0.17131848218340628,1.4838209428565467e-17,0.0,0.2284710318276597,0.6002104859889341
2013-07-23,0.17131848218340628,1.4838209428565467e-17,0.0,0.2284710318276597,0.6002104859889341
2013-07-24,0.17131848218340628,1.4838209428565467e-17,0.0,0.2284710318276597,0.6002104859889341
2013-07-25,0.17131848218340628,1.4838209428565467e-17,0.0,0.2284710318276597,0.6002104859889341
2013-07-26,0.17131848218340628,1.4838209428565467e-17,0.0,0.2284710318276597,0.6002104859889341
2013-07-29,0.17131848218340628,1.4838209428565467e-17,0.0,0.2284710318276597,0.6002104859889341
2013-07-30,0.17131848218340628,1.4838209428565467e-17,0.0,0.2284710318276597,0.6002104859889341
2013-07-31,0.17131848218340628,1.4838209428565467e-17,0.0,0.2284710318276597,0.6002104859889341
2013-08-01,0.17131848218340628,1.4838209428565467e-17,0.0,0.2284710318276597,0.6002104859889341
2013-08-02,0.17131848218340628,1.4838209428565467e-17,0.0,0.2284710318276597,0.6002104859889341
2013-08-05,0.17131848218340628,1.4838209428565467e-17,0.0,0.2284710318276597,0.6002104859889341
2013-08-06,0.17131848218340628,1.4838209428565467e-17,0.0,0.2284710318276597,0.6002104859889341
2013-08-07,0.17131848218340628,1.4838209428565467e-17,0.0,0.2284710318276597,0.6002104859889341
2013-08-08,0.17131848218340628,1.4838209428565467e-17,0.0,0.2284710318276597,0.6002104859889341
2013-08-09,0.17131848218340628,1.4838209428565467e-17,0.0,0.2284710318276597,0.6002104859889341
2013-08-12,0.17738086319567556,0.0,7.352123195228063e-18,0.21488972006213114,0.6077294167421934
2013-08-13,0.17738086319567556,0.0,7.352123195228063e-18,0.21488972006213114,0.6077294167421934
2013-08-14,0.17738086319567556,0.0,7.352123195228063e-18,0.21488972006213114,0.6077294167421934
2013-08-15,0.17738086319567556,0.0,7.352123195228063e-18,0.21488972006213114,0.6077294167421934
2013-08-16,0.17738086319567556,0.0,7.352123195228063e-18,0.21488972006213114,0.6077294167421934
2013-08-19,0.17738086319567556,0.0,7.352123195228063e-18,0.21488972006213114,0.6077294167421934
2013-08-20,0.17738086319567556,0.0,7.352123195228063e-18,0.21488972006213114,0.6077294167421934
2013-08-21,0.17738086319567556,0.0,7.352123195228063e-18,0.21488972006213114,0.6077294167421934
2013-08-22,0.17738086319567556,0.0,7.352123195228063e-18,0.21488972006213114,0.6077294167421934
2013-08-23,0.17738086319567556,0.0,7.352123195228063e-18,0.21488972006213114,0.6077294167421934
2013-08-26,0.17738086319567556,0.0,7.352123195228063e-18,0.21488972006213114,0.6077294167421934
2013-08-27,0.17738086319567556,0.0,7.352123195228063e-18,0.21488972006213114,0.6077294167421934
2013-08-28,0.17738086319567556,0.0,7.352123195228063e-18,0.21488972006213114,0.6077294167421934
2013-08-29,0.17738086319567556,0.0,7.352123195228063e-18,0.21488972006213114,0.6077294167421934
2013-08-30,0.17738086319567556,0.0,7.352123195228063e-18,0.21488972006213114,0.6077294167421934
2013-09-03,0.17738086319567556,0.0,7.352123195228063e-18,0.21488972006213114,0.6077294167421934
2013-09-04,0.17738086319567556,0.0,7.352123195228063e-18,0.21488972006213114,0.6077294167421934
2013-09-05,0.17738086319567556,0.0,7.352123195228063e-18,0.21488972006213114,0.6077294167421934
2013-09-06,0.17738086319567556,0.0,7.352123195228063e-18,0.21488972006213114,0.6077294167421934
2013-09-09,0.17738086319567556,0.0,7.352123195228063e-18,0.21488972006213114,0.6077294167421934
2013-09-10,0.17738086319567556,0.0,7.352123195228063e-18,0.21488972006213114,0.6077294167421934
2013-09-11,0.2582749654715038,0.0,0.0,0.18484509120372092,0.5568799433247753
2013-09-12,0.2582749654715038,0.0,0.0,0.18484509120372092,0.5568799433247753
2013-09-13,0.2582749654715038,0.0,0.0,0.18484509120372092,0.5568799433247753
2013-09-16,0.2582749654715038,0.0,0.0,0.18484509120372092,0.5568799433247753
2013-09-17,0.2582749654715038,0.0,0.0,0.18484509120372092,0.5568799433247753
2013-09-18,0.2582749654715038,0.0,0.0,0.18484509120372092,0.5568799433247753
2013-09-19,0.2582749654715038,0.0,0.0,0.18484509120372092,0.5568799433247753
2013-09-20,0.2582749654715038,0.0,0.0,0.18484509120372092,0.5568799433247753
2013-09-23,0.2582749654715038,0.0,0.0,0.18484509120372092,0.5568799433247753
2013-09-24,0.2582749654715038,0.0,0.0,0.18484509120372092,0.5568799433247753
2013-09-25,0.2582749654715038,0.0,0.0,0.18484509120372092,0.5568799433247753
2013-09-26,0.2582749654715038,0.0,0.0,0.18484509120372092,0.5568799433247753
2013-09-27,0.2582749654715038,0.0,0.0,0.18484509120372092,0.5568799433247753
2013-09-30,0.2582749654715038,0.0,0.0,0.18484509120372092,0.5568799433247753
2013-10-01,0.2582749654715038,0.0,0.0,0.18484509120372092,0.5568799433247753
2013-10-02,0.2582749654715038,0.0,0.0,0.18484509120372092,0.5568799433247753
2013-10-03,0.2582749654715038,0.0,0.0,0.18484509120372092,0.5568799433247753
2013-10-04,0.2582749654715038,0.0,0.0,0.18484509120372092,0.5568799433247753
2013-10-07,0.2582749654715038,0.0,0.0,0.18484509120372092,0.5568799433247753
2013-10-08,0.2582749654715038,0.0,0.0,0.18484509120372092,0.5568799433247753
2013-10-09,0.2582749654715038,0.0,0.0,0.18484509120372092,0.5568799433247753
2013-10-10,0.2695450226237583,0.0068465010244793505,0.0,0.1480263586969661,0.5755821176547964
2013-10-11,0.2695450226237583,0.0068465010244793505,0.0,0.1480263586969661,0.5755821176547964
2013-10-14,0.2695450226237583,0.0068465010244793505,0.0,0.1480263586969661,0.5755821176547964
2013-10-15,0.2695450226237583,0.0068465010244793505,0.0,0.1480263586969661,0.5755821176547964
2013-10-16,0.2695450226237583,0.0068465010244793505,0.0,0.1480263586969661,0.5755821176547964
2013-10-17,0.2695450226237583,0.0068465010244793505,0.0,0.1480263586969661,0.5755821176547964
2013-10-18,0.2695450226237583,0.0068465010244793505,0.0,0.1480263586969661,0.5755821176547964
2013-10-21,0.2695450226237583,0.0068465010244793505,0.0,0.1480263586969661,0.5755821176547964
2013-10-22,0.2695450226237583,0.0068465010244793505,0.0,0.1480263586969661,0.5755821176547964
2013-10-23,0.2695450226237583,0.0068465010244793505,0.0,0.1480263586969661,0.5755821176547964
2013-10-24,0.2695450226237583,0.0068465010244793505,0.0,0.1480263586969661,0.5755821176547964
2013-10-25,0.2695450226237583,0.0068465010244793505,0.0,0.1480263586969661,0.5755821176547964
2013-10-28,0.2695450226237583,0.0068465010244793505,0.0,0.1480263586969661,0.5755821176547964
2013-10-29,0.2695450226237583,0.0068465010244793505,0.0,0.1480263586969661,0.5755821176547964
2013-10-30,0.2695450226237583,0.0068465010244793505,0.0,0.1480263586969661,0.5755821176547964
2013-10-31,0.2695450226237583,0.0068465010244793505,0.0,0.1480263586969661,0.5755821176547964
2013-11-01,0.2695450226237583,0.0068465010244793505,0.0,0.1480263586969661,0.5755821176547964
2013-11-04,0.2695450226237583,0.0068465010244793505,0.0,0.1480263586969661,0.5755821176547964
2013-11-05,0.2695450226237583,0.0068465010244793505,0.0,0.1480263586969661,0.5755821176547964
2013-11-06,0.2695450226237583,0.0068465010244793505,0.0,0.1480263586969661,0.5755821176547964
2013-11-07,0.2695450226237583,0.0068465010244793505,0.0,0.1480263586969661,0.5755821176547964
2013-11-08,0.31062376530340263,2.7755575615628914e-17,4.381448135897005e-18,0.14168297593046267,0.5476932587661347
2013-11-11,0.31062376530340263,2.7755575615628914e-17,4.381448135897005e-18,0.14168297593046267,0.5476932587661347
2013-11-12,0.31062376530340263,2.7755575615628914e-17,4.381448135897005e-18,0.14168297593046267,0.5476932587661347
2013-11-13,0.31062376530340263,2.7755575615628914e-17,4.381448135897005e-18,0.14168297593046267,0.5476932587661347
2013-11-14,0.31062376530340263,2.7755575615628914e-17,4.381448135897005e-18,0.14168297593046267,0.5476932587661347
2013-11-18,0.31062376530340263,2.7755575615628914e-17,4.381448135897005e-18,0.14168297593046267,0.5476932587661347
2013-11-19,0.31062376530340263,2.7755575615628914e-17,4.381448135897005e-18,0.14168297593046267,0.5476932587661347
2013-11-21,0.31062376530340263,2.7755575615628914e-17,4.381448135897005e-18,0.14168297593046267,0.5476932587661347
2013-11-22,0.31062376530340263,2.7755575615628914e-17,4.381448135897005e-18,0.14168297593046267,0.5476932587661347
2013-11-25,0.31062376530340263,2.7755575615628914e-17,4.381448135897005e-18,0.14168297593046267,0.5476932587661347
2013-11-26,0.31062376530340263,2.7755575615628914e-17,4.381448135897005e-18,0.14168297593046267,0.5476932587661347
2013-11-27,0.31062376530340263,2.7755575615628914e-17,4.381448135897005e-18,0.14168297593046267,0.5476932587661347
2013-11-29,0.31062376530340263,2.7755575615628914e-17,4.381448135897005e-18,0.14168297593046267,0.5476932587661347
2013-12-02,0.31062376530340263,2.7755575615628914e-17,4.381448135897005e-18,0.14168297593046267,0.5476932587661347
2013-12-03,0.31062376530340263,2.7755575615628914e-17,4.381448135897005e-18,0.14168297593046267,0.5476932587661347
2013-12-04,0.31062376530340263,2.7755575615628914e-17,4.381448135897005e-18,0.14168297593046267,0.5476932587661347
2013-12-05,0.31062376530340263,2.7755575615628914e-17,4.381448135897005e-18,0.14168297593046267,0.5476932587661347
2013-12-06,0.31062376530340263,2.7755575615628914e-17,4.381448135897005e-18,0.14168297593046267,0.5476932587661347
2013-12-09,0.31062376530340263,2.7755575615628914e-17,4.381448135897005e-18,0.14168297593046267,0.5476932587661347
2013-12-10,0.31062376530340263,2.7755575615628914e-17,4.381448135897005e-18,0.14168297593046267,0.5476932587661347
2013-12-11,0.31062376530340263,2.7755575615628914e-17,4.381448135897005e-18,0.14168297593046267,0.5476932587661347
2013-12-12,0.33205751545884676,0.0,0.0,0.12413149818085856,0.5438109863602948
2013-12-13,0.33205751545884676,0.0,0.0,0.12413149818085856,0.5438109863602948
2013-12-16,0.33205751545884676,0.0,0.0,0.12413149818085856,0.5438109863602948
2013-12-17,0.33205751545884676,0.0,0.0,0.12413149818085856,0.5438109863602948
2013-12-18,0.33205751545884676,0.0,0.0,0.12413149818085856,0.5438109863602948
2013-12-19,0.33205751545884676,0.0,0.0,0.12413149818085856,0.5438109863602948
2013-12-20,0.33205751545884676,0.0,0.0,0.12413149818085856,0.5438109863602948
2013-12-23,0.33205751545884676,0.0,0.0,0.12413149818085856,0.5438109863602948
2013-12-26,0.33205751545884676,0.0,0.0,0.12413149818085856,0.5438109863602948
2013-12-27,0.33205751545884676,0.0,0.0,0.12413149818085856,0.5438109863602948
2013-12-30,0.33205751545884676,0.0,0.0,0.12413149818085856,0.5438109863602948
2014-01-02,0.33205751545884676,0.0,0.0,0.12413149818085856,0.5438109863602948
2014-01-03,0.33205751545884676,0.0,0.0,0.12413149818085856,0.5438109863602948
2014-01-06,0.33205751545884676,0.0,0.0,0.12413149818085856,0.5438109863602948
2014-01-07,0.33205751545884676,0.0,0.0,0.12413149818085856,0.5438109863602948
2014-01-08,0.33205751545884676,0.0,0.0,0.12413149818085856,0.5438109863602948
2014-01-09,0.33205751545884676,0.0,0.0,0.12413149818085856,0.5438109863602948
2014-01-10,0.33205751545884676,0.0,0.0,0.12413149818085856,0.5438109863602948
2014-01-13,0.33205751545884676,0.0,0.0,0.12413149818085856,0.5438109863602948
2014-01-14,0.33205751545884676,0.0,0.0,0.12413149818085856,0.5438109863602948
2014-01-15,0.33205751545884676,0.0,0.0,0.12413149818085856,0.5438109863602948
2014-01-16,0.32882970166266967,0.017520522548466002,8.925885102167683e-19,0.12222975602520994,0.5314200197636545
2014-01-17,0.32882970166266967,0.017520522548466002,8.925885102167683e-19,0.12222975602520994,0.5314200197636545
2014-01-21,0.32882970166266967,0.017520522548466002,8.925885102167683e-19,0.12222975602520994,0.5314200197636545
2014-01-22,0.32882970166266967,0.017520522548466002,8.925885102167683e-19,0.12222975602520994,0.5314200197636545
2014-01-23,0.32882970166266967,0.017520522548466002,8.925885102167683e-19,0.12222975602520994,0.5314200197636545
2014-01-24,0.32882970166266967,0.017520522548466002,8.925885102167683e-19,0.12222975602520994,0.5314200197636545
2014-01-27,0.32882970166266967,0.017520522548466002,8.925885102167683e-19,0.12222975602520994,0.5314200197636545
2014-01-28,0.32882970166266967,0.017520522548466002,8.925885102167683e-19,0.12222975602520994,0.5314200197636545
2014-01-29,0.32882970166266967,0.017520522548466002,8.925885102167683e-19,0.12222975602520994,0.5314200197636545
2014-01-30,0.32882970166266967,0.017520522548466002,8.925885102167683e-19,0.12222975602520994,0.5314200197636545
2014-01-31,0.32882970166266967,0.017520522548466002,8.925885102167683e-19,0.12222975602520994,0.5314200197636545
2014-02-03,0.32882970166266967,0.017520522548466002,8.925885102167683e-19,0.12222975602520994,0.5314200197636545
2014-02-04,0.32882970166266967,0.017520522548466002,8.925885102167683e-19,0.12222975602520994,0.5314200197636545
2014-02-05,0.32882970166266967,0.017520522548466002,8.925885102167683e-19,0.12222975602520994,0.5314200197636545
2014-02-06,0.32882970166266967,0.017520522548466002,8.925885102167683e-19,0.12222975602520994,0.5314200197636545
2014-02-07,0.32882970166266967,0.017520522548466002,8.925885102167683e-19,0.12222975602520994,0.5314200197636545
2014-02-10,0.32882970166266967,0.017520522548466002,8.925885102167683e-19,0.12222975602520994,0.5314200197636545
2014-02-11,0.32882970166266967,0.017520522548466002,8.925885102167683e-19,0.12222975602520994,0.5314200197636545
2014-02-12,0.32882970166266967,0.017520522548466002,8.925885102167683e-19,0.12222975602520994,0.5314200197636545
2014-02-13,0.32882970166266967,0.017520522548466002,8.925885102167683e-19,0.12222975602520994,0.5314200197636545
2014-02-14,0.32882970166266967,0.017520522548466002,8.925885102167683e-19,0.12222975602520994,0.5314200197636545
2014-02-18,0.2998233070161709,0.03141795658578539,0.0,0.135809657168782,0.5329490792292617
2014-02-19,0.2998233070161709,0.03141795658578539,0.0,0.135809657168782,0.5329490792292617
2014-02-20,0.2998233070161709,0.03141795658578539,0.0,0.135809657168782,0.5329490792292617
2014-02-21,0.2998233070161709,0.03141795658578539,0.0,0.135809657168782,0.5329490792292617
2014-02-24,0.2998233070161709,0.03141795658578539,0.0,0.135809657168782,0.5329490792292617
2014-02-25,0.2998233070161709,0.03141795658578539,0.0,0.135809657168782,0.5329490792292617
2014-02-26,0.2998233070161709,0.03141795658578539,0.0,0.135809657168782,0.5329490792292617
2014-02-27,0.2998233070161709,0.03141795658578539,0.0,0.135809657168782,0.5329490792292617
2014-02-28,0.2998233070161709,0.03141795658578539,0.0,0.135809657168782,0.5329490792292617
2014-03-05,0.2998233070161709,0.03141795658578539,0.0,0.135809657168782,0.5329490792292617
2014-03-06,0.2998233070161709,0.03141795658578539,0.0,0.135809657168782,0.5329490792292617
2014-03-07,0.2998233070161709,0.03141795658578539,0.0,0.135809657168782,0.5329490792292617
2014-03-10,0.2998233070161709,0.03141795658578539,0.0,0.135809657168782,0.5329490792292617
2014-03-11,0.2998233070161709,0.03141795658578539,0.0,0.135809657168782,0.5329490792292617
2014-03-12,0.2998233070161709,0.03141795658578539,0.0,0.135809657168782,0.5329490792292617
2014-03-13,0.2998233070161709,0.03141795658578539,0.0,0.135809657168782,0.5329490792292617
2014-03-14,0.2998233070161709,0.03141795658578539,0.0,0.135809657168782,0.5329490792292617
2014-03-17,0.2998233070161709,0.03141795658578539,0.0,0.135809657168782,0.5329490792292617
2014-03-18,0.2998233070161709,0.03141795658578539,0.0,0.135809657168782,0.5329490792292617
2014-03-19,0.2998233070161709,0.03141795658578539,0.0,0.135809657168782,0.5329490792292617
2014-03-20,0.2998233070161709,0.03141795658578539,0.0,0.135809657168782,0.5329490792292617
2014-03-21,0.2865929665698053,0.04028526889629215,0.0,0.13732897218634538,0.5357927923475573
2014-03-24,0.2865929665698053,0.04028526889629215,0.0,0.13732897218634538,0.5357927923475573
2014-03-25,0.2865929665698053,0.04028526889629215,0.0,0.13732897218634538,0.5357927923475573
2014-03-26,0.2865929665698053,0.04028526889629215,0.0,0.13732897218634538,0.5357927923475573
2014-03-27,0.2865929665698053,0.04028526889629215,0.0,0.13732897218634538,0.5357927923475573
2014-03-28,0.2865929665698053,0.04028526889629215,0.0,0.13732897218634538,0.5357927923475573
2014-03-31,0.2865929665698053,0.04028526889629215,0.0,0.13732897218634538,0.5357927923475573
2014-04-01,0.2865929665698053,0.04028526889629215,0.0,0.13732897218634538,0.5357927923475573
2014-04-02,0.2865929665698053,0.04028526889629215,0.0,0.13732897218634538,0.5357927923475573
2014-04-03,0.2865929665698053,0.04028526889629215,0.0,0.13732897218634538,0.5357927923475573
2014-04-04,0.2865929665698053,0.04028526889629215,0.0,0.13732897218634538,0.5357927923475573
2014-04-07,0.2865929665698053,0.04028526889629215,0.0,0.13732897218634538,0.5357927923475573
2014-04-08,0.2865929665698053,0.04028526889629215,0.0,0.13732897218634538,0.5357927923475573
2014-04-09,0.2865929665698053,0.04028526889629215,0.0,0.13732897218634538,0.5357927923475573
2014-04-10,0.2865929665698053,0.04028526889629215,0.0,0.13732897218634538,0.5357927923475573
2014-04-11,0.2865929665698053,0.04028526889629215,0.0,0.13732897218634538,0.5357927923475573
2014-04-14,0.2865929665698053,0.04028526889629215,0.0,0.13732897218634538,0.5357927923475573
2014-04-15,0.2865929665698053,0.04028526889629215,0.0,0.13732897218634538,0.5357927923475573
2014-04-16,0.2865929665698053,0.04028526889629215,0.0,0.13732897218634538,0.5357927923475573
2014-04-17,0.2865929665698053,0.04028526889629215,0.0,0.13732897218634538,0.5357927923475573
2014-04-22,0.2865929665698053,0.04028526889629215,0.0,0.13732897218634538,0.5357927923475573
2014-04-23,0.31260753757471255,0.030724456161736025,1.2014971091795184e-18,0.150706582591721,0.5059614236718304
2014-04-24,0.31260753757471255,0.030724456161736025,1.2014971091795184e-18,0.150706582591721,0.5059614236718304
2014-04-25,0.31260753757471255,0.030724456161736025,1.2014971091795184e-18,0.150706582591721,0.5059614236718304
2014-04-28,0.31260753757471255,0.030724456161736025,1.2014971091795184e-18,0.150706582591721,0.5059614236718304
2014-04-29,0.31260753757471255,0.030724456161736025,1.2014971091795184e-18,0.150706582591721,0.5059614236718304
2014-04-30,0.31260753757471255,0.030724456161736025,1.2014971091795184e-18,0.150706582591721,0.5059614236718304
2014-05-02,0.31260753757471255,0.030724456161736025,1.2014971091795184e-18,0.150706582591721,0.5059614236718304
2014-05-05,0.31260753757471255,0.030724456161736025,1.2014971091795184e-18,0.150706582591721,0.5059614236718304
2014-05-06,0.31260753757471255,0.030724456161736025,1.2014971091795184e-18,0.150706582591721,0.5059614236718304
2014-05-07,0.31260753757471255,0.030724456161736025,1.2014971091795184e-18,0.150706582591721,0.5059614236718304
2014-05-08,0.31260753757471255,0.030724456161736025,1.2014971091795184e-18,0.150706582591721,0.5059614236718304
2014-05-09,0.31260753757471255,0.030724456161736025,1.2014971091795184e-18,0.150706582591721,0.5059614236718304
2014-05-12,0.31260753757471255,0.030724456161736025,1.2014971091795184e-18,0.150706582591721,0.5059614236718304
2014-05-13,0.31260753757471255,0.030724456161736025,1.2014971091795184e-18,0.150706582591721,0.5059614236718304
2014-05-14,0.31260753757471255,0.030724456161736025,1.2014971091795184e-18,0.150706582591721,0.5059614236718304
2014-05-15,0.31260753757471255,0.030724456161736025,1.2014971091795184e-18,0.150706582591721,0.5059614236718304
2014-05-16,0.31260753757471255,0.030724456161736025,1.2014971091795184e-18,0.150706582591721,0.5059614236718304
2014-05-19,0.31260753757471255,0.030724456161736025,1.2014971091795184e-18,0.150706582591721,0.5059614236718304
2014-05-20,0.31260753757471255,0.030724456161736025,1.2014971091795184e-18,0.150706582591721,0.5059614236718304
2014-05-21,0.31260753757471255,0.030724456161736025,1.2014971091795184e-18,0.150706582591721,0.5059614236718304
2014-05-22,0.31260753757471255,0.030724456161736025,1.2014971091795184e-18,0.150706582591721,0.5059614236718304
2014-05-23,0.30616786330206053,0.039288522114237286,2.1619069786523042e-17,0.20243348745606857,0.4521101271276337
2014-05-27,0.30616786330206053,0.039288522114237286,2.1619069786523042e-17,0.20243348745606857,0.4521101271276337
2014-05-28,0.30616786330206053,0.039288522114237286,2.1619069786523042e-17,0.20243348745606857,0.4521101271276337
2014-05-29,0.30616786330206053,0.039288522114237286,2.1619069786523042e-17,0.20243348745606857,0.4521101271276337
2014-05-30,0.30616786330206053,0.039288522114237286,2.1619069786523042e-17,0.20243348745606857,0.4521101271276337
2014-06-02,0.30616786330206053,0.039288522114237286,2.1619069786523042e-17,0.20243348745606857,0.4521101271276337
2014-06-03,0.30616786330206053,0.039288522114237286,2.1619069786523042e-17,0.20243348745606857,0.4521101271276337
2014-06-04,0.30616786330206053,0.039288522114237286,2.1619069786523042e-17,0.20243348745606857,0.4521101271276337
2014-06-05,0.30616786330206053,0.039288522114237286,2.1619069786523042e-17,0.20243348745606857,0.4521101271276337
2014-06-06,0.30616786330206053,0.039288522114237286,2.1619069786523042e-17,0.20243348745606857,0.4521101271276337
2014-06-09,0.30616786330206053,0.039288522114237286,2.1619069786523042e-17,0.20243348745606857,0.4521101271276337
2014-06-10,0.30616786330206053,0.039288522114237286,2.1619069786523042e-17,0.20243348745606857,0.4521101271276337
2014-06-11,0.30616786330206053,0.039288522114237286,2.1619069786523042e-17,0.20243348745606857,0.4521101271276337
2014-06-13,0.30616786330206053,0.039288522114237286,2.1619069786523042e-17,0.20243348745606857,0.4521101271276337
2014-06-16,0.30616786330206053,0.039288522114237286,2.1619069786523042e-17,0.20243348745606857,0.4521101271276337
2014-06-17,0.30616786330206053,0.039288522114237286,2.1619069786523042e-17,0.20243348745606857,0.4521101271276337
2014-06-18,0.30616786330206053,0.039288522114237286,2.1619069786523042e-17,0.20243348745606857,0.4521101271276337
2014-06-20,0.30616786330206053,0.039288522114237286,2.1619069786523042e-17,0.20243348745606857,0.4521101271276337
2014-06-23,0.30616786330206053,0.039288522114237286,2.1619069786523042e-17,0.20243348745606857,0.4521101271276337
2014-06-24,0.30616786330206053,0.039288522114237286,2.1619069786523042e-17,0.20243348745606857,0.4521101271276337
2014-06-25,0.30616786330206053,0.039288522114237286,2.1619069786523042e-17,0.20243348745606857,0.4521101271276337
2014-06-26,0.33492903425988113,2.6020852139652106e-17,7.640698606452833e-18,0.206355395772435,0.4587155699676839
2014-06-27,0.33492903425988113,2.6020852139652106e-17,7.640698606452833e-18,0.206355395772435,0.4587155699676839
2014-06-30,0.33492903425988113,2.6020852139652106e-17,7.640698606452833e-18,0.206355395772435,0.4587155699676839
2014-07-01,0.33492903425988113,2.6020852139652106e-17,7.640698606452833e-18,0.206355395772435,0.4587155699676839
2014-07-02,0.33492903425988113,2.6020852139652106e-17,7.640698606452833e-18,0.206355395772435,0.4587155699676839
2014-07-03,0.33492903425988113,2.6020852139652106e-17,7.640698606452833e-18,0.206355395772435,0.4587155699676839
2014-07-07,0.33492903425988113,2.6020852139652106e-17,7.640698606452833e-18,0.206355395772435,0.4587155699676839
2014-07-08,0.33492903425988113,2.6020852139652106e-17,7.640698606452833e-18,0.206355395772435,0.4587155699676839
2014-07-10,0.33492903425988113,2.6020852139652106e-17,7.640698606452833e-18,0.206355395772435,0.4587155699676839
2014-07-11,0.33492903425988113,2.6020852139652106e-17,7.640698606452833e-18,0.206355395772435,0.4587155699676839
2014-07-14,0.33492903425988113,2.6020852139652106e-17,7.640698606452833e-18,0.206355395772435,0.4587155699676839
2014-07-15,0.33492903425988113,2.6020852139652106e-17,7.640698606452833e-18,0.206355395772435,0.4587155699676839
2014-07-16,0.33492903425988113,2.6020852139652106e-17,7.640698606452833e-18,0.206355395772435,0.4587155699676839
2014-07-17,0.33492903425988113,2.6020852139652106e-17,7.640698606452833e-18,0.206355395772435,0.4587155699676839
2014-07-18,0.33492903425988113,2.6020852139652106e-17,7.640698606452833e-18,0.206355395772435,0.4587155699676839
2014-07-21,0.33492903425988113,2.6020852139652106e-17,7.640698606452833e-18,0.206355395772435,0.4587155699676839
2014-07-22,0.33492903425988113,2.6020852139652106e-17,7.640698606452833e-18,0.206355395772435,0.4587155699676839
2014-07-23,0.33492903425988113,2.6020852139652106e-17,7.640698606452833e-18,0.206355395772435,0.4587155699676839
2014-07-24,0.33492903425988113,2.6020852139652106e-17,7.640698606452833e-18,0.206355395772435,0.4587155699676839
2014-07-25,0.33492903425988113,2.6020852139652106e-17,7.640698606452833e-18,0.206355395772435,0.4587155699676839
2014-07-28,0.33492903425988113,2.6020852139652106e-17,7.640698606452833e-18,0.206355395772435,0.4587155699676839
2014-07-29,0.3432629753093578,1.0044325174439675e-17,0.0,0.22242283993000822,0.43431418476063405
2014-07-30,0.3432629753093578,1.0044325174439675e-17,0.0,0.22242283993000822,0.43431418476063405
2014-07-31,0.3432629753093578,1.0044325174439675e-17,0.0,0.22242283993000822,0.43431418476063405
2014-08-01,0.3432629753093578,1.0044325174439675e-17,0.0,0.22242283993000822,0.43431418476063405
2014-08-04,0.3432629753093578,1.0044325174439675e-17,0.0,0.22242283993000822,0.43431418476063405
2014-08-05,0.3432629753093578,1.0044325174439675e-17,0.0,0.22242283993000822,0.43431418476063405
2014-08-06,0.3432629753093578,1.0044325174439675e-17,0.0,0.22242283993000822,0.43431418476063405
2014-08-07,0.3432629753093578,1.0044325174439675e-17,0.0,0.22242283993000822,0.43431418476063405
2014-08-08,0.3432629753093578,1.0044325174439675e-17,0.0,0.22242283993000822,0.43431418476063405
2014-08-11,0.3432629753093578,1.0044325174439675e-17,0.0,0.22242283993000822,0.43431418476063405
2014-08-12,0.3432629753093578,1.0044325174439675e-17,0.0,0.22242283993000822,0.43431418476063405
2014-08-13,0.3432629753093578,1.0044325174439675e-17,0.0,0.22242283993000822,0.43431418476063405
2014-08-14,0.3432629753093578,1.0044325174439675e-17,0.0,0.22242283993000822,0.43431418476063405
2014-08-15,0.3432629753093578,1.0044325174439675e-17,0.0,0.22242283993000822,0.43431418476063405
2014-08-18,0.3432629753093578,1.0044325174439675e-17,0.0,0.22242283993000822,0.43431418476063405
2014-08-19,0.3432629753093578,1.0044325174439675e-17,0.0,0.22242283993000822,0.43431418476063405
2014-08-20,0.3432629753093578,1.0044325174439675e-17,0.0,0.22242283993000822,0.43431418476063405
2014-08-21,0.3432629753093578,1.0044325174439675e-17,0.0,0.22242283993000822,0.43431418476063405
2014-08-22,0.3432629753093578,1.0044325174439675e-17,0.0,0.22242283993000822,0.43431418476063405
2014-08-25,0.3432629753093578,1.0044325174439675e-17,0.0,0.22242283993000822,0.43431418476063405
2014-08-26,0.3432629753093578,1.0044325174439675e-17,0.0,0.22242283993000822,0.43431418476063405
2014-08-27,0.2650597898088934,0.07932873615672566,5.1417734408446784e-17,0.24311807710655578,0.4124933969278251
2014-08-28,0.2650597898088934,0.07932873615672566,5.1417734408446784e-17,0.24311807710655578,0.4124933969278251
2014-08-29,0.2650597898088934,0.07932873615672566,5.1417734408446784e-17,0.24311807710655578,0.4124933969278251
2014-09-02,0.2650597898088934,0.07932873615672566,5.1417734408446784e-17,0.24311807710655578,0.4124933969278251
2014-09-03,0.2650597898088934,0.07932873615672566,5.1417734408446784e-17,0.24311807710655578,0.4124933969278251
2014-09-04,0.2650597898088934,0.07932873615672566,5.1417734408446784e-17,0.24311807710655578,0.4124933969278251
2014-09-05,0.2650597898088934,0.07932873615672566,5.1417734408446784e-17,0.24311807710655578,0.4124933969278251
2014-09-08,0.2650597898088934,0.07932873615672566,5.1417734408446784e-17,0.24311807710655578,0.4124933969278251
2014-09-09,0.2650597898088934,0.07932873615672566,5.1417734408446784e-17,0.24311807710655578,0.4124933969278251
2014-09-10,0.2650597898088934,0.07932873615672566,5.1417734408446784e-17,0.24311807710655578,0.4124933969278251
2014-09-11,0.2650597898088934,0.07932873615672566,5.1417734408446784e-17,0.24311807710655578,0.4124933969278251
2014-09-12,0.2650597898088934,0.07932873615672566,5.1417734408446784e-17,0.24311807710655578,0.4124933969278251
2014-09-15,0.2650597898088934,0.07932873615672566,5.1417734408446784e-17,0.24311807710655578,0.4124933969278251
2014-09-16,0.2650597898088934,0.07932873615672566,5.1417734408446784e-17,0.24311807710655578,0.4124933969278251
2014-09-17,0.2650597898088934,0.07932873615672566,5.1417734408446784e-17,0.24311807710655578,0.4124933969278251
2014-09-18,0.2650597898088934,0.07932873615672566,5.1417734408446784e-17,0.24311807710655578,0.4124933969278251
2014-09-19,0.2650597898088934,0.07932873615672566,5.1417734408446784e-17,0.24311807710655578,0.4124933969278251
2014-09-22,0.2650597898088934,0.07932873615672566,5.1417734408446784e-17,0.24311807710655578,0.4124933969278251
2014-09-23,0.2650597898088934,0.07932873615672566,5.1417734408446784e-17,0.24311807710655578,0.4124933969278251
2014-09-24,0.2650597898088934,0.07932873615672566,5.1417734408446784e-17,0.24311807710655578,0.4124933969278251
2014-09-25,0.2650597898088934,0.07932873615672566,5.1417734408446784e-17,0.24311807710655578,0.4124933969278251
2014-09-26,0.21728972619191161,0.10346824838788557,4.380910126398428e-18,0.26634728927723494,0.412894736142968
2014-09-29,0.21728972619191161,0.10346824838788557,4.380910126398428e-18,0.26634728927723494,0.412894736142968
2014-09-30,0.21728972619191161,0.10346824838788557,4.380910126398428e-18,0.26634728927723494,0.412894736142968
2014-10-01,0.21728972619191161,0.10346824838788557,4.380910126398428e-18,0.26634728927723494,0.412894736142968
2014-10-02,0.21728972619191161,0.10346824838788557,4.380910126398428e-18,0.26634728927723494,0.412894736142968
2014-10-03,0.21728972619191161,0.10346824838788557,4.380910126398428e-18,0.26634728927723494,0.412894736142968
2014-10-06,0.21728972619191161,0.10346824838788557,4.380910126398428e-18,0.26634728927723494,0.412894736142968
2014-10-07,0.21728972619191161,0.10346824838788557,4.380910126398428e-18,0.26634728927723494,0.412894736142968
2014-10-08,0.21728972619191161,0.10346824838788557,4.380910126398428e-18,0.26634728927723494,0.412894736142968
2014-10-09,0.21728972619191161,0.10346824838788557,4.380910126398428e-18,0.26634728927723494,0.412894736142968
2014-10-10,0.21728972619191161,0.10346824838788557,4.380910126398428e-18,0.26634728927723494,0.412894736142968
2014-10-13,0.21728972619191161,0.10346824838788557,4.380910126398428e-18,0.26634728927723494,0.412894736142968
2014-10-14,0.21728972619191161,0.10346824838788557,4.380910126398428e-18,0.26634728927723494,0.412894736142968
2014-10-15,0.21728972619191161,0.10346824838788557,4.380910126398428e-18,0.26634728927723494,0.412894736142968
2014-10-16,0.21728972619191161,0.10346824838788557,4.380910126398428e-18,0.26634728927723494,0.412894736142968
2014-10-17,0.21728972619191161,0.10346824838788557,4.380910126398428e-18,0.26634728927723494,0.412894736142968
2014-10-20,0.21728972619191161,0.10346824838788557,4.380910126398428e-18,0.26634728927723494,0.412894736142968
2014-10-21,0.21728972619191161,0.10346824838788557,4.380910126398428e-18,0.26634728927723494,0.412894736142968
2014-10-22,0.21728972619191161,0.10346824838788557,4.380910126398428e-18,0.26634728927723494,0.412894736142968
2014-10-23,0.21728972619191161,0.10346824838788557,4.380910126398428e-18,0.26634728927723494,0.412894736142968
2014-10-24,0.21728972619191161,0.10346824838788557,4.380910126398428e-18,0.26634728927723494,0.412894736142968
2014-10-27,0.1299862348904431,0.17110399230206672,5.325501558201316e-17,0.35202816636162126,0.34688160644586885
2014-10-28,0.1299862348904431,0.17110399230206672,5.325501558201316e-17,0.35202816636162126,0.34688160644586885
2014-10-29,0.1299862348904431,0.17110399230206672,5.325501558201316e-17,0.35202816636162126,0.34688160644586885
2014-10-30,0.1299862348904431,0.17110399230206672,5.325501558201316e-17,0.35202816636162126,0.34688160644586885
2014-10-31,0.1299862348904431,0.17110399230206672,5.325501558201316e-17,0.35202816636162126,0.34688160644586885
2014-11-03,0.1299862348904431,0.17110399230206672,5.325501558201316e-17,0.35202816636162126,0.34688160644586885
2014-11-04,0.1299862348904431,0.17110399230206672,5.325501558201316e-17,0.35202816636162126,0.34688160644586885
2014-11-05,0.1299862348904431,0.17110399230206672,5.325501558201316e-17,0.35202816636162126,0.34688160644586885
2014-11-06,0.1299862348904431,0.17110399230206672,5.325501558201316e-17,0.35202816636162126,0.34688160644586885
2014-11-10,0.1299862348904431,0.17110399230206672,5.325501558201316e-17,0.35202816636162126,0.34688160644586885
2014-11-11,0.1299862348904431,0.17110399230206672,5.325501558201316e-17,0.35202816636162126,0.34688160644586885
2014-11-12,0.1299862348904431,0.17110399230206672,5.325501558201316e-17,0.35202816636162126,0.34688160644586885
2014-11-13,0.1299862348904431,0.17110399230206672,5.325501558201316e-17,0.35202816636162126,0.34688160644586885
2014-11-14,0.1299862348904431,0.17110399230206672,5.325501558201316e-17,0.35202816636162126,0.34688160644586885
2014-11-17,0.1299862348904431,0.17110399230206672,5.325501558201316e-17,0.35202816636162126,0.34688160644586885
2014-11-18,0.1299862348904431,0.17110399230206672,5.325501558201316e-17,0.35202816636162126,0.34688160644586885
2014-11-19,0.1299862348904431,0.17110399230206672,5.325501558201316e-17,0.35202816636162126,0.34688160644586885
2014-11-21,0.1299862348904431,0.17110399230206672,5.325501558201316e-17,0.35202816636162126,0.34688160644586885
2014-11-24,0.1299862348904431,0.17110399230206672,5.325501558201316e-17,0.35202816636162126,0.34688160644586885
2014-11-25,0.1299862348904431,0.17110399230206672,5.325501558201316e-17,0.35202816636162126,0.34688160644586885
2014-11-26,0.1299862348904431,0.17110399230206672,5.325501558201316e-17,0.35202816636162126,0.34688160644586885
2014-11-28,0.10256765899329226,0.18830088033152445,1.7347523148441962e-19,0.34183295693163396,0.3672985037435494
2014-12-01,0.10256765899329226,0.18830088033152445,1.7347523148441962e-19,0.34183295693163396,0.3672985037435494
2014-12-02,0.10256765899329226,0.18830088033152445,1.7347523148441962e-19,0.34183295693163396,0.3672985037435494
2014-12-03,0.10256765899329226,0.18830088033152445,1.7347523148441962e-19,0.34183295693163396,0.3672985037435494
2014-12-04,0.10256765899329226,0.18830088033152445,1.7347523148441962e-19,0.34183295693163396,0.3672985037435494
2014-12-05,0.10256765899329226,0.18830088033152445,1.7347523148441962e-19,0.34183295693163396,0.3672985037435494
2014-12-08,0.10256765899329226,0.18830088033152445,1.7347523148441962e-19,0.34183295693163396,0.3672985037435494
2014-12-09,0.10256765899329226,0.18830088033152445,1.7347523148441962e-19,0.34183295693163396,0.3672985037435494
2014-12-10,0.10256765899329226,0.18830088033152445,1.7347523148441962e-19,0.34183295693163396,0.3672985037435494
2014-12-11,0.10256765899329226,0.18830088033152445,1.7347523148441962e-19,0.34183295693163396,0.3672985037435494
2014-12-12,0.10256765899329226,0.18830088033152445,1.7347523148441962e-19,0.34183295693163396,0.3672985037435494
2014-12-15,0.10256765899329226,0.18830088033152445,1.7347523148441962e-19,0.34183295693163396,0.3672985037435494
2014-12-16,0.10256765899329226,0.18830088033152445,1.7347523148441962e-19,0.34183295693163396,0.3672985037435494
2014-12-17,0.10256765899329226,0.18830088033152445,1.7347523148441962e-19,0.34183295693163396,0.3672985037435494
2014-12-18,0.10256765899329226,0.18830088033152445,1.7347523148441962e-19,0.34183295693163396,0.3672985037435494
2014-12-19,0.10256765899329226,0.18830088033152445,1.7347523148441962e-19,0.34183295693163396,0.3672985037435494
2014-12-22,0.10256765899329226,0.18830088033152445,1.7347523148441962e-19,0.34183295693163396,0.3672985037435494
2014-12-23,0.10256765899329226,0.18830088033152445,1.7347523148441962e-19,0.34183295693163396,0.3672985037435494
2014-12-26,0.10256765899329226,0.18830088033152445,1.7347523148441962e-19,0.34183295693163396,0.3672985037435494
2014-12-29,0.10256765899329226,0.18830088033152445,1.7347523148441962e-19,0.34183295693163396,0.3672985037435494
2014-12-30,0.10256765899329226,0.18830088033152445,1.7347523148441962e-19,0.34183295693163396,0.3672985037435494
2015-01-02,0.07405143030087952,0.20664086821586766,0.0,0.35790539315821956,0.3614023083250333
2015-01-05,0.07405143030087952,0.20664086821586766,0.0,0.35790539315821956,0.3614023083250333
2015-01-06,0.07405143030087952,0.20664086821586766,0.0,0.35790539315821956,0.3614023083250333
2015-01-07,0.07405143030087952,0.20664086821586766,0.0,0.35790539315821956,0.3614023083250333
2015-01-08,0.07405143030087952,0.20664086821586766,0.0,0.35790539315821956,0.3614023083250333
2015-01-09,0.07405143030087952,0.20664086821586766,0.0,0.35790539315821956,0.3614023083250333
2015-01-12,0.07405143030087952,0.20664086821586766,0.0,0.35790539315821956,0.3614023083250333
2015-01-13,0.07405143030087952,0.20664086821586766,0.0,0.35790539315821956,0.3614023083250333
2015-01-14,0.07405143030087952,0.20664086821586766,0.0,0.35790539315821956,0.3614023083250333
2015-01-15,0.07405143030087952,0.20664086821586766,0.0,0.35790539315821956,0.3614023083250333
2015-01-16,0.07405143030087952,0.20664086821586766,0.0,0.35790539315821956,0.3614023083250333
2015-01-20,0.07405143030087952,0.20664086821586766,0.0,0.35790539315821956,0.3614023083250333
2015-01-21,0.07405143030087952,0.20664086821586766,0.0,0.35790539315821956,0.3614023083250333
2015-01-22,0.07405143030087952,0.20664086821586766,0.0,0.35790539315821956,0.3614023083250333
2015-01-23,0.07405143030087952,0.20664086821586766,0.0,0.35790539315821956,0.3614023083250333
2015-01-26,0.07405143030087952,0.20664086821586766,0.0,0.35790539315821956,0.3614023083250333
2015-01-27,0.07405143030087952,0.20664086821586766,0.0,0.35790539315821956,0.3614023083250333
2015-01-28,0.07405143030087952,0.20664086821586766,0.0,0.35790539315821956,0.3614023083250333
2015-01-29,0.07405143030087952,0.20664086821586766,0.0,0.35790539315821956,0.3614023083250333
2015-01-30,0.07405143030087952,0.20664086821586766,0.0,0.35790539315821956,0.3614023083250333
2015-02-02,0.07405143030087952,0.20664086821586766,0.0,0.35790539315821956,0.3614023083250333
2015-02-03,0.08726936124389179,0.17913245653008622,2.161188032836876e-19,0.37873362082085316,0.3548645614051688
2015-02-04,0.08726936124389179,0.17913245653008622,2.161188032836876e-19,0.37873362082085316,0.3548645614051688
2015-02-05,0.08726936124389179,0.17913245653008622,2.161188032836876e-19,0.37873362082085316,0.3548645614051688
2015-02-06,0.08726936124389179,0.17913245653008622,2.161188032836876e-19,0.37873362082085316,0.3548645614051688
2015-02-09,0.08726936124389179,0.17913245653008622,2.161188032836876e-19,0.37873362082085316,0.3548645614051688
2015-02-10,0.08726936124389179,0.17913245653008622,2.161188032836876e-19,0.37873362082085316,0.3548645614051688
2015-02-11,0.08726936124389179,0.17913245653008622,2.161188032836876e-19,0.37873362082085316,0.3548645614051688
2015-02-12,0.08726936124389179,0.17913245653008622,2.161188032836876e-19,0.37873362082085316,0.3548645614051688
2015-02-13,0.08726936124389179,0.17913245653008622,2.161188032836876e-19,0.37873362082085316,0.3548645614051688
2015-02-18,0.08726936124389179,0.17913245653008622,2.161188032836876e-19,0.37873362082085316,0.3548645614051688
2015-02-19,0.08726936124389179,0.17913245653008622,2.161188032836876e-19,0.37873362082085316,0.3548645614051688
2015-02-20,0.08726936124389179,0.17913245653008622,2.161188032836876e-19,0.37873362082085316,0.3548645614051688
2015-02-23,0.08726936124389179,0.17913245653008622,2.161188032836876e-19,0.37873362082085316,0.3548645614051688
2015-02-24,0.08726936124389179,0.17913245653008622,2.161188032836876e-19,0.37873362082085316,0.3548645614051688
2015-02-25,0.08726936124389179,0.17913245653008622,2.161188032836876e-19,0.37873362082085316,0.3548645614051688
2015-02-26,0.08726936124389179,0.17913245653008622,2.161188032836876e-19,0.37873362082085316,0.3548645614051688
2015-02-27,0.08726936124389179,0.17913245653008622,2.161188032836876e-19,0.37873362082085316,0.3548645614051688
2015-03-02,0.08726936124389179,0.17913245653008622,2.161188032836876e-19,0.37873362082085316,0.3548645614051688
2015-03-03,0.08726936124389179,0.17913245653008622,2.161188032836876e-19,0.37873362082085316,0.3548645614051688
2015-03-04,0.08726936124389179,0.17913245653008622,2.161188032836876e-19,0.37873362082085316,0.3548645614051688
2015-03-05,0.08726936124389179,0.17913245653008622,2.161188032836876e-19,0.37873362082085316,0.3548645614051688
2015-03-06,0.11574759510492194,0.15231398969084262,2.7076479968308166e-18,0.37962121429256884,0.35231720091166663
2015-03-09,0.11574759510492194,0.15231398969084262,2.7076479968308166e-18,0.37962121429256884,0.35231720091166663
2015-03-10,0.11574759510492194,0.15231398969084262,2.7076479968308166e-18,0.37962121429256884,0.35231720091166663
2015-03-11,0.11574759510492194,0.15231398969084262,2.7076479968308166e-18,0.37962121429256884,0.35231720091166663
2015-03-12,0.11574759510492194,0.15231398969084262,2.7076479968308166e-18,0.37962121429256884,0.35231720091166663
2015-03-13,0.11574759510492194,0.15231398969084262,2.7076479968308166e-18,0.37962121429256884,0.35231720091166663
2015-03-16,0.11574759510492194,0.15231398969084262,2.7076479968308166e-18,0.37962121429256884,0.35231720091166663
2015-03-17,0.11574759510492194,0.15231398969084262,2.7076479968308166e-18,0.37962121429256884,0.35231720091166663
2015-03-18,0.11574759510492194,0.15231398969084262,2.7076479968308166e-18,0.37962121429256884,0.35231720091166663
2015-03-19,0.11574759510492194,0.15231398969084262,2.7076479968308166e-18,0.37962121429256884,0.35231720091166663
2015-03-20,0.11574759510492194,0.15231398969084262,2.7076479968308166e-18,0.37962121429256884,0.35231720091166663
2015-03-23,0.11574759510492194,0.15231398969084262,2.7076479968308166e-18,0.37962121429256884,0.35231720091166663
2015-03-24,0.11574759510492194,0.15231398969084262,2.7076479968308166e-18,0.37962121429256884,0.35231720091166663
2015-03-25,0.11574759510492194,0.15231398969084262,2.7076479968308166e-18,0.37962121429256884,0.35231720091166663
2015-03-26,0.11574759510492194,0.15231398969084262,2.7076479968308166e-18,0.37962121429256884,0.35231720091166663
2015-03-27,0.11574759510492194,0.15231398969084262,2.7076479968308166e-18,0.37962121429256884,0.35231720091166663
2015-03-30,0.11574759510492194,0.15231398969084262,2.7076479968308166e-18,0.37962121429256884,0.35231720091166663
2015-03-31,0.11574759510492194,0.15231398969084262,2.7076479968308166e-18,0.37962121429256884,0.35231720091166663
2015-04-01,0.11574759510492194,0.15231398969084262,2.7076479968308166e-18,0.37962121429256884,0.35231720091166663
2015-04-02,0.11574759510492194,0.15231398969084262,2.7076479968308166e-18,0.37962121429256884,0.35231720091166663
2015-04-06,0.11574759510492194,0.15231398969084262,2.7076479968308166e-18,0.37962121429256884,0.35231720091166663
2015-04-07,0.10705071890846846,0.17718010299852174,0.0,0.3943767934595145,0.32139238463349534
2015-04-08,0.10705071890846846,0.17718010299852174,0.0,0.3943767934595145,0.32139238463349534
2015-04-09,0.10705071890846846,0.17718010299852174,0.0,0.3943767934595145,0.32139238463349534
2015-04-10,0.10705071890846846,0.17718010299852174,0.0,0.3943767934595145,0.32139238463349534
2015-04-13,0.10705071890846846,0.17718010299852174,0.0,0.3943767934595145,0.32139238463349534
2015-04-14,0.10705071890846846,0.17718010299852174,0.0,0.3943767934595145,0.32139238463349534
2015-04-15,0.10705071890846846,0.17718010299852174,0.0,0.3943767934595145,0.32139238463349534
2015-04-16,0.10705071890846846,0.17718010299852174,0.0,0.3943767934595145,0.32139238463349534
2015-04-17,0.10705071890846846,0.17718010299852174,0.0,0.3943767934595145,0.32139238463349534
2015-04-20,0.10705071890846846,0.17718010299852174,0.0,0.3943767934595145,0.32139238463349534
2015-04-22,0.10705071890846846,0.17718010299852174,0.0,0.3943767934595145,0.32139238463349534
2015-04-23,0.10705071890846846,0.17718010299852174,0.0,0.3943767934595145,0.32139238463349534
2015-04-24,0.10705071890846846,0.17718010299852174,0.0,0.3943767934595145,0.32139238463349534
2015-04-27,0.10705071890846846,0.17718010299852174,0.0,0.3943767934595145,0.32139238463349534
2015-04-28,0.10705071890846846,0.17718010299852174,0.0,0.3943767934595145,0.32139238463349534
2015-04-29,0.10705071890846846,0.17718010299852174,0.0,0.3943767934595145,0.32139238463349534
2015-04-30,0.10705071890846846,0.17718010299852174,0.0,0.3943767934595145,0.32139238463349534
2015-05-04,0.10705071890846846,0.17718010299852174,0.0,0.3943767934595145,0.32139238463349534
2015-05-05,0.10705071890846846,0.17718010299852174,0.0,0.3943767934595145,0.32139238463349534
2015-05-06,0.10705071890846846,0.17718010299852174,0.0,0.3943767934595145,0.32139238463349534
2015-05-07,0.10705071890846846,0.17718010299852174,0.0,0.3943767934595145,0.32139238463349534
2015-05-08,0.12022743692390186,0.17203719516130472,0.0,0.379056362715933,0.32867900519886045
2015-05-11,0.12022743692390186,0.17203719516130472,0.0,0.379056362715933,0.32867900519886045
2015-05-12,0.12022743692390186,0.17203719516130472,0.0,0.379056362715933,0.32867900519886045
2015-05-13,0.12022743692390186,0.17203719516130472,0.0,0.379056362715933,0.32867900519886045
2015-05-14,0.12022743692390186,0.17203719516130472,0.0,0.379056362715933,0.32867900519886045
2015-05-15,0.12022743692390186,0.17203719516130472,0.0,0.379056362715933,0.32867900519886045
2015-05-18,0.12022743692390186,0.17203719516130472,0.0,0.379056362715933,0.32867900519886045
2015-05-19,0.12022743692390186,0.17203719516130472,0.0,0.379056362715933,0.32867900519886045
2015-05-20,0.12022743692390186,0.17203719516130472,0.0,0.379056362715933,0.32867900519886045
2015-05-21,0.12022743692390186,0.17203719516130472,0.0,0.379056362715933,0.32867900519886045
2015-05-22,0.12022743692390186,0.17203719516130472,0.0,0.379056362715933,0.32867900519886045
2015-05-26,0.12022743692390186,0.17203719516130472,0.0,0.379056362715933,0.32867900519886045
2015-05-27,0.12022743692390186,0.17203719516130472,0.0,0.379056362715933,0.32867900519886045
2015-05-28,0.12022743692390186,0.17203719516130472,0.0,0.379056362715933,0.32867900519886045
2015-05-29,0.12022743692390186,0.17203719516130472,0.0,0.379056362715933,0.32867900519886045
2015-06-01,0.12022743692390186,0.17203719516130472,0.0,0.379056362715933,0.32867900519886045
2015-06-02,0.12022743692390186,0.17203719516130472,0.0,0.379056362715933,0.32867900519886045
2015-06-03,0.12022743692390186,0.17203719516130472,0.0,0.379056362715933,0.32867900519886045
2015-06-05,0.12022743692390186,0.17203719516130472,0.0,0.379056362715933,0.32867900519886045
2015-06-08,0.12022743692390186,0.17203719516130472,0.0,0.379056362715933,0.32867900519886045
2015-06-09,0.12022743692390186,0.17203719516130472,0.0,0.379056362715933,0.32867900519886045
2015-06-10,0.12389877059330172,0.17442820733152742,0.0,0.38428111054186886,0.31739191153330204
2015-06-11,0.12389877059330172,0.17442820733152742,0.0,0.38428111054186886,0.31739191153330204
2015-06-12,0.12389877059330172,0.17442820733152742,0.0,0.38428111054186886,0.31739191153330204
2015-06-15,0.12389877059330172,0.17442820733152742,0.0,0.38428111054186886,0.31739191153330204
2015-06-16,0.12389877059330172,0.17442820733152742,0.0,0.38428111054186886,0.31739191153330204
2015-06-17,0.12389877059330172,0.17442820733152742,0.0,0.38428111054186886,0.31739191153330204
2015-06-18,0.12389877059330172,0.17442820733152742,0.0,0.38428111054186886,0.31739191153330204
2015-06-19,0.12389877059330172,0.17442820733152742,0.0,0.38428111054186886,0.31739191153330204
2015-06-22,0.12389877059330172,0.17442820733152742,0.0,0.38428111054186886,0.31739191153330204
2015-06-23,0.12389877059330172,0.17442820733152742,0.0,0.38428111054186886,0.31739191153330204
2015-06-24,0.12389877059330172,0.17442820733152742,0.0,0.38428111054186886,0.31739191153330204
2015-06-25,0.12389877059330172,0.17442820733152742,0.0,0.38428111054186886,0.31739191153330204
2015-06-26,0.12389877059330172,0.17442820733152742,0.0,0.38428111054186886,0.31739191153330204
2015-06-29,0.12389877059330172,0.17442820733152742,0.0,0.38428111054186886,0.31739191153330204
2015-06-30,0.12389877059330172,0.17442820733152742,0.0,0.38428111054186886,0.31739191153330204
2015-07-01,0.12389877059330172,0.17442820733152742,0.0,0.38428111054186886,0.31739191153330204
2015-07-02,0.12389877059330172,0.17442820733152742,0.0,0.38428111054186886,0.31739191153330204
2015-07-06,0.12389877059330172,0.17442820733152742,0.0,0.38428111054186886,0.31739191153330204
2015-07-07,0.12389877059330172,0.17442820733152742,0.0,0.38428111054186886,0.31739191153330204
2015-07-08,0.12389877059330172,0.17442820733152742,0.0,0.38428111054186886,0.31739191153330204
2015-07-10,0.12389877059330172,0.17442820733152742,0.0,0.38428111054186886,0.31739191153330204
2015-07-13,0.14120050449061797,0.16719689257998627,0.0,0.4040088183343304,0.2875937845950654
2015-07-14,0.14120050449061797,0.16719689257998627,0.0,0.4040088183343304,0.2875937845950654
2015-07-15,0.14120050449061797,0.16719689257998627,0.0,0.4040088183343304,0.2875937845950654
2015-07-16,0.14120050449061797,0.16719689257998627,0.0,0.4040088183343304,0.2875937845950654
2015-07-17,0.14120050449061797,0.16719689257998627,0.0,0.4040088183343304,0.2875937845950654
2015-07-20,0.14120050449061797,0.16719689257998627,0.0,0.4040088183343304,0.2875937845950654
2015-07-21,0.14120050449061797,0.16719689257998627,0.0,0.4040088183343304,0.2875937845950654
2015-07-22,0.14120050449061797,0.16719689257998627,0.0,0.4040088183343304,0.2875937845950654
2015-07-23,0.14120050449061797,0.16719689257998627,0.0,0.4040088183343304,0.2875937845950654
2015-07-24,0.14120050449061797,0.16719689257998627,0.0,0.4040088183343304,0.2875937845950654
2015-07-27,0.14120050449061797,0.16719689257998627,0.0,0.4040088183343304,0.2875937845950654
2015-07-28,0.14120050449061797,0.16719689257998627,0.0,0.4040088183343304,0.2875937845950654
2015-07-29,0.14120050449061797,0.16719689257998627,0.0,0.4040088183343304,0.2875937845950654
2015-07-30,0.14120050449061797,0.16719689257998627,0.0,0.4040088183343304,0.2875937845950654
2015-07-31,0.14120050449061797,0.16719689257998627,0.0,0.4040088183343304,0.2875937845950654
2015-08-03,0.14120050449061797,0.16719689257998627,0.0,0.4040088183343304,0.2875937845950654
2015-08-04,0.14120050449061797,0.16719689257998627,0.0,0.4040088183343304,0.2875937845950654
2015-08-05,0.14120050449061797,0.16719689257998627,0.0,0.4040088183343304,0.2875937845950654
2015-08-06,0.14120050449061797,0.16719689257998627,0.0,0.4040088183343304,0.2875937845950654
2015-08-07,0.14120050449061797,0.16719689257998627,0.0,0.4040088183343304,0.2875937845950654
2015-08-10,0.14120050449061797,0.16719689257998627,0.0,0.4040088183343304,0.2875937845950654
2015-08-11,0.12000882477513002,0.18908362720473065,9.06244660400235e-18,0.4063610252962746,0.28454652272386477
2015-08-12,0.12000882477513002,0.18908362720473065,9.06244660400235e-18,0.4063610252962746,0.28454652272386477
2015-08-13,0.12000882477513002,0.18908362720473065,9.06244660400235e-18,0.4063610252962746,0.28454652272386477
2015-08-14,0.12000882477513002,0.18908362720473065,9.06244660400235e-18,0.4063610252962746,0.28454652272386477
2015-08-17,0.12000882477513002,0.18908362720473065,9.06244660400235e-18,0.4063610252962746,0.28454652272386477
2015-08-18,0.12000882477513002,0.18908362720473065,9.06244660400235e-18,0.4063610252962746,0.28454652272386477
2015-08-19,0.12000882477513002,0.18908362720473065,9.06244660400235e-18,0.4063610252962746,0.28454652272386477
2015-08-20,0.12000882477513002,0.18908362720473065,9.06244660400235e-18,0.4063610252962746,0.28454652272386477
2015-08-21,0.12000882477513002,0.18908362720473065,9.06244660400235e-18,0.4063610252962746,0.28454652272386477
2015-08-24,0.12000882477513002,0.18908362720473065,9.06244660400235e-18,0.4063610252962746,0.28454652272386477
2015-08-25,0.12000882477513002,0.18908362720473065,9.06244660400235e-18,0.4063610252962746,0.28454652272386477
2015-08-26,0.12000882477513002,0.18908362720473065,9.06244660400235e-18,0.4063610252962746,0.28454652272386477
2015-08-27,0.12000882477513002,0.18908362720473065,9.06244660400235e-18,0.4063610252962746,0.28454652272386477
2015-08-28,0.12000882477513002,0.18908362720473065,9.06244660400235e-18,0.4063610252962746,0.28454652272386477
2015-08-31,0.12000882477513002,0.18908362720473065,9.06244660400235e-18,0.4063610252962746,0.28454652272386477
2015-09-01,0.12000882477513002,0.18908362720473065,9.06244660400235e-18,0.4063610252962746,0.28454652272386477
2015-09-02,0.12000882477513002,0.18908362720473065,9.06244660400235e-18,0.4063610252962746,0.28454652272386477
2015-09-03,0.12000882477513002,0.18908362720473065,9.06244660400235e-18,0.4063610252962746,0.28454652272386477
2015-09-04,0.12000882477513002,0.18908362720473065,9.06244660400235e-18,0.4063610252962746,0.28454652272386477
2015-09-08,0.12000882477513002,0.18908362720473065,9.06244660400235e-18,0.4063610252962746,0.28454652272386477
2015-09-09,0.12000882477513002,0.18908362720473065,9.06244660400235e-18,0.4063610252962746,0.28454652272386477
2015-09-10,0.16260914782089483,0.16170894820867862,8.073708277232352e-18,0.4765779511627705,0.19910395280765608
2015-09-11,0.16260914782089483,0.16170894820867862,8.073708277232352e-18,0.4765779511627705,0.19910395280765608
2015-09-14,0.16260914782089483,0.16170894820867862,8.073708277232352e-18,0.4765779511627705,0.19910395280765608
2015-09-15,0.16260914782089483,0.16170894820867862,8.073708277232352e-18,0.4765779511627705,0.19910395280765608
2015-09-16,0.16260914782089483,0.16170894820867862,8.073708277232352e-18,0.4765779511627705,0.19910395280765608
2015-09-17,0.16260914782089483,0.16170894820867862,8.073708277232352e-18,0.4765779511627705,0.19910395280765608
2015-09-18,0.16260914782089483,0.16170894820867862,8.073708277232352e-18,0.4765779511627705,0.19910395280765608
2015-09-21,0.16260914782089483,0.16170894820867862,8.073708277232352e-18,0.4765779511627705,0.19910395280765608
2015-09-22,0.16260914782089483,0.16170894820867862,8.073708277232352e-18,0.4765779511627705,0.19910395280765608
2015-09-23,0.16260914782089483,0.16170894820867862,8.073708277232352e-18,0.4765779511627705,0.19910395280765608
2015-09-24,0.16260914782089483,0.16170894820867862,8.073708277232352e-18,0.4765779511627705,0.19910395280765608
2015-09-25,0.16260914782089483,0.16170894820867862,8.073708277232352e-18,0.4765779511627705,0.19910395280765608
2015-09-28,0.16260914782089483,0.16170894820867862,8.073708277232352e-18,0.4765779511627705,0.19910395280765608
2015-09-29,0.16260914782089483,0.16170894820867862,8.073708277232352e-18,0.4765779511627705,0.19910395280765608
2015-09-30,0.16260914782089483,0.16170894820867862,8.073708277232352e-18,0.4765779511627705,0.19910395280765608
2015-10-01,0.16260914782089483,0.16170894820867862,8.073708277232352e-18,0.4765779511627705,0.19910395280765608
2015-10-02,0.16260914782089483,0.16170894820867862,8.073708277232352e-18,0.4765779511627705,0.19910395280765608
2015-10-05,0.16260914782089483,0.16170894820867862,8.073708277232352e-18,0.4765779511627705,0.19910395280765608
2015-10-06,0.16260914782089483,0.16170894820867862,8.073708277232352e-18,0.4765779511627705,0.19910395280765608
2015-10-07,0.16260914782089483,0.16170894820867862,8.073708277232352e-18,0.4765779511627705,0.19910395280765608
2015-10-08,0.16260914782089483,0.16170894820867862,8.073708277232352e-18,0.4765779511627705,0.19910395280765608
2015-10-09,0.18961166274360727,0.1810556217415434,0.0,0.44483425329848697,0.18449846221636243
2015-10-13,0.18961166274360727,0.1810556217415434,0.0,0.44483425329848697,0.18449846221636243
2015-10-14,0.18961166274360727,0.1810556217415434,0.0,0.44483425329848697,0.18449846221636243
2015-10-15,0.18961166274360727,0.1810556217415434,0.0,0.44483425329848697,0.18449846221636243
2015-10-16,0.18961166274360727,0.1810556217415434,0.0,0.44483425329848697,0.18449846221636243
2015-10-19,0.18961166274360727,0.1810556217415434,0.0,0.44483425329848697,0.18449846221636243
2015-10-20,0.18961166274360727,0.1810556217415434,0.0,0.44483425329848697,0.18449846221636243
2015-10-21,0.18961166274360727,0.1810556217415434,0.0,0.44483425329848697,0.18449846221636243
2015-10-22,0.18961166274360727,0.1810556217415434,0.0,0.44483425329848697,0.18449846221636243
2015-10-23,0.18961166274360727,0.1810556217415434,0.0,0.44483425329848697,0.18449846221636243
2015-10-26,0.18961166274360727,0.1810556217415434,0.0,0.44483425329848697,0.18449846221636243
2015-10-27,0.18961166274360727,0.1810556217415434,0.0,0.44483425329848697,0.18449846221636243
2015-10-28,0.18961166274360727,0.1810556217415434,0.0,0.44483425329848697,0.18449846221636243
2015-10-29,0.18961166274360727,0.1810556217415434,0.0,0.44483425329848697,0.18449846221636243
2015-10-30,0.18961166274360727,0.1810556217415434,0.0,0.44483425329848697,0.18449846221636243
2015-11-03,0.18961166274360727,0.1810556217415434,0.0,0.44483425329848697,0.18449846221636243
2015-11-04,0.18961166274360727,0.1810556217415434,0.0,0.44483425329848697,0.18449846221636243
2015-11-05,0.18961166274360727,0.1810556217415434,0.0,0.44483425329848697,0.18449846221636243
2015-11-06,0.18961166274360727,0.1810556217415434,0.0,0.44483425329848697,0.18449846221636243
2015-11-09,0.18961166274360727,0.1810556217415434,0.0,0.44483425329848697,0.18449846221636243
2015-11-10,0.18961166274360727,0.1810556217415434,0.0,0.44483425329848697,0.18449846221636243
2015-11-11,0.2334643157883887,0.1764885102359254,0.0,0.43367560434221136,0.1563715696334746
2015-11-12,0.2334643157883887,0.1764885102359254,0.0,0.43367560434221136,0.1563715696334746
2015-11-13,0.2334643157883887,0.1764885102359254,0.0,0.43367560434221136,0.1563715696334746
2015-11-16,0.2334643157883887,0.1764885102359254,0.0,0.43367560434221136,0.1563715696334746
2015-11-17,0.2334643157883887,0.1764885102359254,0.0,0.43367560434221136,0.1563715696334746
2015-11-18,0.2334643157883887,0.1764885102359254,0.0,0.43367560434221136,0.1563715696334746
2015-11-19,0.2334643157883887,0.1764885102359254,0.0,0.43367560434221136,0.1563715696334746
2015-11-23,0.2334643157883887,0.1764885102359254,0.0,0.43367560434221136,0.1563715696334746
2015-11-24,0.2334643157883887,0.1764885102359254,0.0,0.43367560434221136,0.1563715696334746
2015-11-25,0.2334643157883887,0.1764885102359254,0.0,0.43367560434221136,0.1563715696334746
2015-11-27,0.2334643157883887,0.1764885102359254,0.0,0.43367560434221136,0.1563715696334746
2015-11-30,0.2334643157883887,0.1764885102359254,0.0,0.43367560434221136,0.1563715696334746
2015-12-01,0.2334643157883887,0.1764885102359254,0.0,0.43367560434221136,0.1563715696334746
2015-12-02,0.2334643157883887,0.1764885102359254,0.0,0.43367560434221136,0.1563715696334746
2015-12-03,0.2334643157883887,0.1764885102359254,0.0,0.43367560434221136,0.1563715696334746
2015-12-04,0.2334643157883887,0.1764885102359254,0.0,0.43367560434221136,0.1563715696334746
2015-12-07,0.2334643157883887,0.1764885102359254,0.0,0.43367560434221136,0.1563715696334746
2015-12-08,0.2334643157883887,0.1764885102359254,0.0,0.43367560434221136,0.1563715696334746
2015-12-09,0.2334643157883887,0.1764885102359254,0.0,0.43367560434221136,0.1563715696334746
2015-12-10,0.2334643157883887,0.1764885102359254,0.0,0.43367560434221136,0.1563715696334746
2015-12-11,0.2334643157883887,0.1764885102359254,0.0,0.43367560434221136,0.1563715696334746
2015-12-14,0.223848293982418,0.20792337945920214,0.0,0.43596705220813103,0.1322612743502489
2015-12-15,0.223848293982418,0.20792337945920214,0.0,0.43596705220813103,0.1322612743502489
2015-12-16,0.223848293982418,0.20792337945920214,0.0,0.43596705220813103,0.1322612743502489
2015-12-17,0.223848293982418,0.20792337945920214,0.0,0.43596705220813103,0.1322612743502489
2015-12-18,0.223848293982418,0.20792337945920214,0.0,0.43596705220813103,0.1322612743502489
2015-12-21,0.223848293982418,0.20792337945920214,0.0,0.43596705220813103,0.1322612743502489
2015-12-22,0.223848293982418,0.20792337945920214,0.0,0.43596705220813103,0.1322612743502489
2015-12-23,0.223848293982418,0.20792337945920214,0.0,0.43596705220813103,0.1322612743502489
2015-12-28,0.223848293982418,0.20792337945920214,0.0,0.43596705220813103,0.1322612743502489
2015-12-29,0.223848293982418,0.20792337945920214,0.0,0.43596705220813103,0.1322612743502489
2015-12-30,0.223848293982418,0.20792337945920214,0.0,0.43596705220813103,0.1322612743502489
2016-01-04,0.223848293982418,0.20792337945920214,0.0,0.43596705220813103,0.1322612743502489
2016-01-05,0.223848293982418,0.20792337945920214,0.0,0.43596705220813103,0.1322612743502489
2016-01-06,0.223848293982418,0.20792337945920214,0.0,0.43596705220813103,0.1322612743502489
2016-01-07,0.223848293982418,0.20792337945920214,0.0,0.43596705220813103,0.1322612743502489
2016-01-08,0.223848293982418,0.20792337945920214,0.0,0.43596705220813103,0.1322612743502489
2016-01-11,0.223848293982418,0.20792337945920214,0.0,0.43596705220813103,0.1322612743502489
2016-01-12,0.223848293982418,0.20792337945920214,0.0,0.43596705220813103,0.1322612743502489
2016-01-13,0.223848293982418,0.20792337945920214,0.0,0.43596705220813103,0.1322612743502489
2016-01-14,0.223848293982418,0.20792337945920214,0.0,0.43596705220813103,0.1322612743502489
2016-01-15,0.223848293982418,0.20792337945920214,0.0,0.43596705220813103,0.1322612743502489
2016-01-19,0.2598782111846168,0.20946109589623463,0.0,0.4429832163434084,0.08767747657574015
2016-01-20,0.2598782111846168,0.20946109589623463,0.0,0.4429832163434084,0.08767747657574015
2016-01-21,0.2598782111846168,0.20946109589623463,0.0,0.4429832163434084,0.08767747657574015
2016-01-22,0.2598782111846168,0.20946109589623463,0.0,0.4429832163434084,0.08767747657574015
2016-01-26,0.2598782111846168,0.20946109589623463,0.0,0.4429832163434084,0.08767747657574015
2016-01-27,0.2598782111846168,0.20946109589623463,0.0,0.4429832163434084,0.08767747657574015
2016-01-28,0.2598782111846168,0.20946109589623463,0.0,0.4429832163434084,0.08767747657574015
2016-01-29,0.2598782111846168,0.20946109589623463,0.0,0.4429832163434084,0.08767747657574015
2016-02-01,0.2598782111846168,0.20946109589623463,0.0,0.4429832163434084,0.08767747657574015
2016-02-02,0.2598782111846168,0.20946109589623463,0.0,0.4429832163434084,0.08767747657574015
2016-02-03,0.2598782111846168,0.20946109589623463,0.0,0.4429832163434084,0.08767747657574015
2016-02-04,0.2598782111846168,0.20946109589623463,0.0,0.4429832163434084,0.08767747657574015
2016-02-05,0.2598782111846168,0.20946109589623463,0.0,0.4429832163434084,0.08767747657574015
2016-02-10,0.2598782111846168,0.20946109589623463,0.0,0.4429832163434084,0.08767747657574015
2016-02-11,0.2598782111846168,0.20946109589623463,0.0,0.4429832163434084,0.08767747657574015
2016-02-12,0.2598782111846168,0.20946109589623463,0.0,0.4429832163434084,0.08767747657574015
2016-02-16,0.2598782111846168,0.20946109589623463,0.0,0.4429832163434084,0.08767747657574015
2016-02-17,0.2598782111846168,0.20946109589623463,0.0,0.4429832163434084,0.08767747657574015
2016-02-18,0.2598782111846168,0.20946109589623463,0.0,0.4429832163434084,0.08767747657574015
2016-02-19,0.2598782111846168,0.20946109589623463,0.0,0.4429832163434084,0.08767747657574015
2016-02-22,0.2598782111846168,0.20946109589623463,0.0,0.4429832163434084,0.08767747657574015
2016-02-23,0.2991603292826022,0.16208939444177323,0.0,0.44600040518612327,0.09274987108950127
2016-02-24,0.2991603292826022,0.16208939444177323,0.0,0.44600040518612327,0.09274987108950127
2016-02-25,0.2991603292826022,0.16208939444177323,0.0,0.44600040518612327,0.09274987108950127
2016-02-26,0.2991603292826022,0.16208939444177323,0.0,0.44600040518612327,0.09274987108950127
2016-02-29,0.2991603292826022,0.16208939444177323,0.0,0.44600040518612327,0.09274987108950127
2016-03-01,0.2991603292826022,0.16208939444177323,0.0,0.44600040518612327,0.09274987108950127
2016-03-02,0.2991603292826022,0.16208939444177323,0.0,0.44600040518612327,0.09274987108950127
2016-03-03,0.2991603292826022,0.16208939444177323,0.0,0.44600040518612327,0.09274987108950127
2016-03-04,0.2991603292826022,0.16208939444177323,0.0,0.44600040518612327,0.09274987108950127
2016-03-07,0.2991603292826022,0.16208939444177323,0.0,0.44600040518612327,0.09274987108950127
2016-03-08,0.2991603292826022,0.16208939444177323,0.0,0.44600040518612327,0.09274987108950127
2016-03-09,0.2991603292826022,0.16208939444177323,0.0,0.44600040518612327,0.09274987108950127
2016-03-10,0.2991603292826022,0.16208939444177323,0.0,0.44600040518612327,0.09274987108950127
2016-03-11,0.2991603292826022,0.16208939444177323,0.0,0.44600040518612327,0.09274987108950127
2016-03-14,0.2991603292826022,0.16208939444177323,0.0,0.44600040518612327,0.09274987108950127
2016-03-15,0.2991603292826022,0.16208939444177323,0.0,0.44600040518612327,0.09274987108950127
2016-03-16,0.2991603292826022,0.16208939444177323,0.0,0.44600040518612327,0.09274987108950127
2016-03-17,0.2991603292826022,0.16208939444177323,0.0,0.44600040518612327,0.09274987108950127
2016-03-18,0.2991603292826022,0.16208939444177323,0.0,0.44600040518612327,0.09274987108950127
2016-03-21,0.2991603292826022,0.16208939444177323,0.0,0.44600040518612327,0.09274987108950127
2016-03-22,0.2991603292826022,0.16208939444177323,0.0,0.44600040518612327,0.09274987108950127
2016-03-23,0.2707548427573918,0.17987098287105757,0.0,0.4202437542774665,0.1291304200940841
2016-03-24,0.2707548427573918,0.17987098287105757,0.0,0.4202437542774665,0.1291304200940841
2016-03-28,0.2707548427573918,0.17987098287105757,0.0,0.4202437542774665,0.1291304200940841
2016-03-29,0.2707548427573918,0.17987098287105757,0.0,0.4202437542774665,0.1291304200940841
2016-03-30,0.2707548427573918,0.17987098287105757,0.0,0.4202437542774665,0.1291304200940841
2016-03-31,0.2707548427573918,0.17987098287105757,0.0,0.4202437542774665,0.1291304200940841
2016-04-01,0.2707548427573918,0.17987098287105757,0.0,0.4202437542774665,0.1291304200940841
2016-04-04,0.2707548427573918,0.17987098287105757,0.0,0.4202437542774665,0.1291304200940841
2016-04-05,0.2707548427573918,0.17987098287105757,0.0,0.4202437542774665,0.1291304200940841
2016-04-06,0.2707548427573918,0.17987098287105757,0.0,0.4202437542774665,0.1291304200940841
2016-04-07,0.2707548427573918,0.17987098287105757,0.0,0.4202437542774665,0.1291304200940841
2016-04-08,0.2707548427573918,0.17987098287105757,0.0,0.4202437542774665,0.1291304200940841
2016-04-11,0.2707548427573918,0.17987098287105757,0.0,0.4202437542774665,0.1291304200940841
2016-04-12,0.2707548427573918,0.17987098287105757,0.0,0.4202437542774665,0.1291304200940841
2016-04-13,0.2707548427573918,0.17987098287105757,0.0,0.4202437542774665,0.1291304200940841
2016-04-14,0.2707548427573918,0.17987098287105757,0.0,0.4202437542774665,0.1291304200940841
2016-04-15,0.2707548427573918,0.17987098287105757,0.0,0.4202437542774665,0.1291304200940841
2016-04-18,0.2707548427573918,0.17987098287105757,0.0,0.4202437542774665,0.1291304200940841
2016-04-19,0.2707548427573918,0.17987098287105757,0.0,0.4202437542774665,0.1291304200940841
2016-04-20,0.2707548427573918,0.17987098287105757,0.0,0.4202437542774665,0.1291304200940841
2016-04-22,0.2707548427573918,0.17987098287105757,0.0,0.4202437542774665,0.1291304200940841
2016-04-25,0.24096754323826997,0.19499708496902993,4.832065965632642e-17,0.4014515350126019,0.16258383678009827
2016-04-26,0.24096754323826997,0.19499708496902993,4.832065965632642e-17,0.4014515350126019,0.16258383678009827
2016-04-27,0.24096754323826997,0.19499708496902993,4.832065965632642e-17,0.4014515350126019,0.16258383678009827
2016-04-28,0.24096754323826997,0.19499708496902993,4.832065965632642e-17,0.4014515350126019,0.16258383678009827
2016-04-29,0.24096754323826997,0.19499708496902993,4.832065965632642e-17,0.4014515350126019,0.16258383678009827
2016-05-02,0.24096754323826997,0.19499708496902993,4.832065965632642e-17,0.4014515350126019,0.16258383678009827
2016-05-03,0.24096754323826997,0.19499708496902993,4.832065965632642e-17,0.4014515350126019,0.16258383678009827
2016-05-04,0.24096754323826997,0.19499708496902993,4.832065965632642e-17,0.4014515350126019,0.16258383678009827
2016-05-05,0.24096754323826997,0.19499708496902993,4.832065965632642e-17,0.4014515350126019,0.16258383678009827
2016-05-06,0.24096754323826997,0.19499708496902993,4.832065965632642e-17,0.4014515350126019,0.16258383678009827
2016-05-09,0.24096754323826997,0.19499708496902993,4.832065965632642e-17,0.4014515350126019,0.16258383678009827
2016-05-10,0.24096754323826997,0.19499708496902993,4.832065965632642e-17,0.4014515350126019,0.16258383678009827
2016-05-11,0.24096754323826997,0.19499708496902993,4.832065965632642e-17,0.4014515350126019,0.16258383678009827
2016-05-12,0.24096754323826997,0.19499708496902993,4.832065965632642e-17,0.4014515350126019,0.16258383678009827
2016-05-13,0.24096754323826997,0.19499708496902993,4.832065965632642e-17,0.4014515350126019,0.16258383678009827
2016-05-16,0.24096754323826997,0.19499708496902993,4.832065965632642e-17,0.4014515350126019,0.16258383678009827
2016-05-17,0.24096754323826997,0.19499708496902993,4.832065965632642e-17,0.4014515350126019,0.16258383678009827
2016-05-18,0.24096754323826997,0.19499708496902993,4.832065965632642e-17,0.4014515350126019,0.16258383678009827
2016-05-19,0.24096754323826997,0.19499708496902993,4.832065965632642e-17,0.4014515350126019,0.16258383678009827
2016-05-20,0.24096754323826997,0.19499708496902993,4.832065965632642e-17,0.4014515350126019,0.16258383678009827
2016-05-23,0.24096754323826997,0.19499708496902993,4.832065965632642e-17,0.4014515350126019,0.16258383678009827
2016-05-24,0.29712113310237936,0.1228895788699935,1.0184717593508729e-16,0.4053470079550589,0.1746422800725682
2016-05-25,0.29712113310237936,0.1228895788699935,1.0184717593508729e-16,0.4053470079550589,0.1746422800725682
2016-05-27,0.29712113310237936,0.1228895788699935,1.0184717593508729e-16,0.4053470079550589,0.1746422800725682
2016-05-31,0.29712113310237936,0.1228895788699935,1.0184717593508729e-16,0.4053470079550589,0.1746422800725682
2016-06-01,0.29712113310237936,0.1228895788699935,1.0184717593508729e-16,0.4053470079550589,0.1746422800725682
2016-06-02,0.29712113310237936,0.1228895788699935,1.0184717593508729e-16,0.4053470079550589,0.1746422800725682
2016-06-03,0.29712113310237936,0.1228895788699935,1.0184717593508729e-16,0.4053470079550589,0.1746422800725682
2016-06-06,0.29712113310237936,0.1228895788699935,1.0184717593508729e-16,0.4053470079550589,0.1746422800725682
2016-06-07,0.29712113310237936,0.1228895788699935,1.0184717593508729e-16,0.4053470079550589,0.1746422800725682
2016-06-08,0.29712113310237936,0.1228895788699935,1.0184717593508729e-16,0.4053470079550589,0.1746422800725682
2016-06-09,0.29712113310237936,0.1228895788699935,1.0184717593508729e-16,0.4053470079550589,0.1746422800725682
2016-06-10,0.29712113310237936,0.1228895788699935,1.0184717593508729e-16,0.4053470079550589,0.1746422800725682
2016-06-13,0.29712113310237936,0.1228895788699935,1.0184717593508729e-16,0.4053470079550589,0.1746422800725682
2016-06-14,0.29712113310237936,0.1228895788699935,1.0184717593508729e-16,0.4053470079550589,0.1746422800725682
2016-06-15,0.29712113310237936,0.1228895788699935,1.0184717593508729e-16,0.4053470079550589,0.1746422800725682
2016-06-16,0.29712113310237936,0.1228895788699935,1.0184717593508729e-16,0.4053470079550589,0.1746422800725682
2016-06-17,0.29712113310237936,0.1228895788699935,1.0184717593508729e-16,0.4053470079550589,0.1746422800725682
2016-06-20,0.29712113310237936,0.1228895788699935,1.0184717593508729e-16,0.4053470079550589,0.1746422800725682
2016-06-21,0.29712113310237936,0.1228895788699935,1.0184717593508729e-16,0.4053470079550589,0.1746422800725682
2016-06-22,0.29712113310237936,0.1228895788699935,1.0184717593508729e-16,0.4053470079550589,0.1746422800725682
2016-06-23,0.29712113310237936,0.1228895788699935,1.0184717593508729e-16,0.4053470079550589,0.1746422800725682
2016-06-24,0.24438369481007766,0.1712294357294623,0.0,0.40204116572925663,0.18234570373120337
2016-06-27,0.24438369481007766,0.1712294357294623,0.0,0.40204116572925663,0.18234570373120337
2016-06-28,0.24438369481007766,0.1712294357294623,0.0,0.40204116572925663,0.18234570373120337
2016-06-29,0.24438369481007766,0.1712294357294623,0.0,0.40204116572925663,0.18234570373120337
2016-06-30,0.24438369481007766,0.1712294357294623,0.0,0.40204116572925663,0.18234570373120337
2016-07-01,0.24438369481007766,0.1712294357294623,0.0,0.40204116572925663,0.18234570373120337
2016-07-05,0.24438369481007766,0.1712294357294623,0.0,0.40204116572925663,0.18234570373120337
2016-07-06,0.24438369481007766,0.1712294357294623,0.0,0.40204116572925663,0.18234570373120337
2016-07-07,0.24438369481007766,0.1712294357294623,0.0,0.40204116572925663,0.18234570373120337
2016-07-08,0.24438369481007766,0.1712294357294623,0.0,0.40204116572925663,0.18234570373120337
2016-07-11,0.24438369481007766,0.1712294357294623,0.0,0.40204116572925663,0.18234570373120337
2016-07-12,0.24438369481007766,0.1712294357294623,0.0,0.40204116572925663,0.18234570373120337
2016-07-13,0.24438369481007766,0.1712294357294623,0.0,0.40204116572925663,0.18234570373120337
2016-07-14,0.24438369481007766,0.1712294357294623,0.0,0.40204116572925663,0.18234570373120337
2016-07-15,0.24438369481007766,0.1712294357294623,0.0,0.40204116572925663,0.18234570373120337
2016-07-18,0.24438369481007766,0.1712294357294623,0.0,0.40204116572925663,0.18234570373120337
2016-07-19,0.24438369481007766,0.1712294357294623,0.0,0.40204116572925663,0.18234570373120337
2016-07-20,0.24438369481007766,0.1712294357294623,0.0,0.40204116572925663,0.18234570373120337
2016-07-21,0.24438369481007766,0.1712294357294623,0.0,0.40204116572925663,0.18234570373120337
2016-07-22,0.24438369481007766,0.1712294357294623,0.0,0.40204116572925663,0.18234570373120337
2016-07-25,0.24438369481007766,0.1712294357294623,0.0,0.40204116572925663,0.18234570373120337
2016-07-26,0.2729000815248203,0.14493072024457623,0.0,0.37917290533568676,0.20299629289491683
2016-07-27,0.2729000815248203,0.14493072024457623,0.0,0.37917290533568676,0.20299629289491683
2016-07-28,0.2729000815248203,0.14493072024457623,0.0,0.37917290533568676,0.20299629289491683
2016-07-29,0.2729000815248203,0.14493072024457623,0.0,0.37917290533568676,0.20299629289491683
2016-08-01,0.2729000815248203,0.14493072024457623,0.0,0.37917290533568676,0.20299629289491683
2016-08-02,0.2729000815248203,0.14493072024457623,0.0,0.37917290533568676,0.20299629289491683
2016-08-03,0.2729000815248203,0.14493072024457623,0.0,0.37917290533568676,0.20299629289491683
2016-08-04,0.2729000815248203,0.14493072024457623,0.0,0.37917290533568676,0.20299629289491683
2016-08-05,0.2729000815248203,0.14493072024457623,0.0,0.37917290533568676,0.20299629289491683
2016-08-08,0.2729000815248203,0.14493072024457623,0.0,0.37917290533568676,0.20299629289491683
2016-08-09,0.2729000815248203,0.14493072024457623,0.0,0.37917290533568676,0.20299629289491683
2016-08-10,0.2729000815248203,0.14493072024457623,0.0,0.37917290533568676,0.20299629289491683
2016-08-11,0.2729000815248203,0.14493072024457623,0.0,0.37917290533568676,0.20299629289491683
2016-08-12,0.2729000815248203,0.14493072024457623,0.0,0.37917290533568676,0.20299629289491683
2016-08-15,0.2729000815248203,0.14493072024457623,0.0,0.37917290533568676,0.20299629289491683
2016-08-16,0.2729000815248203,0.14493072024457623,0.0,0.37917290533568676,0.20299629289491683
2016-08-17,0.2729000815248203,0.14493072024457623,0.0,0.37917290533568676,0.20299629289491683
2016-08-18,0.2729000815248203,0.14493072024457623,0.0,0.37917290533568676,0.20299629289491683
2016-08-19,0.2729000815248203,0.14493072024457623,0.0,0.37917290533568676,0.20299629289491683
2016-08-22,0.2729000815248203,0.14493072024457623,0.0,0.37917290533568676,0.20299629289491683
2016-08-23,0.2729000815248203,0.14493072024457623,0.0,0.37917290533568676,0.20299629289491683
2016-08-24,0.2785856909663098,0.14228618797328635,0.0,0.38300019776889616,0.1961279232915077
2016-08-25,0.2785856909663098,0.14228618797328635,0.0,0.38300019776889616,0.1961279232915077
2016-08-26,0.2785856909663098,0.14228618797328635,0.0,0.38300019776889616,0.1961279232915077
2016-08-29,0.2785856909663098,0.14228618797328635,0.0,0.38300019776889616,0.1961279232915077
2016-08-30,0.2785856909663098,0.14228618797328635,0.0,0.38300019776889616,0.1961279232915077
2016-08-31,0.2785856909663098,0.14228618797328635,0.0,0.38300019776889616,0.1961279232915077
2016-09-01,0.2785856909663098,0.14228618797328635,0.0,0.38300019776889616,0.1961279232915077
2016-09-02,0.2785856909663098,0.14228618797328635,0.0,0.38300019776889616,0.1961279232915077
2016-09-06,0.2785856909663098,0.14228618797328635,0.0,0.38300019776889616,0.1961279232915077
2016-09-08,0.2785856909663098,0.14228618797328635,0.0,0.38300019776889616,0.1961279232915077
2016-09-09,0.2785856909663098,0.14228618797328635,0.0,0.38300019776889616,0.1961279232915077
2016-09-12,0.2785856909663098,0.14228618797328635,0.0,0.38300019776889616,0.1961279232915077
2016-09-13,0.2785856909663098,0.14228618797328635,0.0,0.38300019776889616,0.1961279232915077
2016-09-14,0.2785856909663098,0.14228618797328635,0.0,0.38300019776889616,0.1961279232915077
2016-09-15,0.2785856909663098,0.14228618797328635,0.0,0.38300019776889616,0.1961279232915077
2016-09-16,0.2785856909663098,0.14228618797328635,0.0,0.38300019776889616,0.1961279232915077
2016-09-19,0.2785856909663098,0.14228618797328635,0.0,0.38300019776889616,0.1961279232915077
2016-09-20,0.2785856909663098,0.14228618797328635,0.0,0.38300019776889616,0.1961279232915077
2016-09-21,0.2785856909663098,0.14228618797328635,0.0,0.38300019776889616,0.1961279232915077
2016-09-22,0.2785856909663098,0.14228618797328635,0.0,0.38300019776889616,0.1961279232915077
2016-09-23,0.2785856909663098,0.14228618797328635,0.0,0.38300019776889616,0.1961279232915077
2016-09-26,0.2034369243960855,0.1981725572372271,2.3423576572077506e-18,0.3234619517356142,0.27492856663107323
2016-09-27,0.2034369243960855,0.1981725572372271,2.3423576572077506e-18,0.3234619517356142,0.27492856663107323
2016-09-28,0.2034369243960855,0.1981725572372271,2.3423576572077506e-18,0.3234619517356142,0.27492856663107323
2016-09-29,0.2034369243960855,0.1981725572372271,2.3423576572077506e-18,0.3234619517356142,0.27492856663107323
2016-09-30,0.2034369243960855,0.1981725572372271,2.3423576572077506e-18,0.3234619517356142,0.27492856663107323
2016-10-03,0.2034369243960855,0.1981725572372271,2.3423576572077506e-18,0.3234619517356142,0.27492856663107323
2016-10-04,0.2034369243960855,0.1981725572372271,2.3423576572077506e-18,0.3234619517356142,0.27492856663107323
2016-10-05,0.2034369243960855,0.1981725572372271,2.3423576572077506e-18,0.3234619517356142,0.27492856663107323
2016-10-06,0.2034369243960855,0.1981725572372271,2.3423576572077506e-18,0.3234619517356142,0.27492856663107323
2016-10-07,0.2034369243960855,0.1981725572372271,2.3423576572077506e-18,0.3234619517356142,0.27492856663107323
2016-10-10,0.2034369243960855,0.1981725572372271,2.3423576572077506e-18,0.3234619517356142,0.27492856663107323
2016-10-11,0.2034369243960855,0.1981725572372271,2.3423576572077506e-18,0.3234619517356142,0.27492856663107323
2016-10-13,0.2034369243960855,0.1981725572372271,2.3423576572077506e-18,0.3234619517356142,0.27492856663107323
2016-10-14,0.2034369243960855,0.1981725572372271,2.3423576572077506e-18,0.3234619517356142,0.27492856663107323
2016-10-17,0.2034369243960855,0.1981725572372271,2.3423576572077506e-18,0.3234619517356142,0.27492856663107323
2016-10-18,0.2034369243960855,0.1981725572372271,2.3423576572077506e-18,0.3234619517356142,0.27492856663107323
2016-10-19,0.2034369243960855,0.1981725572372271,2.3423576572077506e-18,0.3234619517356142,0.27492856663107323
2016-10-20,0.2034369243960855,0.1981725572372271,2.3423576572077506e-18,0.3234619517356142,0.27492856663107323
2016-10-21,0.2034369243960855,0.1981725572372271,2.3423576572077506e-18,0.3234619517356142,0.27492856663107323
2016-10-24,0.2034369243960855,0.1981725572372271,2.3423576572077506e-18,0.3234619517356142,0.27492856663107323
2016-10-25,0.2034369243960855,0.1981725572372271,2.3423576572077506e-18,0.3234619517356142,0.27492856663107323
2016-10-26,0.24342325092744793,0.12979485154584622,8.21858177302674e-18,0.33891972790292607,0.2878621696237797
2016-10-27,0.24342325092744793,0.12979485154584622,8.21858177302674e-18,0.33891972790292607,0.2878621696237797
2016-10-28,0.24342325092744793,0.12979485154584622,8.21858177302674e-18,0.33891972790292607,0.2878621696237797
2016-10-31,0.24342325092744793,0.12979485154584622,8.21858177302674e-18,0.33891972790292607,0.2878621696237797
2016-11-01,0.24342325092744793,0.12979485154584622,8.21858177302674e-18,0.33891972790292607,0.2878621696237797
2016-11-03,0.24342325092744793,0.12979485154584622,8.21858177302674e-18,0.33891972790292607,0.2878621696237797
2016-11-04,0.24342325092744793,0.12979485154584622,8.21858177302674e-18,0.33891972790292607,0.2878621696237797
2016-11-07,0.24342325092744793,0.12979485154584622,8.21858177302674e-18,0.33891972790292607,0.2878621696237797
2016-11-08,0.24342325092744793,0.12979485154584622,8.21858177302674e-18,0.33891972790292607,0.2878621696237797
2016-11-09,0.24342325092744793,0.12979485154584622,8.21858177302674e-18,0.33891972790292607,0.2878621696237797
2016-11-10,0.24342325092744793,0.12979485154584622,8.21858177302674e-18,0.33891972790292607,0.2878621696237797
2016-11-11,0.24342325092744793,0.12979485154584622,8.21858177302674e-18,0.33891972790292607,0.2878621696237797
2016-11-14,0.24342325092744793,0.12979485154584622,8.21858177302674e-18,0.33891972790292607,0.2878621696237797
2016-11-16,0.24342325092744793,0.12979485154584622,8.21858177302674e-18,0.33891972790292607,0.2878621696237797
2016-11-17,0.24342325092744793,0.12979485154584622,8.21858177302674e-18,0.33891972790292607,0.2878621696237797
2016-11-18,0.24342325092744793,0.12979485154584622,8.21858177302674e-18,0.33891972790292607,0.2878621696237797
2016-11-21,0.24342325092744793,0.12979485154584622,8.21858177302674e-18,0.33891972790292607,0.2878621696237797
2016-11-22,0.24342325092744793,0.12979485154584622,8.21858177302674e-18,0.33891972790292607,0.2878621696237797
2016-11-23,0.24342325092744793,0.12979485154584622,8.21858177302674e-18,0.33891972790292607,0.2878621696237797
2016-11-25,0.24342325092744793,0.12979485154584622,8.21858177302674e-18,0.33891972790292607,0.2878621696237797
2016-11-28,0.24342325092744793,0.12979485154584622,8.21858177302674e-18,0.33891972790292607,0.2878621696237797
2016-11-29,0.22906209701066096,0.1360618374936227,3.232192401469925e-18,0.3385802089765591,0.29629585651915724
2016-11-30,0.22906209701066096,0.1360618374936227,3.232192401469925e-18,0.3385802089765591,0.29629585651915724
2016-12-01,0.22906209701066096,0.1360618374936227,3.232192401469925e-18,0.3385802089765591,0.29629585651915724
2016-12-02,0.22906209701066096,0.1360618374936227,3.232192401469925e-18,0.3385802089765591,0.29629585651915724
2016-12-05,0.22906209701066096,0.1360618374936227,3.232192401469925e-18,0.3385802089765591,0.29629585651915724
2016-12-06,0.22906209701066096,0.1360618374936227,3.232192401469925e-18,0.3385802089765591,0.29629585651915724
2016-12-07,0.22906209701066096,0.1360618374936227,3.232192401469925e-18,0.3385802089765591,0.29629585651915724
2016-12-08,0.22906209701066096,0.1360618374936227,3.232192401469925e-18,0.3385802089765591,0.29629585651915724
2016-12-09,0.22906209701066096,0.1360618374936227,3.232192401469925e-18,0.3385802089765591,0.29629585651915724
2016-12-12,0.22906209701066096,0.1360618374936227,3.232192401469925e-18,0.3385802089765591,0.29629585651915724
2016-12-13,0.22906209701066096,0.1360618374936227,3.232192401469925e-18,0.3385802089765591,0.29629585651915724
2016-12-14,0.22906209701066096,0.1360618374936227,3.232192401469925e-18,0.3385802089765591,0.29629585651915724
2016-12-15,0.22906209701066096,0.1360618374936227,3.232192401469925e-18,0.3385802089765591,0.29629585651915724
2016-12-16,0.22906209701066096,0.1360618374936227,3.232192401469925e-18,0.3385802089765591,0.29629585651915724
2016-12-19,0.22906209701066096,0.1360618374936227,3.232192401469925e-18,0.3385802089765591,0.29629585651915724
2016-12-20,0.22906209701066096,0.1360618374936227,3.232192401469925e-18,0.3385802089765591,0.29629585651915724
2016-12-21,0.22906209701066096,0.1360618374936227,3.232192401469925e-18,0.3385802089765591,0.29629585651915724
2016-12-22,0.22906209701066096,0.1360618374936227,3.232192401469925e-18,0.3385802089765591,0.29629585651915724
2016-12-23,0.22906209701066096,0.1360618374936227,3.232192401469925e-18,0.3385802089765591,0.29629585651915724
2016-12-27,0.22906209701066096,0.1360618374936227,3.232192401469925e-18,0.3385802089765591,0.29629585651915724
2016-12-28,0.22906209701066096,0.1360618374936227,3.232192401469925e-18,0.3385802089765591,0.29629585651915724
2016-12-29,0.1764985005740185,0.1726105876764695,1.1636528357484682e-17,0.35031204875743993,0.30057886299207204
2017-01-03,0.1764985005740185,0.1726105876764695,1.1636528357484682e-17,0.35031204875743993,0.30057886299207204
2017-01-04,0.1764985005740185,0.1726105876764695,1.1636528357484682e-17,0.35031204875743993,0.30057886299207204
2017-01-05,0.1764985005740185,0.1726105876764695,1.1636528357484682e-17,0.35031204875743993,0.30057886299207204
2017-01-06,0.1764985005740185,0.1726105876764695,1.1636528357484682e-17,0.35031204875743993,0.30057886299207204
2017-01-09,0.1764985005740185,0.1726105876764695,1.1636528357484682e-17,0.35031204875743993,0.30057886299207204
2017-01-10,0.1764985005740185,0.1726105876764695,1.1636528357484682e-17,0.35031204875743993,0.30057886299207204
2017-01-11,0.1764985005740185,0.1726105876764695,1.1636528357484682e-17,0.35031204875743993,0.30057886299207204
2017-01-12,0.1764985005740185,0.1726105876764695,1.1636528357484682e-17,0.35031204875743993,0.30057886299207204
2017-01-13,0.1764985005740185,0.1726105876764695,1.1636528357484682e-17,0.35031204875743993,0.30057886299207204
2017-01-17,0.1764985005740185,0.1726105876764695,1.1636528357484682e-17,0.35031204875743993,0.30057886299207204
2017-01-18,0.1764985005740185,0.1726105876764695,1.1636528357484682e-17,0.35031204875743993,0.30057886299207204
2017-01-19,0.1764985005740185,0.1726105876764695,1.1636528357484682e-17,0.35031204875743993,0.30057886299207204
2017-01-20,0.1764985005740185,0.1726105876764695,1.1636528357484682e-17,0.35031204875743993,0.30057886299207204
2017-01-23,0.1764985005740185,0.1726105876764695,1.1636528357484682e-17,0.35031204875743993,0.30057886299207204
2017-01-24,0.1764985005740185,0.1726105876764695,1.1636528357484682e-17,0.35031204875743993,0.30057886299207204
2017-01-26,0.1764985005740185,0.1726105876764695,1.1636528357484682e-17,0.35031204875743993,0.30057886299207204
2017-01-27,0.1764985005740185,0.1726105876764695,1.1636528357484682e-17,0.35031204875743993,0.30057886299207204
2017-01-30,0.1764985005740185,0.1726105876764695,1.1636528357484682e-17,0.35031204875743993,0.30057886299207204
2017-01-31,0.1764985005740185,0.1726105876764695,1.1636528357484682e-17,0.35031204875743993,0.30057886299207204
2017-02-01,0.1764985005740185,0.1726105876764695,1.1636528357484682e-17,0.35031204875743993,0.30057886299207204
2017-02-02,0.2264992372051569,0.09827032251134231,2.3008733244269036e-17,0.32782261547348257,0.34740782481001814
2017-02-03,0.2264992372051569,0.09827032251134231,2.3008733244269036e-17,0.32782261547348257,0.34740782481001814
2017-02-06,0.2264992372051569,0.09827032251134231,2.3008733244269036e-17,0.32782261547348257,0.34740782481001814
2017-02-07,0.2264992372051569,0.09827032251134231,2.3008733244269036e-17,0.32782261547348257,0.34740782481001814
2017-02-08,0.2264992372051569,0.09827032251134231,2.3008733244269036e-17,0.32782261547348257,0.34740782481001814
2017-02-09,0.2264992372051569,0.09827032251134231,2.3008733244269036e-17,0.32782261547348257,0.34740782481001814
2017-02-10,0.2264992372051569,0.09827032251134231,2.3008733244269036e-17,0.32782261547348257,0.34740782481001814
2017-02-13,0.2264992372051569,0.09827032251134231,2.3008733244269036e-17,0.32782261547348257,0.34740782481001814
2017-02-14,0.2264992372051569,0.09827032251134231,2.3008733244269036e-17,0.32782261547348257,0.34740782481001814
2017-02-15,0.2264992372051569,0.09827032251134231,2.3008733244269036e-17,0.32782261547348257,0.34740782481001814
2017-02-16,0.2264992372051569,0.09827032251134231,2.3008733244269036e-17,0.32782261547348257,0.34740782481001814
2017-02-17,0.2264992372051569,0.09827032251134231,2.3008733244269036e-17,0.32782261547348257,0.34740782481001814
2017-02-21,0.2264992372051569,0.09827032251134231,2.3008733244269036e-17,0.32782261547348257,0.34740782481001814
2017-02-22,0.2264992372051569,0.09827032251134231,2.3008733244269036e-17,0.32782261547348257,0.34740782481001814
2017-02-23,0.2264992372051569,0.09827032251134231,2.3008733244269036e-17,0.32782261547348257,0.34740782481001814
2017-02-24,0.2264992372051569,0.09827032251134231,2.3008733244269036e-17,0.32782261547348257,0.34740782481001814
2017-03-01,0.2264992372051569,0.09827032251134231,2.3008733244269036e-17,0.32782261547348257,0.34740782481001814
2017-03-02,0.2264992372051569,0.09827032251134231,2.3008733244269036e-17,0.32782261547348257,0.34740782481001814
2017-03-03,0.2264992372051569,0.09827032251134231,2.3008733244269036e-17,0.32782261547348257,0.34740782481001814
2017-03-06,0.2264992372051569,0.09827032251134231,2.3008733244269036e-17,0.32782261547348257,0.34740782481001814
2017-03-07,0.2264992372051569,0.09827032251134231,2.3008733244269036e-17,0.32782261547348257,0.34740782481001814
2017-03-08,0.23435297682826645,0.09534552613652,0.0,0.30321776359816777,0.3670837334370458
2017-03-09,0.23435297682826645,0.09534552613652,0.0,0.30321776359816777,0.3670837334370458
2017-03-10,0.23435297682826645,0.09534552613652,0.0,0.30321776359816777,0.3670837334370458
2017-03-13,0.23435297682826645,0.09534552613652,0.0,0.30321776359816777,0.3670837334370458
2017-03-14,0.23435297682826645,0.09534552613652,0.0,0.30321776359816777,0.3670837334370458
2017-03-15,0.23435297682826645,0.09534552613652,0.0,0.30321776359816777,0.3670837334370458
2017-03-16,0.23435297682826645,0.09534552613652,0.0,0.30321776359816777,0.3670837334370458
2017-03-17,0.23435297682826645,0.09534552613652,0.0,0.30321776359816777,0.3670837334370458
2017-03-20,0.23435297682826645,0.09534552613652,0.0,0.30321776359816777,0.3670837334370458
2017-03-21,0.23435297682826645,0.09534552613652,0.0,0.30321776359816777,0.3670837334370458
2017-03-22,0.23435297682826645,0.09534552613652,0.0,0.30321776359816777,0.3670837334370458
2017-03-23,0.23435297682826645,0.09534552613652,0.0,0.30321776359816777,0.3670837334370458
2017-03-24,0.23435297682826645,0.09534552613652,0.0,0.30321776359816777,0.3670837334370458
2017-03-27,0.23435297682826645,0.09534552613652,0.0,0.30321776359816777,0.3670837334370458
2017-03-28,0.23435297682826645,0.09534552613652,0.0,0.30321776359816777,0.3670837334370458
2017-03-29,0.23435297682826645,0.09534552613652,0.0,0.30321776359816777,0.3670837334370458
2017-03-30,0.23435297682826645,0.09534552613652,0.0,0.30321776359816777,0.3670837334370458
2017-03-31,0.23435297682826645,0.09534552613652,0.0,0.30321776359816777,0.3670837334370458
2017-04-03,0.23435297682826645,0.09534552613652,0.0,0.30321776359816777,0.3670837334370458
2017-04-04,0.23435297682826645,0.09534552613652,0.0,0.30321776359816777,0.3670837334370458
2017-04-05,0.23435297682826645,0.09534552613652,0.0,0.30321776359816777,0.3670837334370458
2017-04-06,0.18213620392291602,0.11409701136467229,3.4091161682331296e-18,0.3345853572874273,0.36918142742498444
2017-04-07,0.18213620392291602,0.11409701136467229,3.4091161682331296e-18,0.3345853572874273,0.36918142742498444
2017-04-10,0.18213620392291602,0.11409701136467229,3.4091161682331296e-18,0.3345853572874273,0.36918142742498444
2017-04-11,0.18213620392291602,0.11409701136467229,3.4091161682331296e-18,0.3345853572874273,0.36918142742498444
2017-04-12,0.18213620392291602,0.11409701136467229,3.4091161682331296e-18,0.3345853572874273,0.36918142742498444
2017-04-13,0.18213620392291602,0.11409701136467229,3.4091161682331296e-18,0.3345853572874273,0.36918142742498444
2017-04-17,0.18213620392291602,0.11409701136467229,3.4091161682331296e-18,0.3345853572874273,0.36918142742498444
2017-04-18,0.18213620392291602,0.11409701136467229,3.4091161682331296e-18,0.3345853572874273,0.36918142742498444
2017-04-19,0.18213620392291602,0.11409701136467229,3.4091161682331296e-18,0.3345853572874273,0.36918142742498444
2017-04-20,0.18213620392291602,0.11409701136467229,3.4091161682331296e-18,0.3345853572874273,0.36918142742498444
2017-04-24,0.18213620392291602,0.11409701136467229,3.4091161682331296e-18,0.3345853572874273,0.36918142742498444
2017-04-25,0.18213620392291602,0.11409701136467229,3.4091161682331296e-18,0.3345853572874273,0.36918142742498444
2017-04-26,0.18213620392291602,0.11409701136467229,3.4091161682331296e-18,0.3345853572874273,0.36918142742498444
2017-04-27,0.18213620392291602,0.11409701136467229,3.4091161682331296e-18,0.3345853572874273,0.36918142742498444
2017-04-28,0.18213620392291602,0.11409701136467229,3.4091161682331296e-18,0.3345853572874273,0.36918142742498444
2017-05-02,0.18213620392291602,0.11409701136467229,3.4091161682331296e-18,0.3345853572874273,0.36918142742498444
2017-05-03,0.18213620392291602,0.11409701136467229,3.4091161682331296e-18,0.3345853572874273,0.36918142742498444
2017-05-04,0.18213620392291602,0.11409701136467229,3.4091161682331296e-18,0.3345853572874273,0.36918142742498444
2017-05-05,0.18213620392291602,0.11409701136467229,3.4091161682331296e-18,0.3345853572874273,0.36918142742498444
2017-05-08,0.18213620392291602,0.11409701136467229,3.4091161682331296e-18,0.3345853572874273,0.36918142742498444
2017-05-09,0.18213620392291602,0.11409701136467229,3.4091161682331296e-18,0.3345853572874273,0.36918142742498444
2017-05-10,0.19854895239341103,0.09920872458190146,7.19342333052161e-18,0.34969126912137843,0.3525510539033091
2017-05-11,0.19854895239341103,0.09920872458190146,7.19342333052161e-18,0.34969126912137843,0.3525510539033091
2017-05-12,0.19854895239341103,0.09920872458190146,7.19342333052161e-18,0.34969126912137843,0.3525510539033091
2017-05-15,0.19854895239341103,0.09920872458190146,7.19342333052161e-18,0.34969126912137843,0.3525510539033091
2017-05-16,0.19854895239341103,0.09920872458190146,7.19342333052161e-18,0.34969126912137843,0.3525510539033091
2017-05-17,0.19854895239341103,0.09920872458190146,7.19342333052161e-18,0.34969126912137843,0.3525510539033091
2017-05-18,0.19854895239341103,0.09920872458190146,7.19342333052161e-18,0.34969126912137843,0.3525510539033091
2017-05-19,0.19854895239341103,0.09920872458190146,7.19342333052161e-18,0.34969126912137843,0.3525510539033091
2017-05-22,0.19854895239341103,0.09920872458190146,7.19342333052161e-18,0.34969126912137843,0.3525510539033091
2017-05-23,0.19854895239341103,0.09920872458190146,7.19342333052161e-18,0.34969126912137843,0.3525510539033091
2017-05-24,0.19854895239341103,0.09920872458190146,7.19342333052161e-18,0.34969126912137843,0.3525510539033091
2017-05-25,0.19854895239341103,0.09920872458190146,7.19342333052161e-18,0.34969126912137843,0.3525510539033091
2017-05-26,0.19854895239341103,0.09920872458190146,7.19342333052161e-18,0.34969126912137843,0.3525510539033091
2017-05-30,0.19854895239341103,0.09920872458190146,7.19342333052161e-18,0.34969126912137843,0.3525510539033091
2017-05-31,0.19854895239341103,0.09920872458190146,7.19342333052161e-18,0.34969126912137843,0.3525510539033091
2017-06-01,0.19854895239341103,0.09920872458190146,7.19342333052161e-18,0.34969126912137843,0.3525510539033091
2017-06-02,0.19854895239341103,0.09920872458190146,7.19342333052161e-18,0.34969126912137843,0.3525510539033091
2017-06-05,0.19854895239341103,0.09920872458190146,7.19342333052161e-18,0.34969126912137843,0.3525510539033091
2017-06-06,0.19854895239341103,0.09920872458190146,7.19342333052161e-18,0.34969126912137843,0.3525510539033091
2017-06-07,0.19854895239341103,0.09920872458190146,7.19342333052161e-18,0.34969126912137843,0.3525510539033091
2017-06-08,0.19854895239341103,0.09920872458190146,7.19342333052161e-18,0.34969126912137843,0.3525510539033091
2017-06-09,0.18547886130989083,0.18240417748523044,5.812027500447616e-17,0.3300177672771707,0.30209919392770807
2017-06-12,0.18547886130989083,0.18240417748523044,5.812027500447616e-17,0.3300177672771707,0.30209919392770807
2017-06-13,0.18547886130989083,0.18240417748523044,5.812027500447616e-17,0.3300177672771707,0.30209919392770807
2017-06-14,0.18547886130989083,0.18240417748523044,5.812027500447616e-17,0.3300177672771707,0.30209919392770807
2017-06-16,0.18547886130989083,0.18240417748523044,5.812027500447616e-17,0.3300177672771707,0.30209919392770807
2017-06-19,0.18547886130989083,0.18240417748523044,5.812027500447616e-17,0.3300177672771707,0.30209919392770807
2017-06-20,0.18547886130989083,0.18240417748523044,5.812027500447616e-17,0.3300177672771707,0.30209919392770807
2017-06-21,0.18547886130989083,0.18240417748523044,5.812027500447616e-17,0.3300177672771707,0.30209919392770807
2017-06-22,0.18547886130989083,0.18240417748523044,5.812027500447616e-17,0.3300177672771707,0.30209919392770807
2017-06-23,0.18547886130989083,0.18240417748523044,5.812027500447616e-17,0.3300177672771707,0.30209919392770807
2017-06-26,0.18547886130989083,0.18240417748523044,5.812027500447616e-17,0.3300177672771707,0.30209919392770807
2017-06-27,0.18547886130989083,0.18240417748523044,5.812027500447616e-17,0.3300177672771707,0.30209919392770807
2017-06-28,0.18547886130989083,0.18240417748523044,5.812027500447616e-17,0.3300177672771707,0.30209919392770807
2017-06-29,0.18547886130989083,0.18240417748523044,5.812027500447616e-17,0.3300177672771707,0.30209919392770807
2017-06-30,0.18547886130989083,0.18240417748523044,5.812027500447616e-17,0.3300177672771707,0.30209919392770807
2017-07-03,0.18547886130989083,0.18240417748523044,5.812027500447616e-17,0.3300177672771707,0.30209919392770807
2017-07-05,0.18547886130989083,0.18240417748523044,5.812027500447616e-17,0.3300177672771707,0.30209919392770807
2017-07-06,0.18547886130989083,0.18240417748523044,5.812027500447616e-17,0.3300177672771707,0.30209919392770807
2017-07-07,0.18547886130989083,0.18240417748523044,5.812027500447616e-17,0.3300177672771707,0.30209919392770807
2017-07-10,0.18547886130989083,0.18240417748523044,5.812027500447616e-17,0.3300177672771707,0.30209919392770807
2017-07-11,0.18547886130989083,0.18240417748523044,5.812027500447616e-17,0.3300177672771707,0.30209919392770807
2017-07-12,0.20842318336847904,0.16460210761236033,0.0,0.328119911579485,0.2988547974396757
2017-07-13,0.20842318336847904,0.16460210761236033,0.0,0.328119911579485,0.2988547974396757
2017-07-14,0.20842318336847904,0.16460210761236033,0.0,0.328119911579485,0.2988547974396757
2017-07-17,0.20842318336847904,0.16460210761236033,0.0,0.328119911579485,0.2988547974396757
2017-07-18,0.20842318336847904,0.16460210761236033,0.0,0.328119911579485,0.2988547974396757
2017-07-19,0.20842318336847904,0.16460210761236033,0.0,0.328119911579485,0.2988547974396757
2017-07-20,0.20842318336847904,0.16460210761236033,0.0,0.328119911579485,0.2988547974396757
2017-07-21,0.20842318336847904,0.16460210761236033,0.0,0.328119911579485,0.2988547974396757
2017-07-24,0.20842318336847904,0.16460210761236033,0.0,0.328119911579485,0.2988547974396757
2017-07-25,0.20842318336847904,0.16460210761236033,0.0,0.328119911579485,0.2988547974396757
2017-07-26,0.20842318336847904,0.16460210761236033,0.0,0.328119911579485,0.2988547974396757
2017-07-27,0.20842318336847904,0.16460210761236033,0.0,0.328119911579485,0.2988547974396757
2017-07-28,0.20842318336847904,0.16460210761236033,0.0,0.328119911579485,0.2988547974396757
2017-07-31,0.20842318336847904,0.16460210761236033,0.0,0.328119911579485,0.2988547974396757
2017-08-01,0.20842318336847904,0.16460210761236033,0.0,0.328119911579485,0.2988547974396757
2017-08-02,0.20842318336847904,0.16460210761236033,0.0,0.328119911579485,0.2988547974396757
2017-08-03,0.20842318336847904,0.16460210761236033,0.0,0.328119911579485,0.2988547974396757
2017-08-04,0.20842318336847904,0.16460210761236033,0.0,0.328119911579485,0.2988547974396757
2017-08-07,0.20842318336847904,0.16460210761236033,0.0,0.328119911579485,0.2988547974396757
2017-08-08,0.20842318336847904,0.16460210761236033,0.0,0.328119911579485,0.2988547974396757
2017-08-09,0.20842318336847904,0.16460210761236033,0.0,0.328119911579485,0.2988547974396757
2017-08-10,0.18826801491208361,0.17762888648268585,0.0,0.3478464761640257,0.2862566224412049
2017-08-11,0.18826801491208361,0.17762888648268585,0.0,0.3478464761640257,0.2862566224412049
2017-08-14,0.18826801491208361,0.17762888648268585,0.0,0.3478464761640257,0.2862566224412049
2017-08-15,0.18826801491208361,0.17762888648268585,0.0,0.3478464761640257,0.2862566224412049
2017-08-16,0.18826801491208361,0.17762888648268585,0.0,0.3478464761640257,0.2862566224412049
2017-08-17,0.18826801491208361,0.17762888648268585,0.0,0.3478464761640257,0.2862566224412049
2017-08-18,0.18826801491208361,0.17762888648268585,0.0,0.3478464761640257,0.2862566224412049
2017-08-21,0.18826801491208361,0.17762888648268585,0.0,0.3478464761640257,0.2862566224412049
2017-08-22,0.18826801491208361,0.17762888648268585,0.0,0.3478464761640257,0.2862566224412049
2017-08-23,0.18826801491208361,0.17762888648268585,0.0,0.3478464761640257,0.2862566224412049
2017-08-24,0.18826801491208361,0.17762888648268585,0.0,0.3478464761640257,0.2862566224412049
2017-08-25,0.18826801491208361,0.17762888648268585,0.0,0.3478464761640257,0.2862566224412049
2017-08-28,0.18826801491208361,0.17762888648268585,0.0,0.3478464761640257,0.2862566224412049
2017-08-29,0.18826801491208361,0.17762888648268585,0.0,0.3478464761640257,0.2862566224412049
2017-08-30,0.18826801491208361,0.17762888648268585,0.0,0.3478464761640257,0.2862566224412049
2017-08-31,0.18826801491208361,0.17762888648268585,0.0,0.3478464761640257,0.2862566224412049
2017-09-01,0.18826801491208361,0.17762888648268585,0.0,0.3478464761640257,0.2862566224412049
2017-09-05,0.18826801491208361,0.17762888648268585,0.0,0.3478464761640257,0.2862566224412049
2017-09-06,0.18826801491208361,0.17762888648268585,0.0,0.3478464761640257,0.2862566224412049
2017-09-08,0.18826801491208361,0.17762888648268585,0.0,0.3478464761640257,0.2862566224412049
2017-09-11,0.18826801491208361,0.17762888648268585,0.0,0.3478464761640257,0.2862566224412049
2017-09-12,0.18939303238977284,0.17551711566532796,2.1647367236570563e-17,0.3660415304290652,0.26904832151583413
2017-09-13,0.18939303238977284,0.17551711566532796,2.1647367236570563e-17,0.3660415304290652,0.26904832151583413
2017-09-14,0.18939303238977284,0.17551711566532796,2.1647367236570563e-17,0.3660415304290652,0.26904832151583413
2017-09-15,0.18939303238977284,0.17551711566532796,2.1647367236570563e-17,0.3660415304290652,0.26904832151583413
2017-09-18,0.18939303238977284,0.17551711566532796,2.1647367236570563e-17,0.3660415304290652,0.26904832151583413
2017-09-19,0.18939303238977284,0.17551711566532796,2.1647367236570563e-17,0.3660415304290652,0.26904832151583413
2017-09-20,0.18939303238977284,0.17551711566532796,2.1647367236570563e-17,0.3660415304290652,0.26904832151583413
2017-09-21,0.18939303238977284,0.17551711566532796,2.1647367236570563e-17,0.3660415304290652,0.26904832151583413
2017-09-22,0.18939303238977284,0.17551711566532796,2.1647367236570563e-17,0.3660415304290652,0.26904832151583413
2017-09-25,0.18939303238977284,0.17551711566532796,2.1647367236570563e-17,0.3660415304290652,0.26904832151583413
2017-09-26,0.18939303238977284,0.17551711566532796,2.1647367236570563e-17,0.3660415304290652,0.26904832151583413
2017-09-27,0.18939303238977284,0.17551711566532796,2.1647367236570563e-17,0.3660415304290652,0.26904832151583413
2017-09-28,0.18939303238977284,0.17551711566532796,2.1647367236570563e-17,0.3660415304290652,0.26904832151583413
2017-09-29,0.18939303238977284,0.17551711566532796,2.1647367236570563e-17,0.3660415304290652,0.26904832151583413
2017-10-02,0.18939303238977284,0.17551711566532796,2.1647367236570563e-17,0.3660415304290652,0.26904832151583413
2017-10-03,0.18939303238977284,0.17551711566532796,2.1647367236570563e-17,0.3660415304290652,0.26904832151583413
2017-10-04,0.18939303238977284,0.17551711566532796,2.1647367236570563e-17,0.3660415304290652,0.26904832151583413
2017-10-05,0.18939303238977284,0.17551711566532796,2.1647367236570563e-17,0.3660415304290652,0.26904832151583413
2017-10-06,0.18939303238977284,0.17551711566532796,2.1647367236570563e-17,0.3660415304290652,0.26904832151583413
2017-10-09,0.18939303238977284,0.17551711566532796,2.1647367236570563e-17,0.3660415304290652,0.26904832151583413
2017-10-10,0.18939303238977284,0.17551711566532796,2.1647367236570563e-17,0.3660415304290652,0.26904832151583413
2017-10-11,0.19171356029246037,0.17806110265105318,3.084479882764673e-17,0.35933938869726023,0.27088594835922625
2017-10-13,0.19171356029246037,0.17806110265105318,3.084479882764673e-17,0.35933938869726023,0.27088594835922625
2017-10-16,0.19171356029246037,0.17806110265105318,3.084479882764673e-17,0.35933938869726023,0.27088594835922625
2017-10-17,0.19171356029246037,0.17806110265105318,3.084479882764673e-17,0.35933938869726023,0.27088594835922625
2017-10-18,0.19171356029246037,0.17806110265105318,3.084479882764673e-17,0.35933938869726023,0.27088594835922625
2017-10-19,0.19171356029246037,0.17806110265105318,3.084479882764673e-17,0.35933938869726023,0.27088594835922625
2017-10-20,0.19171356029246037,0.17806110265105318,3.084479882764673e-17,0.35933938869726023,0.27088594835922625
2017-10-23,0.19171356029246037,0.17806110265105318,3.084479882764673e-17,0.35933938869726023,0.27088594835922625
2017-10-24,0.19171356029246037,0.17806110265105318,3.084479882764673e-17,0.35933938869726023,0.27088594835922625
2017-10-25,0.19171356029246037,0.17806110265105318,3.084479882764673e-17,0.35933938869726023,0.27088594835922625
2017-10-26,0.19171356029246037,0.17806110265105318,3.084479882764673e-17,0.35933938869726023,0.27088594835922625
2017-10-27,0.19171356029246037,0.17806110265105318,3.084479882764673e-17,0.35933938869726023,0.27088594835922625
2017-10-30,0.19171356029246037,0.17806110265105318,3.084479882764673e-17,0.35933938869726023,0.27088594835922625
2017-10-31,0.19171356029246037,0.17806110265105318,3.084479882764673e-17,0.35933938869726023,0.27088594835922625
2017-11-01,0.19171356029246037,0.17806110265105318,3.084479882764673e-17,0.35933938869726023,0.27088594835922625
2017-11-03,0.19171356029246037,0.17806110265105318,3.084479882764673e-17,0.35933938869726023,0.27088594835922625
2017-11-06,0.19171356029246037,0.17806110265105318,3.084479882764673e-17,0.35933938869726023,0.27088594835922625
2017-11-07,0.19171356029246037,0.17806110265105318,3.084479882764673e-17,0.35933938869726023,0.27088594835922625
2017-11-08,0.19171356029246037,0.17806110265105318,3.084479882764673e-17,0.35933938869726023,0.27088594835922625
2017-11-09,0.19171356029246037,0.17806110265105318,3.084479882764673e-17,0.35933938869726023,0.27088594835922625
2017-11-10,0.19171356029246037,0.17806110265105318,3.084479882764673e-17,0.35933938869726023,0.27088594835922625
2017-11-13,0.19033172504456988,0.17117436314925935,3.455889362685132e-17,0.36355341519769013,0.2749404966084807
2017-11-14,0.19033172504456988,0.17117436314925935,3.455889362685132e-17,0.36355341519769013,0.2749404966084807
2017-11-16,0.19033172504456988,0.17117436314925935,3.455889362685132e-17,0.36355341519769013,0.2749404966084807
2017-11-17,0.19033172504456988,0.17117436314925935,3.455889362685132e-17,0.36355341519769013,0.2749404966084807
2017-11-21,0.19033172504456988,0.17117436314925935,3.455889362685132e-17,0.36355341519769013,0.2749404966084807
2017-11-22,0.19033172504456988,0.17117436314925935,3.455889362685132e-17,0.36355341519769013,0.2749404966084807
2017-11-24,0.19033172504456988,0.17117436314925935,3.455889362685132e-17,0.36355341519769013,0.2749404966084807
2017-11-27,0.19033172504456988,0.17117436314925935,3.455889362685132e-17,0.36355341519769013,0.2749404966084807
2017-11-28,0.19033172504456988,0.17117436314925935,3.455889362685132e-17,0.36355341519769013,0.2749404966084807
2017-11-29,0.19033172504456988,0.17117436314925935,3.455889362685132e-17,0.36355341519769013,0.2749404966084807
2017-11-30,0.19033172504456988,0.17117436314925935,3.455889362685132e-17,0.36355341519769013,0.2749404966084807
2017-12-01,0.19033172504456988,0.17117436314925935,3.455889362685132e-17,0.36355341519769013,0.2749404966084807
2017-12-04,0.19033172504456988,0.17117436314925935,3.455889362685132e-17,0.36355341519769013,0.2749404966084807
2017-12-05,0.19033172504456988,0.17117436314925935,3.455889362685132e-17,0.36355341519769013,0.2749404966084807
2017-12-06,0.19033172504456988,0.17117436314925935,3.455889362685132e-17,0.36355341519769013,0.2749404966084807
2017-12-07,0.19033172504456988,0.17117436314925935,3.455889362685132e-17,0.36355341519769013,0.2749404966084807
2017-12-08,0.19033172504456988,0.17117436314925935,3.455889362685132e-17,0.36355341519769013,0.2749404966084807
2017-12-11,0.19033172504456988,0.17117436314925935,3.455889362685132e-17,0.36355341519769013,0.2749404966084807
2017-12-12,0.19033172504456988,0.17117436314925935,3.455889362685132e-17,0.36355341519769013,0.2749404966084807
2017-12-13,0.19033172504456988,0.17117436314925935,3.455889362685132e-17,0.36355341519769013,0.2749404966084807
2017-12-14,0.19033172504456988,0.17117436314925935,3.455889362685132e-17,0.36355341519769013,0.2749404966084807
2017-12-15,0.1995839764414113,0.1626301980095691,4.3265364604121046e-17,0.36138806373674043,0.2763977618122792
2017-12-18,0.1995839764414113,0.1626301980095691,4.3265364604121046e-17,0.36138806373674043,0.2763977618122792
2017-12-19,0.1995839764414113,0.1626301980095691,4.3265364604121046e-17,0.36138806373674043,0.2763977618122792
2017-12-20,0.1995839764414113,0.1626301980095691,4.3265364604121046e-17,0.36138806373674043,0.2763977618122792
2017-12-21,0.1995839764414113,0.1626301980095691,4.3265364604121046e-17,0.36138806373674043,0.2763977618122792
2017-12-22,0.1995839764414113,0.1626301980095691,4.3265364604121046e-17,0.36138806373674043,0.2763977618122792
2017-12-26,0.1995839764414113,0.1626301980095691,4.3265364604121046e-17,0.36138806373674043,0.2763977618122792
2017-12-27,0.1995839764414113,0.1626301980095691,4.3265364604121046e-17,0.36138806373674043,0.2763977618122792
2017-12-28,0.1995839764414113,0.1626301980095691,4.3265364604121046e-17,0.36138806373674043,0.2763977618122792
2018-01-02,0.1995839764414113,0.1626301980095691,4.3265364604121046e-17,0.36138806373674043,0.2763977618122792
2018-01-03,0.1995839764414113,0.1626301980095691,4.3265364604121046e-17,0.36138806373674043,0.2763977618122792
2018-01-04,0.1995839764414113,0.1626301980095691,4.3265364604121046e-17,0.36138806373674043,0.2763977618122792
2018-01-05,0.1995839764414113,0.1626301980095691,4.3265364604121046e-17,0.36138806373674043,0.2763977618122792
2018-01-08,0.1995839764414113,0.1626301980095691,4.3265364604121046e-17,0.36138806373674043,0.2763977618122792
2018-01-09,0.1995839764414113,0.1626301980095691,4.3265364604121046e-17,0.36138806373674043,0.2763977618122792
2018-01-10,0.1995839764414113,0.1626301980095691,4.3265364604121046e-17,0.36138806373674043,0.2763977618122792
2018-01-11,0.1995839764414113,0.1626301980095691,4.3265364604121046e-17,0.36138806373674043,0.2763977618122792
2018-01-12,0.1995839764414113,0.1626301980095691,4.3265364604121046e-17,0.36138806373674043,0.2763977618122792
2018-01-16,0.1995839764414113,0.1626301980095691,4.3265364604121046e-17,0.36138806373674043,0.2763977618122792
2018-01-17,0.1995839764414113,0.1626301980095691,4.3265364604121046e-17,0.36138806373674043,0.2763977618122792
2018-01-18,0.1995839764414113,0.1626301980095691,4.3265364604121046e-17,0.36138806373674043,0.2763977618122792
2018-01-19,0.1870511833708848,0.18148410534232132,0.0,0.36636786155185963,0.26509684973493425
2018-01-22,0.1870511833708848,0.18148410534232132,0.0,0.36636786155185963,0.26509684973493425
2018-01-23,0.1870511833708848,0.18148410534232132,0.0,0.36636786155185963,0.26509684973493425
2018-01-24,0.1870511833708848,0.18148410534232132,0.0,0.36636786155185963,0.26509684973493425
2018-01-26,0.1870511833708848,0.18148410534232132,0.0,0.36636786155185963,0.26509684973493425
2018-01-29,0.1870511833708848,0.18148410534232132,0.0,0.36636786155185963,0.26509684973493425
2018-01-30,0.1870511833708848,0.18148410534232132,0.0,0.36636786155185963,0.26509684973493425
2018-01-31,0.1870511833708848,0.18148410534232132,0.0,0.36636786155185963,0.26509684973493425
2018-02-01,0.1870511833708848,0.18148410534232132,0.0,0.36636786155185963,0.26509684973493425
2018-02-02,0.1870511833708848,0.18148410534232132,0.0,0.36636786155185963,0.26509684973493425
2018-02-05,0.1870511833708848,0.18148410534232132,0.0,0.36636786155185963,0.26509684973493425
2018-02-06,0.1870511833708848,0.18148410534232132,0.0,0.36636786155185963,0.26509684973493425
2018-02-07,0.1870511833708848,0.18148410534232132,0.0,0.36636786155185963,0.26509684973493425
2018-02-08,0.1870511833708848,0.18148410534232132,0.0,0.36636786155185963,0.26509684973493425
2018-02-09,0.1870511833708848,0.18148410534232132,0.0,0.36636786155185963,0.26509684973493425
2018-02-14,0.1870511833708848,0.18148410534232132,0.0,0.36636786155185963,0.26509684973493425
2018-02-15,0.1870511833708848,0.18148410534232132,0.0,0.36636786155185963,0.26509684973493425
2018-02-16,0.1870511833708848,0.18148410534232132,0.0,0.36636786155185963,0.26509684973493425
2018-02-20,0.1870511833708848,0.18148410534232132,0.0,0.36636786155185963,0.26509684973493425
2018-02-21,0.1870511833708848,0.18148410534232132,0.0,0.36636786155185963,0.26509684973493425
2018-02-22,0.1870511833708848,0.18148410534232132,0.0,0.36636786155185963,0.26509684973493425
2018-02-23,0.1783211855768275,0.17857324103816025,0.0,0.4310662865309325,0.21203928685407986
2018-02-26,0.1783211855768275,0.17857324103816025,0.0,0.4310662865309325,0.21203928685407986
2018-02-27,0.1783211855768275,0.17857324103816025,0.0,0.4310662865309325,0.21203928685407986
2018-02-28,0.1783211855768275,0.17857324103816025,0.0,0.4310662865309325,0.21203928685407986
2018-03-01,0.1783211855768275,0.17857324103816025,0.0,0.4310662865309325,0.21203928685407986
2018-03-02,0.1783211855768275,0.17857324103816025,0.0,0.4310662865309325,0.21203928685407986
2018-03-05,0.1783211855768275,0.17857324103816025,0.0,0.4310662865309325,0.21203928685407986
2018-03-06,0.1783211855768275,0.17857324103816025,0.0,0.4310662865309325,0.21203928685407986
2018-03-07,0.1783211855768275,0.17857324103816025,0.0,0.4310662865309325,0.21203928685407986
2018-03-08,0.1783211855768275,0.17857324103816025,0.0,0.4310662865309325,0.21203928685407986
2018-03-09,0.1783211855768275,0.17857324103816025,0.0,0.4310662865309325,0.21203928685407986
2018-03-12,0.1783211855768275,0.17857324103816025,0.0,0.4310662865309325,0.21203928685407986
2018-03-13,0.1783211855768275,0.17857324103816025,0.0,0.4310662865309325,0.21203928685407986
2018-03-14,0.1783211855768275,0.17857324103816025,0.0,0.4310662865309325,0.21203928685407986
2018-03-15,0.1783211855768275,0.17857324103816025,0.0,0.4310662865309325,0.21203928685407986
2018-03-16,0.1783211855768275,0.17857324103816025,0.0,0.4310662865309325,0.21203928685407986
2018-03-19,0.1783211855768275,0.17857324103816025,0.0,0.4310662865309325,0.21203928685407986
2018-03-20,0.1783211855768275,0.17857324103816025,0.0,0.4310662865309325,0.21203928685407986
2018-03-21,0.1783211855768275,0.17857324103816025,0.0,0.4310662865309325,0.21203928685407986
2018-03-22,0.1783211855768275,0.17857324103816025,0.0,0.4310662865309325,0.21203928685407986
2018-03-23,0.1783211855768275,0.17857324103816025,0.0,0.4310662865309325,0.21203928685407986
2018-03-26,0.17894876886525812,0.18097514944787363,0.0,0.43971284852966375,0.2003632331572046
2018-03-27,0.17894876886525812,0.18097514944787363,0.0,0.43971284852966375,0.2003632331572046
2018-03-28,0.17894876886525812,0.18097514944787363,0.0,0.43971284852966375,0.2003632331572046
2018-03-29,0.17894876886525812,0.18097514944787363,0.0,0.43971284852966375,0.2003632331572046
2018-04-02,0.17894876886525812,0.18097514944787363,0.0,0.43971284852966375,0.2003632331572046
2018-04-03,0.17894876886525812,0.18097514944787363,0.0,0.43971284852966375,0.2003632331572046
2018-04-04,0.17894876886525812,0.18097514944787363,0.0,0.43971284852966375,0.2003632331572046
2018-04-05,0.17894876886525812,0.18097514944787363,0.0,0.43971284852966375,0.2003632331572046
2018-04-06,0.17894876886525812,0.18097514944787363,0.0,0.43971284852966375,0.2003632331572046
2018-04-09,0.17894876886525812,0.18097514944787363,0.0,0.43971284852966375,0.2003632331572046
2018-04-10,0.17894876886525812,0.18097514944787363,0.0,0.43971284852966375,0.2003632331572046
2018-04-11,0.17894876886525812,0.18097514944787363,0.0,0.43971284852966375,0.2003632331572046
2018-04-12,0.17894876886525812,0.18097514944787363,0.0,0.43971284852966375,0.2003632331572046
2018-04-13,0.17894876886525812,0.18097514944787363,0.0,0.43971284852966375,0.2003632331572046
2018-04-16,0.17894876886525812,0.18097514944787363,0.0,0.43971284852966375,0.2003632331572046
2018-04-17,0.17894876886525812,0.18097514944787363,0.0,0.43971284852966375,0.2003632331572046
2018-04-18,0.17894876886525812,0.18097514944787363,0.0,0.43971284852966375,0.2003632331572046
2018-04-19,0.17894876886525812,0.18097514944787363,0.0,0.43971284852966375,0.2003632331572046
2018-04-20,0.17894876886525812,0.18097514944787363,0.0,0.43971284852966375,0.2003632331572046
2018-04-23,0.17894876886525812,0.18097514944787363,0.0,0.43971284852966375,0.2003632331572046
2018-04-24,0.17894876886525812,0.18097514944787363,0.0,0.43971284852966375,0.2003632331572046
2018-04-25,0.1846154705905237,0.18708096942866004,0.0,0.4373478968007986,0.1909556631800177
2018-04-26,0.1846154705905237,0.18708096942866004,0.0,0.4373478968007986,0.1909556631800177
2018-04-27,0.1846154705905237,0.18708096942866004,0.0,0.4373478968007986,0.1909556631800177
2018-04-30,0.1846154705905237,0.18708096942866004,0.0,0.4373478968007986,0.1909556631800177
2018-05-02,0.1846154705905237,0.18708096942866004,0.0,0.4373478968007986,0.1909556631800177
2018-05-03,0.1846154705905237,0.18708096942866004,0.0,0.4373478968007986,0.1909556631800177
2018-05-04,0.1846154705905237,0.18708096942866004,0.0,0.4373478968007986,0.1909556631800177
2018-05-07,0.1846154705905237,0.18708096942866004,0.0,0.4373478968007986,0.1909556631800177
2018-05-08,0.1846154705905237,0.18708096942866004,0.0,0.4373478968007986,0.1909556631800177
2018-05-09,0.1846154705905237,0.18708096942866004,0.0,0.4373478968007986,0.1909556631800177
2018-05-10,0.1846154705905237,0.18708096942866004,0.0,0.4373478968007986,0.1909556631800177
2018-05-11,0.1846154705905237,0.18708096942866004,0.0,0.4373478968007986,0.1909556631800177
2018-05-14,0.1846154705905237,0.18708096942866004,0.0,0.4373478968007986,0.1909556631800177
2018-05-15,0.1846154705905237,0.18708096942866004,0.0,0.4373478968007986,0.1909556631800177
2018-05-16,0.1846154705905237,0.18708096942866004,0.0,0.4373478968007986,0.1909556631800177
2018-05-17,0.1846154705905237,0.18708096942866004,0.0,0.4373478968007986,0.1909556631800177
2018-05-18,0.1846154705905237,0.18708096942866004,0.0,0.4373478968007986,0.1909556631800177
2018-05-21,0.1846154705905237,0.18708096942866004,0.0,0.4373478968007986,0.1909556631800177
2018-05-22,0.1846154705905237,0.18708096942866004,0.0,0.4373478968007986,0.1909556631800177
2018-05-23,0.1846154705905237,0.18708096942866004,0.0,0.4373478968007986,0.1909556631800177
2018-05-24,0.1846154705905237,0.18708096942866004,0.0,0.4373478968007986,0.1909556631800177
2018-05-25,0.1736668813600272,0.19108116020660246,4.198986543913006e-19,0.45154869105115686,0.18370326738221351
2018-05-29,0.1736668813600272,0.19108116020660246,4.198986543913006e-19,0.45154869105115686,0.18370326738221351
2018-05-30,0.1736668813600272,0.19108116020660246,4.198986543913006e-19,0.45154869105115686,0.18370326738221351
2018-06-01,0.1736668813600272,0.19108116020660246,4.198986543913006e-19,0.45154869105115686,0.18370326738221351
2018-06-04,0.1736668813600272,0.19108116020660246,4.198986543913006e-19,0.45154869105115686,0.18370326738221351
2018-06-05,0.1736668813600272,0.19108116020660246,4.198986543913006e-19,0.45154869105115686,0.18370326738221351
2018-06-06,0.1736668813600272,0.19108116020660246,4.198986543913006e-19,0.45154869105115686,0.18370326738221351
2018-06-07,0.1736668813600272,0.19108116020660246,4.198986543913006e-19,0.45154869105115686,0.18370326738221351
2018-06-08,0.1736668813600272,0.19108116020660246,4.198986543913006e-19,0.45154869105115686,0.18370326738221351
2018-06-11,0.1736668813600272,0.19108116020660246,4.198986543913006e-19,0.45154869105115686,0.18370326738221351
2018-06-12,0.1736668813600272,0.19108116020660246,4.198986543913006e-19,0.45154869105115686,0.18370326738221351
2018-06-13,0.1736668813600272,0.19108116020660246,4.198986543913006e-19,0.45154869105115686,0.18370326738221351
2018-06-14,0.1736668813600272,0.19108116020660246,4.198986543913006e-19,0.45154869105115686,0.18370326738221351
2018-06-15,0.1736668813600272,0.19108116020660246,4.198986543913006e-19,0.45154869105115686,0.18370326738221351
2018-06-18,0.1736668813600272,0.19108116020660246,4.198986543913006e-19,0.45154869105115686,0.18370326738221351
2018-06-19,0.1736668813600272,0.19108116020660246,4.198986543913006e-19,0.45154869105115686,0.18370326738221351
2018-06-20,0.1736668813600272,0.19108116020660246,4.198986543913006e-19,0.45154869105115686,0.18370326738221351
2018-06-21,0.1736668813600272,0.19108116020660246,4.198986543913006e-19,0.45154869105115686,0.18370326738221351
2018-06-22,0.1736668813600272,0.19108116020660246,4.198986543913006e-19,0.45154869105115686,0.18370326738221351
2018-06-25,0.1736668813600272,0.19108116020660246,4.198986543913006e-19,0.45154869105115686,0.18370326738221351
2018-06-26,0.1736668813600272,0.19108116020660246,4.198986543913006e-19,0.45154869105115686,0.18370326738221351
2018-06-27,0.1272261876675711,0.15651321313566083,0.0,0.5399115202440078,0.17634907895276042
2018-06-28,0.1272261876675711,0.15651321313566083,0.0,0.5399115202440078,0.17634907895276042
2018-06-29,0.1272261876675711,0.15651321313566083,0.0,0.5399115202440078,0.17634907895276042
2018-07-02,0.1272261876675711,0.15651321313566083,0.0,0.5399115202440078,0.17634907895276042
2018-07-03,0.1272261876675711,0.15651321313566083,0.0,0.5399115202440078,0.17634907895276042
2018-07-05,0.1272261876675711,0.15651321313566083,0.0,0.5399115202440078,0.17634907895276042
2018-07-06,0.1272261876675711,0.15651321313566083,0.0,0.5399115202440078,0.17634907895276042
2018-07-10,0.1272261876675711,0.15651321313566083,0.0,0.5399115202440078,0.17634907895276042
2018-07-11,0.1272261876675711,0.15651321313566083,0.0,0.5399115202440078,0.17634907895276042
2018-07-12,0.1272261876675711,0.15651321313566083,0.0,0.5399115202440078,0.17634907895276042
2018-07-13,0.1272261876675711,0.15651321313566083,0.0,0.5399115202440078,0.17634907895276042
2018-07-16,0.1272261876675711,0.15651321313566083,0.0,0.5399115202440078,0.17634907895276042
2018-07-17,0.1272261876675711,0.15651321313566083,0.0,0.5399115202440078,0.17634907895276042
2018-07-18,0.1272261876675711,0.15651321313566083,0.0,0.5399115202440078,0.17634907895276042
2018-07-19,0.1272261876675711,0.15651321313566083,0.0,0.5399115202440078,0.17634907895276042
2018-07-20,0.1272261876675711,0.15651321313566083,0.0,0.5399115202440078,0.17634907895276042
2018-07-23,0.1272261876675711,0.15651321313566083,0.0,0.5399115202440078,0.17634907895276042
2018-07-24,0.1272261876675711,0.15651321313566083,0.0,0.5399115202440078,0.17634907895276042
2018-07-25,0.1272261876675711,0.15651321313566083,0.0,0.5399115202440078,0.17634907895276042
2018-07-26,0.1272261876675711,0.15651321313566083,0.0,0.5399115202440078,0.17634907895276042
2018-07-27,0.1272261876675711,0.15651321313566083,0.0,0.5399115202440078,0.17634907895276042
2018-07-30,0.1332885333721051,0.14725344337577953,9.953002446343899e-18,0.5583049993791651,0.16115302387295038
2018-07-31,0.1332885333721051,0.14725344337577953,9.953002446343899e-18,0.5583049993791651,0.16115302387295038
2018-08-01,0.1332885333721051,0.14725344337577953,9.953002446343899e-18,0.5583049993791651,0.16115302387295038
2018-08-02,0.1332885333721051,0.14725344337577953,9.953002446343899e-18,0.5583049993791651,0.16115302387295038
2018-08-03,0.1332885333721051,0.14725344337577953,9.953002446343899e-18,0.5583049993791651,0.16115302387295038
2018-08-06,0.1332885333721051,0.14725344337577953,9.953002446343899e-18,0.5583049993791651,0.16115302387295038
2018-08-07,0.1332885333721051,0.14725344337577953,9.953002446343899e-18,0.5583049993791651,0.16115302387295038
2018-08-08,0.1332885333721051,0.14725344337577953,9.953002446343899e-18,0.5583049993791651,0.16115302387295038
2018-08-09,0.1332885333721051,0.14725344337577953,9.953002446343899e-18,0.5583049993791651,0.16115302387295038
2018-08-10,0.1332885333721051,0.14725344337577953,9.953002446343899e-18,0.5583049993791651,0.16115302387295038
2018-08-13,0.1332885333721051,0.14725344337577953,9.953002446343899e-18,0.5583049993791651,0.16115302387295038
2018-08-14,0.1332885333721051,0.14725344337577953,9.953002446343899e-18,0.5583049993791651,0.16115302387295038
2018-08-15,0.1332885333721051,0.14725344337577953,9.953002446343899e-18,0.5583049993791651,0.16115302387295038
2018-08-16,0.1332885333721051,0.14725344337577953,9.953002446343899e-18,0.5583049993791651,0.16115302387295038
2018-08-17,0.1332885333721051,0.14725344337577953,9.953002446343899e-18,0.5583049993791651,0.16115302387295038
2018-08-20,0.1332885333721051,0.14725344337577953,9.953002446343899e-18,0.5583049993791651,0.16115302387295038
2018-08-21,0.1332885333721051,0.14725344337577953,9.953002446343899e-18,0.5583049993791651,0.16115302387295038
2018-08-22,0.1332885333721051,0.14725344337577953,9.953002446343899e-18,0.5583049993791651,0.16115302387295038
2018-08-23,0.1332885333721051,0.14725344337577953,9.953002446343899e-18,0.5583049993791651,0.16115302387295038
2018-08-24,0.1332885333721051,0.14725344337577953,9.953002446343899e-18,0.5583049993791651,0.16115302387295038
2018-08-27,0.1332885333721051,0.14725344337577953,9.953002446343899e-18,0.5583049993791651,0.16115302387295038
2018-08-28,0.03370675578319282,0.25123678578196085,2.3364424904310315e-18,0.5422775165908473,0.1727789418439991
2018-08-29,0.03370675578319282,0.25123678578196085,2.3364424904310315e-18,0.5422775165908473,0.1727789418439991
2018-08-30,0.03370675578319282,0.25123678578196085,2.3364424904310315e-18,0.5422775165908473,0.1727789418439991
2018-08-31,0.03370675578319282,0.25123678578196085,2.3364424904310315e-18,0.5422775165908473,0.1727789418439991
2018-09-04,0.03370675578319282,0.25123678578196085,2.3364424904310315e-18,0.5422775165908473,0.1727789418439991
2018-09-05,0.03370675578319282,0.25123678578196085,2.3364424904310315e-18,0.5422775165908473,0.1727789418439991
2018-09-06,0.03370675578319282,0.25123678578196085,2.3364424904310315e-18,0.5422775165908473,0.1727789418439991
2018-09-10,0.03370675578319282,0.25123678578196085,2.3364424904310315e-18,0.5422775165908473,0.1727789418439991
2018-09-11,0.03370675578319282,0.25123678578196085,2.3364424904310315e-18,0.5422775165908473,0.1727789418439991
2018-09-12,0.03370675578319282,0.25123678578196085,2.3364424904310315e-18,0.5422775165908473,0.1727789418439991
2018-09-13,0.03370675578319282,0.25123678578196085,2.3364424904310315e-18,0.5422775165908473,0.1727789418439991
2018-09-14,0.03370675578319282,0.25123678578196085,2.3364424904310315e-18,0.5422775165908473,0.1727789418439991
2018-09-17,0.03370675578319282,0.25123678578196085,2.3364424904310315e-18,0.5422775165908473,0.1727789418439991
2018-09-18,0.03370675578319282,0.25123678578196085,2.3364424904310315e-18,0.5422775165908473,0.1727789418439991
2018-09-19,0.03370675578319282,0.25123678578196085,2.3364424904310315e-18,0.5422775165908473,0.1727789418439991
2018-09-20,0.03370675578319282,0.25123678578196085,2.3364424904310315e-18,0.5422775165908473,0.1727789418439991
2018-09-21,0.03370675578319282,0.25123678578196085,2.3364424904310315e-18,0.5422775165908473,0.1727789418439991
2018-09-24,0.03370675578319282,0.25123678578196085,2.3364424904310315e-18,0.5422775165908473,0.1727789418439991
2018-09-25,0.03370675578319282,0.25123678578196085,2.3364424904310315e-18,0.5422775165908473,0.1727789418439991
2018-09-26,0.03370675578319282,0.25123678578196085,2.3364424904310315e-18,0.5422775165908473,0.1727789418439991
2018-09-27,0.03370675578319282,0.25123678578196085,2.3364424904310315e-18,0.5422775165908473,0.1727789418439991
2018-09-28,0.044426047906943475,0.2559632595249938,3.520927074176214e-18,0.5445829553717473,0.15502773719631546
2018-10-01,0.044426047906943475,0.2559632595249938,3.520927074176214e-18,0.5445829553717473,0.15502773719631546
2018-10-02,0.044426047906943475,0.2559632595249938,3.520927074176214e-18,0.5445829553717473,0.15502773719631546
2018-10-03,0.044426047906943475,0.2559632595249938,3.520927074176214e-18,0.5445829553717473,0.15502773719631546
2018-10-04,0.044426047906943475,0.2559632595249938,3.520927074176214e-18,0.5445829553717473,0.15502773719631546
2018-10-05,0.044426047906943475,0.2559632595249938,3.520927074176214e-18,0.5445829553717473,0.15502773719631546
2018-10-08,0.044426047906943475,0.2559632595249938,3.520927074176214e-18,0.5445829553717473,0.15502773719631546
2018-10-09,0.044426047906943475,0.2559632595249938,3.520927074176214e-18,0.5445829553717473,0.15502773719631546
2018-10-10,0.044426047906943475,0.2559632595249938,3.520927074176214e-18,0.5445829553717473,0.15502773719631546
2018-10-11,0.044426047906943475,0.2559632595249938,3.520927074176214e-18,0.5445829553717473,0.15502773719631546
2018-10-15,0.044426047906943475,0.2559632595249938,3.520927074176214e-18,0.5445829553717473,0.15502773719631546
2018-10-16,0.044426047906943475,0.2559632595249938,3.520927074176214e-18,0.5445829553717473,0.15502773719631546
2018-10-17,0.044426047906943475,0.2559632595249938,3.520927074176214e-18,0.5445829553717473,0.15502773719631546
2018-10-18,0.044426047906943475,0.2559632595249938,3.520927074176214e-18,0.5445829553717473,0.15502773719631546
2018-10-19,0.044426047906943475,0.2559632595249938,3.520927074176214e-18,0.5445829553717473,0.15502773719631546
2018-10-22,0.044426047906943475,0.2559632595249938,3.520927074176214e-18,0.5445829553717473,0.15502773719631546
2018-10-23,0.044426047906943475,0.2559632595249938,3.520927074176214e-18,0.5445829553717473,0.15502773719631546
2018-10-24,0.044426047906943475,0.2559632595249938,3.520927074176214e-18,0.5445829553717473,0.15502773719631546
2018-10-25,0.044426047906943475,0.2559632595249938,3.520927074176214e-18,0.5445829553717473,0.15502773719631546
2018-10-26,0.044426047906943475,0.2559632595249938,3.520927074176214e-18,0.5445829553717473,0.15502773719631546
2018-10-29,0.044426047906943475,0.2559632595249938,3.520927074176214e-18,0.5445829553717473,0.15502773719631546
2018-10-30,0.08638957164567618,0.22868765698291812,1.531830016059397e-18,0.559201661017852,0.12572111035355382
2018-10-31,0.08638957164567618,0.22868765698291812,1.531830016059397e-18,0.559201661017852,0.12572111035355382
2018-11-01,0.08638957164567618,0.22868765698291812,1.531830016059397e-18,0.559201661017852,0.12572111035355382
2018-11-05,0.08638957164567618,0.22868765698291812,1.531830016059397e-18,0.559201661017852,0.12572111035355382
2018-11-06,0.08638957164567618,0.22868765698291812,1.531830016059397e-18,0.559201661017852,0.12572111035355382
2018-11-07,0.08638957164567618,0.22868765698291812,1.531830016059397e-18,0.559201661017852,0.12572111035355382
2018-11-08,0.08638957164567618,0.22868765698291812,1.531830016059397e-18,0.559201661017852,0.12572111035355382
2018-11-09,0.08638957164567618,0.22868765698291812,1.531830016059397e-18,0.559201661017852,0.12572111035355382
2018-11-12,0.08638957164567618,0.22868765698291812,1.531830016059397e-18,0.559201661017852,0.12572111035355382
2018-11-13,0.08638957164567618,0.22868765698291812,1.531830016059397e-18,0.559201661017852,0.12572111035355382
2018-11-14,0.08638957164567618,0.22868765698291812,1.531830016059397e-18,0.559201661017852,0.12572111035355382
2018-11-16,0.08638957164567618,0.22868765698291812,1.531830016059397e-18,0.559201661017852,0.12572111035355382
2018-11-19,0.08638957164567618,0.22868765698291812,1.531830016059397e-18,0.559201661017852,0.12572111035355382
2018-11-21,0.08638957164567618,0.22868765698291812,1.531830016059397e-18,0.559201661017852,0.12572111035355382
2018-11-23,0.08638957164567618,0.22868765698291812,1.531830016059397e-18,0.559201661017852,0.12572111035355382
2018-11-26,0.08638957164567618,0.22868765698291812,1.531830016059397e-18,0.559201661017852,0.12572111035355382
2018-11-27,0.08638957164567618,0.22868765698291812,1.531830016059397e-18,0.559201661017852,0.12572111035355382
2018-11-28,0.08638957164567618,0.22868765698291812,1.531830016059397e-18,0.559201661017852,0.12572111035355382
2018-11-29,0.08638957164567618,0.22868765698291812,1.531830016059397e-18,0.559201661017852,0.12572111035355382
2018-11-30,0.08638957164567618,0.22868765698291812,1.531830016059397e-18,0.559201661017852,0.12572111035355382
2018-12-03,0.08638957164567618,0.22868765698291812,1.531830016059397e-18,0.559201661017852,0.12572111035355382
2018-12-04,0.0422597192989707,0.2723846249653775,9.748275559032463e-18,0.586016920624654,0.09933873511099775
2018-12-06,0.0422597192989707,0.2723846249653775,9.748275559032463e-18,0.586016920624654,0.09933873511099775
2018-12-07,0.0422597192989707,0.2723846249653775,9.748275559032463e-18,0.586016920624654,0.09933873511099775
2018-12-10,0.0422597192989707,0.2723846249653775,9.748275559032463e-18,0.586016920624654,0.09933873511099775
2018-12-11,0.0422597192989707,0.2723846249653775,9.748275559032463e-18,0.586016920624654,0.09933873511099775
2018-12-12,0.0422597192989707,0.2723846249653775,9.748275559032463e-18,0.586016920624654,0.09933873511099775
2018-12-13,0.0422597192989707,0.2723846249653775,9.748275559032463e-18,0.586016920624654,0.09933873511099775
2018-12-14,0.0422597192989707,0.2723846249653775,9.748275559032463e-18,0.586016920624654,0.09933873511099775
2018-12-17,0.0422597192989707,0.2723846249653775,9.748275559032463e-18,0.586016920624654,0.09933873511099775
2018-12-18,0.0422597192989707,0.2723846249653775,9.748275559032463e-18,0.586016920624654,0.09933873511099775
2018-12-19,0.0422597192989707,0.2723846249653775,9.748275559032463e-18,0.586016920624654,0.09933873511099775
2018-12-20,0.0422597192989707,0.2723846249653775,9.748275559032463e-18,0.586016920624654,0.09933873511099775
2018-12-21,0.0422597192989707,0.2723846249653775,9.748275559032463e-18,0.586016920624654,0.09933873511099775
2018-12-26,0.0422597192989707,0.2723846249653775,9.748275559032463e-18,0.586016920624654,0.09933873511099775
2018-12-27,0.0422597192989707,0.2723846249653775,9.748275559032463e-18,0.586016920624654,0.09933873511099775
2018-12-28,0.0422597192989707,0.2723846249653775,9.748275559032463e-18,0.586016920624654,0.09933873511099775
2019-01-02,0.0422597192989707,0.2723846249653775,9.748275559032463e-18,0.586016920624654,0.09933873511099775
2019-01-03,0.0422597192989707,0.2723846249653775,9.748275559032463e-18,0.586016920624654,0.09933873511099775
2019-01-04,0.0422597192989707,0.2723846249653775,9.748275559032463e-18,0.586016920624654,0.09933873511099775
2019-01-07,0.0422597192989707,0.2723846249653775,9.748275559032463e-18,0.586016920624654,0.09933873511099775
2019-01-08,0.0422597192989707,0.2723846249653775,9.748275559032463e-18,0.586016920624654,0.09933873511099775
2019-01-09,0.06268702906585338,0.2660874446621789,0.0,0.6105863797691604,0.06063914650280739
2019-01-10,0.06268702906585338,0.2660874446621789,0.0,0.6105863797691604,0.06063914650280739
2019-01-11,0.06268702906585338,0.2660874446621789,0.0,0.6105863797691604,0.06063914650280739
2019-01-14,0.06268702906585338,0.2660874446621789,0.0,0.6105863797691604,0.06063914650280739
2019-01-15,0.06268702906585338,0.2660874446621789,0.0,0.6105863797691604,0.06063914650280739
2019-01-16,0.06268702906585338,0.2660874446621789,0.0,0.6105863797691604,0.06063914650280739
2019-01-17,0.06268702906585338,0.2660874446621789,0.0,0.6105863797691604,0.06063914650280739
2019-01-18,0.06268702906585338,0.2660874446621789,0.0,0.6105863797691604,0.06063914650280739
2019-01-22,0.06268702906585338,0.2660874446621789,0.0,0.6105863797691604,0.06063914650280739
2019-01-23,0.06268702906585338,0.2660874446621789,0.0,0.6105863797691604,0.06063914650280739
2019-01-24,0.06268702906585338,0.2660874446621789,0.0,0.6105863797691604,0.06063914650280739
2019-01-28,0.06268702906585338,0.2660874446621789,0.0,0.6105863797691604,0.06063914650280739
2019-01-29,0.06268702906585338,0.2660874446621789,0.0,0.6105863797691604,0.06063914650280739
2019-01-30,0.06268702906585338,0.2660874446621789,0.0,0.6105863797691604,0.06063914650280739
2019-01-31,0.06268702906585338,0.2660874446621789,0.0,0.6105863797691604,0.06063914650280739
2019-02-01,0.06268702906585338,0.2660874446621789,0.0,0.6105863797691604,0.06063914650280739
2019-02-04,0.06268702906585338,0.2660874446621789,0.0,0.6105863797691604,0.06063914650280739
2019-02-05,0.06268702906585338,0.2660874446621789,0.0,0.6105863797691604,0.06063914650280739
2019-02-06,0.06268702906585338,0.2660874446621789,0.0,0.6105863797691604,0.06063914650280739
2019-02-07,0.06268702906585338,0.2660874446621789,0.0,0.6105863797691604,0.06063914650280739
2019-02-08,0.06268702906585338,0.2660874446621789,0.0,0.6105863797691604,0.06063914650280739
2019-02-11,0.0842296086692432,0.24659037833814088,8.39889373744703e-18,0.611240586158958,0.0579394268336579
2019-02-12,0.0842296086692432,0.24659037833814088,8.39889373744703e-18,0.611240586158958,0.0579394268336579
2019-02-13,0.0842296086692432,0.24659037833814088,8.39889373744703e-18,0.611240586158958,0.0579394268336579
2019-02-14,0.0842296086692432,0.24659037833814088,8.39889373744703e-18,0.611240586158958,0.0579394268336579
2019-02-15,0.0842296086692432,0.24659037833814088,8.39889373744703e-18,0.611240586158958,0.0579394268336579
2019-02-19,0.0842296086692432,0.24659037833814088,8.39889373744703e-18,0.611240586158958,0.0579394268336579
2019-02-20,0.0842296086692432,0.24659037833814088,8.39889373744703e-18,0.611240586158958,0.0579394268336579
2019-02-21,0.0842296086692432,0.24659037833814088,8.39889373744703e-18,0.611240586158958,0.0579394268336579
2019-02-22,0.0842296086692432,0.24659037833814088,8.39889373744703e-18,0.611240586158958,0.0579394268336579
2019-02-25,0.0842296086692432,0.24659037833814088,8.39889373744703e-18,0.611240586158958,0.0579394268336579
2019-02-26,0.0842296086692432,0.24659037833814088,8.39889373744703e-18,0.611240586158958,0.0579394268336579
2019-02-27,0.0842296086692432,0.24659037833814088,8.39889373744703e-18,0.611240586158958,0.0579394268336579
2019-02-28,0.0842296086692432,0.24659037833814088,8.39889373744703e-18,0.611240586158958,0.0579394268336579
2019-03-01,0.0842296086692432,0.24659037833814088,8.39889373744703e-18,0.611240586158958,0.0579394268336579
2019-03-06,0.0842296086692432,0.24659037833814088,8.39889373744703e-18,0.611240586158958,0.0579394268336579
2019-03-07,0.0842296086692432,0.24659037833814088,8.39889373744703e-18,0.611240586158958,0.0579394268336579
2019-03-08,0.0842296086692432,0.24659037833814088,8.39889373744703e-18,0.611240586158958,0.0579394268336579
2019-03-11,0.0842296086692432,0.24659037833814088,8.39889373744703e-18,0.611240586158958,0.0579394268336579
2019-03-12,0.0842296086692432,0.24659037833814088,8.39889373744703e-18,0.611240586158958,0.0579394268336579
2019-03-13,0.0842296086692432,0.24659037833814088,8.39889373744703e-18,0.611240586158958,0.0579394268336579
2019-03-14,0.0842296086692432,0.24659037833814088,8.39889373744703e-18,0.611240586158958,0.0579394268336579
2019-03-15,0.05407064479527724,0.2823845961004647,0.0,0.5744828955100497,0.08906186359420834
2019-03-18,0.05407064479527724,0.2823845961004647,0.0,0.5744828955100497,0.08906186359420834
2019-03-19,0.05407064479527724,0.2823845961004647,0.0,0.5744828955100497,0.08906186359420834
2019-03-20,0.05407064479527724,0.2823845961004647,0.0,0.5744828955100497,0.08906186359420834
2019-03-21,0.05407064479527724,0.2823845961004647,0.0,0.5744828955100497,0.08906186359420834
2019-03-22,0.05407064479527724,0.2823845961004647,0.0,0.5744828955100497,0.08906186359420834
2019-03-25,0.05407064479527724,0.2823845961004647,0.0,0.5744828955100497,0.08906186359420834
2019-03-26,0.05407064479527724,0.2823845961004647,0.0,0.5744828955100497,0.08906186359420834
2019-03-27,0.05407064479527724,0.2823845961004647,0.0,0.5744828955100497,0.08906186359420834
2019-03-28,0.05407064479527724,0.2823845961004647,0.0,0.5744828955100497,0.08906186359420834
2019-03-29,0.05407064479527724,0.2823845961004647,0.0,0.5744828955100497,0.08906186359420834
2019-04-01,0.05407064479527724,0.2823845961004647,0.0,0.5744828955100497,0.08906186359420834
2019-04-02,0.05407064479527724,0.2823845961004647,0.0,0.5744828955100497,0.08906186359420834
2019-04-03,0.05407064479527724,0.2823845961004647,0.0,0.5744828955100497,0.08906186359420834
2019-04-04,0.05407064479527724,0.2823845961004647,0.0,0.5744828955100497,0.08906186359420834
2019-04-05,0.05407064479527724,0.2823845961004647,0.0,0.5744828955100497,0.08906186359420834
2019-04-08,0.05407064479527724,0.2823845961004647,0.0,0.5744828955100497,0.08906186359420834
2019-04-09,0.05407064479527724,0.2823845961004647,0.0,0.5744828955100497,0.08906186359420834
2019-04-10,0.05407064479527724,0.2823845961004647,0.0,0.5744828955100497,0.08906186359420834
2019-04-11,0.05407064479527724,0.2823845961004647,0.0,0.5744828955100497,0.08906186359420834
2019-04-12,0.05407064479527724,0.2823845961004647,0.0,0.5744828955100497,0.08906186359420834
2019-04-15,0.05009498456271946,0.28448615021209217,3.667267226825767e-17,0.567181537057817,0.09823732816737127
2019-04-16,0.05009498456271946,0.28448615021209217,3.667267226825767e-17,0.567181537057817,0.09823732816737127
2019-04-17,0.05009498456271946,0.28448615021209217,3.667267226825767e-17,0.567181537057817,0.09823732816737127
2019-04-18,0.05009498456271946,0.28448615021209217,3.667267226825767e-17,0.567181537057817,0.09823732816737127
2019-04-22,0.05009498456271946,0.28448615021209217,3.667267226825767e-17,0.567181537057817,0.09823732816737127
2019-04-23,0.05009498456271946,0.28448615021209217,3.667267226825767e-17,0.567181537057817,0.09823732816737127
2019-04-24,0.05009498456271946,0.28448615021209217,3.667267226825767e-17,0.567181537057817,0.09823732816737127
2019-04-25,0.05009498456271946,0.28448615021209217,3.667267226825767e-17,0.567181537057817,0.09823732816737127
2019-04-26,0.05009498456271946,0.28448615021209217,3.667267226825767e-17,0.567181537057817,0.09823732816737127
2019-04-29,0.05009498456271946,0.28448615021209217,3.667267226825767e-17,0.567181537057817,0.09823732816737127
2019-04-30,0.05009498456271946,0.28448615021209217,3.667267226825767e-17,0.567181537057817,0.09823732816737127
2019-05-02,0.05009498456271946,0.28448615021209217,3.667267226825767e-17,0.567181537057817,0.09823732816737127
2019-05-03,0.05009498456271946,0.28448615021209217,3.667267226825767e-17,0.567181537057817,0.09823732816737127
2019-05-06,0.05009498456271946,0.28448615021209217,3.667267226825767e-17,0.567181537057817,0.09823732816737127
2019-05-07,0.05009498456271946,0.28448615021209217,3.667267226825767e-17,0.567181537057817,0.09823732816737127
2019-05-08,0.05009498456271946,0.28448615021209217,3.667267226825767e-17,0.567181537057817,0.09823732816737127
2019-05-09,0.05009498456271946,0.28448615021209217,3.667267226825767e-17,0.567181537057817,0.09823732816737127
2019-05-10,0.05009498456271946,0.28448615021209217,3.667267226825767e-17,0.567181537057817,0.09823732816737127
2019-05-13,0.05009498456271946,0.28448615021209217,3.667267226825767e-17,0.567181537057817,0.09823732816737127
2019-05-14,0.05009498456271946,0.28448615021209217,3.667267226825767e-17,0.567181537057817,0.09823732816737127
2019-05-15,0.05009498456271946,0.28448615021209217,3.667267226825767e-17,0.567181537057817,0.09823732816737127
2019-05-16,0.05384864166614005,0.2768568864703079,3.1285602470959384e-19,0.5759737455008094,0.09332072636274269
2019-05-17,0.05384864166614005,0.2768568864703079,3.1285602470959384e-19,0.5759737455008094,0.09332072636274269
2019-05-20,0.05384864166614005,0.2768568864703079,3.1285602470959384e-19,0.5759737455008094,0.09332072636274269
2019-05-21,0.05384864166614005,0.2768568864703079,3.1285602470959384e-19,0.5759737455008094,0.09332072636274269
2019-05-22,0.05384864166614005,0.2768568864703079,3.1285602470959384e-19,0.5759737455008094,0.09332072636274269
2019-05-23,0.05384864166614005,0.2768568864703079,3.1285602470959384e-19,0.5759737455008094,0.09332072636274269
2019-05-24,0.05384864166614005,0.2768568864703079,3.1285602470959384e-19,0.5759737455008094,0.09332072636274269
2019-05-28,0.05384864166614005,0.2768568864703079,3.1285602470959384e-19,0.5759737455008094,0.09332072636274269
2019-05-29,0.05384864166614005,0.2768568864703079,3.1285602470959384e-19,0.5759737455008094,0.09332072636274269
2019-05-30,0.05384864166614005,0.2768568864703079,3.1285602470959384e-19,0.5759737455008094,0.09332072636274269
2019-05-31,0.05384864166614005,0.2768568864703079,3.1285602470959384e-19,0.5759737455008094,0.09332072636274269
2019-06-03,0.05384864166614005,0.2768568864703079,3.1285602470959384e-19,0.5759737455008094,0.09332072636274269
2019-06-04,0.05384864166614005,0.2768568864703079,3.1285602470959384e-19,0.5759737455008094,0.09332072636274269
2019-06-05,0.05384864166614005,0.2768568864703079,3.1285602470959384e-19,0.5759737455008094,0.09332072636274269
2019-06-06,0.05384864166614005,0.2768568864703079,3.1285602470959384e-19,0.5759737455008094,0.09332072636274269
2019-06-07,0.05384864166614005,0.2768568864703079,3.1285602470959384e-19,0.5759737455008094,0.09332072636274269
2019-06-10,0.05384864166614005,0.2768568864703079,3.1285602470959384e-19,0.5759737455008094,0.09332072636274269
2019-06-11,0.05384864166614005,0.2768568864703079,3.1285602470959384e-19,0.5759737455008094,0.09332072636274269
2019-06-12,0.05384864166614005,0.2768568864703079,3.1285602470959384e-19,0.5759737455008094,0.09332072636274269
2019-06-13,0.05384864166614005,0.2768568864703079,3.1285602470959384e-19,0.5759737455008094,0.09332072636274269
2019-06-14,0.05384864166614005,0.2768568864703079,3.1285602470959384e-19,0.5759737455008094,0.09332072636274269
2019-06-17,0.03939524389493469,0.28978540065960573,0.0,0.5638815595943192,0.10693779585114027
2019-06-18,0.03939524389493469,0.28978540065960573,0.0,0.5638815595943192,0.10693779585114027
2019-06-19,0.03939524389493469,0.28978540065960573,0.0,0.5638815595943192,0.10693779585114027
2019-06-21,0.03939524389493469,0.28978540065960573,0.0,0.5638815595943192,0.10693779585114027
2019-06-24,0.03939524389493469,0.28978540065960573,0.0,0.5638815595943192,0.10693779585114027
2019-06-25,0.03939524389493469,0.28978540065960573,0.0,0.5638815595943192,0.10693779585114027
2019-06-26,0.03939524389493469,0.28978540065960573,0.0,0.5638815595943192,0.10693779585114027
2019-06-27,0.03939524389493469,0.28978540065960573,0.0,0.5638815595943192,0.10693779585114027
2019-06-28,0.03939524389493469,0.28978540065960573,0.0,0.5638815595943192,0.10693779585114027
2019-07-01,0.03939524389493469,0.28978540065960573,0.0,0.5638815595943192,0.10693779585114027
2019-07-02,0.03939524389493469,0.28978540065960573,0.0,0.5638815595943192,0.10693779585114027
2019-07-03,0.03939524389493469,0.28978540065960573,0.0,0.5638815595943192,0.10693779585114027
2019-07-05,0.03939524389493469,0.28978540065960573,0.0,0.5638815595943192,0.10693779585114027
2019-07-08,0.03939524389493469,0.28978540065960573,0.0,0.5638815595943192,0.10693779585114027
2019-07-10,0.03939524389493469,0.28978540065960573,0.0,0.5638815595943192,0.10693779585114027
2019-07-11,0.03939524389493469,0.28978540065960573,0.0,0.5638815595943192,0.10693779585114027
2019-07-12,0.03939524389493469,0.28978540065960573,0.0,0.5638815595943192,0.10693779585114027
2019-07-15,0.03939524389493469,0.28978540065960573,0.0,0.5638815595943192,0.10693779585114027
2019-07-16,0.03939524389493469,0.28978540065960573,0.0,0.5638815595943192,0.10693779585114027
2019-07-17,0.03939524389493469,0.28978540065960573,0.0,0.5638815595943192,0.10693779585114027
2019-07-18,0.03939524389493469,0.28978540065960573,0.0,0.5638815595943192,0.10693779585114027
2019-07-19,0.026318434877952858,0.3014357525649158,1.3904931878051037e-18,0.5179103551006454,0.15433545745648589
2019-07-22,0.026318434877952858,0.3014357525649158,1.3904931878051037e-18,0.5179103551006454,0.15433545745648589
2019-07-23,0.026318434877952858,0.3014357525649158,1.3904931878051037e-18,0.5179103551006454,0.15433545745648589
2019-07-24,0.026318434877952858,0.3014357525649158,1.3904931878051037e-18,0.5179103551006454,0.15433545745648589
2019-07-25,0.026318434877952858,0.3014357525649158,1.3904931878051037e-18,0.5179103551006454,0.15433545745648589
2019-07-26,0.026318434877952858,0.3014357525649158,1.3904931878051037e-18,0.5179103551006454,0.15433545745648589
2019-07-29,0.026318434877952858,0.3014357525649158,1.3904931878051037e-18,0.5179103551006454,0.15433545745648589
2019-07-30,0.026318434877952858,0.3014357525649158,1.3904931878051037e-18,0.5179103551006454,0.15433545745648589
2019-07-31,0.026318434877952858,0.3014357525649158,1.3904931878051037e-18,0.5179103551006454,0.15433545745648589
2019-08-01,0.026318434877952858,0.3014357525649158,1.3904931878051037e-18,0.5179103551006454,0.15433545745648589
2019-08-02,0.026318434877952858,0.3014357525649158,1.3904931878051037e-18,0.5179103551006454,0.15433545745648589
2019-08-05,0.026318434877952858,0.3014357525649158,1.3904931878051037e-18,0.5179103551006454,0.15433545745648589
2019-08-06,0.026318434877952858,0.3014357525649158,1.3904931878051037e-18,0.5179103551006454,0.15433545745648589
2019-08-07,0.026318434877952858,0.3014357525649158,1.3904931878051037e-18,0.5179103551006454,0.15433545745648589
2019-08-08,0.026318434877952858,0.3014357525649158,1.3904931878051037e-18,0.5179103551006454,0.15433545745648589
2019-08-09,0.026318434877952858,0.3014357525649158,1.3904931878051037e-18,0.5179103551006454,0.15433545745648589
2019-08-12,0.026318434877952858,0.3014357525649158,1.3904931878051037e-18,0.5179103551006454,0.15433545745648589
2019-08-13,0.026318434877952858,0.3014357525649158,1.3904931878051037e-18,0.5179103551006454,0.15433545745648589
2019-08-14,0.026318434877952858,0.3014357525649158,1.3904931878051037e-18,0.5179103551006454,0.15433545745648589
2019-08-15,0.026318434877952858,0.3014357525649158,1.3904931878051037e-18,0.5179103551006454,0.15433545745648589
2019-08-16,0.026318434877952858,0.3014357525649158,1.3904931878051037e-18,0.5179103551006454,0.15433545745648589
2019-08-19,0.09039294428500022,0.2427072488647919,0.0,0.48428551532192243,0.1826142915282854
2019-08-20,0.09039294428500022,0.2427072488647919,0.0,0.48428551532192243,0.1826142915282854
2019-08-21,0.09039294428500022,0.2427072488647919,0.0,0.48428551532192243,0.1826142915282854
2019-08-22,0.09039294428500022,0.2427072488647919,0.0,0.48428551532192243,0.1826142915282854
2019-08-23,0.09039294428500022,0.2427072488647919,0.0,0.48428551532192243,0.1826142915282854
2019-08-26,0.09039294428500022,0.2427072488647919,0.0,0.48428551532192243,0.1826142915282854
2019-08-27,0.09039294428500022,0.2427072488647919,0.0,0.48428551532192243,0.1826142915282854
2019-08-28,0.09039294428500022,0.2427072488647919,0.0,0.48428551532192243,0.1826142915282854
2019-08-29,0.09039294428500022,0.2427072488647919,0.0,0.48428551532192243,0.1826142915282854
2019-08-30,0.09039294428500022,0.2427072488647919,0.0,0.48428551532192243,0.1826142915282854
2019-09-03,0.09039294428500022,0.2427072488647919,0.0,0.48428551532192243,0.1826142915282854
2019-09-04,0.09039294428500022,0.2427072488647919,0.0,0.48428551532192243,0.1826142915282854
2019-09-05,0.09039294428500022,0.2427072488647919,0.0,0.48428551532192243,0.1826142915282854
2019-09-06,0.09039294428500022,0.2427072488647919,0.0,0.48428551532192243,0.1826142915282854
2019-09-09,0.09039294428500022,0.2427072488647919,0.0,0.48428551532192243,0.1826142915282854
2019-09-10,0.09039294428500022,0.2427072488647919,0.0,0.48428551532192243,0.1826142915282854
2019-09-11,0.09039294428500022,0.2427072488647919,0.0,0.48428551532192243,0.1826142915282854
2019-09-12,0.09039294428500022,0.2427072488647919,0.0,0.48428551532192243,0.1826142915282854
2019-09-13,0.09039294428500022,0.2427072488647919,0.0,0.48428551532192243,0.1826142915282854
2019-09-16,0.09039294428500022,0.2427072488647919,0.0,0.48428551532192243,0.1826142915282854
2019-09-17,0.09039294428500022,0.2427072488647919,0.0,0.48428551532192243,0.1826142915282854
2019-09-18,0.07762870145324921,0.2614288102330325,7.981386613358489e-18,0.4797513027067041,0.18119118560701425
2019-09-19,0.07762870145324921,0.2614288102330325,7.981386613358489e-18,0.4797513027067041,0.18119118560701425
2019-09-20,0.07762870145324921,0.2614288102330325,7.981386613358489e-18,0.4797513027067041,0.18119118560701425
2019-09-23,0.07762870145324921,0.2614288102330325,7.981386613358489e-18,0.4797513027067041,0.18119118560701425
2019-09-24,0.07762870145324921,0.2614288102330325,7.981386613358489e-18,0.4797513027067041,0.18119118560701425
2019-09-25,0.07762870145324921,0.2614288102330325,7.981386613358489e-18,0.4797513027067041,0.18119118560701425
2019-09-26,0.07762870145324921,0.2614288102330325,7.981386613358489e-18,0.4797513027067041,0.18119118560701425
2019-09-27,0.07762870145324921,0.2614288102330325,7.981386613358489e-18,0.4797513027067041,0.18119118560701425
2019-09-30,0.07762870145324921,0.2614288102330325,7.981386613358489e-18,0.4797513027067041,0.18119118560701425
2019-10-01,0.07762870145324921,0.2614288102330325,7.981386613358489e-18,0.4797513027067041,0.18119118560701425
2019-10-02,0.07762870145324921,0.2614288102330325,7.981386613358489e-18,0.4797513027067041,0.18119118560701425
2019-10-03,0.07762870145324921,0.2614288102330325,7.981386613358489e-18,0.4797513027067041,0.18119118560701425
2019-10-04,0.07762870145324921,0.2614288102330325,7.981386613358489e-18,0.4797513027067041,0.18119118560701425
2019-10-07,0.07762870145324921,0.2614288102330325,7.981386613358489e-18,0.4797513027067041,0.18119118560701425
2019-10-08,0.07762870145324921,0.2614288102330325,7.981386613358489e-18,0.4797513027067041,0.18119118560701425
2019-10-09,0.07762870145324921,0.2614288102330325,7.981386613358489e-18,0.4797513027067041,0.18119118560701425
2019-10-10,0.07762870145324921,0.2614288102330325,7.981386613358489e-18,0.4797513027067041,0.18119118560701425
2019-10-11,0.07762870145324921,0.2614288102330325,7.981386613358489e-18,0.4797513027067041,0.18119118560701425
2019-10-14,0.07762870145324921,0.2614288102330325,7.981386613358489e-18,0.4797513027067041,0.18119118560701425
2019-10-15,0.07762870145324921,0.2614288102330325,7.981386613358489e-18,0.4797513027067041,0.18119118560701425
2019-10-16,0.07762870145324921,0.2614288102330325,7.981386613358489e-18,0.4797513027067041,0.18119118560701425
2019-10-17,0.15863277185493366,0.17012029480095553,0.0,0.4817846862786286,0.18946224706548226
2019-10-18,0.15863277185493366,0.17012029480095553,0.0,0.4817846862786286,0.18946224706548226
2019-10-21,0.15863277185493366,0.17012029480095553,0.0,0.4817846862786286,0.18946224706548226
2019-10-22,0.15863277185493366,0.17012029480095553,0.0,0.4817846862786286,0.18946224706548226
2019-10-23,0.15863277185493366,0.17012029480095553,0.0,0.4817846862786286,0.18946224706548226
2019-10-24,0.15863277185493366,0.17012029480095553,0.0,0.4817846862786286,0.18946224706548226
2019-10-25,0.15863277185493366,0.17012029480095553,0.0,0.4817846862786286,0.18946224706548226
2019-10-28,0.15863277185493366,0.17012029480095553,0.0,0.4817846862786286,0.18946224706548226
2019-10-29,0.15863277185493366,0.17012029480095553,0.0,0.4817846862786286,0.18946224706548226
2019-10-30,0.15863277185493366,0.17012029480095553,0.0,0.4817846862786286,0.18946224706548226
2019-10-31,0.15863277185493366,0.17012029480095553,0.0,0.4817846862786286,0.18946224706548226
2019-11-01,0.15863277185493366,0.17012029480095553,0.0,0.4817846862786286,0.18946224706548226
2019-11-04,0.15863277185493366,0.17012029480095553,0.0,0.4817846862786286,0.18946224706548226
2019-11-05,0.15863277185493366,0.17012029480095553,0.0,0.4817846862786286,0.18946224706548226
2019-11-06,0.15863277185493366,0.17012029480095553,0.0,0.4817846862786286,0.18946224706548226
2019-11-07,0.15863277185493366,0.17012029480095553,0.0,0.4817846862786286,0.18946224706548226
2019-11-08,0.15863277185493366,0.17012029480095553,0.0,0.4817846862786286,0.18946224706548226
2019-11-11,0.15863277185493366,0.17012029480095553,0.0,0.4817846862786286,0.18946224706548226
2019-11-12,0.15863277185493366,0.17012029480095553,0.0,0.4817846862786286,0.18946224706548226
2019-11-13,0.15863277185493366,0.17012029480095553,0.0,0.4817846862786286,0.18946224706548226
2019-11-14,0.15863277185493366,0.17012029480095553,0.0,0.4817846862786286,0.18946224706548226
2019-11-18,0.13420170773782283,0.18057504912264655,0.0,0.4621238496593657,0.22309939348016497
2019-11-19,0.13420170773782283,0.18057504912264655,0.0,0.4621238496593657,0.22309939348016497
2019-11-21,0.13420170773782283,0.18057504912264655,0.0,0.4621238496593657,0.22309939348016497
2019-11-22,0.13420170773782283,0.18057504912264655,0.0,0.4621238496593657,0.22309939348016497
2019-11-25,0.13420170773782283,0.18057504912264655,0.0,0.4621238496593657,0.22309939348016497
2019-11-26,0.13420170773782283,0.18057504912264655,0.0,0.4621238496593657,0.22309939348016497
2019-11-27,0.13420170773782283,0.18057504912264655,0.0,0.4621238496593657,0.22309939348016497
2019-11-29,0.13420170773782283,0.18057504912264655,0.0,0.4621238496593657,0.22309939348016497
2019-12-02,0.13420170773782283,0.18057504912264655,0.0,0.4621238496593657,0.22309939348016497
2019-12-03,0.13420170773782283,0.18057504912264655,0.0,0.4621238496593657,0.22309939348016497
2019-12-04,0.13420170773782283,0.18057504912264655,0.0,0.4621238496593657,0.22309939348016497
2019-12-05,0.13420170773782283,0.18057504912264655,0.0,0.4621238496593657,0.22309939348016497
2019-12-06,0.13420170773782283,0.18057504912264655,0.0,0.4621238496593657,0.22309939348016497
2019-12-09,0.13420170773782283,0.18057504912264655,0.0,0.4621238496593657,0.22309939348016497
2019-12-10,0.13420170773782283,0.18057504912264655,0.0,0.4621238496593657,0.22309939348016497
2019-12-11,0.13420170773782283,0.18057504912264655,0.0,0.4621238496593657,0.22309939348016497
2019-12-12,0.13420170773782283,0.18057504912264655,0.0,0.4621238496593657,0.22309939348016497
2019-12-13,0.13420170773782283,0.18057504912264655,0.0,0.4621238496593657,0.22309939348016497
2019-12-16,0.13420170773782283,0.18057504912264655,0.0,0.4621238496593657,0.22309939348016497
2019-12-17,0.13420170773782283,0.18057504912264655,0.0,0.4621238496593657,0.22309939348016497
2019-12-18,0.13420170773782283,0.18057504912264655,0.0,0.4621238496593657,0.22309939348016497
2019-12-19,0.16375334304438774,0.16281589692136075,8.772977764481743e-19,0.43392971940043584,0.23950104063381572
2019-12-20,0.16375334304438774,0.16281589692136075,8.772977764481743e-19,0.43392971940043584,0.23950104063381572
2019-12-23,0.16375334304438774,0.16281589692136075,8.772977764481743e-19,0.43392971940043584,0.23950104063381572
2019-12-26,0.16375334304438774,0.16281589692136075,8.772977764481743e-19,0.43392971940043584,0.23950104063381572
2019-12-27,0.16375334304438774,0.16281589692136075,8.772977764481743e-19,0.43392971940043584,0.23950104063381572
2019-12-30,0.16375334304438774,0.16281589692136075,8.772977764481743e-19,0.43392971940043584,0.23950104063381572
2020-01-02,0.16375334304438774,0.16281589692136075,8.772977764481743e-19,0.43392971940043584,0.23950104063381572
2020-01-03,0.16375334304438774,0.16281589692136075,8.772977764481743e-19,0.43392971940043584,0.23950104063381572
2020-01-06,0.16375334304438774,0.16281589692136075,8.772977764481743e-19,0.43392971940043584,0.23950104063381572
2020-01-07,0.16375334304438774,0.16281589692136075,8.772977764481743e-19,0.43392971940043584,0.23950104063381572
2020-01-08,0.16375334304438774,0.16281589692136075,8.772977764481743e-19,0.43392971940043584,0.23950104063381572
2020-01-09,0.16375334304438774,0.16281589692136075,8.772977764481743e-19,0.43392971940043584,0.23950104063381572
2020-01-10,0.16375334304438774,0.16281589692136075,8.772977764481743e-19,0.43392971940043584,0.23950104063381572
2020-01-13,0.16375334304438774,0.16281589692136075,8.772977764481743e-19,0.43392971940043584,0.23950104063381572
2020-01-14,0.16375334304438774,0.16281589692136075,8.772977764481743e-19,0.43392971940043584,0.23950104063381572
2020-01-15,0.16375334304438774,0.16281589692136075,8.772977764481743e-19,0.43392971940043584,0.23950104063381572
2020-01-16,0.16375334304438774,0.16281589692136075,8.772977764481743e-19,0.43392971940043584,0.23950104063381572
2020-01-17,0.16375334304438774,0.16281589692136075,8.772977764481743e-19,0.43392971940043584,0.23950104063381572
2020-01-21,0.16375334304438774,0.16281589692136075,8.772977764481743e-19,0.43392971940043584,0.23950104063381572
2020-01-22,0.16375334304438774,0.16281589692136075,8.772977764481743e-19,0.43392971940043584,0.23950104063381572
2020-01-23,0.16375334304438774,0.16281589692136075,8.772977764481743e-19,0.43392971940043584,0.23950104063381572
2020-01-24,0.06105954266272934,0.2128427474012843,0.0,0.3748984115511136,0.3511992983848728
2020-01-27,0.06105954266272934,0.2128427474012843,0.0,0.3748984115511136,0.3511992983848728
2020-01-28,0.06105954266272934,0.2128427474012843,0.0,0.3748984115511136,0.3511992983848728
2020-01-29,0.06105954266272934,0.2128427474012843,0.0,0.3748984115511136,0.3511992983848728
2020-01-30,0.06105954266272934,0.2128427474012843,0.0,0.3748984115511136,0.3511992983848728
2020-01-31,0.06105954266272934,0.2128427474012843,0.0,0.3748984115511136,0.3511992983848728
2020-02-03,0.06105954266272934,0.2128427474012843,0.0,0.3748984115511136,0.3511992983848728
2020-02-04,0.06105954266272934,0.2128427474012843,0.0,0.3748984115511136,0.3511992983848728
2020-02-05,0.06105954266272934,0.2128427474012843,0.0,0.3748984115511136,0.3511992983848728
2020-02-06,0.06105954266272934,0.2128427474012843,0.0,0.3748984115511136,0.3511992983848728
2020-02-07,0.06105954266272934,0.2128427474012843,0.0,0.3748984115511136,0.3511992983848728
2020-02-10,0.06105954266272934,0.2128427474012843,0.0,0.3748984115511136,0.3511992983848728
2020-02-11,0.06105954266272934,0.2128427474012843,0.0,0.3748984115511136,0.3511992983848728
2020-02-12,0.06105954266272934,0.2128427474012843,0.0,0.3748984115511136,0.3511992983848728
2020-02-13,0.06105954266272934,0.2128427474012843,0.0,0.3748984115511136,0.3511992983848728
2020-02-14,0.06105954266272934,0.2128427474012843,0.0,0.3748984115511136,0.3511992983848728
2020-02-18,0.06105954266272934,0.2128427474012843,0.0,0.3748984115511136,0.3511992983848728
2020-02-19,0.06105954266272934,0.2128427474012843,0.0,0.3748984115511136,0.3511992983848728
2020-02-20,0.06105954266272934,0.2128427474012843,0.0,0.3748984115511136,0.3511992983848728
2020-02-21,0.06105954266272934,0.2128427474012843,0.0,0.3748984115511136,0.3511992983848728
2020-02-26,0.06105954266272934,0.2128427474012843,0.0,0.3748984115511136,0.3511992983848728
2020-02-27,0.060507225854203914,0.2020013947612335,6.025088975640078e-17,0.4346482035610302,0.30284317582353243
2020-02-28,0.060507225854203914,0.2020013947612335,6.025088975640078e-17,0.4346482035610302,0.30284317582353243
2020-03-02,0.060507225854203914,0.2020013947612335,6.025088975640078e-17,0.4346482035610302,0.30284317582353243
2020-03-03,0.060507225854203914,0.2020013947612335,6.025088975640078e-17,0.4346482035610302,0.30284317582353243
2020-03-04,0.060507225854203914,0.2020013947612335,6.025088975640078e-17,0.4346482035610302,0.30284317582353243
2020-03-05,0.060507225854203914,0.2020013947612335,6.025088975640078e-17,0.4346482035610302,0.30284317582353243
2020-03-06,0.060507225854203914,0.2020013947612335,6.025088975640078e-17,0.4346482035610302,0.30284317582353243
2020-03-09,0.060507225854203914,0.2020013947612335,6.025088975640078e-17,0.4346482035610302,0.30284317582353243
2020-03-10,0.060507225854203914,0.2020013947612335,6.025088975640078e-17,0.4346482035610302,0.30284317582353243
2020-03-11,0.060507225854203914,0.2020013947612335,6.025088975640078e-17,0.4346482035610302,0.30284317582353243
2020-03-12,0.060507225854203914,0.2020013947612335,6.025088975640078e-17,0.4346482035610302,0.30284317582353243
2020-03-13,0.060507225854203914,0.2020013947612335,6.025088975640078e-17,0.4346482035610302,0.30284317582353243
2020-03-16,0.060507225854203914,0.2020013947612335,6.025088975640078e-17,0.4346482035610302,0.30284317582353243
2020-03-17,0.060507225854203914,0.2020013947612335,6.025088975640078e-17,0.4346482035610302,0.30284317582353243
2020-03-18,0.060507225854203914,0.2020013947612335,6.025088975640078e-17,0.4346482035610302,0.30284317582353243
2020-03-19,0.060507225854203914,0.2020013947612335,6.025088975640078e-17,0.4346482035610302,0.30284317582353243
2020-03-20,0.060507225854203914,0.2020013947612335,6.025088975640078e-17,0.4346482035610302,0.30284317582353243
2020-03-23,0.060507225854203914,0.2020013947612335,6.025088975640078e-17,0.4346482035610302,0.30284317582353243
2020-03-24,0.060507225854203914,0.2020013947612335,6.025088975640078e-17,0.4346482035610302,0.30284317582353243
2020-03-25,0.060507225854203914,0.2020013947612335,6.025088975640078e-17,0.4346482035610302,0.30284317582353243
2020-03-26,0.060507225854203914,0.2020013947612335,6.025088975640078e-17,0.4346482035610302,0.30284317582353243
2020-03-27,0.06239024677258374,0.10156421285970876,7.420765255581075e-19,0.6154175521679843,0.22062798819972326
2020-03-30,0.06239024677258374,0.10156421285970876,7.420765255581075e-19,0.6154175521679843,0.22062798819972326
2020-03-31,0.06239024677258374,0.10156421285970876,7.420765255581075e-19,0.6154175521679843,0.22062798819972326
2020-04-01,0.06239024677258374,0.10156421285970876,7.420765255581075e-19,0.6154175521679843,0.22062798819972326
2020-04-02,0.06239024677258374,0.10156421285970876,7.420765255581075e-19,0.6154175521679843,0.22062798819972326
2020-04-03,0.06239024677258374,0.10156421285970876,7.420765255581075e-19,0.6154175521679843,0.22062798819972326
2020-04-06,0.06239024677258374,0.10156421285970876,7.420765255581075e-19,0.6154175521679843,0.22062798819972326
2020-04-07,0.06239024677258374,0.10156421285970876,7.420765255581075e-19,0.6154175521679843,0.22062798819972326
2020-04-08,0.06239024677258374,0.10156421285970876,7.420765255581075e-19,0.6154175521679843,0.22062798819972326
2020-04-09,0.06239024677258374,0.10156421285970876,7.420765255581075e-19,0.6154175521679843,0.22062798819972326
2020-04-13,0.06239024677258374,0.10156421285970876,7.420765255581075e-19,0.6154175521679843,0.22062798819972326
2020-04-14,0.06239024677258374,0.10156421285970876,7.420765255581075e-19,0.6154175521679843,0.22062798819972326
2020-04-15,0.06239024677258374,0.10156421285970876,7.420765255581075e-19,0.6154175521679843,0.22062798819972326
2020-04-16,0.06239024677258374,0.10156421285970876,7.420765255581075e-19,0.6154175521679843,0.22062798819972326
2020-04-17,0.06239024677258374,0.10156421285970876,7.420765255581075e-19,0.6154175521679843,0.22062798819972326
2020-04-20,0.06239024677258374,0.10156421285970876,7.420765255581075e-19,0.6154175521679843,0.22062798819972326
2020-04-22,0.06239024677258374,0.10156421285970876,7.420765255581075e-19,0.6154175521679843,0.22062798819972326
2020-04-23,0.06239024677258374,0.10156421285970876,7.420765255581075e-19,0.6154175521679843,0.22062798819972326
2020-04-24,0.06239024677258374,0.10156421285970876,7.420765255581075e-19,0.6154175521679843,0.22062798819972326
2020-04-27,0.06239024677258374,0.10156421285970876,7.420765255581075e-19,0.6154175521679843,0.22062798819972326
2020-04-28,0.06239024677258374,0.10156421285970876,7.420765255581075e-19,0.6154175521679843,0.22062798819972326
2020-04-29,0.07181013972504915,0.1076410540747394,0.0,0.6322513542387992,0.1882974519614123
2020-04-30,0.07181013972504915,0.1076410540747394,0.0,0.6322513542387992,0.1882974519614123
2020-05-04,0.07181013972504915,0.1076410540747394,0.0,0.6322513542387992,0.1882974519614123
2020-05-05,0.07181013972504915,0.1076410540747394,0.0,0.6322513542387992,0.1882974519614123
2020-05-06,0.07181013972504915,0.1076410540747394,0.0,0.6322513542387992,0.1882974519614123
2020-05-07,0.07181013972504915,0.1076410540747394,0.0,0.6322513542387992,0.1882974519614123
2020-05-08,0.07181013972504915,0.1076410540747394,0.0,0.6322513542387992,0.1882974519614123
2020-05-11,0.07181013972504915,0.1076410540747394,0.0,0.6322513542387992,0.1882974519614123
2020-05-12,0.07181013972504915,0.1076410540747394,0.0,0.6322513542387992,0.1882974519614123
2020-05-13,0.07181013972504915,0.1076410540747394,0.0,0.6322513542387992,0.1882974519614123
2020-05-14,0.07181013972504915,0.1076410540747394,0.0,0.6322513542387992,0.1882974519614123
2020-05-15,0.07181013972504915,0.1076410540747394,0.0,0.6322513542387992,0.1882974519614123
2020-05-18,0.07181013972504915,0.1076410540747394,0.0,0.6322513542387992,0.1882974519614123
2020-05-19,0.07181013972504915,0.1076410540747394,0.0,0.6322513542387992,0.1882974519614123
2020-05-20,0.07181013972504915,0.1076410540747394,0.0,0.6322513542387992,0.1882974519614123
2020-05-21,0.07181013972504915,0.1076410540747394,0.0,0.6322513542387992,0.1882974519614123
2020-05-22,0.07181013972504915,0.1076410540747394,0.0,0.6322513542387992,0.1882974519614123
2020-05-26,0.07181013972504915,0.1076410540747394,0.0,0.6322513542387992,0.1882974519614123
2020-05-27,0.07181013972504915,0.1076410540747394,0.0,0.6322513542387992,0.1882974519614123
2020-05-28,0.07181013972504915,0.1076410540747394,0.0,0.6322513542387992,0.1882974519614123
2020-05-29,0.07181013972504915,0.1076410540747394,0.0,0.6322513542387992,0.1882974519614123
2020-06-01,0.08250979403443678,0.12814783806152596,6.529013137955399e-18,0.6227663591943761,0.16657600870966116
2020-06-02,0.08250979403443678,0.12814783806152596,6.529013137955399e-18,0.6227663591943761,0.16657600870966116
2020-06-03,0.08250979403443678,0.12814783806152596,6.529013137955399e-18,0.6227663591943761,0.16657600870966116
2020-06-04,0.08250979403443678,0.12814783806152596,6.529013137955399e-18,0.6227663591943761,0.16657600870966116
2020-06-05,0.08250979403443678,0.12814783806152596,6.529013137955399e-18,0.6227663591943761,0.16657600870966116
2020-06-08,0.08250979403443678,0.12814783806152596,6.529013137955399e-18,0.6227663591943761,0.16657600870966116
2020-06-09,0.08250979403443678,0.12814783806152596,6.529013137955399e-18,0.6227663591943761,0.16657600870966116
2020-06-10,0.08250979403443678,0.12814783806152596,6.529013137955399e-18,0.6227663591943761,0.16657600870966116
2020-06-12,0.08250979403443678,0.12814783806152596,6.529013137955399e-18,0.6227663591943761,0.16657600870966116
2020-06-15,0.08250979403443678,0.12814783806152596,6.529013137955399e-18,0.6227663591943761,0.16657600870966116
2020-06-16,0.08250979403443678,0.12814783806152596,6.529013137955399e-18,0.6227663591943761,0.16657600870966116
2020-06-17,0.08250979403443678,0.12814783806152596,6.529013137955399e-18,0.6227663591943761,0.16657600870966116
2020-06-18,0.08250979403443678,0.12814783806152596,6.529013137955399e-18,0.6227663591943761,0.16657600870966116
2020-06-19,0.08250979403443678,0.12814783806152596,6.529013137955399e-18,0.6227663591943761,0.16657600870966116
2020-06-22,0.08250979403443678,0.12814783806152596,6.529013137955399e-18,0.6227663591943761,0.16657600870966116
2020-06-23,0.08250979403443678,0.12814783806152596,6.529013137955399e-18,0.6227663591943761,0.16657600870966116
2020-06-24,0.08250979403443678,0.12814783806152596,6.529013137955399e-18,0.6227663591943761,0.16657600870966116
2020-06-25,0.08250979403443678,0.12814783806152596,6.529013137955399e-18,0.6227663591943761,0.16657600870966116
2020-06-26,0.08250979403443678,0.12814783806152596,6.529013137955399e-18,0.6227663591943761,0.16657600870966116
2020-06-29,0.08250979403443678,0.12814783806152596,6.529013137955399e-18,0.6227663591943761,0.16657600870966116
2020-06-30,0.08250979403443678,0.12814783806152596,6.529013137955399e-18,0.6227663591943761,0.16657600870966116
2020-07-01,0.0943861138876652,0.1444865078781136,0.0,0.6093353177931977,0.15179206044102353
2020-07-02,0.0943861138876652,0.1444865078781136,0.0,0.6093353177931977,0.15179206044102353
2020-07-06,0.0943861138876652,0.1444865078781136,0.0,0.6093353177931977,0.15179206044102353
2020-07-07,0.0943861138876652,0.1444865078781136,0.0,0.6093353177931977,0.15179206044102353
2020-07-08,0.0943861138876652,0.1444865078781136,0.0,0.6093353177931977,0.15179206044102353
2020-07-09,0.0943861138876652,0.1444865078781136,0.0,0.6093353177931977,0.15179206044102353
2020-07-10,0.0943861138876652,0.1444865078781136,0.0,0.6093353177931977,0.15179206044102353
2020-07-13,0.0943861138876652,0.1444865078781136,0.0,0.6093353177931977,0.15179206044102353
2020-07-14,0.0943861138876652,0.1444865078781136,0.0,0.6093353177931977,0.15179206044102353
2020-07-15,0.0943861138876652,0.1444865078781136,0.0,0.6093353177931977,0.15179206044102353
2020-07-16,0.0943861138876652,0.1444865078781136,0.0,0.6093353177931977,0.15179206044102353
2020-07-17,0.0943861138876652,0.1444865078781136,0.0,0.6093353177931977,0.15179206044102353
2020-07-20,0.0943861138876652,0.1444865078781136,0.0,0.6093353177931977,0.15179206044102353
2020-07-21,0.0943861138876652,0.1444865078781136,0.0,0.6093353177931977,0.15179206044102353
2020-07-22,0.0943861138876652,0.1444865078781136,0.0,0.6093353177931977,0.15179206044102353
2020-07-23,0.0943861138876652,0.1444865078781136,0.0,0.6093353177931977,0.15179206044102353
2020-07-24,0.0943861138876652,0.1444865078781136,0.0,0.6093353177931977,0.15179206044102353
2020-07-27,0.0943861138876652,0.1444865078781136,0.0,0.6093353177931977,0.15179206044102353
2020-07-28,0.0943861138876652,0.1444865078781136,0.0,0.6093353177931977,0.15179206044102353
2020-07-29,0.0943861138876652,0.1444865078781136,0.0,0.6093353177931977,0.15179206044102353
2020-07-30,0.0943861138876652,0.1444865078781136,0.0,0.6093353177931977,0.15179206044102353
2020-07-31,0.09595574479794412,0.15271068793966863,0.0,0.6206234486093669,0.13071011865302043
2020-08-03,0.09595574479794412,0.15271068793966863,0.0,0.6206234486093669,0.13071011865302043
2020-08-04,0.09595574479794412,0.15271068793966863,0.0,0.6206234486093669,0.13071011865302043
2020-08-05,0.09595574479794412,0.15271068793966863,0.0,0.6206234486093669,0.13071011865302043
2020-08-06,0.09595574479794412,0.15271068793966863,0.0,0.6206234486093669,0.13071011865302043
2020-08-07,0.09595574479794412,0.15271068793966863,0.0,0.6206234486093669,0.13071011865302043
2020-08-10,0.09595574479794412,0.15271068793966863,0.0,0.6206234486093669,0.13071011865302043
2020-08-11,0.09595574479794412,0.15271068793966863,0.0,0.6206234486093669,0.13071011865302043
2020-08-12,0.09595574479794412,0.15271068793966863,0.0,0.6206234486093669,0.13071011865302043
2020-08-13,0.09595574479794412,0.15271068793966863,0.0,0.6206234486093669,0.13071011865302043
2020-08-14,0.09595574479794412,0.15271068793966863,0.0,0.6206234486093669,0.13071011865302043
2020-08-17,0.09595574479794412,0.15271068793966863,0.0,0.6206234486093669,0.13071011865302043
2020-08-18,0.09595574479794412,0.15271068793966863,0.0,0.6206234486093669,0.13071011865302043
2020-08-19,0.09595574479794412,0.15271068793966863,0.0,0.6206234486093669,0.13071011865302043
2020-08-20,0.09595574479794412,0.15271068793966863,0.0,0.6206234486093669,0.13071011865302043
2020-08-21,0.09595574479794412,0.15271068793966863,0.0,0.6206234486093669,0.13071011865302043
2020-08-24,0.09595574479794412,0.15271068793966863,0.0,0.6206234486093669,0.13071011865302043
2020-08-25,0.09595574479794412,0.15271068793966863,0.0,0.6206234486093669,0.13071011865302043
2020-08-26,0.09595574479794412,0.15271068793966863,0.0,0.6206234486093669,0.13071011865302043
2020-08-27,0.09595574479794412,0.15271068793966863,0.0,0.6206234486093669,0.13071011865302043
2020-08-28,0.09595574479794412,0.15271068793966863,0.0,0.6206234486093669,0.13071011865302043
2020-08-31,0.08723932266647638,0.1661486332939765,0.0,0.6119757695026645,0.13463627453688268
2020-09-01,0.08723932266647638,0.1661486332939765,0.0,0.6119757695026645,0.13463627453688268
2020-09-02,0.08723932266647638,0.1661486332939765,0.0,0.6119757695026645,0.13463627453688268
2020-09-03,0.08723932266647638,0.1661486332939765,0.0,0.6119757695026645,0.13463627453688268
2020-09-04,0.08723932266647638,0.1661486332939765,0.0,0.6119757695026645,0.13463627453688268
2020-09-08,0.08723932266647638,0.1661486332939765,0.0,0.6119757695026645,0.13463627453688268
2020-09-09,0.08723932266647638,0.1661486332939765,0.0,0.6119757695026645,0.13463627453688268
2020-09-10,0.08723932266647638,0.1661486332939765,0.0,0.6119757695026645,0.13463627453688268
2020-09-11,0.08723932266647638,0.1661486332939765,0.0,0.6119757695026645,0.13463627453688268
2020-09-14,0.08723932266647638,0.1661486332939765,0.0,0.6119757695026645,0.13463627453688268
2020-09-15,0.08723932266647638,0.1661486332939765,0.0,0.6119757695026645,0.13463627453688268
2020-09-16,0.08723932266647638,0.1661486332939765,0.0,0.6119757695026645,0.13463627453688268
2020-09-17,0.08723932266647638,0.1661486332939765,0.0,0.6119757695026645,0.13463627453688268
2020-09-18,0.08723932266647638,0.1661486332939765,0.0,0.6119757695026645,0.13463627453688268
2020-09-21,0.08723932266647638,0.1661486332939765,0.0,0.6119757695026645,0.13463627453688268
2020-09-22,0.08723932266647638,0.1661486332939765,0.0,0.6119757695026645,0.13463627453688268
2020-09-23,0.08723932266647638,0.1661486332939765,0.0,0.6119757695026645,0.13463627453688268
2020-09-24,0.08723932266647638,0.1661486332939765,0.0,0.6119757695026645,0.13463627453688268
2020-09-25,0.08723932266647638,0.1661486332939765,0.0,0.6119757695026645,0.13463627453688268
2020-09-28,0.08723932266647638,0.1661486332939765,0.0,0.6119757695026645,0.13463627453688268
2020-09-29,0.08723932266647638,0.1661486332939765,0.0,0.6119757695026645,0.13463627453688268
2020-09-30,0.09859465067504221,0.16117834164978334,3.889827277596742e-19,0.6269527054195287,0.11327430225564576
2020-10-01,0.09859465067504221,0.16117834164978334,3.889827277596742e-19,0.6269527054195287,0.11327430225564576
2020-10-02,0.09859465067504221,0.16117834164978334,3.889827277596742e-19,0.6269527054195287,0.11327430225564576
2020-10-05,0.09859465067504221,0.16117834164978334,3.889827277596742e-19,0.6269527054195287,0.11327430225564576
2020-10-06,0.09859465067504221,0.16117834164978334,3.889827277596742e-19,0.6269527054195287,0.11327430225564576
2020-10-07,0.09859465067504221,0.16117834164978334,3.889827277596742e-19,0.6269527054195287,0.11327430225564576
2020-10-08,0.09859465067504221,0.16117834164978334,3.889827277596742e-19,0.6269527054195287,0.11327430225564576
2020-10-09,0.09859465067504221,0.16117834164978334,3.889827277596742e-19,0.6269527054195287,0.11327430225564576
2020-10-13,0.09859465067504221,0.16117834164978334,3.889827277596742e-19,0.6269527054195287,0.11327430225564576
2020-10-14,0.09859465067504221,0.16117834164978334,3.889827277596742e-19,0.6269527054195287,0.11327430225564576
2020-10-15,0.09859465067504221,0.16117834164978334,3.889827277596742e-19,0.6269527054195287,0.11327430225564576
2020-10-16,0.09859465067504221,0.16117834164978334,3.889827277596742e-19,0.6269527054195287,0.11327430225564576
2020-10-19,0.09859465067504221,0.16117834164978334,3.889827277596742e-19,0.6269527054195287,0.11327430225564576
2020-10-20,0.09859465067504221,0.16117834164978334,3.889827277596742e-19,0.6269527054195287,0.11327430225564576
2020-10-21,0.09859465067504221,0.16117834164978334,3.889827277596742e-19,0.6269527054195287,0.11327430225564576
2020-10-22,0.09859465067504221,0.16117834164978334,3.889827277596742e-19,0.6269527054195287,0.11327430225564576
2020-10-23,0.09859465067504221,0.16117834164978334,3.889827277596742e-19,0.6269527054195287,0.11327430225564576
2020-10-26,0.09859465067504221,0.16117834164978334,3.889827277596742e-19,0.6269527054195287,0.11327430225564576
2020-10-27,0.09859465067504221,0.16117834164978334,3.889827277596742e-19,0.6269527054195287,0.11327430225564576
2020-10-28,0.09859465067504221,0.16117834164978334,3.889827277596742e-19,0.6269527054195287,0.11327430225564576
2020-10-29,0.09859465067504221,0.16117834164978334,3.889827277596742e-19,0.6269527054195287,0.11327430225564576
2020-10-30,0.10047834046432062,0.16658358753782548,5.098218430210198e-17,0.6380055143521363,0.09493255764571763
2020-11-03,0.10047834046432062,0.16658358753782548,5.098218430210198e-17,0.6380055143521363,0.09493255764571763
2020-11-04,0.10047834046432062,0.16658358753782548,5.098218430210198e-17,0.6380055143521363,0.09493255764571763
2020-11-05,0.10047834046432062,0.16658358753782548,5.098218430210198e-17,0.6380055143521363,0.09493255764571763
2020-11-06,0.10047834046432062,0.16658358753782548,5.098218430210198e-17,0.6380055143521363,0.09493255764571763
2020-11-09,0.10047834046432062,0.16658358753782548,5.098218430210198e-17,0.6380055143521363,0.09493255764571763
2020-11-10,0.10047834046432062,0.16658358753782548,5.098218430210198e-17,0.6380055143521363,0.09493255764571763
2020-11-11,0.10047834046432062,0.16658358753782548,5.098218430210198e-17,0.6380055143521363,0.09493255764571763
2020-11-12,0.10047834046432062,0.16658358753782548,5.098218430210198e-17,0.6380055143521363,0.09493255764571763
2020-11-13,0.10047834046432062,0.16658358753782548,5.098218430210198e-17,0.6380055143521363,0.09493255764571763
2020-11-16,0.10047834046432062,0.16658358753782548,5.098218430210198e-17,0.6380055143521363,0.09493255764571763
2020-11-17,0.10047834046432062,0.16658358753782548,5.098218430210198e-17,0.6380055143521363,0.09493255764571763
2020-11-18,0.10047834046432062,0.16658358753782548,5.098218430210198e-17,0.6380055143521363,0.09493255764571763
2020-11-19,0.10047834046432062,0.16658358753782548,5.098218430210198e-17,0.6380055143521363,0.09493255764571763
2020-11-20,0.10047834046432062,0.16658358753782548,5.098218430210198e-17,0.6380055143521363,0.09493255764571763
2020-11-23,0.10047834046432062,0.16658358753782548,5.098218430210198e-17,0.6380055143521363,0.09493255764571763
2020-11-24,0.10047834046432062,0.16658358753782548,5.098218430210198e-17,0.6380055143521363,0.09493255764571763
2020-11-25,0.10047834046432062,0.16658358753782548,5.098218430210198e-17,0.6380055143521363,0.09493255764571763
2020-11-27,0.10047834046432062,0.16658358753782548,5.098218430210198e-17,0.6380055143521363,0.09493255764571763
2020-11-30,0.10047834046432062,0.16658358753782548,5.098218430210198e-17,0.6380055143521363,0.09493255764571763
2020-12-01,0.10047834046432062,0.16658358753782548,5.098218430210198e-17,0.6380055143521363,0.09493255764571763
2020-12-02,0.10689897425693012,0.17877944069563312,2.4185961401688786e-18,0.6238736958758088,0.09044788917162816
2020-12-03,0.10689897425693012,0.17877944069563312,2.4185961401688786e-18,0.6238736958758088,0.09044788917162816
2020-12-04,0.10689897425693012,0.17877944069563312,2.4185961401688786e-18,0.6238736958758088,0.09044788917162816
2020-12-07,0.10689897425693012,0.17877944069563312,2.4185961401688786e-18,0.6238736958758088,0.09044788917162816
2020-12-08,0.10689897425693012,0.17877944069563312,2.4185961401688786e-18,0.6238736958758088,0.09044788917162816
2020-12-09,0.10689897425693012,0.17877944069563312,2.4185961401688786e-18,0.6238736958758088,0.09044788917162816
2020-12-10,0.10689897425693012,0.17877944069563312,2.4185961401688786e-18,0.6238736958758088,0.09044788917162816
2020-12-11,0.10689897425693012,0.17877944069563312,2.4185961401688786e-18,0.6238736958758088,0.09044788917162816
2020-12-14,0.10689897425693012,0.17877944069563312,2.4185961401688786e-18,0.6238736958758088,0.09044788917162816
2020-12-15,0.10689897425693012,0.17877944069563312,2.4185961401688786e-18,0.6238736958758088,0.09044788917162816
2020-12-16,0.10689897425693012,0.17877944069563312,2.4185961401688786e-18,0.6238736958758088,0.09044788917162816
2020-12-17,0.10689897425693012,0.17877944069563312,2.4185961401688786e-18,0.6238736958758088,0.09044788917162816
2020-12-18,0.10689897425693012,0.17877944069563312,2.4185961401688786e-18,0.6238736958758088,0.09044788917162816
2020-12-21,0.10689897425693012,0.17877944069563312,2.4185961401688786e-18,0.6238736958758088,0.09044788917162816
2020-12-22,0.10689897425693012,0.17877944069563312,2.4185961401688786e-18,0.6238736958758088,0.09044788917162816
2020-12-23,0.10689897425693012,0.17877944069563312,2.4185961401688786e-18,0.6238736958758088,0.09044788917162816
2020-12-28,0.10689897425693012,0.17877944069563312,2.4185961401688786e-18,0.6238736958758088,0.09044788917162816
2020-12-29,0.10689897425693012,0.17877944069563312,2.4185961401688786e-18,0.6238736958758088,0.09044788917162816
2020-12-30,0.10689897425693012,0.17877944069563312,2.4185961401688786e-18,0.6238736958758088,0.09044788917162816
2021-01-04,0.10689897425693012,0.17877944069563312,2.4185961401688786e-18,0.6238736958758088,0.09044788917162816
2021-01-05,0.10689897425693012,0.17877944069563312,2.4185961401688786e-18,0.6238736958758088,0.09044788917162816
2021-01-06,0.10133687627942656,0.18892169470558778,0.0,0.6252145575472169,0.0845268714677688
2021-01-07,0.10133687627942656,0.18892169470558778,0.0,0.6252145575472169,0.0845268714677688
2021-01-08,0.10133687627942656,0.18892169470558778,0.0,0.6252145575472169,0.0845268714677688
2021-01-11,0.10133687627942656,0.18892169470558778,0.0,0.6252145575472169,0.0845268714677688
2021-01-12,0.10133687627942656,0.18892169470558778,0.0,0.6252145575472169,0.0845268714677688
2021-01-13,0.10133687627942656,0.18892169470558778,0.0,0.6252145575472169,0.0845268714677688
2021-01-14,0.10133687627942656,0.18892169470558778,0.0,0.6252145575472169,0.0845268714677688
2021-01-15,0.10133687627942656,0.18892169470558778,0.0,0.6252145575472169,0.0845268714677688
2021-01-19,0.10133687627942656,0.18892169470558778,0.0,0.6252145575472169,0.0845268714677688
2021-01-20,0.10133687627942656,0.18892169470558778,0.0,0.6252145575472169,0.0845268714677688
2021-01-21,0.10133687627942656,0.18892169470558778,0.0,0.6252145575472169,0.0845268714677688
2021-01-22,0.10133687627942656,0.18892169470558778,0.0,0.6252145575472169,0.0845268714677688
2021-01-26,0.10133687627942656,0.18892169470558778,0.0,0.6252145575472169,0.0845268714677688
2021-01-27,0.10133687627942656,0.18892169470558778,0.0,0.6252145575472169,0.0845268714677688
2021-01-28,0.10133687627942656,0.18892169470558778,0.0,0.6252145575472169,0.0845268714677688
2021-01-29,0.10133687627942656,0.18892169470558778,0.0,0.6252145575472169,0.0845268714677688
2021-02-01,0.10133687627942656,0.18892169470558778,0.0,0.6252145575472169,0.0845268714677688
2021-02-02,0.10133687627942656,0.18892169470558778,0.0,0.6252145575472169,0.0845268714677688
2021-02-03,0.10133687627942656,0.18892169470558778,0.0,0.6252145575472169,0.0845268714677688
2021-02-04,0.10133687627942656,0.18892169470558778,0.0,0.6252145575472169,0.0845268714677688
2021-02-05,0.10133687627942656,0.18892169470558778,0.0,0.6252145575472169,0.0845268714677688
2021-02-08,0.08628920141604332,0.20948195796960775,1.0044674459168773e-18,0.6201381993828832,0.0840906412314658
2021-02-09,0.08628920141604332,0.20948195796960775,1.0044674459168773e-18,0.6201381993828832,0.0840906412314658
2021-02-10,0.08628920141604332,0.20948195796960775,1.0044674459168773e-18,0.6201381993828832,0.0840906412314658
2021-02-11,0.08628920141604332,0.20948195796960775,1.0044674459168773e-18,0.6201381993828832,0.0840906412314658
2021-02-12,0.08628920141604332,0.20948195796960775,1.0044674459168773e-18,0.6201381993828832,0.0840906412314658
2021-02-17,0.08628920141604332,0.20948195796960775,1.0044674459168773e-18,0.6201381993828832,0.0840906412314658
2021-02-18,0.08628920141604332,0.20948195796960775,1.0044674459168773e-18,0.6201381993828832,0.0840906412314658
2021-02-19,0.08628920141604332,0.20948195796960775,1.0044674459168773e-18,0.6201381993828832,0.0840906412314658
2021-02-22,0.08628920141604332,0.20948195796960775,1.0044674459168773e-18,0.6201381993828832,0.0840906412314658
2021-02-23,0.08628920141604332,0.20948195796960775,1.0044674459168773e-18,0.6201381993828832,0.0840906412314658
2021-02-24,0.08628920141604332,0.20948195796960775,1.0044674459168773e-18,0.6201381993828832,0.0840906412314658
2021-02-25,0.08628920141604332,0.20948195796960775,1.0044674459168773e-18,0.6201381993828832,0.0840906412314658
2021-02-26,0.08628920141604332,0.20948195796960775,1.0044674459168773e-18,0.6201381993828832,0.0840906412314658
2021-03-01,0.08628920141604332,0.20948195796960775,1.0044674459168773e-18,0.6201381993828832,0.0840906412314658
2021-03-02,0.08628920141604332,0.20948195796960775,1.0044674459168773e-18,0.6201381993828832,0.0840906412314658
2021-03-03,0.08628920141604332,0.20948195796960775,1.0044674459168773e-18,0.6201381993828832,0.0840906412314658
2021-03-04,0.08628920141604332,0.20948195796960775,1.0044674459168773e-18,0.6201381993828832,0.0840906412314658
2021-03-05,0.08628920141604332,0.20948195796960775,1.0044674459168773e-18,0.6201381993828832,0.0840906412314658
2021-03-08,0.08628920141604332,0.20948195796960775,1.0044674459168773e-18,0.6201381993828832,0.0840906412314658
2021-03-09,0.08628920141604332,0.20948195796960775,1.0044674459168773e-18,0.6201381993828832,0.0840906412314658
2021-03-10,0.08628920141604332,0.20948195796960775,1.0044674459168773e-18,0.6201381993828832,0.0840906412314658
2021-03-11,0.08674684788178721,0.22010274913414601,0.0,0.6108872288622667,0.08226317412180015
2021-03-12,0.08674684788178721,0.22010274913414601,0.0,0.6108872288622667,0.08226317412180015
2021-03-15,0.08674684788178721,0.22010274913414601,0.0,0.6108872288622667,0.08226317412180015
2021-03-16,0.08674684788178721,0.22010274913414601,0.0,0.6108872288622667,0.08226317412180015
2021-03-17,0.08674684788178721,0.22010274913414601,0.0,0.6108872288622667,0.08226317412180015
2021-03-18,0.08674684788178721,0.22010274913414601,0.0,0.6108872288622667,0.08226317412180015
2021-03-19,0.08674684788178721,0.22010274913414601,0.0,0.6108872288622667,0.08226317412180015
2021-03-22,0.08674684788178721,0.22010274913414601,0.0,0.6108872288622667,0.08226317412180015
2021-03-23,0.08674684788178721,0.22010274913414601,0.0,0.6108872288622667,0.08226317412180015
2021-03-24,0.08674684788178721,0.22010274913414601,0.0,0.6108872288622667,0.08226317412180015
2021-03-25,0.08674684788178721,0.22010274913414601,0.0,0.6108872288622667,0.08226317412180015
2021-03-26,0.08674684788178721,0.22010274913414601,0.0,0.6108872288622667,0.08226317412180015
2021-03-29,0.08674684788178721,0.22010274913414601,0.0,0.6108872288622667,0.08226317412180015
2021-03-30,0.08674684788178721,0.22010274913414601,0.0,0.6108872288622667,0.08226317412180015
2021-03-31,0.08674684788178721,0.22010274913414601,0.0,0.6108872288622667,0.08226317412180015
2021-04-01,0.08674684788178721,0.22010274913414601,0.0,0.6108872288622667,0.08226317412180015
2021-04-05,0.08674684788178721,0.22010274913414601,0.0,0.6108872288622667,0.08226317412180015
2021-04-06,0.08674684788178721,0.22010274913414601,0.0,0.6108872288622667,0.08226317412180015
2021-04-07,0.08674684788178721,0.22010274913414601,0.0,0.6108872288622667,0.08226317412180015
2021-04-08,0.08674684788178721,0.22010274913414601,0.0,0.6108872288622667,0.08226317412180015
2021-04-09,0.08674684788178721,0.22010274913414601,0.0,0.6108872288622667,0.08226317412180015
2021-04-12,0.0001179677180901309,0.45106080444984964,5.482476238483821e-17,0.439970329157285,0.10885089867477525
2021-04-13,0.0001179677180901309,0.45106080444984964,5.482476238483821e-17,0.439970329157285,0.10885089867477525
2021-04-14,0.0001179677180901309,0.45106080444984964,5.482476238483821e-17,0.439970329157285,0.10885089867477525
2021-04-15,0.0001179677180901309,0.45106080444984964,5.482476238483821e-17,0.439970329157285,0.10885089867477525
2021-04-16,0.0001179677180901309,0.45106080444984964,5.482476238483821e-17,0.439970329157285,0.10885089867477525
2021-04-19,0.0001179677180901309,0.45106080444984964,5.482476238483821e-17,0.439970329157285,0.10885089867477525
2021-04-20,0.0001179677180901309,0.45106080444984964,5.482476238483821e-17,0.439970329157285,0.10885089867477525
2021-04-22,0.0001179677180901309,0.45106080444984964,5.482476238483821e-17,0.439970329157285,0.10885089867477525
2021-04-23,0.0001179677180901309,0.45106080444984964,5.482476238483821e-17,0.439970329157285,0.10885089867477525
2021-04-26,0.0001179677180901309,0.45106080444984964,5.482476238483821e-17,0.439970329157285,0.10885089867477525
2021-04-27,0.0001179677180901309,0.45106080444984964,5.482476238483821e-17,0.439970329157285,0.10885089867477525
2021-04-28,0.0001179677180901309,0.45106080444984964,5.482476238483821e-17,0.439970329157285,0.10885089867477525
2021-04-29,0.0001179677180901309,0.45106080444984964,5.482476238483821e-17,0.439970329157285,0.10885089867477525
2021-04-30,0.0001179677180901309,0.45106080444984964,5.482476238483821e-17,0.439970329157285,0.10885089867477525
2021-05-03,0.0001179677180901309,0.45106080444984964,5.482476238483821e-17,0.439970329157285,0.10885089867477525
2021-05-04,0.0001179677180901309,0.45106080444984964,5.482476238483821e-17,0.439970329157285,0.10885089867477525
2021-05-05,0.0001179677180901309,0.45106080444984964,5.482476238483821e-17,0.439970329157285,0.10885089867477525
2021-05-06,0.0001179677180901309,0.45106080444984964,5.482476238483821e-17,0.439970329157285,0.10885089867477525
2021-05-07,0.0001179677180901309,0.45106080444984964,5.482476238483821e-17,0.439970329157285,0.10885089867477525
2021-05-10,0.0001179677180901309,0.45106080444984964,5.482476238483821e-17,0.439970329157285,0.10885089867477525
2021-05-11,0.0001179677180901309,0.45106080444984964,5.482476238483821e-17,0.439970329157285,0.10885089867477525
2021-05-12,0.039877870013017805,0.443674122516018,1.4971918240427853e-17,0.3812060107086005,0.13524199676236376
2021-05-13,0.039877870013017805,0.443674122516018,1.4971918240427853e-17,0.3812060107086005,0.13524199676236376
2021-05-14,0.039877870013017805,0.443674122516018,1.4971918240427853e-17,0.3812060107086005,0.13524199676236376
2021-05-17,0.039877870013017805,0.443674122516018,1.4971918240427853e-17,0.3812060107086005,0.13524199676236376
2021-05-18,0.039877870013017805,0.443674122516018,1.4971918240427853e-17,0.3812060107086005,0.13524199676236376
2021-05-19,0.039877870013017805,0.443674122516018,1.4971918240427853e-17,0.3812060107086005,0.13524199676236376
2021-05-20,0.039877870013017805,0.443674122516018,1.4971918240427853e-17,0.3812060107086005,0.13524199676236376
2021-05-21,0.039877870013017805,0.443674122516018,1.4971918240427853e-17,0.3812060107086005,0.13524199676236376
2021-05-24,0.039877870013017805,0.443674122516018,1.4971918240427853e-17,0.3812060107086005,0.13524199676236376
2021-05-25,0.039877870013017805,0.443674122516018,1.4971918240427853e-17,0.3812060107086005,0.13524199676236376
2021-05-26,0.039877870013017805,0.443674122516018,1.4971918240427853e-17,0.3812060107086005,0.13524199676236376
2021-05-27,0.039877870013017805,0.443674122516018,1.4971918240427853e-17,0.3812060107086005,0.13524199676236376
2021-05-28,0.039877870013017805,0.443674122516018,1.4971918240427853e-17,0.3812060107086005,0.13524199676236376
2021-06-01,0.039877870013017805,0.443674122516018,1.4971918240427853e-17,0.3812060107086005,0.13524199676236376
2021-06-02,0.039877870013017805,0.443674122516018,1.4971918240427853e-17,0.3812060107086005,0.13524199676236376
2021-06-04,0.039877870013017805,0.443674122516018,1.4971918240427853e-17,0.3812060107086005,0.13524199676236376
2021-06-07,0.039877870013017805,0.443674122516018,1.4971918240427853e-17,0.3812060107086005,0.13524199676236376
2021-06-08,0.039877870013017805,0.443674122516018,1.4971918240427853e-17,0.3812060107086005,0.13524199676236376
2021-06-09,0.039877870013017805,0.443674122516018,1.4971918240427853e-17,0.3812060107086005,0.13524199676236376
2021-06-10,0.039877870013017805,0.443674122516018,1.4971918240427853e-17,0.3812060107086005,0.13524199676236376
2021-06-11,0.039877870013017805,0.443674122516018,1.4971918240427853e-17,0.3812060107086005,0.13524199676236376
2021-06-14,0.0,0.48903045304154097,1.1892149175897585e-17,0.3842551810465036,0.12671436591195545
2021-06-15,0.0,0.48903045304154097,1.1892149175897585e-17,0.3842551810465036,0.12671436591195545
2021-06-16,0.0,0.48903045304154097,1.1892149175897585e-17,0.3842551810465036,0.12671436591195545
2021-06-17,0.0,0.48903045304154097,1.1892149175897585e-17,0.3842551810465036,0.12671436591195545
2021-06-18,0.0,0.48903045304154097,1.1892149175897585e-17,0.3842551810465036,0.12671436591195545
2021-06-21,0.0,0.48903045304154097,1.1892149175897585e-17,0.3842551810465036,0.12671436591195545
2021-06-22,0.0,0.48903045304154097,1.1892149175897585e-17,0.3842551810465036,0.12671436591195545
2021-06-23,0.0,0.48903045304154097,1.1892149175897585e-17,0.3842551810465036,0.12671436591195545
2021-06-24,0.0,0.48903045304154097,1.1892149175897585e-17,0.3842551810465036,0.12671436591195545
2021-06-25,0.0,0.48903045304154097,1.1892149175897585e-17,0.3842551810465036,0.12671436591195545
2021-06-28,0.0,0.48903045304154097,1.1892149175897585e-17,0.3842551810465036,0.12671436591195545
2021-06-29,0.0,0.48903045304154097,1.1892149175897585e-17,0.3842551810465036,0.12671436591195545
2021-06-30,0.0,0.48903045304154097,1.1892149175897585e-17,0.3842551810465036,0.12671436591195545
2021-07-01,0.0,0.48903045304154097,1.1892149175897585e-17,0.3842551810465036,0.12671436591195545
2021-07-02,0.0,0.48903045304154097,1.1892149175897585e-17,0.3842551810465036,0.12671436591195545
2021-07-06,0.0,0.48903045304154097,1.1892149175897585e-17,0.3842551810465036,0.12671436591195545
2021-07-07,0.0,0.48903045304154097,1.1892149175897585e-17,0.3842551810465036,0.12671436591195545
2021-07-08,0.0,0.48903045304154097,1.1892149175897585e-17,0.3842551810465036,0.12671436591195545
2021-07-12,0.0,0.48903045304154097,1.1892149175897585e-17,0.3842551810465036,0.12671436591195545
2021-07-13,0.0,0.48903045304154097,1.1892149175897585e-17,0.3842551810465036,0.12671436591195545
2021-07-14,0.0,0.48903045304154097,1.1892149175897585e-17,0.3842551810465036,0.12671436591195545
2021-07-15,0.15150163040831274,0.3271777707724547,0.0,0.38725369090140743,0.1340669079178252
2021-07-16,0.15150163040831274,0.3271777707724547,0.0,0.38725369090140743,0.1340669079178252
2021-07-19,0.15150163040831274,0.3271777707724547,0.0,0.38725369090140743,0.1340669079178252
2021-07-20,0.15150163040831274,0.3271777707724547,0.0,0.38725369090140743,0.1340669079178252
2021-07-21,0.15150163040831274,0.3271777707724547,0.0,0.38725369090140743,0.1340669079178252
2021-07-22,0.15150163040831274,0.3271777707724547,0.0,0.38725369090140743,0.1340669079178252
2021-07-23,0.15150163040831274,0.3271777707724547,0.0,0.38725369090140743,0.1340669079178252
2021-07-26,0.15150163040831274,0.3271777707724547,0.0,0.38725369090140743,0.1340669079178252
2021-07-27,0.15150163040831274,0.3271777707724547,0.0,0.38725369090140743,0.1340669079178252
2021-07-28,0.15150163040831274,0.3271777707724547,0.0,0.38725369090140743,0.1340669079178252
2021-07-29,0.15150163040831274,0.3271777707724547,0.0,0.38725369090140743,0.1340669079178252
2021-07-30,0.15150163040831274,0.3271777707724547,0.0,0.38725369090140743,0.1340669079178252
2021-08-02,0.15150163040831274,0.3271777707724547,0.0,0.38725369090140743,0.1340669079178252
2021-08-03,0.15150163040831274,0.3271777707724547,0.0,0.38725369090140743,0.1340669079178252
2021-08-04,0.15150163040831274,0.3271777707724547,0.0,0.38725369090140743,0.1340669079178252
2021-08-05,0.15150163040831274,0.3271777707724547,0.0,0.38725369090140743,0.1340669079178252
2021-08-06,0.15150163040831274,0.3271777707724547,0.0,0.38725369090140743,0.1340669079178252
2021-08-09,0.15150163040831274,0.3271777707724547,0.0,0.38725369090140743,0.1340669079178252
2021-08-10,0.15150163040831274,0.3271777707724547,0.0,0.38725369090140743,0.1340669079178252
2021-08-11,0.15150163040831274,0.3271777707724547,0.0,0.38725369090140743,0.1340669079178252
2021-08-12,0.15150163040831274,0.3271777707724547,0.0,0.38725369090140743,0.1340669079178252
2021-08-13,1.3010426069826053e-17,0.4814472284512414,4.415088243274478e-18,0.38369493385700826,0.1348578376917504
2021-08-16,1.3010426069826053e-17,0.4814472284512414,4.415088243274478e-18,0.38369493385700826,0.1348578376917504
2021-08-17,1.3010426069826053e-17,0.4814472284512414,4.415088243274478e-18,0.38369493385700826,0.1348578376917504
2021-08-18,1.3010426069826053e-17,0.4814472284512414,4.415088243274478e-18,0.38369493385700826,0.1348578376917504
2021-08-19,1.3010426069826053e-17,0.4814472284512414,4.415088243274478e-18,0.38369493385700826,0.1348578376917504
2021-08-20,1.3010426069826053e-17,0.4814472284512414,4.415088243274478e-18,0.38369493385700826,0.1348578376917504
2021-08-23,1.3010426069826053e-17,0.4814472284512414,4.415088243274478e-18,0.38369493385700826,0.1348578376917504
2021-08-24,1.3010426069826053e-17,0.4814472284512414,4.415088243274478e-18,0.38369493385700826,0.1348578376917504
2021-08-25,1.3010426069826053e-17,0.4814472284512414,4.415088243274478e-18,0.38369493385700826,0.1348578376917504
2021-08-26,1.3010426069826053e-17,0.4814472284512414,4.415088243274478e-18,0.38369493385700826,0.1348578376917504
2021-08-27,1.3010426069826053e-17,0.4814472284512414,4.415088243274478e-18,0.38369493385700826,0.1348578376917504
2021-08-30,1.3010426069826053e-17,0.4814472284512414,4.415088243274478e-18,0.38369493385700826,0.1348578376917504
2021-08-31,1.3010426069826053e-17,0.4814472284512414,4.415088243274478e-18,0.38369493385700826,0.1348578376917504
2021-09-01,1.3010426069826053e-17,0.4814472284512414,4.415088243274478e-18,0.38369493385700826,0.1348578376917504
2021-09-02,1.3010426069826053e-17,0.4814472284512414,4.415088243274478e-18,0.38369493385700826,0.1348578376917504
2021-09-03,1.3010426069826053e-17,0.4814472284512414,4.415088243274478e-18,0.38369493385700826,0.1348578376917504
2021-09-08,1.3010426069826053e-17,0.4814472284512414,4.415088243274478e-18,0.38369493385700826,0.1348578376917504
2021-09-09,1.3010426069826053e-17,0.4814472284512414,4.415088243274478e-18,0.38369493385700826,0.1348578376917504
2021-09-10,1.3010426069826053e-17,0.4814472284512414,4.415088243274478e-18,0.38369493385700826,0.1348578376917504
2021-09-13,1.3010426069826053e-17,0.4814472284512414,4.415088243274478e-18,0.38369493385700826,0.1348578376917504
2021-09-14,1.3010426069826053e-17,0.4814472284512414,4.415088243274478e-18,0.38369493385700826,0.1348578376917504
2021-09-15,0.03666877144668443,0.42027629285723594,1.4189859388029998e-17,0.42932363999907847,0.11373129569700123
2021-09-16,0.03666877144668443,0.42027629285723594,1.4189859388029998e-17,0.42932363999907847,0.11373129569700123
2021-09-17,0.03666877144668443,0.42027629285723594,1.4189859388029998e-17,0.42932363999907847,0.11373129569700123
2021-09-20,0.03666877144668443,0.42027629285723594,1.4189859388029998e-17,0.42932363999907847,0.11373129569700123
2021-09-21,0.03666877144668443,0.42027629285723594,1.4189859388029998e-17,0.42932363999907847,0.11373129569700123
2021-09-22,0.03666877144668443,0.42027629285723594,1.4189859388029998e-17,0.42932363999907847,0.11373129569700123
2021-09-23,0.03666877144668443,0.42027629285723594,1.4189859388029998e-17,0.42932363999907847,0.11373129569700123
2021-09-24,0.03666877144668443,0.42027629285723594,1.4189859388029998e-17,0.42932363999907847,0.11373129569700123
2021-09-27,0.03666877144668443,0.42027629285723594,1.4189859388029998e-17,0.42932363999907847,0.11373129569700123
2021-09-28,0.03666877144668443,0.42027629285723594,1.4189859388029998e-17,0.42932363999907847,0.11373129569700123
2021-09-29,0.03666877144668443,0.42027629285723594,1.4189859388029998e-17,0.42932363999907847,0.11373129569700123
2021-09-30,0.03666877144668443,0.42027629285723594,1.4189859388029998e-17,0.42932363999907847,0.11373129569700123
2021-10-01,0.03666877144668443,0.42027629285723594,1.4189859388029998e-17,0.42932363999907847,0.11373129569700123
2021-10-04,0.03666877144668443,0.42027629285723594,1.4189859388029998e-17,0.42932363999907847,0.11373129569700123
2021-10-05,0.03666877144668443,0.42027629285723594,1.4189859388029998e-17,0.42932363999907847,0.11373129569700123
2021-10-06,0.03666877144668443,0.42027629285723594,1.4189859388029998e-17,0.42932363999907847,0.11373129569700123
2021-10-07,0.03666877144668443,0.42027629285723594,1.4189859388029998e-17,0.42932363999907847,0.11373129569700123
2021-10-08,0.03666877144668443,0.42027629285723594,1.4189859388029998e-17,0.42932363999907847,0.11373129569700123
2021-10-11,0.03666877144668443,0.42027629285723594,1.4189859388029998e-17,0.42932363999907847,0.11373129569700123
2021-10-13,0.03666877144668443,0.42027629285723594,1.4189859388029998e-17,0.42932363999907847,0.11373129569700123
2021-10-14,0.03666877144668443,0.42027629285723594,1.4189859388029998e-17,0.42932363999907847,0.11373129569700123
2021-10-15,0.0,0.44528858820528633,5.863999508858393e-17,0.39994038317167224,0.15477102862304146
2021-10-18,0.0,0.44528858820528633,5.863999508858393e-17,0.39994038317167224,0.15477102862304146
2021-10-19,0.0,0.44528858820528633,5.863999508858393e-17,0.39994038317167224,0.15477102862304146
2021-10-20,0.0,0.44528858820528633,5.863999508858393e-17,0.39994038317167224,0.15477102862304146
2021-10-21,0.0,0.44528858820528633,5.863999508858393e-17,0.39994038317167224,0.15477102862304146
2021-10-22,0.0,0.44528858820528633,5.863999508858393e-17,0.39994038317167224,0.15477102862304146
2021-10-25,0.0,0.44528858820528633,5.863999508858393e-17,0.39994038317167224,0.15477102862304146
2021-10-26,0.0,0.44528858820528633,5.863999508858393e-17,0.39994038317167224,0.15477102862304146
2021-10-27,0.0,0.44528858820528633,5.863999508858393e-17,0.39994038317167224,0.15477102862304146
2021-10-28,0.0,0.44528858820528633,5.863999508858393e-17,0.39994038317167224,0.15477102862304146
2021-10-29,0.0,0.44528858820528633,5.863999508858393e-17,0.39994038317167224,0.15477102862304146
2021-11-01,0.0,0.44528858820528633,5.863999508858393e-17,0.39994038317167224,0.15477102862304146
2021-11-03,0.0,0.44528858820528633,5.863999508858393e-17,0.39994038317167224,0.15477102862304146
2021-11-04,0.0,0.44528858820528633,5.863999508858393e-17,0.39994038317167224,0.15477102862304146
2021-11-05,0.0,0.44528858820528633,5.863999508858393e-17,0.39994038317167224,0.15477102862304146
2021-11-08,0.0,0.44528858820528633,5.863999508858393e-17,0.39994038317167224,0.15477102862304146
2021-11-09,0.0,0.44528858820528633,5.863999508858393e-17,0.39994038317167224,0.15477102862304146
2021-11-10,0.0,0.44528858820528633,5.863999508858393e-17,0.39994038317167224,0.15477102862304146
2021-11-11,0.0,0.44528858820528633,5.863999508858393e-17,0.39994038317167224,0.15477102862304146
2021-11-12,0.0,0.44528858820528633,5.863999508858393e-17,0.39994038317167224,0.15477102862304146
2021-11-16,0.0,0.44528858820528633,5.863999508858393e-17,0.39994038317167224,0.15477102862304146
2021-11-17,1.3877787807814457e-17,0.4268631582467535,0.0,0.35413639654134876,0.21900044521189777
2021-11-18,1.3877787807814457e-17,0.4268631582467535,0.0,0.35413639654134876,0.21900044521189777
2021-11-19,1.3877787807814457e-17,0.4268631582467535,0.0,0.35413639654134876,0.21900044521189777
2021-11-22,1.3877787807814457e-17,0.4268631582467535,0.0,0.35413639654134876,0.21900044521189777
2021-11-23,1.3877787807814457e-17,0.4268631582467535,0.0,0.35413639654134876,0.21900044521189777
2021-11-24,1.3877787807814457e-17,0.4268631582467535,0.0,0.35413639654134876,0.21900044521189777
2021-11-26,1.3877787807814457e-17,0.4268631582467535,0.0,0.35413639654134876,0.21900044521189777
2021-11-29,1.3877787807814457e-17,0.4268631582467535,0.0,0.35413639654134876,0.21900044521189777
2021-11-30,1.3877787807814457e-17,0.4268631582467535,0.0,0.35413639654134876,0.21900044521189777
2021-12-01,1.3877787807814457e-17,0.4268631582467535,0.0,0.35413639654134876,0.21900044521189777
2021-12-02,1.3877787807814457e-17,0.4268631582467535,0.0,0.35413639654134876,0.21900044521189777
2021-12-03,1.3877787807814457e-17,0.4268631582467535,0.0,0.35413639654134876,0.21900044521189777
2021-12-06,1.3877787807814457e-17,0.4268631582467535,0.0,0.35413639654134876,0.21900044521189777
2021-12-07,1.3877787807814457e-17,0.4268631582467535,0.0,0.35413639654134876,0.21900044521189777
2021-12-08,1.3877787807814457e-17,0.4268631582467535,0.0,0.35413639654134876,0.21900044521189777
2021-12-09,1.3877787807814457e-17,0.4268631582467535,0.0,0.35413639654134876,0.21900044521189777
2021-12-10,1.3877787807814457e-17,0.4268631582467535,0.0,0.35413639654134876,0.21900044521189777
2021-12-13,1.3877787807814457e-17,0.4268631582467535,0.0,0.35413639654134876,0.21900044521189777
2021-12-14,1.3877787807814457e-17,0.4268631582467535,0.0,0.35413639654134876,0.21900044521189777
2021-12-15,1.3877787807814457e-17,0.4268631582467535,0.0,0.35413639654134876,0.21900044521189777
2021-12-16,1.3877787807814457e-17,0.4268631582467535,0.0,0.35413639654134876,0.21900044521189777
2021-12-17,0.12550842831436596,0.2729759428974822,0.0,0.4127443651537369,0.188771263634415
2021-12-20,0.12550842831436596,0.2729759428974822,0.0,0.4127443651537369,0.188771263634415
2021-12-21,0.12550842831436596,0.2729759428974822,0.0,0.4127443651537369,0.188771263634415
2021-12-22,0.12550842831436596,0.2729759428974822,0.0,0.4127443651537369,0.188771263634415
2021-12-23,0.12550842831436596,0.2729759428974822,0.0,0.4127443651537369,0.188771263634415
2021-12-27,0.12550842831436596,0.2729759428974822,0.0,0.4127443651537369,0.188771263634415
2021-12-28,0.12550842831436596,0.2729759428974822,0.0,0.4127443651537369,0.188771263634415
2021-12-29,0.12550842831436596,0.2729759428974822,0.0,0.4127443651537369,0.188771263634415
2021-12-30,0.12550842831436596,0.2729759428974822,0.0,0.4127443651537369,0.188771263634415
2022-01-03,0.12550842831436596,0.2729759428974822,0.0,0.4127443651537369,0.188771263634415
2022-01-04,0.12550842831436596,0.2729759428974822,0.0,0.4127443651537369,0.188771263634415
2022-01-05,0.12550842831436596,0.2729759428974822,0.0,0.4127443651537369,0.188771263634415
2022-01-06,0.12550842831436596,0.2729759428974822,0.0,0.4127443651537369,0.188771263634415
2022-01-07,0.12550842831436596,0.2729759428974822,0.0,0.4127443651537369,0.188771263634415
2022-01-10,0.12550842831436596,0.2729759428974822,0.0,0.4127443651537369,0.188771263634415
2022-01-11,0.12550842831436596,0.2729759428974822,0.0,0.4127443651537369,0.188771263634415
2022-01-12,0.12550842831436596,0.2729759428974822,0.0,0.4127443651537369,0.188771263634415
2022-01-13,0.12550842831436596,0.2729759428974822,0.0,0.4127443651537369,0.188771263634415
2022-01-14,0.12550842831436596,0.2729759428974822,0.0,0.4127443651537369,0.188771263634415
2022-01-18,0.12550842831436596,0.2729759428974822,0.0,0.4127443651537369,0.188771263634415
2022-01-19,0.12550842831436596,0.2729759428974822,0.0,0.4127443651537369,0.188771263634415
2022-01-20,2.0117176907670234e-17,0.3837506951649365,8.712105911429766e-17,0.41980187153062287,0.19644743330444048
2022-01-21,2.0117176907670234e-17,0.3837506951649365,8.712105911429766e-17,0.41980187153062287,0.19644743330444048
2022-01-24,2.0117176907670234e-17,0.3837506951649365,8.712105911429766e-17,0.41980187153062287,0.19644743330444048
2022-01-25,2.0117176907670234e-17,0.3837506951649365,8.712105911429766e-17,0.41980187153062287,0.19644743330444048
2022-01-26,2.0117176907670234e-17,0.3837506951649365,8.712105911429766e-17,0.41980187153062287,0.19644743330444048
2022-01-27,2.0117176907670234e-17,0.3837506951649365,8.712105911429766e-17,0.41980187153062287,0.19644743330444048
2022-01-28,2.0117176907670234e-17,0.3837506951649365,8.712105911429766e-17,0.41980187153062287,0.19644743330444048
2022-01-31,2.0117176907670234e-17,0.3837506951649365,8.712105911429766e-17,0.41980187153062287,0.19644743330444048
2022-02-01,2.0117176907670234e-17,0.3837506951649365,8.712105911429766e-17,0.41980187153062287,0.19644743330444048
2022-02-02,2.0117176907670234e-17,0.3837506951649365,8.712105911429766e-17,0.41980187153062287,0.19644743330444048
2022-02-03,2.0117176907670234e-17,0.3837506951649365,8.712105911429766e-17,0.41980187153062287,0.19644743330444048
2022-02-04,2.0117176907670234e-17,0.3837506951649365,8.712105911429766e-17,0.41980187153062287,0.19644743330444048
2022-02-07,2.0117176907670234e-17,0.3837506951649365,8.712105911429766e-17,0.41980187153062287,0.19644743330444048
2022-02-08,2.0117176907670234e-17,0.3837506951649365,8.712105911429766e-17,0.41980187153062287,0.19644743330444048
2022-02-09,2.0117176907670234e-17,0.3837506951649365,8.712105911429766e-17,0.41980187153062287,0.19644743330444048
2022-02-10,2.0117176907670234e-17,0.3837506951649365,8.712105911429766e-17,0.41980187153062287,0.19644743330444048
2022-02-11,2.0117176907670234e-17,0.3837506951649365,8.712105911429766e-17,0.41980187153062287,0.19644743330444048
2022-02-14,2.0117176907670234e-17,0.3837506951649365,8.712105911429766e-17,0.41980187153062287,0.19644743330444048
2022-02-15,2.0117176907670234e-17,0.3837506951649365,8.712105911429766e-17,0.41980187153062287,0.19644743330444048
2022-02-16,2.0117176907670234e-17,0.3837506951649365,8.712105911429766e-17,0.41980187153062287,0.19644743330444048
2022-02-17,2.0117176907670234e-17,0.3837506951649365,8.712105911429766e-17,0.41980187153062287,0.19644743330444048
2022-02-18,0.10849623143884828,0.29184970039373953,0.0,0.4344168027009203,0.16523726546649198
2022-02-22,0.10849623143884828,0.29184970039373953,0.0,0.4344168027009203,0.16523726546649198
2022-02-23,0.10849623143884828,0.29184970039373953,0.0,0.4344168027009203,0.16523726546649198
2022-02-24,0.10849623143884828,0.29184970039373953,0.0,0.4344168027009203,0.16523726546649198
2022-02-25,0.10849623143884828,0.29184970039373953,0.0,0.4344168027009203,0.16523726546649198
2022-03-02,0.10849623143884828,0.29184970039373953,0.0,0.4344168027009203,0.16523726546649198
2022-03-03,0.10849623143884828,0.29184970039373953,0.0,0.4344168027009203,0.16523726546649198
2022-03-04,0.10849623143884828,0.29184970039373953,0.0,0.4344168027009203,0.16523726546649198
2022-03-07,0.10849623143884828,0.29184970039373953,0.0,0.4344168027009203,0.16523726546649198
2022-03-08,0.10849623143884828,0.29184970039373953,0.0,0.4344168027009203,0.16523726546649198
2022-03-09,0.10849623143884828,0.29184970039373953,0.0,0.4344168027009203,0.16523726546649198
2022-03-10,0.10849623143884828,0.29184970039373953,0.0,0.4344168027009203,0.16523726546649198
2022-03-11,0.10849623143884828,0.29184970039373953,0.0,0.4344168027009203,0.16523726546649198
2022-03-14,0.10849623143884828,0.29184970039373953,0.0,0.4344168027009203,0.16523726546649198
2022-03-15,0.10849623143884828,0.29184970039373953,0.0,0.4344168027009203,0.16523726546649198
2022-03-16,0.10849623143884828,0.29184970039373953,0.0,0.4344168027009203,0.16523726546649198
2022-03-17,0.10849623143884828,0.29184970039373953,0.0,0.4344168027009203,0.16523726546649198
2022-03-18,0.10849623143884828,0.29184970039373953,0.0,0.4344168027009203,0.16523726546649198
2022-03-21,0.10849623143884828,0.29184970039373953,0.0,0.4344168027009203,0.16523726546649198
2022-03-22,0.10849623143884828,0.29184970039373953,0.0,0.4344168027009203,0.16523726546649198
2022-03-23,0.10849623143884828,0.29184970039373953,0.0,0.4344168027009203,0.16523726546649198
2022-03-24,0.042228559886454714,0.362984901774426,0.0,0.44531070753926,0.14947583079985943
2022-03-25,0.042228559886454714,0.362984901774426,0.0,0.44531070753926,0.14947583079985943
2022-03-28,0.042228559886454714,0.362984901774426,0.0,0.44531070753926,0.14947583079985943
2022-03-29,0.042228559886454714,0.362984901774426,0.0,0.44531070753926,0.14947583079985943
2022-03-30,0.042228559886454714,0.362984901774426,0.0,0.44531070753926,0.14947583079985943
2022-03-31,0.042228559886454714,0.362984901774426,0.0,0.44531070753926,0.14947583079985943
2022-04-01,0.042228559886454714,0.362984901774426,0.0,0.44531070753926,0.14947583079985943
2022-04-04,0.042228559886454714,0.362984901774426,0.0,0.44531070753926,0.14947583079985943
2022-04-05,0.042228559886454714,0.362984901774426,0.0,0.44531070753926,0.14947583079985943
2022-04-06,0.042228559886454714,0.362984901774426,0.0,0.44531070753926,0.14947583079985943
2022-04-07,0.042228559886454714,0.362984901774426,0.0,0.44531070753926,0.14947583079985943
2022-04-08,0.042228559886454714,0.362984901774426,0.0,0.44531070753926,0.14947583079985943
2022-04-11,0.042228559886454714,0.362984901774426,0.0,0.44531070753926,0.14947583079985943
2022-04-12,0.042228559886454714,0.362984901774426,0.0,0.44531070753926,0.14947583079985943
2022-04-13,0.042228559886454714,0.362984901774426,0.0,0.44531070753926,0.14947583079985943
2022-04-14,0.042228559886454714,0.362984901774426,0.0,0.44531070753926,0.14947583079985943
2022-04-18,0.042228559886454714,0.362984901774426,0.0,0.44531070753926,0.14947583079985943
2022-04-19,0.042228559886454714,0.362984901774426,0.0,0.44531070753926,0.14947583079985943
2022-04-20,0.042228559886454714,0.362984901774426,0.0,0.44531070753926,0.14947583079985943
2022-04-22,0.042228559886454714,0.362984901774426,0.0,0.44531070753926,0.14947583079985943
2022-04-25,0.042228559886454714,0.362984901774426,0.0,0.44531070753926,0.14947583079985943
2022-04-26,0.027905357660620463,0.3626145173191385,1.5193827295517548e-18,0.4485471786487831,0.16093294637145802
2022-04-27,0.027905357660620463,0.3626145173191385,1.5193827295517548e-18,0.4485471786487831,0.16093294637145802
2022-04-28,0.027905357660620463,0.3626145173191385,1.5193827295517548e-18,0.4485471786487831,0.16093294637145802
2022-04-29,0.027905357660620463,0.3626145173191385,1.5193827295517548e-18,0.4485471786487831,0.16093294637145802
2022-05-02,0.027905357660620463,0.3626145173191385,1.5193827295517548e-18,0.4485471786487831,0.16093294637145802
2022-05-03,0.027905357660620463,0.3626145173191385,1.5193827295517548e-18,0.4485471786487831,0.16093294637145802
2022-05-04,0.027905357660620463,0.3626145173191385,1.5193827295517548e-18,0.4485471786487831,0.16093294637145802
2022-05-05,0.027905357660620463,0.3626145173191385,1.5193827295517548e-18,0.4485471786487831,0.16093294637145802
2022-05-06,0.027905357660620463,0.3626145173191385,1.5193827295517548e-18,0.4485471786487831,0.16093294637145802
2022-05-09,0.027905357660620463,0.3626145173191385,1.5193827295517548e-18,0.4485471786487831,0.16093294637145802
2022-05-10,0.027905357660620463,0.3626145173191385,1.5193827295517548e-18,0.4485471786487831,0.16093294637145802
2022-05-11,0.027905357660620463,0.3626145173191385,1.5193827295517548e-18,0.4485471786487831,0.16093294637145802
2022-05-12,0.027905357660620463,0.3626145173191385,1.5193827295517548e-18,0.4485471786487831,0.16093294637145802
2022-05-13,0.027905357660620463,0.3626145173191385,1.5193827295517548e-18,0.4485471786487831,0.16093294637145802
2022-05-16,0.027905357660620463,0.3626145173191385,1.5193827295517548e-18,0.4485471786487831,0.16093294637145802
2022-05-17,0.027905357660620463,0.3626145173191385,1.5193827295517548e-18,0.4485471786487831,0.16093294637145802
2022-05-18,0.027905357660620463,0.3626145173191385,1.5193827295517548e-18,0.4485471786487831,0.16093294637145802
2022-05-19,0.027905357660620463,0.3626145173191385,1.5193827295517548e-18,0.4485471786487831,0.16093294637145802
2022-05-20,0.027905357660620463,0.3626145173191385,1.5193827295517548e-18,0.4485471786487831,0.16093294637145802
2022-05-23,0.027905357660620463,0.3626145173191385,1.5193827295517548e-18,0.4485471786487831,0.16093294637145802
2022-05-24,0.027905357660620463,0.3626145173191385,1.5193827295517548e-18,0.4485471786487831,0.16093294637145802
2022-05-25,0.0,0.4002637127500353,0.0,0.4899758815177885,0.10976040573217612
2022-05-26,0.0,0.4002637127500353,0.0,0.4899758815177885,0.10976040573217612
2022-05-27,0.0,0.4002637127500353,0.0,0.4899758815177885,0.10976040573217612
2022-05-31,0.0,0.4002637127500353,0.0,0.4899758815177885,0.10976040573217612
2022-06-01,0.0,0.4002637127500353,0.0,0.4899758815177885,0.10976040573217612
2022-06-02,0.0,0.4002637127500353,0.0,0.4899758815177885,0.10976040573217612
2022-06-03,0.0,0.4002637127500353,0.0,0.4899758815177885,0.10976040573217612
2022-06-06,0.0,0.4002637127500353,0.0,0.4899758815177885,0.10976040573217612
2022-06-07,0.0,0.4002637127500353,0.0,0.4899758815177885,0.10976040573217612
2022-06-08,0.0,0.4002637127500353,0.0,0.4899758815177885,0.10976040573217612
2022-06-09,0.0,0.4002637127500353,0.0,0.4899758815177885,0.10976040573217612
2022-06-10,0.0,0.4002637127500353,0.0,0.4899758815177885,0.10976040573217612
2022-06-13,0.0,0.4002637127500353,0.0,0.4899758815177885,0.10976040573217612
2022-06-14,0.0,0.4002637127500353,0.0,0.4899758815177885,0.10976040573217612
2022-06-15,0.0,0.4002637127500353,0.0,0.4899758815177885,0.10976040573217612
2022-06-17,0.0,0.4002637127500353,0.0,0.4899758815177885,0.10976040573217612
2022-06-21,0.0,0.4002637127500353,0.0,0.4899758815177885,0.10976040573217612
2022-06-22,0.0,0.4002637127500353,0.0,0.4899758815177885,0.10976040573217612
2022-06-23,0.0,0.4002637127500353,0.0,0.4899758815177885,0.10976040573217612
2022-06-24,0.0,0.4002637127500353,0.0,0.4899758815177885,0.10976040573217612
2022-06-27,0.0,0.4002637127500353,0.0,0.4899758815177885,0.10976040573217612
2022-06-28,0.0,0.40565204880116196,1.1940671623742327e-16,0.4884271653317452,0.10592078586709269
2022-06-29,0.0,0.40565204880116196,1.1940671623742327e-16,0.4884271653317452,0.10592078586709269
2022-06-30,0.0,0.40565204880116196,1.1940671623742327e-16,0.4884271653317452,0.10592078586709269
2022-07-01,0.0,0.40565204880116196,1.1940671623742327e-16,0.4884271653317452,0.10592078586709269
2022-07-05,0.0,0.40565204880116196,1.1940671623742327e-16,0.4884271653317452,0.10592078586709269
2022-07-06,0.0,0.40565204880116196,1.1940671623742327e-16,0.4884271653317452,0.10592078586709269
2022-07-07,0.0,0.40565204880116196,1.1940671623742327e-16,0.4884271653317452,0.10592078586709269
2022-07-08,0.0,0.40565204880116196,1.1940671623742327e-16,0.4884271653317452,0.10592078586709269
2022-07-11,0.0,0.40565204880116196,1.1940671623742327e-16,0.4884271653317452,0.10592078586709269
2022-07-12,0.0,0.40565204880116196,1.1940671623742327e-16,0.4884271653317452,0.10592078586709269
2022-07-13,0.0,0.40565204880116196,1.1940671623742327e-16,0.4884271653317452,0.10592078586709269
2022-07-14,0.0,0.40565204880116196,1.1940671623742327e-16,0.4884271653317452,0.10592078586709269
2022-07-15,0.0,0.40565204880116196,1.1940671623742327e-16,0.4884271653317452,0.10592078586709269
2022-07-18,0.0,0.40565204880116196,1.1940671623742327e-16,0.4884271653317452,0.10592078586709269
2022-07-19,0.0,0.40565204880116196,1.1940671623742327e-16,0.4884271653317452,0.10592078586709269
2022-07-20,0.0,0.40565204880116196,1.1940671623742327e-16,0.4884271653317452,0.10592078586709269
2022-07-21,0.0,0.40565204880116196,1.1940671623742327e-16,0.4884271653317452,0.10592078586709269
2022-07-22,0.0,0.40565204880116196,1.1940671623742327e-16,0.4884271653317452,0.10592078586709269
2022-07-25,0.0,0.40565204880116196,1.1940671623742327e-16,0.4884271653317452,0.10592078586709269
2022-07-26,0.0,0.40565204880116196,1.1940671623742327e-16,0.4884271653317452,0.10592078586709269
2022-07-27,0.0,0.40565204880116196,1.1940671623742327e-16,0.4884271653317452,0.10592078586709269
2022-07-28,0.11932564372588193,0.2688562229164709,3.7984783758849563e-17,0.5145259366257122,0.0972921967319348
2022-07-29,0.11932564372588193,0.2688562229164709,3.7984783758849563e-17,0.5145259366257122,0.0972921967319348
2022-08-01,0.11932564372588193,0.2688562229164709,3.7984783758849563e-17,0.5145259366257122,0.0972921967319348
2022-08-02,0.11932564372588193,0.2688562229164709,3.7984783758849563e-17,0.5145259366257122,0.0972921967319348
2022-08-03,0.11932564372588193,0.2688562229164709,3.7984783758849563e-17,0.5145259366257122,0.0972921967319348
2022-08-04,0.11932564372588193,0.2688562229164709,3.7984783758849563e-17,0.5145259366257122,0.0972921967319348
2022-08-05,0.11932564372588193,0.2688562229164709,3.7984783758849563e-17,0.5145259366257122,0.0972921967319348
2022-08-08,0.11932564372588193,0.2688562229164709,3.7984783758849563e-17,0.5145259366257122,0.0972921967319348
2022-08-09,0.11932564372588193,0.2688562229164709,3.7984783758849563e-17,0.5145259366257122,0.0972921967319348
2022-08-10,0.11932564372588193,0.2688562229164709,3.7984783758849563e-17,0.5145259366257122,0.0972921967319348
2022-08-11,0.11932564372588193,0.2688562229164709,3.7984783758849563e-17,0.5145259366257122,0.0972921967319348
2022-08-12,0.11932564372588193,0.2688562229164709,3.7984783758849563e-17,0.5145259366257122,0.0972921967319348
2022-08-15,0.11932564372588193,0.2688562229164709,3.7984783758849563e-17,0.5145259366257122,0.0972921967319348
2022-08-16,0.11932564372588193,0.2688562229164709,3.7984783758849563e-17,0.5145259366257122,0.0972921967319348
2022-08-17,0.11932564372588193,0.2688562229164709,3.7984783758849563e-17,0.5145259366257122,0.0972921967319348
2022-08-18,0.11932564372588193,0.2688562229164709,3.7984783758849563e-17,0.5145259366257122,0.0972921967319348
2022-08-19,0.11932564372588193,0.2688562229164709,3.7984783758849563e-17,0.5145259366257122,0.0972921967319348
2022-08-22,0.11932564372588193,0.2688562229164709,3.7984783758849563e-17,0.5145259366257122,0.0972921967319348
2022-08-23,0.11932564372588193,0.2688562229164709,3.7984783758849563e-17,0.5145259366257122,0.0972921967319348
2022-08-24,0.11932564372588193,0.2688562229164709,3.7984783758849563e-17,0.5145259366257122,0.0972921967319348
2022-08-25,0.11932564372588193,0.2688562229164709,3.7984783758849563e-17,0.5145259366257122,0.0972921967319348
2022-08-26,0.13044511887805238,0.2523476987129659,0.0,0.5259671231506264,0.0912400592583553
2022-08-29,0.13044511887805238,0.2523476987129659,0.0,0.5259671231506264,0.0912400592583553
2022-08-30,0.13044511887805238,0.2523476987129659,0.0,0.5259671231506264,0.0912400592583553
2022-08-31,0.13044511887805238,0.2523476987129659,0.0,0.5259671231506264,0.0912400592583553
2022-09-01,0.13044511887805238,0.2523476987129659,0.0,0.5259671231506264,0.0912400592583553
2022-09-02,0.13044511887805238,0.2523476987129659,0.0,0.5259671231506264,0.0912400592583553
2022-09-06,0.13044511887805238,0.2523476987129659,0.0,0.5259671231506264,0.0912400592583553
2022-09-08,0.13044511887805238,0.2523476987129659,0.0,0.5259671231506264,0.0912400592583553
2022-09-09,0.13044511887805238,0.2523476987129659,0.0,0.5259671231506264,0.0912400592583553
2022-09-12,0.13044511887805238,0.2523476987129659,0.0,0.5259671231506264,0.0912400592583553
2022-09-13,0.13044511887805238,0.2523476987129659,0.0,0.5259671231506264,0.0912400592583553
2022-09-14,0.13044511887805238,0.2523476987129659,0.0,0.5259671231506264,0.0912400592583553
2022-09-15,0.13044511887805238,0.2523476987129659,0.0,0.5259671231506264,0.0912400592583553
2022-09-16,0.13044511887805238,0.2523476987129659,0.0,0.5259671231506264,0.0912400592583553
2022-09-19,0.13044511887805238,0.2523476987129659,0.0,0.5259671231506264,0.0912400592583553
2022-09-20,0.13044511887805238,0.2523476987129659,0.0,0.5259671231506264,0.0912400592583553
2022-09-21,0.13044511887805238,0.2523476987129659,0.0,0.5259671231506264,0.0912400592583553
2022-09-22,0.13044511887805238,0.2523476987129659,0.0,0.5259671231506264,0.0912400592583553
2022-09-23,0.13044511887805238,0.2523476987129659,0.0,0.5259671231506264,0.0912400592583553
2022-09-26,0.13044511887805238,0.2523476987129659,0.0,0.5259671231506264,0.0912400592583553
2022-09-27,0.13044511887805238,0.2523476987129659,0.0,0.5259671231506264,0.0912400592583553
2022-09-28,0.0,0.40236672565340814,0.0,0.5394586932747366,0.05817458107185525
2022-09-29,0.0,0.40236672565340814,0.0,0.5394586932747366,0.05817458107185525
2022-09-30,0.0,0.40236672565340814,0.0,0.5394586932747366,0.05817458107185525
2022-10-03,0.0,0.40236672565340814,0.0,0.5394586932747366,0.05817458107185525
2022-10-04,0.0,0.40236672565340814,0.0,0.5394586932747366,0.05817458107185525
2022-10-05,0.0,0.40236672565340814,0.0,0.5394586932747366,0.05817458107185525
2022-10-06,0.0,0.40236672565340814,0.0,0.5394586932747366,0.05817458107185525
2022-10-07,0.0,0.40236672565340814,0.0,0.5394586932747366,0.05817458107185525
2022-10-10,0.0,0.40236672565340814,0.0,0.5394586932747366,0.05817458107185525
2022-10-11,0.0,0.40236672565340814,0.0,0.5394586932747366,0.05817458107185525
2022-10-13,0.0,0.40236672565340814,0.0,0.5394586932747366,0.05817458107185525
2022-10-14,0.0,0.40236672565340814,0.0,0.5394586932747366,0.05817458107185525
2022-10-17,0.0,0.40236672565340814,0.0,0.5394586932747366,0.05817458107185525
2022-10-18,0.0,0.40236672565340814,0.0,0.5394586932747366,0.05817458107185525
2022-10-19,0.0,0.40236672565340814,0.0,0.5394586932747366,0.05817458107185525
2022-10-20,0.0,0.40236672565340814,0.0,0.5394586932747366,0.05817458107185525
2022-10-21,0.0,0.40236672565340814,0.0,0.5394586932747366,0.05817458107185525
2022-10-24,0.0,0.40236672565340814,0.0,0.5394586932747366,0.05817458107185525
2022-10-25,0.0,0.40236672565340814,0.0,0.5394586932747366,0.05817458107185525
2022-10-26,0.0,0.40236672565340814,0.0,0.5394586932747366,0.05817458107185525
2022-10-27,0.0,0.40236672565340814,0.0,0.5394586932747366,0.05817458107185525
2022-10-28,4.3007301113007864e-17,0.4024496589534211,5.2873752149873454e-17,0.556350204723451,0.04120013632312787
2022-10-31,4.3007301113007864e-17,0.4024496589534211,5.2873752149873454e-17,0.556350204723451,0.04120013632312787
2022-11-01,4.3007301113007864e-17,0.4024496589534211,5.2873752149873454e-17,0.556350204723451,0.04120013632312787
2022-11-03,4.3007301113007864e-17,0.4024496589534211,5.2873752149873454e-17,0.556350204723451,0.04120013632312787
2022-11-04,4.3007301113007864e-17,0.4024496589534211,5.2873752149873454e-17,0.556350204723451,0.04120013632312787
2022-11-07,4.3007301113007864e-17,0.4024496589534211,5.2873752149873454e-17,0.556350204723451,0.04120013632312787
2022-11-08,4.3007301113007864e-17,0.4024496589534211,5.2873752149873454e-17,0.556350204723451,0.04120013632312787
2022-11-09,4.3007301113007864e-17,0.4024496589534211,5.2873752149873454e-17,0.556350204723451,0.04120013632312787
2022-11-10,4.3007301113007864e-17,0.4024496589534211,5.2873752149873454e-17,0.556350204723451,0.04120013632312787
2022-11-11,4.3007301113007864e-17,0.4024496589534211,5.2873752149873454e-17,0.556350204723451,0.04120013632312787
2022-11-14,4.3007301113007864e-17,0.4024496589534211,5.2873752149873454e-17,0.556350204723451,0.04120013632312787
2022-11-16,4.3007301113007864e-17,0.4024496589534211,5.2873752149873454e-17,0.556350204723451,0.04120013632312787
2022-11-17,4.3007301113007864e-17,0.4024496589534211,5.2873752149873454e-17,0.556350204723451,0.04120013632312787
2022-11-18,4.3007301113007864e-17,0.4024496589534211,5.2873752149873454e-17,0.556350204723451,0.04120013632312787
2022-11-21,4.3007301113007864e-17,0.4024496589534211,5.2873752149873454e-17,0.556350204723451,0.04120013632312787
2022-11-22,4.3007301113007864e-17,0.4024496589534211,5.2873752149873454e-17,0.556350204723451,0.04120013632312787
2022-11-23,4.3007301113007864e-17,0.4024496589534211,5.2873752149873454e-17,0.556350204723451,0.04120013632312787
2022-11-25,4.3007301113007864e-17,0.4024496589534211,5.2873752149873454e-17,0.556350204723451,0.04120013632312787
2022-11-28,4.3007301113007864e-17,0.4024496589534211,5.2873752149873454e-17,0.556350204723451,0.04120013632312787
2022-11-29,4.3007301113007864e-17,0.4024496589534211,5.2873752149873454e-17,0.556350204723451,0.04120013632312787
2022-11-30,4.3007301113007864e-17,0.4024496589534211,5.2873752149873454e-17,0.556350204723451,0.04120013632312787
2022-12-01,0.0,0.45829540518618184,1.177406890843766e-17,0.5416710708654704,3.352394834783907e-05
2022-12-02,0.0,0.45829540518618184,1.177406890843766e-17,0.5416710708654704,3.352394834783907e-05
2022-12-05,0.0,0.45829540518618184,1.177406890843766e-17,0.5416710708654704,3.352394834783907e-05
2022-12-06,0.0,0.45829540518618184,1.177406890843766e-17,0.5416710708654704,3.352394834783907e-05
2022-12-07,0.0,0.45829540518618184,1.177406890843766e-17,0.5416710708654704,3.352394834783907e-05
2022-12-08,0.0,0.45829540518618184,1.177406890843766e-17,0.5416710708654704,3.352394834783907e-05
2022-12-09,0.0,0.45829540518618184,1.177406890843766e-17,0.5416710708654704,3.352394834783907e-05
2022-12-12,0.0,0.45829540518618184,1.177406890843766e-17,0.5416710708654704,3.352394834783907e-05
2022-12-13,0.0,0.45829540518618184,1.177406890843766e-17,0.5416710708654704,3.352394834783907e-05
2022-12-14,0.0,0.45829540518618184,1.177406890843766e-17,0.5416710708654704,3.352394834783907e-05
2022-12-15,0.0,0.45829540518618184,1.177406890843766e-17,0.5416710708654704,3.352394834783907e-05
2022-12-16,0.0,0.45829540518618184,1.177406890843766e-17,0.5416710708654704,3.352394834783907e-05
2022-12-19,0.0,0.45829540518618184,1.177406890843766e-17,0.5416710708654704,3.352394834783907e-05
2022-12-20,0.0,0.45829540518618184,1.177406890843766e-17,0.5416710708654704,3.352394834783907e-05
2022-12-21,0.0,0.45829540518618184,1.177406890843766e-17,0.5416710708654704,3.352394834783907e-05
2022-12-22,0.0,0.45829540518618184,1.177406890843766e-17,0.5416710708654704,3.352394834783907e-05
2022-12-23,0.0,0.45829540518618184,1.177406890843766e-17,0.5416710708654704,3.352394834783907e-05
2022-12-27,0.0,0.45829540518618184,1.177406890843766e-17,0.5416710708654704,3.352394834783907e-05
2022-12-28,0.0,0.45829540518618184,1.177406890843766e-17,0.5416710708654704,3.352394834783907e-05
2022-12-29,0.0,0.45829540518618184,1.177406890843766e-17,0.5416710708654704,3.352394834783907e-05
2023-01-03,0.0,0.45829540518618184,1.177406890843766e-17,0.5416710708654704,3.352394834783907e-05
2023-01-04,6.281080304138679e-17,0.4472353091442706,0.0,0.5364726906444033,0.016292000211326048
2023-01-05,6.281080304138679e-17,0.4472353091442706,0.0,0.5364726906444033,0.016292000211326048
2023-01-06,6.281080304138679e-17,0.4472353091442706,0.0,0.5364726906444033,0.016292000211326048
2023-01-09,6.281080304138679e-17,0.4472353091442706,0.0,0.5364726906444033,0.016292000211326048
2023-01-10,6.281080304138679e-17,0.4472353091442706,0.0,0.5364726906444033,0.016292000211326048
2023-01-11,6.281080304138679e-17,0.4472353091442706,0.0,0.5364726906444033,0.016292000211326048
2023-01-12,6.281080304138679e-17,0.4472353091442706,0.0,0.5364726906444033,0.016292000211326048
2023-01-13,6.281080304138679e-17,0.4472353091442706,0.0,0.5364726906444033,0.016292000211326048
2023-01-17,6.281080304138679e-17,0.4472353091442706,0.0,0.5364726906444033,0.016292000211326048
2023-01-18,6.281080304138679e-17,0.4472353091442706,0.0,0.5364726906444033,0.016292000211326048
2023-01-19,6.281080304138679e-17,0.4472353091442706,0.0,0.5364726906444033,0.016292000211326048
2023-01-20,6.281080304138679e-17,0.4472353091442706,0.0,0.5364726906444033,0.016292000211326048
2023-01-23,6.281080304138679e-17,0.4472353091442706,0.0,0.5364726906444033,0.016292000211326048
2023-01-24,6.281080304138679e-17,0.4472353091442706,0.0,0.5364726906444033,0.016292000211326048
2023-01-25,6.281080304138679e-17,0.4472353091442706,0.0,0.5364726906444033,0.016292000211326048
2023-01-26,6.281080304138679e-17,0.4472353091442706,0.0,0.5364726906444033,0.016292000211326048
2023-01-27,6.281080304138679e-17,0.4472353091442706,0.0,0.5364726906444033,0.016292000211326048
2023-01-30,6.281080304138679e-17,0.4472353091442706,0.0,0.5364726906444033,0.016292000211326048
2023-01-31,6.281080304138679e-17,0.4472353091442706,0.0,0.5364726906444033,0.016292000211326048
2023-02-01,6.281080304138679e-17,0.4472353091442706,0.0,0.5364726906444033,0.016292000211326048
2023-02-02,6.281080304138679e-17,0.4472353091442706,0.0,0.5364726906444033,0.016292000211326048
2023-02-03,0.0,0.459901370805858,0.0,0.5029729889405166,0.03712564025362538
2023-02-06,0.0,0.459901370805858,0.0,0.5029729889405166,0.03712564025362538
2023-02-07,0.0,0.459901370805858,0.0,0.5029729889405166,0.03712564025362538
2023-02-08,0.0,0.459901370805858,0.0,0.5029729889405166,0.03712564025362538
2023-02-09,0.0,0.459901370805858,0.0,0.5029729889405166,0.03712564025362538
2023-02-10,0.0,0.459901370805858,0.0,0.5029729889405166,0.03712564025362538
2023-02-13,0.0,0.459901370805858,0.0,0.5029729889405166,0.03712564025362538
2023-02-14,0.0,0.459901370805858,0.0,0.5029729889405166,0.03712564025362538
2023-02-15,0.0,0.459901370805858,0.0,0.5029729889405166,0.03712564025362538
2023-02-16,0.0,0.459901370805858,0.0,0.5029729889405166,0.03712564025362538
2023-02-17,0.0,0.459901370805858,0.0,0.5029729889405166,0.03712564025362538
2023-02-22,0.0,0.459901370805858,0.0,0.5029729889405166,0.03712564025362538
2023-02-23,0.0,0.459901370805858,0.0,0.5029729889405166,0.03712564025362538
2023-02-24,0.0,0.459901370805858,0.0,0.5029729889405166,0.03712564025362538
2023-02-27,0.0,0.459901370805858,0.0,0.5029729889405166,0.03712564025362538
2023-02-28,0.0,0.459901370805858,0.0,0.5029729889405166,0.03712564025362538
2023-03-01,0.0,0.459901370805858,0.0,0.5029729889405166,0.03712564025362538
2023-03-02,0.0,0.459901370805858,0.0,0.5029729889405166,0.03712564025362538
2023-03-03,0.0,0.459901370805858,0.0,0.5029729889405166,0.03712564025362538
2023-03-06,0.0,0.459901370805858,0.0,0.5029729889405166,0.03712564025362538
2023-03-07,0.0,0.459901370805858,0.0,0.5029729889405166,0.03712564025362538
2023-03-08,0.0,0.4488597166399693,0.0,0.5171901896106605,0.033950093749370296
2023-03-09,0.0,0.4488597166399693,0.0,0.5171901896106605,0.033950093749370296
2023-03-10,0.0,0.4488597166399693,0.0,0.5171901896106605,0.033950093749370296
2023-03-13,0.0,0.4488597166399693,0.0,0.5171901896106605,0.033950093749370296
2023-03-14,0.0,0.4488597166399693,0.0,0.5171901896106605,0.033950093749370296
2023-03-15,0.0,0.4488597166399693,0.0,0.5171901896106605,0.033950093749370296
2023-03-16,0.0,0.4488597166399693,0.0,0.5171901896106605,0.033950093749370296
2023-03-17,0.0,0.4488597166399693,0.0,0.5171901896106605,0.033950093749370296
2023-03-20,0.0,0.4488597166399693,0.0,0.5171901896106605,0.033950093749370296
2023-03-21,0.0,0.4488597166399693,0.0,0.5171901896106605,0.033950093749370296
2023-03-22,0.0,0.4488597166399693,0.0,0.5171901896106605,0.033950093749370296
2023-03-23,0.0,0.4488597166399693,0.0,0.5171901896106605,0.033950093749370296
2023-03-24,0.0,0.4488597166399693,0.0,0.5171901896106605,0.033950093749370296
2023-03-27,0.0,0.4488597166399693,0.0,0.5171901896106605,0.033950093749370296
2023-03-28,0.0,0.4488597166399693,0.0,0.5171901896106605,0.033950093749370296
2023-03-29,0.0,0.4488597166399693,0.0,0.5171901896106605,0.033950093749370296
2023-03-30,0.0,0.4488597166399693,0.0,0.5171901896106605,0.033950093749370296
2023-03-31,0.0,0.4488597166399693,0.0,0.5171901896106605,0.033950093749370296
2023-04-03,0.0,0.4488597166399693,0.0,0.5171901896106605,0.033950093749370296
2023-04-04,0.0,0.4488597166399693,0.0,0.5171901896106605,0.033950093749370296
2023-04-05,0.0,0.4488597166399693,0.0,0.5171901896106605,0.033950093749370296
2023-04-06,0.041638005147071694,0.40543328043374116,0.0,0.4964003715797561,0.05652834283943114
2023-04-10,0.041638005147071694,0.40543328043374116,0.0,0.4964003715797561,0.05652834283943114
2023-04-11,0.041638005147071694,0.40543328043374116,0.0,0.4964003715797561,0.05652834283943114
2023-04-12,0.041638005147071694,0.40543328043374116,0.0,0.4964003715797561,0.05652834283943114
2023-04-13,0.041638005147071694,0.40543328043374116,0.0,0.4964003715797561,0.05652834283943114
2023-04-14,0.041638005147071694,0.40543328043374116,0.0,0.4964003715797561,0.05652834283943114
2023-04-17,0.041638005147071694,0.40543328043374116,0.0,0.4964003715797561,0.05652834283943114
2023-04-18,0.041638005147071694,0.40543328043374116,0.0,0.4964003715797561,0.05652834283943114
2023-04-19,0.041638005147071694,0.40543328043374116,0.0,0.4964003715797561,0.05652834283943114
2023-04-20,0.041638005147071694,0.40543328043374116,0.0,0.4964003715797561,0.05652834283943114
2023-04-24,0.041638005147071694,0.40543328043374116,0.0,0.4964003715797561,0.05652834283943114
2023-04-25,0.041638005147071694,0.40543328043374116,0.0,0.4964003715797561,0.05652834283943114
2023-04-26,0.041638005147071694,0.40543328043374116,0.0,0.4964003715797561,0.05652834283943114
2023-04-27,0.041638005147071694,0.40543328043374116,0.0,0.4964003715797561,0.05652834283943114
2023-04-28,0.041638005147071694,0.40543328043374116,0.0,0.4964003715797561,0.05652834283943114
2023-05-02,0.041638005147071694,0.40543328043374116,0.0,0.4964003715797561,0.05652834283943114
2023-05-03,0.041638005147071694,0.40543328043374116,0.0,0.4964003715797561,0.05652834283943114
2023-05-04,0.041638005147071694,0.40543328043374116,0.0,0.4964003715797561,0.05652834283943114
2023-05-05,0.041638005147071694,0.40543328043374116,0.0,0.4964003715797561,0.05652834283943114
2023-05-08,0.041638005147071694,0.40543328043374116,0.0,0.4964003715797561,0.05652834283943114
2023-05-09,0.041638005147071694,0.40543328043374116,0.0,0.4964003715797561,0.05652834283943114
2023-05-10,0.1316014083685817,0.3002267210141699,0.0,0.49471825805770864,0.07345361255953976
2023-05-11,0.1316014083685817,0.3002267210141699,0.0,0.49471825805770864,0.07345361255953976
2023-05-12,0.1316014083685817,0.3002267210141699,0.0,0.49471825805770864,0.07345361255953976
2023-05-15,0.1316014083685817,0.3002267210141699,0.0,0.49471825805770864,0.07345361255953976
2023-05-16,0.1316014083685817,0.3002267210141699,0.0,0.49471825805770864,0.07345361255953976
2023-05-17,0.1316014083685817,0.3002267210141699,0.0,0.49471825805770864,0.07345361255953976
2023-05-18,0.1316014083685817,0.3002267210141699,0.0,0.49471825805770864,0.07345361255953976
2023-05-19,0.1316014083685817,0.3002267210141699,0.0,0.49471825805770864,0.07345361255953976
2023-05-22,0.1316014083685817,0.3002267210141699,0.0,0.49471825805770864,0.07345361255953976
2023-05-23,0.1316014083685817,0.3002267210141699,0.0,0.49471825805770864,0.07345361255953976
2023-05-24,0.1316014083685817,0.3002267210141699,0.0,0.49471825805770864,0.07345361255953976
2023-05-25,0.1316014083685817,0.3002267210141699,0.0,0.49471825805770864,0.07345361255953976
2023-05-26,0.1316014083685817,0.3002267210141699,0.0,0.49471825805770864,0.07345361255953976
2023-05-30,0.1316014083685817,0.3002267210141699,0.0,0.49471825805770864,0.07345361255953976
2023-05-31,0.1316014083685817,0.3002267210141699,0.0,0.49471825805770864,0.07345361255953976
2023-06-01,0.1316014083685817,0.3002267210141699,0.0,0.49471825805770864,0.07345361255953976
2023-06-02,0.1316014083685817,0.3002267210141699,0.0,0.49471825805770864,0.07345361255953976
2023-06-05,0.1316014083685817,0.3002267210141699,0.0,0.49471825805770864,0.07345361255953976
2023-06-06,0.1316014083685817,0.3002267210141699,0.0,0.49471825805770864,0.07345361255953976
2023-06-07,0.1316014083685817,0.3002267210141699,0.0,0.49471825805770864,0.07345361255953976
2023-06-09,0.1316014083685817,0.3002267210141699,0.0,0.49471825805770864,0.07345361255953976
2023-06-12,0.07321523752951395,0.36201804520270714,0.0,0.45640398585025255,0.10836273141752648
2023-06-13,0.07321523752951395,0.36201804520270714,0.0,0.45640398585025255,0.10836273141752648
2023-06-14,0.07321523752951395,0.36201804520270714,0.0,0.45640398585025255,0.10836273141752648
2023-06-15,0.07321523752951395,0.36201804520270714,0.0,0.45640398585025255,0.10836273141752648
2023-06-16,0.07321523752951395,0.36201804520270714,0.0,0.45640398585025255,0.10836273141752648
2023-06-20,0.07321523752951395,0.36201804520270714,0.0,0.45640398585025255,0.10836273141752648
2023-06-21,0.07321523752951395,0.36201804520270714,0.0,0.45640398585025255,0.10836273141752648
2023-06-22,0.07321523752951395,0.36201804520270714,0.0,0.45640398585025255,0.10836273141752648
2023-06-23,0.07321523752951395,0.36201804520270714,0.0,0.45640398585025255,0.10836273141752648
2023-06-26,0.07321523752951395,0.36201804520270714,0.0,0.45640398585025255,0.10836273141752648
2023-06-27,0.07321523752951395,0.36201804520270714,0.0,0.45640398585025255,0.10836273141752648
2023-06-28,0.07321523752951395,0.36201804520270714,0.0,0.45640398585025255,0.10836273141752648
2023-06-29,0.07321523752951395,0.36201804520270714,0.0,0.45640398585025255,0.10836273141752648
2023-06-30,0.07321523752951395,0.36201804520270714,0.0,0.45640398585025255,0.10836273141752648
2023-07-03,0.07321523752951395,0.36201804520270714,0.0,0.45640398585025255,0.10836273141752648
2023-07-05,0.07321523752951395,0.36201804520270714,0.0,0.45640398585025255,0.10836273141752648
2023-07-06,0.07321523752951395,0.36201804520270714,0.0,0.45640398585025255,0.10836273141752648
2023-07-07,0.07321523752951395,0.36201804520270714,0.0,0.45640398585025255,0.10836273141752648
2023-07-10,0.07321523752951395,0.36201804520270714,0.0,0.45640398585025255,0.10836273141752648
2023-07-11,0.07321523752951395,0.36201804520270714,0.0,0.45640398585025255,0.10836273141752648
2023-07-12,0.07321523752951395,0.36201804520270714,0.0,0.45640398585025255,0.10836273141752648
2023-07-13,0.1837807068183059,0.2479591372825678,4.95752711852405e-17,0.42280067392029,0.1454594819788362
2023-07-14,0.1837807068183059,0.2479591372825678,4.95752711852405e-17,0.42280067392029,0.1454594819788362
2023-07-17,0.1837807068183059,0.2479591372825678,4.95752711852405e-17,0.42280067392029,0.1454594819788362
2023-07-18,0.1837807068183059,0.2479591372825678,4.95752711852405e-17,0.42280067392029,0.1454594819788362
2023-07-19,0.1837807068183059,0.2479591372825678,4.95752711852405e-17,0.42280067392029,0.1454594819788362
2023-07-20,0.1837807068183059,0.2479591372825678,4.95752711852405e-17,0.42280067392029,0.1454594819788362
2023-07-21,0.1837807068183059,0.2479591372825678,4.95752711852405e-17,0.42280067392029,0.1454594819788362
2023-07-24,0.1837807068183059,0.2479591372825678,4.95752711852405e-17,0.42280067392029,0.1454594819788362
2023-07-25,0.1837807068183059,0.2479591372825678,4.95752711852405e-17,0.42280067392029,0.1454594819788362
2023-07-26,0.1837807068183059,0.2479591372825678,4.95752711852405e-17,0.42280067392029,0.1454594819788362
2023-07-27,0.1837807068183059,0.2479591372825678,4.95752711852405e-17,0.42280067392029,0.1454594819788362
2023-07-28,0.1837807068183059,0.2479591372825678,4.95752711852405e-17,0.42280067392029,0.1454594819788362
2023-07-31,0.1837807068183059,0.2479591372825678,4.95752711852405e-17,0.42280067392029,0.1454594819788362
2023-08-01,0.1837807068183059,0.2479591372825678,4.95752711852405e-17,0.42280067392029,0.1454594819788362
2023-08-02,0.1837807068183059,0.2479591372825678,4.95752711852405e-17,0.42280067392029,0.1454594819788362
2023-08-03,0.1837807068183059,0.2479591372825678,4.95752711852405e-17,0.42280067392029,0.1454594819788362
2023-08-04,0.1837807068183059,0.2479591372825678,4.95752711852405e-17,0.42280067392029,0.1454594819788362
2023-08-07,0.1837807068183059,0.2479591372825678,4.95752711852405e-17,0.42280067392029,0.1454594819788362
2023-08-08,0.1837807068183059,0.2479591372825678,4.95752711852405e-17,0.42280067392029,0.1454594819788362
2023-08-09,0.1837807068183059,0.2479591372825678,4.95752711852405e-17,0.42280067392029,0.1454594819788362
2023-08-10,0.1837807068183059,0.2479591372825678,4.95752711852405e-17,0.42280067392029,0.1454594819788362
2023-08-11,0.20212943692155116,0.2263276900252186,0.0,0.4224408123033024,0.14910206074992777
2023-08-14,0.20212943692155116,0.2263276900252186,0.0,0.4224408123033024,0.14910206074992777
2023-08-15,0.20212943692155116,0.2263276900252186,0.0,0.4224408123033024,0.14910206074992777
2023-08-16,0.20212943692155116,0.2263276900252186,0.0,0.4224408123033024,0.14910206074992777
2023-08-17,0.20212943692155116,0.2263276900252186,0.0,0.4224408123033024,0.14910206074992777
2023-08-18,0.20212943692155116,0.2263276900252186,0.0,0.4224408123033024,0.14910206074992777
2023-08-21,0.20212943692155116,0.2263276900252186,0.0,0.4224408123033024,0.14910206074992777
2023-08-22,0.20212943692155116,0.2263276900252186,0.0,0.4224408123033024,0.14910206074992777
2023-08-23,0.20212943692155116,0.2263276900252186,0.0,0.4224408123033024,0.14910206074992777
2023-08-24,0.20212943692155116,0.2263276900252186,0.0,0.4224408123033024,0.14910206074992777
2023-08-25,0.20212943692155116,0.2263276900252186,0.0,0.4224408123033024,0.14910206074992777
2023-08-28,0.20212943692155116,0.2263276900252186,0.0,0.4224408123033024,0.14910206074992777
2023-08-29,0.20212943692155116,0.2263276900252186,0.0,0.4224408123033024,0.14910206074992777
2023-08-30,0.20212943692155116,0.2263276900252186,0.0,0.4224408123033024,0.14910206074992777
2023-08-31,0.20212943692155116,0.2263276900252186,0.0,0.4224408123033024,0.14910206074992777
2023-09-01,0.20212943692155116,0.2263276900252186,0.0,0.4224408123033024,0.14910206074992777
2023-09-05,0.20212943692155116,0.2263276900252186,0.0,0.4224408123033024,0.14910206074992777
2023-09-06,0.20212943692155116,0.2263276900252186,0.0,0.4224408123033024,0.14910206074992777
2023-09-08,0.20212943692155116,0.2263276900252186,0.0,0.4224408123033024,0.14910206074992777
2023-09-11,0.20212943692155116,0.2263276900252186,0.0,0.4224408123033024,0.14910206074992777
2023-09-12,0.20212943692155116,0.2263276900252186,0.0,0.4224408123033024,0.14910206074992777
2023-09-13,0.07405160392779038,0.35340329658748215,2.0898938193225213e-17,0.42127374564559866,0.15127135383912874
2023-09-14,0.07405160392779038,0.35340329658748215,2.0898938193225213e-17,0.42127374564559866,0.15127135383912874
2023-09-15,0.07405160392779038,0.35340329658748215,2.0898938193225213e-17,0.42127374564559866,0.15127135383912874
2023-09-18,0.07405160392779038,0.35340329658748215,2.0898938193225213e-17,0.42127374564559866,0.15127135383912874
2023-09-19,0.07405160392779038,0.35340329658748215,2.0898938193225213e-17,0.42127374564559866,0.15127135383912874
2023-09-20,0.07405160392779038,0.35340329658748215,2.0898938193225213e-17,0.42127374564559866,0.15127135383912874
2023-09-21,0.07405160392779038,0.35340329658748215,2.0898938193225213e-17,0.42127374564559866,0.15127135383912874
2023-09-22,0.07405160392779038,0.35340329658748215,2.0898938193225213e-17,0.42127374564559866,0.15127135383912874
2023-09-25,0.07405160392779038,0.35340329658748215,2.0898938193225213e-17,0.42127374564559866,0.15127135383912874
2023-09-26,0.07405160392779038,0.35340329658748215,2.0898938193225213e-17,0.42127374564559866,0.15127135383912874
2023-09-27,0.07405160392779038,0.35340329658748215,2.0898938193225213e-17,0.42127374564559866,0.15127135383912874
2023-09-28,0.07405160392779038,0.35340329658748215,2.0898938193225213e-17,0.42127374564559866,0.15127135383912874
2023-09-29,0.07405160392779038,0.35340329658748215,2.0898938193225213e-17,0.42127374564559866,0.15127135383912874
2023-10-02,0.07405160392779038,0.35340329658748215,2.0898938193225213e-17,0.42127374564559866,0.15127135383912874
2023-10-03,0.07405160392779038,0.35340329658748215,2.0898938193225213e-17,0.42127374564559866,0.15127135383912874
2023-10-04,0.07405160392779038,0.35340329658748215,2.0898938193225213e-17,0.42127374564559866,0.15127135383912874
2023-10-05,0.07405160392779038,0.35340329658748215,2.0898938193225213e-17,0.42127374564559866,0.15127135383912874
2023-10-06,0.07405160392779038,0.35340329658748215,2.0898938193225213e-17,0.42127374564559866,0.15127135383912874
2023-10-09,0.07405160392779038,0.35340329658748215,2.0898938193225213e-17,0.42127374564559866,0.15127135383912874
2023-10-10,0.07405160392779038,0.35340329658748215,2.0898938193225213e-17,0.42127374564559866,0.15127135383912874
2023-10-11,0.07405160392779038,0.35340329658748215,2.0898938193225213e-17,0.42127374564559866,0.15127135383912874
2023-10-13,0.20562622969917643,0.2235312081323518,0.0,0.3985514572073275,0.17229110496114422
2023-10-16,0.20562622969917643,0.2235312081323518,0.0,0.3985514572073275,0.17229110496114422
2023-10-17,0.20562622969917643,0.2235312081323518,0.0,0.3985514572073275,0.17229110496114422
2023-10-18,0.20562622969917643,0.2235312081323518,0.0,0.3985514572073275,0.17229110496114422
2023-10-19,0.20562622969917643,0.2235312081323518,0.0,0.3985514572073275,0.17229110496114422
2023-10-20,0.20562622969917643,0.2235312081323518,0.0,0.3985514572073275,0.17229110496114422
2023-10-23,0.20562622969917643,0.2235312081323518,0.0,0.3985514572073275,0.17229110496114422
2023-10-24,0.20562622969917643,0.2235312081323518,0.0,0.3985514572073275,0.17229110496114422
2023-10-25,0.20562622969917643,0.2235312081323518,0.0,0.3985514572073275,0.17229110496114422
2023-10-26,0.20562622969917643,0.2235312081323518,0.0,0.3985514572073275,0.17229110496114422
2023-10-27,0.20562622969917643,0.2235312081323518,0.0,0.3985514572073275,0.17229110496114422
2023-10-30,0.20562622969917643,0.2235312081323518,0.0,0.3985514572073275,0.17229110496114422
2023-10-31,0.20562622969917643,0.2235312081323518,0.0,0.3985514572073275,0.17229110496114422
2023-11-01,0.20562622969917643,0.2235312081323518,0.0,0.3985514572073275,0.17229110496114422
2023-11-03,0.20562622969917643,0.2235312081323518,0.0,0.3985514572073275,0.17229110496114422
2023-11-06,0.20562622969917643,0.2235312081323518,0.0,0.3985514572073275,0.17229110496114422
2023-11-07,0.20562622969917643,0.2235312081323518,0.0,0.3985514572073275,0.17229110496114422
2023-11-08,0.20562622969917643,0.2235312081323518,0.0,0.3985514572073275,0.17229110496114422
2023-11-09,0.20562622969917643,0.2235312081323518,0.0,0.3985514572073275,0.17229110496114422
2023-11-10,0.20562622969917643,0.2235312081323518,0.0,0.3985514572073275,0.17229110496114422
2023-11-13,0.20562622969917643,0.2235312081323518,0.0,0.3985514572073275,0.17229110496114422
2023-11-14,0.21433943111578563,0.2228935627223369,0.0,0.37722662471096,0.18554038145091747
2023-11-16,0.21433943111578563,0.2228935627223369,0.0,0.37722662471096,0.18554038145091747
2023-11-17,0.21433943111578563,0.2228935627223369,0.0,0.37722662471096,0.18554038145091747
2023-11-20,0.21433943111578563,0.2228935627223369,0.0,0.37722662471096,0.18554038145091747
2023-11-21,0.21433943111578563,0.2228935627223369,0.0,0.37722662471096,0.18554038145091747
2023-11-22,0.21433943111578563,0.2228935627223369,0.0,0.37722662471096,0.18554038145091747
2023-11-24,0.21433943111578563,0.2228935627223369,0.0,0.37722662471096,0.18554038145091747
2023-11-27,0.21433943111578563,0.2228935627223369,0.0,0.37722662471096,0.18554038145091747
2023-11-28,0.21433943111578563,0.2228935627223369,0.0,0.37722662471096,0.18554038145091747
2023-11-29,0.21433943111578563,0.2228935627223369,0.0,0.37722662471096,0.18554038145091747
2023-11-30,0.21433943111578563,0.2228935627223369,0.0,0.37722662471096,0.18554038145091747
2023-12-01,0.21433943111578563,0.2228935627223369,0.0,0.37722662471096,0.18554038145091747
2023-12-04,0.21433943111578563,0.2228935627223369,0.0,0.37722662471096,0.18554038145091747
2023-12-05,0.21433943111578563,0.2228935627223369,0.0,0.37722662471096,0.18554038145091747
2023-12-06,0.21433943111578563,0.2228935627223369,0.0,0.37722662471096,0.18554038145091747
2023-12-07,0.21433943111578563,0.2228935627223369,0.0,0.37722662471096,0.18554038145091747
2023-12-08,0.21433943111578563,0.2228935627223369,0.0,0.37722662471096,0.18554038145091747
2023-12-11,0.21433943111578563,0.2228935627223369,0.0,0.37722662471096,0.18554038145091747
2023-12-12,0.21433943111578563,0.2228935627223369,0.0,0.37722662471096,0.18554038145091747
2023-12-13,0.21433943111578563,0.2228935627223369,0.0,0.37722662471096,0.18554038145091747
2023-12-14,0.21433943111578563,0.2228935627223369,0.0,0.37722662471096,0.18554038145091747
2023-12-15,0.16414730113013887,0.1934342949888283,3.69095547294216e-18,0.36873767191603546,0.27368073196499737
2023-12-18,0.16414730113013887,0.1934342949888283,3.69095547294216e-18,0.36873767191603546,0.27368073196499737
2023-12-19,0.16414730113013887,0.1934342949888283,3.69095547294216e-18,0.36873767191603546,0.27368073196499737
2023-12-20,0.16414730113013887,0.1934342949888283,3.69095547294216e-18,0.36873767191603546,0.27368073196499737
2023-12-21,0.16414730113013887,0.1934342949888283,3.69095547294216e-18,0.36873767191603546,0.27368073196499737
2023-12-22,0.16414730113013887,0.1934342949888283,3.69095547294216e-18,0.36873767191603546,0.27368073196499737
2023-12-26,0.16414730113013887,0.1934342949888283,3.69095547294216e-18,0.36873767191603546,0.27368073196499737
2023-12-27,0.16414730113013887,0.1934342949888283,3.69095547294216e-18,0.36873767191603546,0.27368073196499737
2023-12-28,0.16414730113013887,0.1934342949888283,3.69095547294216e-18,0.36873767191603546,0.27368073196499737
2024-01-02,0.16414730113013887,0.1934342949888283,3.69095547294216e-18,0.36873767191603546,0.27368073196499737
2024-01-03,0.16414730113013887,0.1934342949888283,3.69095547294216e-18,0.36873767191603546,0.27368073196499737
2024-01-04,0.16414730113013887,0.1934342949888283,3.69095547294216e-18,0.36873767191603546,0.27368073196499737
2024-01-05,0.16414730113013887,0.1934342949888283,3.69095547294216e-18,0.36873767191603546,0.27368073196499737
2024-01-08,0.16414730113013887,0.1934342949888283,3.69095547294216e-18,0.36873767191603546,0.27368073196499737
2024-01-09,0.16414730113013887,0.1934342949888283,3.69095547294216e-18,0.36873767191603546,0.27368073196499737
2024-01-10,0.16414730113013887,0.1934342949888283,3.69095547294216e-18,0.36873767191603546,0.27368073196499737
2024-01-11,0.16414730113013887,0.1934342949888283,3.69095547294216e-18,0.36873767191603546,0.27368073196499737
2024-01-12,0.16414730113013887,0.1934342949888283,3.69095547294216e-18,0.36873767191603546,0.27368073196499737
2024-01-16,0.16414730113013887,0.1934342949888283,3.69095547294216e-18,0.36873767191603546,0.27368073196499737
2024-01-17,0.16414730113013887,0.1934342949888283,3.69095547294216e-18,0.36873767191603546,0.27368073196499737
2024-01-18,0.16414730113013887,0.1934342949888283,3.69095547294216e-18,0.36873767191603546,0.27368073196499737
2024-01-19,0.17810325920902073,0.18032645038474324,4.520240803907775e-17,0.34786939663073574,0.29370089377550035
2024-01-22,0.17810325920902073,0.18032645038474324,4.520240803907775e-17,0.34786939663073574,0.29370089377550035
2024-01-23,0.17810325920902073,0.18032645038474324,4.520240803907775e-17,0.34786939663073574,0.29370089377550035
2024-01-24,0.17810325920902073,0.18032645038474324,4.520240803907775e-17,0.34786939663073574,0.29370089377550035
2024-01-25,0.17810325920902073,0.18032645038474324,4.520240803907775e-17,0.34786939663073574,0.29370089377550035
2024-01-26,0.17810325920902073,0.18032645038474324,4.520240803907775e-17,0.34786939663073574,0.29370089377550035
2024-01-29,0.17810325920902073,0.18032645038474324,4.520240803907775e-17,0.34786939663073574,0.29370089377550035
2024-01-30,0.17810325920902073,0.18032645038474324,4.520240803907775e-17,0.34786939663073574,0.29370089377550035
2024-01-31,0.17810325920902073,0.18032645038474324,4.520240803907775e-17,0.34786939663073574,0.29370089377550035
2024-02-01,0.17810325920902073,0.18032645038474324,4.520240803907775e-17,0.34786939663073574,0.29370089377550035
2024-02-02,0.17810325920902073,0.18032645038474324,4.520240803907775e-17,0.34786939663073574,0.29370089377550035
2024-02-05,0.17810325920902073,0.18032645038474324,4.520240803907775e-17,0.34786939663073574,0.29370089377550035
2024-02-06,0.17810325920902073,0.18032645038474324,4.520240803907775e-17,0.34786939663073574,0.29370089377550035
2024-02-07,0.17810325920902073,0.18032645038474324,4.520240803907775e-17,0.34786939663073574,0.29370089377550035
2024-02-08,0.17810325920902073,0.18032645038474324,4.520240803907775e-17,0.34786939663073574,0.29370089377550035
2024-02-09,0.17810325920902073,0.18032645038474324,4.520240803907775e-17,0.34786939663073574,0.29370089377550035
2024-02-14,0.17810325920902073,0.18032645038474324,4.520240803907775e-17,0.34786939663073574,0.29370089377550035
2024-02-15,0.17810325920902073,0.18032645038474324,4.520240803907775e-17,0.34786939663073574,0.29370089377550035
2024-02-16,0.17810325920902073,0.18032645038474324,4.520240803907775e-17,0.34786939663073574,0.29370089377550035
2024-02-20,0.17810325920902073,0.18032645038474324,4.520240803907775e-17,0.34786939663073574,0.29370089377550035
2024-02-21,0.17810325920902073,0.18032645038474324,4.520240803907775e-17,0.34786939663073574,0.29370089377550035
2024-02-22,0.12243968571985972,0.22673432834926296,8.192167137435687e-17,0.39005912856857855,0.2607668573622989
2024-02-23,0.12243968571985972,0.22673432834926296,8.192167137435687e-17,0.39005912856857855,0.2607668573622989
2024-02-26,0.12243968571985972,0.22673432834926296,8.192167137435687e-17,0.39005912856857855,0.2607668573622989
2024-02-27,0.12243968571985972,0.22673432834926296,8.192167137435687e-17,0.39005912856857855,0.2607668573622989
2024-02-28,0.12243968571985972,0.22673432834926296,8.192167137435687e-17,0.39005912856857855,0.2607668573622989
2024-02-29,0.12243968571985972,0.22673432834926296,8.192167137435687e-17,0.39005912856857855,0.2607668573622989
2024-03-01,0.12243968571985972,0.22673432834926296,8.192167137435687e-17,0.39005912856857855,0.2607668573622989
2024-03-04,0.12243968571985972,0.22673432834926296,8.192167137435687e-17,0.39005912856857855,0.2607668573622989
2024-03-05,0.12243968571985972,0.22673432834926296,8.192167137435687e-17,0.39005912856857855,0.2607668573622989
2024-03-06,0.12243968571985972,0.22673432834926296,8.192167137435687e-17,0.39005912856857855,0.2607668573622989
2024-03-07,0.12243968571985972,0.22673432834926296,8.192167137435687e-17,0.39005912856857855,0.2607668573622989
2024-03-08,0.12243968571985972,0.22673432834926296,8.192167137435687e-17,0.39005912856857855,0.2607668573622989
2024-03-11,0.12243968571985972,0.22673432834926296,8.192167137435687e-17,0.39005912856857855,0.2607668573622989
2024-03-12,0.12243968571985972,0.22673432834926296,8.192167137435687e-17,0.39005912856857855,0.2607668573622989
2024-03-13,0.12243968571985972,0.22673432834926296,8.192167137435687e-17,0.39005912856857855,0.2607668573622989
2024-03-14,0.12243968571985972,0.22673432834926296,8.192167137435687e-17,0.39005912856857855,0.2607668573622989
2024-03-15,0.12243968571985972,0.22673432834926296,8.192167137435687e-17,0.39005912856857855,0.2607668573622989
2024-03-18,0.12243968571985972,0.22673432834926296,8.192167137435687e-17,0.39005912856857855,0.2607668573622989
2024-03-19,0.12243968571985972,0.22673432834926296,8.192167137435687e-17,0.39005912856857855,0.2607668573622989
2024-03-20,0.12243968571985972,0.22673432834926296,8.192167137435687e-17,0.39005912856857855,0.2607668573622989
2024-03-21,0.12243968571985972,0.22673432834926296,8.192167137435687e-17,0.39005912856857855,0.2607668573622989
2024-03-22,0.10551767648294579,0.24434163297457717,0.0,0.3767983569211865,0.2733423336212906
2024-03-25,0.10551767648294579,0.24434163297457717,0.0,0.3767983569211865,0.2733423336212906
2024-03-26,0.10551767648294579,0.24434163297457717,0.0,0.3767983569211865,0.2733423336212906
2024-03-27,0.10551767648294579,0.24434163297457717,0.0,0.3767983569211865,0.2733423336212906
2024-03-28,0.10551767648294579,0.24434163297457717,0.0,0.3767983569211865,0.2733423336212906
2024-04-01,0.10551767648294579,0.24434163297457717,0.0,0.3767983569211865,0.2733423336212906
2024-04-02,0.10551767648294579,0.24434163297457717,0.0,0.3767983569211865,0.2733423336212906
2024-04-03,0.10551767648294579,0.24434163297457717,0.0,0.3767983569211865,0.2733423336212906
2024-04-04,0.10551767648294579,0.24434163297457717,0.0,0.3767983569211865,0.2733423336212906
2024-04-05,0.10551767648294579,0.24434163297457717,0.0,0.3767983569211865,0.2733423336212906
2024-04-08,0.10551767648294579,0.24434163297457717,0.0,0.3767983569211865,0.2733423336212906
2024-04-09,0.10551767648294579,0.24434163297457717,0.0,0.3767983569211865,0.2733423336212906
2024-04-10,0.10551767648294579,0.24434163297457717,0.0,0.3767983569211865,0.2733423336212906
2024-04-11,0.10551767648294579,0.24434163297457717,0.0,0.3767983569211865,0.2733423336212906
2024-04-12,0.10551767648294579,0.24434163297457717,0.0,0.3767983569211865,0.2733423336212906
2024-04-15,0.10551767648294579,0.24434163297457717,0.0,0.3767983569211865,0.2733423336212906
2024-04-16,0.10551767648294579,0.24434163297457717,0.0,0.3767983569211865,0.2733423336212906
2024-04-17,0.10551767648294579,0.24434163297457717,0.0,0.3767983569211865,0.2733423336212906
2024-04-18,0.10551767648294579,0.24434163297457717,0.0,0.3767983569211865,0.2733423336212906
2024-04-19,0.10551767648294579,0.24434163297457717,0.0,0.3767983569211865,0.2733423336212906
2024-04-22,0.10551767648294579,0.24434163297457717,0.0,0.3767983569211865,0.2733423336212906
2024-04-23,0.11431992282064998,0.2554073896309786,1.214306433183765e-17,0.37650977380777967,0.25376291374059173
2024-04-24,0.11431992282064998,0.2554073896309786,1.214306433183765e-17,0.37650977380777967,0.25376291374059173
2024-04-25,0.11431992282064998,0.2554073896309786,1.214306433183765e-17,0.37650977380777967,0.25376291374059173
2024-04-26,0.11431992282064998,0.2554073896309786,1.214306433183765e-17,0.37650977380777967,0.25376291374059173
2024-04-29,0.11431992282064998,0.2554073896309786,1.214306433183765e-17,0.37650977380777967,0.25376291374059173
2024-04-30,0.11431992282064998,0.2554073896309786,1.214306433183765e-17,0.37650977380777967,0.25376291374059173
2024-05-02,0.11431992282064998,0.2554073896309786,1.214306433183765e-17,0.37650977380777967,0.25376291374059173
2024-05-03,0.11431992282064998,0.2554073896309786,1.214306433183765e-17,0.37650977380777967,0.25376291374059173
2024-05-06,0.11431992282064998,0.2554073896309786,1.214306433183765e-17,0.37650977380777967,0.25376291374059173
2024-05-07,0.11431992282064998,0.2554073896309786,1.214306433183765e-17,0.37650977380777967,0.25376291374059173
2024-05-08,0.11431992282064998,0.2554073896309786,1.214306433183765e-17,0.37650977380777967,0.25376291374059173
2024-05-09,0.11431992282064998,0.2554073896309786,1.214306433183765e-17,0.37650977380777967,0.25376291374059173
2024-05-10,0.11431992282064998,0.2554073896309786,1.214306433183765e-17,0.37650977380777967,0.25376291374059173
2024-05-13,0.11431992282064998,0.2554073896309786,1.214306433183765e-17,0.37650977380777967,0.25376291374059173
2024-05-14,0.11431992282064998,0.2554073896309786,1.214306433183765e-17,0.37650977380777967,0.25376291374059173
2024-05-15,0.11431992282064998,0.2554073896309786,1.214306433183765e-17,0.37650977380777967,0.25376291374059173
2024-05-16,0.11431992282064998,0.2554073896309786,1.214306433183765e-17,0.37650977380777967,0.25376291374059173
2024-05-17,0.11431992282064998,0.2554073896309786,1.214306433183765e-17,0.37650977380777967,0.25376291374059173
2024-05-20,0.11431992282064998,0.2554073896309786,1.214306433183765e-17,0.37650977380777967,0.25376291374059173
2024-05-21,0.11431992282064998,0.2554073896309786,1.214306433183765e-17,0.37650977380777967,0.25376291374059173
2024-05-22,0.11431992282064998,0.2554073896309786,1.214306433183765e-17,0.37650977380777967,0.25376291374059173
2024-05-23,0.20109904939617648,0.20294171812071013,7.514362258576815e-17,0.3203442105587183,0.27561502192439497
2024-05-24,0.20109904939617648,0.20294171812071013,7.514362258576815e-17,0.3203442105587183,0.27561502192439497
2024-05-28,0.20109904939617648,0.20294171812071013,7.514362258576815e-17,0.3203442105587183,0.27561502192439497
2024-05-29,0.20109904939617648,0.20294171812071013,7.514362258576815e-17,0.3203442105587183,0.27561502192439497
2024-05-31,0.20109904939617648,0.20294171812071013,7.514362258576815e-17,0.3203442105587183,0.27561502192439497
2024-06-03,0.20109904939617648,0.20294171812071013,7.514362258576815e-17,0.3203442105587183,0.27561502192439497
2024-06-04,0.20109904939617648,0.20294171812071013,7.514362258576815e-17,0.3203442105587183,0.27561502192439497
2024-06-05,0.20109904939617648,0.20294171812071013,7.514362258576815e-17,0.3203442105587183,0.27561502192439497
2024-06-06,0.20109904939617648,0.20294171812071013,7.514362258576815e-17,0.3203442105587183,0.27561502192439497
2024-06-07,0.20109904939617648,0.20294171812071013,7.514362258576815e-17,0.3203442105587183,0.27561502192439497
2024-06-10,0.20109904939617648,0.20294171812071013,7.514362258576815e-17,0.3203442105587183,0.27561502192439497
2024-06-11,0.20109904939617648,0.20294171812071013,7.514362258576815e-17,0.3203442105587183,0.27561502192439497
2024-06-12,0.20109904939617648,0.20294171812071013,7.514362258576815e-17,0.3203442105587183,0.27561502192439497
2024-06-13,0.20109904939617648,0.20294171812071013,7.514362258576815e-17,0.3203442105587183,0.27561502192439497
2024-06-14,0.20109904939617648,0.20294171812071013,7.514362258576815e-17,0.3203442105587183,0.27561502192439497
2024-06-17,0.20109904939617648,0.20294171812071013,7.514362258576815e-17,0.3203442105587183,0.27561502192439497
2024-06-18,0.20109904939617648,0.20294171812071013,7.514362258576815e-17,0.3203442105587183,0.27561502192439497
2024-06-20,0.20109904939617648,0.20294171812071013,7.514362258576815e-17,0.3203442105587183,0.27561502192439497
2024-06-21,0.20109904939617648,0.20294171812071013,7.514362258576815e-17,0.3203442105587183,0.27561502192439497
2024-06-24,0.20109904939617648,0.20294171812071013,7.514362258576815e-17,0.3203442105587183,0.27561502192439497
2024-06-25,0.20109904939617648,0.20294171812071013,7.514362258576815e-17,0.3203442105587183,0.27561502192439497
2024-06-26,0.20378995630937471,0.20841627542130664,0.0,0.29308861859457386,0.29470514967474487
2024-06-27,0.20378995630937471,0.20841627542130664,0.0,0.29308861859457386,0.29470514967474487
2024-06-28,0.20378995630937471,0.20841627542130664,0.0,0.29308861859457386,0.29470514967474487
2024-07-01,0.20378995630937471,0.20841627542130664,0.0,0.29308861859457386,0.29470514967474487
2024-07-02,0.20378995630937471,0.20841627542130664,0.0,0.29308861859457386,0.29470514967474487
2024-07-03,0.20378995630937471,0.20841627542130664,0.0,0.29308861859457386,0.29470514967474487
2024-07-05,0.20378995630937471,0.20841627542130664,0.0,0.29308861859457386,0.29470514967474487
2024-07-08,0.20378995630937471,0.20841627542130664,0.0,0.29308861859457386,0.29470514967474487
2024-07-09,0.20378995630937471,0.20841627542130664,0.0,0.29308861859457386,0.29470514967474487
2024-07-10,0.20378995630937471,0.20841627542130664,0.0,0.29308861859457386,0.29470514967474487
2024-07-11,0.20378995630937471,0.20841627542130664,0.0,0.29308861859457386,0.29470514967474487
2024-07-12,0.20378995630937471,0.20841627542130664,0.0,0.29308861859457386,0.29470514967474487
2024-07-15,0.20378995630937471,0.20841627542130664,0.0,0.29308861859457386,0.29470514967474487
2024-07-16,0.20378995630937471,0.20841627542130664,0.0,0.29308861859457386,0.29470514967474487
2024-07-17,0.20378995630937471,0.20841627542130664,0.0,0.29308861859457386,0.29470514967474487
2024-07-18,0.20378995630937471,0.20841627542130664,0.0,0.29308861859457386,0.29470514967474487
2024-07-19,0.20378995630937471,0.20841627542130664,0.0,0.29308861859457386,0.29470514967474487
2024-07-22,0.20378995630937471,0.20841627542130664,0.0,0.29308861859457386,0.29470514967474487
2024-07-23,0.20378995630937471,0.20841627542130664,0.0,0.29308861859457386,0.29470514967474487
2024-07-24,0.20378995630937471,0.20841627542130664,0.0,0.29308861859457386,0.29470514967474487
2024-07-25,0.20378995630937471,0.20841627542130664,0.0,0.29308861859457386,0.29470514967474487
2024-07-26,0.12842735339520595,0.3009167895044634,0.0,0.25793108206005033,0.31272477504028046
2024-07-29,0.12842735339520595,0.3009167895044634,0.0,0.25793108206005033,0.31272477504028046
2024-07-30,0.12842735339520595,0.3009167895044634,0.0,0.25793108206005033,0.31272477504028046
2024-07-31,0.12842735339520595,0.3009167895044634,0.0,0.25793108206005033,0.31272477504028046
2024-08-01,0.12842735339520595,0.3009167895044634,0.0,0.25793108206005033,0.31272477504028046
2024-08-02,0.12842735339520595,0.3009167895044634,0.0,0.25793108206005033,0.31272477504028046
2024-08-05,0.12842735339520595,0.3009167895044634,0.0,0.25793108206005033,0.31272477504028046
2024-08-06,0.12842735339520595,0.3009167895044634,0.0,0.25793108206005033,0.31272477504028046
2024-08-07,0.12842735339520595,0.3009167895044634,0.0,0.25793108206005033,0.31272477504028046
2024-08-08,0.12842735339520595,0.3009167895044634,0.0,0.25793108206005033,0.31272477504028046
2024-08-09,0.12842735339520595,0.3009167895044634,0.0,0.25793108206005033,0.31272477504028046
2024-08-12,0.12842735339520595,0.3009167895044634,0.0,0.25793108206005033,0.31272477504028046
2024-08-13,0.12842735339520595,0.3009167895044634,0.0,0.25793108206005033,0.31272477504028046
2024-08-14,0.12842735339520595,0.3009167895044634,0.0,0.25793108206005033,0.31272477504028046
2024-08-15,0.12842735339520595,0.3009167895044634,0.0,0.25793108206005033,0.31272477504028046
2024-08-16,0.12842735339520595,0.3009167895044634,0.0,0.25793108206005033,0.31272477504028046
2024-08-19,0.12842735339520595,0.3009167895044634,0.0,0.25793108206005033,0.31272477504028046
2024-08-20,0.12842735339520595,0.3009167895044634,0.0,0.25793108206005033,0.31272477504028046
2024-08-21,0.12842735339520595,0.3009167895044634,0.0,0.25793108206005033,0.31272477504028046
2024-08-22,0.12842735339520595,0.3009167895044634,0.0,0.25793108206005033,0.31272477504028046
2024-08-23,0.12842735339520595,0.3009167895044634,0.0,0.25793108206005033,0.31272477504028046
2024-08-26,0.23049620427196618,0.23272525187885743,2.7669258768207686e-17,0.2727949715034719,0.2639835723457044
2024-08-27,0.23049620427196618,0.23272525187885743,2.7669258768207686e-17,0.2727949715034719,0.2639835723457044
2024-08-28,0.23049620427196618,0.23272525187885743,2.7669258768207686e-17,0.2727949715034719,0.2639835723457044
2024-08-29,0.23049620427196618,0.23272525187885743,2.7669258768207686e-17,0.2727949715034719,0.2639835723457044
2024-08-30,0.23049620427196618,0.23272525187885743,2.7669258768207686e-17,0.2727949715034719,0.2639835723457044
2024-09-03,0.23049620427196618,0.23272525187885743,2.7669258768207686e-17,0.2727949715034719,0.2639835723457044
2024-09-04,0.23049620427196618,0.23272525187885743,2.7669258768207686e-17,0.2727949715034719,0.2639835723457044
2024-09-05,0.23049620427196618,0.23272525187885743,2.7669258768207686e-17,0.2727949715034719,0.2639835723457044
2024-09-06,0.23049620427196618,0.23272525187885743,2.7669258768207686e-17,0.2727949715034719,0.2639835723457044
2024-09-09,0.23049620427196618,0.23272525187885743,2.7669258768207686e-17,0.2727949715034719,0.2639835723457044
2024-09-10,0.23049620427196618,0.23272525187885743,2.7669258768207686e-17,0.2727949715034719,0.2639835723457044
2024-09-11,0.23049620427196618,0.23272525187885743,2.7669258768207686e-17,0.2727949715034719,0.2639835723457044
2024-09-12,0.23049620427196618,0.23272525187885743,2.7669258768207686e-17,0.2727949715034719,0.2639835723457044
2024-09-13,0.23049620427196618,0.23272525187885743,2.7669258768207686e-17,0.2727949715034719,0.2639835723457044
2024-09-16,0.23049620427196618,0.23272525187885743,2.7669258768207686e-17,0.2727949715034719,0.2639835723457044
2024-09-17,0.23049620427196618,0.23272525187885743,2.7669258768207686e-17,0.2727949715034719,0.2639835723457044
2024-09-18,0.23049620427196618,0.23272525187885743,2.7669258768207686e-17,0.2727949715034719,0.2639835723457044
2024-09-19,0.23049620427196618,0.23272525187885743,2.7669258768207686e-17,0.2727949715034719,0.2639835723457044
2024-09-20,0.23049620427196618,0.23272525187885743,2.7669258768207686e-17,0.2727949715034719,0.2639835723457044
2024-09-23,0.23049620427196618,0.23272525187885743,2.7669258768207686e-17,0.2727949715034719,0.2639835723457044
2024-09-24,0.23049620427196618,0.23272525187885743,2.7669258768207686e-17,0.2727949715034719,0.2639835723457044
2024-09-25,0.24751643819792724,0.2508790742573324,2.24618767142883e-18,0.2588667388731593,0.24273774867158107
2024-09-26,0.24751643819792724,0.2508790742573324,2.24618767142883e-18,0.2588667388731593,0.24273774867158107
2024-09-27,0.24751643819792724,0.2508790742573324,2.24618767142883e-18,0.2588667388731593,0.24273774867158107
2024-09-30,0.24751643819792724,0.2508790742573324,2.24618767142883e-18,0.2588667388731593,0.24273774867158107
2024-10-01,0.24751643819792724,0.2508790742573324,2.24618767142883e-18,0.2588667388731593,0.24273774867158107
2024-10-02,0.24751643819792724,0.2508790742573324,2.24618767142883e-18,0.2588667388731593,0.24273774867158107
2024-10-03,0.24751643819792724,0.2508790742573324,2.24618767142883e-18,0.2588667388731593,0.24273774867158107
2024-10-04,0.24751643819792724,0.2508790742573324,2.24618767142883e-18,0.2588667388731593,0.24273774867158107
2024-10-07,0.24751643819792724,0.2508790742573324,2.24618767142883e-18,0.2588667388731593,0.24273774867158107
2024-10-08,0.24751643819792724,0.2508790742573324,2.24618767142883e-18,0.2588667388731593,0.24273774867158107
2024-10-09,0.24751643819792724,0.2508790742573324,2.24618767142883e-18,0.2588667388731593,0.24273774867158107
2024-10-10,0.24751643819792724,0.2508790742573324,2.24618767142883e-18,0.2588667388731593,0.24273774867158107
2024-10-11,0.24751643819792724,0.2508790742573324,2.24618767142883e-18,0.2588667388731593,0.24273774867158107
2024-10-14,0.24751643819792724,0.2508790742573324,2.24618767142883e-18,0.2588667388731593,0.24273774867158107
2024-10-15,0.24751643819792724,0.2508790742573324,2.24618767142883e-18,0.2588667388731593,0.24273774867158107
2024-10-16,0.24751643819792724,0.2508790742573324,2.24618767142883e-18,0.2588667388731593,0.24273774867158107
2024-10-17,0.24751643819792724,0.2508790742573324,2.24618767142883e-18,0.2588667388731593,0.24273774867158107
2024-10-18,0.24751643819792724,0.2508790742573324,2.24618767142883e-18,0.2588667388731593,0.24273774867158107
2024-10-21,0.24751643819792724,0.2508790742573324,2.24618767142883e-18,0.2588667388731593,0.24273774867158107
2024-10-22,0.24751643819792724,0.2508790742573324,2.24618767142883e-18,0.2588667388731593,0.24273774867158107
2024-10-23,0.24751643819792724,0.2508790742573324,2.24618767142883e-18,0.2588667388731593,0.24273774867158107
2024-10-24,0.2042506306479987,0.30132663384649466,0.0,0.24142374718399992,0.2529989883215068
2024-10-25,0.2042506306479987,0.30132663384649466,0.0,0.24142374718399992,0.2529989883215068
2024-10-28,0.2042506306479987,0.30132663384649466,0.0,0.24142374718399992,0.2529989883215068
2024-10-29,0.2042506306479987,0.30132663384649466,0.0,0.24142374718399992,0.2529989883215068
2024-10-30,0.2042506306479987,0.30132663384649466,0.0,0.24142374718399992,0.2529989883215068
2024-10-31,0.2042506306479987,0.30132663384649466,0.0,0.24142374718399992,0.2529989883215068
2024-11-01,0.2042506306479987,0.30132663384649466,0.0,0.24142374718399992,0.2529989883215068
2024-11-04,0.2042506306479987,0.30132663384649466,0.0,0.24142374718399992,0.2529989883215068
2024-11-05,0.2042506306479987,0.30132663384649466,0.0,0.24142374718399992,0.2529989883215068
2024-11-06,0.2042506306479987,0.30132663384649466,0.0,0.24142374718399992,0.2529989883215068
2024-11-07,0.2042506306479987,0.30132663384649466,0.0,0.24142374718399992,0.2529989883215068
2024-11-08,0.2042506306479987,0.30132663384649466,0.0,0.24142374718399992,0.2529989883215068
2024-11-11,0.2042506306479987,0.30132663384649466,0.0,0.24142374718399992,0.2529989883215068
2024-11-12,0.2042506306479987,0.30132663384649466,0.0,0.24142374718399992,0.2529989883215068
2024-11-13,0.2042506306479987,0.30132663384649466,0.0,0.24142374718399992,0.2529989883215068
2024-11-14,0.2042506306479987,0.30132663384649466,0.0,0.24142374718399992,0.2529989883215068
2024-11-18,0.2042506306479987,0.30132663384649466,0.0,0.24142374718399992,0.2529989883215068
2024-11-19,0.2042506306479987,0.30132663384649466,0.0,0.24142374718399992,0.2529989883215068
2024-11-21,0.2042506306479987,0.30132663384649466,0.0,0.24142374718399992,0.2529989883215068
2024-11-22,0.2042506306479987,0.30132663384649466,0.0,0.24142374718399992,0.2529989883215068
2024-11-25,0.2042506306479987,0.30132663384649466,0.0,0.24142374718399992,0.2529989883215068
2024-11-26,0.26319789508394625,0.2662991139451529,0.0,0.1787711763974307,0.2917318145734702
2024-11-27,0.26319789508394625,0.2662991139451529,0.0,0.1787711763974307,0.2917318145734702
2024-11-29,0.26319789508394625,0.2662991139451529,0.0,0.1787711763974307,0.2917318145734702
2024-12-02,0.26319789508394625,0.2662991139451529,0.0,0.1787711763974307,0.2917318145734702
2024-12-03,0.26319789508394625,0.2662991139451529,0.0,0.1787711763974307,0.2917318145734702
2024-12-04,0.26319789508394625,0.2662991139451529,0.0,0.1787711763974307,0.2917318145734702
2024-12-05,0.26319789508394625,0.2662991139451529,0.0,0.1787711763974307,0.2917318145734702
2024-12-06,0.26319789508394625,0.2662991139451529,0.0,0.1787711763974307,0.2917318145734702
2024-12-09,0.26319789508394625,0.2662991139451529,0.0,0.1787711763974307,0.2917318145734702
2024-12-10,0.26319789508394625,0.2662991139451529,0.0,0.1787711763974307,0.2917318145734702
2024-12-11,0.26319789508394625,0.2662991139451529,0.0,0.1787711763974307,0.2917318145734702
2024-12-12,0.26319789508394625,0.2662991139451529,0.0,0.1787711763974307,0.2917318145734702
2024-12-13,0.26319789508394625,0.2662991139451529,0.0,0.1787711763974307,0.2917318145734702
2024-12-16,0.26319789508394625,0.2662991139451529,0.0,0.1787711763974307,0.2917318145734702
2024-12-17,0.26319789508394625,0.2662991139451529,0.0,0.1787711763974307,0.2917318145734702
2024-12-18,0.26319789508394625,0.2662991139451529,0.0,0.1787711763974307,0.2917318145734702
2024-12-19,0.26319789508394625,0.2662991139451529,0.0,0.1787711763974307,0.2917318145734702
2024-12-20,0.26319789508394625,0.2662991139451529,0.0,0.1787711763974307,0.2917318145734702
2024-12-23,0.26319789508394625,0.2662991139451529,0.0,0.1787711763974307,0.2917318145734702
2024-12-26,0.26319789508394625,0.2662991139451529,0.0,0.1787711763974307,0.2917318145734702
2024-12-27,0.26319789508394625,0.2662991139451529,0.0,0.1787711763974307,0.2917318145734702
2024-12-30,0.26727132749558896,0.26572287676571354,0.0,0.1860873011158796,0.28091849462281804
2025-01-02,0.26727132749558896,0.26572287676571354,0.0,0.1860873011158796,0.28091849462281804
2025-01-03,0.26727132749558896,0.26572287676571354,0.0,0.1860873011158796,0.28091849462281804
2025-01-06,0.26727132749558896,0.26572287676571354,0.0,0.1860873011158796,0.28091849462281804
2025-01-07,0.26727132749558896,0.26572287676571354,0.0,0.1860873011158796,0.28091849462281804
2025-01-08,0.26727132749558896,0.26572287676571354,0.0,0.1860873011158796,0.28091849462281804
2025-01-10,0.26727132749558896,0.26572287676571354,0.0,0.1860873011158796,0.28091849462281804
2025-01-13,0.26727132749558896,0.26572287676571354,0.0,0.1860873011158796,0.28091849462281804
2025-01-14,0.26727132749558896,0.26572287676571354,0.0,0.1860873011158796,0.28091849462281804
2025-01-15,0.26727132749558896,0.26572287676571354,0.0,0.1860873011158796,0.28091849462281804
2025-01-16,0.26727132749558896,0.26572287676571354,0.0,0.1860873011158796,0.28091849462281804
2025-01-17,0.26727132749558896,0.26572287676571354,0.0,0.1860873011158796,0.28091849462281804
2025-01-21,0.26727132749558896,0.26572287676571354,0.0,0.1860873011158796,0.28091849462281804
2025-01-22,0.26727132749558896,0.26572287676571354,0.0,0.1860873011158796,0.28091849462281804
2025-01-23,0.26727132749558896,0.26572287676571354,0.0,0.1860873011158796,0.28091849462281804
2025-01-24,0.26727132749558896,0.26572287676571354,0.0,0.1860873011158796,0.28091849462281804
2025-01-27,0.26727132749558896,0.26572287676571354,0.0,0.1860873011158796,0.28091849462281804
2025-01-28,0.26727132749558896,0.26572287676571354,0.0,0.1860873011158796,0.28091849462281804
2025-01-29,0.26727132749558896,0.26572287676571354,0.0,0.1860873011158796,0.28091849462281804
2025-01-30,0.26727132749558896,0.26572287676571354,0.0,0.1860873011158796,0.28091849462281804
2025-01-31,0.26727132749558896,0.26572287676571354,0.0,0.1860873011158796,0.28091849462281804
2025-02-03,0.21769502276894126,0.29734293985030946,0.0,0.17245368653781323,0.31250835084293616
2025-02-04,0.21769502276894126,0.29734293985030946,0.0,0.17245368653781323,0.31250835084293616
2025-02-05,0.21769502276894126,0.29734293985030946,0.0,0.17245368653781323,0.31250835084293616
2025-02-06,0.21769502276894126,0.29734293985030946,0.0,0.17245368653781323,0.31250835084293616
2025-02-07,0.21769502276894126,0.29734293985030946,0.0,0.17245368653781323,0.31250835084293616
2025-02-10,0.21769502276894126,0.29734293985030946,0.0,0.17245368653781323,0.31250835084293616
2025-02-11,0.21769502276894126,0.29734293985030946,0.0,0.17245368653781323,0.31250835084293616
2025-02-12,0.21769502276894126,0.29734293985030946,0.0,0.17245368653781323,0.31250835084293616
2025-02-13,0.21769502276894126,0.29734293985030946,0.0,0.17245368653781323,0.31250835084293616
2025-02-14,0.21769502276894126,0.29734293985030946,0.0,0.17245368653781323,0.31250835084293616
2025-02-18,0.21769502276894126,0.29734293985030946,0.0,0.17245368653781323,0.31250835084293616
2025-02-19,0.21769502276894126,0.29734293985030946,0.0,0.17245368653781323,0.31250835084293616
2025-02-20,0.21769502276894126,0.29734293985030946,0.0,0.17245368653781323,0.31250835084293616
2025-02-21,0.21769502276894126,0.29734293985030946,0.0,0.17245368653781323,0.31250835084293616
2025-02-24,0.21769502276894126,0.29734293985030946,0.0,0.17245368653781323,0.31250835084293616
2025-02-25,0.21769502276894126,0.29734293985030946,0.0,0.17245368653781323,0.31250835084293616
2025-02-26,0.21769502276894126,0.29734293985030946,0.0,0.17245368653781323,0.31250835084293616
2025-02-27,0.21769502276894126,0.29734293985030946,0.0,0.17245368653781323,0.31250835084293616
2025-02-28,0.21769502276894126,0.29734293985030946,0.0,0.17245368653781323,0.31250835084293616
2025-03-05,0.21769502276894126,0.29734293985030946,0.0,0.17245368653781323,0.31250835084293616
2025-03-06,0.21769502276894126,0.29734293985030946,0.0,0.17245368653781323,0.31250835084293616
2025-03-07,0.2625410384775947,0.25615645138494436,0.0,0.2014077779541111,0.27989473218334987
2025-03-10,0.2625410384775947,0.25615645138494436,0.0,0.2014077779541111,0.27989473218334987
2025-03-11,0.2625410384775947,0.25615645138494436,0.0,0.2014077779541111,0.27989473218334987
2025-03-12,0.2625410384775947,0.25615645138494436,0.0,0.2014077779541111,0.27989473218334987
2025-03-13,0.2625410384775947,0.25615645138494436,0.0,0.2014077779541111,0.27989473218334987
2025-03-14,0.2625410384775947,0.25615645138494436,0.0,0.2014077779541111,0.27989473218334987
2025-03-17,0.2625410384775947,0.25615645138494436,0.0,0.2014077779541111,0.27989473218334987
2025-03-18,0.2625410384775947,0.25615645138494436,0.0,0.2014077779541111,0.27989473218334987
2025-03-19,0.2625410384775947,0.25615645138494436,0.0,0.2014077779541111,0.27989473218334987
2025-03-20,0.2625410384775947,0.25615645138494436,0.0,0.2014077779541111,0.27989473218334987
2025-03-21,0.2625410384775947,0.25615645138494436,0.0,0.2014077779541111,0.27989473218334987
2025-03-24,0.2625410384775947,0.25615645138494436,0.0,0.2014077779541111,0.27989473218334987
2025-03-25,0.2625410384775947,0.25615645138494436,0.0,0.2014077779541111,0.27989473218334987
2025-03-26,0.2625410384775947,0.25615645138494436,0.0,0.2014077779541111,0.27989473218334987
2025-03-27,0.2625410384775947,0.25615645138494436,0.0,0.2014077779541111,0.27989473218334987
2025-03-28,0.2625410384775947,0.25615645138494436,0.0,0.2014077779541111,0.27989473218334987
2025-03-31,0.2625410384775947,0.25615645138494436,0.0,0.2014077779541111,0.27989473218334987
2025-04-01,0.2625410384775947,0.25615645138494436,0.0,0.2014077779541111,0.27989473218334987
2025-04-02,0.2625410384775947,0.25615645138494436,0.0,0.2014077779541111,0.27989473218334987
2025-04-03,0.2625410384775947,0.25615645138494436,0.0,0.2014077779541111,0.27989473218334987
2025-04-04,0.2625410384775947,0.25615645138494436,0.0,0.2014077779541111,0.27989473218334987
2025-04-07,0.2640480108707989,0.2632608508445423,5.660833482515232e-17,0.24486148418515338,0.22782965409950537
2025-04-08,0.2640480108707989,0.2632608508445423,5.660833482515232e-17,0.24486148418515338,0.22782965409950537
2025-04-09,0.2640480108707989,0.2632608508445423,5.660833482515232e-17,0.24486148418515338,0.22782965409950537
2025-04-10,0.2640480108707989,0.2632608508445423,5.660833482515232e-17,0.24486148418515338,0.22782965409950537
2025-04-11,0.2640480108707989,0.2632608508445423,5.660833482515232e-17,0.24486148418515338,0.22782965409950537
2025-04-14,0.2640480108707989,0.2632608508445423,5.660833482515232e-17,0.24486148418515338,0.22782965409950537
2025-04-15,0.2640480108707989,0.2632608508445423,5.660833482515232e-17,0.24486148418515338,0.22782965409950537
2025-04-16,0.2640480108707989,0.2632608508445423,5.660833482515232e-17,0.24486148418515338,0.22782965409950537
2025-04-17,0.2640480108707989,0.2632608508445423,5.660833482515232e-17,0.24486148418515338,0.22782965409950537
2025-04-22,0.2640480108707989,0.2632608508445423,5.660833482515232e-17,0.24486148418515338,0.22782965409950537
2025-04-23,0.2640480108707989,0.2632608508445423,5.660833482515232e-17,0.24486148418515338,0.22782965409950537
2025-04-24,0.2640480108707989,0.2632608508445423,5.660833482515232e-17,0.24486148418515338,0.22782965409950537
2025-04-25,0.2640480108707989,0.2632608508445423,5.660833482515232e-17,0.24486148418515338,0.22782965409950537
2025-04-28,0.2640480108707989,0.2632608508445423,5.660833482515232e-17,0.24486148418515338,0.22782965409950537
2025-04-29,0.2640480108707989,0.2632608508445423,5.660833482515232e-17,0.24486148418515338,0.22782965409950537
2025-04-30,0.2640480108707989,0.2632608508445423,5.660833482515232e-17,0.24486148418515338,0.22782965409950537
2025-05-02,0.2640480108707989,0.2632608508445423,5.660833482515232e-17,0.24486148418515338,0.22782965409950537
2025-05-05,0.2640480108707989,0.2632608508445423,5.660833482515232e-17,0.24486148418515338,0.22782965409950537
2025-05-06,0.2640480108707989,0.2632608508445423,5.660833482515232e-17,0.24486148418515338,0.22782965409950537
2025-05-07,0.2640480108707989,0.2632608508445423,5.660833482515232e-17,0.24486148418515338,0.22782965409950537
2025-05-08,0.2640480108707989,0.2632608508445423,5.660833482515232e-17,0.24486148418515338,0.22782965409950537
2025-05-09,0.29301657078640375,0.29384909179411633,5.170971365610453e-18,0.29924847365125384,0.11388586376822607
2025-05-12,0.29301657078640375,0.29384909179411633,5.170971365610453e-18,0.29924847365125384,0.11388586376822607
2025-05-13,0.29301657078640375,0.29384909179411633,5.170971365610453e-18,0.29924847365125384,0.11388586376822607
2025-05-14,0.29301657078640375,0.29384909179411633,5.170971365610453e-18,0.29924847365125384,0.11388586376822607
2025-05-15,0.29301657078640375,0.29384909179411633,5.170971365610453e-18,0.29924847365125384,0.11388586376822607
2025-05-16,0.29301657078640375,0.29384909179411633,5.170971365610453e-18,0.29924847365125384,0.11388586376822607
2025-05-19,0.29301657078640375,0.29384909179411633,5.170971365610453e-18,0.29924847365125384,0.11388586376822607
2025-05-20,0.29301657078640375,0.29384909179411633,5.170971365610453e-18,0.29924847365125384,0.11388586376822607
2025-05-21,0.29301657078640375,0.29384909179411633,5.170971365610453e-18,0.29924847365125384,0.11388586376822607
2025-05-22,0.29301657078640375,0.29384909179411633,5.170971365610453e-18,0.29924847365125384,0.11388586376822607
2025-05-23,0.29301657078640375,0.29384909179411633,5.170971365610453e-18,0.29924847365125384,0.11388586376822607
2025-05-27,0.29301657078640375,0.29384909179411633,5.170971365610453e-18,0.29924847365125384,0.11388586376822607
2025-05-28,0.29301657078640375,0.29384909179411633,5.170971365610453e-18,0.29924847365125384,0.11388586376822607
2025-05-29,0.29301657078640375,0.29384909179411633,5.170971365610453e-18,0.29924847365125384,0.11388586376822607
2025-05-30,0.29301657078640375,0.29384909179411633,5.170971365610453e-18,0.29924847365125384,0.11388586376822607
2025-06-02,0.29301657078640375,0.29384909179411633,5.170971365610453e-18,0.29924847365125384,0.11388586376822607
2025-06-03,0.29301657078640375,0.29384909179411633,5.170971365610453e-18,0.29924847365125384,0.11388586376822607
2025-06-04,0.29301657078640375,0.29384909179411633,5.170971365610453e-18,0.29924847365125384,0.11388586376822607
2025-06-05,0.29301657078640375,0.29384909179411633,5.170971365610453e-18,0.29924847365125384,0.11388586376822607
2025-06-06,0.29301657078640375,0.29384909179411633,5.170971365610453e-18,0.29924847365125384,0.11388586376822607
2025-06-09,0.29301657078640375,0.29384909179411633,5.170971365610453e-18,0.29924847365125384,0.11388586376822607
2025-06-10,0.2944505637119905,0.2956520000681088,0.0,0.29137396904947194,0.11852346717042866
2025-06-11,0.2944505637119905,0.2956520000681088,0.0,0.29137396904947194,0.11852346717042866
2025-06-12,0.2944505637119905,0.2956520000681088,0.0,0.29137396904947194,0.11852346717042866
2025-06-13,0.2944505637119905,0.2956520000681088,0.0,0.29137396904947194,0.11852346717042866
2025-06-16,0.2944505637119905,0.2956520000681088,0.0,0.29137396904947194,0.11852346717042866
2025-06-17,0.2944505637119905,0.2956520000681088,0.0,0.29137396904947194,0.11852346717042866
2025-06-18,0.2944505637119905,0.2956520000681088,0.0,0.29137396904947194,0.11852346717042866
2025-06-20,0.2944505637119905,0.2956520000681088,0.0,0.29137396904947194,0.11852346717042866
2025-06-23,0.2944505637119905,0.2956520000681088,0.0,0.29137396904947194,0.11852346717042866
2025-06-24,0.2944505637119905,0.2956520000681088,0.0,0.29137396904947194,0.11852346717042866
2025-06-25,0.2944505637119905,0.2956520000681088,0.0,0.29137396904947194,0.11852346717042866
2025-06-26,0.2944505637119905,0.2956520000681088,0.0,0.29137396904947194,0.11852346717042866
2025-06-27,0.2944505637119905,0.2956520000681088,0.0,0.29137396904947194,0.11852346717042866
2025-06-30,0.2944505637119905,0.2956520000681088,0.0,0.29137396904947194,0.11852346717042866
2025-07-01,0.2944505637119905,0.2956520000681088,0.0,0.29137396904947194,0.11852346717042866
2025-07-02,0.2944505637119905,0.2956520000681088,0.0,0.29137396904947194,0.11852346717042866
2025-07-03,0.2944505637119905,0.2956520000681088,0.0,0.29137396904947194,0.11852346717042866
2025-07-07,0.2944505637119905,0.2956520000681088,0.0,0.29137396904947194,0.11852346717042866
2025-07-08,0.2944505637119905,0.2956520000681088,0.0,0.29137396904947194,0.11852346717042866
2025-07-09,0.2944505637119905,0.2956520000681088,0.0,0.29137396904947194,0.11852346717042866
2025-07-10,0.2944505637119905,0.2956520000681088,0.0,0.29137396904947194,0.11852346717042866
2025-07-11,0.29400931501928423,0.2934220303559341,0.0,0.3015841804351102,0.11098447418967154
2025-07-14,0.29400931501928423,0.2934220303559341,0.0,0.3015841804351102,0.11098447418967154
2025-07-15,0.29400931501928423,0.2934220303559341,0.0,0.3015841804351102,0.11098447418967154
2025-07-16,0.29400931501928423,0.2934220303559341,0.0,0.3015841804351102,0.11098447418967154
2025-07-17,0.29400931501928423,0.2934220303559341,0.0,0.3015841804351102,0.11098447418967154
2025-07-18,0.29400931501928423,0.2934220303559341,0.0,0.3015841804351102,0.11098447418967154
2025-07-21,0.29400931501928423,0.2934220303559341,0.0,0.3015841804351102,0.11098447418967154
2025-07-22,0.29400931501928423,0.2934220303559341,0.0,0.3015841804351102,0.11098447418967154
2025-07-23,0.29400931501928423,0.2934220303559341,0.0,0.3015841804351102,0.11098447418967154
2025-07-24,0.29400931501928423,0.2934220303559341,0.0,0.3015841804351102,0.11098447418967154
2025-07-25,0.29400931501928423,0.2934220303559341,0.0,0.3015841804351102,0.11098447418967154
2025-07-28,0.29400931501928423,0.2934220303559341,0.0,0.3015841804351102,0.11098447418967154
2025-07-29,0.29400931501928423,0.2934220303559341,0.0,0.3015841804351102,0.11098447418967154
2025-07-30,0.29400931501928423,0.2934220303559341,0.0,0.3015841804351102,0.11098447418967154
2025-07-31,0.29400931501928423,0.2934220303559341,0.0,0.3015841804351102,0.11098447418967154
2025-08-01,0.29400931501928423,0.2934220303559341,0.0,0.3015841804351102,0.11098447418967154
2025-08-04,0.29400931501928423,0.2934220303559341,0.0,0.3015841804351102,0.11098447418967154
2025-08-05,0.29400931501928423,0.2934220303559341,0.0,0.3015841804351102,0.11098447418967154
2025-08-06,0.29400931501928423,0.2934220303559341,0.0,0.3015841804351102,0.11098447418967154
2025-08-07,0.29400931501928423,0.2934220303559341,0.0,0.3015841804351102,0.11098447418967154
2025-08-08,0.29400931501928423,0.2934220303559341,0.0,0.3015841804351102,0.11098447418967154
2025-08-11,0.28721722712773456,0.2893481826086211,7.304316353352942e-18,0.3079110304615744,0.11552355980206994
2025-08-12,0.28721722712773456,0.2893481826086211,7.304316353352942e-18,0.3079110304615744,0.11552355980206994
2025-08-13,0.28721722712773456,0.2893481826086211,7.304316353352942e-18,0.3079110304615744,0.11552355980206994
2025-08-14,0.28721722712773456,0.2893481826086211,7.304316353352942e-18,0.3079110304615744,0.11552355980206994
2025-08-15,0.28721722712773456,0.2893481826086211,7.304316353352942e-18,0.3079110304615744,0.11552355980206994
2025-08-18,0.28721722712773456,0.2893481826086211,7.304316353352942e-18,0.3079110304615744,0.11552355980206994
2025-08-19,0.28721722712773456,0.2893481826086211,7.304316353352942e-18,0.3079110304615744,0.11552355980206994
2025-08-20,0.28721722712773456,0.2893481826086211,7.304316353352942e-18,0.3079110304615744,0.11552355980206994
2025-08-21,0.28721722712773456,0.2893481826086211,7.304316353352942e-18,0.3079110304615744,0.11552355980206994
2025-08-22,0.28721722712773456,0.2893481826086211,7.304316353352942e-18,0.3079110304615744,0.11552355980206994
2025-08-25,0.28721722712773456,0.2893481826086211,7.304316353352942e-18,0.3079110304615744,0.11552355980206994
2025-08-26,0.28721722712773456,0.2893481826086211,7.304316353352942e-18,0.3079110304615744,0.11552355980206994
2025-08-27,0.28721722712773456,0.2893481826086211,7.304316353352942e-18,0.3079110304615744,0.11552355980206994
2025-08-28,0.28721722712773456,0.2893481826086211,7.304316353352942e-18,0.3079110304615744,0.11552355980206994
2025-08-29,0.28721722712773456,0.2893481826086211,7.304316353352942e-18,0.3079110304615744,0.11552355980206994
2025-09-02,0.28721722712773456,0.2893481826086211,7.304316353352942e-18,0.3079110304615744,0.11552355980206994
2025-09-03,0.28721722712773456,0.2893481826086211,7.304316353352942e-18,0.3079110304615744,0.11552355980206994
2025-09-04,0.28721722712773456,0.2893481826086211,7.304316353352942e-18,0.3079110304615744,0.11552355980206994
2025-09-05,0.28721722712773456,0.2893481826086211,7.304316353352942e-18,0.3079110304615744,0.11552355980206994
2025-09-08,0.28721722712773456,0.2893481826086211,7.304316353352942e-18,0.3079110304615744,0.11552355980206994
2025-09-09,0.28721722712773456,0.2893481826086211,7.304316353352942e-18,0.3079110304615744,0.11552355980206994
2025-09-10,0.26218810816394084,0.290010939003422,1.6973470066234865e-18,0.31462898476246565,0.13317196807017148
2025-09-11,0.26218810816394084,0.290010939003422,1.6973470066234865e-18,0.31462898476246565,0.13317196807017148
2025-09-12,0.26218810816394084,0.290010939003422,1.6973470066234865e-18,0.31462898476246565,0.13317196807017148
2025-09-15,0.26218810816394084,0.290010939003422,1.6973470066234865e-18,0.31462898476246565,0.13317196807017148
2025-09-16,0.26218810816394084,0.290010939003422,1.6973470066234865e-18,0.31462898476246565,0.13317196807017148
2025-09-17,0.26218810816394084,0.290010939003422,1.6973470066234865e-18,0.31462898476246565,0.13317196807017148
2025-09-18,0.26218810816394084,0.290010939003422,1.6973470066234865e-18,0.31462898476246565,0.13317196807017148
2025-09-19,0.26218810816394084,0.290010939003422,1.6973470066234865e-18,0.31462898476246565,0.13317196807017148
2025-09-22,0.26218810816394084,0.290010939003422,1.6973470066234865e-18,0.31462898476246565,0.13317196807017148
2025-09-23,0.26218810816394084,0.290010939003422,1.6973470066234865e-18,0.31462898476246565,0.13317196807017148
2025-09-24,0.26218810816394084,0.290010939003422,1.6973470066234865e-18,0.31462898476246565,0.13317196807017148
2025-09-25,0.26218810816394084,0.290010939003422,1.6973470066234865e-18,0.31462898476246565,0.13317196807017148
2025-09-26,0.26218810816394084,0.290010939003422,1.6973470066234865e-18,0.31462898476246565,0.13317196807017148
2025-09-29,0.26218810816394084,0.290010939003422,1.6973470066234865e-18,0.31462898476246565,0.13317196807017148
2025-09-30,0.26218810816394084,0.290010939003422,1.6973470066234865e-18,0.31462898476246565,0.13317196807017148
2025-10-01,0.26218810816394084,0.290010939003422,1.6973470066234865e-18,0.31462898476246565,0.13317196807017148
2025-10-02,0.26218810816394084,0.290010939003422,1.6973470066234865e-18,0.31462898476246565,0.13317196807017148
2025-10-03,0.26218810816394084,0.290010939003422,1.6973470066234865e-18,0.31462898476246565,0.13317196807017148
2025-10-06,0.26218810816394084,0.290010939003422,1.6973470066234865e-18,0.31462898476246565,0.13317196807017148
2025-10-07,0.26218810816394084,0.290010939003422,1.6973470066234865e-18,0.31462898476246565,0.13317196807017148
2025-10-08,0.26218810816394084,0.290010939003422,1.6973470066234865e-18,0.31462898476246565,0.13317196807017148
2025-10-09,0.27104004860186415,0.2709767935528609,0.0,0.3050699824549119,0.1529131753903631
2025-10-10,0.27104004860186415,0.2709767935528609,0.0,0.3050699824549119,0.1529131753903631
2025-10-13,0.27104004860186415,0.2709767935528609,0.0,0.3050699824549119,0.1529131753903631
2025-10-14,0.27104004860186415,0.2709767935528609,0.0,0.3050699824549119,0.1529131753903631
2025-10-15,0.27104004860186415,0.2709767935528609,0.0,0.3050699824549119,0.1529131753903631
2025-10-16,0.27104004860186415,0.2709767935528609,0.0,0.3050699824549119,0.1529131753903631
2025-10-17,0.27104004860186415,0.2709767935528609,0.0,0.3050699824549119,0.1529131753903631
2025-10-20,0.27104004860186415,0.2709767935528609,0.0,0.3050699824549119,0.1529131753903631
2025-10-21,0.27104004860186415,0.2709767935528609,0.0,0.3050699824549119,0.1529131753903631
2025-10-22,0.27104004860186415,0.2709767935528609,0.0,0.3050699824549119,0.1529131753903631
2025-10-23,0.27104004860186415,0.2709767935528609,0.0,0.3050699824549119,0.1529131753903631
2025-10-24,0.27104004860186415,0.2709767935528609,0.0,0.3050699824549119,0.1529131753903631
2025-10-27,0.27104004860186415,0.2709767935528609,0.0,0.3050699824549119,0.1529131753903631
2025-10-28,0.27104004860186415,0.2709767935528609,0.0,0.3050699824549119,0.1529131753903631
2025-10-29,0.27104004860186415,0.2709767935528609,0.0,0.3050699824549119,0.1529131753903631
2025-10-30,0.27104004860186415,0.2709767935528609,0.0,0.3050699824549119,0.1529131753903631
2025-10-31,0.27104004860186415,0.2709767935528609,0.0,0.3050699824549119,0.1529131753903631
2025-11-03,0.27104004860186415,0.2709767935528609,0.0,0.3050699824549119,0.1529131753903631
2025-11-04,0.27104004860186415,0.2709767935528609,0.0,0.3050699824549119,0.1529131753903631
2025-11-05,0.27104004860186415,0.2709767935528609,0.0,0.3050699824549119,0.1529131753903631
2025-11-06,0.27104004860186415,0.2709767935528609,0.0,0.3050699824549119,0.1529131753903631
2025-11-07,0.2824200142597699,0.2808675144588097,1.8019949004140586e-18,0.27408890985888895,0.1626235614225313
2025-11-10,0.2824200142597699,0.2808675144588097,1.8019949004140586e-18,0.27408890985888895,0.1626235614225313
2025-11-11,0.2824200142597699,0.2808675144588097,1.8019949004140586e-18,0.27408890985888895,0.1626235614225313
2025-11-12,0.2824200142597699,0.2808675144588097,1.8019949004140586e-18,0.27408890985888895,0.1626235614225313
2025-11-13,0.2824200142597699,0.2808675144588097,1.8019949004140586e-18,0.27408890985888895,0.1626235614225313
2025-11-14,0.2824200142597699,0.2808675144588097,1.8019949004140586e-18,0.27408890985888895,0.1626235614225313
2025-11-17,0.2824200142597699,0.2808675144588097,1.8019949004140586e-18,0.27408890985888895,0.1626235614225313
2025-11-18,0.2824200142597699,0.2808675144588097,1.8019949004140586e-18,0.27408890985888895,0.1626235614225313
2025-11-19,0.2824200142597699,0.2808675144588097,1.8019949004140586e-18,0.27408890985888895,0.1626235614225313
2025-11-21,0.2824200142597699,0.2808675144588097,1.8019949004140586e-18,0.27408890985888895,0.1626235614225313
2025-11-24,0.2824200142597699,0.2808675144588097,1.8019949004140586e-18,0.27408890985888895,0.1626235614225313
2025-11-25,0.2824200142597699,0.2808675144588097,1.8019949004140586e-18,0.27408890985888895,0.1626235614225313
2025-11-26,0.2824200142597699,0.2808675144588097,1.8019949004140586e-18,0.27408890985888895,0.1626235614225313
2025-11-28,0.2824200142597699,0.2808675144588097,1.8019949004140586e-18,0.27408890985888895,0.1626235614225313
2025-12-01,0.2824200142597699,0.2808675144588097,1.8019949004140586e-18,0.27408890985888895,0.1626235614225313
2025-12-02,0.2824200142597699,0.2808675144588097,1.8019949004140586e-18,0.27408890985888895,0.1626235614225313
2025-12-03,0.2824200142597699,0.2808675144588097,1.8019949004140586e-18,0.27408890985888895,0.1626235614225313
2025-12-04,0.2824200142597699,0.2808675144588097,1.8019949004140586e-18,0.27408890985888895,0.1626235614225313
2025-12-05,0.2824200142597699,0.2808675144588097,1.8019949004140586e-18,0.27408890985888895,0.1626235614225313
2025-12-08,0.2824200142597699,0.2808675144588097,1.8019949004140586e-18,0.27408890985888895,0.1626235614225313
2025-12-09,0.2824200142597699,0.2808675144588097,1.8019949004140586e-18,0.27408890985888895,0.1626235614225313
2025-12-10,0.270358456085541,0.269848866456639,0.0,0.2954107106081275,0.16438196684969242
2025-12-11,0.270358456085541,0.269848866456639,0.0,0.2954107106081275,0.16438196684969242
2025-12-12,0.270358456085541,0.269848866456639,0.0,0.2954107106081275,0.16438196684969242
2025-12-15,0.270358456085541,0.269848866456639,0.0,0.2954107106081275,0.16438196684969242
2025-12-16,0.270358456085541,0.269848866456639,0.0,0.2954107106081275,0.16438196684969242
2025-12-17,0.270358456085541,0.269848866456639,0.0,0.2954107106081275,0.16438196684969242
2025-12-18,0.270358456085541,0.269848866456639,0.0,0.2954107106081275,0.16438196684969242
2025-12-19,0.270358456085541,0.269848866456639,0.0,0.2954107106081275,0.16438196684969242
2025-12-22,0.270358456085541,0.269848866456639,0.0,0.2954107106081275,0.16438196684969242
2025-12-23,0.270358456085541,0.269848866456639,0.0,0.2954107106081275,0.16438196684969242
2025-12-26,0.270358456085541,0.269848866456639,0.0,0.2954107106081275,0.16438196684969242
2025-12-29,0.270358456085541,0.269848866456639,0.0,0.2954107106081275,0.16438196684969242
2025-12-30,0.270358456085541,0.269848866456639,0.0,0.2954107106081275,0.16438196684969242
2026-01-02,0.270358456085541,0.269848866456639,0.0,0.2954107106081275,0.16438196684969242
2026-01-05,0.270358456085541,0.269848866456639,0.0,0.2954107106081275,0.16438196684969242
2026-01-06,0.270358456085541,0.269848866456639,0.0,0.2954107106081275,0.16438196684969242
2026-01-07,0.270358456085541,0.269848866456639,0.0,0.2954107106081275,0.16438196684969242
2026-01-08,0.270358456085541,0.269848866456639,0.0,0.2954107106081275,0.16438196684969242
2026-01-09,0.270358456085541,0.269848866456639,0.0,0.2954107106081275,0.16438196684969242
2026-01-12,0.270358456085541,0.269848866456639,0.0,0.2954107106081275,0.16438196684969242
2026-01-13,0.270358456085541,0.269848866456639,0.0,0.2954107106081275,0.16438196684969242
2026-01-14,0.27445867747423125,0.27965108085826057,0.0,0.27961064471833424,0.166279596949174
2026-01-15,0.27445867747423125,0.27965108085826057,0.0,0.27961064471833424,0.166279596949174
2026-01-16,0.27445867747423125,0.27965108085826057,0.0,0.27961064471833424,0.166279596949174
2026-01-20,0.27445867747423125,0.27965108085826057,0.0,0.27961064471833424,0.166279596949174
2026-01-21,0.27445867747423125,0.27965108085826057,0.0,0.27961064471833424,0.166279596949174
2026-01-22,0.27445867747423125,0.27965108085826057,0.0,0.27961064471833424,0.166279596949174
2026-01-23,0.27445867747423125,0.27965108085826057,0.0,0.27961064471833424,0.166279596949174
2026-01-26,0.27445867747423125,0.27965108085826057,0.0,0.27961064471833424,0.166279596949174
2026-01-27,0.27445867747423125,0.27965108085826057,0.0,0.27961064471833424,0.166279596949174
2026-01-28,0.27445867747423125,0.27965108085826057,0.0,0.27961064471833424,0.166279596949174
2026-01-29,0.27445867747423125,0.27965108085826057,0.0,0.27961064471833424,0.166279596949174
2026-01-30,0.27445867747423125,0.27965108085826057,0.0,0.27961064471833424,0.166279596949174
2026-02-02,0.27445867747423125,0.27965108085826057,0.0,0.27961064471833424,0.166279596949174
2026-02-03,0.27445867747423125,0.27965108085826057,0.0,0.27961064471833424,0.166279596949174
2026-02-04,0.27445867747423125,0.27965108085826057,0.0,0.27961064471833424,0.166279596949174
2026-02-05,0.27445867747423125,0.27965108085826057,0.0,0.27961064471833424,0.166279596949174
2026-02-06,0.27445867747423125,0.27965108085826057,0.0,0.27961064471833424,0.166279596949174
2026-02-09,0.27445867747423125,0.27965108085826057,0.0,0.27961064471833424,0.166279596949174
2026-02-10,0.27445867747423125,0.27965108085826057,0.0,0.27961064471833424,0.166279596949174
2026-02-11,0.27445867747423125,0.27965108085826057,0.0,0.27961064471833424,0.166279596949174
2026-02-12,0.27445867747423125,0.27965108085826057,0.0,0.27961064471833424,0.166279596949174
2026-02-13,0.27050576453664654,0.2758714726781256,2.6336058368795858e-17,0.20081797822037564,0.2528047845648521
2026-02-18,0.27050576453664654,0.2758714726781256,2.6336058368795858e-17,0.20081797822037564,0.2528047845648521
2026-02-19,0.27050576453664654,0.2758714726781256,2.6336058368795858e-17,0.20081797822037564,0.2528047845648521
2026-02-20,0.27050576453664654,0.2758714726781256,2.6336058368795858e-17,0.20081797822037564,0.2528047845648521
2026-02-23,0.27050576453664654,0.2758714726781256,2.6336058368795858e-17,0.20081797822037564,0.2528047845648521
2026-02-24,0.27050576453664654,0.2758714726781256,2.6336058368795858e-17,0.20081797822037564,0.2528047845648521
2026-02-25,0.27050576453664654,0.2758714726781256,2.6336058368795858e-17,0.20081797822037564,0.2528047845648521
2026-02-26,0.27050576453664654,0.2758714726781256,2.6336058368795858e-17,0.20081797822037564,0.2528047845648521
2026-02-27,0.27050576453664654,0.2758714726781256,2.6336058368795858e-17,0.20081797822037564,0.2528047845648521
2026-03-02,0.27050576453664654,0.2758714726781256,2.6336058368795858e-17,0.20081797822037564,0.2528047845648521
2026-03-03,0.27050576453664654,0.2758714726781256,2.6336058368795858e-17,0.20081797822037564,0.2528047845648521
2026-03-04,0.27050576453664654,0.2758714726781256,2.6336058368795858e-17,0.20081797822037564,0.2528047845648521
2026-03-05,0.27050576453664654,0.2758714726781256,2.6336058368795858e-17,0.20081797822037564,0.2528047845648521
2026-03-06,0.27050576453664654,0.2758714726781256,2.6336058368795858e-17,0.20081797822037564,0.2528047845648521
2026-03-09,0.27050576453664654,0.2758714726781256,2.6336058368795858e-17,0.20081797822037564,0.2528047845648521
2026-03-10,0.27050576453664654,0.2758714726781256,2.6336058368795858e-17,0.20081797822037564,0.2528047845648521
2026-03-11,0.27050576453664654,0.2758714726781256,2.6336058368795858e-17,0.20081797822037564,0.2528047845648521
2026-03-12,0.27050576453664654,0.2758714726781256,2.6336058368795858e-17,0.20081797822037564,0.2528047845648521
2026-03-13,0.27050576453664654,0.2758714726781256,2.6336058368795858e-17,0.20081797822037564,0.2528047845648521
2026-03-16,0.27050576453664654,0.2758714726781256,2.6336058368795858e-17,0.20081797822037564,0.2528047845648521
2026-03-17,0.27050576453664654,0.2758714726781256,2.6336058368795858e-17,0.20081797822037564,0.2528047845648521
2026-03-18,0.25936059478045925,0.26368483491157996,1.9987751479646118e-17,0.194235747764348,0.28271882254361286
2026-03-19,0.25936059478045925,0.26368483491157996,1.9987751479646118e-17,0.194235747764348,0.28271882254361286
2026-03-20,0.25936059478045925,0.26368483491157996,1.9987751479646118e-17,0.194235747764348,0.28271882254361286
2026-03-23,0.25936059478045925,0.26368483491157996,1.9987751479646118e-17,0.194235747764348,0.28271882254361286
2026-03-24,0.25936059478045925,0.26368483491157996,1.9987751479646118e-17,0.194235747764348,0.28271882254361286
2026-03-25,0.25936059478045925,0.26368483491157996,1.9987751479646118e-17,0.194235747764348,0.28271882254361286
2026-03-26,0.25936059478045925,0.26368483491157996,1.9987751479646118e-17,0.194235747764348,0.28271882254361286
2026-03-27,0.25936059478045925,0.26368483491157996,1.9987751479646118e-17,0.194235747764348,0.28271882254361286
2026-03-30,0.25936059478045925,0.26368483491157996,1.9987751479646118e-17,0.194235747764348,0.28271882254361286
2026-03-31,0.25936059478045925,0.26368483491157996,1.9987751479646118e-17,0.194235747764348,0.28271882254361286
2026-04-01,0.25936059478045925,0.26368483491157996,1.9987751479646118e-17,0.194235747764348,0.28271882254361286
2026-04-02,0.25936059478045925,0.26368483491157996,1.9987751479646118e-17,0.194235747764348,0.28271882254361286
2026-04-06,0.25936059478045925,0.26368483491157996,1.9987751479646118e-17,0.194235747764348,0.28271882254361286
2026-04-07,0.25936059478045925,0.26368483491157996,1.9987751479646118e-17,0.194235747764348,0.28271882254361286
2026-04-08,0.25936059478045925,0.26368483491157996,1.9987751479646118e-17,0.194235747764348,0.28271882254361286
2026-04-09,0.25936059478045925,0.26368483491157996,1.9987751479646118e-17,0.194235747764348,0.28271882254361286
2026-04-10,0.25936059478045925,0.26368483491157996,1.9987751479646118e-17,0.194235747764348,0.28271882254361286
2026-04-13,0.25936059478045925,0.26368483491157996,1.9987751479646118e-17,0.194235747764348,0.28271882254361286
2026-04-14,0.25936059478045925,0.26368483491157996,1.9987751479646118e-17,0.194235747764348,0.28271882254361286
2026-04-15,0.25936059478045925,0.26368483491157996,1.9987751479646118e-17,0.194235747764348,0.28271882254361286
2026-04-16,0.25936059478045925,0.26368483491157996,1.9987751479646118e-17,0.194235747764348,0.28271882254361286
2026-04-17,0.2536497286641638,0.2512154497620282,0.0,0.16283961425353852,0.3322952073202695
2026-04-20,0.2536497286641638,0.2512154497620282,0.0,0.16283961425353852,0.3322952073202695
2026-04-22,0.2536497286641638,0.2512154497620282,0.0,0.16283961425353852,0.3322952073202695
2026-04-23,0.2536497286641638,0.2512154497620282,0.0,0.16283961425353852,0.3322952073202695
2026-04-24,0.2536497286641638,0.2512154497620282,0.0,0.16283961425353852,0.3322952073202695
2026-04-27,0.2536497286641638,0.2512154497620282,0.0,0.16283961425353852,0.3322952073202695
2026-04-28,0.2536497286641638,0.2512154497620282,0.0,0.16283961425353852,0.3322952073202695
2026-04-29,0.2536497286641638,0.2512154497620282,0.0,0.16283961425353852,0.3322952073202695
