,Equal Weight,Risk Parity,Maximum Diversification,Minimum Variance,Maximum Decorrelation
2005-11-24,0.004349783546890515,0.002986575150511414,0.0018542909811332664,-0.0017225546831730778,0.0027855143011870785
2005-11-25,0.0008375108309067903,0.0011449315242950595,0.0006877455140475394,0.003196204031426321,0.0007019673287258941
2005-11-28,-0.01705620963804193,-0.01708260268594377,-0.01651969103116753,-0.016333237462072662,-0.016856810818562336
2005-11-29,0.00852231883582194,0.007358642568327884,0.004880806921754315,0.005380251237819295,0.004887489752988675
2005-11-30,0.010536966008310385,0.011018855948087866,0.012531481190062917,0.014621143628416735,0.011919685653369694
2005-12-01,0.018546962112200423,0.016769194570550566,0.01114146482781252,0.0122862075437924,0.011255707120951048
2005-12-02,0.003922883735322993,0.008384341029561598,0.016946419823501493,0.020527773731958965,0.015468203575365935
2005-12-05,-0.004944783426190361,-0.0048706768482643555,-0.00660537742116531,-0.006860599294196697,-0.006112719873440846
2005-12-06,0.017762019999605683,0.014604304417406361,0.008565976393992262,0.00841927694550006,0.009264048348198481
2005-12-07,-0.01664617685983886,-0.01654761337267366,-0.016828697325154615,-0.017032393710003646,-0.016643335102927308
2005-12-08,-0.01285284768471097,-0.012089114405562306,-0.00938112875330015,-0.011644330084042337,-0.009211655125864148
2005-12-09,0.00998973039820815,0.009715932838841571,0.011484472079242124,0.0104204022311735,0.011791499518139186
2005-12-12,0.0031231033025435053,0.0028179028779692352,0.0030401490226651708,0.0018617716416514263,0.0037430792931964166
2005-12-13,0.011474753357402914,0.011427404936207641,0.012393792889845004,0.012755393177396292,0.012214281551904838
2005-12-14,0.008449986593298842,0.011313121289732306,0.01804769339325506,0.018813717135545683,0.016961205780392983
2005-12-15,-0.006786544060440759,-0.0027731964278088065,0.0065023510378099305,0.008349290589789792,0.005348750135092789
2005-12-16,0.010109288205794632,0.011890833958235841,0.017063464497653388,0.019018401717300966,0.015613294596628951
2005-12-19,-0.009460940407173254,-0.00921484155279112,-0.007113913804667939,-0.008665154850300354,-0.00670456104621788
2005-12-20,0.004629864153560182,0.006149618555824327,0.008798663148422344,0.011103481974012017,0.007299449698348311
2005-12-21,0.015128635421331117,0.013790379216174415,0.010003714510825587,0.013661434862826088,0.009019987222963398
2005-12-22,0.0030035295261733866,0.001803559526783589,-0.0012813690061688422,-0.0020188555597216284,-0.0005949500545473099
2005-12-23,-0.006168062224583373,-0.007247244157403732,-0.009667036372474508,-0.01141524581732487,-0.008903210996826364
2005-12-26,-0.0014068559309230186,-0.0014567784507944683,-0.00224937897052223,-0.0030607163629697383,-0.0022686708432216813
2005-12-27,0.002611895926560701,0.0026846106992464624,0.004211862313022421,0.0044073143558501435,0.003964990636939378
2005-12-28,-0.0065096972751057065,-0.004318428762314686,-0.001979537180256766,0.0014255888628570495,-0.0028490836337606556
2005-12-29,0.008515899237027854,0.00605457389050389,0.000834349714599501,2.7125182943668266e-05,0.001377246053897923
2006-01-02,-0.006451563385272724,-0.00718118257086258,-0.012149235727132512,-0.009717289079073503,-0.012145642588343435
2006-01-03,0.03220582781949875,0.03124354864408567,0.02977497382281845,0.027873991478457726,0.030189372028938843
2006-01-04,0.01587106564166401,0.015602384203553393,0.013004824494385267,0.01296923470201262,0.013244326469199963
2006-01-05,-0.004272124457221654,-0.0036259105167305537,7.328426814770701e-05,-0.0035845472145183653,0.0009615045442426581
2006-01-06,0.013841199678592991,0.013966102676966017,0.013095343922036692,0.012303068119886337,0.014332873078261338
2006-01-09,0.0013588834992402392,0.002427176837256864,0.0068064644233028085,0.005519148251018898,0.0070121857015027515
2006-01-10,-0.0069912234341304195,-0.005394064496200686,-0.0032679163639615563,-0.001721603494412409,-0.0036636770232607503
2006-01-11,0.02588342670338625,0.023887509292323233,0.01765463082764198,0.01905142741395898,0.017673601821792246
2006-01-12,0.00140957050069154,0.003969437330836556,0.007767074119457727,0.009475280026296395,0.006407797400286072
2006-01-13,0.01082349249481137,0.012052254544678509,0.017609736483031234,0.01598107462283645,0.01821917811142373
2006-01-16,0.02529948211009141,0.02926308090582904,0.04069897896955996,0.03894132578988315,0.039887238583394616
2006-01-17,-0.0072039477022822805,-0.00758371362347549,-0.003974865232703923,-0.00802799413998215,-0.0024855366319986596
2006-01-18,-0.010076181447344937,-0.009131908612401422,-0.00783327984061136,-0.007270534127273156,-0.007846584874854864
2006-01-19,0.034872680153916966,0.035017857547283156,0.034474651509219835,0.03287891910990765,0.03439528059280185
2006-01-20,-0.006855627499134334,-0.008385065114826382,-0.014434640150187087,-0.011998957132382424,-0.014250289149610617
2006-01-23,-0.004421146939496316,-0.003942683017019515,-0.004273578057407974,-0.001653604251879063,-0.005260514858868234
2006-01-24,0.020832815847576437,0.017794034420093294,0.006323987902284433,0.008510830430519915,0.006636955110370877
2006-01-26,0.01717093137007905,0.013609595276088338,0.002426292440998047,0.0015730795816684112,0.002905298426295726
2006-01-27,-0.005761617099574341,-0.006054425562113117,-0.008026597467593755,-0.005459722675275729,-0.009133771137640204
2006-01-30,0.012247859616201269,0.010423452022855032,0.003707151511931214,0.006302026937581051,0.003339999258465579
2006-01-31,0.0020671011020722448,0.00265352621139251,0.0025479452043509153,0.003231639929191602,0.0034690030605646024
2006-02-01,0.010377453356513848,0.01264046645373789,0.021239044845126866,0.022879978674941553,0.019676808329850116
2006-02-02,-0.03203991891966894,-0.027951457964585993,-0.015023375593820946,-0.019869309680078807,-0.01449103275875065
2006-02-03,0.0024079987203884682,0.002479359845781753,0.005369271196754738,0.003126429414286375,0.005507875788476016
2006-02-06,0.0011885033844706888,0.0015207711669533127,-0.0019870665559189047,9.649420889195422e-05,-0.002483350121967993
2006-02-07,-0.022515416309843158,-0.02105335005959965,-0.012300711163005105,-0.014347350433482233,-0.012175088675557194
2006-02-08,-0.0049912752592547955,-0.0061262678349450605,-0.007748921096136765,-0.008186206008501616,-0.007914979638985513
2006-02-09,0.010717749063786782,0.011261143453552117,0.011276725585878802,0.015466794697084486,0.010174537055294426
2006-02-10,0.010093138088876137,0.0064979014906719436,3.447428744848889e-05,-0.0029613252949758522,0.0013571187547262728
2006-02-13,-0.020693063371895845,-0.01706349179884275,-0.008179734093161447,-0.004568588823845085,-0.008998213824602058
2006-02-14,0.009095025594816843,0.005444680066391259,-0.0029786104030744154,-0.006544886868738612,-0.00232768566021938
2006-02-15,0.017078551373156656,0.013150715692814901,0.0043797898725438916,0.0006157698983357521,0.005572562154707243
2006-02-16,0.02270554918361115,0.018605013640602013,0.004969890714150472,0.006099192439366551,0.005348393559402855
2006-02-17,0.0041195953850719875,0.0035423192273610024,0.00137781850347545,0.003997200913333172,0.0010885771679412064
2006-02-20,0.006722774783015891,0.006313638195818759,0.006036720410043163,0.009347987043710699,0.0055658209396329044
2006-02-21,-0.011718944318544814,-0.010660121663546497,-0.008265266528306659,-0.010938702134509974,-0.008081581641076498
2006-02-22,0.0031920040999358513,0.003079189879465068,0.0045054778493955104,0.006000396738965293,0.0035569260574324843
2006-02-23,0.0009088715366465136,0.0015369558275221606,0.003813416205514961,0.004732435363545355,0.003503327856786589
2006-02-24,0.006905736062633958,0.010264090962433699,0.017411663357380095,0.01843732145263644,0.017210429437315218
2006-03-01,0.01826732764177664,0.017427512186701653,0.018290801418163707,0.01902817679481571,0.01828356911407132
2006-03-02,-0.00071064337024148,-0.001014097133041647,-0.00277341901201287,-0.0008432996460741879,-0.003358482476685288
2006-03-03,0.0026846150533539827,0.0027476473854804143,0.003920627885956193,0.002412550009169599,0.004276826486746568
2006-03-06,-0.019592688106260556,-0.014119400235426556,-0.0031643098905258992,-0.0013195614395029457,-0.004889222685289277
2006-03-07,-0.02419208492665329,-0.02267549805818766,-0.014461187035899083,-0.01806951576246174,-0.012944013348151893
2006-03-08,-0.0048126333444319025,-0.005480753257589862,-0.004823963786850357,-0.006522671071595866,-0.004492697041895567
2006-03-09,-0.020016081926763955,-0.018493184356352846,-0.012958223410452859,-0.014720102702494612,-0.01283155100242011
2006-03-10,0.017553851821995616,0.02045009063626055,0.025915604858454965,0.029551463342609764,0.024209394030524002
2006-03-13,-0.0023640090275026554,-0.0030929425612595267,-0.007571565108808687,-0.00595603369375872,-0.007847049233930842
2006-03-14,0.01781798673587823,0.01353316660313626,0.001327890953121096,0.0025431782844543747,0.0019123636564513271
2006-03-15,0.016605579459444627,0.016838276787877263,0.016606536882623993,0.01682579745022788,0.015769443747054954
2006-03-16,0.0005810558345617672,0.0013961253428741776,0.0006639502785423237,0.002462975776144828,0.00022519727889371726
2006-03-17,0.0036644719698350984,0.004628437687079276,0.007890877669030197,0.009069902128898865,0.007201810213106664
2006-03-20,0.004296712802367788,0.004047749365193585,0.0023698296073779088,0.002889141942346017,0.002574595821623948
2006-03-21,-0.01873506625050398,-0.018485348819230342,-0.01833443584132348,-0.018590776423796605,-0.018462967049743945
2006-03-22,0.01543279665106967,0.015028485095864836,0.015603555483001253,0.014804987093906602,0.01626347733931008
2006-03-23,-0.010628802490976953,-0.009865143668792493,-0.008881405504455459,-0.006974684906279872,-0.00992949470104362
2006-03-24,0.0001111803250654669,-0.00028413112185590934,-0.0025196798763848704,-0.0019159936674772223,-0.0029252323348024447
2006-03-27,-0.002705663350281531,-0.0036504894729826346,-0.009128258206516988,-0.006112762803987192,-0.00997887950395286
2006-03-28,-0.025674373143026095,-0.02264896984347585,-0.014265176785558888,-0.01050630304060703,-0.015324465392947576
2006-03-29,0.018511203000225736,0.014448718957418663,0.0013888791694488547,0.0021342570571217453,0.0013281179842355487
2006-03-30,-0.00022888261336761323,-0.0024457430383567806,-0.01070276514039942,-0.011703494731437794,-0.010429961253248306
2006-03-31,0.006201057932909838,0.005985579014622787,0.0026446510983310616,-0.001558868925624928,0.0034572896446502573
2006-04-03,0.019035177112248673,0.01867337688122814,0.015634991739354714,0.0182886317722358,0.015170420938579392
2006-04-04,0.0017958241556912365,0.0004239547300198699,-0.001760000533361665,-0.0023858201953220253,-0.0013267937593975914
2006-04-05,0.004543111027337081,0.0029322631989977723,-0.000557554124455892,0.0010023525326414572,-0.0009984110613339289
2006-04-06,0.010589006847896223,0.009073864456755485,0.003433800030933054,0.005812633563336691,0.0023951975126669934
2006-04-07,-0.0033422039617882707,-0.002427990590432443,0.001830007376647973,0.00020843724181836867,0.002312851880758552
2006-04-10,-0.016446360984034993,-0.014083694401527524,-0.008861996884639844,-0.0075195380399223225,-0.009524013241150734
2006-04-11,-0.012805960483702018,-0.012080696302548374,-0.009438679902993765,-0.009114883689977276,-0.009817734305783534
2006-04-12,0.012666992752254743,0.010348044303639432,0.006058495546638731,0.006697385587354107,0.005550419498679384
2006-04-13,-0.01115222317188406,-0.009490873612834448,-0.006084653315442034,-0.00525832435448168,-0.0062738764010956604
2006-04-17,-7.513803658643265e-05,0.00040628817781453467,-0.0010236390310364258,0.0013194141442526661,-0.001803531099245332
2006-04-18,0.02801447458908933,0.02705067261362088,0.02417075023744545,0.023215753870460872,0.024407688102015462
2006-04-19,0.010819549733743352,0.011831268581655934,0.01374648856310832,0.012750374617897008,0.013912097608181464
2006-04-20,-0.000439137717949299,0.0018561656721609492,0.0092959491293669,0.006557147566982819,0.010097482522022043
2006-04-24,-0.00015912454384383018,-0.0002866290301539631,-0.0012756485983915987,-0.0025131884880737346,-0.0008733217246590432
2006-04-25,0.002867339390887394,0.0025164983125152865,0.0017863379924893156,0.0016349652252499933,0.0018362888328255196
2006-04-26,0.01650182883011501,0.014137164876338945,0.0073738427101598236,0.004992991616851156,0.008020897174583616
2006-04-27,-0.021082511504952255,-0.019018959827964938,-0.014276106189963838,-0.015414811084791785,-0.013780264103231568
2006-04-28,0.013664182445703252,0.009873782037006621,-0.0008609641391643195,0.0008801342753395379,-0.0016908857266281353
2006-05-02,0.015224526330301462,0.01450800266104432,0.009595458299297475,0.010994007943513203,0.009468932868337356
2006-05-03,-0.006427160105027072,-0.003376816192868127,0.004567068137224016,0.005830229213054743,0.004333776730854485
2006-05-04,0.0036398423818387597,0.003898068971392602,0.0032657257874315624,0.0031036657509756088,0.003647929901020723
2006-05-05,0.010834509369718947,0.011066397806954894,0.010918102793479873,0.015044832547264778,0.009351335621521614
2006-05-08,0.01525766592523196,0.01826240223192821,0.02767064050999448,0.028774332865590994,0.027488368690802192
2006-05-09,0.005042813131709748,0.007870801895800687,0.0134569546031409,0.01507944478284929,0.012794528577058177
2006-05-10,0.0009357185447971348,0.006474236097111047,0.021648320329249023,0.025079470101208978,0.0194295693806808
2006-05-11,-0.02102428295931437,-0.020022628670194456,-0.01768484827878232,-0.01823755780301423,-0.01749091945426768
2006-05-12,-0.012163674042448612,-0.011026824265472574,-0.008812383837779065,-0.008394835780840994,-0.009302745810410913
2006-05-15,-0.02165038409976676,-0.021073479428070474,-0.016476633634099545,-0.018096386831570072,-0.01630428722208383
2006-05-16,0.0048730248538399945,0.004229613762913699,0.0057613514202866254,0.002459906916028625,0.006413210869036724
2006-05-17,-0.02311167791903803,-0.02265371977591759,-0.02174688243811116,-0.021454237146327954,-0.02135699384401444
2006-05-18,-0.010381654918226261,-0.008638846654537225,-0.002389515238812967,-0.0031526490343231116,-0.0023270488042064713
2006-05-19,-0.010099449745972225,-0.011622030486588206,-0.015805261233447252,-0.01379858685714867,-0.015713406986122933
2006-05-22,-0.034465603862120095,-0.030337478189312195,-0.025396250460203038,-0.021848359078923338,-0.025999370620771747
2006-05-23,-0.010198988151736824,-0.012793885899723478,-0.01938976197354001,-0.016586120284673538,-0.020208725671956647
2006-05-24,-0.017537062867400914,-0.016525019233091368,-0.014249237272941804,-0.01266052251028825,-0.01414006279516093
2006-05-25,0.05060734074906191,0.04575674546780928,0.034817065391478885,0.03056314670550213,0.0360599083439931
2006-05-26,0.03116403147832069,0.027518218686868483,0.01988879671948142,0.016096420222530154,0.020863708880732565
2006-05-29,-0.010916235025948656,-0.008187263857768067,-0.0017963359618102153,0.001252690742606772,-0.0029075890559934455
2006-05-30,-0.0455370004116498,-0.04146592971665001,-0.035312879467543495,-0.029602744477484937,-0.038123056625054115
2006-05-31,-0.00038121752144213176,-0.0007703214630316805,0.0011934033881577104,-0.0027925228707881204,0.002723139846943601
2006-06-01,0.03347214533284394,0.03135225205837068,0.029321874209354098,0.025606363705659607,0.030801653066628427
2006-06-02,0.005143342221219736,0.005186858355236558,0.006909202222717209,0.005967548344896276,0.007391522872083486
2006-06-05,-0.026546769120838268,-0.025088112343760138,-0.02266683730820419,-0.021955076487567917,-0.02317146073473097
2006-06-06,-0.008789492227462293,-0.011883894924712207,-0.014856226531394503,-0.016923563443855476,-0.014807625628044552
2006-06-07,-0.03451883451761713,-0.03249356975850494,-0.023807755189437337,-0.025570883997760786,-0.02333862979515438
2006-06-08,-9.158653606966744e-05,-0.0019159960556553637,-0.005711550834891396,-0.005070317003313621,-0.006141702228781138
2006-06-09,-0.0010015345242447976,0.00031367470944992145,0.0012813588431156856,0.005091786585257005,0.00040282165846403355
2006-06-12,-0.04499922549765811,-0.04086027465360494,-0.029037502816931626,-0.02796684345591936,-0.02963149042198992
2006-06-13,-0.02695852347807016,-0.028113880510948097,-0.02757098089804666,-0.03040114887371751,-0.026781002561840926
2006-06-14,-0.010977585289574814,-0.011099937090573461,-0.018293616536946822,-0.018114644882292218,-0.0175274774651914
2006-06-16,0.04666308237717286,0.04634113199694511,0.04391751661632264,0.042164148544693095,0.04474999053208008
2006-06-19,-0.011070696846702152,-0.011682470395603295,-0.012039303451028991,-0.01523007077983574,-0.011048371578888617
2006-06-20,-0.005777255160815439,-0.0036746429783396117,-0.0006112475904389804,0.0013724831421659568,-0.0019293905280613117
2006-06-21,0.02447079435240454,0.025291243099038817,0.024943357021454525,0.02970735229982602,0.023434050396524724
2006-06-22,-0.009773873922105946,-0.009421016248839106,-0.010103482147192373,-0.008452640191702637,-0.01077157383887805
2006-06-23,0.0067536806367624585,0.0071591233609123225,0.008380182822152079,0.00799485988713727,0.00831771846452935
2006-06-26,-0.0019506181274012919,-0.001134686727186077,-0.0012721729511015693,-0.000811426377303145,-0.0015584546059918083
2006-06-27,-0.0012402429251246938,-0.00393537565808095,-0.007928965830648428,-0.010235490379758806,-0.00717155241439767
2006-06-28,0.013035598951502013,0.010679658110840533,0.007708532974723848,0.005818604317201977,0.008488586983901399
2006-06-29,0.05091442939575569,0.047537383450576606,0.0357406075582537,0.037229203654180656,0.035980709734154515
2006-06-30,0.007974276363605603,0.00886729412945847,0.014030767859389703,0.010175989740106785,0.015462012187529827
2006-07-03,0.029533978199326443,0.02879388922815989,0.027665725208485502,0.02477444042729542,0.029276041673210153
2006-07-04,-0.0020307138321619795,-0.0012569119701504657,-0.00134327206346064,0.0020397736029662957,-0.002550050453703121
2006-07-05,-0.025008814468001545,-0.023030814320440317,-0.0195551837971518,-0.015658177468886463,-0.021515410719712413
2006-07-06,0.010066353206966581,0.010427676606237791,0.01125065826607639,0.010552583120764375,0.011317930020181433
2006-07-07,-0.014497635854294012,-0.013598221719662244,-0.012139133236640457,-0.01072234196814147,-0.01238492364249395
2006-07-10,-0.0011044429609442217,-0.0023796205361128354,-0.0069837733742125555,-0.006871756814814404,-0.007045072572647399
2006-07-11,0.010575072227006559,0.009833512815982109,0.006821397768854265,0.005905831053870084,0.0065989528058789495
2006-07-12,-0.00887487581057668,-0.008436612028473046,-0.008869787791411815,-0.006766075619220693,-0.010111547310587821
2006-07-13,-0.027788582320165223,-0.026500215968168043,-0.02729341901819779,-0.022870816549321157,-0.028171503727144692
2006-07-14,-0.005221601314524434,-0.006516181658525292,-0.012921902696172785,-0.011380806927618918,-0.013971405107532676
2006-07-17,-0.017338751476535783,-0.016253933269329262,-0.01068575354181879,-0.009165185818609811,-0.011280010245493438
2006-07-18,0.008919134070228976,0.008996210535727963,0.014188726823457953,0.009728293404795838,0.015587718331012078
2006-07-19,0.04456188226270802,0.04134133645429412,0.028684602750948994,0.028822466939098627,0.029521796296338894
2006-07-20,-0.019920682284105956,-0.018500208052576805,-0.012880302363779511,-0.014857950604560398,-0.012586726444105864
2006-07-21,-0.004594748554554419,-0.0034241671142038526,0.0015867988891992376,-0.0012819659017835796,0.0017014032828334418
2006-07-24,0.017980209070826994,0.019878146732769778,0.020532690637533532,0.025909384250347098,0.018432168679276467
2006-07-25,0.014850484036476323,0.013775413464782373,0.010910567361474412,0.010172936339675621,0.011321347158208388
2006-07-26,-0.002162669895814648,-0.0019042903673684793,0.0010503568258608716,-0.0022336556453708837,0.001800793317569484
2006-07-27,0.007180667612759499,0.007085826943707045,0.008171321147299595,0.007541941551075696,0.008296114273303354
2006-07-28,0.01264996243686848,0.01196663385921358,0.008601557119461582,0.009378396824295634,0.008902602740635972
2006-07-31,-0.005268300031757068,-0.004721753584308688,-0.002406328069961457,-0.004591224697700735,-0.002083024714859514
2006-08-01,-0.012033000290216802,-0.011218662513629627,-0.012944443132385991,-0.008411230214444416,-0.0145512648591189
2006-08-02,0.010904782956963168,0.009106101160497388,0.0032010003983659,0.002073447845520344,0.0041325644485244095
2006-08-03,0.005697897128564828,0.00541592755411029,0.0069034939366437315,0.003826164416649293,0.008034864687063662
2006-08-04,0.011729255936755726,0.011768062000503472,0.010390093197497174,0.011507757068026087,0.010720429384859445
2006-08-07,0.00011237519995576793,-0.0004244832866222624,-0.004280852985068882,-0.0005307492501848993,-0.005297947426437518
2006-08-08,0.0028101714346038887,0.002424919713417073,0.004184800293334105,0.0032913638898579983,0.0048129419253847144
2006-08-09,-0.006968320937098367,-0.005305259053871341,0.005267082688340771,0.00598616783309093,0.005150196147138389
2006-08-10,0.007192400257371691,0.006644035545446224,0.006224010133535022,0.005067658576103579,0.0054912305454925744
2006-08-11,-0.01036091579307536,-0.009195426910645808,-0.0028847984660370866,-0.0054831776634311595,-0.001912848161219808
2006-08-14,-0.010840230887032933,-0.010577672915399298,-0.006555852815918566,-0.007708099603119642,-0.0064985656426972994
2006-08-15,0.015001772200414404,0.015485259507001432,0.019242319879520624,0.01549446102809693,0.01970032004715734
2006-08-16,0.008720061719364312,0.00873775055780095,0.007973564744719773,0.006719242775889915,0.008665545685415343
2006-08-17,-0.0006840724893828582,-0.0014057466208942737,-0.004633941695644647,-0.005365624888352641,-0.004209120169089511
2006-08-18,-0.005652702242465864,-0.004005311762175664,0.00071488143554376,0.0025382361146365374,-8.32022445328572e-05
2006-08-21,-0.011758754976328228,-0.010912789926201039,-0.008692048200084448,-0.0064985466831153,-0.00973501993803612
2006-08-22,-0.01177783032488551,-0.009773594142654513,-0.0035193773592507287,-0.0033967182595609703,-0.004079341911433247
2006-08-23,-0.03105105693446243,-0.02912431597881661,-0.023484324905828857,-0.02371298250860831,-0.023819137823199173
2006-08-24,0.006468800083193798,0.0062189246265216495,0.0065852440961349365,0.009081003529981226,0.005737106715642527
2006-08-25,0.0031107204328374057,0.0027989885237970583,0.0033082832893212024,0.0014146369350350597,0.004620888303879371
2006-08-28,0.012660351792343469,0.01227176430450446,0.008353454650255096,0.006298275249340759,0.00895038865486747
2006-08-29,0.0016619480186792772,0.0030490733141788524,0.009455868729906478,0.010457881653216039,0.009309190353826581
2006-08-30,0.00614077651934453,0.009358064836717401,0.02470747156449898,0.020959234106172744,0.02463972750077943
2006-08-31,0.007959833107000007,0.008867250528716258,0.0167856940522228,0.014043170994605846,0.017955128555332052
2006-09-01,0.023459503965604787,0.021008350498983336,0.008073030168601898,0.009167109810666322,0.008249654896049032
2006-09-04,0.014075980103367542,0.01381737064501335,0.013817080386529476,0.012735820736159977,0.013928304661701692
2006-09-05,-0.011361181415674184,-0.01155276181312203,-0.012476999554457375,-0.011091312809069194,-0.012619476709923087
2006-09-06,-0.01542189344417437,-0.01343953839900183,-0.006067075063132541,-0.004998508043038988,-0.0070871429123915705
2006-09-08,-0.0005468280413677092,0.0029980707852058147,0.020429270547223884,0.01714218637223555,0.020193583332382692
2006-09-11,-0.019918077194116805,-0.017638873561354837,-0.008062184210093686,-0.010306917098436763,-0.008398572893918831
2006-09-12,0.008384210880213492,0.007522227899488606,0.007348855055564521,0.005812959226127718,0.008104451565910649
2006-09-13,0.010849658533073953,0.010494852720349078,0.011838585112615093,0.008474787834177693,0.01308138986975695
2006-09-14,-0.013050162642435248,-0.012034224710140352,-0.008775097826589117,-0.007516181240149321,-0.008831423829148711
2006-09-15,0.0018959684818080154,0.0012898599755646457,-0.0004214455898255104,-0.0008824606329193484,0.00021419783635079218
2006-09-18,0.007353277253017546,0.007753762649891003,0.004287152766900074,0.009826800716086303,0.0025224083533278733
2006-09-19,-0.014216832572955185,-0.013302679246087355,-0.012303825354542438,-0.00935697474391946,-0.013139668832736198
2006-09-20,-0.017243040159838532,-0.01468742774601424,-0.007277349942940975,-0.005212902550987081,-0.008422675118577232
2006-09-21,-0.016169810972907334,-0.015563380234994664,-0.016920679475758864,-0.012298943256009956,-0.018105908710091094
2006-09-22,-0.007432046403169601,-0.009034127375870095,-0.012556605603690898,-0.016143118129911677,-0.011764807739891364
2006-09-25,0.007627730216120249,0.006945570547015274,0.0033520110243397522,0.003810519893064101,0.003149022911639614
2006-09-26,0.02415742144480493,0.022391638944398544,0.019867347679363108,0.0162314236914777,0.021693134382576498
2006-09-27,0.005545903863188834,0.005034991682364623,0.0015428520624439308,0.0026172002232128988,0.001469533872379958
2006-09-28,0.007184664639443066,0.00469956761239655,-0.005662965935926341,-0.0077859289680506346,-0.004661537827322881
2006-09-29,0.0015441603332971288,0.001672012932336276,0.0027316068997434192,0.004907912162024328,0.0021173572123150317
2006-10-02,0.0162313429034539,0.013697232433823463,0.008928846153894143,0.0026401027125820343,0.01139422651316806
2006-10-03,-0.011434155049362734,-0.009829532375226532,0.00118541216888341,-0.0030667568241564422,0.0022230987777625806
2006-10-04,0.02523433114718092,0.024359856211059183,0.018111914072181715,0.018063878690631467,0.01818007771081409
2006-10-05,0.004432979852517706,0.003598097275304575,-0.008118846463782099,-0.0010543433280120586,-0.009898851662198489
2006-10-06,-0.002958084933089413,-0.002387342387142186,0.0007514792302812875,-0.0002758457744897261,0.0008085967455862858
2006-10-09,0.009798354635130627,0.008784858261067091,0.004645963932254085,0.006314225483159382,0.00445850421702386
2006-10-10,0.010752693883733996,0.01037971196311189,0.010802733539725166,0.007288538884925236,0.01152771875333869
2006-10-11,-0.008694837333317678,-0.007944427584996184,-0.006995230365223121,-0.005597487334688912,-0.006886233232270923
2006-10-13,0.004939817071151964,0.005961159180875999,0.007293415704627374,0.009803995873835347,0.0061532255743678285
2006-10-16,0.008392148271309512,0.007960170873288621,0.004958083595071878,0.005538243386691588,0.004673006347758497
2006-10-17,-0.006968892422006124,-0.007767770039759557,-0.0063219901232105654,-0.009790088010175703,-0.005271634676801738
2006-10-18,-0.005890207403351214,-0.0049224214825241835,-0.0005559101233192491,-0.004432032199614901,0.00013593982377570614
2006-10-19,0.006136662238250573,0.006102931552304847,0.007462832662478073,0.004089601599319417,0.00883524675127222
2006-10-20,-0.0056292341816855575,-0.006118914316460132,-0.00628738409421851,-0.0064541121690514435,-0.005918815263505875
2006-10-23,0.015625435807426962,0.014054695942341914,0.00935273402085928,0.008782297230787958,0.009786236525802927
2006-10-24,0.004830556616026369,0.00444410005693461,-0.0008166806371973636,0.002140256207582086,-0.0016840068350163313
2006-10-25,0.0022516691390174356,0.004699474498396186,0.01102911529520025,0.016208987353202073,0.008520162727980281
2006-10-26,-0.002524520529359468,-0.0026925657093860344,-0.0026956033055890415,-0.003456050392176071,-0.0023500669801511205
2006-10-27,-0.008293006796503428,-0.007986084054886024,-0.007749892026642192,-0.005609976819031274,-0.00830876911645977
2006-10-30,-0.008730488723597475,-0.0059671499742660426,0.004117720567294161,0.008252824297484208,0.0027753313758936992
2006-10-31,0.01513760322115283,0.013530194907711462,0.01637881611699328,0.007322153066156058,0.01923338251438298
2006-11-01,0.011784133930992532,0.010554052112582197,0.004727685267468511,0.004046932956118867,0.005298563759676226
2006-11-03,0.013020747710056728,0.011724538803806216,0.0072847009630969285,0.0063377527376758565,0.007862328334560305
2006-11-06,0.017772976502438784,0.01665798611996898,0.013207367692468434,0.011383688409159168,0.014242361385936347
2006-11-07,-0.006982329431647579,-0.0049658113523499275,0.00034947648027003255,0.0029616451843607248,-0.0010028535102187548
2006-11-08,0.002570349633396098,0.003827522316600592,0.00847718004417429,0.01080560841622527,0.007223573693716006
2006-11-09,-0.013514043454252894,-0.011001771319585272,-0.004251549800841115,0.00047821965632549633,-0.005661475093192632
2006-11-10,-0.0054326106330704685,-0.0050568950651835205,-0.006058309029681302,-0.0025202760462055495,-0.006998367479549054
2006-11-13,-0.0004225474466858014,-0.0017627760549423367,-0.005100375597915397,-0.008957832047281582,-0.003461534557651465
2006-11-14,0.01441735389940089,0.014569130727272537,0.013950503486418572,0.013365188876375847,0.014098558329970774
2006-11-16,-0.00446734638058797,-0.0025943767328021486,0.0023027004721519195,0.003404373501098723,0.0015175144223430386
2006-11-17,-0.0008068735381801481,0.00034699365861647676,0.004279326273440015,0.005132140341449611,0.003638819870654037
2006-11-21,0.010401542174510708,0.009817636092070165,0.007880205930829923,0.008221719487984563,0.007638849001725359
2006-11-22,0.011369756604713135,0.010690494162948273,0.010486129862169718,0.007598205833458834,0.011388959380758498
2006-11-23,0.008456754998237013,0.008453514428331848,0.010419623367765262,0.00973624291842571,0.010257772454235805
2006-11-24,-0.00787295875560872,-0.008604400250605932,-0.013179895287603978,-0.01296425252772141,-0.012809538794397612
2006-11-27,-0.018560613892711166,-0.016118330833487154,-0.009261199410739822,-0.007101781059267118,-0.010629083546675201
2006-11-28,0.003973145525102848,0.002546035774089296,0.00048632023893212684,-0.0007252005107835145,0.00045674897009169674
2006-11-29,0.01945230343038841,0.01810813075688597,0.013149290896608663,0.014454459276898975,0.012760338736240632
2006-11-30,0.003569907933482741,0.002811802420148411,0.0031214938612736443,9.09985291371163e-05,0.005400683632972743
2006-12-01,-0.008089655642543136,-0.008431521507611246,-0.008851290189181727,-0.009872392572599708,-0.008287290377878549
2006-12-04,0.025915037524781387,0.026075430255525955,0.025694666630301073,0.023869368177823334,0.025521035495859372
2006-12-05,0.009260461767752037,0.009748971695354346,0.008027252249428168,0.010587009805857377,0.007088146749254339
2006-12-06,-0.0018220797764738298,-0.0015114509051666258,-0.004250965784592392,-0.002580739933259327,-0.005329893381544396
2006-12-07,1.807331909101876e-05,1.755532041439363e-05,0.0001960475021722198,0.0025422673739812604,4.676854516994937e-05
2006-12-08,-0.0011659828765302103,-0.0025805492443423334,-0.007535691230878743,-0.010430827168439545,-0.00624571979957865
2006-12-11,0.006963712487632246,0.008319096543267374,0.011927295326097145,0.01310528351970315,0.010980199167900672
2006-12-12,-0.010459224977541445,-0.008007295354168859,0.0008724474265707399,0.0031214553645869834,-6.869572127972856e-05
2006-12-13,0.007217811539916816,0.00847863876993827,0.007463982977295851,0.013106061905021593,0.0054644048772902135
2006-12-14,0.008889058171842802,0.007768054501212157,0.009839362724074931,0.0037850113922663887,0.01370419114463669
2006-12-15,0.007131750201539057,0.005984209370543596,0.00769288055112908,0.0005747693130990592,0.010915749934766926
2006-12-18,-0.0017056128563315259,-0.003663277738724865,-0.006248113966537285,-0.008129957663198881,-0.003473564159253499
2006-12-19,-0.0031207367008449652,-0.0037417210110210057,-0.0064447143042589364,-0.007909116705534387,-0.006056974541632157
2006-12-20,-0.0016143460748624303,-0.002917822697517312,-0.01110742175129524,-0.007822036253121126,-0.011765121446148562
2006-12-21,-0.0018676379974553285,-0.0007086956753869548,0.001582463590730001,0.002656693577194904,0.00038398757462605195
2006-12-22,-0.0011665976152139962,-0.0013708154945375626,-0.0018514692946411248,-0.0011619559839954993,-0.0011146862152720226
2006-12-26,0.005625244540882847,0.0053113820989181566,0.0031147324746884568,0.002802615915163182,0.003379313800892697
2006-12-27,0.019203562366236587,0.019294389931054187,0.021166417931301224,0.019205022784963957,0.020924216640188523
2006-12-28,0.007460125637587684,0.007108967650047983,0.0067861779295082855,0.006026067571397368,0.007669625377163685
2007-01-02,0.017445198977642563,0.015731089239264327,0.013779036225212463,0.008803884880483148,0.016498477747459283
2007-01-03,-0.015479816682324999,-0.014484690410425948,-0.0084413758225785,-0.01212179355683682,-0.009219759879293658
2007-01-04,-0.0024655036098294317,-0.002962511067590639,-0.0013262271926795936,-0.007153977953427435,-0.0012588023529432567
2007-01-05,-0.040513346504040676,-0.04040907796736212,-0.041122964771170785,-0.03912550268582454,-0.04310343239516064
2007-01-08,0.014887953178015327,0.01397207662524476,0.005097907472565386,0.008594192337219964,0.006389934346353913
2007-01-09,-0.01660470531175709,-0.015951406424777083,-0.01752430289951741,-0.013679756082564198,-0.01884376776540415
2007-01-10,0.003699223646331271,0.0031706606584471493,-0.0011930840579787853,-0.0022436990324935712,-0.0016390288676698856
2007-01-11,0.008620281744917444,0.009501769295847558,0.013611519124271087,0.012186276529628125,0.014326671917476864
2007-01-12,0.0042956707578820225,0.004107832090032866,0.0011512951441411661,0.0033166441008240597,0.0006490915049387849
2007-01-15,0.0009257291996880236,0.0019133270923092224,0.008366552846869121,0.0033951553560141344,0.008543174158219757
2007-01-16,-0.010100558611543447,-0.007908581792329509,-0.0016155503234331163,0.0023920829281741172,-0.003277834682396083
2007-01-17,0.0014460074491645116,0.0012827042623161289,-0.0007206752163698581,-0.00018040349828806932,-0.0016777310144151436
2007-01-18,-0.004457308204245426,-0.0033332357489283377,0.0016417835348814767,0.0007689396491978918,0.0003998399578438712
2007-01-19,0.02054077595293534,0.018298034481359252,0.013755156712089937,0.008726101956236524,0.016422520943950115
2007-01-22,0.00318781608310232,0.0026099360994029895,-0.0009247949505639492,-0.0012868901194862162,-0.00015302627496035278
2007-01-23,0.00950741289158677,0.009985215620405767,0.0021794908994807664,0.007789623304711313,3.064763942542035e-05
2007-01-24,0.012964726668942626,0.01089770102170096,-0.001184453740457424,0.0008459314488936155,-0.0008714719295214882
2007-01-26,-0.004897773023836351,-0.00526431342360574,-0.013995255753894034,-0.0061791236132348925,-0.01738344388780346
2007-01-29,-0.017636558621278393,-0.01641457060633673,-0.013436907696393847,-0.009752988313958154,-0.015628271844586216
2007-01-30,0.008108105350817279,0.009093116238630093,0.01333316924159222,0.01665495072549048,0.01161346534855319
2007-01-31,0.01208924241368407,0.010548725394615502,0.011586428004151144,0.005563844202175105,0.01561353977783101
2007-02-01,0.0034484684368201396,0.003221661586355924,0.0043680044940076525,0.0035242692508728963,0.00362682819794863
2007-02-02,0.007157482736500936,0.007609692183835398,0.008039548604610256,0.01122757861410309,0.0073952586463731235
2007-02-05,0.006210768317752975,0.0037282679115786315,-4.4779424220136015e-05,-0.0029173928322669598,0.0016269787087115528
2007-02-06,0.0022769264277904596,0.0019506808149181301,-0.004142550436458347,-0.003396073835986313,-0.004891045367842033
2007-02-07,-0.016616755383901755,-0.01070423474321256,0.004964654015610343,0.011669678977024187,-0.0025278126285709075
2007-02-08,0.004112425348610006,0.0038098832988000034,0.005170378970902474,0.003114396396942094,0.0057891905449618175
2007-02-09,-0.013289752025307364,-0.011479797422276599,-0.003113708704310179,-0.00010283250279113356,-0.004025942344694503
2007-02-12,-0.005574192311570747,-0.005729462398372219,-0.004050905343160004,-0.0072722852205727604,-0.0025245548901727355
2007-02-13,0.0269233033255823,0.024822926344985556,0.021529478820393265,0.018502703871606845,0.02266493354749089
2007-02-14,0.014118411181939287,0.012778239659524515,0.0033425600835570103,0.004766195134486788,0.0041670595178554815
2007-02-15,-0.0028437822407376937,-0.0021929603453549194,-0.003064067743911392,-0.00019883370317956854,-0.005005896647361951
2007-02-16,-0.0034787682667859936,-0.003249120548057265,-0.0014050281295768018,-0.0032496471050493824,-0.0013603071087713314
2007-02-21,0.004066767259285365,0.003956024994196202,0.0013053718615940052,0.0025641232074947325,0.00149326784604713
2007-02-22,0.009088974752250404,0.008984184508247412,0.0121013752456793,0.010148720110501488,0.012914237547174214
2007-02-23,-0.008326539977772093,-0.006652783536313448,-0.0033271960910455072,0.0005085789255420011,-0.0051571210090567265
2007-02-26,0.0021256583444155494,0.00012182525990865351,-0.00791093656792661,-0.012455056437546613,-0.00527166523865963
2007-02-27,-0.0556493417345144,-0.05064515445342267,-0.033590982344926905,-0.027578363193985676,-0.03919765967151605
2007-02-28,0.00847341250045128,0.006484064870493465,0.0004340780434190261,-0.002663613108077556,0.003105329400665183
2007-03-01,-0.002329469942474134,-0.0022412716672904004,0.0006052193020349341,-0.0018016054166416196,0.0014536652775599176
2007-03-02,-0.030382735709380184,-0.028239211796830373,-0.02231935412606453,-0.017586925174948136,-0.02318120722546064
2007-03-05,-0.026243897941746377,-0.023980580325137127,-0.018764574288663877,-0.013160205180746462,-0.020825906704561088
2007-03-06,0.043746255998314144,0.04118104606966015,0.03507293955941381,0.02945678851843559,0.03576205028638608
2007-03-07,-0.01043063889207298,-0.009392437245881917,-0.008376770587968265,-0.0076370766463313335,-0.00887517041348552
2007-03-08,0.0177902984219236,0.017846926151528313,0.01809407079681543,0.01424581435310009,0.019011430759054846
2007-03-09,0.015112278759641357,0.013070633965092842,0.006820139792579617,0.0028572622117531642,0.008736764953455873
2007-03-12,-0.002563068217007932,-0.0027968949923828108,-0.0018725878802405699,-0.003310961646727089,-0.001188746489790136
2007-03-13,-0.03141108013587381,-0.028125597331086882,-0.020685607279920408,-0.01447480375206566,-0.023119890271364532
2007-03-14,0.011066328936784598,0.010195265773772414,0.008109329381022079,0.005810969996384271,0.009098682216898845
2007-03-15,-0.0009120692072179647,-0.001803822861451017,-0.007855316862232235,-0.006341339172694192,-0.0077460543221351385
2007-03-16,-0.00894629042194151,-0.008818462182173914,-0.007183591957973162,-0.007068364486128666,-0.006376372292917482
2007-03-19,0.023860492732739214,0.023121476692655615,0.01908081648481067,0.02050204833475615,0.018319817910019187
2007-03-20,0.01168835197519921,0.009956607456581983,-0.00018925488328272455,0.004680347355668176,0.0005802315757366615
2007-03-21,0.024893122532999398,0.02334364976866779,0.02194751739654669,0.019090200596714423,0.022860928992131338
2007-03-22,-0.004627708179083146,-0.0038229169313232503,-0.0035623296137718484,-0.0012712159553843864,-0.004852162177331911
2007-03-23,0.0076056524367089755,0.008509265204059794,0.010957915678973003,0.010822191568984174,0.01134759356109216
2007-03-26,0.0016293267521697377,0.0016499193360541423,-0.0010407145506265685,0.002170876471153063,-0.0014162753231495102
2007-03-27,-0.00870719511130137,-0.009239747741732692,-0.013851962688162056,-0.010991454175415465,-0.013604818618182211
2007-03-28,-0.021524958805382813,-0.022189925348486572,-0.016512699470238642,-0.026988744788661888,-0.01639646629368504
2007-03-29,0.012017602069977887,0.012031052582055224,0.010236847899111107,0.015713329411986707,0.008814016713773132
2007-03-30,0.008842200874226961,0.00823313532967281,0.004345135661605759,0.0062534292277500545,0.003016164317910062
2007-04-02,-0.007089361407841794,-0.006495766857550352,-0.004985662382173767,-0.0036182711502579868,-0.005268000336216017
2007-04-03,0.01365680292349876,0.011890355030949928,0.010585640939278817,0.0038069902357175727,0.013305177612837314
2007-04-04,0.009474418651713334,0.009665861467444888,0.014719175474491634,0.011699216832010691,0.015989764871051616
2007-04-05,0.0006754270745586242,3.635190816918634e-05,-0.002262672468968987,-0.003619910186979202,-0.0008043109927034383
2007-04-09,0.0010638268279438328,0.0008774570958833506,-0.004947303789398294,-0.001114277109267526,-0.004189115088239618
2007-04-10,0.004199088982300064,0.004188065720793559,-0.0009880958673890486,0.0033190981687296513,-0.0013565312207486162
2007-04-11,-0.012279616369124197,-0.010908394138687633,-0.010974370471305638,-0.007299239735581684,-0.01274275138652621
2007-04-12,0.0014599386851593945,0.0006936870158686576,-0.004286833158932996,-0.0010500835564035001,-0.004463349002193017
2007-04-13,0.009879147890300439,0.008454196519381292,0.0025545246274183155,0.0024582224964218753,0.003183673245125399
2007-04-16,0.018547862706369333,0.016866009556986517,0.00810326614841372,0.007132412683708403,0.0092306584267429
2007-04-17,-0.0017112159204110207,-0.001932787092067779,-0.0020348924386512732,-0.004888044124013705,-0.00022419997869158005
2007-04-18,0.0019170644179792137,0.0012200527192686849,-0.0007232262617379228,-0.0012846742347842738,-0.0007244398604216403
2007-04-19,0.0008971642613760801,0.0004079112412292647,-0.0002034944212753897,0.0012379038521180036,-0.0009198419618755376
2007-04-20,0.011984541021086804,0.011076603571582213,0.009630442090160432,0.008336901800849327,0.00973604358426889
2007-04-23,-0.004039894789703393,-0.0029403445535951755,-0.002175192133724874,0.0010127707905109814,-0.003689558793411809
2007-04-24,-0.0012650193200661453,-0.0006345270383368497,0.008175558889188786,0.0037066400039692587,0.008847653036022706
2007-04-25,0.015472895671402705,0.0145715464007097,0.010890757536764833,0.010107203244566135,0.012241155780116048
2007-04-26,-0.006498293967182269,-0.006113365436066975,0.000816930608123301,-0.0011407993659371689,0.002407514218699701
2007-04-27,0.0020804106583647026,0.003467511434898842,0.0070090127094314504,0.00699671854906,0.005600820920035164
2007-04-30,-0.013296079649897388,-0.010796625995785266,-0.004813504996153843,-0.0025957299840774152,-0.008260464270520745
2007-05-02,0.009553616477222526,0.009176061747267001,0.009910018316676195,0.012099505641411348,0.01145717389415689
2007-05-03,0.010984894695991752,0.010622369837652286,0.0029623470539754753,0.006447214210321261,0.001437892052670653
2007-05-04,0.008696779789359937,0.005773564963207143,-0.006428704978434591,-0.00902219908206201,-0.0034827974360603217
2007-05-07,0.000489397468088928,-0.0002731563864462323,-0.0011777108858882445,-0.0037524625661153155,0.00029340087024972827
2007-05-08,0.002632510839937193,0.0022814500671758577,0.0025382691408130046,0.0005370149558004863,0.003212487969150736
2007-05-09,0.019943314521218284,0.016854005130442447,0.004268408062080172,-0.0012915965141338799,0.006762340861561368
2007-05-10,-0.01523039232411732,-0.014084913744475108,-0.014352062340425492,-0.008780559826846118,-0.015407150805084813
2007-05-11,0.013298127724858975,0.014089962719666945,0.016692916059602467,0.01958201911772474,0.01579370169193311
2007-05-14,-0.00699018602784985,-0.006716863337941832,-0.005493514003642624,-0.0027490984528623537,-0.005788439294553123
2007-05-15,0.0032842052215298605,0.003018315435508435,0.006353706517013706,0.004798818690560494,0.00634917761229005
2007-05-16,0.024317844352300565,0.022447124998929122,0.015447649238373648,0.014634792160653281,0.01728318623831598
2007-05-17,-0.003425766660661468,-0.005330249282834981,-0.01586119919965369,-0.016405733293220644,-0.014002572690293105
2007-05-18,0.006207546320909188,0.006450733868125429,0.00957464972178423,0.006091951065589144,0.009148332852929972
2007-05-21,-0.0007679411439325745,-0.0017697416145708252,-0.007933788335780834,-0.0060172190509480555,-0.008307348933614758
2007-05-22,-0.009113083264882796,-0.008248494920386696,-0.008329357677615907,-0.006362056008456594,-0.009369165528944803
2007-05-23,-0.005561621538767733,-0.0030287435098990253,0.004009212605130126,0.006720107483475601,0.002043293978485426
2007-05-24,-0.023374377059243563,-0.021482717042337954,-0.014273567666986127,-0.012829683017976433,-0.01597080252738867
2007-05-25,0.01994297537951447,0.019432251680112984,0.018333046782150357,0.01890051033903367,0.01802119994905388
2007-05-28,0.01316001808971046,0.011504674047430892,0.004752544937169418,0.0018886511126746048,0.007366324702521208
2007-05-29,-0.006055566165557072,-0.005431230321503302,-0.0004775689042928743,-0.0014547507193239631,-0.0013126981854057744
2007-05-30,0.01231602636340385,0.01095085070886221,0.009660064255424356,0.005291018448766198,0.011010493453608815
2007-05-31,-0.0012993748444306255,-0.0009504663619677857,0.0026887740564267813,-0.0013109858579214493,0.005497201197767084
2007-06-01,0.01721441344910355,0.015112243791517665,-0.0033348453082433322,0.003926261587531305,-0.005407816014638838
2007-06-04,-0.004039702351485685,-0.0029339823635800657,-0.009098022634720433,-0.0013276285584526237,-0.012087409140509021
2007-06-05,-0.004396652565048354,-0.004436975728244484,-0.007951789962369421,-0.0038850286678657935,-0.009342392595512491
2007-06-06,-0.017957610900017386,-0.015982298975818023,-0.008891937493191102,-0.006467004758203345,-0.010637564313325812
2007-06-08,0.006592637589147204,0.006455401841537445,0.004336325169889048,0.005139354840932342,0.005117495108009393
2007-06-11,0.007318505108226127,0.008187873534954194,0.010433702541510537,0.01235239656312472,0.009917956280073649
2007-06-12,-0.01803406726205513,-0.01456454435749023,-0.005069795628546408,0.0002816599906891974,-0.008288406952247916
2007-06-13,0.02629619309614188,0.02741964337713578,0.03354987047191157,0.033793530497728805,0.03177145897082091
2007-06-14,0.017011059439961937,0.016184339084445477,0.018304844614577924,0.011017380778680093,0.020436043730410622
2007-06-15,0.020078578462585515,0.020635100171219042,0.023826072404159314,0.022345093496716133,0.02369648321906729
2007-06-18,0.004961521467399483,0.004520700036355993,0.005514222721756996,0.0036791842663227805,0.0061485817370531305
2007-06-19,-0.00365161306346561,-0.0041070813240471115,-0.008242545580531424,-0.007049299571738081,-0.008504467124221732
2007-06-20,-0.008890445084595789,-0.008407190657663864,-0.01167384474999312,-0.008087164132884624,-0.013212285241706638
2007-06-21,0.009652538460284965,0.01033880658659531,0.004808643489969849,0.014709162412147384,0.0018963141151544364
2007-06-22,-0.008214121565171977,-0.008898184419565417,-0.006355140253253315,-0.010307959569437832,-0.003944205554932766
2007-06-25,-0.004601069233037645,-0.0042587353523294265,-0.003159715326632939,-0.003949908891671551,-0.003853171217564258
2007-06-26,-0.004993112358842963,-0.004243215855980998,-0.004296270895212416,-0.0036233770901264216,-0.004976745761238842
2007-06-27,-0.00032609149095220145,-0.0007975057767640932,-0.0059596325378344275,-0.003546962085577261,-0.0068710840915014604
2007-06-28,0.0035653817395324217,0.0029550226146949376,0.003122051956514123,0.0014141630679941632,0.0031164628561180254
2007-06-29,0.003749645631132144,0.0028409861167059446,-0.0010777022299202515,-0.002700630492969954,-8.38122743031587e-05
2007-07-02,0.021952443044013475,0.02157322360995343,0.023341761283275347,0.021181984002712338,0.02345960330830367
2007-07-03,0.0033399409670208024,0.004389044096891504,0.00877907855323586,0.010429667403306996,0.007875445903338149
2007-07-04,-0.0038751690489230725,-0.003452762376615215,-0.002427894849086401,-0.0011347516423529495,-0.003171135216061962
2007-07-05,0.0005745958549189367,0.0011103677807902724,-0.000693868997855087,0.0030688332269441457,-0.002942001084946303
2007-07-06,0.005779213418175073,0.0035474046091833016,-0.001800126749436502,-0.005662179387396075,0.00011638856195722927
2007-07-10,-0.008338742041844543,-0.005978276482457015,0.00685937109621829,0.0032638211506744452,0.005550333303618293
2007-07-11,0.007797950109729807,0.007835665790358179,0.0034062069221082927,0.00870699898769883,0.0019349549688426173
2007-07-12,0.017652888300988365,0.01609559522900051,0.009103888673409336,0.010658102706567443,0.009383580767467363
2007-07-13,0.002868397252765165,0.0018248530732140082,-0.0008974890697495883,-0.0023060380475921167,0.0006345022967735386
2007-07-16,-0.002552522484099887,-0.003473165504765548,-0.003569903476879621,-0.009836331708215369,-0.0021309408113721045
2007-07-17,0.005937098397622945,0.0075788053365237395,0.01169052912047309,0.014441927563296087,0.010443805744267535
2007-07-18,0.0007711718208735,-0.0004444395404586076,-0.003042461212914455,-0.006415445125165406,-0.0012202670264644141
2007-07-19,0.010539912126389299,0.009288111488317334,0.009179775601342638,0.007777063974299757,0.010650885180860855
2007-07-20,-0.01488224197074372,-0.014593655058939996,-0.013361170845116054,-0.009878526002134867,-0.014181824919932664
2007-07-23,0.005661782329685058,0.004334705089407925,-0.0024845888375876627,-0.00183081427036901,-0.0025648075397305785
2007-07-24,-0.04125019790830603,-0.03936534571834309,-0.03298243836213079,-0.032248682879308,-0.035141551836505296
2007-07-25,0.004644439355759911,0.003439397729579826,-0.0027545405888802685,0.00013423135873657415,-0.0027732135233791916
2007-07-26,-0.038622882495140565,-0.03764776866377144,-0.03614983933815295,-0.03515860809204466,-0.03770288999001421
2007-07-27,-0.01617524262579574,-0.015670155916337615,-0.010538442413189316,-0.011526774222627593,-0.009366020928800302
2007-07-30,0.026611000546125255,0.024834131452393434,0.021241628413871637,0.014878904390881985,0.023443133419217818
2007-07-31,-0.004500167799275154,-0.005708668935614853,-0.009792390738387018,-0.012914749476203403,-0.009160538054222882
2007-08-01,0.0009728941037027918,-0.0007345040369020229,-0.004471197968825212,-0.007352518196355462,-0.002547962223117819
2007-08-02,0.00649153420073069,0.005251108123983352,0.0029407091606929096,-0.0012043296292714306,0.004145693616986402
2007-08-03,-0.02663632311845735,-0.02453426599034933,-0.014896826594231917,-0.015406967039564541,-0.015948160986336488
2007-08-06,0.0041085804940742526,0.0060700728040382484,0.011567936303676371,0.012475136081097685,0.010080376298690765
2007-08-07,0.014999362187404833,0.01648666076536221,0.021627913285018837,0.02219263807883408,0.01940378719705464
2007-08-08,0.02342380202001086,0.02402649221745718,0.019160938485010597,0.025525044612696925,0.017891727987541205
2007-08-09,-0.03763279322038032,-0.03269302398468208,-0.025794969546149245,-0.014329769401559757,-0.03144206472875626
2007-08-10,-0.009151914180698065,-0.009700230662971033,-0.006332927876553819,-0.015635014201097454,-0.003499654583425111
2007-08-13,-0.005608891141286624,-0.0036876338151879866,0.0007223817083515409,0.0026941580209648938,-0.001137540175273188
2007-08-14,-0.03669911790708064,-0.03493489939558787,-0.03972078994487577,-0.032119174654865926,-0.04333667665149184
2007-08-15,-0.04009283759190281,-0.043311794717851564,-0.05384422711190631,-0.05922846954041998,-0.05022192303909051
2007-08-16,-0.0322869061433622,-0.032533631055847126,-0.03690254092483173,-0.029774285120989376,-0.039177109854108966
2007-08-17,0.02202967261353261,0.024284159971497254,0.036430888793194574,0.03145391668161954,0.03604850624740655
2007-08-20,0.021380110580461915,0.021998301072592187,0.026737558258904847,0.025792166053043512,0.028336940387904002
2007-08-21,0.008488182481749613,0.004308527236536819,-0.004244423869039025,-0.01049603895005473,0.0005025646836250642
2007-08-22,0.026797560400755514,0.02422874896952719,0.012634881173231017,0.015819945532794442,0.011854988885809895
2007-08-23,-0.0029035273795348826,-0.0025593070643197126,0.0016946442015594787,-0.0007710570381972346,0.0017345903969020323
2007-08-24,0.018769680677245784,0.017494482829757737,0.014821987831058918,0.012665864499519869,0.015376696280970263
2007-08-27,0.003649937428123075,0.0022355048692230643,0.002928517828537584,-0.003526926291101076,0.005361446490805867
2007-08-28,-0.027051447659970362,-0.02308738124853161,-0.015312771659217,-0.01036709889560127,-0.01932869964821477
2007-08-29,0.019216374079654337,0.01876143782777159,0.015182709586471803,0.014683061692162377,0.013945734202921754
2007-08-30,-0.0037079601682796217,-0.0033020292699557008,-0.0017680714938361837,-0.0010577253724781406,-0.0032871229491404997
2007-08-31,0.032209882080630414,0.03180064899096317,0.020664017595761634,0.0316466449083221,0.018199689177367896
2007-09-03,0.001478103082178014,0.00018141118100131184,0.0018642096441158973,-0.003737338616085875,0.004230557392848116
2007-09-04,0.00026181867312288516,0.0021194044919269116,0.009858375137390095,0.009168971074779068,0.008265279545431027
2007-09-05,-0.015615328699759824,-0.014021789497049394,-0.006242773414440273,-0.006206854204639218,-0.0074894304950681775
2007-09-06,-0.00029074099561362046,-0.001166951297581154,-0.00867786620802135,-0.005789610853286324,-0.009554796506727713
2007-09-10,-0.03618569611059805,-0.037329187998682234,-0.04158615041714493,-0.039458207096570636,-0.03987325736757421
2007-09-11,0.019086356149780034,0.0164512550909515,0.014643371471487737,0.007969297365566303,0.018300719843813627
2007-09-12,0.0007880634505787444,0.0002511405713120857,2.8593917430870357e-05,-0.0031922657775511265,0.0010277135900834762
2007-09-13,0.01807137105095463,0.015860473426772544,0.008239498701659208,0.00914988966881259,0.011030813369543351
2007-09-14,-0.003862245641822749,-0.0040685805291622735,-0.006395725977843169,-0.0036627924640710054,-0.006567564086083808
2007-09-17,-0.012564774961961712,-0.01063479106687333,-0.0032678978084680716,-0.0029479947121117457,-0.005976371464790358
2007-09-18,0.03755725031628681,0.03524373835860177,0.022581976700142167,0.025198526968244914,0.023563794626089415
2007-09-19,0.007207054511714339,0.005307327284280948,-0.003858489378308603,-0.0009080797283585484,-0.0029572084912532744
2007-09-20,-0.0031303866721108693,-0.0025416992465458225,0.0030662150067913845,-0.0012787453517912042,0.0031004856366447942
2007-09-21,0.01194548556698253,0.011829774873350588,0.010194846675201957,0.008400606497435086,0.010792015440741818
2007-09-24,0.015498861732834268,0.015376277821763571,0.008666851316777701,0.015679750580831875,0.006983420659701322
2007-09-25,0.0027491278223458417,0.002168528237183377,-0.001580784519164841,-0.0007453043341483045,-0.0013568424424532293
2007-09-26,0.015051966320073367,0.01358254464772618,0.00947725496720863,0.006909402237037234,0.010575005935014835
2007-09-27,0.01683561261283783,0.013820110845056044,0.0018430092805188571,0.0024728743275315066,0.003096635808608657
2007-09-28,-0.008634217073216592,-0.007751007361703737,-0.003852475166507258,-0.0033728493814042695,-0.004579586129590225
2007-10-01,0.02308677972549824,0.022185267975035623,0.0193205676463243,0.02255133429528506,0.019011842659878
2007-10-02,-0.0029930217858709107,-0.002231346157190813,-0.001440790425829906,-0.0028538625828147153,-0.0009661215649686538
2007-10-03,-0.020836332268196103,-0.01796935759768784,-0.0006094126936980701,-0.0075271584683394895,-0.0008187898188891948
2007-10-04,0.010135203837811595,0.010882850393682657,0.019464408708705395,0.017996173989016512,0.02025758289989024
2007-10-05,0.025948858732772407,0.02457255471353353,0.013680874545904668,0.020993482988085392,0.012452173009044698
2007-10-08,0.0058345340272227325,0.008165783190451973,0.015778938242201456,0.018086937940898287,0.013058221819317557
2007-10-09,0.011641200370410606,0.009275442445021119,-0.002265640712351818,-0.004003079065640673,-0.0004584450126595483
2007-10-10,-0.006150965483591165,-0.006267192406594372,-0.006925818107848116,-0.007147325280742659,-0.006623752474469861
2007-10-11,-0.011869120643147902,-0.011315433027921658,-0.005954054128880611,-0.005845444823915101,-0.00646389672758199
2007-10-15,-0.005062793650984312,-0.0051158218677748064,-0.010144180916755096,-0.0033459766871569334,-0.01163125145516821
2007-10-16,-0.018308840327039055,-0.0177402924869614,-0.013530507881999719,-0.017103112465027152,-0.013615503712511566
2007-10-17,0.017427096002586115,0.016440315169397937,0.011568181572105889,0.012464790318371916,0.012053283374370713
2007-10-18,0.00430967481583445,0.003544377275612045,0.0035370047365061636,-0.002106084192874077,0.0046356726541125605
2007-10-19,-0.030454232214090462,-0.028204336497388075,-0.018109245742307496,-0.018080307981298668,-0.019239362000877468
2007-10-22,0.007596687731692712,0.006996490344055337,0.0023174660908996353,0.0012614115730158308,0.0026791941989296056
2007-10-23,0.019508564527223986,0.018835041148529852,0.014295551729028896,0.01706098094246249,0.014923877077280271
2007-10-24,-0.0013857561555973277,-0.00014704147858916883,0.00496527053901415,0.0014238647230331363,0.006063722802727404
2007-10-25,-0.007531989776221398,-0.007961907283364397,-0.009377401420657402,-0.008628607911866187,-0.009384702808547191
2007-10-26,0.02270265319381154,0.0193950265267753,0.005610352006983742,0.004943681055533101,0.008236711455746334
2007-10-29,0.01097231715908723,0.010701883302860015,0.012346952688684666,0.010724749674060133,0.01307641766674321
2007-10-30,-0.0028899158115302977,-0.0031123114745825586,-0.0012932194695577637,-0.004567760100556945,-0.0009173979934249004
2007-10-31,0.011824897472225118,0.01027517371533979,-0.0008610840048454901,0.007881586038253143,-0.0012342479037403115
2007-11-01,-0.01806998808798057,-0.016969562869504955,-0.009186479239148442,-0.014079487542244128,-0.009331221772947991
2007-11-05,-0.0062664601357590504,-0.004823486337095185,0.0011362581914832774,-0.00033642314865889967,0.0005628280538094972
2007-11-06,0.020500235612439337,0.01954329561673121,0.014949701207784412,0.014042043364950515,0.015697487381847515
2007-11-07,-0.013971566859343311,-0.014064227995558863,-0.020991639079732657,-0.012194048336185256,-0.02182706932575218
2007-11-08,-0.020625607540373625,-0.01868244563296127,-0.024004475892926886,-0.006798772100535983,-0.02779255036993806
2007-11-09,0.012017335775347613,0.011524480469525065,0.015931590833654904,0.011135474608132264,0.01726500268943687
2007-11-12,-0.0378392404381965,-0.034387832033207555,-0.025592596628287778,-0.02021608345332573,-0.029434545221473523
2007-11-13,0.02059694510211204,0.018960920972303605,0.016669344119810334,0.012565422062938333,0.018497467891057592
2007-11-14,0.01683185298633097,0.013617010808723105,-0.0006845826798987538,-0.0013765276693339283,0.0005128046162819122
2007-11-16,-0.0007868978538334748,-0.002020018943560245,-0.004067921238920995,-0.005169157227367986,-0.0037548351421986576
2007-11-19,-0.032254859545872816,-0.029641280503192414,-0.017652788335569766,-0.017211101842476328,-0.01880906416342018
2007-11-21,-0.03984191803298642,-0.04014327500406467,-0.048949944338679253,-0.04107946532699458,-0.051804109717535435
2007-11-22,0.0003935640136140885,-0.000590589153441688,-0.0034453982572691466,-0.006944033549931007,-0.0007203542361284342
2007-11-23,0.0034895236459930997,0.0036293975847106127,0.0037693740497092188,0.0002968992775861804,0.003621062602219071
2007-11-26,-0.030491151689240808,-0.028913684772351858,-0.021865436047126714,-0.01835896212978801,-0.02281468091169115
2007-11-27,0.007174617050946809,0.006136951377176231,-0.004025823751688323,-0.0008405003150156105,-0.004806218945367957
2007-11-28,0.04179459333273506,0.039864847343526674,0.03314658319845399,0.027759988835001817,0.03616347342632084
2007-11-29,0.0036759574774562678,0.002106290325948554,0.0004511727873571902,-0.0021622712215817,0.0018127554223727384
2007-11-30,0.023119546097973835,0.021525910238926197,0.008457871533550473,0.012757045888800913,0.00784337963548034
2007-12-03,0.0037655903011203323,0.004413558663029395,0.0047037450873258025,0.0062521359499372875,0.004303933245926957
2007-12-04,0.0033384295066646997,0.004863882346086164,0.005642842539326877,0.010053936536107616,0.0036581689991763444
2007-12-05,0.01865526009440043,0.019779900508658792,0.02245130816267508,0.030444475025804472,0.020060007087970726
2007-12-06,0.010526860345367033,0.009454174664476773,0.003714222831664154,0.004053148359242349,0.004427372425115535
2007-12-07,-0.0024510321665282084,-0.0021752018545797116,6.058122990665489e-05,-0.0003709335031718626,-3.9383201983009134e-05
2007-12-10,-0.003686501747992594,-0.002902509951430287,0.0013102127352539285,0.00010891876239482387,0.0003632357233732109
2007-12-11,-0.022932316095399086,-0.022222871696972967,-0.014448199883921892,-0.023166534012122653,-0.013502319599876633
2007-12-12,-0.0058164426528020475,-0.005259553876571683,-0.002361926235609175,-0.004247478634958643,-0.0021253195125937783
2007-12-13,-0.022639991781999033,-0.020885324952626877,-0.010525242249668072,-0.014278124214691258,-0.010773658264681577
2007-12-14,-0.0053837979473238306,-0.004553210101534261,-0.005284876301422811,0.0024457838682667055,-0.008207098932920709
2007-12-17,-0.045484846846789495,-0.04607949553521012,-0.05195014969581083,-0.049634291539647185,-0.05125032192075435
2007-12-18,0.025401373959717047,0.02473872969831179,0.027503675812365225,0.01968011950388147,0.029836522979088075
2007-12-19,0.003711812204715296,0.0043090027992169185,0.0024258240373844654,0.004917206707704236,0.0008899330730706514
2007-12-20,-0.00848556230553765,-0.0086308957098225,-0.010447432252564675,-0.009103160361863379,-0.011480496853621125
2007-12-21,0.022158005487234622,0.020239110862112664,0.01651101948766735,0.00732791856632033,0.018622031735748956
2007-12-26,0.016503306951218943,0.01696679044837894,0.017839940348431175,0.018345759859996674,0.016386135016843634
2007-12-27,-0.0033894025416260037,-0.003664698110799585,-0.0035863070949085285,-0.005178112733921808,-0.0033702884737772925
2007-12-28,-0.010761104535575192,-0.010981723542683888,-0.013640686464333657,-0.005440346617893608,-0.01388945886929144
2008-01-02,-0.020312791270525127,-0.018731147799551852,-0.00559903720092561,-0.011691385079700765,-0.004903339777340444
2008-01-03,0.002340256900395681,0.0026107057448674833,0.007552404337868029,0.0028718563876085775,0.007657239152148405
2008-01-04,-0.023063062497631834,-0.021831885272560067,-0.017277226509996607,-0.013890080549976494,-0.01776230150192799
2008-01-07,-0.01091162861851809,-0.011856070686500618,-0.019704475887289907,-0.015571008284933692,-0.019232193545230147
2008-01-08,0.013576591301578365,0.012161953528073076,0.009046475828434018,0.007865362564278167,0.009663184273005873
2008-01-09,0.008258553268237444,0.008019622045326257,0.006987087189001123,0.009490150820643724,0.0062457619792714095
2008-01-10,0.008193003803552232,0.007645786478979795,0.00225097613297757,0.006884559586081574,0.0010902486366719771
2008-01-11,-0.01749607017032318,-0.016856769269296787,-0.007481238536461928,-0.01374883376515873,-0.006155316737151372
2008-01-14,-0.0005882248974902089,-0.0030688736084198785,-0.013478366702650995,-0.014950434474023087,-0.012571732389416177
2008-01-15,-0.03086205366238437,-0.02980032046995869,-0.026030617224748774,-0.030065030462830086,-0.025933718291266887
2008-01-16,-0.011083480425811606,-0.010449689288807303,-0.010934873776554438,-0.012175524223636495,-0.010425176393351698
2008-01-17,-0.03135060770828888,-0.0312276606752713,-0.02871235703271128,-0.027792179575034083,-0.029112978908613824
2008-01-18,0.006751843529333605,0.004763469148213092,-0.0030779024944867775,-0.005020938598005292,-0.0020765667400353092
2008-01-21,-0.06448517198157255,-0.06232572850599543,-0.05719193322604614,-0.0500810772482765,-0.058779884383801106
2008-01-22,0.03608439775807101,0.03581182930721227,0.036296974443899226,0.035820231756058675,0.035791677487910935
2008-01-23,-0.02843505869653783,-0.02710708292557334,-0.020762236299023653,-0.023270329292063244,-0.019788766771403603
2008-01-24,0.051214835577680244,0.04880184296109508,0.04206872349204768,0.040753061466288924,0.042986632973230174
2008-01-28,0.012632630070873122,0.012273073851654452,0.00875611787089327,0.0051067913973746,0.008743530667472417
2008-01-29,0.01428156362425108,0.011865838526755646,0.007716761010101733,0.0012079172216854152,0.009775159072596969
2008-01-30,0.003591330804601493,0.0021980920179634385,0.005664077454828453,-0.001213590382051249,0.007251085257406231
2008-01-31,-0.01855451990597589,-0.01689683323246819,-0.007847993154026778,-0.0015931249481351988,-0.008989405633606187
2008-02-01,0.024303973400895927,0.022865629348334332,0.015907011716128044,0.016990711163423444,0.014588846028423494
2008-02-06,-0.027201247402219977,-0.02541245925853212,-0.021516352372363275,-0.016017320187403247,-0.022343811092030687
2008-02-07,-0.0030995330630185012,-0.002821124054557648,-0.0039177578727538995,-0.0027152276584996938,-0.0045203879948914364
2008-02-08,-0.0025655150934274,-0.001735584715458976,0.0008272927443620786,0.003808293533164379,0.00010777046112623711
2008-02-11,0.03309416484150758,0.0317652653657261,0.024293686787079695,0.022879119502229716,0.024133457356149975
2008-02-12,0.020321444025060753,0.020332331213420672,0.02108546137922524,0.019042566625137626,0.0213298620772862
2008-02-13,0.01631436607560379,0.013968252144686829,0.004683350950315096,-0.0002969836767556565,0.007237409795689565
2008-02-14,-0.01055119892654306,-0.011453361855393376,-0.015420107842999508,-0.009849434432133266,-0.016251246345514093
2008-02-15,-0.0029064581391533076,-0.003866891539987858,-0.004780765878291898,-0.011647220530039382,-0.002243744183041736
2008-02-18,0.020394020967392033,0.01858270845843696,0.008637184798638314,0.008523962820289603,0.00992401267290622
2008-02-19,-0.0021944950022580526,-0.0028886999101421372,-0.0056973626393044706,-0.007834128788941262,-0.0058292919764203815
2008-02-20,0.020855903859140205,0.02016053408065871,0.014705480279484966,0.018221653594852387,0.013787968563594908
2008-02-21,0.006019901037687724,0.005620140626784782,0.004995723693558968,0.0054352558907467055,0.005831138629554176
2008-02-22,0.01715660749285626,0.016486307254099948,0.012133241211505118,0.0074438219759194735,0.012848558173522885
2008-02-25,0.007136505261762169,0.008127159687700393,0.010220762473689603,0.013677121116907005,0.009142233189469932
2008-02-26,0.009544838579984805,0.009619094815307665,0.008734048353590226,0.00865229917808551,0.009260795707212
2008-02-27,0.008695037038946106,0.009263407967033743,0.014280378026981629,0.010654408787169957,0.015733471622494218
2008-02-28,-0.004053977376223252,-0.004480295701619229,-0.004396992982544021,-0.0055562168638224165,-0.0028439052119290653
2008-02-29,-0.017304573476185428,-0.016495596904399036,-0.006136013243285013,-0.01142289220069663,-0.0038808293203164614
2008-03-03,0.017806239371517728,0.015465493825444217,9.586326352660317e-05,-0.0017762423081526136,0.0027946862082926585
2008-03-04,-0.011256825858027956,-0.01082153690439907,-0.008905213170776256,-0.00921742383846775,-0.008668831112352629
2008-03-05,0.014448830526101828,0.013390871791618224,0.010769796519075375,0.004669712753706426,0.0124412811868242
2008-03-06,-0.024718468300930704,-0.02281393706276981,-0.013788032962192193,-0.01080543230912676,-0.014977697339254071
2008-03-07,-0.021315589787224434,-0.021910416967888875,-0.021905880262566253,-0.02073094002204176,-0.022050193941974355
2008-03-10,-0.024990616493731584,-0.02290367679295043,-0.01810745601017715,-0.012045977715539564,-0.020035690815513194
2008-03-11,0.04023742080181998,0.037379658204555515,0.026261960241088955,0.019407408386165018,0.02871280461505074
2008-03-12,-0.0015861146860287108,-0.0026550794358113096,-0.006858615372596937,-0.00862965447798511,-0.007587867701528767
2008-03-13,-0.0013682568491053385,-0.003996572475198488,-0.01797531969318076,-0.021713535740066736,-0.018088746195284874
2008-03-14,-0.004122243483645817,-0.002961061176708551,-0.0022745835762113826,0.003653286149391314,-0.006307124156559963
2008-03-17,-0.033631532256433005,-0.03381071100327821,-0.03985298129432017,-0.03568529859897233,-0.04019310695710618
2008-03-18,0.02810348374313437,0.025209288777036477,0.017198033781106577,0.007769646804463256,0.019677015168335213
2008-03-19,-0.04372532344016504,-0.0407002070745338,-0.027219828179523793,-0.022248193801429242,-0.029026551407383458
2008-03-20,-0.004126094303135339,-0.004263113068069098,-0.00882893130536707,-0.007422142142168472,-0.009762103489866832
2008-03-24,0.007551940542565031,0.00882146706831141,0.015228500488550267,0.01943604906817051,0.012827673302031313
2008-03-25,0.014127930518889676,0.012916141952974455,0.007669396027389489,0.004308934255921723,0.008368640441959705
2008-03-26,-0.0029834803493948613,-0.004134829678257972,-0.0030602146443539256,-0.008691684306582476,-0.0019070445826199847
2008-03-27,-0.010255066877969845,-0.009311525382887952,-0.006033483971032235,-0.002573660750521723,-0.005664421266938161
2008-03-28,-0.005559405997819209,-0.005098899222088499,-0.00047306486278876365,-0.0017722537206254782,-0.0005205337148565074
2008-03-31,0.01402660388795253,0.014102975405971633,0.018250920534187136,0.010750460268137436,0.019577412658486247
2008-04-01,0.02654894017189719,0.0242656663455475,0.007283787491030965,0.008222471856249365,0.00789967888188066
2008-04-02,0.013141492117745058,0.012592540937260682,0.004387384092884888,0.0066103943908371755,0.0050482399027599965
2008-04-03,0.013432709840541046,0.013115300611793768,0.018653967404585622,0.010893164071534693,0.02003627470926709
2008-04-04,0.006985243400072053,0.006608155578094762,0.010786451471488183,0.0040629252435928805,0.010259373830494436
2008-04-07,-0.009239533368998125,-0.009646027620133717,-0.012688207062507662,-0.009424919710841747,-0.01411333916753253
2008-04-08,0.004545003171848275,0.0052135506894924275,0.004898231814271757,0.010059403744990482,0.001636730610735877
2008-04-09,-0.02481901748460634,-0.0253831709887907,-0.03413567855801921,-0.029505798185226854,-0.03519576703505057
2008-04-10,-0.001740688610018393,-0.0008943545136183757,0.0014816765282627963,0.005247464178379705,0.0005387741616115702
2008-04-11,-0.009667651634077911,-0.008865600999513739,-0.0015072215970759186,-0.005260166277522972,-0.0004706256723808677
2008-04-14,-0.013475803982006321,-0.01383394092068388,-0.01996070426116007,-0.020845193964178534,-0.019430714105793036
2008-04-15,0.007973320356012732,0.006509057212400599,0.003818541384556727,-0.0010675853175598988,0.005444393362166698
2008-04-16,0.023932437638716893,0.022603081137216645,0.01690036480478467,0.01931025823708734,0.01860028782074022
2008-04-17,0.008732825328747838,0.009639049097978407,0.013316764341433817,0.010526409537847607,0.0140454055191486
2008-04-18,0.00945963111450356,0.00999949143939518,0.017537766891204946,0.00989728295513933,0.018451184126290675
2008-04-22,0.004240350889655716,0.0034569296169000762,0.0034876788486050496,-0.0003936482260631332,0.0048918953020718565
2008-04-23,-0.00662669472200555,-0.007431098884211239,-0.013168419068369715,-0.008728787060152418,-0.012977160517635665
2008-04-24,-0.002223736066691861,-0.0009688465591511002,4.1253840518912926e-05,0.0004507725593690374,-0.0006972426755407646
2008-04-25,0.008927806787615346,0.008405864904198016,0.0032560405206191845,0.002149054804613643,0.0032443042984380433
2008-04-28,0.005212529899476772,0.0041858631372427395,0.0034569423724340877,0.005468542792321905,0.003190401660599325
2008-04-29,-0.0229881809533689,-0.021535227061810963,-0.015105774550305104,-0.010721789226813824,-0.01566670720819891
2008-04-30,0.05114807749207635,0.04939503477128658,0.050375754889745314,0.034024452979144665,0.05592730488050782
2008-05-02,0.011674098424276155,0.011458579290076303,-0.00874069439114708,0.009361669737206335,-0.010324297536636738
2008-05-05,0.0020490568099541073,0.0021763173072506005,-1.732872305407066e-05,0.0030711385123993514,-0.0016198248667384529
2008-05-06,-0.004826993661442779,-0.003448339914661521,0.0055167438168483435,0.0051045624447542196,0.003791935164143847
2008-05-07,-0.0173219409330901,-0.01628728100497731,-0.01210133907234728,-0.011213152472936382,-0.013032801147889255
2008-05-08,0.010017082929446442,0.008294394809036803,0.0009246638124259078,-0.0019790747756230744,0.002139712190883132
2008-05-09,0.0018155247262042636,0.001422599563784724,0.0022457885243538714,-0.0010812278213564587,0.0027553781346833237
2008-05-12,0.00997327597052277,0.009086895738321527,0.009731597714062956,0.0017534720467722604,0.00998243712446344
2008-05-13,-0.004140689777153013,-0.004598604907980826,-0.005381417675945008,-0.007983536498992043,-0.005472768082491544
2008-05-14,-0.008419297356513717,-0.007686803988943903,-0.0072325490439999005,-0.003034398014767293,-0.008014660611743427
2008-05-15,0.01807944259757955,0.01626871615730207,0.004657165996799794,0.005738742540073651,0.004126182481912335
2008-05-16,0.017499024689018178,0.015308029699612202,0.005235200572765395,0.001144288072612264,0.006334355703664795
2008-05-19,0.00769674041897067,0.007641352781262117,0.009440602876644034,0.0011326824537876202,0.010199980557061488
2008-05-20,-0.0012063983030172973,-0.0013468002622314787,-0.004696345419272148,-0.004044243424523672,-0.0048072108250494135
2008-05-21,-0.012924402222469406,-0.012168277001474504,0.0003427122272399233,-0.007619549472220481,0.0028775470384661394
2008-05-23,-0.012385358451194976,-0.013838902722013673,-0.016757598873901117,-0.025180277233675226,-0.013452169700035618
2008-05-26,0.0010101653988458914,0.0013877418484490142,-0.0006740230729875424,0.0022309502377043855,-0.0012725868844303215
2008-05-27,-0.006345027794111871,-0.007098426115173529,-0.013701376644254198,-0.015994431669520304,-0.01278838784746595
2008-05-28,0.03135910389665014,0.029076243977084297,0.02154815510719899,0.013252157248733527,0.025239253108671585
2008-05-29,-0.01639516816203184,-0.014892453350890447,-0.010413750407436202,-0.003448000991619844,-0.011076931096037256
2008-05-30,0.01934602873922471,0.018650935970935423,0.015639832461761396,0.014107894154500889,0.015015494299520836
2008-06-02,-0.010470202800321252,-0.01093434732775982,-0.014355224260015263,-0.015797685607527243,-0.012267612112095806
2008-06-03,-0.025699639816344967,-0.02465650161483049,-0.023396523733999273,-0.02091926430443665,-0.02401371927481216
2008-06-04,-0.01201569901231839,-0.011022526448922999,-0.015541198150650512,-0.005122094356359106,-0.01759352265664691
2008-06-05,0.03604062881003574,0.03335476638619443,0.02223267541310718,0.01620414753303727,0.024196000865568435
2008-06-06,-0.02322899765472062,-0.023212126886813622,-0.02119248614475333,-0.026056241861004033,-0.020329710918932032
2008-06-09,-0.003468244987176422,-0.0037396438132967637,-0.0034207066814114263,-0.009156172356271332,-0.0012450131983107074
2008-06-10,-0.017761421763663555,-0.016457682516881046,-0.010470542196694344,-0.006599547533655258,-0.011439363011597512
2008-06-11,-0.009852375405538459,-0.008254237938691546,0.00047947937584544645,-0.0013428258407842328,0.0015390191817485572
2008-06-12,0.007047438500600514,0.005939561886718839,-0.0052457409014428046,-0.002551036009539266,-0.0053739595502299824
2008-06-13,-0.004834072002258279,-0.004743081705396028,-0.001774125916583248,-0.0022961949927239825,-0.0015742610351797703
2008-06-16,-0.001050635555460901,-0.0019121807138763106,-0.004374739950562891,-0.007047782562082051,-0.003610121358983856
2008-06-17,0.016682243482735337,0.014010786474481887,0.005381879517812247,-0.0014782058819660087,0.008253821765980036
2008-06-18,-0.01902182012975624,-0.018713414165750897,-0.015048403731051289,-0.017787460960881893,-0.012903784652279936
2008-06-19,-0.004095548724642557,-0.004081153235749571,-0.003826300218024635,-0.003499588439071226,-0.00411641881433558
2008-06-20,-0.025591462814651512,-0.023287243594606412,-0.011837053123631688,-0.006641638688611465,-0.013556936269943712
2008-06-23,-0.0035775456404170914,-0.0033663864378488985,-0.0018734398669024842,-0.006773723205233323,-0.0013134322002382735
2008-06-24,-0.008895885531831542,-0.009834311988748649,-0.012100792799321882,-0.015742625359748588,-0.011250142670530714
2008-06-25,0.02140688843508417,0.019012490159332995,0.0057637257456802735,0.00385242818068811,0.006959295793167304
2008-06-26,-0.022108350840880902,-0.02006762055753692,-0.013785123385970311,-0.015719112558221674,-0.013021131690648564
2008-06-27,0.005512116873333149,0.004191186229358769,-0.0014682005189145713,-0.006982155112098178,0.0014306579978448095
2008-06-30,0.009242155364390735,0.008479112902959834,0.0032793999600563197,0.007085270590236638,0.0034173300564696316
2008-07-01,-0.022570439732342143,-0.020753684226895087,-0.014211096424197295,-0.011071238597944162,-0.015148719576500755
2008-07-02,-0.027612374179090092,-0.027135997000380267,-0.023567616835049394,-0.030389008983532428,-0.02086176160287476
2008-07-03,-0.029642004569127304,-0.029285010380296933,-0.030423340663241774,-0.02388071510374134,-0.030882931123508466
2008-07-04,-0.0001960169480339246,0.0007317324396189338,0.0048976694637694355,0.002780324873306598,0.004727912962005093
2008-07-07,0.0007384909870948161,0.0015666547517077265,0.005446800784113227,0.01117667515158768,0.003986987860608358
2008-07-08,0.012822628625821203,0.01405707070710338,0.019379997323111395,0.029888052456232484,0.01517019447872177
2008-07-10,0.01888449833324478,0.0188422189118976,0.01853618974021551,0.01075317036840122,0.020989068393401516
2008-07-11,0.0012954721518122774,0.0004425290863003541,-0.0012324999009681583,-0.007100086966929682,0.0003296668578774394
2008-07-14,0.0097423050758133,0.008545588576812556,0.003909059621116968,0.003168087566714833,0.005019398262596234
2008-07-15,0.0026472943783839922,0.0013189291539970264,-0.006907153318485205,4.355949160115549e-05,-0.008289627303035809
2008-07-16,0.02210692272697408,0.023507177364283843,0.02305747719781386,0.0406645192683706,0.018621396451498393
2008-07-17,-0.03266322162944792,-0.03105004351384979,-0.029145214976212495,-0.024710800970245327,-0.029803316546360828
2008-07-18,-0.003115104135147485,-0.0026845381579376614,-0.005831890849547792,-0.005514441679382675,-0.005466984381700338
2008-07-21,0.01644949283791384,0.01520146471034271,0.00919713059181175,0.013718761797624619,0.009295728703288859
2008-07-22,-0.01170944323686961,-0.009165499509279348,0.005949361506276988,0.00504700164044558,0.004240476978728123
2008-07-23,-0.00392188668917277,-0.004039364626932088,-0.0018474111388767167,-7.480193207063486e-05,-0.00254774319947978
2008-07-24,-0.0240550431251075,-0.023253848056236523,-0.019403292335025177,-0.018383056074163878,-0.019212187998368956
2008-07-25,-0.0014526690804462963,-0.0009849508626123436,0.0033109251478780077,-0.00035113607540035116,0.0039422685794516955
2008-07-28,-0.005251866172952074,-0.005141892832604442,-0.0025162655159666094,-0.004898021450499869,-0.0022801612244783753
2008-07-29,0.013621437280677875,0.011834179264610096,0.004631484714052218,0.0067380853984446674,0.003343740522161125
2008-07-30,0.02584922482942868,0.02264693190229131,0.017825291153916116,0.0058793284193835674,0.019714758279930973
2008-07-31,-0.003362447587021335,-0.003273137740073859,-0.0014413415646439918,-0.003595855560160805,-0.00024047705329326326
2008-08-01,-0.02339862044682489,-0.020185104947632874,-0.0071451092596037935,-0.007784478207538473,-0.007218073069542719
2008-08-04,-0.03884432349826914,-0.037696979343204214,-0.03860920058218813,-0.0263712056179677,-0.04112557669043526
2008-08-05,0.011177300956757386,0.011721305184446444,0.013233482994900205,0.017320918830559855,0.011897411457563765
2008-08-06,0.012103750203471979,0.011312004234897453,0.008997383308218167,0.006549245703910024,0.010203817109986905
2008-08-07,-0.009690659797558237,-0.010509823742666338,-0.014793489131316102,-0.015357666095871214,-0.01378935490406939
2008-08-08,-0.006322209108551664,-0.0071403274103278075,-0.00957101407517778,-0.008315808340871655,-0.01080013202290301
2008-08-11,-0.03240766041385553,-0.03253407890230284,-0.026709822632335765,-0.03333815042394701,-0.02722739258192565
2008-08-12,-0.011057353689219096,-0.009329834148578063,-0.0037653534103326176,-0.00022086926631333104,-0.0064335463646357045
2008-08-13,0.003087623975175365,0.0044949397690151015,0.009246060566230542,0.00788832865330776,0.008959342627652413
2008-08-14,0.010116628172364804,0.011537167510860648,0.01783365700448318,0.019319214832868466,0.017218071896074293
2008-08-15,-0.015464133555669213,-0.014269899159648313,-0.013538162927300132,-0.007728934601914523,-0.015270104089149361
2008-08-18,-0.012402714580902936,-0.010686001259317075,0.0014438971708580902,-0.0034074344601453727,0.002189065695859165
2008-08-19,0.0028842564293422605,0.0015957321069278655,-0.00646781194343486,-0.002177639573861154,-0.006154419550446049
2008-08-20,0.02384988992866705,0.020903416598226664,0.01436982527914354,0.015145286021207599,0.014108566246433578
2008-08-21,0.006325084188252268,0.005518881823722342,0.006471174594308269,0.005145070961273647,0.00697234042167392
2008-08-22,-0.0003697095586567132,0.0011772744924655621,0.006507106064033862,0.00595256890306252,0.005154263221007141
2008-08-25,-0.01914279762723251,-0.017880563387070926,-0.01125240522070552,-0.015795942584208647,-0.011457238064535222
2008-08-26,-0.004833900313978335,-0.0043626334297449006,-0.003670256433321282,6.579720448879334e-05,-0.004579975476122005
2008-08-27,0.01147598731499385,0.008348858124943612,-0.005215152512262781,-0.006712783758080063,-0.004734518770423066
2008-08-28,0.015552830707989462,0.016226682317851366,0.02203441916668595,0.025481988297684287,0.021029948753121804
2008-08-29,-0.01104967466814988,-0.010798376199652945,-0.005734946175739808,-0.008622932985020938,-0.006321955816802797
2008-09-01,-0.011058455409916752,-0.010139020838669462,-0.006819627350117394,-0.004267600729421011,-0.008390780801816475
2008-09-02,-0.011508597800742265,-0.010942695633266398,-0.014121927026836165,-0.009499457592528076,-0.016148284733680733
2008-09-03,-0.021805666124265783,-0.02037061412137079,-0.017695072719180478,-0.012361694224534772,-0.01942922269192874
2008-09-04,-0.038061397136304846,-0.03631330984261266,-0.034122626823324065,-0.03333662585807638,-0.03332928380213121
2008-09-05,0.00557561005967299,0.00520192897395408,0.004583568743723325,0.004685757200313128,0.004075622607185128
2008-09-08,-0.013731319777184763,-0.013358937648169776,-0.010563454418981853,-0.013119340238356682,-0.011129305549477107
2008-09-09,-0.044649192311654075,-0.04253261535744417,-0.036973503329495214,-0.035255314010271536,-0.03893369551300373
2008-09-10,0.022603877356371094,0.02260492318839096,0.022882696395332622,0.025682842688546488,0.023361456825738446
2008-09-11,0.018884446637490136,0.01599862487164977,0.005549504042508088,0.0033950916829929992,0.005901553689480258
2008-09-12,0.008522614180642528,0.008361518243717062,0.00643750257341031,0.005782285208386216,0.007638772820918213
2008-09-15,-0.06335615360374508,-0.05838173323668277,-0.04045057720679829,-0.0388391382227867,-0.04145611762338862
2008-09-16,-0.003907187795141922,-0.0047444723136076655,-0.011406300208010985,-0.0012247511104072134,-0.013381301251597054
2008-09-17,-0.07689013017736493,-0.07602602813008466,-0.07763355761889343,-0.0640173812387818,-0.08093366309984168
2008-09-18,0.04049085665353451,0.035463957523077516,0.010721278316397667,0.005886830352840512,0.010804347905516522
2008-09-19,0.0883526782229023,0.08128242509596804,0.060169495556382416,0.05212601534166948,0.06264995082224775
2008-09-22,-0.02367544540752021,-0.021497748178113556,-0.015259865327761407,-0.01275393309695496,-0.013769564582629122
2008-09-23,-0.04048468517224339,-0.037081222242963195,-0.02559341557855197,-0.03147172298282691,-0.02690946851698632
2008-09-24,-0.0012226957483033637,0.0003839336508379436,-0.0011232614133302402,0.012900028943619222,-0.0033819347790390525
2008-09-25,0.028924296067535923,0.027057865954523256,0.0178097190675719,0.018408923810368735,0.017740934708311843
2008-09-26,-0.015930229370880802,-0.017746495591250168,-0.03216517942971361,-0.035459599398436424,-0.030312986115077534
2008-09-29,-0.10407143021452939,-0.09975096106522763,-0.09728485178214942,-0.08610900198229328,-0.10242387180593109
2008-09-30,0.06162254620948329,0.05730543858397044,0.03551539685159247,0.036848576880999934,0.036046620978503086
2008-10-01,-0.008551927913260059,-0.010662960706554335,-0.037825851820817005,-0.016655253181943747,-0.039869812236276336
2008-10-02,-0.05763241214154269,-0.050563427794755,-0.04199823006158946,-0.023612344223807136,-0.045188347792944346
2008-10-03,-0.034013745705615286,-0.033126369073946935,-0.027512209213095676,-0.03252111138161444,-0.02883505420779426
2008-10-06,-0.06069638466373687,-0.05732157801908076,-0.056280908609231094,-0.038302345565284016,-0.06083117845201387
2008-10-07,-0.0396800680886591,-0.03733604307758831,-0.04025363505619288,-0.03692902494582014,-0.041446955785381656
2008-10-08,-0.041313013667952855,-0.041716995774254195,-0.04184551045344034,-0.0454943218363572,-0.0390137123523724
2008-10-09,-0.04917243438158808,-0.051018620378179946,-0.05824384437960533,-0.05396891452426977,-0.06167112865522891
2008-10-10,-0.046287867734976826,-0.0467087492923635,-0.0460625260357787,-0.04118792250635503,-0.043089114375124006
2008-10-13,0.13778563174070602,0.13309053567575604,0.12655040239311216,0.10609450272042055,0.13590926072246678
2008-10-14,0.028725379877269648,0.030195121630784322,0.029581946532794022,0.033216751773814335,0.028027904095298387
2008-10-15,-0.12034928440399084,-0.11031201243110342,-0.09502046392346467,-0.072489665647414,-0.10381112922475516
2008-10-16,-0.0010849876299533763,-0.005190575952332608,-0.016467073395940758,-0.029209279190243728,-0.01344822041398244
2008-10-17,-0.001425477879090494,-0.0008104626381172666,0.012835245265839984,0.00496724394230689,0.015534781946091737
2008-10-20,0.07513353698019895,0.07032613712768371,0.05887968194758598,0.043449594240490316,0.06196257038412799
2008-10-21,-0.012540028581886858,-0.012084125929249637,-0.003918969854439975,0.003478084586619662,-0.0073970156672513105
2008-10-22,-0.10120863505888525,-0.09518728220804493,-0.08190212562842795,-0.07119843039399616,-0.0879612946557613
2008-10-23,-0.04524454138775459,-0.0450867061474436,-0.0382633443331461,-0.03959255689540342,-0.0413823935997318
2008-10-24,-0.07082090016593735,-0.0700743927813301,-0.07826811980630502,-0.05774743323481362,-0.08097199913653226
2008-10-27,-0.06115039480243268,-0.05807112731193827,-0.055580749421632096,-0.04144585516220782,-0.061697386667341404
2008-10-28,0.12624345877807802,0.11798488038090564,0.08629227327155013,0.06275096141599243,0.09260315949018179
2008-10-29,0.042603837476319004,0.041404109324072735,0.05132227112869354,0.03337469002720369,0.054496931875854464
2008-10-30,0.06414697784831674,0.05906372091085237,0.04793837590785291,0.024482669627354223,0.052914384045443436
2008-10-31,-0.006926864376444679,-0.0035427568176191263,0.003290524653864749,0.01984882034551473,0.004281253197652408
2008-11-03,0.01857528864211555,0.017522047600973527,0.006851297434066258,0.014825420249040563,0.007528451816890916
2008-11-04,0.0473014383637385,0.0444599530317177,0.04341562300153125,0.03944511207689626,0.04448561653524244
2008-11-05,-0.06373143633334043,-0.058420111513740235,-0.04041740351761264,-0.025491903737015233,-0.04411612405831384
2008-11-06,-0.03365744855268854,-0.030511306658535017,-0.029455926561835752,-0.03371219789863269,-0.028054494721623156
2008-11-07,0.007531418052347674,0.007899301413359542,0.012064182534664816,-0.006301457531419116,0.017819325961409692
2008-11-10,-0.006588842478731229,-0.005791273940220866,-0.0034045972151233953,0.003418204214735725,-0.006428571770511377
2008-11-11,0.0102206638557761,0.0096742197792348,0.0019593877780976175,0.0044733242848900255,0.0010290213123546944
2008-11-12,-0.0792084421899791,-0.07746441039455021,-0.08154862776378406,-0.07824600593213683,-0.08438568364125731
2008-11-13,0.03745913063436566,0.03265825949762587,0.003409662740618339,-0.0047234875169735735,0.006810388821192245
2008-11-14,-0.005762700138992839,-0.002955619528090615,0.006604753751140823,0.012360528328446196,0.00743811047533617
2008-11-17,-0.01222588412045003,-0.010915259207785374,-0.026084166590143155,-0.0030224832020684135,-0.029514438991132402
2008-11-18,-0.038644930082806506,-0.03410656920876352,-0.01896343145938001,-0.01653322239728894,-0.019752485801705993
2008-11-19,-0.02121780732009927,-0.017987879464509186,-0.01108951392045331,0.005626831936013876,-0.015078516908199235
2008-11-21,-0.06232056460767672,-0.05507334784152661,-0.024678603253733715,-0.01916788407088299,-0.02691684081433575
2008-11-24,0.07235835727630863,0.06466835843644826,0.04474932498979353,0.02688092492547743,0.04924983152342974
2008-11-25,0.012713946835260524,0.007611520550458826,-0.006224520972764299,-0.013326505844440934,-0.004516777743781661
2008-11-26,0.04982554949133355,0.04554885790216659,0.03596357997814652,0.022859440541812576,0.03789279402817826
2008-11-27,0.0031229444047861737,0.0009158707586101726,0.004229116165957173,-0.00546484044208582,0.007762898653377297
2008-11-28,0.014602464633654565,0.012764109204007931,0.011809940257408981,-0.01104502092170004,0.014617228000982052
2008-12-01,-0.04875742919613515,-0.041485311146208986,-0.020723031317334818,0.007354195087335875,-0.027878834514212383
2008-12-02,0.0023432389959864245,0.0016151940377911065,-0.012433865103502674,-0.0022247932558687716,-0.01346128612704174
2008-12-03,-0.003895665017529708,-0.003569875250153992,-0.007993443332945736,0.007920710715151255,-0.01125597229918566
2008-12-04,0.005409938425226651,0.0058388555065260386,0.013510307780108591,0.012086576215103232,0.014842626817008715
2008-12-05,0.008676985626942715,0.007062786439442026,-0.006005656462152627,0.008581772285831181,-0.006942792064953604
2008-12-08,0.0580643046596861,0.05011630042732636,0.02912770492145321,0.015088265905695297,0.03431284042042124
2008-12-09,-0.005339139435888657,-0.0064239315331992225,-0.0115460032298429,-0.01028171253722365,-0.01177448788623703
2008-12-10,0.01609379744659454,0.00975080665978282,-0.009364277865974685,-0.007424067750257765,-0.006263336540974523
2008-12-11,-0.004457231005175398,-0.004594557820108843,0.010671349919269716,-0.0001865485770935339,0.01374000795375893
2008-12-12,0.012030329745304337,0.013723160556352157,0.01467671925824122,0.012663362600983651,0.013372127687348417
2008-12-15,-0.022493024676292907,-0.021138176770819476,-0.016889182384881185,-0.013899477758597118,-0.016843556534770803
2008-12-16,0.031960503671112354,0.025755783129794978,0.0029047955212717965,-0.006564087139475547,0.008706084442032662
2008-12-17,-0.0059902232677418645,-0.006560263149682039,-0.00884932798398198,-0.009289933807517761,-0.008430459459488043
2008-12-18,0.0059219481527488845,0.009714582824569544,0.02370804004089263,0.02332723406472399,0.021508893272216646
2008-12-19,-0.005991874677071872,-0.008182622706433378,-0.012050844270653765,-0.019513488317833668,-0.008230862949923815
2008-12-22,-0.028249964677829413,-0.024991713735196257,-0.009249920440898328,-0.011644733848223086,-0.008180455903012586
2008-12-23,-0.030235797268011323,-0.030781512442895714,-0.0358063957258488,-0.0402263799731339,-0.03372764089576527
2008-12-26,0.0053855385719555416,0.004898106842021739,0.0032645247881479206,0.008107712581281823,0.0011297475132784635
2008-12-29,-0.0020495369473336727,-0.0022445759070788334,-0.010185028747321316,0.0025452360404714155,-0.012744812895872268
2008-12-30,0.018934852271315826,0.019555530734342307,0.02542015631301421,0.024891614317477866,0.02191519237817035
2009-01-02,0.052471406868511754,0.052000866395636086,0.0540684120870589,0.05654667973565515,0.04996135726075887
2009-01-05,0.023136505874602593,0.01702631913775394,0.002446161196772328,-0.0018707777110354943,0.0033465144312263898
2009-01-06,0.021760680566602384,0.01841967458135134,0.016615391970501645,0.006133244944642036,0.020828356274750555
2009-01-07,-0.023722778483681355,-0.021261607478570303,-0.012188306250692244,-0.0097393770281371,-0.012622520181722784
2009-01-08,0.022729826286413027,0.020491026577093997,0.01570468432065065,0.015333059825554282,0.016067404036351478
2009-01-09,-0.0010891333414816485,0.0012757647087682784,0.007448092402456571,0.01282405709166642,0.005448582899864235
2009-01-12,-0.04853954905149567,-0.04316575840295113,-0.03673801160861894,-0.02696177239527678,-0.03989177075290666
2009-01-13,0.003622083657642557,0.006686538880663713,0.018350539153035285,0.015461437135035,0.018902276603567386
2009-01-14,-0.03896291206157752,-0.03636504501800325,-0.033336432287641306,-0.025934471804522068,-0.033836783163780054
2009-01-15,0.028705814407184553,0.023938018845284074,0.0046578359006737395,0.003591745093500679,0.00474436114982006
2009-01-16,0.00824723517448869,0.0047862158306009985,-0.0044829992144812866,-0.01305636490353945,-0.0002672067194589636
2009-01-19,-0.012420534818573078,-0.012219146034189672,-0.008332970454877901,-0.008852758116712168,-0.008800431864070295
2009-01-20,-0.040553833546776705,-0.03567351690780345,-0.021703918838992677,-0.017774936750314323,-0.024222762721260394
2009-01-21,0.02246094288915057,0.020547939930491293,0.009937193300701759,0.008931940238302698,0.010913188549559897
2009-01-22,-0.022197461334019064,-0.020733434567808157,-0.019802445671864496,-0.012488624286546554,-0.022155831314048847
2009-01-23,-7.860999467874442e-05,-0.0009305642539527637,-0.0012902674126281021,-0.004797202158762584,-0.0015276808716677803
2009-01-26,0.005211281752197645,0.005977780767328071,0.0074423655636397055,0.012850847157173497,0.006303153601446278
2009-01-27,0.003812339727462497,0.005032171789509411,0.017266858110338543,0.02129750697185454,0.01555092732323963
2009-01-28,0.03181293937163994,0.027469074619356944,0.024287507493911297,0.011500501978220843,0.029349152574475925
2009-01-29,-0.014535217635914446,-0.013718558376102414,-0.013145633836469316,-0.007685178820260668,-0.014277527216105156
2009-01-30,-0.0054998453104968086,-0.006780426109403218,-0.006303401408293512,-0.009496953929247133,-0.0050651586373148235
2009-02-02,-0.011867297340648866,-0.011572744752911417,-0.010368208983565427,-0.006917997558002494,-0.011655926846354213
2009-02-03,0.016751114274740693,0.012425103040485034,0.0030487033016445373,-0.0027779339975044105,0.004703941844664588
2009-02-04,0.0074216422076557025,0.006134415676485226,-0.0010182318131210044,0.0038655803821513,-0.0016088180448470206
2009-02-05,0.018709590813393927,0.017493368432203428,0.011689466188550036,0.009065873675333454,0.012350299665669164
2009-02-06,0.031054876315106682,0.028685112502788657,0.027284573830776863,0.013150441521130775,0.03091909094164348
2009-02-09,-0.007137096982662406,-0.004878576779817535,0.0018206833618592763,-0.002957845240504137,0.0027665681567260437
2009-02-10,-0.017778395693180227,-0.015034647494162539,-0.008776830320833005,-0.009666635475958717,-0.009595674472414661
2009-02-11,-0.0056119154554811375,-0.00505431834938156,-0.0030923957426210384,-0.00676619568694049,-0.0031989784621964637
2009-02-12,-0.01072684488367674,-0.010369618997315918,-0.005471242057891142,-0.006985428984721568,-0.005786054233171646
2009-02-13,0.025168337588396632,0.025479402404437163,0.030746784743715325,0.038349305292751865,0.02882274916393028
2009-02-16,0.001113732592156733,0.0018334595790796898,0.00382639265176498,0.006646262383780793,0.003429834383491109
2009-02-17,-0.037375768960469666,-0.03309179752442168,-0.01832286622166554,-0.016902634268890764,-0.019407076362630952
2009-02-18,-0.003627542642555459,-0.001531475478144384,0.0041839903570182625,0.005320422354577878,0.003311908174207158
2009-02-19,-0.003955539602836194,-0.002392968931637855,0.003103881865046523,0.0009202399108040487,0.004071821285869249
2009-02-20,-0.022451915852403418,-0.020046737475203937,-0.017516183731430525,-0.017537629995482567,-0.01801884572529424
2009-02-25,-0.01621045217185626,-0.01761597737452448,-0.030130246829336495,-0.03026525540475601,-0.027464409858986998
2009-02-26,0.0010571971396342993,2.5232969082602608e-05,-0.002465692250385121,-0.005244541678040662,-0.0021467452017649006
2009-02-27,-0.0019276395556768774,-0.0007715015590294624,-0.00473050166759444,-0.0018205967318382142,-0.0060248571986775855
2009-03-02,-0.05311216013532161,-0.04902690753481094,-0.03760341301228097,-0.03100116542996341,-0.04043013332188296
2009-03-03,0.003839459844861649,0.001587320695587693,-4.136338696750577e-05,0.0012794559092788472,-0.0018360369317867624
2009-03-04,0.03315766041364894,0.02795769070930549,0.014743553986004656,0.010730554306827513,0.01676181376804845
2009-03-05,-0.028743188737791074,-0.027369430357958573,-0.02884959849432662,-0.026380124112584932,-0.030052933558710634
2009-03-06,-0.006528560893084716,-0.00508419688733718,0.0031424546442868737,0.0026905216513619813,0.003999687247710877
2009-03-09,-0.014762745611617056,-0.013884198998169117,-0.02000763623271106,-0.015148600280613218,-0.02118179169686703
2009-03-10,0.04522284202288822,0.04086561993455711,0.0311279923163053,0.020812620634004235,0.03465063888452283
2009-03-11,-0.002735403675805382,-0.003464049144187176,-0.0036893034043816945,-0.007992162073662597,-0.001998659719549117
2009-03-12,0.0039147790019805895,0.0025922338681275314,0.0005410726625829929,-0.0006849503862241067,0.0007701277343994742
2009-03-13,4.712944004538373e-05,0.00043896879517002236,-0.005014634708167746,-0.001861600064054233,-0.006103261407454681
2009-03-16,-0.00993835829479523,-0.008754186063731444,-0.0038219302208752485,-0.0051874876601646115,-0.004069311668414075
2009-03-17,0.01951669501977332,0.01781519154538119,0.008929242157635409,0.006895578363261965,0.00972086860108037
2009-03-18,0.019721838192065834,0.01910923424127515,0.017076876784568002,0.015225017483799282,0.016145282577834517
2009-03-19,0.00806671916019898,0.005269012690067005,0.0011049779295584778,0.002601464976874789,0.0011520908512064462
2009-03-20,-0.005648650162352243,-0.005360060363465403,8.615754513001286e-05,-0.0026002085753095835,-5.0027185448397104e-05
2009-03-23,0.050282146123286645,0.04651209108671486,0.0409022486317646,0.04154046453797443,0.04095282741797591
2009-03-24,-0.015772820474419545,-0.013391602726998027,-0.006330125021319825,-0.006827364464457465,-0.006264873677168872
2009-03-25,0.0016433864690444484,-0.00041704516936462866,-0.010781982607137083,-0.011223318661968297,-0.008751703596665342
2009-03-26,0.02741650214070731,0.024812016635388214,0.016623600231349026,0.016469085129481933,0.017135278735658985
2009-03-27,-0.013147883888562927,-0.012835617972998651,-0.016199312157461128,-0.007082086021715252,-0.018027090909631865
2009-03-30,-0.025534707537283444,-0.021969863552960163,-0.011345293668306668,-0.010432069072531266,-0.012346527613372009
2009-03-31,0.016768221600923047,0.01686906160814775,0.02149680130023215,0.021375381548667118,0.02203100921597912
2009-04-01,0.018501401711365537,0.015305054185609093,0.003829374586497054,0.0034290886121844167,0.003957089066861425
2009-04-02,0.04440331969244044,0.04054139739116483,0.035054354745910545,0.02497697624416255,0.03683562286819686
2009-04-03,0.024444115369646427,0.02379675291182209,0.02711671145637208,0.026615689146365893,0.0287696509747927
2009-04-06,-0.010546791314485332,-0.008336580889804185,-0.0032253799326012775,0.002541561643739497,-0.0061347379919341125
2009-04-07,0.001331311309851242,0.0001782908422507776,-0.001999375804019473,-0.0070856095831756255,-0.0001911143759581505
2009-04-08,0.016762713972284096,0.01717280494206165,0.02400061914244512,0.018014515563555607,0.02578210232888168
2009-04-09,0.02506860938590263,0.027588528508707518,0.03983532520742847,0.03499763036749318,0.0412850105505871
2009-04-13,0.003531894542192643,0.0007055202580555908,-0.008473587613707796,-0.010236336264314404,-0.008209373777211738
2009-04-14,-0.011647222655226197,-0.010530406187144471,-0.0003056941933135826,0.00021340342816469557,-0.0016454396617011438
2009-04-15,0.0018957834663321346,0.003507129639131923,0.008914594490351896,0.007068216816294808,0.009569128432570725
2009-04-16,0.025689867464924923,0.026303396776841098,0.03405568796097674,0.03574608963759501,0.03336607055546334
2009-04-17,0.006630786576164136,0.008001041998615444,0.014941994842100577,0.014876663435773343,0.014903139244118664
2009-04-20,-0.030022984915133888,-0.02632003194193562,-0.01349539843909138,-0.015578215717977437,-0.01438312131305233
2009-04-22,0.01826247660747994,0.017080428426974492,0.015786053301416202,0.009298052352022978,0.017462387073718853
2009-04-23,0.02081343920150349,0.019166501659032636,0.012413260395059878,0.007207978161291176,0.013578145517846297
2009-04-24,0.019092245984915757,0.01669500709310284,0.014090829554716515,0.011517630557751051,0.014061084967897576
2009-04-27,-0.019817715420973308,-0.018574190263722763,-0.013811173209714946,-0.005283486355185194,-0.01625494092159048
2009-04-28,0.009666156272362635,0.012497080694215257,0.016395311840395735,0.01264299120988305,0.018174792924992536
2009-04-29,0.03248669542480496,0.03137771874736458,0.030934198481266946,0.030720739931082146,0.029931371229708303
2009-04-30,-0.004197825565601152,-0.004267718968157048,0.004099917362879716,-0.0010152549491516186,0.0030024644106486365
2009-05-04,0.05061925231615249,0.04522425361187733,0.036994838816373866,0.023503919256930975,0.03907019749530221
2009-05-05,-0.0037774359279163982,-0.005103644557906874,-0.006525192263679222,-0.0015305665183478472,-0.007232164074756648
2009-05-06,0.017773593635025543,0.01563894503760293,0.012459543379719804,0.0047113307114243445,0.015189586560869557
2009-05-07,-0.02707255962400837,-0.024326843347036154,-0.014161573751399713,-0.012503405775237264,-0.014447408455482685
2009-05-08,0.024950155454571403,0.025204603967021462,0.023825765175919895,0.024906370528385402,0.022428118832193762
2009-05-11,-0.009068333875939956,-0.00839958622541918,0.0018341140113423836,-0.0073547260519896285,0.004091634648883222
2009-05-12,-0.010709309639509862,-0.008405258576275403,-0.0023420169262889532,0.000760865798233425,-0.003439538600848617
2009-05-13,-0.0318079902814532,-0.029875120922620547,-0.025946992259039466,-0.02437248332551213,-0.02570679050846307
2009-05-14,0.020190075010858663,0.02156603269938992,0.036031611249787154,0.02498166237366911,0.03805693971618171
2009-05-15,-0.002236304233154244,9.130319510407205e-05,0.004537908738177112,0.0027934890032165587,0.0036646384209686983
2009-05-18,0.04560172975611807,0.04244176946146396,0.03730706441749863,0.037417513463911055,0.03669237250730835
2009-05-19,0.0058454443579051074,0.004367789440157612,0.013888284145334629,0.000557125617729623,0.01667408436188824
2009-05-20,-0.005841485087179837,-0.00437955827413822,0.004318777803104997,0.01025232519002224,0.002549258820406979
2009-05-21,-0.022913429469093374,-0.020930193700545458,-0.016849454560728738,-0.013466115602986491,-0.01700784426832995
2009-05-22,0.01288903118463738,0.012219534204987724,0.013724606922992683,0.007766002127594996,0.015628531410194782
2009-05-25,0.004702846202220235,0.0034540632335023215,0.004120232513978058,-0.005388792711963698,0.007486911305190951
2009-05-26,0.015227956364474661,0.01152765136406403,0.0008091136622119738,-0.0013710457552474288,0.0011170189624738088
2009-05-27,-0.002953000578285325,-0.0029310990462288874,-0.007120840938175225,0.004569756671185208,-0.009863434243569315
2009-05-28,0.01770259780858306,0.016765112210685065,0.016837026284788816,0.018150178077669762,0.01631011706096328
2009-05-29,0.009550410011416625,0.011268253078110382,0.013303983880922236,0.01362073624550209,0.013119291948206574
2009-06-01,0.01832338716555658,0.01699325886175005,0.017827224999243194,0.01316360229137288,0.0196727106237632
2009-06-02,-0.001983710775082909,-0.0033433279692648187,-0.004842109887298111,-0.009495488056971204,-0.0027471288483384513
2009-06-03,-0.03322752669360378,-0.029435133595690804,-0.01847337493230765,-0.01938566216229437,-0.01920261398982906
2009-06-04,0.023517984790806717,0.02218662837322556,0.01950867353981893,0.02077630826319174,0.018697415679120998
2009-06-05,-0.004204668374791905,-0.0026775125030518926,0.0020959940594083935,0.00957597686314014,-0.00023097119030899074
2009-06-08,-0.00012605092021385504,-0.0015679049633551552,-0.008879784346801825,-0.009645423964139,-0.007865487666982118
2009-06-09,-0.005986051199897608,-0.006165934580540532,-0.007579090010358739,-0.008150637926377114,-0.00793826166231525
2009-06-10,0.006586316078686693,0.008493468473771266,0.01589686953528101,0.017438190831370895,0.015047329308616629
2009-06-12,0.010542487767267334,0.011876114354600686,0.015871544987705825,0.013092285214585225,0.016410844975558864
2009-06-15,-0.02931419162407613,-0.02710882863957366,-0.021400536929216597,-0.022159294231324574,-0.022018664580999735
2009-06-16,-0.01426048513994806,-0.013505240547778246,-0.006793870663058829,-8.827470217050355e-05,-0.00841589681973725
2009-06-17,-0.007795365435546425,-0.009053254439575326,-0.01870379559120331,-0.010539772653727375,-0.02085498051785715
2009-06-18,0.001756640653047455,0.0031563823056632145,0.011849471657481707,0.006124487982788026,0.013723203744605448
2009-06-19,0.01278760250805978,0.014530721634578008,0.017220908714617525,0.017532075729246137,0.015908926473673212
2009-06-22,-0.03253717401935463,-0.030395418242616646,-0.029783624524482646,-0.020415052068843,-0.032083081388158075
2009-06-23,0.008518112990220324,0.008120872983660711,0.017370977704208333,0.005295774081313785,0.018869902784617865
2009-06-24,0.002720758587630185,0.0030167278846473934,0.007878748305925314,0.01605025057960905,0.008189441352642095
2009-06-25,0.021772092700871576,0.0167544348497614,-0.0012624219697561817,-0.00328318155850342,0.0008404878007006642
2009-06-26,0.0026252274374230257,0.002901455066632687,0.0033964751988868978,0.002058775921017283,0.0024061890569080616
2009-06-29,0.010350551059463167,0.007392675910230833,-0.005693595741851706,-0.004201663078416679,-0.005490266583720046
2009-06-30,-0.01224186337941029,-0.010949876041762452,-0.012095608668843249,-0.00028700229731787254,-0.013917942081398745
2009-07-01,0.005469946738733608,0.006114784095059448,0.012156241194198232,0.01021640077789868,0.01323446134165854
2009-07-02,-0.006381996881693203,-0.005129117266316663,0.0007790581774004082,0.0003571925805194371,0.002130063492020327
2009-07-03,-0.0006127255662282021,9.133873494968905e-05,0.0030527722848041157,0.003933663925836625,0.0027436013949396713
2009-07-06,0.00018407394432377639,0.001821978016182006,0.007571084371229473,0.006993576660335806,0.007508456109321566
2009-07-07,-0.021380475539346452,-0.01872945663749231,-0.01654848769449748,-0.0119532774745672,-0.017571788370757502
2009-07-08,-0.00982589403684285,-0.009090381007301331,-0.007496913042654328,-0.0007505595719341715,-0.009797136057766335
2009-07-10,-4.7772138534987914e-05,0.0007907923956420043,0.0010653092769146227,0.01118004260066779,-0.0015506290060719428
2009-07-13,-0.0017889130079637204,-0.00035197208045268996,0.0020575800678986843,-0.0030127216082641755,0.0022326026251673833
2009-07-14,-0.007534507859245709,-0.007860037906139677,-0.006789951956104932,-0.01421934286818017,-0.005489539442843229
2009-07-15,0.0366774488533968,0.03261964925365227,0.0229458798825336,0.021977700837567463,0.023397998323630678
2009-07-16,0.012861078324659795,0.012409413930233794,0.011467251647407308,0.006394440600955116,0.013422077845925829
2009-07-17,0.0009621328135789341,0.0015583466692277415,0.004353380901228946,0.006543407682083941,0.0027509413374558435
2009-07-20,0.02217184637859116,0.02007997017065096,0.017311834345903443,0.012193194064467552,0.01873616478205277
2009-07-21,0.001803224810519442,-5.162693670481954e-05,-0.002396094118592465,-0.007871581699987132,-0.0013676265134420634
2009-07-22,-0.001994621912826961,-0.004324459680326505,-0.009390681918308498,-0.014127222333593537,-0.007940863005942028
2009-07-23,0.017900370521995508,0.015038564800847618,0.0015046058787325884,0.001275785406082165,0.0020425821849984604
2009-07-24,0.008593533399253353,0.008403208403467512,0.010442057100369547,0.007605609707897577,0.009974824426156223
2009-07-27,0.01045785045290789,0.010089266670835758,0.013853659801045417,0.008387361586028114,0.01456077913481824
2009-07-28,0.004630887842148924,0.005127927595307536,0.008224224899376076,0.005954016237299804,0.010079798657155099
2009-07-29,-0.005765442292804494,-0.001697330393072107,0.012180813995395418,0.010493762808187115,0.011755923009446764
2009-07-30,0.01677731069203531,0.016371657428341617,0.018971422126174385,0.008798836721268329,0.020650716692289527
2009-07-31,0.00914421553261107,0.009543867965787862,0.008715373635712727,0.013152404743764456,0.007455275958056657
2009-08-03,0.02158704593147125,0.020691746028455672,0.024051906139552298,0.009248495468937506,0.027492784557753655
2009-08-04,-0.00012603863393367398,-0.00032728354167872514,-0.004827694287613172,-0.0003065823937556428,-0.00522220524065658
2009-08-05,0.008048782604451802,0.007310172855494599,0.0004030982435096523,0.002538853130503672,0.0004651046213375444
2009-08-06,-0.004219296622889706,-0.0011863223879353948,0.002475675049823115,1.5796358798838943e-05,0.0027322752735631077
2009-08-07,0.0061279473140621096,0.006097700575377852,0.008603877617135632,0.00848583338243109,0.008678823697470323
2009-08-10,0.012153915380620982,0.012418307377904267,0.011015173245598281,0.007496341370170634,0.01176543943829397
2009-08-11,-0.01540763296943433,-0.015152116710419912,-0.006384211291015541,-0.016904309731952442,-0.005190180547411799
2009-08-12,0.00997780333036491,0.007739302590406762,0.006302668697771166,0.00967789244124922,0.0054762049815889075
2009-08-13,-0.0011385720467346854,-0.002937349722584528,-0.0018469450474357892,-0.005224768604576522,-0.001303878446918802
2009-08-14,-0.011322166178314474,-0.01073654635897122,-0.010990155071797347,0.004235651743552514,-0.013463040778376354
2009-08-17,-0.019818908327235762,-0.017874749691494378,-0.014325917597505337,-0.007212374229258965,-0.016873237987596587
2009-08-18,0.016015233609430694,0.016467392307131755,0.021151830043234454,0.01165772961042109,0.02102023692945689
2009-08-19,0.0011297782109902638,-0.0002783873551558324,-0.00017835041718893083,-0.0058199031847295845,0.0010071116187620925
2009-08-20,0.012568363846724342,0.011297255823513017,0.008562637267208947,0.00661760522687585,0.00936239892140459
2009-08-21,0.012381368514238,0.01112232128982868,0.00960615669429219,0.005369587743514313,0.010089594664419433
2009-08-24,0.005841028589724111,0.006558599174794042,0.007329680319918399,0.01783143280012607,0.005269697941071615
2009-08-25,-0.004550428183694204,-0.0033091667855890375,0.0016355148564453949,-0.0007986362191370551,0.0018088631254618754
2009-08-26,0.006648668343301826,0.00601348133600932,-0.00023051351278273815,0.004906977535405753,-0.0003419373392734384
2009-08-27,0.0016715212983267715,0.0008493557485820462,-0.005626290943494705,-0.01242255604056328,-0.003944670055525964
2009-08-28,0.0036594956864342176,0.003767063935603908,0.0036584097425721098,-0.002442973379201529,0.005196743750342847
2009-08-31,-0.013221691700910249,-0.01174427151083254,-0.00914096865122118,-0.006869069272224157,-0.008597935495587263
2009-09-01,-0.01683595621640272,-0.015931855929918592,-0.016755336526816683,-0.010225623556199232,-0.01799756629318678
2009-09-02,-0.007058877317570265,-0.004771370678789497,0.004276691064739499,0.007827322223414814,0.002582567237466724
2009-09-03,0.0026879139091689885,0.002657043581836896,0.005151723590360353,0.00019631168056613384,0.005686065752051711
2009-09-04,0.013647672559205484,0.011498355343557386,0.005582585262532519,0.009532716241644583,0.004024712036382253
2009-09-08,0.019561291155105655,0.01810548367885361,0.019559930786536228,0.01043793971663305,0.021523189866776753
2009-09-09,0.002147952841315943,0.00235603858763884,0.0037199830358915927,-0.004563603584033465,0.006114084619522621
2009-09-10,0.006831552395756002,0.007297644298629426,0.00526685870924731,0.005100448205820357,0.004311099665286124
2009-09-11,-0.003489906208418978,-0.003914415319345576,-0.008269130188723585,-0.0030341354721877553,-0.009362344012729569
2009-09-14,0.009977664820792527,0.011014232606356075,0.02018096602281037,0.017897190880458443,0.019757319966330178
2009-09-15,0.008523419092985755,0.008349163964209018,0.011516309749726093,0.006894739042978971,0.01284472389471641
2009-09-16,0.018516658123236787,0.016936142931809634,0.01471047758047454,0.010993776343214474,0.016079048342836834
2009-09-17,-0.005245701023634552,-0.0048787557816802,-0.009631464153112146,-0.0002724750920351383,-0.011993255888449766
2009-09-18,0.0035789502761869136,0.0035706689431800097,0.0020550099593214773,0.0017169732594330119,0.0019075215748422022
2009-09-21,-0.00261825881352785,-0.003946236635922794,-0.008586345097734649,-0.008280483172689378,-0.007839906840673273
2009-09-22,0.008544972884378704,0.006631289695611436,0.00235100396356043,-0.0022228129902508256,0.003347516287836067
2009-09-23,-0.013515912067867389,-0.011862498472036154,-0.007579030148200815,-0.009664518200883548,-0.007555580071878241
2009-09-24,-0.0018946564461912539,-0.00182581399566411,0.0009447952352539995,-0.0016957743996417157,0.002030991779230342
2009-09-25,0.002814998767618021,0.0032511109937542683,0.0058956747514321796,0.007530040398868943,0.005766082306041853
2009-09-28,0.007138333648923756,0.006605443258118288,0.004612661444401993,0.0057910164166382625,0.0038814022847142326
2009-09-29,0.0006513198468998871,0.0004036487488697398,-0.0014775104328751225,-0.005326738226023277,-2.7599079286605606e-05
2009-09-30,0.004430060314420903,0.003944179719287788,-0.0018789019299105744,-0.00035635485446799877,-0.003104604516587098
2009-10-01,-0.014244574011361429,-0.013337744910693774,-0.010521144373375419,-0.007794377199232955,-0.011299851079054539
2009-10-02,0.011128358319396178,0.008697537722836525,0.0008399627575192683,-5.945444712964713e-05,0.0026446085102057888
2009-10-05,0.024078488798911578,0.02463334143038834,0.028627886197448413,0.031432163958243414,0.027551350533136613
2009-10-06,0.007467260092149012,0.007276412605062155,0.00833005152669018,0.008729114482123244,0.007815228306268652
2009-10-07,-0.0008384122340775943,0.00035988610464054906,0.005104156130343068,0.007715354753070164,0.004461524499168396
2009-10-08,0.011557404736634217,0.009876852973527974,0.004631084748020946,0.003695997454669948,0.004917126323924009
2009-10-09,0.006934750965803408,0.00593114212738563,0.004438480021042104,-0.0003905428122765943,0.006695816531544845
2009-10-13,0.012331909014870197,0.010149375213415383,0.008636921850226301,0.006115815156181948,0.008837655846367868
2009-10-14,0.019036990555828203,0.016582253166571397,0.011778167245710904,0.008450793779549468,0.012558664819477238
2009-10-15,0.005437021502547558,0.005181968132529989,0.007374734510863698,0.003905233292970901,0.009529371794799396
2009-10-16,-0.004859069125728905,-0.0039009177397736155,0.001965375577358208,-0.005362935283335239,0.005014858097709355
2009-10-19,0.011665573925555792,0.010476223319759843,0.006831544409487437,0.0009374450719045737,0.008971690901217452
2009-10-20,-0.031940721865591375,-0.03053338445124061,-0.028209717898467396,-0.027573514080146622,-0.029243688572111844
2009-10-21,-0.00018440361167215225,0.00011347357774061468,0.007151401323642118,0.005487877982004738,0.007571038730374019
2009-10-22,0.007385943141583605,0.005997863987249418,0.0003876775787283516,0.004340108568415005,-0.0011393875630099641
2009-10-23,-0.01558579782533201,-0.0135105888245417,-0.008764027815392863,-0.005771352892072505,-0.00914505395737943
2009-10-26,-0.006099579059712057,-0.006185196293440961,-0.008182623848908343,-0.01158733593404111,-0.007936119826755432
2009-10-27,-0.02337520077973429,-0.020033096738880905,-0.011283838995787538,-0.011095979472850102,-0.010852315308631488
2009-10-28,-0.041734505203359126,-0.03823462398254639,-0.029617462021646987,-0.024703570658296488,-0.03125789655382131
2009-10-29,0.04885874394417893,0.04472586586035101,0.034183903714262116,0.034497588788893724,0.03397099401671341
2009-10-30,-0.023613117135646296,-0.01891151993801711,-0.0006977932920169223,-0.001608278761976117,-0.0017294761601624395
2009-11-03,0.009075333453485598,0.007325970350265672,0.00250027515527595,0.0027658155260833,0.002258306288589778
2009-11-04,0.0190033527395673,0.015512777480231065,0.006000091951373021,0.005228773781762504,0.007337176608617461
2009-11-05,0.01026090547219987,0.009682138507791382,0.006600763890382623,0.011751562800177584,0.005867460125494012
2009-11-06,-0.005806997270008054,-0.005772946209708948,-0.008918077171206443,-0.010611443694489296,-0.008477009525981846
2009-11-09,0.017831719183935113,0.016116332717467714,0.007983791673020203,0.009724911261054616,0.006667181129942697
2009-11-10,0.0011480138789687852,0.0014077202267773667,-0.002170870476955937,0.0044178158172401075,-0.0028395202536551107
2009-11-11,0.0008999069016992749,0.0009729158127588819,0.0006926111633397706,0.004497383734291406,-0.0005995797175757187
2009-11-12,-0.02137290338300962,-0.01782636726483591,-0.008322765099661972,-0.007034092867285293,-0.009888824847196422
2009-11-13,0.015124102734827297,0.01518512484371132,0.018069676329483843,0.016605301936231807,0.016859200796193796
2009-11-16,0.016479787552087306,0.015355901754926432,0.011730081716219996,0.01651904178911194,0.010716455540823934
2009-11-17,0.0005158315088240213,0.0004223406940939609,-0.0005147769765261828,0.0009953650251062346,-0.0011705145168145771
2009-11-18,-0.007538112401741367,-0.005439371633004839,1.5300137740793807e-05,0.0008512779875238042,-0.00012123888817157282
2009-11-19,-0.006088770109007602,-0.00666959602878574,-0.007496488659088816,-0.011387068177902738,-0.006369081775094868
2009-11-23,0.0026118381351585645,0.003498980418224653,0.005479564731310707,0.011061316359462291,0.00450618000310103
2009-11-24,0.003270346368339546,0.002724605438349362,-0.0006322856715670743,-0.0036127215718016713,-0.0002718183383925559
2009-11-25,0.008035271617873194,0.008286778322950068,0.00907222769920976,0.011232282002468492,0.008137744601148108
2009-11-26,-0.014215696051794069,-0.01234691618534902,-0.009401241127485867,-0.011342886002411116,-0.008767439859872484
2009-11-27,0.00853107939883844,0.008939403872275473,0.009034082091671591,0.007348621647978046,0.009672894003290083
2009-11-30,0.000356816870696938,-0.0011692597350615494,-0.0004314586841904439,-0.0030446157341002954,0.0006874871263691388
2009-12-01,0.01963219785140472,0.020170042892187368,0.01675203254971978,0.025670456352854025,0.01405314286978364
2009-12-02,0.013715369154328347,0.014900045083523713,0.011034272902969537,0.008685009756441636,0.011238879179660034
2009-12-03,0.0025716010055279906,0.00395854241351418,0.004909453466708039,0.009040854208096073,0.004770349140269411
2009-12-04,-0.005312956237431125,-0.004127129840262412,-0.0003606821003565217,-0.0008005592977694393,-0.0005581367799268836
2009-12-07,0.015584910913815817,0.01655125296853658,0.018892500280675538,0.0187993972796331,0.018557515666168777
2009-12-08,-0.00495803812858059,-0.0014833291078398896,0.0019100943239115297,0.0022821229639746346,0.0014749470334783337
2009-12-09,0.003972640696109805,0.005466294873633994,0.0003948288359262946,0.005407939658232854,-0.001796474581257985
2009-12-10,0.011679017064422176,0.013924418301016133,0.014211702867843169,0.011547221840196641,0.014915155075203669
2009-12-11,0.002066241863703685,0.0016248837684319512,0.00410676083579641,0.006028158344400264,0.003583692518221735
2009-12-14,-0.0051251200477918386,-0.004817117145216297,0.0018097806981586077,0.002987046542639687,0.0020011015026227784
2009-12-15,-0.0019078463465804303,-0.003563698220948608,-0.009756823053669804,-0.015985805510126197,-0.008127917917236913
2009-12-16,-0.012780022518114272,-0.014075951485218618,-0.017379193438125808,-0.017479614030086695,-0.01686094371487642
2009-12-17,-0.01563477854213059,-0.012728157056770889,-0.005830499753408471,-0.0051031826265900745,-0.006198616055904431
2009-12-18,-0.003148080076954858,-0.004341909554608295,-0.007707933509987592,-0.008187148467444106,-0.007125635872450685
2009-12-21,-0.006661827472213895,-0.0042764994489323215,0.0007611642006189363,-0.002870469533845165,0.001749739509519636
2009-12-22,0.014738152443677044,0.012265292920686253,0.007908037119948908,0.013527968920323843,0.00599311167604543
2009-12-23,0.0005730595301241678,-0.0009360963838314309,-0.0033852292286719794,-0.008675317132314373,-0.0020832553848519793
2009-12-28,0.005736655875053,0.005194089806971546,0.0005086391412772264,0.0026237900426187228,-7.53400464590802e-05
2009-12-29,0.006228213282116074,0.0061876892285956725,0.006990600368793338,0.0024068285162243243,0.007904109132818377
2009-12-30,0.008011322663169729,0.009852257974965988,0.01574242312376372,0.01627423439699652,0.01442145775248423
2010-01-04,0.017177794854076826,0.01592499378179589,0.007264272622058527,0.01201925564244479,0.007723468875114488
2010-01-05,0.0018275618542124925,0.0016058511339569034,0.008601369648139791,-0.004368155429614347,0.011597364298044489
2010-01-06,0.008713096062102627,0.00838230451139338,0.010624220528374879,0.006268556328309676,0.012507211921913694
2010-01-07,-0.0030065588668061194,-0.0015305014869037748,0.0026155335426395823,-0.0013826218651987405,0.0039976103329830365
2010-01-08,0.007699075219116422,0.008976301922645778,0.014015464617565298,0.008588401227283781,0.01609704904593206
2010-01-11,0.004053439502151812,0.0028132935905441254,-0.0007247887926227672,0.0011885444965435798,-0.0006281274586522635
2010-01-12,-0.0011875988695031505,-0.0012296235350605787,-0.0016380766809394685,0.0009913554951234054,-0.0016334330625901823
2010-01-13,-0.0010966738430728353,-0.00265609318983075,-0.008771184490054686,-0.009039794289869795,-0.008447199836467089
2010-01-14,-0.004008632410991791,-0.0052844707542500065,-0.005991954548477158,-0.007643784870570118,-0.00535702565897268
2010-01-15,-0.013210076332074307,-0.0126511957242816,-0.007762222546428277,-0.008408369083911975,-0.00732257551568905
2010-01-18,0.003847648796362022,0.0024785520704154506,0.0002810961053648117,-0.006897955891312751,0.0022262521118211823
2010-01-19,0.011930154988554495,0.012211693768754903,0.012333821368737233,0.009082217284124935,0.012736044944327223
2010-01-20,-0.029805375403142244,-0.026042196181563552,-0.013615113493696328,-0.01055669356439987,-0.01444062398032984
2010-01-21,-0.02168324820693281,-0.0182576450091168,-0.013784239918447763,-0.014440064956042279,-0.013373014813233358
2010-01-22,0.002655977171702597,0.00412755730712093,-0.005344294287686753,0.00025755821521369297,-0.00663635880373858
2010-01-26,-0.00864519770239419,-0.008309530693524823,-0.004621416456776924,-0.004389381737900295,-0.005436552597933261
2010-01-27,-0.006056813231682341,-0.004045063068447595,0.005985093876282488,0.0043630313824852066,0.006241410853033218
2010-01-28,0.003483285033534545,0.002686371376153807,0.001019588368756241,-0.0015017657013455068,0.0017215228137734255
2010-01-29,0.005839562362145631,0.007187446645732551,0.009480041121930047,0.007719336261821974,0.009386554605451972
2010-02-01,0.005273431909602976,0.0005801621375315941,-0.0018325660404840882,0.0004458956446708284,-0.0006511734628949677
2010-02-02,0.005909364590508484,0.005012734600723825,0.007524873227245498,0.0004110920507598276,0.00837841787521852
2010-02-03,-0.002402980162455871,-0.0023955837861846505,0.0011174635040717916,0.003827737022700027,0.00013899291368612361
2010-02-04,-0.037950240903459,-0.034675137954592795,-0.025669726685704112,-0.018705237556749413,-0.026432773032910733
2010-02-05,-0.020747392909987245,-0.021008413017510035,-0.022440934083681606,-0.01999244582860117,-0.02327129994941185
2010-02-08,0.005891053386195876,0.0071042582891644845,0.011002287983963343,0.011804202653417731,0.01033907701479519
2010-02-09,0.021608288765559855,0.020277457667204016,0.016431000532062427,0.01563057392216781,0.016330279189229493
2010-02-10,0.005652071238949339,0.004899782990952612,-0.00023926165884016683,0.00415749606960135,-0.0006038644791611903
2010-02-11,0.011816443525646553,0.009513877086485037,0.005953004316612569,0.0003918085760367452,0.007169505473376206
2010-02-12,-0.006740768861674759,-0.006679696484181583,-0.009195530247061368,0.00011536678810769975,-0.010179716611580032
2010-02-17,0.015639244796151072,0.01418081728025443,0.010925920116850837,0.008318756529952294,0.011794358274602568
2010-02-18,0.0054223555482313225,0.00505290043938849,0.005163600104483669,0.004449330950128484,0.004357379428001842
2010-02-19,-0.007224923693366745,-0.00798172795876775,-0.008855629365845505,-0.011233560135784061,-0.008993919286271159
2010-02-22,-0.004241318234811505,-0.00385757057494305,0.0007491514288841211,-0.0008901591765749198,0.001478907765962159
2010-02-23,-0.01679679096987739,-0.016237563662903215,-0.0167432235238739,-0.011505324664245638,-0.017872998076322894
2010-02-24,-0.007615368915953767,-0.008180140338836383,-0.008660016227181443,-0.009715813464748466,-0.008785209354713108
2010-02-25,0.006442269580784253,0.006137300767460002,0.0035480788612198377,0.003871577943818397,0.00331327996061326
2010-02-26,0.0037033342881821448,0.004040039048431063,0.005929507055243739,0.006737297999658246,0.004922081184842852
2010-03-01,0.011166435039046815,0.011208119768574028,0.006499137611194559,0.014582771261706172,0.005762394213909204
2010-03-02,0.005666723336646953,0.00522109754272005,0.0017653423801403268,0.002326053224133473,0.0022956478020682747
2010-03-03,-0.0046264082060604745,-0.00489911927333934,-0.002630722700113347,-0.004301765132971998,-0.0031037230166339157
2010-03-04,-0.0005886655410520612,-0.0012392566294342588,-0.005448027182658681,-0.0027992059810447393,-0.005478287119724314
2010-03-05,0.007620088880322314,0.007207805702927867,0.004604537639859795,0.005344471494809903,0.0049957134847273136
2010-03-08,-0.0028556869754320473,-0.0036573121959253274,-0.003975119266641465,-0.009631412359923017,-0.003494114165452522
2010-03-09,0.00889505044450739,0.007084205744197852,-0.0004317739699871491,-0.0028917490771643464,-8.985350360277145e-05
2010-03-10,0.005005032601708377,0.0037433744493706456,0.0018236237954651177,-0.0034405602878993823,0.003074770469859385
2010-03-11,-0.002822498599254674,-0.00256020699562983,-0.0008823592080467796,-0.0017284844776205908,-0.0006614567540933775
2010-03-12,-0.00947004320291743,-0.009479524853241862,-0.009378539968961446,-0.009768373731603655,-0.009266193096657684
2010-03-15,-0.0005463259359049384,0.0005174558292103934,0.004850049656908164,0.0020546437273655715,0.006974176245904023
2010-03-16,0.012847007334505705,0.011300035438774943,0.00894892789374634,0.004621519801085819,0.009644397494594172
2010-03-17,-0.0014215538963895332,-1.741697399417093e-05,0.0017899207928895895,0.005487260215886525,0.0017222196885109183
2010-03-18,-0.0015760001794266343,-0.0028015469400539763,-0.00492219415312722,-0.009601784579302837,-0.0038921003200442193
2010-03-19,-0.009319386698247093,-0.008587615191236232,-0.002744449842297876,-0.01130821797440014,-0.0013298725613682142
2010-03-22,0.0017072063981545065,0.0011763387552288936,-0.0008292986589393671,0.005585645846287351,-0.0015028586893449216
2010-03-23,0.0003646400171415348,0.0005510926501599038,0.0023626534284548538,0.0038117754235611825,0.0015624193955708398
2010-03-24,-0.008488458328390597,-0.008729702011300236,-0.009041941292049705,-0.011056895208729456,-0.008525005703544752
2010-03-25,-0.00321029696557829,-0.0027960043812761846,-0.0019513963346223574,0.00022588771458650556,-0.0023084104755996915
2010-03-26,0.00084130286139054,0.00088449749829996,0.0009803890377509472,0.0018038043830404969,0.0008662651319229476
2010-03-29,0.012998415663074593,0.008952041024028759,-0.0027338852735256563,-0.004920761095141314,-0.0007316865831397549
2010-03-30,-0.0029627222415863036,-0.002983360085479333,-0.0026932564070237916,-0.001979229563985461,-0.0028659246836933924
2010-03-31,0.00325992323354517,0.0014180413581137254,-0.0033854126127059563,-0.006105359953876793,-0.002735901740011421
2010-04-01,0.008081732909203838,0.006600441612655232,0.00143637752082837,0.003100824404081476,0.0016623225910706255
2010-04-05,0.0009162407900848755,0.0007997406936084031,-0.0003575224370244785,0.0030458403403620217,-0.0007595949578968169
2010-04-06,-0.002620354909590654,-0.0025166703665579332,0.001556918694466153,-0.006328296004966196,0.0033721844228098326
2010-04-07,-0.001970778306735729,-0.002516559682592895,-0.002427962382291549,-0.0054136067298829645,-0.0013194668256951599
2010-04-08,0.009572092901418847,0.008315713291884592,0.004717648474780857,0.0037588336309132163,0.0035651829345754314
2010-04-09,-0.00420031860037488,-0.004306168608562066,-0.005985268169744202,-0.0037019990502402287,-0.006273917143650653
2010-04-12,-0.0070471074397522575,-0.006465450264537431,-0.0020697823669498863,-0.004044233526654183,-0.001957297087000794
2010-04-13,0.004914049183345592,0.004050505623788557,0.002416861271465818,0.0016285977349741658,0.0025442493613328436
2010-04-14,0.009627193740708456,0.01024596164636886,0.011778744698664316,0.0108836291695199,0.01167103467273416
2010-04-15,-0.004608247643958621,-0.0026918598139794147,0.007398732979451083,0.0023380230913925,0.007013341116759782
2010-04-16,-0.013156807365696912,-0.011187461358989698,-0.009042569304804342,-0.0017052213338131443,-0.010492145656983337
2010-04-19,-0.007043127667037025,-0.00552304786350076,-0.003450298032168789,-0.002619793247291807,-0.0036573621482667534
2010-04-20,0.0020265370726916254,0.0005296452438292188,-0.0011062624531800284,-0.007228306253607375,0.0003839804468381213
2010-04-22,0.004348849050369926,0.0049641540532084,0.0045302268194479765,0.00884582147195448,0.003011485696601438
2010-04-23,0.0019538156309334026,0.0029060053087318007,0.005621137822599347,0.0057108387494724955,0.0052523687687250735
2010-04-26,-0.0034884611689574947,-0.0012252868408888363,0.007117284920249528,0.005706541354007886,0.006342393172134119
2010-04-27,-0.024728757839081194,-0.02192957503933217,-0.01539550261106893,-0.012047928158956831,-0.016006001414231877
2010-04-28,-0.00045566799750558083,-0.0006151072774299186,-0.0022003004460858146,-0.0033168977673284942,-0.0022655683963361023
2010-04-29,0.01327374284204036,0.012282641088977541,0.008255538609622113,0.008283466082742457,0.008095289700300183
2010-04-30,-0.0024786612670074414,-0.005181398738209464,-0.016143518421531583,-0.009165104438524611,-0.015002522659042195
2010-05-03,-0.00026579835141073323,0.0027207365776277847,0.013304706981751513,0.016839476488445086,0.011280336405862668
2010-05-04,-0.028831849541493607,-0.026720154760332564,-0.022619629531817453,-0.016238565221873478,-0.024120320950646902
2010-05-05,-0.005914578473092536,-0.00665807463315112,-0.009815145902813021,-0.006856575398998392,-0.010862696839280662
2010-05-06,-0.01919974344400157,-0.01852000689852192,-0.022767370379618443,-0.01566504770447627,-0.024966998353889713
2010-05-07,-0.011446664279697916,-0.008433632803113274,-0.005537713550141755,0.0045694031698365264,-0.006939862902672868
2010-05-10,0.03607084478730806,0.03392464093142618,0.032640375930102224,0.024875637179512924,0.035246863823636204
2010-05-11,-0.011023777298302381,-0.010722160267418353,-0.01068830856853606,-0.010018659873620453,-0.011147772252315308
2010-05-12,0.0075374511181304366,0.008109873250364098,0.009339348464859145,0.010069136270998357,0.008452880806033403
2010-05-13,-0.004248283323240963,-0.003723138515945453,0.0019097069105699848,-0.007145335776668939,0.003983807188860489
2010-05-14,-0.02275026290956393,-0.02047158363741345,-0.017236970783404887,-0.011830567963121126,-0.019139897823221223
2010-05-17,-0.003381584844111207,-0.0013631334041340492,0.002423569009866823,0.004737426091659196,0.003109390803131691
2010-05-18,-0.02503073126952307,-0.022352152949528695,-0.01684515318364633,-0.014540257902772798,-0.01790560851361578
2010-05-19,-0.018850082608080868,-0.016646218276663308,-0.014745956990898416,-0.004079562867031622,-0.016892505337710573
2010-05-20,-0.024523486044117422,-0.02641965411516787,-0.03381278094227018,-0.02806234659865362,-0.034608842167895934
2010-05-21,0.0347474319251914,0.031526883373965184,0.02663668831085642,0.023813849772282424,0.0270167585508736
2010-05-24,-0.0050670986648930025,-0.0034156134287030757,0.0018675706316504765,0.004420603797945044,0.0008702455350182111
2010-05-25,-0.01596104055481676,-0.01518270684447704,-0.012625902767027287,-0.011992239480582482,-0.013774847755471432
2010-05-26,0.020337615705636528,0.01978177856243884,0.026485428079159566,0.014811229999816738,0.029076035282771348
2010-05-27,0.02700677394508226,0.023800584915566764,0.014913202137990501,0.012033273230958576,0.015808347286130446
2010-05-28,-0.0005035366229135087,0.00015281462533970475,0.0036479669183224045,0.0009197301303102354,0.0035810160071606
2010-05-31,0.013597237269209184,0.012647176474088289,0.005528757507663393,0.008148729681417086,0.004615363404202183
2010-06-01,-0.018380346602844586,-0.01830569974120433,-0.01815234257391416,-0.018778172549501287,-0.016918542210264495
2010-06-02,0.01754239318364061,0.016189726030018184,0.01464203518113788,0.015146729933665682,0.014693411737757062
2010-06-04,-0.014541093879224722,-0.01116632774368833,-0.0066971646441591655,-0.002751346599229371,-0.008007019602685295
2010-06-07,-0.009111292269425583,-0.006656399697899164,-0.0024512985672901213,0.0007591458339505609,-0.0035015909016043434
2010-06-08,0.007669151904162743,0.006074948158491687,0.0037735725502864377,0.0026025130846509415,0.0035059423892966337
2010-06-09,-0.00483075294848062,-0.003919502512613,-0.001478734442729179,-0.0009614719893873937,-0.0018153213706751541
2010-06-10,0.01849378939971095,0.01531484949253048,0.006480271244989025,0.005278874108443933,0.0069452986840923495
2010-06-11,0.007064978546683528,0.00613353580440105,0.0038509464542825105,0.005546490744804983,0.0032004850677530426
2010-06-14,0.00011003995121589743,-0.000957647946118889,-0.0013685626191235038,-0.004584937701825383,-0.0004992509734868158
2010-06-15,0.012944383888907358,0.012358307606777396,0.010913911454204006,0.00933101391046542,0.011692677007609571
2010-06-16,0.008009210946817117,0.008273477219157362,0.009413783955206053,0.0072500377568108735,0.0099366864685284
2010-06-17,-0.0006633111374770681,2.0200139358339704e-06,-0.0001964874703348717,0.00209228980717415,-0.0005663640135744211
2010-06-18,-1.521980367296923e-05,-0.00010291316412720797,-0.0004739386459901514,-0.003922805679793148,0.0006746922514929923
2010-06-21,0.007053173045231504,0.006359519414581489,0.007436621838010332,0.0038407148220683616,0.00791424271142694
2010-06-22,0.0011400034153071351,0.0008259032425397663,0.0008441839400617941,-0.0014898529822022005,0.0011504130849434723
2010-06-23,0.003935619640442147,0.0030672586178309923,0.0029792266701205014,0.0038075258217605706,0.002461803140731701
2010-06-24,-0.01295420603970743,-0.011223322179049321,-0.007530017662295598,-0.006999008336502172,-0.007290494969919224
2010-06-25,0.011984415236869913,0.011869506413884028,0.011614763741580334,0.01253896866281485,0.011334919000375192
2010-06-28,9.953708327071565e-05,0.002271258427725939,0.007933208359539666,0.01283291874519971,0.0060309329607301145
2010-06-29,-0.026337729415823505,-0.02255154065388077,-0.016192552670875736,-0.012221357584645962,-0.016401402514436347
2010-06-30,-0.008466890370488108,-0.007050318766621544,-0.004869255116942847,-0.001678398984194153,-0.006425609633682161
2010-07-01,0.006176522640689011,0.0035774838948630437,-0.001439491555488546,-0.005809831266949966,-0.001490841923243448
2010-07-02,0.004427691209239002,0.0045759327763804925,0.0036630922659127794,0.0060422955148224464,0.0030065557089713857
2010-07-05,-0.008500660776291396,-0.006774013707115571,-0.003068009081150918,-0.0006341032447672605,-0.00426159236462424
2010-07-06,0.013973884630862866,0.011640708861627113,0.003187141021533963,0.0062087185307923565,0.002923847235571096
2010-07-07,0.011042099773195568,0.008747645860236474,0.0008527926140384269,0.0033720960931608542,-0.00011177923023905265
2010-07-08,0.003039490901427906,0.001701584769115024,9.137896700227646e-05,-0.00022815246872653515,0.0005976171579534664
2010-07-12,-0.005183786750658436,-0.004667011845067776,-0.002058015616033504,0.0004909302265763301,-0.0031666377103942846
2010-07-13,0.011645899613237067,0.011996161708256818,0.012736303516173678,0.008741072565785782,0.013849610278822162
2010-07-14,-0.00738414147405367,-0.0075262833465665055,-0.007212298061573446,-0.007819019297008407,-0.0067003946354702365
2010-07-15,-0.0009514884600521879,-0.00025676319898292944,0.0014076911287528296,0.0032416408911144293,0.0005256390110833587
2010-07-16,-0.019056278072553362,-0.017918213064790252,-0.01642532334214369,-0.01382337808201252,-0.017257856111111355
2010-07-19,0.012176563051008888,0.01005718221991395,0.00519839077290356,0.004677510798450279,0.005268204548592036
2010-07-20,0.012333386552086996,0.010996714547504402,0.007738198083940883,0.009454533510760798,0.007291988225034171
2010-07-21,0.0014172601050099426,0.001063837812587305,-0.00023073231403166698,0.0006589612053003908,-0.00028600999712538296
2010-07-22,0.020413639734563258,0.018970175690723148,0.016670990567421273,0.01254505444475296,0.017507025280167513
2010-07-23,0.006740097032991534,0.0054122340337785495,0.0035311331327998827,0.0016885636138169618,0.003664706183240154
2010-07-26,0.0024150627905661763,0.0030096182277239893,0.006101874660744385,0.004883238459017135,0.006932634524341824
2010-07-27,0.0032458845533909573,0.0029347105953976844,-0.0007983045599809064,0.002925973638872283,-0.0015788491077747275
2010-07-28,0.005618398711494783,0.00439964089599393,0.0003228765167361473,-0.0029029971344195432,0.000739187031572359
2010-07-29,0.0038177049772399434,0.0036093478791981827,0.004900628298347433,0.003968201699287802,0.004959456745738354
2010-07-30,0.004689886800428376,0.004992900261113002,0.00367306005013264,0.0029071424358319714,0.00376549803981844
2010-08-02,0.01122528412563335,0.011048221206400682,0.011240566392288449,0.013690127879322864,0.010976995042965891
2010-08-03,-0.006362578231002059,-0.005130668961684785,-0.004017754750326145,0.0014264382263394155,-0.004445476527527764
2010-08-04,0.0053418716794802765,0.005901106899036449,0.008673653993326268,0.00825734230789006,0.008358628923627123
2010-08-05,0.0004695952935409812,0.000959966821955407,-2.460566991647952e-05,0.0017043243734032943,-7.782838588385552e-05
2010-08-06,-0.004612182396868132,-0.004103372148605113,-0.004079816576843548,-0.0037693858430107854,-0.003993845418983851
2010-08-09,-0.00040689806144515706,-0.00015140717521203048,0.002651547693641816,0.0006102848413908433,0.00278310617677227
2010-08-10,-0.007572710731730885,-0.0062570610474037254,-0.0015695356032136083,-0.0008683332086728065,-0.002601917017810829
2010-08-11,-0.0166246422307707,-0.014572183225299993,-0.009775220842889325,-0.00868826457848848,-0.010218257122681955
2010-08-12,0.0033499342129222004,0.0027885935965288435,0.003377374595895424,-0.0014647148831932644,0.004939926118140032
2010-08-13,-0.00283755413327838,-0.0029276124615470124,-0.004558981261486826,-0.003754704165858278,-0.005034987316507666
2010-08-16,0.005304387517839831,0.005803186989721112,0.006698050178736649,0.010637479048735528,0.004989494641502636
2010-08-17,0.006460180800489563,0.006249754008146691,0.004758171100892184,0.007262221583704181,0.003983959555723022
2010-08-18,0.003589452780367446,0.005358084797798368,0.011911383983730338,0.0136852641619458,0.010820633296437263
2010-08-19,-0.010612582242102497,-0.010646259029955786,-0.010745621079083207,-0.014270151010095926,-0.009140602858418822
2010-08-20,-0.0018876110406837814,-0.0014378576366818002,-0.0015238570670456943,-0.000298748452934642,-0.002173906635841805
2010-08-23,-0.009104853954990626,-0.00848319481385824,-0.008862147060853063,-0.006030964749203856,-0.009669063330260923
2010-08-24,-0.008253789112718353,-0.007486706349546633,-0.00529508696490749,-0.005655848145879932,-0.005192973604583152
2010-08-25,-0.005916734012345178,-0.0041698308524647535,0.0024838626338534835,0.0037724359701655783,0.0009404456935209406
2010-08-26,-0.0070155415165538155,-0.0028411956855262143,0.013523369381417672,0.012193296644043042,0.011991575147403743
2010-08-27,0.021711527504729343,0.019935035599230357,0.01597990667285206,0.011103314071721975,0.017489219107266436
2010-08-30,-0.013500561118176182,-0.012360188887751762,-0.00864342775700317,-0.009701681507981078,-0.008787838599031827
2010-08-31,0.009771820085371218,0.007112032188786655,0.0028489389122962937,-0.0030028792078785997,0.003979571673056232
2010-09-01,0.023051375493209316,0.021710826441655916,0.017145111632826816,0.020607691414036018,0.01590767784588372
2010-09-02,-0.006689879033955102,-0.005981287608164122,-0.0043717471266567845,-0.0017375132992030757,-0.004927278598712593
2010-09-03,-0.004562966056875955,-0.0031520195776134794,-0.0025271279978686598,0.0019427277721765297,-0.0027748771436348785
2010-09-06,3.073008994759036e-05,-0.00042237543930913064,-0.002334917944345864,-0.0021142232998957104,-0.0023968847975498475
2010-09-08,-0.004276087202778843,-0.007023397308484275,-0.007412807885629864,-0.01977185109576609,-0.004123034024372852
2010-09-09,0.005089007309269608,0.004885529530911811,0.006538369286746919,0.0022900232432231937,0.006575934341045782
2010-09-10,0.0029655694838450885,0.003409505308491256,0.003681967773358511,0.002078116438853332,0.004816553915368344
2010-09-13,0.014798342148808326,0.012202711023095903,0.003562630666719388,0.0018102774152962352,0.004799532193253084
2010-09-14,-0.0016751214194875715,-0.0014895498664506727,0.0011214049383742914,0.000812565334820247,0.0003259774693732875
2010-09-15,0.004208869740507024,0.00430959079364631,0.005582399866100332,0.004839375933763321,0.005660028243085414
2010-09-16,-0.003195388413136951,-0.002934057237551143,-0.0033237268098586445,-0.003394810923040205,-0.0037777786630841513
2010-09-17,-0.008584154946327553,-0.008229767000888968,-0.008117743619805013,-0.008828814530820898,-0.007906464264943227
2010-09-20,0.013371277560663957,0.012388850680567538,0.010993081411742593,0.008911541247911282,0.01137901851754005
2010-09-21,-0.005959897030392305,-0.00636004695959703,-0.004633778566324245,-0.007769105170457166,-0.003531370581613111
2010-09-22,0.004019865509552416,0.002628379023647929,-0.001366605945507143,-0.0011441147453277519,-0.0017697181299840812
2010-09-23,0.0036334968043631177,0.003192122037947702,0.0008485783509643349,-0.0016528321803221016,0.0013142726924412367
2010-09-24,-0.006678502856000926,-0.006035073338614019,-0.0018518430512002978,-0.006722234660535497,-0.0006584865328907999
2010-09-27,0.006550359508457413,0.006127643181406612,0.0024165798894319056,0.002959273436943012,0.0028950857990408113
2010-09-28,0.004035883160862723,0.003276028373796952,0.004094906297768084,0.0026165596187646186,0.004171361884435441
2010-09-29,0.0003233968355774576,0.00046610636443082643,-0.0035951072230995824,-0.0035834462484926476,-0.0028009439000474977
2010-09-30,0.008658742493219018,0.009459080877660885,0.011774275199539497,0.009456442079186205,0.011838709097188121
2010-10-01,0.011385786863325363,0.012159838550181094,0.013854574201201963,0.017235294577597628,0.012823612633378367
2010-10-04,0.003449328366587775,0.004466570570392026,0.0037287312546238653,0.010461345327074597,0.0036790065616722277
2010-10-05,0.014760749426566334,0.01570149861734918,0.018307348204174758,0.020615574713964753,0.018444608100965522
2010-10-06,-0.003962542614879582,-0.0023187988073812395,0.0009000494294351875,0.004323798120762183,0.0007221643490282854
2010-10-07,-0.007107534861367207,-0.00603287575727352,-0.0035341316343964913,-0.00303439593934549,-0.004209703810351578
2010-10-08,0.013310797754175369,0.013500118573755777,0.011160007173212088,0.01423551033668754,0.011789992229598912
2010-10-11,0.007639036773851439,0.008389854840231564,0.015014656376203726,0.009860528460488842,0.016017624965379115
2010-10-13,0.010974535114864216,0.010562202883090776,0.004095961172109345,0.003600460975803905,0.004912568575315985
2010-10-14,-0.0012667972359280092,-0.001492761875239757,-0.0004527639255377863,-0.003563076834776968,-2.8052148355802234e-05
2010-10-15,0.0012089625344179936,0.001564952271961044,0.0028271285498608707,0.0005310156533906824,0.003645394868817205
2010-10-18,-0.0039440917490700216,-0.003221537590508184,-0.003837986489232262,0.001463354948202491,-0.005888885677590884
2010-10-19,-0.023844809209519112,-0.021965142915047267,-0.020053936201500495,-0.01342619551481173,-0.021504490335543927
2010-10-20,0.004872826514899225,0.004839152564643805,0.009052554428796697,0.0017232092924023828,0.010299450979994011
2010-10-21,-0.005400437931582723,-0.00226869052085895,0.007983234067691343,0.01319113302995345,0.0052806773560858215
2010-10-22,0.0003475581871283912,-0.0005312505705947241,-0.004451616797690143,-0.002751544083722384,-0.004715416018444262
2010-10-25,0.003686159890559699,0.0036398063254804145,0.0028700540378382407,0.00010917538438013567,0.003010461473693467
2010-10-26,0.014451698613297086,0.014576857543900309,0.014991310469642367,0.010115637880120444,0.017204518856966597
2010-10-27,-0.004382734852545781,-0.0033177559097617108,0.001252658144010888,0.0037429808473635295,-8.500270155980378e-05
2010-10-28,0.00016515336625213178,0.00014003973782758343,-0.00086799113203257,0.0003938726241880465,-0.002071646189723999
2010-10-29,0.004857170554402092,0.004224132642070312,0.005696284248286392,0.0038669673708029827,0.006061561484650858
2010-11-01,0.010405945668993808,0.011108463725515334,0.011265367620637092,0.012638091799822292,0.012007277040809637
2010-11-03,0.00575208326235855,0.005521524850759198,0.0010008593704908752,0.006064119222349332,0.0003467457375221283
2010-11-04,0.015008613617743522,0.013738648468388811,0.011562040454682648,0.006953189224105797,0.011817200050717291
2010-11-05,-0.005788388151445336,-0.0050566301363408235,-0.00475874083534871,0.0005614424631177548,-0.005373185263531958
2010-11-08,0.0014686168655952188,0.0011550354579712109,-0.001864842132648985,-6.19726638377094e-05,-0.002270366544590885
2010-11-09,-0.007310158540581141,-0.0055739138480180505,0.00116996227203575,-0.0013151664744921491,0.001755489566936956
2010-11-10,-0.00541259273135325,-0.006530488275451595,-0.011858518254311603,-0.01085539362782725,-0.012164715525383882
2010-11-11,-0.008668750391869987,-0.009340052726633739,-0.009755494258683979,-0.008640747253488481,-0.0107761622148098
2010-11-12,-0.011207990444228036,-0.010386950182696602,-0.010108691038950065,-0.0059691314717088256,-0.01112946330193899
2010-11-16,-0.017764645521738877,-0.016016128355766785,-0.013805437659414648,-0.010062826017337188,-0.014885409165004129
2010-11-17,0.006153759396652823,0.005535351475748192,0.006061299112654724,0.002430779970058796,0.006454257798742096
2010-11-18,0.015410679539902643,0.014663241329120832,0.011838414963718968,0.013697645956276663,0.012008642315930702
2010-11-19,0.003137016149461069,0.00384636993787087,0.0060983901865838755,0.00872373578023084,0.005645437602497771
2010-11-22,-0.015029733842950446,-0.013920129006062966,-0.009725452031779512,-0.00898765048259868,-0.010275459104144414
2010-11-23,-0.022961419073290943,-0.020242287047682293,-0.015373164925198036,-0.010616514847532982,-0.016713366032733948
2010-11-24,0.024108418060137422,0.023763855190626442,0.022840708152434813,0.021869985092217208,0.022611979465186144
2010-11-25,-0.0014224368460007803,-0.0014832186890904532,-0.0012395857892786857,-0.0036260821377295314,-0.0005231149210731944
2010-11-26,-0.011495259662921833,-0.010646501331527492,-0.00943255102932576,-0.006863211052317947,-0.009619279335767677
2010-11-29,-0.00602441391812349,-0.00632749727459164,-0.007374974401525111,-0.008264505185074027,-0.006827230631652339
2010-11-30,0.0051080738914338,0.0070725902236974305,0.01961322852932178,0.013144152444377591,0.020200764093511188
2010-12-01,0.017491676108725332,0.015266441662662234,0.006414156887978379,0.00788817989863881,0.006420563522528082
2010-12-02,0.007238112609991219,0.006275644666842635,0.007594423117186644,0.0005103369144975559,0.009998654395073844
2010-12-03,0.0007494703547487236,0.0020471155107118447,0.0064856264016526135,0.0032101858644612382,0.0077631504376259805
2010-12-06,-0.004266962938757496,-0.004411803122402836,-0.005198139337069645,-0.004426072104607757,-0.005452789770123662
2010-12-07,-0.007019494861475648,-0.00742606666858781,-0.007810503075689602,-0.008139211984612899,-0.008209333773349847
2010-12-08,-0.00878587064273113,-0.00732218116402425,-0.003752956538518067,-0.0022578661738569023,-0.003936630956573761
2010-12-09,-0.007113328419873374,-0.0071984005584193244,-0.009687984485610503,-0.004648539425473151,-0.010545779020707613
2010-12-10,0.009003877339538951,0.007705468658571304,0.0046372196496938895,0.0029275518081724287,0.00527347374335093
2010-12-13,0.010906718766047334,0.00957754815760291,0.004313975525204263,0.007137726239199033,0.003426533387351431
2010-12-14,-0.0019367805881200183,-0.000685459285780737,0.005925694406917987,0.0023967055102445743,0.006108128942277248
2010-12-15,-0.012684017357228874,-0.010344567464570362,-0.00440675915988486,-0.0018049045966119725,-0.005658867339681217
2010-12-16,-0.005947758948169648,-0.00382603452232394,0.0016865689342357435,-3.721391795934929e-05,0.0017473750086977322
2010-12-17,0.00620462648034582,0.005511461698867393,0.0026192866054429347,0.00629964570749707,0.002005569531937979
2010-12-20,-0.010497195068617763,-0.009048973896276317,-0.004446823402260245,-0.005192731190464291,-0.0035189567725765953
2010-12-21,0.017992021739607685,0.01502524266078507,0.01052063360677788,0.007258475069411054,0.011097087561194492
2010-12-22,-0.00197064148887994,-0.003960454903141149,-0.011134679962261647,-0.008975302754106119,-0.011620980878291484
2010-12-23,0.004249851244366297,0.004707057981181923,0.007138641406882102,0.004576829276868878,0.00747320212169871
2010-12-27,-0.010104646970618816,-0.009218994057413298,-0.007168573690262321,-0.007398937213083821,-0.0068120569381934955
2010-12-28,-0.001391719777120605,-0.0008381219952972581,-7.252409529280888e-05,0.0016647372553042483,-0.0004531349368720106
2010-12-29,0.01361666892003334,0.012383998048884393,0.0077050767963469415,0.007621794733576163,0.008256274337060028
2010-12-30,0.007377019298814793,0.006937561362294073,0.006740334359548969,0.005390974717287431,0.007782655562847789
2011-01-03,0.005958267024138177,0.005551077833805788,0.0041630279860576744,0.0053429443883369065,0.0036041761241623034
2011-01-04,0.0030693814040360264,0.0019717388435752927,-0.0010394756935621786,0.00011871303988330228,-0.0009529977282612099
2011-01-05,0.009509583311045781,0.007668034894473137,0.003839660703010713,0.001456249802336336,0.005192306458421534
2011-01-06,-0.009235653225934032,-0.007940166511604951,-0.004722802136654247,-0.0017410175881913586,-0.005927422057244848
2011-01-07,-0.004486685568407665,-0.003259327891958154,0.000512149141524779,0.0008764097401544907,0.00012541390774407544
2011-01-10,0.00018978580280416368,-0.00026524974437626674,-0.0017030192222825388,-0.004262945050347152,-0.0012370566060170996
2011-01-11,0.004618771214644625,0.003593464480999111,-0.0019219268600243126,0.00026649098078330427,-0.0027701457552712543
2011-01-12,0.013810311315982145,0.013050652598683715,0.008872254165862244,0.012628068331325291,0.00790859865324558
2011-01-13,-0.009640957101309524,-0.00732924424208703,-0.0011445546925332756,-0.00013650486603732147,-0.0014409764058608593
2011-01-14,0.004318272383582636,0.005126346035749426,0.006376254688617821,0.007273949975514979,0.006212964098341143
2011-01-17,-0.004126308939731047,-0.003201758897477155,-0.0004367697773189624,0.0006905799454077435,-0.0009335393020334702
2011-01-18,0.002437074793418733,0.00251057049565437,0.0014337089631651558,0.003138891873511706,0.0012669804594069092
2011-01-19,-0.01024783717737018,-0.009533577265118246,-0.0052861579068852246,-0.009482726480363622,-0.00452793524623662
2011-01-20,-0.010215011610073727,-0.009656875757799027,-0.00918925867450839,-0.006238946438229961,-0.009756518552683445
2011-01-21,-0.007705649545764835,-0.008081260161688942,-0.00820343406837374,-0.00755481349731474,-0.007986986444438838
2011-01-24,0.0037484378700191226,0.0038440096853908133,0.004597414970020048,0.004112250200625865,0.004347279309058509
2011-01-26,-0.012404251934945935,-0.009997649939147715,-0.004966394483227467,-0.004046457590374188,-0.005461466764504504
2011-01-27,-0.012879644667539224,-0.01273888550016716,-0.014260124560599292,-0.014884684095239176,-0.013733033811876853
2011-01-28,-0.024467079814029992,-0.023432793820500716,-0.02292705712158463,-0.01648011751738035,-0.024356613996669982
2011-01-31,0.0057134145914409734,0.006058907650262508,0.008188116223314817,0.003099950439595752,0.0090315732789044
2011-02-01,0.015622813131825949,0.012005549339329163,0.005368037765737689,0.0008696695723358402,0.006596438477842472
2011-02-02,-0.012552318661483642,-0.01030962928658323,-0.004643109967857344,-0.005018362048231502,-0.004589029086534925
2011-02-03,-0.004141095287245513,-0.0050799893208070615,-0.008488877782948405,-0.00831669013497707,-0.008686812882449678
2011-02-04,-0.01992028513008849,-0.018130461165243472,-0.013746630566973228,-0.014500433322549284,-0.013009593285164026
2011-02-07,0.006330177080297124,0.006089099633376368,0.00493346561010097,0.003948976176586642,0.00486371562217046
2011-02-08,0.007183966661010874,0.0064337280916541145,0.005047912187357302,0.007078668028035536,0.004073549100182658
2011-02-09,-0.022872987413311105,-0.020698931249473362,-0.015148538300227919,-0.015989949816102248,-0.014608430044817633
2011-02-10,-0.0005147641321746734,-0.0005582168619054545,-0.0033448493751623964,0.001756608283934125,-0.00467891904621693
2011-02-11,0.014765700909715367,0.011847578426450813,0.005279596657857752,0.005348218272884362,0.005782375875228663
2011-02-14,0.012667379043468648,0.011924678702282254,0.011501155266401476,0.010491153631533655,0.011796834705188388
2011-02-15,0.0033049267027465273,0.004151997237805995,0.004662109319478659,0.007026314210921059,0.00421018065386452
2011-02-16,0.014366368024712722,0.014611455949349048,0.013147243780111145,0.01382966262963493,0.012745937418821223
2011-02-17,-0.0005338333169053284,-0.0007095849067714206,7.78987927203302e-06,-0.0006640549598678994,0.0008383103179838074
2011-02-18,0.009761805127892952,0.00913398414226503,0.008440231181843588,0.007712215329295245,0.009104566965634386
2011-02-21,-0.011526486202635895,-0.00913563576901661,-0.0048882181006296935,-0.004868241451875668,-0.005002953739818657
2011-02-22,-0.014782148143463625,-0.012640467196786178,-0.009163639019207463,-0.0074069901744527235,-0.009532352261922013
2011-02-23,-0.0031298888813494317,-0.003745557922503317,-0.008126111015160916,-0.009013000922657971,-0.008056646399504572
2011-02-24,-0.0015600635981121715,-0.0009196581261515324,0.001319401434386385,0.0060976490586180515,-0.00017900009812335744
2011-02-25,0.001929492505080236,0.0012690951617578502,-0.00016443888540606556,-0.0016654954514863768,-0.0001051023589963649
2011-02-28,0.010796533418252341,0.011938939746167412,0.013744430087861617,0.013162530321744907,0.013588133545973831
2011-03-01,-0.012003877929654582,-0.010140858125331354,-0.004397064484690905,-0.005622600927917529,-0.004311673264700191
2011-03-02,0.008857459798406261,0.007405708615794929,0.004020379123146198,0.00016382087671486592,0.005542536710908711
2011-03-03,0.014541581719967434,0.013145382586917616,0.010542042215100675,0.007644589171454985,0.011099630500901337
2011-03-04,-0.0020378127980368002,-0.0012262966949836433,-0.0004903642166421184,0.0016301860849805181,-0.0015866979573671955
2011-03-09,-0.00492841121792,-0.0005696474403017848,0.01073506342585697,0.010349994709637177,0.0108114194411091
2011-03-10,-0.013790400552973647,-0.013033945136610894,-0.008561469911945242,-0.00972383250071867,-0.007985780724048187
2011-03-11,0.009629321405308512,0.00895322371769777,0.006633711485607133,0.004351512865605077,0.006531863646917126
2011-03-14,0.005567726269993326,0.0052836582288597524,0.0037254696685303885,0.005920568173507709,0.0029184427744834446
2011-03-15,-0.0024213153434732987,-0.002577371197110664,-0.003718132576322397,-0.0017330997560633778,-0.0044739594279981166
2011-03-16,-0.013428855237727742,-0.014260009345279566,-0.013082605581313434,-0.015578890578231261,-0.011891338418210589
2011-03-17,0.0032963535271705105,0.004196363105617277,0.006410941170026019,0.004953923129885946,0.006850138879203041
2011-03-18,0.0067953293613955594,0.005294662319350828,0.0019960923909434153,0.0010683430001733473,0.0026829243895121055
2011-03-21,0.0017120597642307335,0.004127710983420857,0.00839696594095056,0.010609374015548005,0.0073841592040834155
2011-03-22,0.009054880998978061,0.009034922853192398,0.007617904383911112,0.0089215480769938,0.00762350304476802
2011-03-23,0.0004808182757537559,0.0018672324179556444,0.004310181093920924,0.006658773283192137,0.00397477077830332
2011-03-24,0.00033165399545510583,0.0023365100374413018,0.006787624797568816,0.006689949174368591,0.006458685549027213
2011-03-25,0.00014057408734881245,0.0005733965578922739,-0.0010417106726337186,0.0020778285241165716,-0.001959845945631425
2011-03-28,-0.004553443022669758,-0.004937993408622429,-0.005197696506331791,-0.007083526032773382,-0.0044340919439189485
2011-03-29,0.0034664141796882514,0.0030527054933392308,0.001006526237085342,-0.0004133571948100141,0.0008783266236356536
2011-03-30,0.010022378097214197,0.011785334402404127,0.01370443553678256,0.016660037913547053,0.011875979436969376
2011-03-31,0.012457449603321527,0.011731117261784652,0.008960005243447219,0.009288180034205156,0.00919607358716933
2011-04-01,0.011822770299333714,0.01227747631088219,0.013472270043216293,0.012270716991833266,0.013455769787367657
2011-04-04,0.0009873943019896004,0.0006361930380195775,-0.0012839356779272624,0.002515439700865668,-0.0023373346118816364
2011-04-05,0.0010787795624428115,0.0016459996293651936,0.004232820813337707,0.003799894029677182,0.004734199522150552
2011-04-06,-0.00944954839475073,-0.009318911907409879,-0.009079229566417383,-0.010786598772553871,-0.008390712151905112
2011-04-07,-0.001713714523494576,-0.002913266055714293,-0.0029005443496881926,-0.003819152291333239,-0.00255116256259733
2011-04-08,-0.008603529677997782,-0.008830030896086123,-0.008362465745040423,-0.011411648914564261,-0.00717171957285867
2011-04-11,-0.0012443440785871432,-0.0007117716288044535,0.0031592152263832966,0.001320232289525694,0.0037002590372275284
2011-04-12,-0.015374486016829083,-0.014428510297964532,-0.011774568483555084,-0.011237198199587944,-0.01271321346531365
2011-04-13,-0.004457269812459985,-0.00434481734810644,-0.006061759963613323,-0.007250799369982011,-0.005687455502919196
2011-04-14,-0.003794239842028776,-0.0032752552207506768,-0.003542109468426108,-0.0019980972569259153,-0.003918193416839248
2011-04-15,0.0016023216682451678,0.0010114470869343477,-0.0014578726717125738,0.0005898278536269072,-0.0024624025219398306
2011-04-18,-0.007160545616615001,-0.004808171302572835,0.00022616877504419636,0.007868509049220769,-0.002658253848093532
2011-04-19,0.007622280316195579,0.006670898530410288,0.007220673669650174,0.002291110054014488,0.008658966263851202
2011-04-20,0.012436700402591944,0.011494206290807408,0.01162750855895543,0.008688114825661588,0.012223412357794582
2011-04-25,-0.0015548641867896864,-0.0015437080880789595,-0.002303025556441267,-0.003486065031290662,-0.001924137073941342
2011-04-26,0.003153279463668752,0.0021919661352876453,-1.3475401932084609e-05,-0.0021457177080354793,0.000754941239933796
2011-04-27,-0.013044520312435963,-0.013369326583726556,-0.016014839834194737,-0.015957555589051136,-0.017111495281892528
2011-04-28,-0.012015089573468397,-0.00947266862916331,-0.004751724467662097,-0.0018214399863209312,-0.0054296324441243955
2011-04-29,0.0057477990534607094,0.0040887818652292855,-0.0014259213791442552,-0.0017052121887635968,-0.0010865705888970767
2011-05-02,-0.017444458196952117,-0.018553217515205098,-0.01654262300875689,-0.015374126241139055,-0.015213003370007729
2011-05-03,-0.01499014383510201,-0.01358442144181115,-0.00846157478639145,-0.010158103802031032,-0.008157182162669903
2011-05-04,-0.0065195408845889246,-0.003664357586002434,0.0033354256440413514,0.002588987368984878,0.0026553654136851038
2011-05-05,-0.0028625706363282475,-0.002949442082987984,-0.00781549009788256,-0.004498981073561552,-0.009370772198548226
2011-05-06,0.01859832764823053,0.017217986724361162,0.015579504485217164,0.01100681993283288,0.017262652113577377
2011-05-09,0.002504779766171169,0.0018624796220613224,-0.0013079131991504016,-0.0020399799334188925,-0.0009851048269140974
2011-05-10,0.0017229404635090107,0.0020124547168830866,0.007935959523445502,0.006611246628476364,0.008630359281142719
2011-05-11,-0.009548282629468111,-0.008765197377364541,-0.006401895219726801,-0.006888152254618838,-0.0064978097610841655
2011-05-12,0.0058799293838033475,0.007077180955242248,0.012384320136666124,0.01273546499450675,0.012991977105505736
2011-05-13,-0.009725344892887228,-0.008615672479635192,-0.001963879764066692,-0.002007782041492865,-0.0016655408914566954
2011-05-16,-0.010491495977120468,-0.00964717729911451,-0.01007259556033923,-0.007957085334494792,-0.011205046769612837
2011-05-17,0.005921021107204726,0.004121967980987337,-0.0019565992541988545,-0.001774103184900688,-0.0017557930424504458
2011-05-18,-0.008799021870032795,-0.006432431135352091,-0.000720949612518769,-0.0009574395333127091,-0.0008565609721910184
2011-05-19,-0.0057864226392932774,-0.004212100427225013,-0.002762307136459379,-0.0011854608992092096,-0.0039418915829795
2011-05-20,0.003481372934050226,0.003382473301751468,0.0035729201612702812,0.002970141146146997,0.004328700861375248
2011-05-23,-0.005676751096597407,-0.006225418772310748,-0.00586904487900582,-0.006451774086773181,-0.005437699891114298
2011-05-24,0.009704676613617107,0.007352401809676506,0.002825258467506858,-0.001313610954945784,0.004177021147742099
2011-05-25,0.0017803409133430644,0.0014577862747186278,0.0015206311768334695,1.2293797450469454e-05,0.0025008119088955312
2011-05-26,0.007573732933659004,0.005476147759580174,-0.0010867213136678405,-0.0016908124426848405,-0.000848698527631618
2011-05-27,0.0022797019621215754,0.0018935795041674101,0.003686410599972223,-0.0005441050721052456,0.005264437084829165
2011-05-30,-0.004947927580320571,-0.005513488688236908,-0.008088485009936953,-0.007330807684880591,-0.008403877219329201
2011-05-31,0.007577422746549059,0.006629578264732781,0.005469014244732102,0.0021040659455116542,0.006590039106733889
2011-06-01,-0.01612306758926181,-0.013886110646610317,-0.007219029599405916,-0.005106947112504399,-0.007837301546443992
2011-06-02,0.007631402939115209,0.006230498640797356,0.0008874834002450568,0.002981108604583775,-0.0004179315002761025
2011-06-03,0.002130731718768008,0.0011467469240066819,-0.0038704453676364392,-0.005002119925959966,-0.0037961493099589816
2011-06-06,-0.012799193531173887,-0.011274595072999653,-0.006548557291406872,-0.008890464884980841,-0.005995366330255699
2011-06-07,0.0003333782271619214,-0.0015039771947724374,-0.0057272305457825344,-0.004289287382990378,-0.006001684591616887
2011-06-08,-0.005046412465695566,-0.004906544987305975,-0.004808205986546282,-0.005163335471861864,-0.004448477044680738
2011-06-09,0.0024451676146092748,0.0017643471693189884,0.004184399624354542,0.0019108724832742486,0.004631477004624695
2011-06-10,-0.011733084943213314,-0.011409118096856404,-0.012223893849932593,-0.01019455465422849,-0.013021253084158054
2011-06-13,-0.006153155822760492,-0.005737081806454302,-0.004103793200484022,-0.0036630326520337647,-0.004800124537089052
2011-06-14,0.004257933197039741,0.004590532261475085,0.003321354534475452,0.0038280017131038656,0.002982863205119723
2011-06-15,-0.006783544575801182,-0.005902763583871187,-0.003970813415939868,-0.002004960835354663,-0.003944930226854471
2011-06-16,-0.0064765644177521686,-0.0041725514476414205,-0.002317123879982218,0.0024794656896894867,-0.004070621183146684
2011-06-17,-0.00129795926511083,-0.0001817807504311277,0.008492793104095838,0.005818775684029189,0.009491981680225286
2011-06-20,-0.00147981911684164,-0.00265962981696932,-0.008312041439128837,-0.008450648176474732,-0.00864400366232672
2011-06-21,0.003321084051139952,0.003891979685066586,0.00222064641012728,0.004401099758059631,0.0013664351587397198
2011-06-22,-0.004671883911855583,-0.00500747642726951,-0.007734316267780823,-0.007776451538342935,-0.007903046565729162
2011-06-24,-0.0018867033974237046,-0.00024918200765635615,0.005757474961773611,0.004679977975640764,0.0063889947466015395
2011-06-27,0.0037179267344038154,0.002085861473822547,-0.0014725772033258686,-0.004017808536519473,-0.0007263033356407587
2011-06-28,0.0135743647847076,0.012678196761975765,0.009122311898565286,0.009643869374498158,0.008533652211654894
2011-06-29,0.002622780910297262,0.0015633982633523563,-0.003963574870071998,-0.0017191611355135044,-0.005090027574552828
2011-06-30,-0.0005533193668324746,-0.0014296097309717177,-0.005777089536841997,-0.005615258897678999,-0.005805143886242808
2011-07-01,0.007727940007406574,0.005414580138268749,0.0023738438084702778,-0.002148413687386909,0.003939566673129496
2011-07-04,0.0060704139499843475,0.005363289411131799,0.00540750357039293,0.0040319803073078165,0.005535361623637317
2011-07-05,-0.009983522444886591,-0.008185767346929591,-0.004054138172431219,-0.0011920329046933528,-0.005405804928835222
2011-07-06,-0.0090005544359687,-0.00706274604957235,-0.0006926189276977631,-0.0005911137447473019,-0.0009730010959217899
2011-07-07,-0.008416929575567264,-0.00886633244528003,-0.010520896330120884,-0.01244432938533041,-0.0099608437161235
2011-07-08,-0.010394333610063568,-0.008015193545552574,-0.000777741307767216,-0.00027444230813998733,-0.0013068259825151564
2011-07-11,-0.02103295488393534,-0.020040295266368177,-0.01929234018686181,-0.01754397269712481,-0.02042638813974041
2011-07-12,-0.00751271830217639,-0.006266712327002183,-0.006380491304931291,-0.001724948267125825,-0.0075551959779789225
2011-07-13,0.01994532336675427,0.02056924070297113,0.02423345913204428,0.026744090263419673,0.024015539908388374
2011-07-14,-0.013221967829276747,-0.013073723341948671,-0.015179432186567294,-0.013904400079769817,-0.015552595969153054
2011-07-15,-0.0047509180880327545,-0.003565068112975769,0.0005340475560258106,0.0004998287457512267,0.00040028173941964004
2011-07-18,-0.011597673759948602,-0.009918795740754698,-0.004563331103158796,-0.0035877097700394624,-0.005496992811688878
2011-07-19,0.0005489612507385739,-0.00019138442845756474,-0.001796297097542739,-0.0023923791335516958,-0.0015147553104667892
2011-07-20,0.002895642107096202,0.002958750317139781,0.0047072435337702865,0.0037273285248531356,0.0048610186209289506
2011-07-21,0.013698530515113008,0.010261564791812224,0.0017495082157506672,0.00033870488235777105,0.0025605841805935187
2011-07-22,0.002501059443733888,0.0018209861589244874,0.002528161728664175,-0.0006712826072437662,0.003672099997922758
2011-07-25,-0.008692149571897768,-0.008302930979896102,-0.007623212654931756,-0.00861331832010971,-0.007065978283525507
2011-07-26,-0.010955006499912967,-0.009247272688805451,-0.004958557884118063,-0.004073240939154521,-0.005619404381965298
2011-07-27,-0.02082786735106551,-0.021537230168730694,-0.024543283499082295,-0.02532281903982082,-0.02419599393771638
2011-07-28,0.003380034969324276,0.002488446342275211,-0.0013118080228787287,-0.00044205553421356293,-0.0017606262698219388
2011-07-29,0.0056786231589620925,0.006693165566294871,0.011147634486555754,0.00978853383102095,0.011799927824017889
2011-08-01,-0.0049313267214050206,-0.003983601579989561,-0.0013152433301845238,-0.0005331293439173939,-0.001591742975422526
2011-08-02,-0.021634965667500367,-0.018743026954884348,-0.009314645471404467,-0.011836523106534724,-0.00841553797114844
2011-08-03,-0.018370447670099925,-0.016786631378263056,-0.011869082042431155,-0.010046498897264562,-0.01277865350146079
2011-08-04,-0.05175302690563463,-0.04965215892393962,-0.045786436461015975,-0.040841784190651445,-0.04887239410420443
2011-08-05,0.0042662197524086665,0.001800141135849258,-0.006129808815943868,-0.008443061201738893,-0.004330230401768579
2011-08-08,-0.08192972426745981,-0.07884886149232057,-0.062133776478578796,-0.0618438031658414,-0.06232405549109902
2011-08-09,0.04109190118367591,0.03754287393363849,0.028546357782730958,0.027215865992411173,0.02883067718832162
2011-08-10,0.0017889566497668985,0.0006036872296346703,-0.0001419393056287725,-0.0045505085695509255,0.0016995325832417296
2011-08-11,0.03626688368823651,0.032366291901978,0.021743630482947533,0.018995409927638287,0.022506625327440168
2011-08-12,0.0015409176079338874,-0.000750112926836624,-0.00733510916913536,-0.010674002675610403,-0.006354724150820104
2011-08-15,0.02172619297103277,0.021234727584502264,0.019306774642083517,0.019773990910939288,0.01928121123100019
2011-08-16,-0.004632195006355271,-0.0017964384951971548,0.004405467403345641,0.008757891529705176,0.0030097742451642377
2011-08-17,0.010396473984207052,0.009039316209112021,0.005088630242381839,0.0050145301559419335,0.004840414946162927
2011-08-18,-0.029749560134203386,-0.027221766381413017,-0.02048796603225199,-0.02096893505519591,-0.019633869765484254
2011-08-19,-0.011364426380839478,-0.012543277319963977,-0.009383096417638319,-0.01636879674589461,-0.0076710473548380065
2011-08-22,0.0014762153429374752,0.0017026000265513205,0.003104485461966069,0.0018713346447841207,0.003708247850320966
2011-08-23,0.01986378008830012,0.015895490605928736,0.0076613120103080435,0.002446147512737582,0.0088289536793914
2011-08-24,-0.003509550911064747,-0.0027574633142019482,-0.002055723722649456,-0.0006755836039451183,-0.0028023831829673655
2011-08-25,-0.012352159998646705,-0.010989979562788132,-0.008294977202225235,-0.008914678110396338,-0.008570029071325003
2011-08-26,0.0033530212203692344,0.0030238542181170803,0.0009317349486821469,0.001660212903425399,0.0007089150113181654
2011-08-29,0.028083151867217555,0.02771111701259184,0.03189471132037906,0.028438279812817477,0.03278037403104599
2011-08-30,0.008237393482142034,0.008036955918973257,0.009807691256617873,0.008156522043169797,0.010111370806881553
2011-08-31,0.024747622275051548,0.025954556849629787,0.031485533316112375,0.02916676911502178,0.031992942954768025
2011-09-01,0.02067730082258728,0.016924918975547234,0.006515087562245269,0.004674590589088923,0.007730451003693469
2011-09-02,-0.021195122008844148,-0.01841353818925925,-0.010174358162854915,-0.010712434386987667,-0.01035249472053876
2011-09-05,-0.021476901633446663,-0.018926444124441073,-0.011296372607077722,-0.005421120141408964,-0.012432894005781826
2011-09-06,0.025836349893921452,0.023649138013365257,0.013239035004325947,0.013529636279603227,0.013155171543360312
2011-09-08,0.016279753440121492,0.0157207208473022,0.018189598627025134,0.01394089626610061,0.019503888644597733
2011-09-09,-0.027598631868598036,-0.024932385813130176,-0.017331404073804367,-0.014481003487941343,-0.01865140202853941
2011-09-12,-0.0016204515889635658,-0.0001752511798792755,0.0033817081868452725,0.005544235689676492,0.002802993480681004
2011-09-13,-0.004970050465041542,-0.004166046256782297,-0.0038907522036582647,-0.005106399842435406,-0.003403955505117009
2011-09-14,0.011758574908633057,0.011504097742062168,0.011014143199800703,0.010368196924602367,0.011231061349597313
2011-09-15,-0.00046786688399251964,-0.0001469166411027312,-0.0012797427177118428,-0.0002023163909490092,-0.001505482598311061
2011-09-16,0.01643682291263916,0.016764546862209274,0.014136495220464257,0.014910201276312332,0.013421995358256632
2011-09-19,-0.0019219042255140947,-0.0014043438113248677,-0.0015599640057043726,-0.0024258792209788578,-0.0015208614247953318
2011-09-20,-0.013489986575359905,-0.010232213925415316,-0.0048951309456521696,0.002849257630730931,-0.007027667062603553
2011-09-21,-0.004896527776771737,-0.002854800459434064,6.187422688777892e-05,0.00226524504381405,-0.0008441486908490115
2011-09-22,-0.04804620550005588,-0.045317816984314696,-0.03368829452066922,-0.03680730312704288,-0.03371013782556233
2011-09-23,-0.003054480171009699,-0.005254614375308747,-0.008407968996248086,-0.012010103272227617,-0.007253177723760377
2011-09-26,0.0088387590898444,0.007965929391980781,0.004572391837095679,0.0016467507246162058,0.005510293666363958
2011-09-27,0.0035151163227293363,0.0031746169188656007,-0.0010974795530670825,0.0013645749037561356,-0.001680739586566578
2011-09-28,-0.010423723197241223,-0.009846327873883566,-0.010228640577502932,-0.00961802419130336,-0.010896072597459734
2011-09-29,0.00418650312245963,0.005107753869097446,0.007286965857586983,0.009609134432145356,0.007029601645750367
2011-09-30,-0.012986764512982248,-0.010268044547070547,-0.004635281798227106,-0.001824670851750043,-0.0059204979895566435
2011-10-03,-0.02366457272379671,-0.021935685825622213,-0.01595505275251062,-0.01252886462185348,-0.01702538454858446
2011-10-04,-0.004379463696047397,-0.006765859202533946,-0.012021384447526815,-0.010999997612843598,-0.011807585227329338
2011-10-05,0.001561585828811158,0.0015833789611855893,0.004349818317549555,0.004902569191642173,0.0036925133080924722
2011-10-06,0.019327651730847422,0.01698290165845754,0.010492071887659646,0.008087887413183434,0.011706055929818465
2011-10-07,-0.020333521335903305,-0.018775504454424732,-0.01210806613822729,-0.013337613911450014,-0.012195655396134346
2011-10-10,0.03473823203500426,0.03159651463719908,0.022622168742543268,0.01795340134084589,0.02352192888881801
2011-10-11,0.004613068252631084,0.0035096161353828383,-0.00264723962600475,-0.0014450143661102785,-0.002579730297138331
2011-10-13,0.011295334733671593,0.01075424640189563,0.00813777464293769,0.011771700954696249,0.006586944921483814
2011-10-14,0.006163213261955581,0.004354402008722287,-0.0004952271145355906,-0.0026342342652539608,0.0005880997833986276
2011-10-17,-0.01611586814719748,-0.014598369533279726,-0.009410222828813765,-0.011467392696967161,-0.009823018658373947
2011-10-18,0.02070497626455811,0.0195511182657781,0.019206545037949874,0.014376636964062703,0.0206855725741491
2011-10-19,0.0019093314151951406,0.0016737117984165742,0.0007183846426601848,0.0011466602940795162,0.0005745532621001313
2011-10-20,-0.01618440045786912,-0.014490091729100046,-0.009351274646553323,-0.006409377239359805,-0.010358877558580604
2011-10-21,0.021549205621866303,0.020422031510735864,0.01630414104349546,0.01583506627543097,0.016159754027181707
2011-10-24,0.0230653932237406,0.019475377184334352,0.007707834900908396,0.0049561738971163,0.008833883123626068
2011-10-25,-0.014475275601398073,-0.013022040098833107,-0.007988497407393092,-0.0074324005492007435,-0.008018815871727272
2011-10-26,0.012110712550779393,0.011029987133350995,0.005897385247785514,0.008178467535058711,0.005719180754238826
2011-10-27,0.03001802275727357,0.025372779403058144,0.00990427817343568,0.0061054801065887196,0.011991096178369302
2011-10-28,0.0011673514436803668,0.0007931609538420009,-0.0011725707965306179,-6.777178224448869e-05,-0.0009420266802179747
2011-10-31,-0.01487697523517549,-0.01201646796181111,-0.0066302607167412495,-0.003224582300066827,-0.0081540586041117
2011-11-01,-0.018673597308359928,-0.01563716195319435,-0.006401665153705391,-0.007158941042473533,-0.006522375446571887
2011-11-03,0.00947915127743663,0.0100191461329273,0.00931502339945028,0.014388131288800666,0.0074402114479968275
2011-11-04,0.008767495515678812,0.008474571135392156,0.006460899454019566,0.0025057729701707674,0.007124019668455
2011-11-07,0.005227710975773061,0.00650069094341876,0.003860318408944582,0.012921049126954957,0.0015616456388066792
2011-11-08,-0.0006264299373032536,-0.002116879543849368,-0.0023840320734428546,-0.0068376860174047226,-0.0011898342410927034
2011-11-09,-0.01961393345813378,-0.015756077744485862,-0.004963433734452384,-0.0044503519992163945,-0.005919711408788627
2011-11-10,-0.0017712103974239367,-0.0006404297587918606,0.007093290450259084,0.004956853416786718,0.007949663099345644
2011-11-11,0.023427945070086657,0.020798857179609487,0.017025491704647334,0.018837425780764642,0.016991882838098875
2011-11-14,-0.004369944392079529,-0.00415384277637695,-0.002368506880518106,-0.00541126669487099,-0.002493276877150886
2011-11-16,0.005091720930156678,0.005451174485447564,0.0017888682747668134,0.004860058690244799,0.0013520451394813063
2011-11-17,-0.027547112476442905,-0.026578171486320138,-0.024631640376754808,-0.022556798316222856,-0.025132473617691803
2011-11-18,-0.0041314591938146975,-0.003838916406093668,-0.0014859474732463497,-0.002221369507967322,-0.001340782218248493
2011-11-21,-0.005090563091449979,-0.0038010485458429134,-0.004190016591453105,-0.002686946882959475,-0.004862622130101139
2011-11-22,-0.00549246672546692,-0.004661105166880663,0.000988910159567531,0.0018955199634481017,0.00013476626709797886
2011-11-23,-0.017337695463848182,-0.01513986976018905,-0.010176942557114588,-0.006441332752493246,-0.011477717805280778
2011-11-24,0.006362451562605779,0.005124486262731959,0.0024989645715997543,-0.0014470826341916833,0.004058392941461566
2011-11-25,0.0007778230233813737,0.0008211313544157758,0.003990924595026072,0.0033766129538326762,0.004552225093014455
2011-11-28,0.022150748513254537,0.018987689037608387,0.008629545280048417,0.010269688564852567,0.008657315658616266
2011-11-29,-0.013625374048400408,-0.012632111818492376,-0.009299154648979364,-0.010359798993540966,-0.008757263713351005
2011-11-30,0.023294513367904023,0.0221718282331055,0.007238395424481494,0.013510192444661345,0.006846397323858205
2011-12-01,0.020240277867342872,0.01945036669092693,0.01926748448762379,0.016844013175115514,0.020084895784671677
2011-12-02,-0.006339830827177743,-0.006631204563183675,-0.003570283361837496,-0.005572817141682773,-0.0033468939736682264
2011-12-05,0.0181193238815116,0.01692227288087108,0.01432196595906389,0.014912097494444054,0.01473375289453087
2011-12-06,0.010357336060331419,0.010485492449926036,0.011236801063325369,0.014063320677212198,0.010097933419274013
2011-12-07,-0.01322102938035343,-0.01064786885438174,-0.0006013680318117712,-0.0031299732503565925,-0.0007912658425365921
2011-12-08,-0.013313207747560604,-0.010005651640188306,-0.002064636890117387,0.0011814065983938764,-0.003536903314886106
2011-12-09,0.011014219329931272,0.010810477170483609,0.0105898195240544,0.012355570559051498,0.010134456522550196
2011-12-12,-0.011114279042051657,-0.008939620168387272,-0.0067946352397660606,-9.94125153242994e-05,-0.008032524800450379
2011-12-13,0.0006749244300437144,-0.00023243217444233414,-0.007042220015125118,-0.002816646171633505,-0.007707029878877418
2011-12-14,-0.011178360971611704,-0.00946141436630708,-0.002871074545102515,-0.0013082738912263215,-0.0034232954688344207
2011-12-15,-0.0025500987511849894,-0.0020015408650591268,0.000655176102950288,0.003100288492462147,-0.00023660536896590565
2011-12-16,-0.002570481784197972,-0.003027905375045748,-0.00033362621884382463,-0.006291238422932023,0.0005450482851343725
2011-12-19,-0.008413239201993664,-0.006290863821062418,-0.006085382639707513,0.0006440796828920388,-0.007995695492873104
2011-12-20,0.019651413346614174,0.017367673031485044,0.0053086040449783845,0.0077789896455526435,0.005907933192048303
2011-12-21,-0.00010428664340089732,0.0011575171039472517,0.0008503934726128482,0.005204531555354103,-0.00016199311700555805
2011-12-22,0.007515246184885105,0.005282564527734275,-0.005056768917560735,-0.002487556191514206,-0.005266409050774603
2011-12-23,0.005494520338751552,0.005088836660472875,0.0009755384110026876,0.005485687660968215,5.428430287790183e-05
2011-12-26,0.002222933041516057,0.0022834968747907176,0.006374501413476839,0.0025630020472495706,0.007277356883484414
2011-12-27,0.007367768200001828,0.006852807469793615,0.006077216082807943,0.005360830837233682,0.00646121956793605
2011-12-28,-0.021921475866343066,-0.018846590655289555,-0.007411263126042544,-0.007969891555202457,-0.008784238421893367
2011-12-29,0.005605264754625229,0.006935923645582511,0.010371399257243067,0.010234430826893395,0.009892488101874177
2012-01-02,0.008688790189309362,0.005199019467269256,0.0023868609920344843,-0.002799658364053396,0.004084326935370823
2012-01-03,0.018005954524569958,0.014065049897443657,0.0035616844755899614,-0.002386918192427748,0.005494283810892168
2012-01-04,0.004069465922645117,0.00530675267155636,0.006164700968953328,0.006968009775436057,0.00625375954474832
2012-01-05,-0.009176183250618376,-0.008996530421751877,-0.011565916819671911,-0.007510601492355492,-0.012547544491632812
2012-01-06,0.0009862904141499421,-0.0007737696276429733,-0.005375601044601596,-0.006915446193877259,-0.004329170055857204
2012-01-09,0.003108841666081889,0.002815004567102665,0.002158081303352431,0.0007843157614471701,0.002025741904477267
2012-01-10,0.004007693596464574,0.00024848173919953724,-0.008690701290672686,-0.009555355380623225,-0.007653408746695319
2012-01-11,0.0005974193077999616,1.606509274811388e-05,-0.0013681275726212536,-0.0018656216681515404,-0.0011233187147764263
2012-01-12,-0.0016260073279617594,-0.002186799988700055,-0.0066451056949400665,-0.004353588902595533,-0.007413072422376822
2012-01-13,-0.010731539615494876,-0.007935008663507454,-0.001978768923545302,-0.000990288514059054,-0.0031058774119263497
2012-01-16,0.010762400149715265,0.00945850896780371,0.004205197475700513,0.003987312761344861,0.004493473731588919
2012-01-17,0.004801576332579269,0.003760680177230671,0.005895948623737856,-0.00033824871849082584,0.007721399926659229
2012-01-18,0.014784016351166756,0.014709496436354748,0.016150976730409175,0.014660272426656294,0.017025671189158268
2012-01-19,0.005819957312123728,0.0036096665764191885,0.0010028793763134857,-0.0024377444292202227,0.002965436150373376
2012-01-20,0.007891604037172846,0.006938042113095615,0.006160474381299311,0.007339075518026239,0.006550434371610663
2012-01-23,-0.002426692929261401,-0.0022176981700250693,-0.0005675500065439173,-0.0009057181067390167,-0.0007296524128323208
2012-01-24,-0.0009865106275737524,-0.0005155812356639398,-0.0004556622257038277,0.0008169490790273862,-0.0010462541712954983
2012-01-26,0.009868746470964262,0.009296921306648881,0.009575174143236104,0.010261260971846216,0.009560008868934051
2012-01-27,0.0006590213640801468,0.0007779868119526193,0.00031427193242099705,0.0024266566425213197,-5.79154649176755e-05
2012-01-30,-0.0005848642010302467,0.0001134104464796113,-0.0007468866290341125,0.001725126947722904,-0.00024425506370505585
2012-01-31,0.004764839971497747,0.0060424929170152086,0.008413004646025757,0.008011734483916023,0.008389438242327978
2012-02-01,0.016505059127693324,0.014554106982285833,0.015678850321739993,0.008210766727859671,0.01806809993543381
2012-02-02,-0.0028816282232902476,-0.002310404615681487,0.0023770364969272007,0.0025293216783409123,0.0021780560501205486
2012-02-03,0.00965040624927036,0.007396188420507951,0.002345005318863073,0.0015385912961069764,0.00294956547535272
2012-02-06,0.0031146457175970817,0.003448345270149412,0.002294751696581983,0.004600435458124082,0.0019008227368537346
2012-02-07,0.008096179005288499,0.007020839604390022,0.006671203393630452,0.0042295694443587675,0.007297284480168512
2012-02-08,0.00026628912719293117,0.000688663410796677,0.00428418264874084,0.0016051290377807146,0.0053599414371533
2012-02-09,-0.0005857713123343613,0.0004935565398311061,0.0021104937038535576,0.0034124227796841185,0.002182200726082827
2012-02-10,-0.00980470814849606,-0.006633979253850496,0.0008344451512765048,0.0024810164380192714,0.0005383336577836485
2012-02-13,0.018241562326595212,0.016160094302119815,0.01562188569509217,0.011662571202690233,0.017179312288304046
2012-02-14,-0.009633193481141075,-0.009803901206340962,-0.013005186728927958,-0.012553922135575189,-0.012532565543890553
2012-02-15,0.012034115781812252,0.011877793648714535,0.011663292935784424,0.010235083771601703,0.012537117714494516
2012-02-16,0.007954746504969586,0.006617083846294563,-0.002034980824699098,0.0014782947815948806,-0.0029613098312052943
2012-02-17,-2.231053076065699e-05,7.274148567386427e-05,-0.00238810287247559,0.0014353099331856469,-0.0034548058197238648
2012-02-22,-0.0034506805987433143,-0.0036115566190284124,-0.0026875092775043535,-0.0023551501462926606,-0.00224832886927434
2012-02-23,-0.007882592707507994,-0.007339602841324848,-0.008247206865513815,-0.006257356358036249,-0.009414824521669186
2012-02-24,-0.0016600277874144547,-0.001153270266975316,-0.0075471369989826165,-0.0033236438544761854,-0.00940866982606639
2012-02-27,-0.003875218070084387,-0.001871506036158124,0.008819437829645385,0.00759964917648583,0.008017355544699697
2012-02-28,0.01113828641984821,0.010449976539021423,0.008683715491045288,0.009174752431775367,0.008878718113420234
2012-02-29,0.004324520209433823,0.004165409978403327,0.004743810826636114,0.0024038687775876882,0.004962724286573473
2012-03-01,0.015800308511046485,0.01358597769576127,0.008497091441686195,0.008674808737874367,0.010227687323625289
2012-03-02,0.010045379181347071,0.009200672846634159,0.010021649769179084,0.007043038160919157,0.010520857129032068
2012-03-05,-0.006937500194601974,-0.005599489596032558,0.001082270151535422,5.468284374676377e-05,0.00041970137101915266
2012-03-06,-0.0204530627080608,-0.017060131016408416,7.995519495097598e-05,-0.0017307185173706403,-0.0006461231866816217
2012-03-07,0.010183405554518198,0.008776869759754596,0.00734304708547832,0.0037916569030831525,0.00898323251966413
2012-03-08,0.011674696560218698,0.01178605608579256,0.01293173408655482,0.012378024975506947,0.01322080024262075
2012-03-09,0.0030339474734388796,0.0048741581261126385,0.008699034295345714,0.011983062880201406,0.006775545243285189
2012-03-12,0.0003514666927274598,0.001095531883727068,0.005690453099601222,0.0034675097881208187,0.005832020682267607
2012-03-13,0.024685247764961435,0.021655030847282472,0.012356862467489332,0.010718590295526548,0.014125604974544629
2012-03-14,0.0010835823498982523,0.0004985802800759435,-0.005883263043989671,-0.0031540479411870993,-0.006699611919615369
2012-03-15,-0.004831473593100238,-0.003639817552533626,0.005491775504874387,0.0009395531143500397,0.006516513253965557
2012-03-16,-0.0013573929736130932,-0.0020850975053026016,-0.0028226276419572646,-0.004986869522527275,-0.0025919924801192235
2012-03-19,-0.0007069800022161165,-0.0008009882646505343,-0.0009201267558462606,-0.002809152148588282,0.00014009018114047788
2012-03-20,-0.00492811081814464,-0.004598087117802014,0.0030479567256024966,-0.002783291838602935,0.004387126857823759
2012-03-21,-0.00455325106357159,-0.003937347625379534,-0.0005925976702841106,-0.0006148870653004722,0.0003853262103282458
2012-03-22,-0.01567936245678251,-0.013668728688311677,-0.010922566119423976,-0.009380604105947184,-0.011659538824413411
2012-03-23,0.0016548000685368506,0.0009594852409095848,-0.0019349671744295785,-0.0007273813108741511,-0.0024382161250702727
2012-03-26,0.016434795891074088,0.01645236016923092,0.015164300796772102,0.01599418613688397,0.015572944000718843
2012-03-27,-0.006393901526608551,-0.004383688809292981,-0.0011579412202523515,-0.001287317493059848,-0.0016387133538530926
2012-03-28,-0.012927572899698403,-0.011412736447904647,-0.010257929052804185,-0.010333116249012588,-0.010982482630892326
2012-03-29,-0.0017952441674336812,-0.0020613202606505157,0.0030830085038771023,-0.0013751272110845436,0.004785036760778738
2012-03-30,-0.0012434659872441302,0.0019058414922050392,0.012323610386240337,0.01198197414702177,0.011860774202565073
2012-04-02,0.01557613456973223,0.015275679452221963,0.013396257916852446,0.016776680713326955,0.013881912032274037
2012-04-03,-0.010305156437835847,-0.008942313729231394,0.0026188966385777513,-0.0019463138843816563,0.002782565738348795
2012-04-04,-0.0075467457477977565,-0.006891316686931055,-0.0012415867822508247,-0.001228976992990959,-0.0006777305092276196
2012-04-05,0.001056469044347301,0.0002400411593727932,-0.0036701071424315697,-0.0006766500364664995,-0.0038858129590599094
2012-04-09,-0.011788366041445932,-0.011349057733325313,-0.011953752595478435,-0.01144959022850154,-0.012854835610945732
2012-04-10,-0.009462925313776273,-0.006651925209133465,-0.0014636434697984048,0.0014423276981025324,-0.002408920302519519
2012-04-11,-0.005160677144017614,-0.004338726731785475,-0.005457986344960339,-0.006381680320297396,-0.005311127677798178
2012-04-12,0.016778336345535376,0.013532372307771398,0.005726529114747326,0.002569928751922018,0.006930448752765079
2012-04-13,-0.014394694985130437,-0.01254653325477572,-0.004596494923164685,-0.008296057974242698,-0.0034252433882743963
2012-04-16,-0.001481553877781222,-0.0019360197553933518,-0.0019365640219605059,-0.003232300758209367,-0.0014773074620896497
2012-04-17,0.012537613681464917,0.009457582096670148,0.0011675499605405578,0.0001310364505420962,0.0013759799892496924
2012-04-18,0.011483418409857268,0.01326134240114667,0.0225442099607986,0.021915009148091927,0.02201344780174561
2012-04-19,-0.0034633637584001375,-0.00259567930469516,-0.001777838441624944,-0.00198687050688639,-0.0010431639993711975
2012-04-20,-0.002772019230945625,-0.0011026732681191907,0.0016302005057465484,0.003098532840160992,0.0009128197731627303
2012-04-23,-0.01343206739335543,-0.010739508817161122,-0.007913988524819227,-0.003978066770513397,-0.009445641156327917
2012-04-24,0.008472943896297713,0.008635808752619085,0.006202478984405741,0.006677164304428937,0.006567866957113559
2012-04-25,-0.0038006003581783133,-0.0030871556298942755,0.0010704474585666764,0.004556897286554151,0.0007090486058136769
2012-04-26,0.003059972375722157,0.0031805547297388895,0.00756422295749419,0.003864093923650378,0.00801010382562914
2012-04-27,-0.0025712963034532194,0.0013672121779590622,0.01244556088979611,0.012751912050923854,0.010963436883211206
2012-04-30,-0.00726065310460162,-0.007929403441946,0.0008050703840911532,-0.005724276166875348,0.0003655076285517412
2012-05-02,-0.000692933401270507,-0.0008492881385583899,0.002185096714153467,0.003595277175629779,0.001431039259659346
2012-05-03,-0.004261446683711265,-0.0038053343354699388,-0.0018894615368049874,-0.0049384523975238605,-0.001512572641034078
2012-05-04,-0.012883232528161537,-0.010058200968453725,-0.0011589690630379934,-0.0009341811610826352,-0.0027258042370607674
2012-05-07,0.005030239426512939,0.0038159801777361262,-0.0013322918380286673,-0.000877835919912972,0.0004969249331932769
2012-05-08,-0.010540709251363786,-0.009064234920943617,-0.006861336098778122,-0.004192928381583235,-0.009230243891640288
2012-05-09,-0.006886624654992455,-0.005210904129358441,-0.0009543360875690388,-0.0008386661561040234,-0.0017304302298090644
2012-05-10,0.0016323095338441444,0.00256448436794869,0.000969568517421507,0.0049194386138409155,-0.00022805203398421384
2012-05-11,-0.0022538233857156416,-0.0021791020295038105,1.5195562394178502e-05,-0.0010082870297104091,0.0004897613899768596
2012-05-14,-0.028856149631377198,-0.027492389242910843,-0.02416350376711422,-0.023617004010616283,-0.024520648509318215
2012-05-15,-0.01763741017917643,-0.014718226973228807,-0.011618608348229694,-0.0043875816208454,-0.014847411866295245
2012-05-16,0.0007365951799585848,0.0034026428066710975,0.008469166864383681,0.015356906646276598,0.00601000072674008
2012-05-17,-0.029924651974309213,-0.029105936371643333,-0.02506338929629451,-0.02417915576989276,-0.02567216738263233
2012-05-18,0.002307090607359078,0.0004000212985596687,-0.009207506026115942,-0.008342496683788,-0.009535035405595502
2012-05-21,0.02272856956696631,0.017315297899569787,0.0016612485097674441,-0.000864277550253287,0.0024768121744906104
2012-05-22,-0.015295416197953299,-0.012424128023539928,-0.010955696856900957,-0.004659408438694472,-0.012590020495084557
2012-05-23,-0.010738816249680545,-0.011918377533090383,-0.01188105020564262,-0.015179680428197674,-0.011276670251339622
2012-05-24,-0.011778623124486676,-0.011095162863767015,-0.010154192231266408,-0.008973086547246675,-0.010724171671233934
2012-05-25,0.010738721857497215,0.009564887650012677,0.01428251924524709,0.0072697201064301446,0.016893354101303937
2012-05-28,0.014794176679205377,0.016256822701017852,0.0205536031247682,0.022639436866315612,0.019725643077988034
2012-05-29,-0.011254877377590802,-0.010898455118968687,-0.00987339383288914,-0.01138235271330569,-0.00953041795146031
2012-05-30,-0.010545764644409521,-0.00921746464164086,-0.004572751381493733,-0.008096084843293248,-0.004402569507015644
2012-05-31,0.01552935145374102,0.017959682518711793,0.02077378227537289,0.022719513754863217,0.019162157723928385
2012-06-01,-0.017650882428052697,-0.013510785472844105,-0.001527467038688243,0.0016431653501735107,-0.0045889772188764015
2012-06-04,-0.0021219834963463434,-0.003178797622325277,-0.006298661791794835,-0.0048759423407360985,-0.0055180273875263695
2012-06-05,-0.016835949041995396,-0.016534153669637727,-0.018302056671784802,-0.016808820488350893,-0.018950173512491588
2012-06-06,0.024987954145328294,0.022453800520737012,0.016829066233298058,0.014201619762949778,0.0180229091101798
2012-06-08,0.0023219805632232254,-0.0003423280635749103,-0.004920085623983356,-0.007801738138626469,-0.0022761366095076646
2012-06-11,-0.0014304009483740564,-0.0007397916845826768,-0.00013472154048454685,0.00035793198766657756,-0.0007050488531196726
2012-06-12,0.019331756413698144,0.020315042987633255,0.019796890220746346,0.022066446215841612,0.019004345809509247
2012-06-13,0.007865067659235146,0.005055925951097434,-0.0027295342649869166,-0.0030663027667537737,-0.001089161992691838
2012-06-14,-0.004672913285317338,-0.004886234293380489,-0.003079777524238046,-0.005909815764041903,-0.0015128812456307924
2012-06-15,0.010593942329167657,0.0093270519081964,0.010830113466765892,0.002910632538062586,0.01317169924970063
2012-06-18,-0.0007601011534755567,0.0021851612497284685,0.007922454355501657,0.01302085165112205,0.005023879478890616
2012-06-19,0.010259747290315908,0.008475531029915247,0.004450165973641102,0.00039460061421482857,0.00605235202665529
2012-06-20,-0.0026998883569770236,-0.0021123512889459238,0.0029278806995264336,0.002463954377026816,0.0029700892358529777
2012-06-21,-0.02110187159570557,-0.01706260640440023,-0.005679633313914502,-0.003754101766267286,-0.006799692717589017
2012-06-22,-0.0042705377668503675,-0.004222536301082177,-0.0007415996145173757,-0.0026139847962996206,-0.00129168625875081
2012-06-25,-0.018529126365465217,-0.013916720453694333,0.0033118810435810147,0.004057934505827244,0.002207454912597168
2012-06-26,-0.003805085656028917,-0.003964998366915912,-0.009700579684629194,-0.006418117878747168,-0.010154108522468733
2012-06-27,0.0033162150649832917,0.0047430326183584195,0.002483033906007963,0.007266032591543504,0.0009147369177467215
2012-06-28,-0.004507701838761915,-0.0038032309794413235,-0.0039178140079415315,-0.00032459808845388023,-0.004764917812077494
2012-06-29,0.03077955819039178,0.025814812485056154,0.022463448288457567,0.012100409211600025,0.02602843065732558
2012-07-02,-0.0006094262266255951,-0.001299220218152601,-0.005777521776520407,-0.004984554155103244,-0.0061642847389138024
2012-07-03,0.0204385185758579,0.017451127686118215,0.011910719289576755,0.006993048408772537,0.013570302144347263
2012-07-04,0.003065568046280303,0.0023221197822043817,0.0028604385189674925,-0.000608148750496371,0.0037473941642350694
2012-07-05,0.0008629839315459874,0.0011541331744134367,0.0019804448096972034,0.0016616785363327243,0.0006894089955217105
2012-07-06,-0.013564343119417614,-0.01191753660578403,-0.007568938761596701,-0.006456868653336891,-0.008069398097095976
2012-07-10,-0.027115838257739885,-0.02293662808183341,-0.00880062967799913,-0.010216924349780923,-0.009603532439224113
2012-07-11,-0.00626466500880598,-0.004897979663518635,0.0013442970179164872,0.0006595039493757842,0.001369024395783916
2012-07-12,7.84803092395526e-05,0.000997358627014026,0.00336555008413234,0.004609336642215348,0.0024386511211657654
2012-07-13,0.008100434858389466,0.006821434530077702,0.006311963610678852,0.004142464539207131,0.006193072580181578
2012-07-16,-0.010072920333826504,-0.006833984440587822,-0.0031330591559806525,0.0011265352835171365,-0.0045736075620468955
2012-07-17,0.01009647597120808,0.008069393216047605,0.005538152634032348,0.0014149444636845717,0.00683102015355436
2012-07-18,0.014334526357770185,0.011116289306232275,0.008961621092303211,-0.002282678506634648,0.01175824610941519
2012-07-19,0.012817676195092397,0.012167556909949875,0.01588839428493026,0.009339086979463472,0.01653867381034396
2012-07-20,-0.019469004641168457,-0.01846704313081054,-0.02168275174999571,-0.02049606608825873,-0.021108704652932603
2012-07-23,-0.022272062808162074,-0.0204769918030952,-0.01971616834783502,-0.019270018517761264,-0.02052565310999369
2012-07-24,-0.005502580391265208,-0.004920804137981724,-0.004968179590962613,-0.004270306432048462,-0.006448099165258723
2012-07-25,0.0005127776970366459,0.00383118200371816,0.016090481292161552,0.015274143877839907,0.014247284846215728
2012-07-26,0.021507173546816506,0.018501054379749225,0.013739274187643397,0.01266646900409862,0.014432660967568912
2012-07-27,0.03877939931221093,0.031183428584552128,0.01424826978061718,0.004865076483887971,0.019081068099397504
2012-07-30,0.015545979434191412,0.013866406027778269,0.009353736959058986,0.008443470516961801,0.010184450686187145
2012-07-31,-0.011824719856026355,-0.011626968094813405,-0.012886181638726601,-0.013290626752986655,-0.011954272251329494
2012-08-01,-0.00041068433692605447,0.0008179887426859249,0.002523880460242294,0.006262776364295324,0.001807173414412254
2012-08-02,-0.015019709062514265,-0.01447779044739139,-0.01266846879723701,-0.01403834248472833,-0.012523828858513369
2012-08-03,0.028544831167787405,0.02403556993019026,0.01525127828704394,0.012334436796794093,0.01736643899166537
2012-08-06,0.02068697212410397,0.017346400736762344,0.010815307037855312,0.0082755761044519,0.01281317430913122
2012-08-07,-0.0029538551831749396,0.0017466320057222787,0.009873452011155914,0.01545632243213798,0.0072809114935908255
2012-08-08,0.016824402281492803,0.013498031498412107,0.006558631771983731,0.0022214251060092265,0.007873071142630318
2012-08-09,-0.005412063987380493,-0.004096254716834468,-0.0035111579709274474,-0.0005126927409383687,-0.004950339567596523
2012-08-10,0.008640802547424638,0.008564215248954336,0.00772367104377175,0.007335510727305577,0.008657510512191836
2012-08-13,-0.0019180058912052723,-0.0025817957671445493,-0.001436912202600854,-0.001221945069910049,-0.0009845576049863792
2012-08-14,-0.00453775149384943,-0.0003738759266408412,0.01033241380315999,0.010369801973773001,0.00955250784998481
2012-08-15,0.0006179456480561582,-0.0001874518976872366,-0.0008479918808183805,-0.0043969972595120695,-0.0012807167960607615
2012-08-16,0.014785448124191192,0.011325449648422652,0.006894946376144417,0.002528716786776149,0.0072767512656921034
2012-08-17,-0.004065274268326764,-0.004578706770134177,-0.005418924908168124,-0.004469170179543797,-0.0057259986579297085
2012-08-20,0.001753271883849573,0.0012462814233913664,0.000384891903708881,-0.0025841293832410484,0.0012902202894985156
2012-08-21,-0.00547782943044627,-0.0033849651932330153,-6.0919231352786095e-05,0.00018163364988094534,-0.00034608696454990154
2012-08-22,0.006144432139310011,0.0042865850173374725,0.00374442437661852,-0.0005389823167281274,0.006214916800860503
2012-08-23,-0.010729807040907834,-0.008883428014769889,-0.004097405570577009,-0.0029924234064048786,-0.0036557411028050476
2012-08-24,-0.0015997725522691238,-0.0008241754564655586,-0.0010415168154629926,-0.0010616122022778839,-0.0010573833581848087
2012-08-27,-0.0018406906470615943,-0.0023285403055595478,-0.0006299613212853339,-0.003163621042579283,-0.0005089593362571938
2012-08-28,0.0034800236205931945,0.0032547057869576723,0.004039835993180205,0.0037509878596580365,0.004210799221621584
2012-08-29,-0.015391846759930392,-0.011411952211896916,-0.0010883982130475832,0.00017059699571230044,-0.003227352709122098
2012-08-30,-0.004860109354120833,-0.005987406570999892,-0.008572750271142286,-0.009211841131970235,-0.007540853889246744
2012-08-31,-0.006936176452605199,-0.008636277313891175,-0.010592337381108525,-0.01168460871958709,-0.009435486943110007
2012-09-03,0.008069162465971582,0.011522413621178845,0.01932912941753525,0.022972424904755054,0.017438411769897893
2012-09-04,-0.011370631245739228,-0.009483151175933683,-0.009318180012390716,-0.007780278907555909,-0.009600152043496261
2012-09-05,0.01525552721615186,0.013623344504222114,0.018969179987663617,0.014188796281493263,0.021227721116260898
2012-09-06,0.018060011816936335,0.012847372106706416,0.00019774960384436394,0.0009058239879871611,0.0018434200981269702
2012-09-10,-0.0004047694312764771,0.000438542977392175,0.005394914797655876,0.0032201750158936853,0.004325200044038916
2012-09-11,0.005877968008301717,0.0019744700611934564,-0.0045823526443088715,-0.003980737434896308,-0.004238534457935839
2012-09-12,0.0008908024376691444,-0.003528851763733727,-0.012013590460728248,-0.00839280120520369,-0.011631082847782446
2012-09-13,0.02795939435648967,0.02234739459766963,0.010979599350735754,0.007928254677754494,0.014414267947406384
2012-09-14,0.0046983327943302565,0.00447962675175969,0.005991603821505911,0.006970790814294764,0.0045727216486238
2012-09-17,-0.0020956425366109705,3.688770096987306e-05,0.003511842779690344,0.004430883955129706,0.0022846176803402087
2012-09-18,-0.002849074400949339,0.0003408209751550504,0.008356620426140073,0.0073747181545114286,0.008361502514941808
2012-09-19,0.0004021295758195729,-0.00012594874227401577,-0.0018827367917487227,-0.0008079927115002734,-0.0012760005013188191
2012-09-20,-0.0004920213783014479,-0.0007511132990735121,0.0018344399223571462,0.0028848534558474233,0.0012510776659496211
2012-09-21,2.095956069938002e-05,0.0007136024689223621,0.005577172514260429,0.004110163059953753,0.006220616878717395
2012-09-24,0.004127340460775633,0.0026947637992976036,-0.0034326418015030334,-0.0010508818340429537,-0.0037677099733232798
2012-09-25,-0.014748331670882239,-0.00892658886195018,0.00638120004479702,0.00815162077856886,0.004945979509967648
2012-09-26,0.0021516414991159336,0.003731783851080615,0.005834625493540204,0.007814055652460185,0.005027132344090885
2012-09-27,-0.001934334018729771,-0.0009364138067639283,-0.0007741520635809396,0.0010928715695841208,-0.0015196021429481586
2012-09-28,-0.011694801401004089,-0.008312693475845599,-0.002766962761763616,0.0007262006774558026,-0.004883094618419554
2012-10-01,0.006506379713544895,0.005270118495368711,0.001976883028700367,0.0018423979944506856,0.0019300943350752872
2012-10-02,0.0011277591325851352,0.0022643388530177357,0.005501133603035679,0.006359119184275914,0.0058986321732990964
2012-10-03,-0.009303300721593726,-0.008077138778497143,-0.003775355185599329,-0.0022748539438895844,-0.004188517959660085
2012-10-04,0.0007092351740454433,0.0006522222412014818,0.0021741744091951683,0.0009639261143553545,0.0030737131076174476
2012-10-05,0.006448223331228636,0.006824274741211362,0.006771677392657228,0.0050846591213395045,0.006555727540548061
2012-10-08,0.0051779630940167925,0.003933538852639914,0.0020520954386647697,0.0036969143982268963,0.0025843251609572702
2012-10-09,-0.007371531746643477,-0.004132507806917216,0.004420349658675353,0.003286225546301755,0.0035967851072650162
2012-10-10,-0.008018779981908615,-0.010256473429753707,-0.020162228284275687,-0.019669714243997428,-0.01945943736217434
2012-10-11,0.009197626540916392,0.007250595253256393,0.0034482885885223323,0.004020435416896404,0.003525610970342372
2012-10-15,0.0058440639474450235,0.0049142068380962165,0.008531712035355372,0.006837953915731342,0.010004632670044793
2012-10-16,0.004805660671561296,0.0037225181919501365,0.003038515974667766,0.0007506112183573371,0.004372598817831151
2012-10-17,-0.0023518593155319335,-0.0026498784182387818,-0.00305235698703605,-0.0030355968109922714,-0.002491392596500879
2012-10-18,-0.003076517558323073,-0.0031201696585168963,-0.005738636963860522,-0.0022524997840390228,-0.007109134426803222
2012-10-19,-0.009650730804111045,-0.0077981957344321114,-0.005368151082297705,-0.00647191595793601,-0.005671881247601946
2012-10-22,-0.004221194404384777,-0.0042439076132476505,-0.00641642136388818,-0.005828386488174124,-0.006963726372220449
2012-10-23,-0.013829527729462901,-0.010949983635288485,-0.007671140926968146,-0.00579814688061161,-0.007770792630196957
2012-10-24,-0.0032150525166873955,-0.00255174490213388,-0.002514413138448068,-0.001681170501478489,-0.0028397464511374796
2012-10-25,0.004466328199170038,0.0023100239418121773,-0.0030805484396103874,-0.0010405968816863335,-0.0032937647958722156
2012-10-26,-0.0068330665691532224,-0.005454223340296993,-0.005781212412767346,-0.004165152891920843,-0.006481698194401396
2012-10-29,0.0008833806374292379,0.002248817477786389,0.004409013368928448,0.005849377687186326,0.003333367554713987
2012-10-30,0.0031152314237039274,0.0013046818841635902,-0.0022187866136714257,-0.0025121229487914303,-0.001031268895102913
2012-10-31,-0.004115926661138011,-0.0005137202332306176,0.007356713774994384,0.008346140130687327,0.0051904727741312095
2012-11-01,0.02197096356949892,0.018113190795638705,0.012908808303448049,0.00902026174576875,0.015211592487802737
2012-11-05,-0.005931812171715628,-0.005472235536137375,-0.005219683714791511,-0.00223963652343997,-0.005558317680558412
2012-11-06,0.013072345588440733,0.009401579267444924,0.008398026447075322,0.004978379152176919,0.010420817165483622
2012-11-07,-0.013011817417502243,-0.010018195270890234,-0.0030868038254780092,-0.0017245751528549916,-0.003939296127725148
2012-11-08,-0.01420543107862916,-0.012814898549653508,-0.013352595673797638,-0.011057396497564684,-0.013932525051475839
2012-11-09,-0.004499988382769238,-0.0016447589602627032,0.005073144307662196,0.004514272437333775,0.004119037165566895
2012-11-12,-0.007855579737120503,-0.00801782285794702,-0.006642400008095556,-0.006100689225855651,-0.006818174172557973
2012-11-13,0.005814908799122857,0.004268324326661705,-0.0025915620882585337,-0.0008220662259253294,-0.0021966329403797545
2012-11-14,-0.01788011966415679,-0.014371547608847068,-0.008981920614991038,-0.0066690094196763154,-0.009822916949723658
2012-11-16,-0.008505141077988033,-0.004300671613823996,0.002984029416881439,0.008937706341272132,0.0017520404522688403
2012-11-19,0.007807080730516124,0.004461067403613185,0.0019174969102885978,0.005191294138721057,0.002396712693028179
2012-11-21,-0.009105941611798726,-0.009996897502558957,-0.009709406215840918,-0.003635903607341593,-0.010215635192790614
2012-11-22,0.0015141297693923909,0.001609282160593054,0.0034494308333978298,0.004598279632143138,0.003910726214819865
2012-11-23,0.020955191501599017,0.017899410902498112,0.011493342188150159,0.01124507976541949,0.012744051291633793
2012-11-26,-0.01079040013411149,-0.011200307943636873,-0.013864728932132465,-0.016725304928035922,-0.012996697742632811
2012-11-27,-0.0070770094579373395,-0.005361995127410423,-0.003655206809523113,-0.0033128870827000678,-0.0037134629121498086
2012-11-28,0.0045793013390936065,0.004227293707410707,0.00514213848019152,0.0033042742014014323,0.005601778704591826
2012-11-29,0.009897439907436523,0.005648415488890723,-0.0008046798962282583,-0.00038286268535809263,0.0002441700131952246
2012-11-30,0.0028751080207022298,0.004194809367411859,0.0024329675429309926,3.635900703094063e-05,0.002898565931162838
2012-12-03,0.004422175457697622,0.002789036669398285,-0.00025238842338992185,-0.001106312754759951,9.740509977400802e-05
2012-12-04,-0.008440034317905321,-0.006176887412496815,-0.002079166377990998,-0.0011752789497493877,-0.0025944986357379265
2012-12-05,-0.0026572570366978753,-0.0004775311456371097,-0.00010891741247410461,0.007213965353647581,-0.0027427037480499453
2012-12-06,0.0002727752655896317,0.0009389042208220091,0.0026881198679023356,0.0012095967762454937,0.002614381215773471
2012-12-07,0.008943251538804224,0.0062390520557267255,0.002551957539726297,-9.253156800218335e-05,0.004216306533371451
2012-12-10,0.005576507116178284,0.003968445136703008,0.0013855204110786732,0.003213145000736841,0.0008149339895000937
2012-12-11,0.002097552255648411,0.001738773118771572,-0.004987988803065562,-0.0023784809069576696,-0.005437217674174085
2012-12-12,-0.0019776349685221364,-0.001645654098684187,-0.002432260391416612,-0.001684453523943895,-0.0029575017730366863
2012-12-13,0.0008287131972198485,0.004052935987663673,0.00866226845253328,0.010014512685211936,0.0068722834812166445
2012-12-14,0.0038441518154461608,0.00433691811650632,0.0032912775711795503,0.0035646129330240963,0.0028849258481972676
2012-12-17,0.0015468493202077205,0.0014648095020793647,7.308180217166201e-05,0.00030525343018871637,0.0004904124873986761
2012-12-18,0.01211327078284239,0.008494228996690306,0.006928380221645117,0.0044911873291037475,0.008556666021798966
2012-12-19,0.008309414968570246,0.007845361144831479,0.008147392891054914,0.006977310973600531,0.008844625877512172
2012-12-20,0.001492239141338253,1.3670100085990842e-05,-0.001212901486649924,-0.002525772674606649,-0.0004643391722301345
2012-12-21,0.001719250133172122,0.0035529387198903186,0.007175944019240783,0.005111847641378691,0.008292714360684801
2012-12-26,-0.006409801512300664,-0.0043315938546233295,0.00016194603394175484,0.00355580161221023,-0.0023078292561278845
2012-12-27,-0.004740363605353737,-0.0026972138854990746,0.0011136566622800114,0.0010118447091147682,0.0006122995388236785
2012-12-28,0.0052142052265980055,0.005163782831755984,0.0056124690595672835,0.004981442458991234,0.005996070828055982
2013-01-02,0.02024332079276555,0.01583837146289868,0.008641432548451532,0.007431943472738465,0.0110070934047704
2013-01-03,0.009679261265055035,0.0063235888699714375,0.001536705789306053,0.00038943412514125426,0.002301489417923654
2013-01-04,-0.010420364170073134,-0.010378833612640284,-0.012995783514168626,-0.010153762973695763,-0.01422368298195371
2013-01-07,-0.011654336590260626,-0.010967176866469582,-0.010419839436640313,-0.00955993175628323,-0.012090135012937167
2013-01-08,-0.008649743396886513,-0.006416171145776356,-0.005959174631490766,-0.0015178301031855196,-0.00956232704963935
2013-01-09,0.009583965900880809,0.010839038435355566,0.01454718120909605,0.012377346061613425,0.015274025570235735
2013-01-10,0.004024546858562238,0.0029594721365400916,0.00225615093197739,0.00037494188530109085,0.0039011138104876855
2013-01-11,-0.002313912898829462,0.0005106737872879482,0.006544774586282052,0.005379829705579136,0.006322179887325552
2013-01-14,0.008591657187642932,0.007158485294806841,0.0058734988905786364,0.0041999494758606926,0.006811261117680035
2013-01-15,-0.006186116412354012,-0.005525017977397335,-0.003023441948048956,-0.004735959340470482,-0.0021180462181779507
2013-01-16,0.004849492312257445,0.004674459900707114,0.002992302864431342,0.004722457409669657,0.0037022931556121774
2013-01-17,0.008840515907411113,0.008473582734667445,0.010683240457033439,0.008029786781586,0.01230216113956065
2013-01-18,0.001273152304477044,0.0013537903876433292,0.003361100850616522,0.0005248449388324757,0.004346891031789819
2013-01-21,0.0017739453307240066,0.0019794265088151643,0.0035179672447130882,0.0011565298005354319,0.005146908372300074
2013-01-22,-0.0005703302176469187,-0.0008055835970834386,-0.00344686299366767,-0.0030782472420462967,-0.003132279792967421
2013-01-23,0.003183857687062994,0.003370183137320631,0.0031601679236732774,0.00587046930175769,0.0017407733576298634
2013-01-24,-0.009203573286500486,-0.007579268418240163,-0.008889568385729674,-0.005268903417390241,-0.011053091292992208
2013-01-28,-0.01101256746600504,-0.008684277361268242,-0.0027854880008441416,-0.00434579250134803,-0.0035771532642956275
2013-01-29,0.005110377994082632,0.0027393384648668855,0.002144890645460505,4.206943407036282e-06,0.0033564665127177613
2013-01-30,-0.010585070402321126,-0.008372768271486846,-0.00622680233298064,-0.005368352639287298,-0.0075743772451440615
2013-01-31,0.010458793287003235,0.009653497261612298,0.008019592121018373,0.006498849278003741,0.008768790549549672
2013-02-01,0.006712658696323698,0.007055944343350738,0.008245150431540154,0.0071926818532407,0.00798038605983151
2013-02-04,-0.007730769728737332,-0.005963987978508747,-0.004097397987296478,-0.0034568562542755246,-0.004359106812616338
2013-02-05,-0.0009678818487581231,-0.001834681547451228,-0.0038013330489544243,-0.003085127237587715,-0.0031509326664059677
2013-02-06,-0.0035839002228339346,-0.0015762269948967301,0.003840523968230646,0.004029579934328077,0.003041113920020241
2013-02-07,-0.010707914320205495,-0.010109191861261153,-0.011121946945969664,-0.008922860342772239,-0.012329136615808645
2013-02-08,-0.0016539002506963563,-0.0016205462202993437,-0.001088145772402113,-0.0002689255408692328,-0.001440273892108645
2013-02-13,0.0009627157588755625,-0.0012784626166759982,-0.0031699182850054913,-0.004885885313946088,-0.001501286054898466
2013-02-14,-0.0027914004221483565,-0.0021503344028623262,9.72785151320733e-05,-0.0012011539982670926,0.0002053714317296108
2013-02-15,0.0021226351718002484,0.002054047093073973,0.00033943639026829634,-0.0002450145544526716,0.0009620931421290099
2013-02-18,-0.00488439614070091,-0.003289512063481886,-0.0036669988345717974,-0.0002866083669957899,-0.004723727966034627
2013-02-19,-0.001001149200308847,-9.255856638998392e-05,0.00174400754202051,0.00279316562678671,0.0011597674472592588
2013-02-20,-0.015674411914444557,-0.011270897993610729,-0.003894396476477703,-0.0023007135050356203,-0.005828662322601305
2013-02-21,-0.002758361233294715,-0.0025091528931892116,-0.0019057001690425128,-0.001251021374984763,-0.002702622402701048
2013-02-22,0.006559322162321003,0.005916663051280943,0.00463146255883649,0.004482987053952923,0.004708410239897825
2013-02-25,0.006081751569730583,0.0060579693102446016,0.007837574254900082,0.00672723234418616,0.009102970688993264
2013-02-26,0.005901718704834651,0.004654818121343517,0.00230865586697931,0.002920840957505476,0.003339394004836708
2013-02-27,0.0013274521168420625,-0.00045434404330939424,-0.0010986189420104995,-0.003077115198835642,0.0002670915307676216
2013-02-28,0.006014627353483229,0.00844817842912703,0.00972533403545541,0.013470252139798071,0.008579535135378616
2013-03-01,-0.005579055651719147,-0.0038751001697162387,-0.0023443996489925104,-0.0018497516897219971,-0.0031031594127145278
2013-03-04,-0.00713134582586262,-0.007760656380162527,-0.009497068238243556,-0.0069864655856666825,-0.010039569862886693
2013-03-05,-0.005715197643464304,-0.0039029709854413886,-0.004402439509182446,-0.0016828627832845187,-0.00556946532481894
2013-03-06,0.023322507034677982,0.018704153752569144,0.012279516494869282,0.01040781332586902,0.014942580537980518
2013-03-07,0.007244574992333867,0.003152755413736415,-0.004254165499701422,-0.0043898417366403306,-0.0016176256215897627
2013-03-08,-0.0009611137419393281,-0.00106551721044957,-0.0020365020196818624,-0.0008786639371707082,-0.0030897118103478728
2013-03-11,0.0030174599090973322,0.0026037023971956456,0.004343769569310774,0.001175669733220692,0.005223850557638217
2013-03-12,-0.0021278282761703305,-0.0017927326859761231,0.0012365506325825839,0.0005703082616112718,0.0020416627949438283
2013-03-13,-0.0047015068850399504,-0.0011358586021242977,0.004657009785836094,0.004408848153159268,0.0038859595486968037
2013-03-14,-0.004184007988651224,-0.0026550285774753902,-0.0020072990365885093,-0.0010154054564693532,-0.0030976419996716297
2013-03-15,-0.00646641472603024,-0.007108625016675611,-0.011881443199386842,-0.00864585858370186,-0.012520570054924253
2013-03-18,-0.002568328136480646,-0.002549945909407401,0.00035042162365833804,-0.0008020801148611674,0.001001845299173135
2013-03-19,-0.010054004323854976,-0.009307463752405824,-0.007313410287854379,-0.007235267370144105,-0.0073591065084634925
2013-03-20,-0.008956579777413015,-0.008089625658667086,-0.009801882849946267,-0.003386237306898011,-0.014000215515292921
2013-03-21,-0.006288185494114567,-0.005070314974624803,-0.0031796158594334873,-0.002958798112022801,-0.0032333878951158112
2013-03-22,-0.002896602921064202,-0.005208137017228765,-0.008090212122266658,-0.006628591976464194,-0.007602039386564102
2013-03-25,-0.004155455541670828,-0.001748110030159527,0.0004067398228095782,0.0018609658831369334,-7.906143829616461e-05
2013-03-26,0.009701977647090292,0.007651644239668855,0.0077676464484502245,0.008449107552848466,0.008094412292751185
2013-03-27,0.0020304403185607478,0.002351614542003308,8.557930493815254e-05,0.0001565768335232185,0.00018371272205772464
2013-03-28,0.011116461823147673,0.009927251326304575,0.010550332747226098,0.006719994507006631,0.014398097866406796
2013-04-01,-0.004313627358464961,-0.004815771821286894,-0.003603492601859791,-0.006423996793488914,-0.0027187442109745815
2013-04-02,-0.014492992805644877,-0.011571682527312561,-0.00779303820000511,-0.0062133574143063445,-0.009253979985746017
2013-04-03,0.005864645577281503,0.0031707496728786526,-0.004779648481249746,-0.002763412303651885,-0.004747870623675951
2013-04-04,-0.012568277802997754,-0.012490345891597409,-0.012104219052640877,-0.012315314001057953,-0.011800026698374325
2013-04-05,0.006372635586513519,0.0046163829325908574,0.0016547191920995275,-6.342933400460635e-05,0.002377039071417014
2013-04-08,-0.00040148091202085756,0.001060161952217616,0.004549756578859516,0.005462280653257321,0.0034710165177276086
2013-04-09,0.009818045504716388,0.00885911322233032,0.0045092493078135775,0.005983034670357208,0.003592708871229429
2013-04-10,0.003803819358982045,0.002336330940511468,-0.0007045277113470913,-9.991485695387753e-05,-0.00036271891265894814
2013-04-11,-0.010736770607641334,-0.009447983091051368,-0.007718558857360887,-0.005328148668792447,-0.008799742761676237
2013-04-12,-0.007245374845378277,-0.005743111315512564,-0.0038098938706802987,-0.004477496866417778,-0.004399946695716221
2013-04-15,-0.032864426411152864,-0.02783363612711396,-0.024564072422115578,-0.02092578512246187,-0.026941840379821537
2013-04-16,0.013981943566217975,0.015012070109560457,0.014980929450394021,0.016210792568218516,0.01422095385975506
2013-04-17,-0.0200008774902953,-0.017685177111421296,-0.015698721294542795,-0.01426671955257173,-0.017021264021727923
2013-04-18,0.007748607224273396,0.006995173097748846,0.007532799332729671,0.006808526565059534,0.007142093934087108
2013-04-19,0.010350787630412795,0.008794651993426087,0.0075013020398011915,0.006905615721127982,0.008190417364985374
2013-04-22,-0.0004807313660043093,-0.0013927465268555757,0.0001733719678707372,-0.0026309279174865276,0.0007388125296593981
2013-04-23,0.017135655375312288,0.017400318335713382,0.01712488331310592,0.018749876501396548,0.016135551884055147
2013-04-24,0.0008348353559644458,0.00011045790067210884,-0.00015787741588371403,-0.0009300013144898974,0.00017843346279079416
2013-04-25,-0.0025976010011277443,-0.002519658237313393,-0.004202003889501759,-0.0024417935899584894,-0.0044758537346982355
2013-04-26,-0.016602817842211882,-0.01512742669509682,-0.014211779033590598,-0.012400120718070402,-0.015092733552058873
2013-04-29,0.0026526566796535147,0.0008431477224556235,-0.0016132236570093998,-0.0026882063276292725,-0.001448279982694766
2013-04-30,0.018800743540861992,0.01633698204539029,0.014010215134523281,0.013818292462291618,0.01518099935594256
2013-05-02,-0.01603970356820934,-0.010154782887708876,-0.009748524058718365,0.0009749504192054495,-0.017882620898384854
2013-05-03,0.0011281393539639287,0.003341938177530984,0.007886033379889338,0.008767054805744103,0.006569242403890661
2013-05-06,-0.0032332730705641895,-0.0019148338785935186,0.0004635425387178433,0.0009735411925494326,-0.0008867033420441859
2013-05-07,0.011169022386230795,0.008513715818146458,0.005153156742947011,0.0019808545928670625,0.006193991306175096
2013-05-08,-0.0007644500743477054,0.002220300132316097,0.005919081281050495,0.00771368741923582,0.005119330182375803
2013-05-09,-0.004595697658687899,-0.0029595671608376234,-0.0020812145578390645,-0.0015683232696679771,-0.0025038794793015044
2013-05-10,-0.006465966170835662,-0.0038529532414790066,7.499216844510646e-05,0.0011780218654926277,-0.00018583725854292373
2013-05-13,-0.008350631548967952,-0.005803317860849876,-0.0009644318553131714,-0.0003378924552603651,-0.0016890223259269832
2013-05-14,0.0024540561674463663,0.002820879589145433,0.00212952657253686,0.0030517003116014795,0.0015799627273450853
2013-05-15,-4.057728394051257e-05,0.0004319544987975623,0.00013858865216295497,-0.00032889125584279963,-0.0001067132739175046
2013-05-16,0.005373593577924336,0.002482539282336684,0.000235960116536647,-0.0019391965858945258,0.002920468587858234
2013-05-17,0.0064915573110120904,0.004893916003776165,0.0031375576642286938,0.0014595715277408348,0.004006109564366502
2013-05-20,0.012858075584623894,0.011043355462887556,0.006788793324895852,0.005954931599229506,0.007830995182931358
2013-05-21,0.008347607791754816,0.00756355926423396,0.008778030430785363,0.006494519485230323,0.010996263851274161
2013-05-22,0.0043682782892062125,0.003589418947072978,0.002723753391122632,0.0010369262662511774,0.004923920492528083
2013-05-23,-0.003730944636679284,-0.003174315773900439,-0.0005021958144585234,-0.00031244614126216567,-0.00016178676888893378
2013-05-24,0.0012075753537789057,-0.0006906407948049755,-0.0016316299136515367,-0.0028238078182441697,0.0001921003148369991
2013-05-27,-0.0006917323799133596,-0.0012471278954879436,-0.0021710666010569257,-0.0016866033306557268,-0.0027783140558668732
2013-05-28,0.002260664787465746,0.0028467888985730244,0.0030562858853516563,0.003905842683179272,0.0026344475239349096
2013-05-29,-0.017479864786547897,-0.014420150773258174,-0.008505139246452962,-0.008069208319796382,-0.010383447483742063
2013-05-31,-0.013259928260441912,-0.011403267435276927,-0.009721658653850957,-0.008388026255304715,-0.011611057953225479
2013-06-03,0.0010232611952941716,-0.0015452024575229517,-0.0037414233637966753,-0.0058688017576900104,-0.0021993896017159713
2013-06-04,-0.002227961275521163,-0.0007352036917150813,0.0030500294561098115,0.004275797716096777,0.002156115494823717
2013-06-05,-0.018808848035901687,-0.01590295351899599,-0.011178497800181438,-0.010704767378319147,-0.01216963294194209
2013-06-06,-0.001765039777703576,-0.003045630783682557,-0.004851458470511958,-0.0053837017987641905,-0.005216334392700324
2013-06-07,-0.01672211270252095,-0.013157589021249446,-0.011084446369500126,-0.006739826107240471,-0.014028066372987093
2013-06-10,-0.005807149334339642,-0.0061704928179496035,-0.0071513300118652276,-0.007277705771091381,-0.007164578706874272
2013-06-11,-0.025023265952047822,-0.022906394822389153,-0.019115352306018872,-0.01848034383646137,-0.019353169834853252
2013-06-12,-0.007111952241813968,-0.007848720331043283,-0.007969412269139959,-0.008167219134281943,-0.008084656895257732
2013-06-13,0.0205924624865442,0.014492652608853634,0.006469958048066036,0.004218827569717563,0.009292777783077525
2013-06-14,-0.017552633544093723,-0.014583951077292507,-0.008824470850759984,-0.008104494066611397,-0.01028769792357068
2013-06-17,0.005273077571659274,0.005060820631523844,0.005315948397218782,0.003940741719120366,0.006255545559906809
2013-06-18,0.0015954754117278283,0.0005108203281482198,0.0014762529483133792,-0.000784073802377988,0.002602199979787028
2013-06-19,-0.02299803471083852,-0.021775254691272207,-0.02099246844491516,-0.01948067821207477,-0.021681072502912912
2013-06-20,-0.003246315049540611,-0.005297273776314086,-0.0071053918775041275,-0.006554606942770635,-0.007374760255444357
2013-06-21,-0.02093825969994838,-0.017959143850275062,-0.012696304352470893,-0.010199984978622413,-0.013689036107617146
2013-06-24,-0.017223715449826826,-0.01159348562020355,-0.0032485498026383246,-0.0032623985351798055,-0.004100255276077537
2013-06-25,0.012455140157443638,0.009737461978759718,0.00800829256053227,0.007709246152093854,0.008768124694699739
2013-06-26,0.0041614722461899315,0.004379369506237274,0.004081546461027605,0.0051088236396889825,0.004076645774484422
2013-06-27,0.015377575950459127,0.01681150496691368,0.018357555470044834,0.018495053528703696,0.018456111955898073
2013-06-28,-0.0014530754906935863,0.00012017529817060077,0.00114250034883281,0.0020394133787966055,0.0006772988651017149
2013-07-01,0.0031761360675950307,0.0010620089217412655,-0.0032135183406301754,-0.0019070571606713497,-0.003771478647006238
2013-07-02,-0.03107443815480062,-0.027136020662668296,-0.02239392254928851,-0.020654885027338647,-0.023567206857621512
2013-07-03,-0.002336535653439252,-0.002897177060286473,-0.002552664713280277,-0.0036279551518810333,-0.002561448262976377
2013-07-04,0.011608868816559117,0.011619719441789241,0.01230744942433381,0.011624608345222996,0.012712584030374126
2013-07-05,-0.016477083665654004,-0.013979204315877623,-0.011698844351605949,-0.011645639515024645,-0.01132289061655415
2013-07-08,-0.002723285701709861,-0.0013179082568850213,0.0015673598652411092,0.0018896235495026515,0.001618529158766362
2013-07-10,0.008406964282127796,0.00730283102713555,0.003478366911666665,0.005147828454121788,0.003398195728971974
2013-07-11,0.02537090965084146,0.021179997038376693,0.013912661670508704,0.014497958585159777,0.014308196347328512
2013-07-12,-0.014043667407637322,-0.011029724313718306,-0.006198991765340029,-0.0071299581440493025,-0.005997775931492787
2013-07-15,0.021794016139771083,0.017090733071558104,0.01287541715682189,0.012064064957961581,0.013441577824921884
2013-07-16,0.005564890819375985,0.004817583558105208,0.00423065036814906,0.001735457064967268,0.004979780546920892
2013-07-17,0.009350822830581973,0.005420586218730695,-0.0010860607213943932,-0.0013488949477078744,-0.0005536396820558516
2013-07-18,0.0015252505692719643,0.001685323571941769,0.0018243649745141339,0.002198674619271566,0.0014598609935639745
2013-07-19,-0.006014117264319563,-0.0036651141389964824,0.0001777035493528657,0.0023684086115342727,-0.0009605635540716856
2013-07-22,0.01746362099945817,0.013488311750309116,0.00898399912376734,0.007356554420192753,0.010446299197915758
2013-07-23,0.00442953766314253,0.003240566328960133,-0.00014073055892112942,0.00157550576566605,-0.0011773386536881566
2013-07-24,-0.011243133477577008,-0.008598370055233194,-0.005834342943940354,-0.0036761808204734537,-0.007310028302162447
2013-07-25,0.006616740016813817,0.003533823130751122,0.0006262552529834454,-0.0008238377213243812,0.0015152715782496213
2013-07-26,0.004841126109230281,0.0038387304515539377,0.0021191855301067107,0.004945781696318716,0.0009662945011205479
2013-07-29,-0.0011826284849411476,-0.0022515726132997806,-0.0018665079873239755,-0.0031758393529024522,-0.0017447474268889123
2013-07-30,-0.012633621292213923,-0.006894366799513922,-0.0007343103862883264,0.001975215336271399,-0.0028688709208810723
2013-07-31,-0.004897865076146526,-0.0030085264659024686,-0.002175712194257296,-0.001942073872790536,-0.0026990882542181926
2013-08-01,0.01730457013051062,0.015454971342027207,0.012699666420829245,0.011814998682998647,0.012715949742410807
2013-08-02,-0.009589487861444774,-0.007350316733539303,-0.004322749024182756,-0.0029545201743595537,-0.0051231798041255616
2013-08-05,0.0012314041584786293,1.4011005840024724e-05,-0.00033404428668183406,-0.00015029460723544675,4.142802234929053e-05
2013-08-06,-0.01824991415177558,-0.01674657598802947,-0.016735110943734595,-0.016006902245908262,-0.017741314382102073
2013-08-07,0.007345432993497377,0.0031825124850058837,0.002382412743186595,-0.003652145866824641,0.005801306329099194
2013-08-08,0.01925564697487219,0.014856716237804381,0.008641188208815691,0.008878860268864858,0.008499742423593987
2013-08-09,0.014651854522934517,0.010330379479418873,0.003011295036278872,0.004495170061165855,0.0029224532773408475
2013-08-12,0.002210863962903491,0.00011571393277454362,-0.0033796302096961994,-0.0005253931335416472,-0.004133910033297087
2013-08-13,0.0001341799234639623,0.0007293152944095616,5.028916520693127e-06,0.0009412963746661472,-0.0007973108910740065
2013-08-14,0.001311330835055856,0.0004041546435276551,0.0005264136799534146,-0.0002450286582128618,0.00015116880540076228
2013-08-15,-0.003734986998916795,-0.004558886118006796,-0.004022530885036671,-0.00299061102287231,-0.004757579453736155
2013-08-16,0.007586300552675779,0.005791122226805832,0.0057249183399551064,0.004931149367933453,0.005548677057810982
2013-08-19,0.002952518172668497,0.0012576123283133272,0.003643018229131876,0.0009944531586668888,0.004097476555551543
2013-08-20,-0.014355900531516011,-0.010804001093763546,-0.005698848031948358,-0.0062347403845537585,-0.006193722157187148
2013-08-21,-0.005098904631404111,-0.005601902073427975,-0.0049478140162954815,-0.004421142405461349,-0.004750163936973554
2013-08-22,0.012742038599062238,0.00917868927008008,0.004343873854293458,0.0025373607384367013,0.005837790004954544
2013-08-23,0.006049466003289351,0.006046583711637387,0.00386090035417201,0.004860297366893218,0.004027846993067254
2013-08-26,-0.009793727317010417,-0.006679016642101665,-0.0015724861647042775,-0.00147896013274008,-0.0025719933248800446
2013-08-27,-0.01879372139454085,-0.017238206110449864,-0.014341104936534437,-0.014761592837810462,-0.014441806177327387
2013-08-28,-0.00043481180746843566,-0.0020377151630143935,-0.004052919540332696,-0.004158222761073725,-0.0031892870814142988
2013-08-29,0.004753843575675433,0.004484943067604313,0.004705408492176004,0.0038458814873911194,0.00524970777954668
2013-08-30,0.00878201270213734,0.008530514837518578,0.008295304270583954,0.006803735126841556,0.00904332108578569
2013-09-02,0.01859502098988223,0.015486604917339677,0.010844766620874866,0.009838422260702513,0.012143552660316224
2013-09-03,-0.007275996437653398,-0.008223959846533594,-0.005934836955852266,-0.010035099441585996,-0.003778325831943987
2013-09-04,0.006565122504225611,0.007345482062653516,0.007474919129661692,0.007614652858971591,0.006891304576129454
2013-09-05,0.01026714903636548,0.008815819574077047,0.005709575321402146,0.004669257060787651,0.006801072677634032
2013-09-06,0.009830198810624184,0.008507175095507871,0.006677608660994648,0.007567402154975245,0.007177950857560568
2013-09-09,0.02308614533246308,0.02099240907029632,0.016856073261146003,0.02004531656622762,0.016354219724065037
2013-09-10,0.0032254823124421143,0.0022038115406559605,0.0023693952643981846,0.001696528741560201,0.0024781320864087427
2013-09-11,-0.005637865818879482,-0.0050470447992898,-0.004962122815283607,-0.004770635605466644,-0.005187215366471658
2013-09-12,-0.00883838536692386,-0.0100351123375462,-0.011843130275913728,-0.013891447307370222,-0.010252542725924895
2013-09-13,0.004232944303752576,0.0036527280880568453,0.0021737692401117377,0.003042471532479045,0.0022034557811815604
2013-09-16,0.0014138370858174135,0.0033287174463160225,0.006307910158730881,0.005931158582414029,0.006562795399195852
2013-09-17,0.006306887889229764,0.0043265247536715574,0.0018484126177642475,-0.00047742707180821724,0.0036726775280889433
2013-09-18,0.013186317504802259,0.011848892716111212,0.005170681154849679,0.007130146723280125,0.004380234156270105
2013-09-19,-0.007279646124086326,-0.00479806976654741,-0.0015688746161205416,0.0022282061875244312,-0.0037102725694305554
2013-09-20,-0.014129746514199378,-0.012613861895585755,-0.008139919896450458,-0.009835194565610097,-0.006980516141483748
2013-09-23,0.006984521513741064,0.004803571057459249,-0.0010244337455831334,-0.0008300829458184047,-0.00066920220426993
2013-09-24,0.00223685022514863,0.004075253411731769,0.0052211290871069915,0.006716069612241828,0.004771400707658669
2013-09-25,-0.0005815315781299376,-0.0016466594607605926,-0.0023551964636380103,-0.0033443880056396903,-0.0015473929264478551
2013-09-26,0.0011782925752036606,0.0005577011842227658,0.0005845531349362586,0.00014862076312272476,0.0003307551968353401
2013-09-27,0.0017549332162131253,0.0009633618599097435,-0.0011689484956299975,-0.002021782182802632,-0.0012777539289097906
2013-09-30,-0.011191088698865195,-0.010691729843783294,-0.007953656195074384,-0.010241821064918614,-0.006187496144205178
2013-10-01,0.008019044799859397,0.007106372544742449,0.005209505387971547,0.007516573230418753,0.005026009324613461
2013-10-02,0.0021868988211319455,0.0028629723004196033,0.004116000184221989,0.006072511964991789,0.0024241223099722136
2013-10-03,-0.005319195078717056,-0.005988356564679152,-0.004764138442299549,-0.006967573081789779,-0.0035385685015492524
2013-10-04,0.004396175616072121,0.0030713053067020274,0.001213911307213481,0.0019686785404534795,0.0009445980658161954
2013-10-07,0.002355533404328234,0.0023455317045015366,0.0019535747972184913,0.0029047724750033213,0.0015964089306958389
2013-10-08,-0.00387992828736088,-0.004040251670585457,-0.0029082651051414218,-0.004545490681706495,-0.0015764078695626425
2013-10-09,0.004700323772317584,0.004524744237054607,0.0016377938319049662,0.0035409252145566393,0.001312701793647873
2013-10-10,0.0077456104466731655,0.00654414251823892,0.0052618209629419765,0.005443854559645658,0.005440522870735001
2013-10-11,0.006160374646595284,0.0054679229499946195,0.0036105944026546257,0.00413528863202071,0.003485314432228159
2013-10-14,0.013205139881303677,0.008264709276095348,0.0029924850339981286,-0.0006672900177064616,0.005302872530073569
2013-10-15,0.0022485432182028408,0.0016215118464938587,0.002602834141144321,0.002594771460113956,0.003221339556182104
2013-10-16,0.003518098938902201,0.0029918692925117096,0.0017591879495771315,0.002719896265479339,0.0018355846203075871
2013-10-17,-0.003934547105133691,-0.0031461667772068862,-0.0028204801663009255,-0.0033191714992430984,-0.001921364521354788
2013-10-18,-0.0007182852160006108,-0.0008967397345073078,-0.0022521808626807427,-0.0017122352467134104,-0.0025157862043762545
2013-10-21,0.006012643207209006,0.005606386003655543,0.005963426599590791,0.0065156403656198,0.005525944630025802
2013-10-22,0.007923645076941686,0.005407081959198369,0.00029091456901467975,-0.00027382245616609216,0.0007500749447008613
2013-10-23,-0.012106588130129058,-0.010809824730958487,-0.008685333651056129,-0.007406963427553608,-0.009579140660771524
2013-10-24,-0.006680949616140878,-0.003374140855892006,0.0018852493861849866,0.005268049242747683,-0.001620632741642192
2013-10-25,-0.0027773641888374652,-0.001624451457206355,0.0004889178043957932,0.000590991570555769,0.0002917137249401388
2013-10-28,0.010262862870141366,0.004961933399235056,-0.002612416314127861,-0.006384239676257759,0.0005290113520929557
2013-10-29,-0.003727718996037859,-0.004210261393656634,-0.006490294509195671,-0.006414499410585782,-0.006732786289671767
2013-10-30,-0.0009200666486733137,-0.00013466658733192363,-0.0007068275762901431,0.004116702516976683,-0.0034612946019268002
2013-10-31,0.00524496518513046,0.0024392465946344584,-0.0016348929647863027,-0.0037978077875999196,6.739998089454733e-05
2013-11-01,-0.004012476126439687,-0.004253791778916723,-0.003886612561846042,-0.007204381230744872,-0.003646583761896532
2013-11-04,0.005906912672988663,0.005674974029122791,0.005695846027604604,0.00336100175008573,0.006816758243485438
2013-11-05,-0.008651914300518395,-0.0058793084625947106,-0.003079013406607976,-0.0011518314188805425,-0.005527138270812921
2013-11-06,-0.01181830897480255,-0.011916516137262835,-0.012767592267335783,-0.011309900090382921,-0.014402408723823333
2013-11-07,-0.004326293279315727,-0.004286685984589978,-6.662799879790949e-05,-0.004987558595361273,0.0031760067553900035
2013-11-08,-0.00976574992583494,-0.01062752454307606,-0.00910437738226413,-0.011602484657708629,-0.00787771320274122
2013-11-11,0.0034681856097028394,0.002941384446965183,0.0002817935768699431,0.003035510146648269,-0.0017065619424483404
2013-11-12,-0.010650844921396653,-0.00782878328550569,-0.003664713845802134,-0.0011594707459424785,-0.0058972034850175254
2013-11-13,0.006053352738887616,0.005277457875170315,0.001606483698557433,0.005049208106476983,1.6113820693389007e-05
2013-11-14,0.020866169589436892,0.02184682917203829,0.023229351996763563,0.024351310784074123,0.02247281757927076
2013-11-18,0.011502554874154185,0.00981745389402222,0.008907150032876099,0.009156157194831836,0.008606839989910053
2013-11-19,-0.019093918536616933,-0.01563434081768268,-0.010338760026231332,-0.007913985756645585,-0.012656801814829638
2013-11-21,-0.003890836259709058,-0.00399638667355774,-0.002516266970348329,-0.0037423432510730993,-0.0013585226099042148
2013-11-22,0.0014859716215018465,0.0026130191412196014,0.007508597767024092,0.005585840358080968,0.008091059410532618
2013-11-25,-0.003357738199846126,-0.0005628030290990313,0.005743790679903084,0.0074254383104503455,0.005130124786182216
2013-11-26,-0.006662250673127988,-0.0028268174689254897,-0.0006491826631157683,0.004311767904748753,-0.0040646875006836395
2013-11-27,0.003712740228546588,0.0021657317096760876,-0.002720456914036977,-0.0037599307674395497,-0.002995193650740884
2013-11-28,-0.0015336076981234594,-0.0021281347769389644,-0.0030481134186115897,-0.004837699420026513,-0.0013028592711681896
2013-11-29,0.009672085632240448,0.008762491701452912,0.006338082808377332,0.007615942679868787,0.005515393126579466
2013-12-02,-0.017200640084346845,-0.014886452839957823,-0.01052154704057443,-0.009594803229698808,-0.01169200572501361
2013-12-03,-0.01339662103838573,-0.01109869145324375,-0.004856756367490828,-0.004986868651094463,-0.005969130265489419
2013-12-04,-0.008264964741624747,-0.008434128132315664,-0.009147747051146553,-0.008137578365410427,-0.009940448047574001
2013-12-05,0.011229567162735814,0.008990447596120246,0.00660335687879912,0.005303456814040465,0.00762344481683825
2013-12-06,0.002325244080749319,0.002435469481369857,0.004594055775626048,0.002518275417856908,0.006249219581453741
2013-12-09,0.002261942110235868,0.0013217412782633735,-0.002558317673169021,8.436190931863236e-05,-0.003891726279715314
2013-12-10,-0.00696008338168473,-0.00764192819126746,-0.009080211297688698,-0.009364203437982067,-0.009328480818354806
2013-12-11,-0.01504780884727358,-0.01275952629427836,-0.007344700040050975,-0.007740565719208412,-0.007337280842777751
2013-12-12,-0.004796792795839842,-0.0069212969228941105,-0.010881160277919593,-0.009600433513811388,-0.010389026502688704
2013-12-13,-0.003957939174744165,-0.006173236743884455,-0.012507195952228111,-0.014799576910439965,-0.011271263338126069
2013-12-16,0.004695673630784405,0.003800092464875714,0.0013283470797168786,0.0022512976678986407,0.0008027284935603117
2013-12-17,-0.0014473503130942814,-0.001432020554724851,-0.0010440454687376344,-0.00038892829272378724,-0.0014217311807983636
2013-12-18,0.003820259595100365,0.00197340614728362,-0.0020503488562618856,-0.0028880613933930906,-0.0016875188580747148
2013-12-19,0.012676466923243264,0.009243541704867232,0.002983480781242757,0.0018846881579313573,0.004060071782506681
2013-12-20,0.0030082037185104734,0.005464529869524892,0.01152511421772453,0.00849153668998873,0.012178757615063377
2013-12-23,-0.0005661347750244778,-0.002296814914126936,-0.006214685369623876,-0.006914729633502731,-0.005763999754859198
2013-12-26,-0.0036926153595822023,-0.002546330921022804,8.584498248796865e-05,0.0009056969406627453,-0.0005537853800332452
2013-12-27,-0.005592030801797678,-0.0047688432796192,-0.008944312468683659,0.00012627567492116607,-0.012150598715013883
2013-12-30,0.005019198789302872,0.005874283176327926,0.0070702162100547755,0.006841733277095538,0.007441622990212337
2014-01-02,-0.02141414364528322,-0.018296557878928504,-0.011261874435515422,-0.010776972775699811,-0.012348253855561837
2014-01-03,0.0070945506599428484,0.00510787243564599,0.004320524026569194,0.0011306471631299933,0.006774326612163731
2014-01-06,-0.0004153385386121617,-0.0019399974043339979,0.0002907195186284075,-0.004193028957128131,0.0026729290044323808
2014-01-07,-0.005361248784905756,-0.0029039243816430457,0.0019908127520265008,0.0016585743269312246,0.002575342308339089
2014-01-08,-0.001278776957389107,-0.001468475976178804,-0.0005039753632586439,-0.0010900620943328039,0.00032607083054366024
2014-01-09,-0.02022080549191196,-0.019084392804199872,-0.014974301604255474,-0.014193726115974916,-0.015269091689136902
2014-01-10,0.00687027719813842,0.005277353581833996,-0.00043863975091332555,-3.234070787665975e-05,-0.00020867734592040028
2014-01-13,-0.002855245380593093,-0.002246363361371691,-0.00020628103798421365,-0.0010527265360574126,0.00044098283654987356
2014-01-14,0.007955097118619886,0.009200571627312797,0.012059482553828365,0.012186747758489217,0.011821847959599927
2014-01-15,0.0022120334297967554,0.0015687734441096216,0.0022834875149662084,0.002804874145227974,0.0021140765488989926
2014-01-16,-0.006386439465482795,-0.005925095638577564,-0.0043320422106356195,-0.004429921457874029,-0.0035962566628375036
2014-01-17,-0.00938371659470244,-0.00921990262547049,-0.007303405595472016,-0.008951135185281511,-0.007104514761516261
2014-01-20,-0.00759317910195702,-0.007714838930888735,-0.008109018372704026,-0.009202530954763546,-0.007362577434988374
2014-01-21,-0.0036988332149190256,-0.0016319847886821373,0.001645383611733583,-0.00011861621951215405,0.0023920222394867557
2014-01-22,0.014129197310492015,0.011679053398128818,0.007821587016670111,0.005015044462976429,0.00994961219913722
2014-01-23,-0.018034102705913452,-0.016180325125274887,-0.012000626936658682,-0.011192776322387209,-0.012436047544482924
2014-01-24,-0.009243369062062464,-0.007567895540673662,-0.003127929662247961,-0.0004086235325551119,-0.005432526779332652
2014-01-27,-0.006393103240004515,-0.006406858072762465,-0.009039119884008979,-0.0074390281009556435,-0.009669776708469847
2014-01-28,0.0036443891830489493,0.0033698946986974645,0.003022323099464269,0.0047566766990421085,0.0021901842617843017
2014-01-29,-0.009398540771073001,-0.008836575009734024,-0.00803894282607333,-0.0050787033597681705,-0.01017197484362041
2014-01-30,-0.008764653186310135,-0.009633508910038354,-0.00996100777915714,-0.012850856352804153,-0.008118045468973396
2014-01-31,0.0048445471862842635,0.004212007904316162,0.0017121306521319388,0.002429613642824606,0.0013753838298753763
2014-02-03,-0.028995995967010926,-0.027719199870783584,-0.02593595039716501,-0.025443644221632145,-0.025747085321565957
2014-02-04,0.01133938616325273,0.011665559311560774,0.008870791469173677,0.011985854556116749,0.007006680923483269
2014-02-05,-0.009041069079006047,-0.00950714684050081,-0.011970608044513012,-0.010726105198458624,-0.012196838598280722
2014-02-06,0.01870060749156042,0.01628471608904226,0.014020051417168021,0.011684388364003168,0.015208428560002707
2014-02-07,0.008693110020438797,0.008057113319844635,0.00574978306859765,0.003728770084634685,0.007669794958458069
2014-02-10,-0.011248638604288118,-0.009138479355703517,-0.009683954755471645,-0.005846351583932786,-0.012013884075271694
2014-02-11,0.014346496311512103,0.011722552203036793,0.006306833949636883,0.0037445093629068765,0.008348329385679545
2014-02-12,-0.003481029855924661,-0.0032177326242711054,-4.603862828043081e-05,-0.001825921407652297,0.00020620455929951933
2014-02-13,-0.007700625964852358,-0.006785791072670442,-0.005467496550358226,-0.0035798853391380376,-0.007115861891684071
2014-02-14,0.004925935860566384,0.006245752638499972,0.0073234067828025495,0.00812564548271141,0.006925848518482906
2014-02-17,-0.015875064652217913,-0.01339967023976917,-0.009244460850557589,-0.008580635952816844,-0.009095626582186989
2014-02-18,-0.027028694647881886,-0.023640327746730756,-0.021084403306037988,-0.017856933493858692,-0.02191120281666036
2014-02-19,0.010878988665597875,0.011097732797757762,0.01288155768109707,0.0150957514312554,0.01087395434146732
2014-02-20,0.006457461751442059,0.004258822674530158,-0.0017581970059851785,-0.002377112340302745,-0.0017670027650115911
2014-02-21,0.006510924134588269,0.008078848972414503,0.012637025286911224,0.010586545393703994,0.01362248818571994
2014-02-24,0.001380249090557839,0.0037370057200372866,0.008458187882213468,0.006988707401511621,0.008229537549976277
2014-02-25,-0.013830854437188954,-0.010922194476107719,-0.00550868727934411,-0.0020288223628091868,-0.008064009562664148
2014-02-26,0.0013418375344346795,0.004071298771280311,0.008556632816735433,0.00966559682332524,0.007553225592397199
2014-02-27,0.019714954331160738,0.01657205698319235,0.012144105622732798,0.008620905512592428,0.013750875070800691
2014-02-28,-0.009296977522151754,-0.005677600963571958,0.005614058620506876,0.005595840587098853,0.00456337241332304
2014-03-05,-0.0111600904568806,-0.008047432864839443,-0.00262491480253406,-0.0010513923098425166,-0.00473604309413035
2014-03-06,0.007357601833721821,0.005267209575028833,-0.0034362514391313827,-0.0001303348665502059,-0.003284604737506841
2014-03-07,-0.019923635348963666,-0.016869493601614292,-0.010143134032644257,-0.010624537298871133,-0.010203763370446973
2014-03-10,-0.013713461883998723,-0.012182380586353904,-0.011922724192992402,-0.01129049278738866,-0.01235857915480513
2014-03-11,0.005813540038188612,0.006049075139680945,0.006038276180344264,0.0070216312284288995,0.004166417546649591
2014-03-12,0.00466077051535283,0.003095425672198163,-0.0009287390498454071,0.0005994797800859669,-0.0021053829181447484
2014-03-13,-0.005920181001997372,-0.005679543216868364,-0.00559322934703093,-0.002856441652245784,-0.007607171087072422
2014-03-14,-0.010178784492826932,-0.008401404809065226,-0.005043244370947865,-0.0033917158422124643,-0.00565465865621532
2014-03-17,-0.00023594183593878275,0.0008232784667347599,-0.00022888401242335298,0.0024603665937268176,-0.0010217114827384918
2014-03-18,0.023481659090664346,0.02079594450031399,0.01834574309083676,0.01487335858125503,0.019882771950978127
2014-03-19,0.008837667573042222,0.007286016370821914,0.004356514349791099,0.004754179033132621,0.00374518068151288
2014-03-20,0.009428846775031903,0.007986026419305087,0.008657699773991851,0.006441138670919771,0.009746745289952632
2014-03-21,0.0052959207730411545,0.0045628157167339105,0.00500013688703381,0.003194091371546059,0.006833171259717884
2014-03-24,0.010045568577163638,0.0072424720253004005,-0.0006000224010973901,-0.0010418153469051428,0.0004405490560148765
2014-03-25,0.0021464874669942986,0.002679743450626621,0.003291052937167256,0.0038437667915215963,0.00244647522718604
2014-03-26,-0.0031159054592283025,-0.0033550429592495274,-0.0036246508370653134,-0.004003172208494366,-0.003676064724584094
2014-03-27,0.02968292747510074,0.024717883931594638,0.015769952265585203,0.014636127266368211,0.016887688123596114
2014-03-28,0.0024161430709799233,0.002941741247829568,0.004818511537578233,0.0020978566893824855,0.006077315240868719
2014-03-31,0.011289084348842546,0.010995199668075823,0.012225859857197822,0.00934873597463048,0.011934905260083487
2014-04-01,-0.003938356131796951,-0.0035153656499218987,-0.0009626190187530912,-0.0020773272186950936,0.00010725142945551612
2014-04-02,0.02283431732253656,0.018579626594190154,0.010086731638576844,0.005849409177252775,0.013167162246188776
2014-04-03,-0.006629601969283237,-0.00532912303604847,0.00010718301087368981,-0.003973028951694673,0.0013686392495226548
2014-04-04,-0.0016805173399623763,-0.0009331787365391415,0.0002450281401645189,0.0010760676603657137,0.00047876693133357237
2014-04-07,0.010020110287870207,0.006943923593575988,-0.0010951744940655896,-0.0008099563343106507,4.3088224412211624e-05
2014-04-08,-0.010669453110661671,-0.008526100418837876,-0.004433135735161088,-0.0014061361710428154,-0.005652497526880498
2014-04-09,-0.012682882927174073,-0.008371989523803806,-0.0013823979167945236,-0.0003312767775089172,-0.002075827268562223
2014-04-10,0.0009464431971454389,0.0008094714527320278,-0.003720258897204714,0.00040057950874830116,-0.004583699053433385
2014-04-11,0.007136205301412709,0.0032733255677849147,-0.008046624379916031,-0.008331662824852518,-0.006270959446383163
2014-04-14,5.142491217122674e-05,-0.00044582577365334317,-0.0010313201128056742,-0.0017306034998478001,-0.0008830176654604469
2014-04-15,-0.016842443833265223,-0.013189013799545714,-0.006190441644400264,-0.002092094280338832,-0.008579351675013946
2014-04-16,0.01649383805691941,0.016610726221688216,0.015689129241693647,0.015866181289055054,0.016148259452895643
2014-04-17,0.015049625132789334,0.011331712572591829,0.0050435755108183015,0.003457729368202419,0.006481051651144694
2014-04-22,-0.00033093404642625906,-2.7569543763505434e-05,0.0033224043617205634,0.0010560141562555728,0.0037029134369596347
2014-04-23,-0.01047135036931544,-0.011641807333042514,-0.014786066344083592,-0.012993974543304265,-0.014447037716129324
2014-04-24,-0.007819608176115166,-0.014771132525285419,-0.025527463722764952,-0.042443594984539444,-0.020874999931845724
2014-04-25,-0.007801751073330112,-0.006623376244169245,-0.004920125016995005,-0.005153813388321087,-0.004524308891415791
2014-04-28,-0.0006526982766969407,-0.0014264352426840627,-0.0015345893404663765,-0.0055269801173705455,0.0006887218970922545
2014-04-29,0.00860734420662211,0.005692091460349163,-0.001546960683452875,-0.004416691630731676,0.0004647656693726283
2014-04-30,-0.0021367085766383015,0.0002921490773081549,0.008850348313970918,0.008559081502523845,0.008483550178198837
2014-05-02,0.012660870595646908,0.010058264405609692,-0.0008955833036018235,0.00015332790041516428,-0.0003668073325941881
2014-05-05,0.004638941392102997,0.005723626093084806,0.009495768510585121,0.012147519825754724,0.00892905923865445
2014-05-06,0.006029972656336938,0.005692915008635307,0.0015703590184235458,0.005442258493042678,0.0001342294909256617
2014-05-07,0.0029938691544942795,0.0040934399031116895,0.005464349673138154,0.004715734786172727,0.0050613986832211
2014-05-08,-0.0031819056120516807,-0.0009405373596416541,0.009722801084255318,0.004970832532579521,0.012591577490167202
2014-05-09,-0.008465696999635971,-0.006959516217359541,-0.006841319825337093,-0.00560475007372453,-0.0068596088303068
2014-05-12,0.015103948803747443,0.013321175921809479,0.009931675735199586,0.008717680781708067,0.010364559216715068
2014-05-13,-0.00047885992731029484,0.0012637214988624255,0.003982144038945395,0.006144176167039098,0.0023956811239779505
2014-05-14,0.006009853545041662,0.004721887230289883,0.0021043271139721807,0.002825584180335025,0.00233153243790135
2014-05-15,-0.007813350888857205,-0.00598457784060607,-0.0029891732279357917,-0.0006757671898968234,-0.004051665481125771
2014-05-16,0.002423098481020336,0.0033742599237406136,0.004049273047633165,0.003819375956769947,0.003505304130304449
2014-05-19,-0.010848511479161459,-0.009432506720428885,-0.004842606791546942,-0.005940083706123252,-0.0053471322369747784
2014-05-20,-0.014281745283581684,-0.012331490700914095,-0.008404809997868884,-0.010033129371898309,-0.007249909511980421
2014-05-21,-0.0028297431815546364,-0.002442853593865521,0.0004912348811114848,-0.0037380150812467827,0.003168575760900074
2014-05-22,0.010132141412579452,0.009672836621372834,0.010080755190965646,0.010723235252860813,0.010223167016997287
2014-05-23,-0.004178680913266585,-0.0031154693741935434,-5.977585193552969e-05,0.0005959335561188249,-0.001080945893022352
2014-05-26,0.006139825928735949,0.005341731991317118,0.004343152292568514,0.006109000064388583,0.003171882268633682
2014-05-27,-0.012689750482515375,-0.011330676994078987,-0.010102775656973522,-0.009529516115055424,-0.010544666260632784
2014-05-28,0.008416628314271115,0.0076514836246659185,0.0063246407891299275,0.0055560969503434966,0.007127132899531714
2014-05-29,0.00036687841914862256,0.0015112925712214066,0.0020962423061508554,-0.00010434166686654873,0.0020582993055947465
2014-05-30,-0.01325388236174837,-0.010520673426648232,-0.005737515631296199,-0.004425032889281705,-0.006367907229698613
2014-06-02,0.003941664263449124,0.003155027842438692,0.0008501894697632156,0.0010953764472174422,-0.0016136138140512317
2014-06-03,0.010733248187438121,0.010634917346892061,0.010734151258947427,0.01110782400505418,0.010558990823347401
2014-06-04,-0.0004725589508786819,0.00016769879954480946,0.0034632892672548533,0.0007617996754232708,0.004895073865231949
2014-06-05,-0.003295255960885731,-0.003444085964197102,-0.0014438808645153272,-0.002528744765200879,-0.0004348164288544556
2014-06-06,0.022300645419652477,0.018302933604407077,0.01443578447940872,0.011888809877707546,0.015893635942427552
2014-06-09,0.018930168073983136,0.016462872261311066,0.010052102476268114,0.009370289420678666,0.011315977826664854
2014-06-10,0.005583393762523596,0.006041320932378448,0.007156301708806205,0.006468619443381353,0.007307298608325734
2014-06-11,0.0025867540382688153,0.0010328369028067851,-0.005192699654419007,-0.0016577513946512928,-0.006060168378911821
2014-06-13,-0.0032217381132085424,-0.001979239690087363,0.0016606001482092011,0.0007243578519950035,0.0018553522089102235
2014-06-16,-0.0017413952305884357,-0.0015191577817771907,8.253466956185951e-05,-0.0005373550377839473,0.0009342547887362789
2014-06-17,-0.0010033111652905705,-9.572485788834434e-05,0.005199503853005458,0.0021649723256971444,0.00738341295521891
2014-06-18,0.01390404322533055,0.012211297853541185,0.006123456713347636,0.008148085351420122,0.004555117345030299
2014-06-20,-0.013048292559924766,-0.012110930095047432,-0.015265587147883716,-0.01261206933315519,-0.01588986000415841
2014-06-23,-0.00584365730842077,-0.00550233864278879,-0.0051154860633731815,-0.005872426782857707,-0.003990506676508344
2014-06-24,0.0027583232550367843,0.003927312870871868,0.005194900519344219,0.006199618796427435,0.004998456969854214
2014-06-25,-0.012403844658628382,-0.011752241941947048,-0.009916911936687306,-0.007089388671446265,-0.011080889298579191
2014-06-26,0.00019246514080959766,5.8179732059126426e-05,0.002295166380370075,0.00024740910017813654,0.003560756201384777
2014-06-27,-0.005769461631482923,-0.0044635559304347676,-0.0018975669756898421,0.0005566215975139422,-0.002592731457165587
2014-06-30,0.0014763180926713282,0.0026222744489331354,0.00672420618764271,0.006491724216550266,0.006586066976097561
2014-07-01,-0.003306279349834385,-0.003783300474382932,-0.002292245080811655,-0.004471422780578882,-0.0015255436959441789
2014-07-02,-8.5534141221198e-05,-0.0011883670500795543,-0.001857522283667863,-0.003069712781822796,-0.0015779689898228419
2014-07-03,0.012994168858426868,0.011355660271123965,0.010158946074184307,0.008101495148837718,0.011343102916716702
2014-07-04,0.002952810889810485,0.002811610443494314,0.0009317486350471204,0.0021663991374663285,0.000724400186094848
2014-07-07,-0.0012119692706353928,-0.0018791442746124436,-0.002597915527457109,-0.002898392572880813,-0.0030219473597744378
2014-07-08,-0.003075340352959279,-0.004146034679885849,-0.008970848081860177,-0.006002335255436271,-0.00981727915883057
2014-07-10,0.010615737669510718,0.008835206260189786,0.005856875868007766,0.005924485106189543,0.005783416194917958
2014-07-11,0.002873549061233077,0.0024646139423623696,0.0013590500710758588,0.0012619112753611858,0.0017543490618131695
2014-07-14,0.013634883121037793,0.010804704557466575,0.005047433824340604,0.004675146459681234,0.005549532580682981
2014-07-15,0.0022139555243170326,0.00043361664057798524,-0.004265342388082227,-0.0030460827935889856,-0.004783118435237968
2014-07-16,-0.006372054204308765,-0.006700160371511384,-0.005968526688091851,-0.006790314226914571,-0.005772961560883468
2014-07-17,-0.0030449404578748334,-0.0016785101858801097,0.0014742231015789815,0.0021033198119132486,0.0008275606044453646
2014-07-18,0.01501680745711669,0.010313428404132819,-0.00037124428909609966,0.0021437723738766674,-0.0009981757790406506
2014-07-21,0.009628605941007368,0.010272362386067177,0.01137607411120147,0.01150615773151583,0.011678605292296189
2014-07-22,0.003192788556907515,0.0032748725708779116,0.002363944795073445,0.0052123977650547285,0.0017548286496989905
2014-07-23,-0.006897877537519525,-0.004392050654685155,0.0017254850885579638,-0.0004986499452376298,0.0018538476443700036
2014-07-24,0.004874599184469882,0.004532691231736817,0.004542600222228642,0.0044335577095147224,0.004032442362278515
2014-07-25,-0.0023437844775301498,-0.0016738388359139474,3.974115678596359e-05,0.0009059090414239336,-0.0007230782733683475
2014-07-28,-0.001710286183688195,-0.001429850473563993,-0.0010566182552418544,-0.002210726188937156,-0.0008220784878028154
2014-07-29,-0.011423764917214203,-0.010238470098783106,-0.008651606893099167,-0.007571713067377172,-0.009194594498017426
2014-07-30,-0.0059283339226236355,-0.0065497061477008366,-0.005563373644695963,-0.006441008542030377,-0.006096697720868812
2014-07-31,-0.011918231606235462,-0.01301681418069774,-0.012522628234838646,-0.015427285510205266,-0.010482446774372326
2014-08-01,0.003247855340539751,0.0026071717794699054,0.001736703922713469,0.0024779946969121407,0.0019260975427376407
2014-08-04,0.010228088551129746,0.009750376462402406,0.008704973789792875,0.010124012969200919,0.00766635139323433
2014-08-05,-0.004600913484662595,-0.004484990987958721,-0.0029987396605558082,-0.005155725815000146,-0.002487041396987982
2014-08-06,-0.0012733909102408678,-0.004638153225813589,-0.011567774258104627,-0.010924407063709647,-0.011338969350432767
2014-08-07,-0.0030591854042937667,-0.0018666865974262992,0.0010690310895147908,0.0017341534657474816,0.0007383043282853964
2014-08-08,-0.0024128180513976246,-0.0017351925927962442,7.29323908030266e-07,9.233691779601621e-05,-4.404364631720127e-05
2014-08-11,0.014602499331044506,0.013534934467679303,0.013826835889067478,0.01297087031900826,0.014005638332170754
2014-08-12,-0.0028800566470605746,0.0005469313314460317,0.00468928371621661,0.0070464399596348315,0.0031702581370224516
2014-08-13,-0.007563970004298256,-0.004229721264278129,0.0009960045302793473,0.002683300102155243,3.129857906918206e-05
2014-08-14,0.0003806518515506891,0.0006606532565787169,0.001961002929741053,0.0006798340231796956,0.0021761869333085616
2014-08-15,0.014778030814402075,0.012031802910539097,0.008651075503941175,0.0071109708869059336,0.008874747441065978
2014-08-18,0.005241572444441964,0.004735451215288836,0.00199300086165324,0.0038636790964061162,0.0017932922711440587
2014-08-19,0.009632663045416974,0.006561261094656474,0.00016293733956708014,0.0001658496780109986,0.00032232659692234684
2014-08-20,0.008071760686831977,0.006071983316815693,0.0016456416808239597,0.0009996887359380747,0.002322949719145633
2014-08-21,0.00441453592589892,0.0050713580108234756,0.006091638424585523,0.006725217894660397,0.005198338937420966
2014-08-22,-0.005134297617802407,-0.0037191054813537038,-0.0035762064676580618,-0.0009672560158765975,-0.004475361458271553
2014-08-25,0.017055806575175234,0.014606734876373345,0.01086973736156045,0.010056477780372691,0.011568399112917052
2014-08-26,0.002548299325255553,0.001870286001426069,-0.0014006923995854392,0.0006288387318986177,-0.0015921639697465998
2014-08-27,0.01920805157179961,0.015614715199096317,0.008852389616269114,0.007988624072202964,0.009458776385419553
2014-08-28,-0.008888922264941942,-0.007414638490375044,-0.004543053858471738,-0.005121039028207379,-0.004561349749152775
2014-08-29,0.014734514659560272,0.01610988851285712,0.01934243847486652,0.021712847786299016,0.018066923318398476
2014-09-01,-0.003604628908007842,-0.00464361609990485,-0.005773178889922308,-0.004808098976797113,-0.006014364690325246
2014-09-02,0.00637359599803206,0.003848209537699209,0.00040924510702546697,-0.0026055162566228857,0.0016364201980252902
2014-09-03,0.005695459046778681,0.006477302646671219,0.010389286098153556,0.008780055566845487,0.010470494746286299
2014-09-04,-0.010546854992785046,-0.008716552375299454,-0.006389986183432589,-0.0060796756125197325,-0.00663043949263029
2014-09-05,-0.008999872181985093,-0.007675494870379074,-0.004408557892607854,-0.0027814726598292838,-0.005206142851247198
2014-09-08,-0.023692835142466485,-0.019466631654798876,-0.012570834130260018,-0.012068702878577704,-0.013312269785362499
2014-09-09,-0.011745216208805434,-0.011029079725912466,-0.009640496027298686,-0.009060766749694695,-0.009967029977141315
2014-09-10,-0.008176494520239408,-0.006816154362922002,-0.006123300458767635,-0.0032665582154693847,-0.006912649038908362
2014-09-11,0.005929973991820109,0.006073541495260274,0.007635200008454288,0.008200071176388851,0.007176730194550666
2014-09-12,-0.019263297658348957,-0.018593484927760327,-0.014975463419354719,-0.01679463170575842,-0.014833667803404718
2014-09-15,0.008203358748585441,0.005475200841133528,0.003385147002796928,0.00016376230058787493,0.004903784460086526
2014-09-16,0.012750358297793269,0.009103229285404716,-0.00017924928237794614,0.0025817514639394834,-0.0001588865197117886
2014-09-17,-0.0005544376522629448,-0.00044503097750167066,-0.001119810296237131,0.0015249415652203383,-0.0023613618584163547
2014-09-18,-0.008472210666018873,-0.006724934092314142,-0.002568533885485295,-0.003935547610896772,-0.0022252512070455276
2014-09-19,-0.004048665284494522,-0.002420654406675468,0.0013413933264750583,-0.0012148907742847127,0.0024575900408030484
2014-09-22,-0.020890050661685408,-0.01881292007948381,-0.01471113801346694,-0.013828090556636863,-0.015620673860081459
2014-09-23,-0.0031285624907257305,-0.001758478328913703,0.0015704974564209313,8.786192898479052e-05,0.002079053989968872
2014-09-24,0.004636628932152663,0.0055082104458139495,0.004070789938203185,0.005094766383655322,0.0034105878685046676
2014-09-25,-0.009315654771129545,-0.008110766400964623,-0.0036926283342020956,-0.004267661845502832,-0.0041430355671648504
2014-09-26,0.01156624820559657,0.008285378327487462,-0.0030841379237047514,0.002210905466788632,-0.003447788308541009
2014-09-29,-0.036342936808737694,-0.0302836011481596,-0.024800650537337744,-0.021978374675211586,-0.025683735904420336
2014-09-30,-0.004793339204796247,-0.001953215292141594,0.005783475794250604,0.004401004445758567,0.006005455556779293
2014-10-01,-0.01665623793635914,-0.0137266768377667,-0.005656948833732058,-0.007859169051645765,-0.006032456295862953
2014-10-02,0.005698818883857729,0.004307278777000593,0.0036528420173124665,0.0019809414479479157,0.004426541850772224
2014-10-03,0.01482262083690547,0.011072997270381097,0.0008981799967124567,0.002397979455328066,0.0013473520503691461
2014-10-06,0.03296233200053021,0.025334773877727677,0.011081758125724216,0.010111352541839848,0.013327927574810838
2014-10-07,0.00519466986609848,0.0016959812623381517,-0.0022984135419049532,-0.0039836231043967815,-0.0006474323167444312
2014-10-08,-0.003599014847998137,-0.0020345478188476037,0.00194897489844805,0.0006572020387689823,0.0024730787393572448
2014-10-09,-0.0016644553847222697,-0.0024899417046929436,-0.006498085844915104,-0.004213369471887994,-0.0065600549669506255
2014-10-10,-0.02714703228264749,-0.022115335062672725,-0.01276439702041944,-0.011783478446478075,-0.01421808223011508
2014-10-13,0.029367525243324567,0.021472297187131784,0.003807188118892433,0.004189934293666915,0.005097774883616008
2014-10-14,0.0037211031652307444,0.0052597505952149525,0.011098975577913225,0.009413108322895297,0.010920633034941715
2014-10-15,-0.02364614261090199,-0.020296289970434866,-0.01129860295696387,-0.013070335099189813,-0.011141159851278816
2014-10-16,-0.023794004647156895,-0.01816005853823742,-0.0062684135768934,-0.0062345216455080895,-0.008256721380211152
2014-10-17,0.01928930324037654,0.01809989742674966,0.01319421829326238,0.016398220624862094,0.012230905389360534
2014-10-20,-0.01966984884379088,-0.018376789151958145,-0.016920736476914316,-0.015371828490782946,-0.017953611173652972
2014-10-21,-0.03064774379094387,-0.027025834566551533,-0.01804321063948936,-0.020777719729098327,-0.017722398893273417
2014-10-22,-0.001820808016713885,-0.001329401128980862,-0.0003875350831356508,-6.331915719098207e-05,-0.0004184741949170827
2014-10-23,-0.026001336490988142,-0.0201068335303458,-0.0073282415127815335,-0.009398492844978967,-0.009226613543133482
2014-10-24,0.02338478257083052,0.020933019951157348,0.01900284641099549,0.017247680269381466,0.019824535229639992
2014-10-27,-0.027022857395826015,-0.018283622520510613,-0.013792524543392016,-0.008682274759484401,-0.015050863926500868
2014-10-28,0.030043918608308358,0.024520167213458635,0.014461953770184737,0.01326673427447907,0.01595109733888076
2014-10-29,-0.018164653994698104,-0.01436188150442277,-0.009259618895132464,-0.0065456720841397375,-0.009946730246210596
2014-10-30,0.015549669836921916,0.009144616496842266,-0.00112488076862995,-0.0038796997706412417,0.0006378307151349608
2014-10-31,0.03816162191668091,0.03748481437510606,0.03267896883566927,0.03494119913695966,0.03239398926484516
2014-11-03,-0.013149527287818187,-0.012719715854010279,-0.010765694421848857,-0.01196902501143567,-0.009628811755758531
2014-11-04,0.009746010874972821,0.010002280030672035,0.01157532516556221,0.010120069545830201,0.011521626466601301
2014-11-05,-0.011382820046224585,-0.010597476491511068,-0.009876607178656505,-0.010885557142662504,-0.009447326190788398
2014-11-06,-0.01961285214463674,-0.016315521474825234,-0.008866197742755658,-0.007109703331848901,-0.009276024715877806
2014-11-07,0.009401875503678176,0.008276891264582847,0.005055093222463829,0.004955429096227626,0.004980203734447855
2014-11-10,-0.008946751532769161,-0.008917102310200419,-0.010560326050372784,-0.009318034864380608,-0.010982681258521127
2014-11-11,-0.0034902717911928956,-0.0034333199357044373,-0.002923286689817121,-0.0024706263201274862,-0.0032236801438317343
2014-11-12,0.005677625602668674,0.005345170472160352,0.0023567661430824475,0.00622676887885112,0.001219217274887364
2014-11-13,-0.018439939940135607,-0.014815846370868281,-0.007129803503155276,-0.006727455869311165,-0.00784544610676636
2014-11-14,-0.006204319868089404,-0.004478878060938548,-0.004205315128671323,-0.0018662878109269392,-0.005033609096877412
2014-11-17,-0.012023016425006219,-0.00820990134697841,-0.0049479532163507235,-0.0039448158399785485,-0.005328634712667283
2014-11-18,0.00888405081751147,0.00905338355102955,0.009594488356147193,0.009422030264889749,0.00973477539728759
2014-11-19,0.020090671753034618,0.01421734346288848,0.005487430860852866,0.007097355392443492,0.005541229640189795
2014-11-21,0.04406644161948933,0.03438040315536089,0.016795764585032864,0.016855121667548968,0.01779057733506796
2014-11-24,-0.005466572174558062,-0.004832718674144525,-0.002156587890953722,-0.0033585064819712214,-0.0018584128823827969
2014-11-25,-0.0006927668018127736,-0.0015284638721698666,0.0011756365155029536,0.0001866359590005621,0.0016500295206606232
2014-11-26,-0.006708574196880663,-0.005388520588657362,-0.005629169895167508,-0.005439317031186817,-0.005613601045363955
2014-11-27,-0.002235803312818283,8.857431483517693e-05,0.004391078231785384,0.0061291508180516775,0.0037182546009967917
2014-11-28,-1.8640078122520495e-05,0.0009197668128429985,-0.002247082891187828,-0.00031889189343255664,-0.0024016380609503504
2014-12-01,-0.04082841957457637,-0.03590993247173235,-0.024549660269593734,-0.023533723353062978,-0.02434230432673949
2014-12-02,-0.009266943080132423,-0.00792262699697652,-0.005677703797500369,-0.006354859770043477,-0.005268644491382848
2014-12-03,0.014658729159618269,0.012174950863241909,0.007759433801019211,0.007359014233040263,0.007697196949150336
2014-12-04,-0.016356282739017184,-0.013671446191890252,-0.00893813137313173,-0.007109115105881075,-0.009616805145888876
2014-12-05,0.003505044370373482,0.003625917848716911,0.0016676745119972507,0.0012287455354668272,0.0017543191325233526
2014-12-08,-0.026631191805580122,-0.023103498277257,-0.01719775407966954,-0.014948064450539854,-0.017881229768198847
2014-12-09,-0.005498423690374548,-0.0057765238364375325,-0.007216675332737114,-0.007459950443773396,-0.007052366586137601
2014-12-10,-0.013051896479069956,-0.00964691674002486,-0.006117573617467715,-0.0049969619444637185,-0.006418261463450511
2014-12-11,0.0007402151262001806,9.398791069171065e-05,0.00041537591866860294,0.0008664216437859005,0.00022984508848350894
2014-12-12,-0.03078409314535379,-0.02646380362733213,-0.014695727864677217,-0.015785913541701536,-0.01464620426997396
2014-12-15,-0.018006973875279136,-0.016089055984042068,-0.013747905716947211,-0.012469181698781277,-0.014485289509104611
2014-12-16,-0.0015309756005142659,-0.0009137325162382292,-0.0061211378301450695,-0.004005123259578023,-0.006435558218616007
2014-12-17,0.034606662928350976,0.027971701616465033,0.015030342147167263,0.01652266697645526,0.014919548700267092
2014-12-18,-0.00124127245074067,0.0018167952848015243,0.004848002393882327,0.005122547796105151,0.004260597663569024
2014-12-19,0.021581442722286934,0.019300768772246124,0.01570858824973036,0.01744486144878677,0.015456179178871945
2014-12-22,0.007459070044210458,0.0057582106241213975,0.00439711072242278,0.0037135787301473587,0.004475126035195313
2014-12-23,0.012074838119944397,0.00996307596986647,0.004351583169622971,0.007480365969600213,0.0031138102903318183
2014-12-26,-0.005906272216849426,-0.003819419279871718,0.000705459076397236,-0.0025346743927823316,0.0017062934244333776
2014-12-29,0.011285224286834589,0.011960033947967566,0.01388711679719087,0.013533664578578613,0.01356489809683783
2014-12-30,-0.008137258363600814,-0.005350753218063166,-0.0011798182731588677,-1.5220980453288253e-05,-0.0013338983692318539
2015-01-02,-0.031682253096980154,-0.02518093770827451,-0.015536881284139875,-0.009872391779357795,-0.017594422191107677
2015-01-05,-0.023054738114949534,-0.02083553327096992,-0.013048061091422397,-0.016514428312881482,-0.012711590416119868
2015-01-06,0.008625230705235331,0.005174791204588527,-0.006099019318862522,-0.00470868760161867,-0.005408916594922403
2015-01-07,0.028549533132134,0.022859685379379824,0.011369501843914026,0.006697906648460492,0.012966702726640474
2015-01-08,0.0003327030538026398,-0.0011909108639444961,-0.0014050095382790245,-0.0023187585741840542,-0.0015644278613904058
2015-01-09,-0.023855377602452855,-0.021375642188416536,-0.01424168436388109,-0.01666681691263225,-0.014575128171543267
2015-01-12,-0.010560880418572786,-0.005916366274284675,0.0011130480901802475,0.0036838284553131102,3.091775655266241e-06
2015-01-13,-0.003180522742204996,-0.0023287601713710294,0.0010975253467885608,0.00023667961982979472,0.001202273875353732
2015-01-14,-0.008453387824717797,-0.008413405104515933,-0.007980991197274238,-0.00978589557683635,-0.007138024384268389
2015-01-15,0.010699506848520137,0.00894362412916651,0.0051226154643615966,0.004438351607425352,0.005578096996919577
2015-01-16,0.01777064971685792,0.01453975483422622,0.00559218605076947,0.005974089028770207,0.005546186371707234
2015-01-19,-0.029194660686613312,-0.0245484532359473,-0.010458458282599566,-0.013796930301131594,-0.011013308817333778
2015-01-20,-0.0020303694347907535,-0.001755634918416814,-0.003983486078920836,-0.004031205082775321,-0.004190650556820914
2015-01-21,0.020389660960720965,0.017956935617589327,0.010092601651863466,0.014114642558771137,0.009172206671679724
2015-01-22,0.004488133705631665,0.003121165323185035,0.0033236044020293863,0.002215565405806551,0.0032684740629617182
2015-01-23,-0.01562979110420293,-0.010830813335668614,-0.002565444172583821,-0.0018262710435620203,-0.0032040955512521764
2015-01-26,-0.006580838779909449,-0.0071868097044574825,-0.008094649871333045,-0.008019956724791204,-0.00805264773223411
2015-01-27,-0.0021180633748040635,-0.0025212843384435643,-0.0016228201598648979,0.0011279124650496524,-0.002077446937108111
2015-01-28,-0.01696507341172304,-0.01205762156481804,-0.006570254705620339,-0.006346040135226907,-0.0062839458361114995
2015-01-29,0.004168450734255149,0.005159144460847689,0.0003450654154060213,0.0025232804814680635,9.877183835451287e-05
2015-01-30,-0.018541980077463466,-0.014026708029669023,-0.009322402088177655,-0.006960288060332791,-0.010613807026615636
2015-02-02,0.018735435839058425,0.016216598205932048,0.012515744234690648,0.012561902543322049,0.013158402401854393
2015-02-03,0.019197181172116558,0.015749286134020112,0.018014192131748173,0.01672955268353896,0.018196287525954594
2015-02-04,-0.004120486637786775,-0.004111625814882031,-0.001939578611245134,-0.0003352061026309283,-0.0024326514099795825
2015-02-05,0.0018554349891976027,0.0033748360464955253,0.004779097036041905,0.003840613656475624,0.005125192164652532
2015-02-06,-0.007782194124121631,-0.006228458458104334,-0.008945248671770076,-0.005430421636604099,-0.009762130786031924
2015-02-09,0.012556491809403054,0.010564141704305498,0.008442938933276965,0.008139212153511316,0.008791778691766026
2015-02-10,-0.016242664795005128,-0.012159516486749448,-0.007280951160469783,-0.0032686168634601604,-0.008695451396000158
2015-02-11,-0.0037946709003853713,-0.003360236163059004,-0.0012520287001367963,0.0014390015799208575,-0.0019902206573208063
2015-02-12,0.018161963748973733,0.015736712592706203,0.012432340333465672,0.012466979612914004,0.012318894545475178
2015-02-13,0.019445157193723077,0.01471640626322811,0.008077804831727277,0.003637239776931419,0.00942662720643423
2015-02-18,0.013813292698041896,0.012922286226886862,0.011780973222875546,0.012730412645076631,0.011410483258930994
2015-02-19,0.002971957584367595,0.0035166792445522036,0.004918619906490375,0.003417896660492141,0.005009051512556992
2015-02-20,-0.0014234463104124875,-0.0014805680557142581,-0.0037963041537106045,-0.00204936307785786,-0.004419893139656624
2015-02-23,-0.0023132794859341433,8.778520449155862e-05,0.004054373364339806,0.004169078029980961,0.0037802796009199164
2015-02-24,0.008754633133144556,0.006196987983847871,0.0020412181020032444,0.0013220576739587295,0.002716193215302956
2015-02-25,0.0037151404372037684,0.005154139437898445,0.006336224477620434,0.009744846019186352,0.0050776032606186985
2015-02-26,0.006416705060511247,0.005227666915283863,-0.0012645727081460924,0.0007228745372767835,-0.001796205140979878
2015-02-27,-0.007932453705504196,-0.012597942058550544,-0.025598886429638028,-0.02081734206660268,-0.02625008684126421
2015-03-02,-0.010295601993573015,-0.007409305676152054,-0.00311523235857487,-0.0011924931006244265,-0.0039172112417094705
2015-03-03,0.00022526503460046387,-0.000537777730468955,-0.0030744744466310358,-0.001037869315245167,-0.0028019887319999798
2015-03-04,-0.01197832871012616,-0.006819514724041411,0.002363636032670543,0.004156473149796665,0.0021494971831905255
2015-03-05,0.000597631530204247,-0.0007554229777122584,-0.004464922244324698,-0.00302097699413679,-0.00382340398202779
2015-03-06,-0.00576839010732476,-0.004682120846203937,-0.004052601166574135,-0.0023801533814671026,-0.004372590364101106
2015-03-09,-0.012912431488513591,-0.01039700864238791,-0.006032458864877107,-0.0036041002692698107,-0.006567169320837181
2015-03-10,-0.006779608618078465,-0.006646654737517754,-0.006737785472000329,-0.007369866797639214,-0.006772202189297418
2015-03-11,0.003707303480015191,0.0031637764606329546,0.003410693043919377,0.006601833053003855,0.003456549214835466
2015-03-12,0.007854023806339145,0.008788470433170874,0.012599832024943372,0.008821118759660298,0.013568853721048362
2015-03-13,-0.0035697628169246197,-0.00203103450803122,0.001010093535018945,0.001934556596654936,0.0015236448340320732
2015-03-16,-0.0016191028923779151,-0.0038083842776124484,-0.007744539987909955,-0.007307287564484716,-0.008073441695065617
2015-03-17,0.023186670453629075,0.01950053570836429,0.017734492715122355,0.015666837787829232,0.018202491088587795
2015-03-18,0.02211148121567061,0.019130657098179498,0.015178241647404738,0.013046800997412927,0.01535410194884767
2015-03-19,-0.005077754662905099,-0.0009220415168867883,0.0033612184138027516,0.0048748997973732545,0.0027739949044924446
2015-03-20,0.023442714432388802,0.019210790861702628,0.013967870589221058,0.012142964171056963,0.01359583746922811
2015-03-23,-0.0001156302032289156,-0.0021208637280892024,-0.005215573430465935,-0.006978740919527063,-0.004568325788013476
2015-03-24,-0.00547306239114664,-0.00619353747587175,-0.00724519483323894,-0.006037893344153157,-0.007419719351548354
2015-03-25,0.009613532880306305,0.008827277025673827,0.007761574607126679,0.007927775535528914,0.008277808483464367
2015-03-26,-0.022572565833164367,-0.018955656636143722,-0.011684144265828634,-0.010137672186163616,-0.012245927706025986
2015-03-27,-0.019273512418818965,-0.010918777210329713,0.002924123249597546,0.005985709445539151,0.0023969373702611607
2015-03-30,0.017849307341259224,0.01643237574589448,0.01339030649301139,0.013089124119384551,0.013464866266907127
2015-03-31,0.0021072287461496443,0.0036377639427475792,0.0063943692149261286,0.006621621306696195,0.006542084268705903
2015-04-01,0.016652203887073277,0.010671529068339236,-0.0005797499272455476,-0.00047170514657925134,3.0901683435495325e-05
2015-04-02,0.013467073610393943,0.01229349884757955,0.013087668845765272,0.010367455242873054,0.013363749818294971
2015-04-06,0.014351184536598963,0.011594835648751311,0.0051357991085649105,0.004374664251377575,0.005679148807019637
2015-04-07,-0.003908007061982401,-0.0033765599577825142,-0.001315340791963885,-0.0031783805626037624,-0.001363696491459066
2015-04-08,-0.002744736180251332,-0.0005926817780755094,0.003758955174330179,0.004983689970136972,0.0036962070087608358
2015-04-09,0.0017272791918496102,0.0006891890849970398,0.0009856518977855006,0.0015841546953966595,0.0007664258267071852
2015-04-10,0.0055749670055363475,0.003998788219565145,0.002913666203960573,0.0020819799506952034,0.003225727390925786
2015-04-13,-0.00043712340542340414,-0.001936800075910589,-0.003073907721999024,-0.0018476148261313318,-0.003650707939165821
2015-04-14,-0.002193378624955708,0.0003860702515112172,0.007908603937802586,0.005837569394452012,0.008396431566136365
2015-04-15,0.014583622989922372,0.008736932652186405,0.0010989411234350837,-0.0011846210641573694,0.0023973598317360307
2015-04-16,-0.004301322126095903,-0.0062504048987700855,-0.0079404245422791,-0.00791746145304091,-0.007545854034202266
2015-04-17,-0.013297115024037505,-0.010330020471683347,-0.00432430194858795,-0.002979276572573257,-0.004757553088926113
2015-04-20,-0.00041141497961010313,0.0010450576176029636,0.005759081156328425,0.004519548102612931,0.005790053160656608
2015-04-22,0.0170493553319931,0.011821984420141358,0.004482773228876392,0.0014383318315794198,0.005771313486776832
2015-04-23,0.019761914326632147,0.01498788124156373,0.007831083022141602,0.001536187711979279,0.010279690910435898
2015-04-24,0.00829400023616544,0.005366658120481741,0.0040880822940355934,0.0015163061310633648,0.004352456238352353
2015-04-27,-0.0121958059245071,-0.010014449372378139,-0.004425069711795427,-0.006629074756089169,-0.003982909172497485
2015-04-28,-8.339337680975589e-05,-0.0010552297969676479,-0.0013205090341915022,0.0014716591140848585,-0.001809221221777466
2015-04-29,-0.005975498565084906,-0.0033308404771533393,-0.00011527279550933769,0.004346770990517843,-0.0008425746269815716
2015-04-30,0.010928133006526633,0.010828212767956941,0.005591332571904863,0.004815247376058326,0.005590914389219123
2015-05-04,0.020235888247048264,0.019361177639063313,0.024480755162393848,0.018114882496189637,0.02732482156739589
2015-05-05,0.015237337284575415,0.011242834978494662,0.0064573290872620565,0.006905500869827623,0.00663345022744437
2015-05-06,-0.005823397157351044,-0.0038102065003804975,-0.00013419765853587727,-0.0014135767835579173,0.00038387063660907917
2015-05-07,-0.006859746532954086,-0.003414458389172699,-0.000774792206703497,0.0016343687660621568,-0.0019464367704569838
2015-05-08,0.004243133186304175,0.006348884290745736,0.007970279637114856,0.010809742183082862,0.0072409762863599346
2015-05-11,-0.0010357987022745244,-0.0020611336169683563,-0.0063639681931798465,-0.0007266723453161303,-0.007913856910425617
2015-05-12,-0.005647436769222596,-0.00541602227548961,-0.005640146088954506,-0.004853199170674653,-0.005571812129930897
2015-05-13,-0.01210744815667886,-0.008396671857017847,-0.0035396608939401476,-0.0016955503524552747,-0.003760250078866859
2015-05-14,0.004954398756427984,0.007899150659679595,0.009991671552196196,0.013928713800573662,0.008663252923027272
2015-05-15,0.010186095850425365,0.00948591085445748,0.010470522852549013,0.007915739579101813,0.01061902788654278
2015-05-18,-0.015089232412934599,-0.012633814886635321,-0.008789120121843762,-0.006818936904463075,-0.009588219173872146
2015-05-19,-0.009264913813746114,-0.005362592984653006,-0.001742514842899641,-0.003508706719329265,-0.0018173697275603252
2015-05-20,-0.005175304388075608,-0.0053856690288148585,-0.007102364624168973,-0.005613032240582705,-0.007565897461459871
2015-05-21,-0.0002486431625256236,0.0012233091001980973,0.004634699385503753,0.0057934396684744035,0.0033305805842891688
2015-05-22,-0.011417523314963169,-0.006555067412852202,0.0016429595900935168,0.003916554921711156,-0.00024676708140279136
2015-05-25,0.004722298969660208,0.004338760866452674,0.0009712311425005863,0.003665812987522753,0.00043503654123971036
2015-05-26,-0.018776287680672264,-0.018955829878199347,-0.01795712711265483,-0.020099760431779214,-0.016947506333442
2015-05-27,0.012381721102518294,0.009957818198349845,0.006371056512581647,0.0058894058091355835,0.0066275388822730815
2015-05-28,-0.008754853009280505,-0.006802986450033688,-0.0070415930695389775,-0.004266017098396471,-0.008501469045101708
2015-05-29,-0.01770508247009562,-0.013615208748994677,-0.007659255338613138,-0.0052099494661387545,-0.008512165537507149
2015-06-01,0.008130881161321577,0.007777059278779665,0.008362485151664474,0.008802980179046144,0.007898190692360356
2015-06-02,0.017924168359854845,0.016328538304302337,0.01569380825301845,0.013367021113908056,0.01685942967102998
2015-06-03,-0.00905772175552149,-0.005905998669284698,0.0004372022306554179,0.0008665458475429295,4.840444088952529e-05
2015-06-05,-0.010446129391996715,-0.0076905180408250095,-0.007405007352892973,-0.002794269685373509,-0.00918807878569676
2015-06-08,-0.006090778045451484,-0.004732203335932627,-0.004146622678180458,-0.00014260625191387993,-0.005361368249928888
2015-06-09,-0.0004350796994407949,-0.0002932284252897626,0.0014744594464579884,0.003695792216500023,0.0011719990090348833
2015-06-10,0.009579647944867951,0.00806956179265459,0.0040085043729778235,0.0005527964964525556,0.005248849057535127
2015-06-11,0.00013341134763441816,-5.059597452229279e-05,0.0024612677644420093,-0.0003538358946039898,0.00256933374223615
2015-06-12,-0.006178910312940782,-0.0038322026465279313,0.0007321725136365464,0.000730270926158039,6.644607577565935e-05
2015-06-15,-0.006388584846871245,-0.0063338123889169744,-0.0052267653969638615,-0.004267356923566444,-0.005403242164503603
2015-06-16,0.004070635780750971,0.0032843988669144447,0.001896514379424596,0.00421383301706734,0.0008267727889885313
2015-06-17,-0.005303808131758886,-0.0033689818347035915,-0.001631622186960743,-0.0006986190063455982,-0.002605340150844759
2015-06-18,0.01606971269875508,0.012881006947342098,0.008490043593276916,0.005718494852724224,0.009407556010695555
2015-06-19,-0.006476809592227385,-0.00426590452908855,-0.00588625223957499,0.002244458031004018,-0.00888898409182208
2015-06-22,0.00534966944693855,0.004330280677605625,0.0024225424902610403,0.003334568211600051,0.0018015117467338792
2015-06-23,-6.379667169032887e-05,0.0012646632133895314,0.0027992532275225653,0.0031826056870113252,0.0031750938245305124
2015-06-24,-0.008125658086288977,-0.007840784376553946,-0.006367065489682855,-0.0052965506256385225,-0.006612931788820322
2015-06-25,-0.011939935123397678,-0.007719850982010876,-0.004763233253958247,-0.0011208316556425113,-0.006574260973656233
2015-06-26,0.018806394608000078,0.0181563497283074,0.022659023509637118,0.019441168463315627,0.023318696969584295
2015-06-29,-0.015793895357584124,-0.015756369048371414,-0.01852236065109186,-0.016145289812691754,-0.018575128754605506
2015-06-30,0.00044339019277819325,0.0035827119527885327,0.007675682102355096,0.009620152615727556,0.006486519966471181
2015-07-01,-0.008696331294238389,-0.0046120059650241515,0.0012241955561323242,0.004578165226311399,-0.0011430700377271204
2015-07-02,0.0002669844218511262,0.0006893195337828931,0.0021336174435122594,0.004078098954765484,0.0016512338178192418
2015-07-03,-0.009059785820858436,-0.004344764017028732,0.0006502562005821992,0.005591443367554431,-0.0015757427344325462
2015-07-06,-0.00229789139220307,-0.0018280444519689172,0.0021718775736533982,0.00042962734451151927,0.0031068420937270204
2015-07-07,0.0013459397257713996,0.0019310453254278634,0.000985893008845224,0.004085940061401155,0.00011071924535204164
2015-07-08,-0.011713138564008727,-0.010587516853523733,-0.00990106415325597,-0.00823110936625461,-0.010092528874752
2015-07-10,0.009369220984177454,0.008240163683493064,0.007968537980201836,0.005909074691300818,0.009433568039929164
2015-07-13,0.009159107425628204,0.005708184003544493,0.0011979111033825597,0.0005910449115406674,0.0016220400501341177
2015-07-14,-0.0022592960836554463,0.000443189161204496,0.005861363133299162,0.0065788093303163235,0.005262782493880339
2015-07-15,-0.0026268668190902516,-0.0005107814933521999,0.0023940406777660504,0.0031963205037029915,0.0025489082798054318
2015-07-16,-0.00029828835892251374,9.454390626022994e-05,-0.0014618068061033596,0.0014359406191290106,-0.002293144479851557
2015-07-17,-0.01663505309003282,-0.013015539127537723,-0.008726104626844571,-0.005743231632798005,-0.010126648507440376
2015-07-20,-0.014491835364475276,-0.01048309994866685,-0.0057061134444796584,-0.0028036223286390972,-0.007238047970486222
2015-07-21,-0.002444775676915743,-0.0005938758687848863,0.0021000564687555954,0.001833477104581874,0.0017231800829504082
2015-07-22,-0.0073946908834948075,-0.004585195668042545,-0.002418649376358114,-0.0014504016148643318,-0.002820823721107083
2015-07-23,-0.012740762247315733,-0.01084553119486199,-0.007364072241284119,-0.009980688770397938,-0.005933144375688244
2015-07-24,-0.018155505277575958,-0.01492618704676477,-0.009779240177354737,-0.002835748545184324,-0.012548579833950323
2015-07-27,-0.01334041902522154,-0.013814860560833163,-0.016684606420905093,-0.01122549881412664,-0.01976332633494661
2015-07-28,0.01718481405513578,0.010749719906850634,0.004934251350754624,-0.005372674293843527,0.010737540417384913
2015-07-29,0.005645632498177872,0.0036443115693790894,0.003963009065069,0.0022743316045215466,0.0041944392653347875
2015-07-30,-0.003269783043856984,-0.004338577378914205,-0.0078043341094401865,-0.003998463296726235,-0.009178399583345369
2015-07-31,0.027237289761243254,0.02961908587287735,0.036040878388882834,0.026093339322589424,0.03847867661059324
2015-08-03,-0.012533499838112704,-0.011948624097461022,-0.01474513950909883,-0.008824170019148673,-0.017367469395048026
2015-08-04,0.0034890992818825232,0.004279127620262404,0.006235941134593124,0.00465704234859775,0.007186144793197284
2015-08-05,-0.0010096015702860755,-0.0007583173268184086,0.0028626895761205313,-0.0028363243082887724,0.005771980429715712
2015-08-06,-0.010316434036015917,-0.008600281911303787,0.0003449012706676038,-0.003061400572722588,0.0014356442961308597
2015-08-07,-0.02498257375187636,-0.021178560090226242,-0.019405177193941033,-0.015922504896172474,-0.021451516843218086
2015-08-10,0.008779671938436037,0.006731112930128142,0.005373278277591334,0.003681424814016371,0.0057504123192079135
2015-08-11,-0.007331296113518904,-0.007984335807580685,-0.011240490232159327,-0.009495068125167747,-0.01151241178518626
2015-08-12,-0.009920249097168252,-0.011347644225747052,-0.012430090454629204,-0.014143201741071667,-0.01184657245159058
2015-08-13,-0.0118604701891292,-0.007350543976092693,-0.002595174275885959,0.0007688437757142541,-0.0039371926856713695
2015-08-14,-0.008616260030746942,-0.008351428617955311,-0.009071114249245716,-0.007838814576218956,-0.00897462545286742
2015-08-17,-0.003646953753993916,-0.0030610159611995412,-0.0020035646556158296,-0.0036871891102372074,-0.0008881263855943286
2015-08-18,0.0004768995315940416,0.001680549552304181,-7.24205084826823e-05,0.005453518498253826,-0.00242734760790983
2015-08-19,-0.02002615380944532,-0.016047521372261665,-0.01130502217019301,-0.007853912649018243,-0.012868293418313536
2015-08-20,-0.0027627969003828244,-0.007063247716063102,-0.010416455907475657,-0.01864512397384261,-0.006694980422322025
2015-08-21,-0.02023991173554661,-0.016583475458665245,-0.012578951453649435,-0.008332571353435448,-0.01509856072208349
2015-08-24,-0.0376808912322221,-0.033659845804315074,-0.030823785068216137,-0.02729798683722967,-0.03307116332916125
2015-08-25,0.002547089294109973,0.001526250004668158,-0.0018640551215176257,-0.0019677549232998658,-0.001391678583972855
2015-08-26,0.03044897772680647,0.026936010224842946,0.02472446625054594,0.021538845001843113,0.02578843444855667
2015-08-27,0.035810329493960895,0.026281526796374147,0.011110156869437247,0.009724147773428893,0.013066819247563598
2015-08-28,-0.01067649378331555,-0.007265226223778771,-0.0046831404161656025,-0.0015395176727338571,-0.0062665065940051634
2015-08-31,-0.011607335418895887,-0.009232984469621851,0.0004739029545845813,-0.0007457783890163395,0.0007646712309734823
2015-09-01,-0.018777504812891768,-0.019843276863838504,-0.020056635849164443,-0.02475989764676898,-0.01710675001522309
2015-09-02,0.01794143464300621,0.016696683561380637,0.015814131783378982,0.0197378240453108,0.01462847580119995
2015-09-03,0.020549933287196884,0.019590420905069468,0.01771879448866446,0.014449126795890915,0.018957152343111055
2015-09-04,-0.0096767830415387,-0.010327960519654343,-0.011549451691375324,-0.014798080701942572,-0.00892809243754028
2015-09-08,0.005274219711194567,0.0017329009208681824,-0.004579926772910971,-0.005297570382690386,-0.004878078709440421
2015-09-09,-0.0037254276659052644,-0.003686459503044423,0.000509301159047202,-0.0035229448439297846,0.0018506755395250837
2015-09-10,0.002851050997579546,0.0022070806120427938,0.005701949420475206,0.001252965808483707,0.007145269322078026
2015-09-11,0.0033012758913825062,0.0015809519630621124,-0.006785279190220677,-0.0023782676315152376,-0.008358187764648424
2015-09-14,0.01206657375297795,0.01518574322705055,0.018827624336184602,0.02356352832283916,0.015277896567931328
2015-09-15,0.0009785888534839203,0.0028528821205944703,0.006212118158921468,0.009467317215745112,0.003100539226471901
2015-09-16,0.026657410241141967,0.022634027277772042,0.01725387259758517,0.014600440845359606,0.018720426965335643
2015-09-17,0.0029763713078690673,0.004120449171162932,0.004000649821628771,0.004819688020194311,0.004185555501523212
2015-09-18,-0.02576344952639003,-0.022245349777300156,-0.01538768585695998,-0.016119568079422726,-0.01532418271246965
2015-09-21,-0.01298960090747257,-0.011496230605449798,-0.01146027655707892,-0.01028599161596038,-0.0112128605154721
2015-09-22,-0.010300295725360661,-0.004944454391514377,-0.001328845675729729,0.0053224219875537306,-0.004765077172552851
2015-09-23,-0.023378206510320666,-0.019254104995540616,-0.015256246046742609,-0.013287495897707164,-0.015691120618362198
2015-09-24,0.0007319310863612247,-0.0013990920803721575,-0.0029279948222302263,-0.005701854941543412,-0.0012823388342740414
2015-09-25,-0.00810441181923766,-0.007191979072835876,-0.010445434030060511,-0.011158481503726525,-0.008806788425708065
2015-09-28,-0.016080359176629318,-0.01147903249170502,-0.005781230053038379,-0.0017809431353003424,-0.00850226320661426
2015-09-29,0.0035836214791692654,0.0035761785516313094,0.005829503943458107,0.005168852499096415,0.005517919183994106
2015-09-30,0.01614727485950334,0.013020440283903858,0.007381072455218454,0.0071679574464820085,0.007287658052673546
2015-10-01,-0.003257640444719119,0.00020936413284013263,0.0021155677216497643,0.006119108789925532,0.000598712889632245
2015-10-02,0.03289837385716254,0.02733116020458415,0.016024742480097692,0.018225067940609654,0.014744956109645553
2015-10-05,0.017718725389835065,0.015454214897499333,0.013904170600834244,0.011262540305904992,0.014678259313758327
2015-10-06,0.007220657503273069,0.0031576826076237493,0.005166969447732047,-0.004567079107910681,0.008215067885945294
2015-10-07,0.024469016750363583,0.02085786541225202,0.0173178523668163,0.011728510524053257,0.0181330155465392
2015-10-08,0.007094102607921879,0.0032833335728193356,0.006027338174236156,-0.006533964356174529,0.010830780028730693
2015-10-09,0.004720719720875292,0.0018826909886033821,-0.00660489274333837,-0.00393334645097065,-0.007739167678186559
2015-10-13,-0.03302465067033138,-0.022579865381894382,-0.009863573183349364,-0.0023380995950280955,-0.014585589595258507
2015-10-14,-0.01419348395959941,-0.014046202502622895,-0.012508671706662903,-0.013574017872196385,-0.012446895282431317
2015-10-15,0.007800199465902061,0.00866280088193051,0.008699867610289444,0.00868623314445736,0.008914561447560669
2015-10-16,0.001980201484384895,0.0030548826149499916,0.0044020732872614935,0.003842366620852491,0.005545847023254118
2015-10-19,0.006042064374403069,0.006763998627527221,0.005424063454755761,0.003588528682109244,0.00657469727288956
2015-10-20,-0.004327014521155002,-0.0030788065346051023,-0.0014528713725116362,-0.00207992926797778,-0.0029311272105815088
2015-10-21,-0.007877741955665572,-0.0075323457025439685,-0.010169603935697928,-0.008840743988114755,-0.01075520439057822
2015-10-22,0.01530729640792241,0.014341555556658527,0.013440640951081773,0.013911762638196528,0.013129153893419471
2015-10-23,-0.004413592464518155,-0.0027413277777376295,-0.000791237275707037,0.0012159768980280973,-0.0009264678318856638
2015-10-26,-0.007919098245744457,-0.0063716627444688825,-0.001458699190644119,-0.003598303807099878,0.00011009289040386327
2015-10-27,-0.000773341234761443,0.0006899257572012235,0.0038976745600493193,0.0006859471039454656,0.005042096232725131
2015-10-28,-0.010174366713872795,-0.010287101186098074,-0.011583233924196981,-0.011024862804121498,-0.012158413894344819
2015-10-29,-0.019843238299477158,-0.018401817123267928,-0.013205199457403928,-0.016666585652664042,-0.01235438208413387
2015-10-30,0.008649766437726957,0.0058890605526220096,0.006723930822889204,-0.0023352663864272555,0.006543667963957849
2015-11-03,0.042194352883184585,0.03581155031458512,0.022840036453391242,0.02346046823094706,0.022998186898337172
2015-11-04,0.002715089931557369,0.0035589346576159865,0.00283192514620402,-0.0011874165762095902,0.004462482333538578
2015-11-05,0.012246219793280094,0.011765457615601419,0.008595131162074826,0.007934320051537703,0.007834775149610111
2015-11-06,-0.02160821982908069,-0.01950074041505426,-0.016427670705135077,-0.016889338933428064,-0.016332378080353913
2015-11-09,-0.014341451848197292,-0.01345296933235808,-0.011494234111737629,-0.012178973381864027,-0.010760425495956131
2015-11-10,-0.0019243122764070462,-0.0030106499417629842,-0.003639021836907885,-0.003346816872687011,-0.004248814427899491
2015-11-11,0.01909972067143946,0.018468112518197227,0.018783621338560492,0.014563264259212859,0.02206599041146637
2015-11-12,-0.008292420184666506,-0.006426879081340672,-0.0030051102536713652,-0.0025189683827612783,-0.0034018722671332476
2015-11-13,-0.006129847038132784,-0.0030740867344145393,-0.002102724572284765,0.002395473243441729,-0.004165435369465104
2015-11-16,-0.0021196376194366037,-0.002910191288069651,-0.00425424485847618,-0.0015099720480913111,-0.005409938247624678
2015-11-17,0.005605635014576988,0.007467812069896959,0.010183040254312735,0.00934133541663498,0.010345762949728849
2015-11-18,0.006107234128083006,0.001629789489033071,0.0005985743381988254,-0.005648751242652239,0.005175695099474433
2015-11-19,0.01317028767676603,0.01353744273648262,0.012841582902178229,0.01325892510699572,0.012591937486551337
2015-11-23,-0.0026480632850054767,-0.0016147408499957378,-0.002410248919423522,-0.0005504259083780926,-0.0048384730484359265
2015-11-24,0.0052294252286594345,0.0007285891003259581,-0.0056513088178402945,-0.005673972085141291,-0.005193649807024036
2015-11-25,-0.020192754601766255,-0.014226443258139201,-0.004665243041632994,-0.0007707527365075125,-0.005588434353029037
2015-11-26,0.0044229872013804555,0.004197284684112663,0.0018756266703037281,0.003474130033329266,0.0013118472981819642
2015-11-27,-0.023400650691165183,-0.019790272416039718,-0.011268944979906222,-0.013432046720138854,-0.011004211806578006
2015-11-30,-0.026441807052765037,-0.023455787183456055,-0.018495619030054707,-0.010070571486847766,-0.02267716618529869
2015-12-01,-0.008796879379196963,-0.00551606651976992,-0.007376049651130521,-0.0021930754342635575,-0.012333887470161396
2015-12-02,0.0021685429797706963,0.00283069320286773,0.0027048227274405817,0.005651504738094778,0.0015349638286849866
2015-12-03,0.026134452356748508,0.02304052470286825,0.01680167788825842,0.014047520045620815,0.0179317318668763
2015-12-04,-0.029076846885340662,-0.023887947268801984,-0.015942711170782067,-0.011190638372775251,-0.01713344522600635
2015-12-07,0.00038079542192081834,0.0029521397277626695,0.0032257047766681545,0.004969887073878672,0.0018454472207171122
2015-12-08,-0.02509923786170585,-0.023280579460016146,-0.023482044517707162,-0.01965687401008675,-0.025255160171923197
2015-12-09,0.026604493585303014,0.019578746557537306,0.003589216376026358,0.0013660545296424863,0.0051813287303937436
2015-12-10,-0.007637691016789549,-0.006113211730529233,0.0010203003115677647,0.0015409842132528802,0.0005906858348135738
2015-12-11,-0.009753502608660203,-0.006236564526272734,-0.0036472918587683394,-0.00044361230728700684,-0.00612813734486784
2015-12-14,-0.017158888807444435,-0.01767033261624454,-0.01890875600413705,-0.01782086724962293,-0.01886537232054138
2015-12-15,0.003338543441714829,-0.000326997271092447,-0.005704543293951449,-0.006821775691972861,-0.004691863460074075
2015-12-16,0.002260173876779264,0.004230332490745159,0.006649531989867557,0.010666048845868487,0.004564140450612514
2015-12-17,0.008315516841358447,0.008510649401754163,0.006531653350540267,0.0008398449785737626,0.007740487096222676
2015-12-18,-0.023223264788944542,-0.02268663360646216,-0.01903775391472967,-0.018736741567765766,-0.018680856348719667
2015-12-21,-0.015447453890715819,-0.01193413122940618,-0.004634359969722576,-0.005572278140633318,-0.0020320332039029305
2015-12-22,0.007044703687976027,0.006821310519346924,0.007332089211124616,0.009505300885055332,0.006717548427996681
2015-12-23,0.019091581539581473,0.015671070730742247,0.010959227782108016,0.008405797616924414,0.012627372193942894
2015-12-28,0.00024923442751284075,1.7599176989108786e-05,0.0005636367635275476,-0.0028410484967855373,0.004509410741814438
2015-12-29,-0.0012962502200169806,-0.0009070972520027866,0.001419229460651086,0.0010958174921600803,0.0014493005145272504
2015-12-30,0.0006616070351383625,0.002262605074126239,0.007589854617004649,0.007316177119602875,0.0061804005552828075
2016-01-04,-0.03776761654846734,-0.03862670038730158,-0.03905975558321922,-0.040242940544485344,-0.039087877594746016
2016-01-05,0.0014630565388902258,0.005645077266376268,0.0010550544695252257,0.00959331186578005,-0.004495084471682896
2016-01-06,-0.020683188995952013,-0.01409080026300804,-0.006615595472942529,-0.004114404244854129,-0.008139603946721403
2016-01-07,-0.0288690100271395,-0.0252288709685703,-0.021519292784203933,-0.020368918475139497,-0.025586544034021434
2016-01-08,0.00045061460853160944,0.0007583124681711113,0.0018914023627772038,0.00595333930042023,0.0018600129752209934
2016-01-11,-0.009428170556640674,-0.008728259292551985,-0.0038431974881028685,-0.009165900529899094,-0.0015496494214328807
2016-01-12,-0.008912061610485408,-0.003301582892266456,0.0006191250064534615,0.004253297406069934,-0.004351427577187351
2016-01-13,-0.014113914216048316,-0.011252975751656064,-0.011642539849472036,-0.008201540741582431,-0.014364814592120492
2016-01-14,0.008481760701284528,0.005076498247038524,0.0029293412593150133,0.0017042493495368505,0.0039042840296268965
2016-01-15,-0.02289371079340681,-0.02081089608849369,-0.020750843252007677,-0.0207619188490773,-0.020368395691252907
2016-01-18,-0.008944694384805479,-0.008758121918206756,-0.005179857701665503,-0.0106678789313756,-0.0031082120908764244
2016-01-19,0.0025881405859109665,0.005638441409570534,0.007294159355327911,0.012202076029971438,0.005488161029130382
2016-01-20,-0.011785267533682142,-0.01228373905943882,-0.014000283663430032,-0.016006604910757043,-0.011885009642587588
2016-01-21,0.0022972444141663015,0.0038437299339267993,0.004798828958686174,0.008200155031912584,0.0021043748144080575
2016-01-22,0.012082709422738189,0.01265749817957558,0.009507584177401412,0.011897998817473058,0.006473633216665844
2016-01-26,-0.015816340741635813,-0.01607699278831394,-0.01724677411723287,-0.01639143841394819,-0.017268414735648177
2016-01-27,0.023093551916111992,0.021206653119965224,0.013833612461064449,0.023468489188114294,0.009689138126923897
2016-01-28,0.008871911596380443,0.0067703428257225185,-0.004133131526470112,-0.0019343617674977731,-0.005414609252246654
2016-01-29,0.04180958310978132,0.040657897479507724,0.03543872521666492,0.03829870598986089,0.03458207092522696
2016-02-01,0.013517807870876145,0.009257186864842362,0.005617198380277589,0.0007785455441256966,0.008832078311959387
2016-02-02,-0.03716854275697139,-0.03319295205835531,-0.027361410321316084,-0.026608239825034567,-0.02705442920586939
2016-02-03,0.018260871563138305,0.017235732579690684,0.019998254069181147,0.014143351509714287,0.021833256917430786
2016-02-04,0.02824350496346384,0.02030675014370734,0.008244079269086615,0.008657163598243022,0.010052658505169077
2016-02-05,-0.0011333667886967488,-0.0010177391578908585,-0.005710318561241643,0.0018946408328426368,-0.008088559227863355
2016-02-10,-0.0037351574502610674,-0.003053752712787486,-0.0074592653202731046,-0.002393645233880067,-0.010521333970141739
2016-02-11,-0.03323169116209303,-0.028162303887216168,-0.02508973261906559,-0.017974449932524054,-0.0296287499343481
2016-02-12,0.009699647648818173,0.007234123157284727,0.00944709074719358,0.007442659184677337,0.012044951761115842
2016-02-15,0.00895878838505405,0.006698806073875567,0.0059270992132513245,0.005859336538134995,0.010005959850073107
2016-02-16,0.02285411460384859,0.020019055056960222,0.01808956937066508,0.013680621804839177,0.022096186497956197
2016-02-17,0.01518516076245319,0.012784984094572193,0.010679112021355037,0.00757145164350906,0.010320058696314978
2016-02-18,-0.0016612966742555165,0.0030861140036350064,0.01036188996693739,0.014131173536523729,0.006798899750065309
2016-02-19,0.0007679682611837246,0.0016666943769440515,0.002154327235208204,0.0037642868197055278,0.0019401467786959153
2016-02-22,0.038902255900841745,0.03189569580721267,0.02033518504347958,0.014484277757355503,0.0215602947402515
2016-02-23,-0.017211393530348583,-0.014500679341912157,-0.008499827882159002,-0.005031827767327486,-0.007853122230802475
2016-02-24,-0.013794606866361567,-0.012201505700383437,-0.009945244793372544,-0.009929355717368082,-0.00818100559653117
2016-02-25,-0.0001519243397859484,0.0022583961580469763,0.00727174225663034,0.006845315066635355,0.005817553154189208
2016-02-26,-0.010281456690452575,-0.00974694758325733,-0.008938437583801341,-0.006803940598542206,-0.009723189905966967
2016-02-29,0.02688786217052132,0.02422197118222165,0.021494046898576393,0.01726072495642232,0.021969171083878178
2016-03-01,0.024844106515886928,0.020574133917060547,0.012459534966554409,0.010226051187665404,0.014033247006129665
2016-03-02,0.018457206532502064,0.013787525404137758,0.015786497750932348,0.003990831976338422,0.01857134968011057
2016-03-03,0.04697508774856435,0.029301601475547154,0.014502276409686207,-0.006361080977682231,0.02925593245850948
2016-03-04,0.030399643973978242,0.01990719362978137,-0.003637825752928798,0.0024287886115710424,-0.002186785038269615
2016-03-07,0.008400947244313636,0.006610591789063807,0.008074205548860137,0.002388152058879462,0.011241886304626515
2016-03-08,-0.002251168577564543,-0.0020663789077027877,-0.004945123307276857,-0.005351790738740551,-0.003998317652442784
2016-03-09,0.004196920648109403,0.004548552964510047,0.02074648160420334,0.007006161464643513,0.028700306731597968
2016-03-10,0.01978542291849794,0.014529736538852207,0.011840409881742477,0.009478072702126812,0.015371285310013052
2016-03-11,0.001633939466110481,-0.00014009092530048884,-0.003327132624169435,-0.004187633563922811,-0.005855611825383961
2016-03-14,-0.01039953859941789,-0.006446837191945177,-0.000807863503868602,-0.0023060433028967205,-0.0017279286896158333
2016-03-15,-0.04505356165135459,-0.03171456061864315,-0.024483878819048042,-0.006760830674506642,-0.032906457671895546
2016-03-16,0.023405152809882986,0.017941029916290957,0.012206142632517075,0.005943123873656812,0.016806000229386015
2016-03-17,0.05519247102541592,0.04227581384039678,0.028891774213393555,0.01764047463023851,0.03414684078425734
2016-03-18,0.003679786297043983,0.0045554288110540245,0.008011164952629466,0.007637966173627749,0.006813555147993373
2016-03-21,0.01034238135090352,0.00975775774352122,0.010187909287149272,0.010887299633956786,0.01194063013098229
2016-03-22,0.001233669739674956,0.0019977630064165544,0.0032670042569261527,0.0071647459843292875,0.0015884665224797027
2016-03-23,-0.024728794569665806,-0.018283010128267906,-0.015075068476410075,-0.004911711361690431,-0.021109789778061945
2016-03-24,-0.0021463075828159054,-0.006168999120244347,-0.013122270164813512,-0.012410350751282311,-0.01240295571379422
2016-03-28,0.021864661608445225,0.018997577175976645,0.014518323182759495,0.014734002556629,0.013360298756162783
2016-03-29,0.00524286086606247,0.006375842629828896,0.0099558598970266,0.006629159595312813,0.008379080424978551
2016-03-30,0.0034608658986218536,0.0012464113401948634,-0.0008990067529007298,0.0006828284460869728,-0.0007851219099718463
2016-03-31,-0.022560834942189814,-0.021949243492865637,-0.019828618925718577,-0.01749527690159862,-0.020385397559150906
2016-04-01,0.011491939270687073,0.009404500826665062,0.006821339884913182,-0.001795199679105268,0.008426944793405574
2016-04-04,-0.03770518651042409,-0.0321642452231472,-0.02737978039511603,-0.01826929199323181,-0.03342520830477612
2016-04-05,0.003164687050341949,0.0013196944995504203,-0.0016605116171333283,0.0018428082227800822,-0.002508642435380724
2016-04-06,-0.018805436155438796,-0.015738499996753818,-0.01314425765154035,-0.01276721754736272,-0.016298788954775163
2016-04-07,0.004978284326528815,0.004562952246775977,0.0031957778983202237,0.004158531785753511,0.003557563971173528
2016-04-08,0.03220738316976185,0.021647736166870615,0.012540608264631495,0.002577208230417838,0.01844731482558585
2016-04-11,-0.0013016253714428659,-0.009649584705166483,-0.01571575668491587,-0.02031259779357699,-0.01141147886087782
2016-04-12,0.032258462965767176,0.022594050046147514,0.01436868709602827,0.011485698375934224,0.017285895564830043
2016-04-13,0.022097255870610115,0.014622022109470494,0.011031635509980774,0.003356777748193016,0.015474881054446834
2016-04-14,-0.01806980740308116,-0.00894177707385356,-0.002332130206828959,-0.0014889625179163564,-0.004617071698799198
2016-04-15,0.018719289844304828,0.016144139808891782,0.012589575998963414,0.015719980448037445,0.011976509319417952
2016-04-18,-0.009676061048245848,-0.006368724293081706,-0.0009946131505846167,0.002514989248886812,-0.0022846137983985183
2016-04-19,0.018627164968872036,0.01470185638049406,0.01364173024997591,0.01452823558336114,0.015894917048544975
2016-04-20,-0.001262113272999767,-0.0024719136332678566,0.0025400248134712666,0.0002488302094129989,0.005208668847659253
2016-04-22,-0.005603017955312068,-0.004101926505819906,-0.002005058853627793,-0.0010409400633264333,-0.0020834094386543165
2016-04-25,-0.018192674065768744,-0.01273674612673798,-0.013602728158493461,-0.00972268753457785,-0.015990651516074875
2016-04-26,0.015841880513917543,0.012659591638361322,0.008635342194398843,0.005471499307829136,0.010800758363078401
2016-04-27,0.026184546054718684,0.01962802333205628,0.012984687802609429,0.0076375092838595945,0.01943911052192849
2016-04-28,-0.005532011636459498,-0.003605774685207497,-0.004923157709587333,0.00406595589196038,-0.010048907435418957
2016-04-29,-0.007848480952956547,-0.00762402756962933,-0.004700566292176989,0.00016458389712813073,-0.006017586432277332
2016-05-02,-0.005410653107237662,-0.004438006275551775,0.0005705280899420638,0.0004456688287787082,0.0018304273855496906
2016-05-03,-0.02301852928907388,-0.01761873871184804,-0.01616827388318145,-0.011470071597104415,-0.01975576280733926
2016-05-04,0.006425017266699475,0.0059923688160897414,0.0036980345862351496,0.0009305337785251898,0.005504384433210226
2016-05-05,-0.01692428339000346,-0.011276357216604544,-0.007088083634043327,-0.002290309978354617,-0.01201504878748047
2016-05-06,0.006123330208395313,0.0012991603601880287,-0.002584910616938136,-0.004302159838281656,0.0015357459968812345
2016-05-09,-0.01897798344396047,-0.012766745017821799,-0.011712694027958371,-0.0033357959137731473,-0.0163890547674866
2016-05-10,0.03240391747214269,0.028027709464434832,0.022711168018581848,0.02417332017995079,0.024523669328354643
2016-05-11,0.0008724167063826954,0.001225967291170188,0.0036880168350588915,-0.0011064369051513442,0.0035123639603054707
2016-05-12,0.011184866415386997,0.013644162640092314,0.018222693168463207,0.01057700886186598,0.020511038695739062
2016-05-13,-0.02588827255761976,-0.01969156050789617,-0.01508976722387327,-0.01426847747820036,-0.016569572404019704
2016-05-16,-0.0046368013816953805,-3.484590187534842e-05,0.01370761961737907,0.011421354540068493,0.014887168963342096
2016-05-17,-0.01574592225269738,-0.013095311165162146,-0.004704538505551114,-0.005693101127621464,-0.00545757314224643
2016-05-18,-0.010739776423123392,-0.006500490617377152,0.0036384958430228523,0.005910012500770164,0.0009527898322217773
2016-05-19,-0.01003388011124922,-0.007334595804627269,-0.010090433096940684,-0.0051085972818917524,-0.012328595016034621
2016-05-20,-0.00034555338504085723,0.0007886385264501377,0.0031133582698583454,0.0052863249381109485,0.0015942280191789818
2016-05-23,-0.010375866723412043,-0.00908478378714604,-0.009353794863561426,-0.005390805747016116,-0.013196152398508028
2016-05-24,-0.0008500781587345006,0.0020129611910184573,0.005550379502088404,0.002961347465972322,0.006388394648354609
2016-05-25,0.0008523218383790994,-0.0009681565199304722,0.0012772429493940504,0.0012416659268484286,0.002532311878900501
2016-05-27,-0.007837624084275284,-0.004532028189709481,-0.0019760363013074647,0.0011209533663964375,-0.0035588839597741648
2016-05-30,-0.002353600051028274,-0.0030209968171691706,-0.005860539549699897,-0.005890191322620769,-0.005151614244294794
2016-05-31,0.00018519762531500096,0.0022689096841876583,0.007858948563054465,0.007303336139381092,0.0071945727364588746
2016-06-01,0.0054132729971971974,0.0032098853898727135,-0.006580238814396654,-0.0058295140105733825,-0.005775288083317688
2016-06-02,0.01534316334842385,0.012125540852677027,0.007632872070426452,0.005509588754904272,0.009558865977908861
2016-06-03,0.01832065882744879,0.012937367860966881,0.007810210698113997,0.007904369550895154,0.010043352395900183
2016-06-06,0.0002494529434530473,-0.002737406142004575,-0.004229020408659457,-0.006538361547444468,-0.0011869994664316518
2016-06-07,-0.0040107431210114515,-0.002948134432262328,0.0010096832612325607,0.002249880796001002,-0.0005353017442535309
2016-06-08,0.0239725806043185,0.016389675890635447,0.010188691565199548,0.008634617445680674,0.013076176040435547
2016-06-09,-0.011398260769751544,-0.007817317117251648,-0.009055502768362448,-0.007124909108741578,-0.010919398940498048
2016-06-10,-0.029669057344915276,-0.024371514345992835,-0.02097848732064167,-0.01678495391977517,-0.02384830400291601
2016-06-13,0.004099382916901335,0.005325566015968215,0.004872109014105505,0.005756073088265767,0.003257671131494365
2016-06-14,-0.025901877374447553,-0.023621881712964327,-0.020219596370745243,-0.017558590861993864,-0.021483935899565813
2016-06-15,0.010678858262018868,0.006087189519287364,0.004885317877292322,0.002165532745738073,0.008669182384226131
2016-06-16,0.010637705671618475,0.011391919799605363,0.009782593341038637,0.01236404531279728,0.00649254175343144
2016-06-17,0.002412047980419364,-0.0011446947248130947,-0.0017841440164743116,-0.0029201363111416856,0.0009817285577637654
2016-06-20,0.011991405242413228,0.009311746552887646,0.0014633541861883638,0.0020844249876130483,0.0027903904935668205
2016-06-21,0.011050214118967144,0.009846919479746287,0.005776260470129383,0.0005554248398634961,0.007067664151038132
2016-06-22,-0.0037469405437442573,-0.006492460655635101,-0.002694616276157645,-0.006657925577522117,-0.0029842122167441122
2016-06-23,0.03074570884593699,0.025538563410152874,0.01940950515175465,0.013530552781873643,0.021374203601992624
2016-06-24,-0.03147985823487627,-0.0262038999241525,-0.021563193910639798,-0.016497229584439596,-0.02464648115116014
2016-06-27,-0.009488424963379902,-0.006710264971688756,-0.005419024829985036,-0.0025807723067305067,-0.0060287247541164855
2016-06-28,0.014571525000305749,0.008672515288986413,0.003254788817768581,0.003160439693570625,0.00461365672978457
2016-06-29,0.013375337414516707,0.011404632161804268,0.008420878291005577,0.009537094168444022,0.009838505849387816
2016-06-30,0.00794585057135502,0.008315759177125388,0.007713901343452458,0.00929038919535571,0.006298501702113578
2016-07-01,0.010792774587017034,0.006744730337202354,0.001017686316006296,0.0033804151200566204,0.0030041405300008078
2016-07-04,0.014741102162612544,0.012746497361862438,0.011429540841038843,0.006669142581092969,0.013059806644840246
2016-07-05,-0.01415628435764869,-0.010857331176675174,-0.013337750562149912,-0.003689155478335156,-0.015570959755746771
2016-07-06,-0.0005825712302841693,-0.003955801744403696,-0.006544212314538025,-0.007990176901507554,-0.005042524448444984
2016-07-07,-1.8699868408010058e-05,0.0016435266913230801,0.003184057563359863,0.001843895773062572,0.003013616868507562
2016-07-08,0.01815469310130447,0.013725661054922752,0.00845610478785136,0.00629083937884989,0.01032764646655044
2016-07-11,0.018376792357492785,0.015222404152822132,0.014421176215392403,0.015583177869133602,0.012554839995204976
2016-07-12,0.005491400156895561,0.002786578425806238,0.00319266073144901,0.004784869737080753,0.002567807607270808
2016-07-13,0.0037472798042034934,0.0036479940240142267,0.010765659767076656,0.006940654720505998,0.010667766160275894
2016-07-14,0.014120552851868192,0.012825999600181307,0.010650443526071342,0.0072813809011872364,0.009433888162888033
2016-07-15,0.0014824145690839588,-0.00263765354331368,-0.005996992433157544,-0.00915208825958697,-0.003427612038454022
2016-07-18,0.017680050945395084,0.01341668443133384,0.009051623309057927,0.008974770187283102,0.010439813602121855
2016-07-19,0.00472194206917764,0.008465413842939529,0.019268269213939645,0.015411095497120277,0.01928196116727102
2016-07-20,-0.0006212143819931144,-0.0019000780744023692,-0.0068180114372867005,-0.010527902346855833,-0.003721725762504131
2016-07-21,0.009985411147260544,0.007002604882295548,0.004862127327712525,0.0002275502217979025,0.010352177315205168
2016-07-22,0.009316205707457998,0.009603319651530214,0.007062481711545653,0.012314778497725568,0.005650252197327727
2016-07-25,0.00029042091626115625,-0.0016711913926953177,-1.0797177572732233e-05,0.001514172630454288,0.0025804889339982274
2016-07-26,0.004006592240178245,0.0025278671349617727,0.00461773635145096,0.005706998659622778,0.004309307981373698
2016-07-27,0.0031952977459480136,0.00216147884432424,0.001069251823848072,0.0024070764883184076,0.0004322413982167628
2016-07-28,-1.58847738488321e-05,0.0026815891895950136,-0.003032271340136116,0.005864433242350803,-0.00480694260567928
2016-07-29,0.01059445673655766,0.006041120449924635,-0.0005584792672315084,0.003672269333905486,0.003827432356287656
2016-08-01,-0.004370925797128324,-0.004835033338441538,-0.0013988049301259932,-0.009025082173445116,0.0015650169741883843
2016-08-02,-0.017535709060831812,-0.015699862622866944,-0.016397724177647656,-0.013627241237488562,-0.01977381412909198
2016-08-03,0.0177095843973181,0.011427338805563871,0.012047530319409038,0.003965085738579354,0.015974553569868485
2016-08-04,0.01232862854833161,0.010393135442763705,0.013079204344910843,0.009425419509604063,0.01640074600698799
2016-08-05,0.00665190449579846,0.006461870313260669,0.0072931756934427085,0.006941995074827027,0.008381051907181802
2016-08-08,-0.0027119729499761017,0.0009299975205543324,0.005768958787591771,0.008589147894440215,0.0034961498564567185
2016-08-09,0.004312204602941336,0.004393219808693978,0.010859858259802482,0.007258698373863151,0.012044968791206319
2016-08-10,-0.008294768237619241,-0.00566833442489504,0.002472783830892486,0.0009275044802452457,0.0013148172193694256
2016-08-11,0.01866736090470109,0.013184513895162455,0.005363445601270027,0.002163651083099117,0.007763678328922155
2016-08-12,-0.004951093564801874,-0.004229737327061178,-0.0023547110845291083,-0.001187085236096801,-0.00262812725916438
2016-08-15,0.015083716830879905,0.009856371799430337,0.004650785226966554,0.0021980370080550275,0.0069422297942282885
2016-08-16,-0.00556450387991538,-0.005231677064835663,-0.0024928017362067204,-0.0005112138829824571,-0.003183908412907013
2016-08-17,0.004664138716855545,0.0024695011594899332,-0.0009191966936161098,0.0002867512426897934,-0.00014807663854925635
2016-08-18,-0.0009669679411791565,-0.0007841051382435237,0.002442482898984947,0.0017333656329904033,0.0009571117635444903
2016-08-19,-0.0011319455803767402,-0.0017793554321414641,-0.0012285013173818668,-0.0037102077440025597,0.0005130994255892699
2016-08-22,-0.024630981743925664,-0.021343828360138983,-0.019659790342578726,-0.017635165775385275,-0.019788220936458975
2016-08-23,0.0033919912362628496,0.0020795874402180976,0.003042622296231065,-0.00034257786075914056,0.005685342905372636
2016-08-24,-0.008489492545031428,-0.004287002286271119,-0.005083044136151099,-0.0035312611169244015,-0.007063524022652869
2016-08-25,0.0014701614350907204,0.0015630178905417212,-0.001818005633865485,0.0033852490668173797,-0.004506951489138676
2016-08-26,0.003990247427378332,0.0013912480125284755,0.0010972439457694614,-0.005642471876414936,0.004037404604105916
2016-08-29,0.013089412185999173,0.011580574929532416,0.008078442133955484,0.008617960266982066,0.007128147668537502
2016-08-30,0.002181357544615842,0.004483295370513549,0.009367240734288637,0.007816808274571731,0.007254657773237826
2016-08-31,-0.005524129146973826,-0.0028861367758501255,0.0029556116896602494,0.0007199728833625293,0.002578304307045469
2016-09-01,0.004557642100871066,0.0034373141161747707,-0.00043523468408370163,0.0011424868166651251,0.0016174997258219502
2016-09-02,0.02883697565338541,0.023748558342823557,0.02202235784984006,0.016631558529863654,0.023960677700595047
2016-09-05,-0.0022663615922646606,-0.0017354864070150753,-0.0026239195084509725,0.0029669823337707185,-0.005787558059390405
2016-09-06,0.007824938616836795,0.008776259972787581,0.013884073314014908,0.012936737288541061,0.01176512983364921
2016-09-08,0.0016508300637639705,0.0005800429819000292,0.002838288497030859,-0.0031959380153375253,0.006543537746945686
2016-09-09,-0.034963111158834145,-0.029287136955385505,-0.01746176155994915,-0.017038553039132855,-0.01824974384552703
2016-09-12,0.0070022502773639675,0.004503676017616559,0.0003768647683778004,0.0008739846057505634,6.27978430450208e-06
2016-09-13,-0.028137736462823783,-0.01904691798019233,-0.007549645941486263,-0.00900514213767789,-0.010874045844639892
2016-09-14,0.003116924959632481,0.002218279423034088,-0.003537112354323923,0.0006557143943137144,-0.004330874717752253
2016-09-15,0.010919871621910125,0.008716202206486817,0.000992779850635771,-0.00044858748264380976,0.003070152040238591
2016-09-16,-0.013068479019053805,-0.010544966212114197,-0.005549050789457506,-0.00692301327371659,-0.004905957176631646
2016-09-19,0.005189126425226729,0.0053409980985544125,0.0014215107686983341,0.00550514643388627,0.0004907798981827892
2016-09-20,0.004851627780313549,0.004777131556096804,0.0010124236564665384,0.002006115550281076,0.001454312380975428
2016-09-21,0.012083423975421202,0.008474933394915247,0.009467700309853801,0.008189958992189217,0.011681102096838569
2016-09-22,0.007583270649334634,0.007131358117439227,0.009892766204465869,0.009134674824995729,0.01075781421340611
2016-09-23,-0.004632830714025328,-0.0018032788778135178,0.0017058151034323892,0.001278129267486214,0.000842632236232592
2016-09-26,-0.01165341050503355,-0.011846752508740812,-0.012287784929254652,-0.011523014137356773,-0.011876884971220508
2016-09-27,0.0026179508367999505,0.004151498676457192,0.003387701267372428,0.005878395333503164,0.003146075046267512
2016-09-28,0.017802525820595452,0.01445937872734778,0.014041878856940365,0.011587437817964227,0.015206242455884533
2016-09-29,-0.011427827321390287,-0.009999056041228601,-0.005005137618690453,-0.007175316036439196,-0.004099111980888063
2016-09-30,-0.0036791232288516367,-0.0035563158928034913,-0.006714703530638557,-0.005021320906046384,-0.006371487036234864
2016-10-03,0.017623635157085506,0.015916895239914894,0.015595420197280118,0.012933988853338546,0.016425793425644555
2016-10-04,-0.004107192092107663,-0.0034501843696766875,-0.0018771372540692232,-0.004146892140732309,-0.0013416467923790458
2016-10-05,0.014686465827256759,0.012035107404951381,0.012116424931978722,0.004463280484997733,0.01596204221920691
2016-10-06,0.008701367048765524,0.007742863726009295,0.010999982186044126,0.00922042078305138,0.010675482790705603
2016-10-07,0.005659242250274827,0.0017321016894749851,-0.005325579037069098,-0.003929237037622607,-0.0036653732152443896
2016-10-10,0.01016417364886332,0.006815368545890867,0.009662949581903946,0.005003697985955376,0.013349264355871072
2016-10-11,-0.008685452905968002,-0.0075811277058058825,-0.005016316063875745,-0.006921919167085651,-0.005216514103434633
2016-10-13,0.0026014189709147565,0.004938422076829274,0.004887215650693885,0.009658781506064676,0.0023739816520590962
2016-10-14,0.0069621632669456725,0.0047395016100329306,0.004999603264617973,0.002372665234570695,0.006661126018545788
2016-10-17,0.009146237679436515,0.007643402472436115,0.006824395587232076,0.004947975811744073,0.006399031512039631
2016-10-18,0.014765698170290685,0.011675228050182809,0.008972207291008689,0.004406797617916415,0.009461592246407188
2016-10-19,-0.0057649578882071105,-0.005811254705912719,-0.002610041369943461,-0.0029152386038399127,-0.0025462373210304807
2016-10-20,0.002237474887685461,0.0004289132584614024,-0.005077253961152072,-0.001112309582532919,-0.005452644743836315
2016-10-21,0.006368830163789301,0.00526091963927541,0.008097221086365921,0.009201515520738435,0.008002944946856962
2016-10-24,0.005197952017722701,0.004059376710875006,0.006649786511752856,0.0034947370871157516,0.009493451849520376
2016-10-25,-0.005241089557437105,-0.007015194744244572,-0.016151578413025617,-0.008263381110559957,-0.02209493026847638
2016-10-26,-0.008309160920436877,-0.008198778882792218,-0.01880727442530136,-0.003520345502903184,-0.028391557598324756
2016-10-27,0.010731848714144437,0.00865330570484013,0.01657534830870201,0.0055198378332449016,0.024082654696022214
2016-10-28,0.0030935527888461822,0.002649368248237442,0.0021391045536484615,0.006874194639324571,-0.0006353226447253345
2016-10-31,0.008268289050205557,0.010302640201387768,0.01646237408864551,0.010691109434942676,0.016826297666164204
2016-11-01,-0.022408810596910005,-0.018543480831064618,-0.008595173285526404,-0.01592818845919233,-0.00835341899533105
2016-11-03,-0.023925774667628037,-0.022947431033218932,-0.022963212695009616,-0.020414583266489733,-0.023310091169571126
2016-11-04,-0.004832733273101686,-0.005979589072999858,-0.008551759985322253,-0.008677703102476715,-0.007248982252810232
2016-11-07,0.03321906190702015,0.02672801797804155,0.01880167356736715,0.01548100566529852,0.02064677740145287
2016-11-08,0.0010725543842481098,-0.0003751170894675704,-0.0026314083983179385,0.0006114117999545768,-0.003152721163441806
2016-11-09,-0.007611134756695086,-0.008860475167914522,-0.007197421873157247,-0.007431807995299326,-0.00636397790238114
2016-11-10,-0.027378077709942064,-0.024698423841315972,-0.015039373409342909,-0.020507192015711273,-0.014473606515253947
2016-11-11,-0.03243396178670922,-0.026725142722149584,-0.02442752544240098,-0.01928022474933801,-0.023831762933247014
2016-11-14,0.009842909919475503,0.006175439486531894,0.0008309089076927361,0.002516618813241058,0.0004917526106633825
2016-11-16,0.011813520158511366,0.01077635799662982,0.008828511553190733,0.004786228890353308,0.013044648989818303
2016-11-17,-0.010085171471586128,-0.00688730597648431,0.004135383017795516,0.0012756117966543818,0.004308439324277524
2016-11-18,0.006785877470208476,0.005122991885062792,-0.0010506972015038728,0.003250901652465891,-0.001293444522454782
2016-11-21,0.017317022521050985,0.011472733518665228,0.007063708006664311,0.007869508372560433,0.009004436141469837
2016-11-22,0.006721168361575821,0.0016530313722019768,-0.009456047002305732,-0.008922113311226387,-0.008416068970290236
2016-11-23,0.003063839421758069,0.00169109354196121,0.0002775650578014325,0.004731717799561679,0.0010824611328756036
2016-11-24,-0.0038607796594444274,-0.0026479799673824645,-0.003009624008662638,-0.004312989992050237,-0.003483233191193987
2016-11-25,0.004582886032814694,0.003948376948572544,0.0027930319518883985,0.004177112300798279,0.0029512564840639107
2016-11-28,0.013065527682878032,0.008479167230980768,0.00024297134734064597,0.0003222066492714154,0.0014272347523001494
2016-11-29,-0.022508846139059194,-0.017904872214079184,-0.01099195124257419,-0.015723942263526233,-0.010101258074026034
2016-11-30,0.009341395484637655,0.009566560199074495,0.011300961221838938,0.012909080553026715,0.011425222797400533
2016-12-01,-0.03833032894236431,-0.03485540639455986,-0.02652023699171973,-0.029967229771689835,-0.027107407150345687
2016-12-02,0.010092191926757445,0.008370481601653523,0.010727657829826908,0.007256307821544208,0.011474417225041682
2016-12-05,-0.005918709836286525,-0.006742579020375157,-0.0021988204628670704,-0.009072138885759091,-0.0023521838848560225
2016-12-06,0.018480627855438074,0.018975951789206483,0.01694782083621217,0.018226931398284366,0.021302153900364988
2016-12-07,0.007826773094067797,0.0059676080292679675,0.004270187758081951,-0.0036489800682241473,0.007193070320425773
2016-12-08,-0.004221881176308639,-0.0027470766686308974,0.0027734211907283427,0.0019575531798178775,0.0022789296060604374
2016-12-09,-0.003408873799186773,-0.0013956955015727774,-3.643367817214799e-05,0.0019762808987521243,-0.0006969456993886026
2016-12-12,-0.01669337002274933,-0.01461917749686449,-0.009614778514182822,-0.012847307400881192,-0.010072331018459602
2016-12-13,0.001312011522796233,0.0012286774279314282,-0.0033449084057745257,-0.0017105199943556195,-0.0002540096014405546
2016-12-14,-0.014752698561577387,-0.01142806773173399,-0.007084503467104883,-0.008417667702416547,-0.007571608295468239
2016-12-15,0.0086807482445461,0.005160029391788947,0.0023040293412438587,0.002626348719073406,0.004165191923546059
2016-12-16,0.0002118196421290932,0.003935416242075109,0.008423936513573307,0.009168282323710817,0.008694190267767498
2016-12-19,-0.016308584125043678,-0.01357926168269866,-0.0109234278977604,-0.011192027245255937,-0.01205915401414968
2016-12-20,-0.00016465174082834358,-0.002600264224648058,-0.006457257409659271,-0.004673029619858872,-0.005153436545354408
2016-12-21,0.004483742876526786,0.006723311293184971,0.013644324365805025,0.010373432675083238,0.013623457549697135
2016-12-22,-0.0018288712640570442,-0.0016917673791884964,0.002361855333231804,-0.00708100995186038,0.005999287141543541
2016-12-23,0.006981098396592827,0.005982696902174781,0.004873789098283986,0.004752661221260859,0.0047947936120777334
2016-12-26,0.008901574454781852,0.0072074277586406076,0.003966012317694157,0.003956737995344115,0.004268207782390064
2016-12-27,0.004248592809222232,0.003926574634251611,0.005124987610045813,0.004298590044875807,0.003909340641568369
2016-12-28,0.014473973390658935,0.014152739676710484,0.012758899969840011,0.01162356233007731,0.011830907727161319
2016-12-29,0.007081917400287822,0.00822495308007243,0.006808521169077231,0.009578409388125207,0.005338830269900091
2017-01-02,-0.007480509116340974,-0.007660762172255838,-0.005501959789735857,-0.0069628217612339475,-0.0050719055636395715
2017-01-03,0.031066348479577136,0.025938908894265682,0.018803466085961902,0.013795006455605791,0.021810814078694517
2017-01-04,0.00024296283291917785,2.9751942666321907e-05,0.00019917227769564345,0.0006206560745262062,-0.0016699314427203356
2017-01-05,0.005319510898071185,0.003876211623572539,0.00914390261978294,0.006359135875952422,0.010628587158094017
2017-01-06,-0.008904555526327603,-0.008123991042371579,-0.00809971363351356,-0.00555158592381691,-0.009491181012547582
2017-01-09,0.0001569695645969164,-0.001361036120333132,-0.003822368802442554,-0.0036150571718140336,-0.0037271653640607795
2017-01-10,0.0029765964831550366,0.0012850525328901487,0.0033797121377143924,0.0005102830839136844,0.0030758109259557066
2017-01-11,0.0048117422253363155,0.002151748363243983,-0.00030926313531595836,-0.0004920128074470332,0.00023517351642216976
2017-01-12,0.026143962902269596,0.022450322331079627,0.013901659292566839,0.0144020245139291,0.014911411437755739
2017-01-13,-0.0008893307954583349,-0.0009264273005534558,0.005820299830692717,0.0012124114545652477,0.007889888215816852
2017-01-16,0.00314487702211398,0.0021347412064740934,0.005008142767582347,0.002348606894130401,0.004156252908378641
2017-01-17,0.008423856688486879,0.01019942016931336,0.011502314280294353,0.011509491868488618,0.011010231861764195
2017-01-18,-0.006759982469576817,-0.005003155486801384,-0.00037911321677263417,5.546882731805687e-05,-0.0007642906909445123
2017-01-19,-0.0054420288429579775,-0.0035003073497066883,-0.005781039870929268,-0.0023108750153765564,-0.004785443110546241
2017-01-20,0.012434828126965336,0.010904182464175573,0.014015220531926258,0.008162509404693184,0.01813133725558642
2017-01-23,0.016562632317816378,0.010978281881067269,0.0034234658057372422,-0.0007396920788456187,0.00579530724851794
2017-01-24,0.0030438491468346885,0.005738986940224551,0.012779078946218308,0.011002559122062818,0.013027902468271936
2017-01-26,0.004522441296265344,0.005998822403728525,0.001435445987944711,0.004332422862204673,-0.00041530428100273017
2017-01-27,-0.002665717912960206,-0.0027812191223059272,-0.005344834720632312,-0.0031186142223081407,-0.0067377072842234155
2017-01-30,-0.02670707407532739,-0.023532374598870864,-0.02294715322317132,-0.018521677501582384,-0.024368572163424605
2017-01-31,0.010760201988764928,0.009871068384060846,0.012161872672887743,0.012843053407676856,0.014101551481263222
2017-02-01,0.002689949894614071,0.0010335777505195705,0.003535605944731144,-0.0019158325149458797,0.004757428632032402
2017-02-02,0.0037086352929950914,0.0033175182997200446,0.0009882104136203643,-0.000909397541596214,0.0011268574262146903
2017-02-03,0.005531047966324656,0.006354890603511039,0.0031036084396555185,0.004400662387238443,0.0031380898696637205
2017-02-06,-0.011047583401948897,-0.008863373646374191,-0.0020785091452547103,-0.0070836338989970216,0.0005745066429279078
2017-02-07,0.0039723796199248864,0.0022348189555145732,0.0017828749249725294,-0.0029054194447229436,0.004222124782492913
2017-02-08,0.0058941487894142545,0.0049938877261311064,0.00025098703044570524,0.0066867111085248026,-0.0009289297841101525
2017-02-09,0.0011116145470393972,0.001923965811283417,0.005227856852698526,0.003691210256476578,0.005208346105116734
2017-02-10,0.018063392576019886,0.013013183369832038,0.011576048100700695,0.005471225157616697,0.01470918526479182
2017-02-13,0.015061662359070211,0.012034071246793985,0.018356805680029065,0.008214208366702485,0.023170275326884156
2017-02-14,-0.004856212513114178,-0.00395250900776163,-0.0065720511833034945,-0.0018718223873953885,-0.0069342813408243605
2017-02-15,0.016255673983714622,0.015975081829707343,0.011185247416013368,0.018028934739971067,0.01096685045037506
2017-02-16,-0.0017352067170219182,-0.003052600121031087,-0.0028776074235779903,-0.0013787734762021426,-0.002800553946541566
2017-02-17,-0.004429933506729452,-0.004912444906636351,-0.0010876790103064961,-0.0056708766831052165,0.0013254362423799622
2017-02-20,0.009425399620853887,0.00563399285115045,0.0062792524574279505,-0.0006044832134031769,0.009155808118914694
2017-02-21,0.006530269931781168,0.005197070713494855,0.003650717371218759,0.004682513105151362,0.006426794786831705
2017-02-22,-0.011418826156300872,-0.01033208820356565,-0.007012544193316102,-0.006470380004411589,-0.006024422171576492
2017-02-23,-0.011046154224468814,-0.009063557290737899,-0.0032940974655363262,-0.006001953372968945,-0.001141997680486948
2017-02-24,-0.006994910121603297,-0.005268308637483317,-0.0013185026133990699,-0.005545618569278562,-0.001444812983837215
2017-03-01,0.005332741539191315,0.0039335461298173665,0.007579690215851708,0.0032541525548216263,0.00841179469305824
2017-03-02,-0.013538861098959729,-0.010696743414616725,-0.012479794107887517,-0.01085407245987147,-0.01633512375507388
2017-03-03,0.012946781517104048,0.010457938232864901,0.006406522641715745,0.006575171763204928,0.006253477726029578
2017-03-06,0.0007988265654044378,0.001811332892605401,0.0012973031964947466,0.0008293071940504881,-1.6491815528678214e-05
2017-03-07,-0.005832150237918631,-0.005422269691663884,-0.003669704440694614,-0.004722484870948102,-0.005551103815416079
2017-03-08,-0.018557436280454045,-0.012171710307404764,-0.01169621832821376,-0.004525404378219792,-0.01319526404955319
2017-03-09,-0.002374309775204935,-0.0012744708548880963,0.0021202937337536573,-0.0027210926726038715,0.004272385311838345
2017-03-10,0.0002039088655012823,0.0016120657282664539,-0.0017642483403451717,0.006297865770383819,-0.005531531862640836
2017-03-13,0.010668029898246507,0.007430960731552767,0.0066975733584683245,0.003364648347972205,0.007334440103125557
2017-03-14,-0.012526968084247397,-0.011303548319908926,-0.00912842356398542,-0.0059875853107299645,-0.00827070647289897
2017-03-15,0.01953190220268307,0.013476191840129575,0.005863409078421014,0.0023684122657812953,0.008994032725542785
2017-03-16,-0.0017396529272975152,0.0007087061100263047,0.0026435463600712533,0.001143148223896506,0.005586603088115491
2017-03-17,-0.021233136809360217,-0.016893406303117094,-0.015474684529393438,-0.007386346842576788,-0.019039869589692292
2017-03-20,0.00475922006686973,0.002148074894166405,-0.000783776950332834,-0.007097588128302754,0.0028081503030117205
2017-03-21,-0.028670447314968,-0.02204652739113953,-0.018182038849893896,-0.010191367532901459,-0.019842669738244414
2017-03-22,0.003302578566581578,0.0008369565086037499,-5.073127742998094e-05,1.9239241211279788e-05,-0.0003788174815135383
2017-03-23,0.00273212909917158,0.004782167813133406,0.006582184070712665,0.006698554275605802,0.007579555598134826
2017-03-24,0.0019094519596745299,0.002394935800660837,-0.0030176668776342864,0.0003459527113399066,-0.0036114507171779936
2017-03-27,0.0037920847411564242,0.0024351443386156704,6.535966061004417e-05,0.008883654024331266,-0.0016757016127413706
2017-03-28,0.0017959758491794895,0.004557139988800406,0.008798288362548156,0.00873063162959398,0.0070637231475527106
2017-03-29,0.007593516517714885,0.00518947893378479,0.0031093067561645065,0.00263717076412345,0.004929760076112734
2017-03-30,-0.002994401121370287,-0.0019130802101714564,-0.0004941839282349377,-0.0021667975557087037,0.0015298934921818596
2017-03-31,-0.0032624075432866745,-0.0027705942081605556,0.0011794977630278825,-0.0004622468302239314,0.000536269303849141
2017-04-03,0.0013524085972774539,0.0011792937689496102,-0.0015400515301403023,-0.0032082513788775427,-0.0005140174419489625
2017-04-04,0.0052136083583412905,0.004819801434533822,0.0040129588533301674,0.003577949265421856,0.003789655986430972
2017-04-05,-0.011171773645850671,-0.006701766464510459,-0.0025869349436639577,0.0013013240140651574,-0.00385690814389562
2017-04-06,-0.01073442559895467,-0.00647106985529057,-0.004245502056223805,-0.00035633966941768145,-0.00622992437947411
2017-04-07,0.0026941208557462416,0.0024350549198266383,0.003266633060367735,0.003540721411567771,0.0028122913771458508
2017-04-10,-0.0033916504818017595,-0.002368089388125639,-0.0022853552657859776,0.0009279939188971858,-0.003216899254314261
2017-04-11,-0.0013985363310310243,-0.000524600515057854,0.0019327294820658996,-0.004627891094335567,0.0027204442672791457
2017-04-12,-0.010854426178247476,-0.006171352194110961,-0.0065528799259351594,-0.0014808864153727504,-0.009352695025180607
2017-04-13,-0.014408474872689892,-0.011440931636644988,-0.012020934162113727,-0.0020445627801957337,-0.014691480267428473
2017-04-17,0.020715923906083716,0.01735028832595843,0.014304559178361024,0.010253694992676227,0.01765584569917218
2017-04-18,-0.0025365981281198647,-0.0004752438101173755,0.00025748677850935997,-0.00019792624318454397,0.000798780314130687
2017-04-19,-0.008655192455859887,-0.00656671958577801,-0.00043763761188543885,-0.0003513204423381541,0.00020689191951120964
2017-04-20,0.008649865191338636,0.005660680970839906,0.0029193044316656596,-0.0014724428560305852,0.004767338891496865
2017-04-24,0.006622224368226301,0.006651654934906321,0.005373773216875581,0.0040395900260998445,0.006159231763163594
2017-04-25,0.013576545537007106,0.012565022107694954,0.013437588564273403,0.00874977559730576,0.014753548332599696
2017-04-26,-0.0003132876049931063,5.9757781761224566e-05,0.002633497365754895,0.00030726752936366874,0.0030596079527951156
2017-04-27,-0.004181221847667742,-0.0022235151357893976,0.0015242540255101234,0.0010808461445073975,0.0026659440908265086
2017-04-28,0.01728783240325042,0.016900955533739413,0.017614942411041168,0.0162380841172608,0.016727149626324413
2017-05-02,0.009634447010579087,0.00864222561168242,0.00496905151901803,0.008248984082934325,0.005313923225224674
2017-05-03,-0.006433125745363369,-0.0021201327128350083,0.00520606153874873,0.004125104718134249,0.004671209536841494
2017-05-04,-0.022204087108668825,-0.015446804965058604,-0.01148732168820385,0.0016938904850181359,-0.013324261078286442
2017-05-05,0.01268814616068601,0.009860138580353214,0.00964254888409945,0.0042533088973196135,0.01412081188517259
2017-05-08,-0.0053106535069692975,-0.0033790148815210407,-0.00024460926040492095,-7.464753584767109e-05,-0.0004888041882039249
2017-05-09,0.015457511357033148,0.012890064038871621,0.015047222908682344,0.005922633321117828,0.01717090226745524
2017-05-10,0.016026727347584417,0.014557617571760864,0.01233353705157155,0.008872766330752697,0.013668850503259486
2017-05-11,0.0029868566879405773,0.0026294168763235995,0.0032582790555277154,0.003195037068583693,0.0015159251235488792
2017-05-12,0.00383075315129456,0.0036854714405219345,-0.00046985468782481253,0.002060838466388486,-0.0006294434283135655
2017-05-15,0.001836993528591525,-0.0008508426930162707,-0.005063707655010813,-0.0022802378732634447,-0.0054393855257229414
2017-05-16,0.003269877232913683,0.0024347886828314643,-0.0002854244713252547,0.006094678334357607,-0.003422525685534795
2017-05-17,-0.018930254871002663,-0.018254357283440343,-0.01780244688096326,-0.012560121211397008,-0.018536637055510757
2017-05-18,-0.09037796326800311,-0.07106753416734395,-0.04603494814044028,-0.02727622380332555,-0.055329924069916776
2017-05-19,0.02068968022701679,0.015992716748516794,0.011539445783611676,0.008887425855135713,0.012128580432211211
2017-05-22,-0.022319953485558295,-0.015621476793135813,-0.008799925285498082,0.0028868527927925188,-0.019117822652709376
2017-05-23,0.022966831992413013,0.021133901203985957,0.020439243659515216,0.016698719059611518,0.02371771746885175
2017-05-24,0.010154842215806072,0.00820698640416881,0.004901519011487398,0.0012963199172093428,0.006081999496549816
2017-05-25,0.004522275689733021,0.008066824977508314,0.020704627166377998,0.013686354052235533,0.023060273513131883
2017-05-26,0.010512424811482981,0.009480997702571697,0.00668086755400126,0.0052500326306870685,0.006257321334607292
2017-05-29,-0.0014672664109722914,-0.002784964547732499,-0.003435303096970153,-0.004369791805621343,-0.0029063108081755374
2017-05-30,0.002942237852254101,0.00240737640020458,0.0010587654076808493,-0.0009262954281449324,0.00136771228002764
2017-05-31,-0.01600977479592443,-0.013928092285203137,-0.010639841485467321,-0.009090809791899978,-0.009237691805206
2017-06-01,-0.007614882265150909,-0.00580044129846595,-0.006632371170677452,-0.0031995101428795364,-0.007620779501937739
2017-06-02,0.002328316366311728,0.002072279908549251,0.002576922605581929,0.0035611465712001847,0.0011923549040449267
2017-06-05,-0.00331442966820212,-0.0010342380275211675,0.001317572753702986,0.005766824886841574,-0.0002489863839289257
2017-06-06,0.009643234621591092,0.008676999971267464,0.009343034023414293,0.006105617776883377,0.010289990759421132
2017-06-07,0.0026077437497717326,0.0036689166436662405,0.003662783271777494,0.001181289498869955,0.004188497942335189
2017-06-08,-0.007568834594906492,-0.008110104819200208,-0.0066968925227663244,-0.00679024053902961,-0.0063111417005377425
2017-06-09,-0.007093522962488927,-0.008004188564068943,-0.009496162257022676,-0.007108327478132724,-0.010776659925803726
2017-06-12,-0.00893577718923719,-0.007003288616177939,-0.0013857603928426583,-0.002650365335665819,-0.0015380856451146468
2017-06-13,0.0006457136161228192,0.0017659757171704501,0.004066508998838515,0.0036427190009614076,0.004801610741579876
2017-06-14,0.0025952573190156864,0.0018763345079543877,-0.0011445412935229317,-0.000330547546554165,-0.0017211208581076021
2017-06-16,0.00016727492297549012,0.0021145536561405645,0.004670505929940184,0.0036951696881886917,0.0035055957532619027
2017-06-19,0.002838764786718819,0.003244088972741717,0.0015157584987209897,0.0009245077855184595,0.0011923656991720257
2017-06-20,-0.01866940432951517,-0.014697481840950679,-0.011876176039058176,-0.005911529266426594,-0.014640460076014447
2017-06-21,-0.0036666403247623586,-0.005530602331556696,-0.007324420966766575,-0.006618454354135314,-0.0058967020335862815
2017-06-22,0.009670002851114794,0.007229113065184513,0.004019792500393577,0.004251547421849855,0.003568561302436277
2017-06-23,-0.0006078343964970876,-0.0007943390327677011,0.00027601502423690513,-5.813564359047688e-06,-0.00015029669938151306
2017-06-26,0.014373666939723148,0.010079488396494809,0.003917934021710598,0.0032353171558363574,0.004031097232539102
2017-06-27,-0.006308204502638118,-0.006358525266919759,-0.005665759009389603,-0.00279210151635323,-0.00621589518802339
2017-06-28,0.007956794646558078,0.004886699002697699,0.002527077076485075,0.001868441121182565,0.0023684712584620283
2017-06-29,-0.00017684101095047984,0.00013129603362188927,0.0008828281491922235,-1.6454208442471022e-05,0.0017946293306109011
2017-06-30,0.012713131334186847,0.011343485624717212,0.009244909748877782,0.007850056459883648,0.010384283488089178
2017-07-03,0.005366778818712111,0.003800909843547305,0.0033298393097602793,0.0009580830317697682,0.004732650094296002
2017-07-04,-7.974256898410175e-05,0.0008394440800184152,0.0020583806322632616,0.000671638782634382,0.0016123378610012266
2017-07-05,0.0020227260518732157,0.0009699025304330534,-0.0016526245852890292,-0.0008981900881235786,-0.0018358216693584663
2017-07-06,-0.0027692028829096006,-0.006651680155043013,-0.008485131410347737,-0.008468975849607475,-0.009205557640668764
2017-07-07,-0.0008642939281399721,-0.0014169408696644238,-0.0007598062673165679,-0.001282138138535348,0.0016622987478172929
2017-07-10,0.009561418563388518,0.009088661355108366,0.010398860483670875,0.008406876294500525,0.011803808187494515
2017-07-11,0.008171901425618536,0.006940917044262333,0.005834584045592944,0.005982200255992672,0.0062440741792046525
2017-07-12,0.016106383573490334,0.011886756855856034,0.00430319583857596,0.005090873378856687,0.00481812639686599
2017-07-13,0.006297635900735975,0.006971199158809218,0.006125670910062253,0.006061900783464264,0.005996557101465237
2017-07-14,0.001803690978267844,0.0016314928898867628,0.0020778414316503474,0.0008687619691340068,0.002846577302551301
2017-07-17,0.00012510001067386853,0.0006148559759619412,0.0035140508589542436,0.0006991851705108216,0.004812527345843863
2017-07-18,0.002387742662898577,0.0016818684780264036,0.0008433921911248031,-0.0006384480514726495,5.732701671329419e-05
2017-07-19,-0.001508804304156961,-0.0021845312673168206,0.00012599049394825977,-5.650503212540855e-05,0.00022441742559770658
2017-07-20,-0.002045782680967633,6.15506678515261e-05,0.00204958692033904,0.0015811755316069754,0.0019890842349010182
2017-07-21,-0.0027645595031639443,-0.0009900529066484624,0.00043411721630607275,0.0025399809396821193,-0.0006817728587118319
2017-07-24,0.004555341859883355,0.0027534447435535736,1.7323817142902466e-05,-0.0009231644257530009,0.00018090569082944799
2017-07-25,0.005184849157010767,0.0022543385669401405,0.00014535756899531,0.000327704426779078,0.0006535314578237695
2017-07-26,-0.008345005698667005,-0.005135164730419132,0.0013525966378634727,-0.0018659353793486775,0.0037775480292485983
2017-07-27,0.0032959185721388815,0.0037659660178437876,0.005445303983576491,0.003074418016017463,0.007508113024602658
2017-07-28,0.0024201029509327175,0.0008103785917941708,-0.00075211281321261,-0.00042473848338535325,-0.000622278699368843
2017-07-31,0.0039045776201609163,0.0028522995764475693,0.0006836882138205242,0.0007202011091132045,0.0008638789516609575
2017-08-01,0.0029763394348430337,0.00325242180106241,0.0013328179360779142,0.0022758342092527306,0.0010795509433453993
2017-08-02,0.010065094264709227,0.006348361876560684,0.0006817835556957501,-0.0017482431589452203,0.001196387307588889
2017-08-03,-0.002299493491358908,-0.0018580001755997737,-0.0011672149417302517,-0.000730878268712497,-0.0007776621773897372
2017-08-04,0.005305986404302893,0.004296279619762523,0.006521373113161619,0.003288517811853569,0.007396489390161891
2017-08-07,0.015977471989699545,0.011375256707192787,0.005590576622835593,0.002348138926904883,0.007728001055902439
2017-08-08,-0.0008534829169506582,-0.001262393772507163,9.280560107637753e-06,-0.00016853079046189262,0.0014993133708306149
2017-08-09,-0.0027199260026051428,0.0003794399055421253,0.00408059703957189,0.0031163615791906804,0.0038047016868103436
2017-08-10,-0.01071397215148959,-0.009320733374354986,-0.004429349273686836,-0.007262749161991366,-0.003257543194120858
2017-08-11,0.007010110091622737,0.006557132592260501,0.00441346739484272,0.003985018761567341,0.005357013657828834
2017-08-14,0.00957055288616398,0.008595701758525011,0.007013491798244639,0.006059133782368239,0.008267938580427042
2017-08-15,-0.002576210334995675,-0.0001401088029126024,0.002398310625164393,0.002569366596598391,0.0020401296083571723
2017-08-16,0.005424201602495108,0.0035799726513923956,0.0023504156424296926,0.0008872426264127657,0.0029558989019445123
2017-08-17,-0.011308574519753999,-0.010000556648094282,-0.008929899146447743,-0.0069554619915701875,-0.010538013215635167
2017-08-18,0.00857187194117533,0.005778861872279334,0.0019811309142983664,0.00016117373916981511,0.0038516364876800355
2017-08-21,0.003853212624144167,0.00525583558488635,0.0087152747811432,0.003957192823519385,0.011719572671674519
2017-08-22,0.01859806917191182,0.013662846318403438,0.006986860656356825,0.005450854489103785,0.0071238219652633725
2017-08-23,0.004052954931692653,0.003662177246860285,0.004686575600189745,0.0034184992005644272,0.005810525218901971
2017-08-24,0.010034926957469218,0.00889736952675485,0.008667073125110693,0.005881815093890772,0.00984989300458525
2017-08-25,0.0016347730203351975,0.0015146550920667906,0.0033017746384507484,0.0009780969533003492,0.006141114956616171
2017-08-28,-0.0002573921223027807,0.0005740177134141981,0.001180458552136684,0.0014553021624993763,0.0009635467096729284
2017-08-29,0.001925103112586717,0.0010210981207795715,4.9684962177593385e-05,-0.001298122197972966,0.001160469124190304
2017-08-30,0.000888911569902114,0.0001355450722337788,0.002651725843785329,-0.0008973906440319476,0.00603318019406542
2017-08-31,0.0021078841547146863,0.002014378609899916,0.0038536800666336356,0.0021745598387866933,0.005569416583290151
2017-09-01,0.01289189244079799,0.007654920344925111,0.0008822525826674872,0.0008502737335568135,0.00015763103016683266
2017-09-04,0.009094189835575046,0.0066582841730842765,0.006678258556650912,0.0036825460731666846,0.009133623610997406
2017-09-05,0.0026413188976341087,0.002347405198839364,-0.0006102303133652042,0.0006273741232880308,-0.0017461247740084465
2017-09-06,0.014132255793012674,0.010563458674520168,0.007005005848138719,0.002554320325514509,0.010822437383256684
2017-09-08,-0.0005617305378566952,0.0012095017563849288,0.002927104422603634,0.003066362753819331,0.004020735755942964
2017-09-11,0.015303578938240005,0.012091910559452964,0.006132196881822476,0.006005267510949083,0.005850598136987774
2017-09-12,-0.0009998806677565704,0.0014099359151789437,0.00251305148642183,0.004138171428102502,0.0017346504590827687
2017-09-13,0.0019463607800287777,0.0033523868405846407,0.005130856248306097,0.00365930551370724,0.0053912647111588104
2017-09-14,0.0028719953066820812,0.002012824291831748,0.00047537408101341557,-0.00012823411790875792,0.0012307537037949349
2017-09-15,0.010848926266155724,0.008622704013764297,0.0038896095432947885,0.0036870949641325413,0.003159246160498795
2017-09-18,0.0031155942900402632,0.0004891775584901516,-0.004477987118756703,-0.002265629645293285,-0.00589371726433701
2017-09-19,-0.004981504068163193,-0.0029632970414651526,-0.001638671331712869,-0.0011586723335881787,-0.0012092398258637797
2017-09-20,-0.001553232112921707,-0.002621663520432615,-0.0031448954529855193,-0.001568754158060119,-0.00385900576059285
2017-09-21,-0.005969082265414776,-0.0045795715803047515,-0.0035324200692759553,-0.0016700881434129188,-0.004671312048261924
2017-09-22,-0.0031305479075629224,-0.0008023093573689683,0.0014497552756982343,0.0024694641954680825,0.0011136660698127924
2017-09-25,-0.01779397324124232,-0.013529594505800595,-0.008758168659636207,-0.006408981114605949,-0.009906111978726269
2017-09-26,4.427959554656881e-05,-0.0014170337329876242,-0.00039731293154770435,-0.0039944989718677165,0.003676155339980453
2017-09-27,-0.01151632142270529,-0.007071565055024582,0.0005800885210770364,-0.00018684994722706827,0.0004771865470744557
2017-09-28,-0.006241164065772598,-0.0066705561894534315,-0.00772114747253505,-0.0058985290063444315,-0.008280710607769108
2017-09-29,0.011310876553592869,0.009726740798407192,0.007900321241591835,0.006579403223179594,0.008091280773269122
2017-10-02,0.0014557421160630466,-0.001138720920234312,-0.0004576352104977096,-0.003446047459691088,-0.000434949343255948
2017-10-03,0.026558808979586124,0.01886869468020629,0.006500258245404963,0.005308789426627788,0.008733416874464812
2017-10-04,-0.0021432934168390963,-0.0034374292872631916,-0.010020394140840714,-0.0065491553006230725,-0.013501090134602538
2017-10-05,-0.0012246498817392094,-0.001282336476089484,-0.002043937703441339,0.00016680115996639457,-0.004785643635568336
2017-10-06,-0.0027138624384948212,0.00017084035811714728,0.005914119680639017,0.0041389505844363775,0.006311782976024814
2017-10-09,-0.00541828764782992,-0.005291558070882587,-0.005209445686685788,-0.004179245055008855,-0.0053825314124535265
2017-10-10,0.013155686118810472,0.009889005623730593,0.004836443572730274,0.005256009531756435,0.006474000655324787
2017-10-11,-0.0014067907501956814,0.0012610603859813606,0.004276333146172254,0.0034371040019174695,0.004466636746436625
2017-10-13,0.00546131849847963,0.005346496211210794,0.0062337452005766306,0.0047857831599773405,0.008487848076968762
2017-10-16,-0.006943951843328971,-0.00525715365975178,-0.0027865806043237346,-0.002189823063963592,-0.0041307894762104965
2017-10-17,-0.013579042202660239,-0.012233518618085608,-0.012455694695513702,-0.008363485591635718,-0.014262304386722591
2017-10-18,0.009799222376742231,0.009086863363184714,0.008752248340831697,0.0064766936220986915,0.00883140302702097
2017-10-19,-0.004133877806116613,-0.004616790823380022,-0.0038690742263879493,-0.0036811463860898968,-0.003544059150055833
2017-10-20,0.004763629060700309,0.004087933362988334,0.006021639092043557,0.00295329323890078,0.007172783023607711
2017-10-23,-0.011065893963158775,-0.00968278863933688,-0.0049529724115787085,-0.005508489472371043,-0.004854877702658833
2017-10-24,0.00981320789490336,0.00701097202573971,0.002798659881741225,0.0012248058599835182,0.0046883848908011744
2017-10-25,0.0013415528402697385,-0.0005398896489258349,-0.0035187409354812235,-0.0032244228963440244,-0.0024088294727909903
2017-10-26,-0.009976656453991463,-0.006793798410626295,-0.001925167946764115,-0.000573630604052104,-0.003235639318607651
2017-10-27,-0.001274859284389261,-8.059279535103264e-05,-0.0019456794338614599,-0.0026128574363949043,-0.0005747765831899091
2017-10-30,-0.019697612725651695,-0.014596921745602934,-0.007647683404544104,-0.004485577045339473,-0.009795236259127892
2017-10-31,-0.005698308056053415,-0.0030727971960919586,0.002804910669362969,0.0010874228397759348,0.0038384016445644747
2017-11-01,-0.0059648133081835605,-0.0025919059386692493,0.00039682822641869966,0.00039918305669378725,-0.0007857736750479798
2017-11-03,-0.004425553754870362,-0.002185772080727397,0.0013492964795619065,0.00043396440006169407,0.0016341901955608615
2017-11-06,0.005025589285173417,0.0021527309618218594,-0.001730314102605827,-0.0008395596354260682,-0.0015442990873800226
2017-11-07,-0.02261082137343238,-0.016738984760863936,-0.008689555839301345,-0.00854042108092221,-0.0093193269958654
2017-11-08,0.024916543227610805,0.018980530321577954,0.006050617171294207,0.006260016275715122,0.006749605759157807
2017-11-09,-0.019516796615488628,-0.014287594010347245,-0.010043744228004504,-0.006504941532469255,-0.01315560184675321
2017-11-10,-0.011940656471716694,-0.01098406237241168,-0.008236204473569007,-0.008002469789006003,-0.008665414945263135
2017-11-13,0.006648474894301246,0.006569797383782717,0.007407956393283,0.005999601276242113,0.008051985460132697
2017-11-14,-0.019510475805541494,-0.014628569522569145,-0.011523946540540897,-0.007865279923989704,-0.012975201232221406
2017-11-16,0.022249490854547527,0.018064981005402908,0.010407993705753878,0.00921321335726016,0.011296987362219967
2017-11-17,0.014166186763478843,0.011505082150789912,0.011334500707154494,0.006529386967964274,0.01522763796299316
2017-11-21,0.013950787054116034,0.012533249659770415,0.00755505308068801,0.00675869537900154,0.007990406858363788
2017-11-22,0.0015278207058941424,-0.0008255272816547031,-0.0033064016633569467,-0.003357404604108068,-0.0025642434768958586
2017-11-23,0.0012702791836262605,-0.0004262544722115754,-0.0010632203299440071,-0.0014915081103929447,0.00012588840670186863
2017-11-24,-0.0023354262832481682,-0.002636942712101625,-0.0018594332483779326,-0.0029995545925465333,-0.00010778790473119776
2017-11-27,-0.000781346240862385,-0.00031739584462298727,0.0007425212724928481,-0.0027775618972361625,0.0019358000844548256
2017-11-28,-0.0012757102065164977,-0.001588972571743479,-0.0020457307310625976,-0.0012622465760374164,-0.002490585754757766
2017-11-29,-0.015583638007148383,-0.018902807430788017,-0.02515401682689848,-0.0339742751723918,-0.019222025975326348
2017-11-30,-0.01844841027014428,-0.028271544722971748,-0.041778727714368566,-0.07155693583667289,-0.022795872923222396
2017-12-01,0.005103504202982177,0.0003423265807694538,-0.0029907231309365496,-0.013843930973177914,0.002359817799678841
2017-12-04,0.008398558043589879,0.0018346579931793863,-0.007813011403692255,-0.017174955617188258,-0.0017060024023506323
2017-12-05,-0.007714010426040003,-0.008006153677434024,-0.009898255495505609,-0.015231297140090161,-0.006349876880492277
2017-12-06,0.006613790605677251,0.007223276316438995,0.0070537503683136445,0.014135971212515818,0.0034914220772821404
2017-12-07,-0.006033064997066242,-0.0062517528449382645,-0.005242296984153168,-0.007730300388944033,-0.0031470946375956052
2017-12-08,0.005085571638106544,0.004182125155120683,0.003428585377402476,0.003511628414393317,0.002500121753013328
2017-12-11,0.0003853806623955391,-0.00374543048982363,-0.012033117679986934,-0.016107103936744874,-0.009096743551151157
2017-12-12,0.00967349973099968,0.007952004002874699,0.0037810225365417496,0.004838488252211158,0.003985057155692957
2017-12-13,-0.005833944051751679,-0.002539179492625303,0.0023170629959913575,0.0034875955971660974,0.0008325801369445649
2017-12-14,-0.004825737119717022,-0.005726457669233548,-0.006047398619099864,-0.00805212049241824,-0.0037948219290647916
2017-12-15,0.007648517152374091,0.007290184028025942,0.007857326564971923,0.006599834674271975,0.00783188238878016
2017-12-18,0.0003095804374892918,0.001502020239149329,0.001060996261459033,0.002305301273913319,-0.00041117847579694817
2017-12-19,-0.006681913562645499,-0.005980801263568316,-0.004338275393028429,-0.005548979564915121,-0.003606306313427993
2017-12-20,0.011548433375049356,0.009261322504823883,0.007151634086876286,0.005371015463632391,0.007831229085641189
2017-12-21,0.022921978974194623,0.023255689718079377,0.026345351841787205,0.02429923094121417,0.02603366282158496
2017-12-22,0.004125317823653241,0.0026343517368481477,0.0021262187589552546,0.0005485670087594769,0.0034632545188094375
2017-12-26,0.0069115119157950825,0.008823918589885647,0.013154329698939425,0.013579254953042207,0.012972058277663946
2017-12-27,0.004827357907318907,0.004129648781063896,0.0003135522652324436,0.0026973505313383564,-0.0006493438873554887
2017-12-28,0.00803719350990328,0.005477297214561719,0.0074868381786689624,0.0018500377459365674,0.010800553965112005
2018-01-02,0.013749016241227669,0.013353934556367875,0.01399227811434432,0.011582410365009187,0.014959839209326455
2018-01-03,0.0007426227605389885,-2.1005436326534737e-05,0.0009911369317415525,-0.0006767983778889347,0.001765669568101254
2018-01-04,0.0062760204053694466,0.0032176644613907193,-0.00020960442042536852,-0.0020860419415627846,0.0005843466045113693
2018-01-05,0.004741197562868855,0.004339451662762167,0.0032981642910283014,0.0004213132720995243,0.005981114417471101
2018-01-08,0.0016579388276121987,0.0001063024144620239,-0.0014266733705062297,-0.0009567064534595339,-0.000756358130596213
2018-01-09,-0.008255997364267674,-0.007805137708822415,-0.014773170082870584,-0.008386995016846753,-0.01884396624650457
2018-01-10,-0.005887362396811025,-0.0038194431570111246,0.0006338778906489215,0.0014474837087593952,-0.00026744313364442454
2018-01-11,0.016860995741039476,0.013966780546887318,0.01277185929017443,0.009857541284321166,0.015054870417558302
2018-01-12,-0.0024038746913901572,-0.0034285043781130094,-0.008403317325136411,-0.006012166628309818,-0.009175398359247602
2018-01-15,0.006258215746073579,0.00645324520845167,0.0060273118416932885,0.008143430318794671,0.004780216495554529
2018-01-16,-0.002516306952381659,-0.0022526604082786146,-0.0056069942881836025,-0.003896933448014766,-0.0073198128893116115
2018-01-17,0.010482930505540885,0.00632347747562797,-0.0019427839598538115,-0.00016111872154379338,-0.0009688798258394788
2018-01-18,-0.006251566793160629,-0.004277034230037135,-0.00254004498182462,-0.0029135445050502383,-0.0038166558433598806
2018-01-19,0.0030041948090080285,0.002765948876165593,0.003254206908732609,0.001849215174134391,0.004153960045145559
2018-01-22,0.0013855820401675984,0.00020973059440340357,-0.0007125412622777637,-0.000417518726131717,-0.002082089680596812
2018-01-23,-0.012345140254666799,-0.010283688393144986,-0.007374243771941037,-0.006876802761603514,-0.007725829690787423
2018-01-24,0.0349727369496378,0.028011417281657125,0.01872986007924545,0.01639859866575315,0.020219014781265997
2018-01-26,0.017906889297780164,0.011984496391053794,0.00233030353788895,0.0013882995774261815,0.002479686008562106
2018-01-29,-0.0036411259036691363,-0.0021775548913291975,0.002383529349624512,0.0012367661746258258,0.0029639427503896053
2018-01-30,-0.0027847166079305605,-0.002409671225110085,-0.0021189151394143506,-0.0006784814551950536,-0.002691160253048659
2018-01-31,0.004578830133515604,0.0030169118385255872,0.0021575181133272436,0.0011259216504055313,0.0037604305270660596
2018-02-01,0.008476250571955175,0.00925224822150191,0.011505041791187403,0.010948748761927656,0.012035664905833455
2018-02-02,-0.012109153813283792,-0.010054364669947276,-0.0028446272198415974,-0.005296302587581338,-0.0014470393413164322
2018-02-05,-0.022549939645860533,-0.018455405775955117,-0.012226284471158644,-0.011409454539200163,-0.01349884318328824
2018-02-06,0.01678833940314712,0.010931994297656965,0.0012802653021770556,0.0018797245368885544,0.0014381267377017795
2018-02-07,-0.008552519445098043,-0.005909522238277193,-0.002312389928191127,-0.0013233037397239638,-0.0026505059135201745
2018-02-08,-0.013943591887784159,-0.013341567023274357,-0.011922848845925075,-0.010207333742039193,-0.012274998897932005
2018-02-09,-0.007992076813030642,-0.00728282956667483,-0.004725419147837095,-0.005329420258929275,-0.0043467162010712886
2018-02-14,0.029479275955539237,0.026312887413793902,0.021720825756514957,0.02115366468489361,0.022475209403942292
2018-02-15,0.005562219859586822,0.003806285232413692,0.0009440539720569571,0.0024390092304604175,-0.0001148931429808312
2018-02-16,0.0022436218439676665,0.0007764521058354255,0.002113129553033661,0.0009183400874000088,0.003924605874020074
2018-02-19,0.00610352912513845,0.004547901475987954,0.0027216949054865245,0.0017456131876249592,0.0032675511631011954
2018-02-20,0.006476522400081666,0.005325710747581814,0.001710469403463586,0.005141680594775995,0.0005692145851606024
2018-02-21,0.0016770359661570258,0.0013896967353515329,-0.0022355191418363704,-0.0012339305339822853,-0.003786076203923017
2018-02-22,0.005839011828578924,0.004471069881592231,0.0030844161001288267,0.002751584638582696,0.0033378513143391855
2018-02-23,0.009495818341235366,0.007404334751623933,0.009090407074936673,0.004634346094162944,0.009785452254494368
2018-02-26,0.006465418750268792,0.00178080551316398,-0.0037337876028419514,-0.004472732381096402,-0.003460440308848443
2018-02-27,-0.00895862468763263,-0.007696912442357118,-0.007875499068809706,-0.005109313761136195,-0.008755233498732118
2018-02-28,-0.015047927118696652,-0.013636836152647715,-0.016691973763475657,-0.0132921511088879,-0.018202111382747424
2018-03-01,-0.0004906768797916209,0.0005560201729103986,5.126730178347573e-05,0.0016397889196260113,-6.861739156145067e-05
2018-03-02,0.0023079707594925772,0.003447371643858565,0.0031199508489625914,0.004911682252775195,0.002119640054449452
2018-03-05,-0.0011351222465831256,-0.0014727652888849336,0.003490671034366769,0.002199703587948197,0.004566431629428004
2018-03-06,-0.00891041413936882,-0.010243579022266181,-0.01506773754040824,-0.011278572719792214,-0.01609917674148733
2018-03-07,-0.0032238354705502003,-0.0013987618760149425,-0.0033814362142110792,0.0022158504539164315,-0.005500814574096735
2018-03-08,-0.004312461966498796,-0.0016546233256448308,-0.0010377861226111775,0.0010214989868671388,-0.0019083974561168826
2018-03-09,0.01787962951086876,0.016986575128187197,0.016904554273543107,0.011937623983387883,0.01894668268170989
2018-03-12,0.007315241099479672,0.0037136784707323053,-0.004629596497994353,-0.003173369888653089,-0.003817976437010803
2018-03-13,-0.007505063714712948,-0.005395776633481668,-0.004549835156141646,-0.004212935735654353,-0.0058983837454699775
2018-03-14,-0.009742519818196743,-0.008864524106724026,-0.01229694104709472,-0.008146650280865263,-0.013864883655834643
2018-03-15,-0.009690633982375314,-0.009254600277905652,-0.0040477170975691205,-0.005281934792617198,-0.004209354042172826
2018-03-16,0.00026373338056221254,-1.656557729636291e-05,-0.000814089602304534,-0.0013613535195447285,-0.0013104732477444653
2018-03-19,-0.008354811881754201,-0.00531869034936344,-0.00019231650632325437,-0.0013790212458026057,0.0007548048186240767
2018-03-20,0.0010918350615034033,-0.0014557376007625926,-0.00569242360509153,-0.006630905781154261,-0.005444352222117093
2018-03-21,0.0059502027056812425,0.003989120363518298,-0.00010365452517299039,0.0027234236817241498,-0.00026985514949119085
2018-03-22,-0.00043506001424436526,0.0011566112379996743,0.0023389273273488227,0.0026430516786237358,0.0023508582349021498
2018-03-23,-0.0055314566073702805,-0.005130894597556231,-0.0029300355766750095,-0.0028244940088483273,-0.002662367481535294
2018-03-26,0.00936931845798219,0.006486315716176019,0.0030519631285383505,0.0046003940267938595,0.0028126579445795774
2018-03-27,-0.012034968960248039,-0.008207747445531866,-0.0009198866081658319,-0.0005374141193536207,-0.0015721662795497066
2018-03-28,-0.00528040274268503,-0.004473508592025119,-0.007894038804253073,-0.004626007806617699,-0.00923753174009716
2018-03-29,0.014427785981164206,0.01130556139750298,0.004645111240915736,0.0061567300146104145,0.003632474435645985
2018-04-02,-0.013769547181990876,-0.012502957741618501,-0.008508050163924724,-0.007849313617542998,-0.009218048167277138
2018-04-03,-0.00010506267314957997,0.00354290293492721,0.011896354308728227,0.010618581580675465,0.01111150331552227
2018-04-04,-0.0024350151571238023,-0.000804874509370306,-0.00016282877382128988,0.002901029415763215,-0.0018426567477652122
2018-04-05,0.011143652865903297,0.008966346749571419,0.007945545737931556,0.007147255813388212,0.00772204600154915
2018-04-06,-0.007996030503084747,-0.008193581730172948,-0.008768524135902088,-0.014243237432335475,-0.0069624160725643815
2018-04-09,-0.016812714665693097,-0.011943069104355157,-0.009283910606511039,-0.00626874775718914,-0.010857108651139482
2018-04-10,0.01649032339201886,0.015463482533630208,0.016353082438189746,0.012850954453167831,0.018522989276557118
2018-04-11,0.0021273342598689946,7.705061401519107e-05,-0.0024943494446307596,-0.003215502973354275,-0.00246422936825596
2018-04-12,0.007182506156529133,0.005179363410634311,0.003709223218661429,0.0010023630353193187,0.003984187188014848
2018-04-13,-0.011003809235963884,-0.009390881554053055,-0.008275240045050909,-0.005240780272395622,-0.009212748006133526
2018-04-16,-0.016942852495107227,-0.013657278998021551,-0.008905867328718352,-0.00919757911547995,-0.009442664681439951
2018-04-17,0.010179691243635868,0.008643426667460253,0.00766078079077775,0.006857069700426807,0.007159627288068552
2018-04-18,0.01932096216421171,0.01587482687564739,0.013561949754987375,0.006341471518377941,0.016380691369490056
2018-04-19,-0.001061082701187058,-0.0017510110222423007,-0.001556461966724043,-0.002685805520365026,-0.0024121744607777783
2018-04-20,-0.0026774082617662927,-0.001234600031648801,0.0035335766488142914,-0.0008429680333989331,0.005032417764527353
2018-04-23,0.0006281885777136007,-5.9528393842670163e-05,0.0038925791917637804,-0.002261726500951681,0.007725339407758395
2018-04-24,-0.0028293598043329904,-0.0028551472027416504,-0.0012529181545160321,-0.004388485005217555,-0.000457049110018903
2018-04-25,-0.007559037020148259,-0.007701804382485912,-0.0032276120740151164,-0.0026710438763957465,-0.0036423499899657014
2018-04-26,0.01472656380231174,0.012608510678885063,0.007883225288268708,0.008170148805928737,0.008753556906083574
2018-04-27,0.0017545581701542143,0.0015497119246646283,0.0008920039376080155,0.002092358061141025,-0.0002305689199196667
2018-04-30,-0.004231716675956419,-0.0043734017897551335,-0.002927649357754642,-0.0036105742390135404,-0.0030316583013396373
2018-05-02,-0.0157799030077947,-0.014343122008628008,-0.012235837914179336,-0.01031190501275787,-0.013677984964933786
2018-05-03,-0.017743743897863075,-0.017709924438242427,-0.015435014226175919,-0.018869132324771984,-0.015167851240539917
2018-05-04,0.0024791142029377713,0.0006639705589951911,0.002119835269489714,-0.003717833054843364,0.004592728829230796
2018-05-07,-0.010619713543134894,-0.00854218466309723,-0.004742351809779577,-0.006901437386166909,-0.003926701599542875
2018-05-08,0.005290673236842297,0.003485992929210835,0.002181991161023849,0.0015198116069565855,0.0021577790765218473
2018-05-09,0.011545230218108611,0.008140902132497253,0.005573464202819027,0.00015049958965048817,0.006843447628992966
2018-05-10,0.013231456663928718,0.011652493415740992,0.007345994563548501,0.010851272076546216,0.005595680648112361
2018-05-11,-0.011140114823507265,-0.011302116516171471,-0.012698996560049941,-0.010435726641294274,-0.012800035632054497
2018-05-14,-0.009654087587948083,-0.010328158920695997,-0.012992430905087785,-0.010602048631446296,-0.01293207227225074
2018-05-15,-0.007621315762482185,-0.007607933439168707,-0.010711713900867656,-0.009806183485488102,-0.011626317148070735
2018-05-16,0.015961724629885106,0.015065185627714507,0.012009258135194358,0.013621103950539854,0.011246591949791246
2018-05-17,-0.02503432222375869,-0.022358494892786594,-0.015223551834207974,-0.015883761455996827,-0.014844162277799193
2018-05-18,-0.006950505463585176,-0.006225976006188966,-0.0061991720829227305,-0.006630906999992672,-0.00545822556516892
2018-05-21,-0.010496874922776692,-0.009979265590213776,-0.00680028940111544,-0.008282415176218565,-0.007369911790996046
2018-05-22,0.020600713123102313,0.019475023715324554,0.017441211180089223,0.01411310932611205,0.017849699258702174
2018-05-23,-0.020227246556017917,-0.01592187127913698,-0.00961642126131487,-0.007953238391701457,-0.01021840202549713
2018-05-24,-0.004146024511014318,0.0008065518650042648,0.00894002989445944,0.007067137537246271,0.009746338342908317
2018-05-25,-0.013770036150989432,-0.00883308669320465,0.00021496266637041042,0.0005210164678307772,-0.0012956880246336826
2018-05-28,-0.04829098755515572,-0.041112080676409354,-0.03214113548184477,-0.02785732023268981,-0.03288883683144441
2018-05-29,0.009615586048000072,0.00467309845712809,-0.002276080312601471,-0.004080040725109367,-0.0012101358166495156
2018-05-30,0.011384954175237483,0.012224769542180297,0.01644558154905612,0.01483489372403277,0.016570078271717522
2018-06-01,0.011885774287204486,0.013319409764490895,0.016745461532626557,0.015387808892920421,0.01626412822519383
2018-06-04,0.019521023869318824,0.014247682310764063,0.008766786431744205,0.007359736952083907,0.008671757339211564
2018-06-05,-0.023587958071396697,-0.017467173256250808,-0.0024085485055605005,-0.005992627772829707,-0.0016813612743381175
2018-06-06,-0.013894102770053256,-0.008933205215796831,-0.001548284200097623,-0.0014885981421049218,-0.002349207518847262
2018-06-07,-0.032456895834443264,-0.028510495098924577,-0.023925648033928534,-0.02069788662093124,-0.025048042573921625
2018-06-08,-0.0037770132492480363,-0.00198083773808251,0.0004294887257865346,0.002833488131434858,-0.0012775119373245533
2018-06-11,-0.008646429402310925,-0.008572541744901883,-0.00887433878070848,-0.007794191650672258,-0.008705882079854463
2018-06-12,0.005472606578125382,0.0039067884727970684,0.0027806390859797187,0.0009438154409917906,0.0037396293753114663
2018-06-13,-0.003855555932796498,-0.005225882424385897,-0.008348616321949357,-0.005637086433840321,-0.009357455267511475
2018-06-14,-0.009214684902823442,-0.007149892638010701,-0.002259922948655689,-0.0017374145642883544,-0.0021285982094405263
2018-06-15,-0.0143365203410908,-0.012143295926603525,-0.011503959492539158,-0.005830397560637145,-0.014606980398634267
2018-06-18,-0.007925872597592441,-0.007520424892780487,-0.00701890402372377,-0.010352959387873464,-0.003708585582588959
2018-06-19,0.019103043079008706,0.0130546582317096,-0.0008006310622309548,0.0016902560142248477,-0.0015893663384334705
2018-06-20,0.010320020613511418,0.007679045897279509,0.008682502969634392,0.003229068072087811,0.010184262752435448
2018-06-21,-0.02837596642302323,-0.024116522481819735,-0.014992104378530501,-0.01786172052160142,-0.014670256022674874
2018-06-22,0.007272537453105198,0.006568960452747453,0.005807269101175167,0.005244477117775027,0.006977533294165085
2018-06-25,0.005168513635640964,0.0054266462299838785,0.00280208643231325,0.006761360250608337,0.0019946340731830433
2018-06-26,0.0068621676942955,0.0074613539195465175,0.00770555554741005,0.0030467286255187603,0.007438701438554953
2018-06-27,-0.015256537590845467,-0.014537422819656705,-0.011244908484328922,-0.011141582324018885,-0.010968648219798368
2018-06-28,0.011374715870549591,0.007511543048782995,0.0018871723658089824,8.794096157200789e-05,0.004122288297543404
2018-06-29,0.011041305906396421,0.008993208012326896,0.0053724679288481274,0.0015644327488785366,0.005745356406932028
2018-07-02,0.0014298378047215977,0.00027260327537392847,0.0011804077922836238,0.0003727432223859465,0.0023131927343045967
2018-07-03,0.014606205625781746,0.012958416742434687,0.012699532421183553,0.007040670442857331,0.013519146843831823
2018-07-04,0.019975866165820602,0.01553175856252811,0.013919797937698418,0.01012435152895077,0.017127027773540505
2018-07-05,-0.00852109071800939,-0.006677645901292403,-0.01099099761495946,-0.0033877122989264897,-0.014099756296044997
2018-07-06,0.004841238656676423,0.003436133183416582,0.0017857866837167908,-0.004645072407982413,0.002749247378441258
2018-07-10,-0.0011294374075594908,0.0004097247204331452,0.0006912890239196331,0.0032878017509155207,0.0004515224238145967
2018-07-11,-0.009012312605416559,-0.00800416594324942,-0.00856946040362654,-0.006627830231408236,-0.010043480561662469
2018-07-12,0.019538449341981155,0.014662631117180566,0.007817894651187755,0.004021347030725119,0.009489857022292325
2018-07-13,0.007699458724026689,0.007411936835583912,0.006995672342077796,0.009293488725686581,0.005311623418960132
2018-07-16,0.002618301139877224,0.004165514538297783,0.006471171409516651,0.013432674402951787,0.003787702089228964
2018-07-17,0.01888284930127698,0.01725048983002526,0.016401073947835437,0.012907936636029464,0.01637391036725774
2018-07-18,-0.005667821333454526,-0.005992169238714405,-0.005188206516948971,-0.008581889236305875,-0.004361091036859428
2018-07-19,0.002567106336056697,0.002443422854439929,0.0044649751596816546,0.004834080346785731,0.003962662254211937
2018-07-20,0.016729780610507197,0.012723839414706872,0.007665483835182547,0.005804791583358235,0.007053505906170788
2018-07-23,-0.009533930840710888,-0.00943658287165882,-0.007316020351515911,-0.008494696417155844,-0.007176439332970839
2018-07-24,0.014493203857119854,0.011758297664738255,0.003601936976166009,0.005603145242963353,0.0035639104297586033
2018-07-25,0.0093004879262594,0.008721107295658214,0.006935276353618236,0.011563069460523778,0.004644897367276121
2018-07-26,-0.013216831301518088,-0.010322518971939084,-0.00869253753839595,-0.0025500379146815542,-0.005857786207689683
2018-07-27,0.0030713339259566385,0.001589742423792772,0.00018791730067522008,0.0004903088260114611,0.0015288593233400735
2018-07-30,0.0025748918097445008,0.001264070816044893,0.00016428615809650163,-0.0072837645915193394,0.0025197018840208557
2018-07-31,-0.0082780966360705,-0.006706750681608142,0.002909749791245337,-0.00033420219028003275,0.003403639007930422
2018-08-01,0.003091808277797085,0.0019793237036632915,-0.0015479476265080178,8.915194374214171e-05,-0.0010356000238971985
2018-08-02,0.00231637837632845,0.002445326260757174,0.0034522735190563305,0.003574588142258084,0.0010908490216055486
2018-08-03,0.01797329452870104,0.014500213255530464,0.008009219861129204,0.0056813658633177895,0.010060631012413461
2018-08-06,-0.002967217678922352,-0.0011443762646575443,0.005938106620464388,0.0010953751835336575,0.007288604877900036
2018-08-07,-0.008951400991384277,-0.008529003618749538,-0.007097061522761017,-0.0069781641145613,-0.00922771771747416
2018-08-08,-0.010086439017102738,-0.008534678965749987,-0.006151850392450625,-0.002925135507188746,-0.007440250592846994
2018-08-09,-0.007729991953062688,-0.007506037867674597,-0.008892848150409277,-0.0032375653950444437,-0.010883117267684267
2018-08-10,-0.03077187948427049,-0.026728278217218973,-0.01861740569598883,-0.01871686468992702,-0.019754009049087164
2018-08-13,0.011109736994900489,0.010965159802483842,0.011812273899678285,0.009979563079738107,0.011831103938562827
2018-08-14,0.01441133291697673,0.014066347369508743,0.008860141903946194,0.011332133082046888,0.009401123228839061
2018-08-15,-0.013195010301050733,-0.010032694701207427,-0.006630077269875649,-0.0004908869872873528,-0.009243515369277078
2018-08-16,0.0032536706068453094,0.001999426962652305,0.0025097069149779463,-0.0012795112930254044,0.003240134168820704
2018-08-17,-0.009353546236794342,-0.00785169542202228,-0.0040797805952685244,-0.0058070335496499,-0.0032862371825910707
2018-08-20,0.007026207957467776,0.006097264296376287,0.008623913418191326,0.001976757521900206,0.011575988935675886
2018-08-21,-0.021023359827058795,-0.015740388857309155,-0.004835814069641061,-0.007358604457545567,-0.0049254407068587604
2018-08-22,0.01872107733241691,0.015215204447826505,0.009485427466741112,0.003329809390943304,0.011141828766545687
2018-08-23,-0.018562423008006423,-0.015069175790203108,-0.010074527305213197,-0.01203891799088715,-0.009009458964225225
2018-08-24,0.00458579489111365,0.004874209818671341,0.0049359207349878274,0.007040245378214082,0.0043602858299622155
2018-08-27,0.020514997589442936,0.017784083542830707,0.010879435123011195,0.013996440056502347,0.009236969549245128
2018-08-28,-0.006630134060907523,-0.005294668911785481,-0.0017783474544423564,-0.000653536425050689,-0.0013912150842431779
2018-08-29,0.013407636496327795,0.010629034844163358,0.010061530420877466,0.008040115163496387,0.011081794599584254
2018-08-30,-0.02149819321108764,-0.01755789496899279,-0.008958069570561038,-0.01179899516391863,-0.007581130226028359
2018-08-31,0.005115439874268813,0.0031240839210164503,-0.001695683445674858,0.00024198608710604723,-0.002017454267752734
2018-09-03,-0.005391878082063468,-0.002294767427111196,0.003474816929257885,0.002216462214901541,0.002054222970121544
2018-09-04,-0.013642098783795397,-0.009770944953140653,0.0006333876898440408,-0.00029364474614467515,0.00019912622131614053
2018-09-05,0.004157070454401295,0.004457670946997182,0.007152262520053493,0.007026884497124159,0.006988162267095224
2018-09-06,0.015049339507917883,0.013080937734571871,0.011332501625144549,0.010474130152242404,0.011348661266056208
2018-09-10,-0.001830801009159162,-0.001513949732626631,-0.001914107086086539,0.0004407392765579921,-0.00247908931745185
2018-09-11,-0.02137590122319489,-0.017285906705520986,-0.008902926653692068,-0.010414524631371562,-0.007315085112772226
2018-09-12,0.0010181543252094439,-0.0015034294645606247,-0.008307858858933299,-0.0029980236209669444,-0.00955327124485712
2018-09-13,-0.009896713496811618,-0.00861301347441758,-0.004411442205784049,-0.005436160588095398,-0.005138028729619826
2018-09-14,0.0031116005167352457,0.0019499921400427857,-0.0009655999197145312,-0.004193014448191696,-0.0013810234666076704
2018-09-17,0.015660407194657375,0.011052601475289445,0.0008418219922764533,0.007003715062798308,-0.0018225934916459787
2018-09-18,0.015044072227479966,0.009813066564509898,0.0014001728041272675,0.0015284332774275098,0.003136894450951039
2018-09-19,-0.0057666578370759065,-0.0048824126307452,-0.0014173478213815565,-0.0032380781414942895,-0.0009818394670953019
2018-09-20,-0.0021088641785077496,-0.0017518718391155799,-0.005258270680233622,-0.0025042948041976007,-0.006943691901707422
2018-09-21,0.01606442311422215,0.012411692803269984,0.006591617680072289,0.004958689470505412,0.007248656567286465
2018-09-24,-0.015622462072392176,-0.013244885985704035,-0.004832056122367322,-0.009764757730205378,-0.0025073901793822703
2018-09-25,0.0033461604370633035,0.0023992320779922874,0.0022941950481890493,-0.003039824835938394,0.003033634295358633
2018-09-26,0.00394928121901836,0.004891066124090302,0.005759195462574234,0.006424675336688024,0.005692563863022323
2018-09-27,0.01243532573019808,0.009359797222245614,0.006719715939906281,0.0017644914070540814,0.007795873899855616
2018-09-28,-0.007535238079373025,-0.006306727044311053,-0.00216422543734128,-0.0014145683120566376,-0.0013108757603569987
2018-10-01,-0.014469970160720337,-0.013339996561846687,-0.014719063359546234,-0.009697834363107265,-0.015555066115825751
2018-10-02,0.03577467371133551,0.027739563155772112,0.012221047776847977,0.011606962332061682,0.012020854826462141
2018-10-03,0.020797121026309737,0.013733150542938466,0.0006405205406612895,-0.0025982021488833644,0.0008059346817230577
2018-10-04,-0.00012106999812550934,-0.002436712803647542,-0.006504266067708602,-0.00905491765268817,-0.005057829871909144
2018-10-05,-0.00391772570183574,-0.005820495979705558,-0.010247062279788065,-0.008933805287072015,-0.011850102240880634
2018-10-08,0.040508381612336386,0.0287324986151396,0.008791516878146815,0.0077038405991699315,0.010726017768969642
2018-10-09,0.003859157415510819,0.0012138016668453832,0.002280248569338817,-0.007973082563586632,0.006723124962891022
2018-10-10,-0.029739976721038702,-0.023673335573061532,-0.014437657129777473,-0.012077233916689432,-0.016192280627404583
2018-10-11,-0.007352396712213661,-0.006856553427767997,-0.00458167775594985,-0.004375019726114846,-0.005237591644008029
2018-10-15,0.003640945477064466,0.0013989047280514304,-0.0024990194067352704,0.0014247003713654216,-0.0033039886563921077
2018-10-16,0.02590446423177239,0.021604179361585887,0.015226657074411247,0.017645778172388212,0.01602075836217045
2018-10-17,0.0023261704645351584,0.0050120258215509035,0.008381282347169023,0.015185192329702422,0.005094202673012872
2018-10-18,-0.012469839821942417,-0.00865134509916062,-0.002791215413872605,-0.003588634324212839,-0.0024480311305667963
2018-10-19,0.009777045576995914,0.009798826605039663,0.0132091215531834,0.0134752473719773,0.014441836886020725
2018-10-22,0.013269052449461333,0.009958654874502502,0.0032203072925877114,0.006815140607911979,0.0007282156627641577
2018-10-23,-0.002435107509789514,-0.0006694391704749364,0.002479458157395289,0.004954151008565513,0.00038723726812555986
2018-10-24,-0.021421011787118478,-0.01911610922431252,-0.013721913439855953,-0.01613950014836814,-0.011870086980987328
2018-10-25,0.012647794375139215,0.00888493704775011,0.005468423734304074,-0.001118822991266124,0.006429219057000993
2018-10-26,0.013122310992624096,0.00790968657509689,0.0009357571735355555,-2.842420073031343e-06,0.0022583085134422944
2018-10-29,-0.019273395100551108,-0.017704376232914775,-0.017883569221722864,-0.010443655446087125,-0.019315505572542878
2018-10-30,0.030695862285728414,0.027675748268414166,0.022700136827877047,0.022084707399163753,0.023496325586103862
2018-10-31,0.005321114334783805,0.008037034880794871,0.016926037949733942,0.012665139598432169,0.019202208542776857
2018-11-01,0.011997018179069667,0.011552517849603035,0.010645056162491484,0.007398903876500386,0.011900632378631195
2018-11-05,0.01483790493829655,0.013648452427942914,0.008313123662548596,0.007881396323827582,0.008378177362246745
2018-11-06,-0.008789360985747202,-0.006276067130453028,-0.004132879690741355,0.00013992631427415733,-0.004352292047925186
2018-11-07,-0.010576083133334352,-0.010285358428037874,-0.010658154540307593,-0.012387208144653524,-0.009294966002734092
2018-11-08,-0.018787916208960573,-0.015035319670247741,-0.005577179855122133,-0.007473381875686651,-0.007946784761892109
2018-11-09,0.0018460124565195584,-0.0007002614616958705,-0.008301758346565977,-0.001692562747513211,-0.010390314788940194
2018-11-12,-0.0033596692878312584,-0.0028727762614860443,0.0014472709903391601,0.001255474558753036,0.0014330515707076522
2018-11-13,-0.005906175924764289,-0.0031072414783672444,0.0013832454394820245,0.0012716876889083204,-0.002363472066743506
2018-11-14,0.007562862217819727,0.006768398606163321,0.0008775681289366414,0.006127558519147743,-0.0012969489725725542
2018-11-16,0.027290184767996953,0.022173855211878597,0.014984619493916978,0.014273518280584142,0.016812318617708374
2018-11-19,-0.010494901211496047,-0.010841659777752751,-0.014468108450645521,-0.010431187097917969,-0.01601915063680585
2018-11-21,-0.0037743590979743957,-0.0029200827331459646,0.0004669323852441081,-0.005376876791785679,0.0016751987074838997
2018-11-22,0.0033045814844208255,0.004071200244927615,0.007083419027531382,0.007343140463880911,0.007423428586110679
2018-11-23,-0.012455661381892535,-0.012438076028643854,-0.014520873011813134,-0.012617955366561705,-0.01784885358952437
2018-11-26,-0.0055835285750151465,-0.002387874896818693,0.0014907545648250404,0.0032719010039330416,0.0005470861680799024
2018-11-27,0.02152215421156128,0.016517471288968938,0.006745764929698674,0.01259247225464185,0.006556635094455782
2018-11-28,0.011430828221883873,0.010715204632245763,0.008746996403510472,0.007990763257998877,0.008400621357069048
2018-11-29,0.004264895689990911,0.005566082021522757,0.008346757985728391,0.003426830642326525,0.010325994801217844
2018-11-30,-0.005282686792567555,-0.004636387445605774,-0.004806355415694934,-0.007262351682107348,-0.003672240928112412
2018-12-03,0.005082457234614157,0.004428108715528162,0.005199897462567932,0.003231349930792221,0.006384633663695105
2018-12-04,-0.010794750114033712,-0.010314321960264841,-0.007374966749000588,-0.0022400879894461665,-0.010112330411531967
2018-12-05,0.0052949953117644045,0.004168640646243966,0.0028771729114178283,0.0019017136212474699,0.0038889087680684187
2018-12-06,-0.0008559633753169199,-0.0006050922421652568,-0.0023433598340315406,0.0011071032583031743,-0.005483319910867052
2018-12-07,-0.006302213253825833,-0.0067602732600230715,-0.004266009601972828,-0.004873799330067964,-0.004844337644512904
2018-12-10,-0.01802577892350326,-0.015437933814427148,-0.01148949478985829,-0.00857282577704407,-0.013067583816213382
2018-12-11,0.007411367196652667,0.004674239157006325,0.0011492680340860002,0.005277704098376473,-0.001024521415584108
2018-12-12,0.0036214876951484957,0.0013455449974429257,0.008312881895718842,-0.011366185800460699,0.009803009342732875
2018-12-13,0.0049777473019818105,0.00442197839663119,0.0012222807500033026,0.005170159910976768,0.0018152152273730438
2018-12-14,-0.00328197129726062,-0.0024598194324089353,-0.002504424598953624,0.0007190143409339432,-0.0031611454656518293
2018-12-17,-0.010600621414585652,-0.011147412913041365,-0.00919598082388151,-0.008117478705560765,-0.008766356270492484
2018-12-18,0.004344167504594951,0.005574902279033417,0.004264899308420195,0.007240603800628801,0.0019195762848173937
2018-12-19,-0.007071380719821345,-0.006702744600130269,-0.00558012084103203,-0.008279937814464795,-0.005727771020003535
2018-12-20,-0.004338463551537563,-0.004000048449718052,-0.00545639213960701,-0.005597750028590241,-0.006404115274029667
2018-12-21,0.0006031372937034599,0.0033059570917763573,0.007898833084904657,0.0024798761622302525,0.010317400932825311
2018-12-26,-0.0054131555839301935,-0.004748466542165394,-0.0031894635080162367,-0.005149508439249348,-0.0017678334963489584
2018-12-27,0.001489863779334207,-0.0023525952409694587,-0.007255234991594906,-0.0015777927828642836,-0.011103347588979198
2018-12-28,0.022826258620804576,0.021308469446900777,0.01786761435843807,0.01746201911389694,0.01804980805643304
2019-01-02,0.033171900026372006,0.027510080117011875,0.022383143438914767,0.022673903297288214,0.023253602950321417
2019-01-03,0.005801877342177755,0.0021156481373014297,-0.00290197046287276,0.0007524027654251085,-0.004972579904849292
2019-01-04,0.003101891034773911,0.003972415991482044,0.0002825184807402263,0.003559762239682273,0.0012120510652582094
2019-01-07,-0.005227632627409684,-0.006251217629494178,-0.0064841920112466865,-0.003043439489405962,-0.008497380877398028
2019-01-08,0.0009382913050358404,0.00046134517488364445,0.0009413519926036694,-0.0028180585391654077,0.002063923224921264
2019-01-09,0.013647084534863765,0.014255028549853518,0.01212109874394569,0.011785824340593401,0.013555776684969155
2019-01-10,0.004609231406489908,0.004194578001593848,0.0026412357705829265,0.001767528588208377,0.0032737374046455424
2019-01-11,0.001731183453057441,0.003773135151618553,0.01009404558467121,0.005536483297947332,0.010145520906542187
2019-01-14,0.0094497799416286,0.01075296456148504,0.009485767262994719,0.010924025103626823,0.009608753096891269
2019-01-15,-0.0017851099400013311,0.004787149121968757,0.01253926201859501,0.00969957867649938,0.016274487520941662
2019-01-16,0.003791202927163589,0.006421258779336638,0.01118969591176015,0.01246633712258833,0.011042746079763542
2019-01-17,0.011040601116489107,0.007707464973256321,0.0018862932332478076,0.00505578422706064,-0.0008591096631091568
2019-01-18,0.009056755008435328,0.009399023967595226,0.008778157649140653,0.009890162455223474,0.008941734146255017
2019-01-21,0.002316479725689046,0.004209723517815007,0.00906479450402341,0.005407174601741834,0.012844940916821555
2019-01-22,-0.009313278870892592,-0.008838155507725563,-0.01115670282305464,-0.005934717069654273,-0.014419722650697471
2019-01-23,0.01491886838020929,0.0123050131629313,0.007382840312759719,0.0017141393960490808,0.008609006209371453
2019-01-24,0.01203828112693102,0.013325945402779016,0.012189484701560963,0.012526280014762428,0.012644735321656459
2019-01-28,-0.00762558145089177,-0.003955144672300684,0.009456500234952632,0.011749932742986111,0.00728947554132786
2019-01-29,0.002296581366147231,-0.0017807212741188252,-0.008250333605358335,-0.0065167594889013695,-0.007472768746236598
2019-01-30,0.013024132744208619,0.011830833998874595,0.012776150377900187,0.011608196816668182,0.015155672977033498
2019-01-31,-0.0028347196722279086,-0.004831722723770504,-0.009146944128190724,-0.007327292487243401,-0.010654741311142659
2019-02-01,0.003293903963827522,0.004343384426274832,0.003813597649067157,0.0027529606013564703,0.0034617612519600104
2019-02-04,0.005521828263637318,0.006464042411378868,0.007553388320779119,0.007083039879660144,0.006944279531824838
2019-02-05,0.0005483117338123181,0.0021912475700578086,0.002693188873856827,0.005654793158699217,0.00248345784402896
2019-02-06,-0.03325167755498805,-0.028961062793006174,-0.019364605906482993,-0.022536527918152444,-0.016698012709250996
2019-02-07,-0.004647099998324261,-0.0036757714139222615,-0.004991625259172112,0.0011322108983789177,-0.006773061067045489
2019-02-08,0.010098801265648449,0.00775999768118755,0.008458253753958912,-0.000896182782334564,0.008991180967191759
2019-02-11,-0.009652648957798729,-0.009171328836143276,-0.0069618062578617,-0.006340956557505364,-0.006880398832283482
2019-02-12,0.006717385940037606,0.004662674302275127,0.005982894451341781,0.004179604250600428,0.0038909859075794786
2019-02-13,0.0014367009636231567,0.001712200048199091,0.004831063016605668,0.0058880706954084,0.008411514157090622
2019-02-14,0.01702943039590765,0.013945099048616906,0.013121977709222844,0.011634555307971382,0.01388005211643018
2019-02-15,-0.003736760760197063,-0.0018394289530334145,0.0002611662167015278,0.0005746060698269516,0.0007653684006093842
2019-02-18,-0.0034311984867541117,-0.002231786553516659,3.4516595823864916e-05,-0.0026144861009673647,0.0005441993516187961
2019-02-19,0.007882238885492863,0.009305453242569612,0.01329746392878763,0.011955296907152633,0.013732777150767393
2019-02-20,-0.010485236001296562,-0.0102849279076767,-0.013382308589221372,-0.010327515571202168,-0.012370190416700535
2019-02-21,2.3853152817409446e-05,-0.0011647387734337014,0.0005862280057230941,-0.0003992055766923073,0.0008955337746158472
2019-02-22,0.007473529639419641,0.0044284881516811776,-0.0014523497447120103,-0.0015331540773676766,-0.00013695672211575395
2019-02-25,-0.001765993962037757,-0.0005802783362590084,0.0004188529750173012,0.003259803223504602,0.00048252954863414635
2019-02-26,0.0001708329477308583,0.0014881467045175624,0.0003033694273028619,0.0011514945381339951,0.0016567673433216298
2019-02-27,0.002756725791358633,-0.00017721083720399376,0.00040292075451344236,-0.007044574170060744,0.001267421847313318
2019-02-28,-0.014586321805166917,-0.013519138264151676,-0.012102288854570837,-0.01385221138220291,-0.011956638133770469
2019-03-01,-0.003171614274194633,-0.0010580767734613965,0.006970758903832164,-0.0017963463724512574,0.012642014266908959
2019-03-06,-0.006281256246356319,-0.0077668412852140096,-0.009176588592188572,-0.009954727556354955,-0.00888854479875388
2019-03-07,-0.005369909109799965,-0.0042112421286757285,-0.002948781800383036,-0.005067120220909161,0.0008773379283780304
2019-03-08,0.011091574278801752,0.010266073452517096,0.007708038559975861,0.01176230293081955,0.003862792470647387
2019-03-11,0.01910195622404195,0.014515912756331864,0.008821687357285876,0.006393877974437806,0.009993410995162629
2019-03-12,-0.0003586650713415535,-0.0006096281594928292,-0.0027696404603366,0.0003383788080737369,-0.005766910497522078
2019-03-13,0.011292822139452399,0.010117965821871286,0.008002673489651606,0.005010498650105465,0.008542797357540844
2019-03-14,-0.0009168288637282703,-0.001418371480250644,0.0015909595792236856,-0.0036085381954524703,0.003676741075317523
2019-03-15,0.009035714659459806,0.008558894704419489,0.00916792049978794,0.0019472535468523663,0.014374598908376305
2019-03-18,0.011249893585548582,0.010445673866189773,0.011786867592000299,0.008240138166731392,0.012962274025805498
2019-03-19,-0.0034311056753352533,-0.004910795869937664,-0.005296156778413472,-0.0011225666655508264,-0.00879289250496549
2019-03-20,-0.010774459616329883,-0.011325374478966695,-0.00887612515243361,-0.012664764727145906,-0.007068118488944306
2019-03-21,-0.011632881440384069,-0.008121861212254984,-0.0031032343722742287,-0.003260001773329902,-0.0014650642841455334
2019-03-22,-0.026385865134375318,-0.02067222836497401,-0.014569084346625696,-0.009456615998991908,-0.015896525536653175
2019-03-25,-0.0008133780907800966,-0.0012258446230781939,-0.0008040618675394926,-0.0013999187346191847,-0.0011244147350794702
2019-03-26,0.015327918531297764,0.012839598244353916,0.007955137382444083,0.009024360784458361,0.00827705483731852
2019-03-27,-0.034531336832995,-0.02838384494977921,-0.021275513493879256,-0.0200483647075474,-0.020260558923777965
2019-03-28,0.022976228133268127,0.017975498059309005,0.00924702718687815,0.009794655867753136,0.007280012255222859
2019-03-29,0.012569994790105073,0.010484691825625836,0.010269662995687465,0.0073294884242133375,0.009300481039965648
2019-04-01,0.0006625551403516084,0.003389620082464553,0.007231753207034377,0.004120030266990258,0.009580177235288605
2019-04-02,-0.0063017972771692386,-0.003772374085843522,-0.0021928939327450422,7.307840942235746e-05,-0.002581892696509042
2019-04-03,-0.00429454645430786,-0.004481324435936714,-0.0016762511462993235,-0.003993063130252387,-0.0032439764981542305
2019-04-04,0.012692711370856502,0.007692665085877952,-4.328754539776637e-05,-0.0024072336120891467,-0.00030120266706210735
2019-04-05,0.00910915558292217,0.010501368967271498,0.014054951162875872,0.017624025673474722,0.011889264769189322
2019-04-08,0.0001487464676999788,0.0017509759901190554,0.0016987661684553983,0.0021958149695096383,0.0018423504090149111
2019-04-09,-0.014029717193242773,-0.013429237372102335,-0.013351053767460978,-0.008663872512011122,-0.015637538472177054
2019-04-10,0.0006947434626537641,-0.0028107422789392603,-0.006208031599244067,-0.006347145333719695,-0.00463024344092712
2019-04-11,-0.010729940532654051,-0.008184027336055574,-0.004225286979682149,-0.005928190253822982,-0.005641631066112651
2019-04-12,-0.012769251706040895,-0.009944994731142534,-0.004053109669225281,-0.0033591970985625483,-0.004788438620979615
2019-04-15,0.0029164847984064807,0.0017243843568659311,-0.000738684672570625,4.5355219154323556e-05,-0.0015273062349077154
2019-04-16,0.009323758531271768,0.007191979359167214,0.0031101014825473585,0.0004548750668867457,0.0028048225715332368
2019-04-17,-0.00732044426005532,-0.005566791518550497,-0.001375132226253198,-0.0007133756258139571,-0.0011123206663761454
2019-04-18,0.010008549454542558,0.005771342493569968,-0.002890850298963174,-0.00011558457119631481,-0.0028914638865868473
2019-04-22,0.005516850445466186,0.005945751190257724,0.01083880678915882,0.007459580443243721,0.013148270769411774
2019-04-23,0.014710396359538067,0.013676887005733093,0.014936029498040173,0.011743419319271193,0.015130411119623616
2019-04-24,-0.008910465509137235,-0.00600374060103546,-0.0046844513936689335,-0.003324651801397952,-0.004843022573370035
2019-04-25,0.014144455915521832,0.014005329678041661,0.009277561701013255,0.010276640823880091,0.008971087388717755
2019-04-26,-0.0032036644404339508,-0.0044028736272209434,-0.005009826867285292,-0.004016536902004684,-0.00615110469925535
2019-04-29,0.002705801096962078,0.002500710767249153,0.004071827855277822,0.003074781613572429,0.0023221945502577067
2019-04-30,0.0027243638298932987,0.0006422580301486181,-0.0029578562811427653,0.0011520986806988639,-0.003950909360925529
2019-05-02,-0.00850657643555635,-0.004462443030108244,0.002816137456936979,0.00445833020783468,0.0005514282676806514
2019-05-03,0.002885025888651337,0.0014503421951308575,-0.0024567483298890643,-0.0021942799498896838,-0.0023435535492947242
2019-05-06,-0.005210596787557412,-0.00456330158398188,-0.003680915359428657,-0.003232278461092918,-0.004278591768655003
2019-05-07,-0.005420337472352831,-0.004364747107461399,0.0038157602921815733,0.003375194803018707,0.0020745365795986435
2019-05-08,0.011100628011025194,0.009354230045476575,0.011172087041350781,0.009924430142234885,0.01156552911230152
2019-05-09,-0.005074675772113096,-0.005728925256990532,-0.0006475507225702473,-0.0011060848785380659,0.0009425343018996824
2019-05-10,-0.006095949967358433,-0.0019540841012943193,-0.005802720880265153,0.0007332792428191761,-0.009489246829629082
2019-05-13,-0.027271708831929836,-0.02568589579661726,-0.026735504245717575,-0.02223157754584883,-0.03005245569622541
2019-05-14,0.0075488908907960055,0.005978187624196359,0.0011171968293024579,-0.0016969495240085908,0.002164725800231515
2019-05-15,-0.008215634108496937,-0.008205483890964822,-0.011131887881682748,-0.011114255034141134,-0.01089845582313511
2019-05-16,-0.013850389793327752,-0.011621497953245302,-0.008541455739971168,-0.007391521444838262,-0.005812508395771845
2019-05-17,-0.0036226631304205306,-0.0030789018907910275,0.00690990851806073,0.003036263255455236,0.008587562533500652
2019-05-20,0.023495024742384067,0.02278041530884048,0.01833885152189242,0.016826973594583326,0.016837858357707805
2019-05-21,0.023629320888205442,0.022116662836508254,0.01716533515103895,0.020783547351885676,0.01460341046016382
2019-05-22,-0.0015634283822170466,-0.0013234727811074825,-0.0009162983888156909,0.0011517034124681488,-0.0015376522165536641
2019-05-23,-0.005847368994621091,-0.0048805124181926065,-0.002909218870954067,-0.002447364126690967,-0.005333323461616522
2019-05-24,-0.005633778281455979,-0.006978030485946682,-0.01692095726689697,-0.015498692651292069,-0.018487092114710047
2019-05-27,0.010521680511841436,0.008897928531306385,0.006568006185051329,0.004264738085316782,0.008514768949146736
2019-05-28,0.012950190115517504,0.013131110623389501,0.014448603557777703,0.010654537757434317,0.015139810701075656
2019-05-29,0.004017592630276512,0.004316799619653926,-0.00024198264748691214,-0.0014725065552594003,-0.0018424752754515883
2019-05-30,0.007464606567544336,0.006131861068512243,-6.680346819640508e-05,0.002303846228994913,-0.0008273900616309095
2019-05-31,0.0027260666849598103,0.0046941102990914405,0.0018063564942726327,0.006189205619146925,-0.0010946956881180232
2019-06-03,-0.00284930771417023,-0.0040695853900513555,-0.0029469083925619767,-0.004761703997989204,-0.003102954044422514
2019-06-04,0.0030390071008396667,-0.0002910410536363147,-0.010896323954579585,-0.0036532004838513554,-0.012123872268311985
2019-06-05,-0.01044074618112313,-0.008640145734746169,-0.005619482181466242,-0.006344929897259501,-0.0061850116958261335
2019-06-06,0.007363907848463684,0.003102238916436674,-0.006010629110467581,-0.006945642457918027,-0.005703916959266886
2019-06-07,0.0051974135725572895,0.004063313567566804,0.0032513339026599953,0.00190112405855895,0.0024959032899844963
2019-06-10,-6.6714530178375e-05,0.0008102559242467904,0.003235761580316775,-0.0006580129963318247,0.00393186327771916
2019-06-11,0.009625716679311088,0.00614384728176624,-0.002665860142337806,-0.0008543286284600333,-0.002909345218144917
2019-06-12,-0.007491035435406161,-0.006532331209410218,-0.009032232251111256,-0.004456624385502201,-0.010785978704237312
2019-06-13,0.011439755340591032,0.014479598375752849,0.02153721818015141,0.01964655580403846,0.02255268247427376
2019-06-14,-0.007124924426522062,-0.006554072645227063,-0.007024309232429684,-0.008501464143686722,-0.006044827446794647
2019-06-17,-0.0022407857925475635,-0.00018353561874478704,0.0029563728635757926,0.0033154764616774926,0.0029597072130201105
2019-06-18,0.011612608354296321,0.010714014289432779,0.00904003720327099,0.00778561485114303,0.008799634400119822
2019-06-19,0.007363019289616837,0.006108841660961062,0.0032090551227333224,0.004219690100675475,0.0019809713199172097
2019-06-21,0.008126055796664604,0.007347825413667351,0.00483134438287622,0.005550197617099936,0.005897233093329042
2019-06-24,0.0020008688864717053,0.00327388609842474,0.004852154722644147,0.005602013186658275,0.004064927111426528
2019-06-25,-0.019703704552898202,-0.019111067862160082,-0.019817177550751113,-0.02038318681964806,-0.019265112098475996
2019-06-26,0.004843105292487195,0.0037109101393263603,0.0013798891079298068,0.00433470982680586,0.000378219343367154
2019-06-27,0.002998161942886967,0.003989751829315435,0.0040445125073871255,0.006730049666854754,0.0028628047837298415
2019-06-28,0.007197234549624008,0.004935378230315269,0.005213882369483473,0.004766471557086942,0.004709131946440431
2019-07-01,0.00344362071301588,0.0021158620675336163,0.002756553348617991,-0.0005469992001087818,0.002373930787704608
2019-07-02,-0.0045907979749928805,-0.004806964102615647,-0.008126061990235906,-0.007568716750943897,-0.00812431767885683
2019-07-03,0.012930956746533715,0.011768405572872927,0.008452293611410788,0.010721909888977725,0.008901994826977622
2019-07-04,0.015311086978787254,0.014989721375472154,0.015570922188771865,0.01362558486938895,0.015016270957362547
2019-07-05,0.007947377409098242,0.009353332938551773,0.013687551459590988,0.009079992200268464,0.014210297625067233
2019-07-08,0.005814674846420018,0.0056060266249572475,0.010408084091676368,0.004686704879440316,0.01341348639341241
2019-07-10,0.014661281816756565,0.013212508669067282,0.011062860667335467,0.01441956192584548,0.008911175178279752
2019-07-11,-0.005106600397404022,-0.006821924784255899,-0.009115217807641842,-0.008057388822307004,-0.009100810786290032
2019-07-12,-0.009255813476988105,-0.008245842588057283,-0.004850739329763322,-0.009227599755628525,-0.0024338770876581803
2019-07-15,-0.0026766667168729944,-0.001190194208852698,-0.0009016086631214711,-0.002515321887277038,0.0011499587510587377
2019-07-16,-0.001862762640701924,-0.0021425510731873276,-0.004001935208227714,-0.0018919619768173333,-0.0051211694370971814
2019-07-17,0.004533564144743117,0.004942128558124814,0.007113266423358269,0.0028088682346213054,0.008438710075550998
2019-07-18,0.004716639481241551,0.0029844545441939756,8.01050947819784e-05,-0.0006318398946886135,-0.00032318145560466784
2019-07-19,-0.01215547319417827,-0.011773220792517712,-0.010009933216519367,-0.008849787142185544,-0.010879041653089987
2019-07-22,-0.0009557247262474215,-0.0004956882963322832,0.002888648256605316,0.0026326171071695795,0.002345163984265883
2019-07-23,-0.001650696562256946,-0.0016805840323713872,-0.004491091410979324,0.001168718869421341,-0.005682605577158287
2019-07-24,0.0024190162568578453,0.0020169898961163897,0.006146002873425104,-5.381593851240302e-05,0.006279810622107622
2019-07-25,-0.00903587643329808,-0.006513745091058997,-0.004521989333797947,-0.001587218036219278,-0.004750415985812095
2019-07-26,0.004534750398596722,0.00393110992222603,0.003811614713198876,0.003759903155421799,0.003166126852530619
2019-07-29,0.005457171047151772,0.005421832672254715,0.005479154243572087,0.008546311335817399,0.0038630472482837994
2019-07-30,0.005029112783886452,0.004760638493424635,0.0013783774926104586,0.0016711216706980555,0.002051603685696205
2019-07-31,-0.005953747213036341,-0.005000637191976925,-0.002789718199957372,0.000695464157623802,-0.004320098154310265
2019-08-01,0.005735230021668395,0.003734428725635414,0.0010532783765006375,0.003641950243902769,-0.0007119953123170819
2019-08-02,0.005218740906075445,0.0041945246488797275,0.005497536038871157,0.002065142385482056,0.006565257971271122
2019-08-05,-0.021813739327393535,-0.018977947868457398,-0.012656866648966664,-0.012847944471706306,-0.012304793656790266
2019-08-06,0.01913833031430877,0.018565893524978935,0.018687637313764757,0.018879042916474763,0.016748280162598557
2019-08-07,0.0035695989291622213,0.005832337883414834,0.009439310729872877,0.008698640416251513,0.008009686024865187
2019-08-08,0.016572486876023314,0.01413005737194132,0.010513341216217205,0.0088258833521204,0.011346542909569029
2019-08-09,0.0023458755725356,0.002713430740094253,0.008836509786864503,0.00575321621629774,0.008082673666780857
2019-08-12,-0.015245565903685391,-0.01304254944596543,-0.009489891669796725,-0.010040899323226557,-0.008832933136547533
2019-08-13,0.010021018928952262,0.010643702166955312,0.010433492101982618,0.006858488666862271,0.012314732964549777
2019-08-14,-0.028015576652064486,-0.025650249056822064,-0.015872858320365356,-0.018290774451968132,-0.017044405717240457
2019-08-15,-0.01585783340882206,-0.015005934504225465,-0.013492921446177867,-0.016439443781136105,-0.012870175025473437
2019-08-16,0.00877731679261258,0.008439288414039615,0.005938377542867685,0.0072418214849302946,0.004218988472722538
2019-08-19,-0.004857239002608381,-0.004412190936749395,-0.002239354441884088,-0.004385177304301283,-0.00152864641449939
2019-08-20,-0.0030497377877374415,-0.0037018057846580263,-0.005971674589122454,-0.003805896699224559,-0.007573849906231036
2019-08-21,0.01890503749139881,0.013033358579576795,0.006473810073037984,0.006227738813347887,0.006462689014555933
2019-08-22,-0.00587376763149018,-0.007635851654233133,-0.010854484225940566,-0.011522317983475791,-0.010495875449511237
2019-08-23,-0.026710664849969007,-0.0246736821794621,-0.018166011880892938,-0.014305216208886026,-0.021539247637642235
2019-08-26,-0.01876076343454901,-0.01818450948585107,-0.017011902541046918,-0.01391765314092648,-0.01849620556764813
2019-08-27,0.005353847504247814,0.006365757224692538,0.007030323815188364,0.00523785652164937,0.0069619786642090885
2019-08-28,0.010467777961565103,0.010314415141198012,0.011873405668902354,0.00726711892020631,0.014264099160219451
2019-08-29,0.026949643456628834,0.024057090078655183,0.021782326315279682,0.016157859510101104,0.023580745989108618
2019-08-30,0.011698543236717894,0.012200779607175373,0.0180899845974313,0.016539609037957072,0.01847391343277066
2019-09-02,-0.0020666596069115156,-0.0018779576935077686,-0.002129154704089483,-0.002004583625418679,-0.002382481146087978
2019-09-03,-0.011400198268852735,-0.01043216921290321,-0.010804450483270141,-0.006974836569494008,-0.0105349668396294
2019-09-04,0.008360567383937208,0.008175396825525429,0.0037631235590520596,0.0060128699725835654,0.004577398644715685
2019-09-05,0.006656741278563258,0.005694868039078543,0.004554434895355979,0.0020336655910863557,0.005366833433115486
2019-09-06,-0.002180002971230126,-0.0019313707398352815,-0.0027086586521011934,-0.0021846598925087304,-0.002203246411972264
2019-09-09,-0.0013422765655660735,-0.0017376951348178511,-0.0016469010760095954,-0.010442014821816375,0.0014581635242401684
2019-09-10,0.002868487522094124,0.0026327363685530996,0.00202643228571929,-5.84502267406738e-05,0.002096629807388748
2019-09-11,0.011941689020867872,0.013199583403921866,0.01809862908947106,0.01989047155496635,0.016221653649821893
2019-09-12,0.005304326326941715,0.0068246726706720625,0.004497745729136819,0.008616303471890447,0.0052624960044780015
2019-09-13,-0.007407315315471978,-0.005509606949728525,-0.004882207892171625,-0.004223766193812668,-0.0042326307775951335
2019-09-16,0.0006245636231731046,0.0017663834418600102,0.006287978047965962,0.004175507291447279,0.007604866311699939
2019-09-17,0.012116479798755023,0.011487506342362373,0.012460008418694418,0.011421306885558348,0.01033559481849261
2019-09-18,0.0016512457601040513,0.0023743778243460554,0.0013145400910211374,0.005158234181394824,0.0016027463122198263
2019-09-19,0.0039655578515923415,0.00497757237480831,0.00696183234836771,0.011761107017020194,0.005957023421134539
2019-09-20,0.003187755997199254,0.0026628439680180436,0.0004200452756316798,-0.003514265993702161,0.0006301787123715479
2019-09-23,-0.002793194498591439,-0.0014254343810252285,0.005062023143600212,-0.0008483617183785801,0.006003445174253957
2019-09-24,-0.0057459590398545686,-0.004129163762086829,-0.0007891438806564809,-0.00041199130793439544,-0.0022613928324231357
2019-09-25,0.0011957834039962665,0.0013580085158505124,1.3031328667144002e-05,0.0004108793131801841,0.0006823614482667096
2019-09-26,0.004325557269684019,0.003387092064995671,0.0013711619702956983,0.003529250481690567,-0.0007597117124495934
2019-09-27,-0.000879769620661248,-0.000547377278889973,0.00014842222250241184,0.0011375532004672285,-0.001138816488617625
2019-09-30,0.0020588341417648254,0.0023166521006055467,0.003755032797425408,0.0031506409067183763,0.004264246089954033
2019-10-01,-0.0034224258425544045,-0.004090595261948972,-0.005830875334435031,-0.0054120995470203145,-0.006305263554210759
2019-10-02,-0.0230120841324339,-0.021822735698636957,-0.019116799268912944,-0.018690637344081704,-0.01970783447533807
2019-10-03,0.006392391345180586,0.0049067714249208996,0.002365503317910111,0.0009496216839208042,0.002142137403154649
2019-10-04,0.008349952457467332,0.008494736080963542,0.00956552459919786,0.008944510270418506,0.00964549832574359
2019-10-07,-0.021966409261863804,-0.02029830096189071,-0.017171883791222795,-0.017553226735671,-0.017728620500084523
2019-10-08,-0.007313086498421816,-0.008061129747642668,-0.01033235653062755,-0.008408586250585921,-0.011855301596736381
2019-10-09,0.009158695047446128,0.008572785133869816,0.007002354227192937,0.006456130539584484,0.007289634102075905
2019-10-10,0.004153709514687332,0.004899085871507064,0.005696136470615254,0.00422194418098613,0.007260883744070177
2019-10-11,0.017392479644763436,0.018131521175978542,0.019601260539313846,0.017694579050008076,0.021452362754502977
2019-10-14,0.004333279292655453,0.0035283748755479977,0.0027702661242498343,-0.001990720554919667,0.0027939026576434896
2019-10-15,-0.0004017364792590825,-0.001509292264444247,-0.003728970251776,-0.004770633919018655,-0.003327207837287402
2019-10-16,0.008224444342202047,0.006405098715944157,0.003351172900830702,0.00047761040516242493,0.0027810399142601423
2019-10-17,-0.002470706511319599,-0.002403090416368203,-3.879201731336098e-05,-0.0012553764968141088,0.0003355595750554818
2019-10-18,-0.0009908929033577729,-0.0009492537411076034,0.0005966774184506051,0.002141771728686688,-0.0007368075658795652
2019-10-21,0.009570014738000336,0.01059313169969198,0.012241883892898122,0.011239316855067053,0.012613169327426487
2019-10-22,0.006166799490777291,0.004603677766957564,0.0012280011553020159,-0.0006475147588407434,0.0025778882060773756
2019-10-23,-0.0015533954789673373,-0.0025187473234216276,-0.004693724874468289,-0.006197498629989823,-0.004519074662367503
2019-10-24,-0.006120901462597165,-0.005051638335160922,-0.003127066786890285,-0.0003060181356643271,-0.004295767134902781
2019-10-25,-0.001665709983091724,-0.0034372345207880533,-0.003985699917625308,-0.008498142602513477,-0.0031592062845471566
2019-10-28,0.004397297678886808,0.003830903551388154,0.003951169366522836,0.0038948983195613096,0.003923738334006671
2019-10-29,-0.0009321093912333155,0.0006457418895555936,0.007007153675735836,0.006063947316236849,0.006732226979347481
2019-10-30,0.009424664950080538,0.007807103861334321,0.001430544056112582,0.003246626041645898,0.0011810233583457994
2019-10-31,-0.004258472541579243,-0.0032995800601962966,-0.0015784747182073261,0.0023051620433123666,-0.0021962108435446093
2019-11-01,0.012857999516433835,0.012706789590188419,0.017132803635854444,0.009184294897558485,0.018925346551158725
2019-11-04,0.007606318574312418,0.00775810475116924,0.009910745076801435,0.006613629064976303,0.01218757495970271
2019-11-05,-0.00249226673447247,-0.002514521833496164,-0.006644117162786636,-0.004488506590332061,-0.005928888103899795
2019-11-06,0.0006401124982476878,0.0009587820330024938,0.0006496531160293483,0.0027229401228826096,4.4273755064891445e-05
2019-11-07,0.013835119199164487,0.01378361317794565,0.014033590944126323,0.011890087329002458,0.014768549440481537
2019-11-08,-0.01596901997136782,-0.01432222259953602,-0.008269530105278148,-0.01112628419066592,-0.007913220957796997
2019-11-11,0.006592918315402902,0.007122846559133223,0.008693947249330094,0.008346679682915973,0.007459569778888305
2019-11-12,-0.01613743249408856,-0.014121446541962578,-0.0112465253584815,-0.005567248741062098,-0.011773738526321763
2019-11-13,-0.005021772966657016,-0.004506788056606008,-0.006013272361960904,-0.0030489334040549494,-0.006735008701108749
2019-11-14,0.004513648185278534,0.004019195431531987,-0.0021141886624533525,0.003723267889041318,-0.0031911821983503772
2019-11-18,-0.0007125244398418645,0.0007097320404085412,0.006896699322415205,0.004016755681387319,0.007253190916553801
2019-11-19,-0.002251592522047,-0.001967640653359121,-4.1262910149948056e-05,-0.0028430223225842073,0.00024107830614809335
2019-11-21,0.01784470661055898,0.016101546553100206,0.011007165635806159,0.011866776275852026,0.010310915543539065
2019-11-22,0.009512054136399216,0.009238481191396145,0.01319372822150499,0.009616347748882325,0.013863618525108139
2019-11-25,0.0009873304947349891,0.001180104035510544,0.0028269225870465827,-0.001518804256485051,0.003473008924053693
2019-11-26,-0.005973877667288711,-0.0052830369254729115,0.0014829317643227482,-0.00406019156100278,0.00333371984067394
2019-11-27,0.00338144806747084,0.00421423634348795,0.002888993053664651,0.00773129949022441,0.0025141683348910903
2019-11-28,0.004401222490210471,0.003675176530756183,0.002797190895264312,0.002401106798145459,0.003544583599715999
2019-11-29,0.002416252704070686,0.0023435164568855306,0.0035469413502131506,0.0004223917336543307,0.0050324524933652885
2019-12-02,0.005514580228070229,0.0044429048501760555,-0.0008058682840817067,0.0003962555665236884,5.018854784311446e-05
2019-12-03,0.0018448786865025227,0.0021034637871634745,-5.519653619760474e-05,0.0036607185905200706,-0.00044653166236298164
2019-12-04,0.008859816090331324,0.00831660300132211,0.008184416647267134,0.009010731094367137,0.00896191917286694
2019-12-05,0.003573079130653737,0.003859808229490022,0.0018525838942941575,0.004527586329695782,0.0012032345878864154
2019-12-06,0.00878232353609204,0.0077667824447535515,0.007760923127479757,0.004070020372677751,0.009702452583779698
2019-12-09,-0.003247241008960818,-0.0031809688485498907,-0.004906225674548208,-0.0015600924866489502,-0.005002451377216689
2019-12-10,0.0009801408502241274,0.0007832965319367977,0.0006049987187059868,-0.0009659453773291118,0.0009726993102290405
2019-12-11,0.006507365685505162,0.007388180523866772,0.01121700870519692,0.010666171866898617,0.011355249196707197
2019-12-12,0.008770483207341718,0.008309608021978616,0.009058528199291635,0.008446606811211005,0.009168424665933806
2019-12-13,0.006495215921369864,0.006613578559469309,0.005519494239937714,0.0067827191876382075,0.005877956463789002
2019-12-16,-0.00029172589830336437,0.00021273818957064778,0.004638713085750997,0.0030904262449449062,0.004605262236155711
2019-12-17,0.0012788090361610196,0.001699216992522789,0.0030759324096642036,0.002434589717532126,0.0031551372265410022
2019-12-18,0.010796146755098907,0.011445131245658435,0.013191058767833923,0.014278844395360797,0.011884866043702747
2019-12-19,0.005709420827072033,0.005622101381478275,0.00479294927394931,0.008047509946161926,0.003968478067200153
2019-12-20,0.0021687496607364926,0.003424127020981013,0.011272796154693105,0.008012602973864394,0.011721045059145502
2019-12-23,0.008868367262705793,0.008178534943610103,0.008943787930985356,0.0064340447945452775,0.010635047678077193
2019-12-26,0.012727676049202849,0.012991704763172258,0.014131833905298347,0.012108730636224977,0.014687511702153594
2019-12-27,-0.0034203958035279353,-0.0037291853443519054,-0.00924807486944551,-0.006278430709475648,-0.009875564836600124
2019-12-30,-0.0038270275920045745,-0.003975311452883453,-0.005715265437670115,-0.00498583452257257,-0.006347964098236407
2020-01-02,0.02127527887973847,0.020950224574510345,0.028319340416647413,0.01631347502807621,0.030708847330323454
2020-01-03,4.964617632497283e-05,0.0014311519844051033,0.00982448893661992,0.006024139641021954,0.01094508051376181
2020-01-06,-0.004402791208752381,-0.0037208433922295025,-0.0023845703311932143,0.0009175986104037132,-0.002881149192490055
2020-01-07,0.0022887899176621523,0.0012432309714692897,-0.000289228204443697,-0.0014392923456265285,0.0004871563079432667
2020-01-08,-0.002000337789929518,-0.001440043948795219,0.0033349531538011483,-0.0020831735992904972,0.004968147629012475
2020-01-09,0.0012069711773043798,0.002151597900373843,0.004769204109297133,0.0039441819011690245,0.003539296925175257
2020-01-10,-0.0014406734820041713,-0.0009391720185848136,0.0010349094960225966,0.0045843656181342235,0.0003963720006179831
2020-01-13,0.017408850392945777,0.016724081140751086,0.01858778931395788,0.012846621504655032,0.020648636646049646
2020-01-14,0.005447865446864795,0.0062121240220018754,0.005962426110828414,0.005982427969822637,0.005747035641536096
2020-01-15,-0.007995565927376469,-0.006936498780252471,-0.0013177391366825798,-0.0037331894040137734,-0.0009845177308604228
2020-01-16,0.003863204692281824,0.003370800357808266,0.003363536793441508,0.004238005338231889,0.002594264798954846
2020-01-17,0.01024244500563767,0.009182251896841678,0.006581816138967315,0.006378239843307175,0.006467850231231144
2020-01-20,0.007781711480484118,0.007605609938409609,0.009267547217644376,0.006168232614058044,0.00942870787212851
2020-01-21,-0.008408427792830395,-0.0061833607712361936,0.0033209116781071197,-0.0002643385225565454,0.0032465035130710947
2020-01-22,0.013932365187640069,0.012234925679181649,0.008653531546112429,0.005310181430029778,0.010376123749700846
2020-01-23,0.007763119626802205,0.006237113690099527,0.0021133168091908004,0.00174526782663194,0.002102564085942704
2020-01-24,-0.010292235539177734,-0.009988973852960673,-0.015511796550778762,-0.011000725067965518,-0.01706672960633147
2020-01-27,-0.035700003740711785,-0.03435562295386883,-0.038187516265578286,-0.028235295171230496,-0.04129981189128512
2020-01-28,0.015067599730239013,0.014288740384701976,0.015311411385313268,0.013246918049938116,0.01583187667907572
2020-01-29,-0.00855579836976935,-0.007684386697525218,-0.007273923766212877,-0.0010098159076511277,-0.009959878678728447
2020-01-30,-0.004886203931905431,-0.006000190630435517,-0.011509635549842936,-0.010193802529292,-0.010778108389912342
2020-01-31,-0.0116030706603183,-0.010029783314593557,-0.0015354665701858227,-0.0032099363497906696,-0.0016800013580476865
2020-02-03,0.011302634324538059,0.011306943196054372,0.012326182182406567,0.009386221869626836,0.012888742365015735
2020-02-04,0.00819268774718028,0.007484752996447816,0.0017017547921083403,0.0025578768521127915,0.001744232662945394
2020-02-05,0.004784693567249403,0.0035935818637035342,-0.0007296363335805194,0.0024570342211826203,-0.0012954276959386993
2020-02-06,-0.011682073435125064,-0.010181232623720086,-0.007781796357990672,-0.004583345737590826,-0.00828108140475292
2020-02-07,-0.018725102561020165,-0.017896892001684886,-0.01779870396626523,-0.01232882388720076,-0.01895243197539096
2020-02-10,-0.019909270854410677,-0.019444610330690518,-0.03255356146136739,-0.017550479100637263,-0.0361476436217244
2020-02-11,0.02945753994990887,0.028430725863730112,0.026594918553771885,0.023800119391127895,0.027819031046157065
2020-02-12,0.010618109455194182,0.011410035186511985,0.010273781203299328,0.015289036632156399,0.00958309823844922
2020-02-13,-0.004291484361204009,-0.004504072821939813,-0.002897685640012037,-0.004479667732491871,-0.0018508172275237024
2020-02-14,-0.009616429457776788,-0.00885326961789818,-0.0018766073286369455,-0.006455323646623764,-0.0022778637636845377
2020-02-17,0.010792308076280793,0.011979643728916762,0.020304377495944163,0.017183816346397034,0.019799075008481767
2020-02-18,-0.002265431006262226,-0.0038519210725021166,-0.006815182443987268,-0.011513153044540939,-0.003944506886330774
2020-02-19,0.01438808794312285,0.013669733654082724,0.011340185837440063,0.00894092739639843,0.01171186453550643
2020-02-20,-0.016031946808769182,-0.014585964103259597,-0.012131823974738309,-0.009777958464008713,-0.011818399012345477
2020-02-21,-0.003921414741114144,-0.002253169694555387,0.00039570503459291045,0.0007259356583070903,3.470212690912379e-05
2020-02-26,-0.07302294809597433,-0.06904896932478533,-0.06314442061367533,-0.05199129082138489,-0.06786874407982335
2020-02-27,-0.028056958217893935,-0.028078777664377823,-0.02641712836917952,-0.027420140763962975,-0.025578579612124695
2020-02-28,0.00751700577105031,0.006314157687996716,0.0003819444540508251,0.0008255165699926545,-0.0005306670623761549
2020-03-02,0.02993287251635004,0.031600926505235355,0.037167444762103506,0.0341129863428485,0.0370769215088842
2020-03-03,-0.010088609064244424,-0.009347498911430331,-0.010092231153764175,-0.007671472168872792,-0.011544283314836817
2020-03-04,0.01726259665194749,0.016207615784721095,-0.002364476172614408,0.014777543944196215,-0.0037981695273933986
2020-03-05,-0.050174359696701774,-0.04786001531071936,-0.04910002656512703,-0.040648689136969285,-0.0507082308502515
2020-03-06,-0.038716133468096825,-0.036167958076688045,-0.030967412183494535,-0.020419566870801462,-0.03023773009485093
2020-03-09,-0.11018528043795536,-0.10265966242747374,-0.09179401983189774,-0.06794780227026692,-0.10026231396762156
2020-03-10,0.06442006479653425,0.0581080647845144,0.04797940216564688,0.040020999894686576,0.04658748325957135
2020-03-11,-0.07610275009827418,-0.0721859937356815,-0.06854349965188605,-0.05466006785346004,-0.07237266477635791
2020-03-12,-0.17006810167399475,-0.1626034246937954,-0.1632135486447952,-0.12844188706975831,-0.17886282845819132
2020-03-13,0.1215199567962633,0.11306229047781727,0.0937346206274075,0.07250690042226862,0.0971339368502393
2020-03-16,-0.14851955110463105,-0.1423929035645929,-0.12638786010390746,-0.1061375859867841,-0.1304534506659098
2020-03-17,0.03866588154865423,0.04201789791285414,0.047369874066552166,0.049718445832803396,0.0403810638894583
2020-03-18,-0.13308590005698637,-0.12382909996265795,-0.11703595522272048,-0.08370895831869211,-0.12860914239673565
2020-03-19,0.039508076288745475,0.04078821179327169,0.04891968832848752,0.030792321904284832,0.05209097507502488
2020-03-20,-0.015123050268589941,-0.015071851365255858,-0.01109761526652037,-0.007860789690275297,-0.013146240566185213
2020-03-23,-0.05791176603261769,-0.05535862877650442,-0.04168610316274484,-0.055398055563384285,-0.03885200558899395
2020-03-24,0.0804740696450541,0.07317337719438746,0.06232933070594946,0.048408539064237345,0.07083810573641447
2020-03-25,0.08086106187447926,0.07480419731811944,0.07756795297527638,0.04209320343696091,0.08436936469994338
2020-03-26,0.050324413619189906,0.046069203927988744,0.03702415505129862,0.03284955717467378,0.043148861129951616
2020-03-27,-0.048703530440918116,-0.046986484578760326,-0.02191159164083383,-0.03565872671373769,-0.013871179698637182
2020-03-30,0.011739384049733435,0.01189811283868851,0.010178957944872002,0.005940887151947906,0.01224330686645591
2020-03-31,-0.02136796672755048,-0.019512710041934483,-0.01828679177177089,-0.006964373682296559,-0.02404601322998292
2020-04-01,-0.036785370981285134,-0.03381128276005911,-0.018334496079242608,-0.024626936168178244,-0.01814731580194979
2020-04-02,0.01766230175167354,0.017063249242306126,0.018240023039840562,0.014633594477675978,0.018027676500905396
2020-04-03,-0.036494078315514114,-0.03579329970759031,-0.035055038329211294,-0.0239391009179657,-0.037847981660833585
2020-04-06,0.05731489789424532,0.054031008328422316,0.05077717238706475,0.03158504115976977,0.06332099474036347
2020-04-07,0.028922425690090417,0.025517060753059883,0.006916232797804838,0.005382422921859307,0.006233243263762892
2020-04-08,0.02634928691368999,0.02382506541887585,0.009688684942926577,0.012470525002271495,0.008887504921242274
2020-04-09,-0.00294346318398033,-0.004151397894654437,-0.019177139915076805,-0.007750067356386763,-0.025340962878053316
2020-04-13,0.01498291254659523,0.014395412503071307,0.010467020831249455,0.00908351625034931,0.010014628655314517
2020-04-14,0.019489365564512043,0.015604614659454053,0.01679859784684792,0.003804206488283557,0.025306263073556472
2020-04-15,-0.007147902768867105,-0.005751188443813367,0.005698813497567516,0.007398818523799243,0.0036473784758662047
2020-04-16,-0.007456952809471888,-0.008539385074917234,-0.014485545880204448,-0.014165586583020596,-0.014975084019433173
2020-04-17,0.01198812997804284,0.009649094131574571,-0.008042559101490206,-0.005984605203226629,-0.00818597997403547
2020-04-20,0.006393970046802155,0.006335059050873267,0.0026211752164952504,0.008457275348953403,-0.0015764823999831687
2020-04-22,0.020857871064519234,0.01973083868747052,0.008982771378535183,0.016269410433387484,0.002533547755915246
2020-04-23,-0.01345982908607479,-0.012800692803634422,-0.011743323169898665,-0.005336807883853685,-0.013946041613947701
2020-04-24,-0.06362255353616644,-0.05670668750995983,-0.030271823444241452,-0.028347587998784812,-0.031839175281146305
2020-04-27,0.036787541444493206,0.03558935387425169,0.028499298307347515,0.029357513240145978,0.02865883856242614
2020-04-28,0.03972668192814173,0.03416752107965477,0.011955286656373333,0.004806321724477546,0.013961543876034505
2020-04-29,0.01960436337749588,0.015366954881370184,0.007797398729941825,-0.0032298021109445118,0.014107344416429328
2020-04-30,-0.029569611378786477,-0.027431220052342914,-0.012013921932849274,-0.010942041516152827,-0.012466101044488975
2020-05-04,-0.021624103827197004,-0.018331318331405534,-0.00534133543682155,-0.0078016188969860095,-0.007689677362083038
2020-05-05,0.0006024147739869574,0.0022623731501382406,0.0024426396869676103,-0.0003387179297287997,0.0028195630942229426
2020-05-06,-0.010695814073249143,-0.009825958545799953,-0.0033054925540937368,-0.0047131638623025855,-0.0022412446508772816
2020-05-07,-0.017434436206983046,-0.01788493953012163,-0.016681279954508188,-0.022557639127335702,-0.013453332672910425
2020-05-08,0.024630993765211405,0.024699788877411935,0.024260688132407796,0.01597014632287276,0.025286289050045558
2020-05-11,-0.011892255551505315,-0.00990044508487813,-0.007781112925157035,-0.008172443537931447,-0.012680633570110764
2020-05-12,-0.015755926752770162,-0.013284985412916485,0.0027664074416917273,-0.0018890559595359229,0.005727987736262072
2020-05-13,-0.008548712547752673,-0.006453300301946428,-0.0004696800836947006,0.0046573772870880294,-0.004414433844747104
2020-05-14,0.024350995234719154,0.022119123042092247,0.001147726326151264,0.01267059449762314,-0.003625253599366182
2020-05-15,-0.017841406742523436,-0.0179744755846776,-0.027918263133192504,-0.019888997071199416,-0.029419165526379295
2020-05-18,0.04765138479682905,0.04011126616345724,0.021333921727954838,0.024256219649474296,0.02542373216187778
2020-05-19,-0.0041383922358365546,-0.005055621772441879,0.0013256306714144435,0.001231869019940338,0.003150224170309867
2020-05-20,0.007149818806061194,0.0038655424219273867,-0.006409304417084562,-0.015128590770468396,-0.0038944051688293343
2020-05-21,0.01889223281383982,0.017197635694021295,0.002740261888774979,0.016004242440273982,-0.0029291666662275596
2020-05-22,-0.008274865295574777,-0.007269381182553716,-0.010638064162311165,-0.011136253094241705,-0.008961139539505635
2020-05-25,0.040820411630003134,0.036010432653337435,0.01991163972307952,0.01813615675604961,0.022896789939409037
2020-05-26,-0.00120335020439564,0.0005740335584055353,0.009047080839750758,0.005274027715711094,0.005768443019550898
2020-05-27,0.03678563127847281,0.03206764093637673,0.01323562598571068,0.010427193527553363,0.01575854470026128
2020-05-28,-0.008111937808951772,-0.00813315797999279,-0.0021897513308518747,0.001220207783044471,-0.0005864475361477151
2020-05-29,0.001380115257578176,0.0016882297485803696,0.00019329783301342,0.0014116637280012227,0.0031219405503551323
2020-06-01,0.014002371646738064,0.012482995437864616,0.010681378242634685,0.007472785615855123,0.010587206025788836
2020-06-02,0.03126027555164611,0.026544371343465583,0.01737647373767361,0.012016324578469044,0.01959563004442919
2020-06-03,0.023129063442339122,0.019482640266381784,0.016844673816840884,0.010466277489602679,0.023825006073046544
2020-06-04,0.004872221065376114,0.005628093921246832,0.009579667788648693,-0.00028455327371274593,0.011679821712538837
2020-06-05,0.005335703305582972,0.004476190505846888,0.0032293694404007,0.0037561055410192164,0.005964236171646386
2020-06-08,0.03630762041734135,0.030393084421476906,0.007039319594904669,0.003689120839644397,0.011404766039157464
2020-06-09,-0.007716492063083256,-0.00764533019329546,-0.004448404558354018,-0.004535256783224622,-5.966989793728013e-05
2020-06-10,-0.024116490821111516,-0.019901503574922895,-0.007799534643356315,-0.0005610123841317941,-0.011029808584789415
2020-06-12,-0.024134698184326276,-0.021965513656242802,-0.028665030371234933,-0.021069149153998254,-0.035650154932914714
2020-06-15,-0.006849608007781029,-0.005355456256394669,0.0036951053832113023,0.004029259807489016,0.002221491078045491
2020-06-16,0.010233478224018823,0.00802372441925469,-0.0029377392960219916,-0.005646544397502699,-0.003237761036281995
2020-06-17,0.02239904192916807,0.02283960915780637,0.01831946183570772,0.021505789234522767,0.01543290204010652
2020-06-18,0.006019849465626366,0.006158788419699118,0.016688409285049208,0.011363901856217336,0.017814761763335622
2020-06-19,0.0066080255930910945,0.0069370281426364405,0.012052456924102596,0.011348519501692633,0.011339936054432098
2020-06-22,-0.007517753511761309,-0.00892288107751085,-0.007300464135819947,-0.012715151296521999,0.0012697043516807418
2020-06-23,0.0017348789813827234,-0.00020254241453109218,-0.005676834478046786,-0.0044243158167636305,-0.007520164603490403
2020-06-24,-0.016710200790697585,-0.014732029572116702,-0.011498323776687065,-0.01172341604151707,-0.013741649526565647
2020-06-25,0.012844286269343095,0.013265221099670245,0.012138774645209422,0.008918571271516481,0.013118209414609793
2020-06-26,-0.02303221488100452,-0.021441203966878375,-0.01307511199744733,-0.01636970516705582,-0.009261111959566255
2020-06-29,0.017126194338886604,0.015239525149776164,0.009736523583651676,0.011467631448734326,0.011691178115944712
2020-06-30,-0.002492522158331196,-0.003687899310648767,-0.018425521609656794,-0.018096000033178086,-0.022793442208971254
2020-07-01,0.010891000140342371,0.010885630341736879,0.004143918721534947,0.017182757199909172,-0.0028230944531694585
2020-07-02,-0.0038942703627310982,-0.0039003700324405947,-0.011851017288336377,-0.00352193009043249,-0.017525733453857228
2020-07-03,0.00995111032912978,0.009936332840422116,0.01467875480415206,0.009469546841200206,0.01762147937248165
2020-07-06,0.017806391275790628,0.014924752494163527,0.004748137137876612,0.00173655309689327,0.005701837075993621
2020-07-07,-0.0070552612690391045,-0.006782970065423402,-0.007133362705207129,-0.008496751714116412,-0.006322840970289099
2020-07-08,0.013794143136996562,0.012753944255715964,0.004853492059019848,0.009027646021274857,0.0014456616515162593
2020-07-09,-0.0055712600218659715,-0.005418811246042461,-0.00028281531289871525,-0.0004106604233101328,-0.0005908199316522061
2020-07-10,0.006090939909134584,0.003778506207732452,-0.004801280597077748,-0.0038960573013995777,-0.0049791655709428085
2020-07-13,-0.00967259897455335,-0.009638004341404906,-0.00041418029855179884,-0.00177928304987713,0.0059762768619985975
2020-07-14,0.008562219310117544,0.0071927476916279695,-0.0001330859378418142,-0.003937201372766136,-0.0005249709498806147
2020-07-15,0.014173612184240281,0.015239124367338014,0.018195585267528534,0.012047710967892478,0.017314396130609755
2020-07-16,-0.009212767315950844,-0.008680376982793316,-0.004919347864713453,-0.0025829743383284916,-0.007184282018909816
2020-07-17,0.02309245230819624,0.021139165108714587,0.009898544555128841,0.006824837091316354,0.009902915232704933
2020-07-20,0.012239943091959346,0.012862871166786416,0.019097102625975276,0.014550114470270669,0.017003622119450494
2020-07-21,-0.004065850421981955,-0.0033476934323443262,-0.001176000794485351,-0.0006739178060125666,-0.00289351309417452
2020-07-22,0.0008022024469070867,0.0012621621085631169,-0.00875903363205985,-0.00027499692002814916,-0.01240628707342854
2020-07-23,-0.016518499394621432,-0.014812881710578745,-0.015057438482307083,-0.009985540761085673,-0.016410019690951967
2020-07-24,-0.0005041777241110775,0.000668915136463248,0.006491323888421052,0.003230123314996527,0.00997303885047927
2020-07-27,0.016912733012090602,0.016754836785109924,0.011353155272223168,0.010631028668422261,0.009469499001120736
2020-07-28,-0.0022608976579117338,-0.0021227899516178097,0.002457423601990882,0.0032233748979079197,0.0023635411931811996
2020-07-29,0.008087483217043348,0.006399154432365255,-0.0028281112487753093,0.001536157135798166,-0.004014387767704136
2020-07-30,0.0004545968980674862,0.0013771066083561002,0.00821673935214651,0.009852961239355971,0.006463062926010085
2020-07-31,-0.014879971426054517,-0.013031823801618582,-0.006262472400581438,-0.003520120316917801,-0.007034803808159386
2020-08-03,-0.0032958625614884834,-0.0034948042410104544,-0.005473372777849137,-0.005595678215787428,-0.0064226480582885125
2020-08-04,-0.016153541206728052,-0.014249567054448051,-0.009866309118397237,0.0018221407377698859,-0.012480957628421064
2020-08-05,0.01705316173561186,0.015624267477073572,0.021073439739198743,0.005951304027939421,0.0265318503718682
2020-08-06,0.01581814530754787,0.016364707019058563,0.01677575461637568,0.018980586225328354,0.016019919719300637
2020-08-07,-0.010004619220923511,-0.009073458077673643,-0.003720534364166505,-0.006342042022170522,-0.002161844686364155
2020-08-10,0.006245819742920753,0.005331683404089113,0.0071973564751571534,0.00419816971232265,0.007296054009394551
2020-08-11,-0.007156632134744499,-0.007417044730054237,-0.003576947527878899,-0.006739749900457545,-0.000531371061498678
2020-08-12,-0.004706470700516671,-0.004270389325428257,-0.006797333584811989,-0.009400887707513881,-0.006798968769031833
2020-08-13,-0.015289031455428015,-0.012739438819671137,-0.005184245903602296,0.002627713739750994,-0.006943968096325116
2020-08-14,0.007715797265757406,0.007631750624097211,0.0075916229602842585,0.009576211293650615,0.008359210357176955
2020-08-17,-0.018681013288579296,-0.017150357482013105,-0.013286492673269578,-0.012123967912976328,-0.01433556837599395
2020-08-18,0.025321984661488904,0.021521395881356792,0.013858322182316215,-0.001492770327523459,0.016398031330080894
2020-08-19,-0.008109583476339416,-0.008238679480766904,-0.008043867040716,-0.004111722725002341,-0.00862299472813299
2020-08-20,0.006091921886987321,0.006143885808257822,0.010100029359516035,0.009530266058321924,0.010120890628848155
2020-08-21,0.005388014054712384,0.0036506965491426217,0.0040558981079933006,-0.006522795766030889,0.011498879196567507
2020-08-24,0.005024505326864513,0.004377291620192038,-0.0021325087173157276,-0.0006135343794664165,-0.00487345373467669
2020-08-25,0.0010627419747706614,0.0008673921927902274,-0.0035807722809022137,0.0009460657345373308,-0.004260350942012632
2020-08-26,-0.016624630550600435,-0.014486776022748235,-0.006345474136140604,-0.005236381428130896,-0.007713708319280383
2020-08-27,-0.0014488094313237568,-0.0016661418207174598,-0.006575244548357067,-0.0025258624541688993,-0.008238477038256276
2020-08-28,0.014368508942451562,0.013044971433580872,0.004174260498495374,0.00596373494626139,0.0017184883380321
2020-08-31,-0.026246770449851676,-0.02479225860414892,-0.018525134725963274,-0.01632896604072895,-0.02085604911119067
2020-09-01,0.024042043904104117,0.022671913992148667,0.0163945429262476,0.017454400429761183,0.014569146988838143
2020-09-02,-0.00011205711483289821,-0.0002796408911625983,-0.00565015150118634,-0.0017842159860009784,-0.006617204569316023
2020-09-03,-0.011695040319001369,-0.011273431637941037,-0.011045345671066052,-0.01040004834798969,-0.012076097145796159
2020-09-04,0.004379521453782911,0.0038756031406942015,0.003597595003888694,0.0026124778830309177,0.0047165315392377095
2020-09-08,-0.005988327942711271,-0.006034981512821997,-0.01031259161268374,0.0012250170249746579,-0.015796770171745095
2020-09-09,0.010827360162961932,0.010678117051248394,0.0024740427803238117,0.008645924207464819,-0.0005506338303541918
2020-09-10,-0.02213867759365764,-0.02055859152100016,-0.01791838312219616,-0.01677723537727056,-0.0194325642886421
2020-09-11,-0.013495946129465572,-0.013673883974539771,-0.014446830805749405,-0.014147273497418273,-0.015697073895486253
2020-09-14,0.020545805595371076,0.018910335106446893,0.007909112258289988,0.009174862181013892,0.007561509198827209
2020-09-15,0.004869286503691045,0.006789128909201042,0.016155052300280727,0.010941746239189767,0.014228525431192098
2020-09-16,-0.004062203517635645,-0.0050769365859928625,-0.007763205965039492,-0.0041866345881404945,-0.00869938913763256
2020-09-17,0.0032298231488267753,0.0037097248383209393,0.004074959763846231,0.0028362831397123647,0.004625763969452638
2020-09-18,-0.019167451578045384,-0.01647846252117281,-0.004257223702790007,-0.0047710868781600056,-0.007723431107986341
2020-09-21,-0.013201810139303478,-0.012030431691565075,-0.01602029904950858,-0.0071188595121095734,-0.019488022803337387
2020-09-22,0.0022244995761918776,0.0011605758305136083,-7.803210180476434e-05,-0.000772213703172411,0.002543352860235774
2020-09-23,-0.01807208550240235,-0.018033876017665856,-0.009330753490721329,-0.010598027458851245,-0.0040907280324946945
2020-09-24,0.010864221466395124,0.010432949506641186,0.01590412882037258,0.007102429102168336,0.023823773175602685
2020-09-25,-0.004708984184686021,-0.004017750915775867,-0.0011742472275073474,-0.002115290165923286,-2.335359152156203e-05
2020-09-28,-0.02613388661200941,-0.025529788987812496,-0.020534343612195534,-0.0186607561633342,-0.018734270422698863
2020-09-29,-0.009417254058089778,-0.008081206543273387,-0.0028614676253926586,-0.0028642977365053507,-0.0028207415598637126
2020-09-30,0.01221219867801353,0.010480905072550025,0.008758750396123805,0.0057477317226883795,0.009832574986916018
2020-10-01,0.012071388288365452,0.011992924641595784,0.02025413442337297,0.015494752408481641,0.024326359163908046
2020-10-02,-0.014782838277625759,-0.013252837589311743,-0.008765596047846476,-0.005788884199990414,-0.009921737037749841
2020-10-05,0.019901706829236258,0.018483003586002925,0.018958358430342208,0.00794438612607665,0.025506131692195996
2020-10-06,-0.004330073478131478,-0.00478957712494553,-0.02012803250646071,-0.004102698162198142,-0.03432293584658056
2020-10-07,-0.002844370804200744,-0.0014116423515576685,-0.004544899349705123,0.0038547646603759957,-0.0115222171397625
2020-10-08,0.019125688536925395,0.01822088960718976,0.02403696987773324,0.006020392976083003,0.03644331262122627
2020-10-09,-0.006446004117922869,-0.007426373236916735,-0.014948440352433636,-0.007127740249378771,-0.020441635353810144
2020-10-13,0.007095559512553602,0.007292970343751161,0.005426587704902886,0.004822180112666844,0.004272843876752323
2020-10-14,0.011148915203820305,0.011388792979322682,0.012722082820404506,0.00875247508554996,0.014669718738771374
2020-10-15,0.0026289387859210153,0.0016346552941519784,-0.006818340114866324,-0.0021099081697104503,-0.0103770221566113
2020-10-16,-0.004341599155489092,-0.0029389664860862193,0.00012896334603239513,0.00467471487527002,-0.00236670534273279
2020-10-19,0.0023624473102456635,0.0014890222956626484,0.0031172259695522796,0.005150107740299298,0.006005408049405223
2020-10-20,0.016060067796344453,0.015180578211477872,0.008870279040648719,0.010605663512291507,0.008037749380908121
2020-10-21,0.0009654811061486542,0.0005090445721072317,-0.0025736759561629623,0.0032651909888975154,-0.006323537250310999
2020-10-22,0.008371060630609972,0.008906437035629221,0.008039779187001175,0.0029703000496802646,0.011155023965966118
2020-10-23,-0.00498297959579937,-0.005069922869358667,-0.005997670188949018,-0.005119421487706166,-0.008203787057049335
2020-10-26,-0.0034788296729744094,-0.001476647782600461,0.00015402921088810066,0.0030129041413381377,0.0001270216983207153
2020-10-27,-0.012082003340888579,-0.011211969611185547,-0.009475717241390525,-0.0011936329842881267,-0.01329213944802161
2020-10-28,-0.04480915407965737,-0.04201344486132157,-0.042214358901669885,-0.029844676197487405,-0.04922995486017897
2020-10-29,0.009202571395454981,0.008139315987310873,0.007756088251822863,0.002720818732857687,0.009342908137913103
2020-10-30,-0.025615477842137163,-0.023707834151596108,-0.015805217645825872,-0.015222776750000616,-0.015984058124296038
2020-11-03,0.0160334115573614,0.015625821462081156,0.017963499100801802,0.011038233025671255,0.021745848231258035
2020-11-04,0.019498921843865355,0.018689909013287855,0.007953437037712924,0.020517437354237642,0.0025914437468860228
2020-11-05,0.030963914197794415,0.030012926287490752,0.018464232404011818,0.02232413916046046,0.015772632699251415
2020-11-06,0.007424093290191168,0.006102709479996862,0.006955518116074062,0.006202448298989277,0.011094478212097721
2020-11-09,0.01995623633495094,0.016355766916250056,0.0006566279602274292,-0.000489762880540566,0.00217644994257995
2020-11-10,0.009227138436750647,0.0087219307509213,0.002071879639520571,0.00537205244782185,-0.0010430526420780318
2020-11-11,-0.009631799721719748,-0.008853610879097815,-0.0068190229356794975,-0.005671280243854301,-0.009130513902637373
2020-11-12,-0.021235669551413032,-0.01821080059224132,-0.009351412413965728,0.0016792345924947234,-0.013248432791516994
2020-11-13,0.025515683797436236,0.025647331164711122,0.038206084326295915,0.03283346397838029,0.04267987703130206
2020-11-16,0.01229795484606207,0.01223131937471771,0.012065992277034377,0.015841354892823626,0.009969907794510091
2020-11-17,0.009164131490846569,0.006902347329366241,-0.0033614162484176344,-0.01285315271484661,0.0006402837850387804
2020-11-18,-0.007200348719456015,-0.007097133531981262,-0.004985757974894905,-0.0037725654881356806,-0.004715211176106036
2020-11-19,0.004055483943118802,0.0024287800758621882,0.00941117260233218,-0.0034759291313679547,0.018458051972099317
2020-11-20,-0.005958147561234252,-0.005152600247214895,0.0040778649020974,0.0013142521951605083,0.005077187999633472
2020-11-23,0.01116006232181119,0.00943578748787808,0.006064329343836029,-0.004238513934460451,0.011223506351991281
2020-11-24,0.013459120234742541,0.011112022051378574,-0.00533174243746546,-0.001145441272966139,-0.007297568770504882
2020-11-25,0.006265950233929354,0.004100917113608381,-0.0002643846928281247,-0.0031877102781823403,0.0013235440655186542
2020-11-26,0.005326245634207936,0.00585083324586472,0.015806842297072323,0.008658407037518731,0.019015714531783103
2020-11-27,0.0027214690306984484,0.005614630654488941,0.018258152965990777,0.013729025193026758,0.0152038257396191
2020-11-30,-0.01484396134841652,-0.013020505932924205,-0.007984899898973795,-0.003669381460340779,-0.010315313564374373
2020-12-01,0.019277030739139788,0.016220232277060622,0.005847403317483539,0.0018872220582974591,0.009320944105753418
2020-12-02,0.0028736538825425433,0.00018334129257323078,-0.015896464241323943,-0.011533862082517105,-0.016221164868104907
2020-12-03,0.0032415669875942438,0.0008212679038122535,-0.004827613948665443,-0.0034318782212728583,-0.0034786331632886717
2020-12-04,0.007641418849125711,0.006244918231536572,0.006516767002126824,-0.0026947853975035204,0.010084090176303453
2020-12-07,-0.00047007796740592827,-0.00021364368582781326,0.00414372073288441,0.004017703065320433,0.008247530856094054
2020-12-08,0.002637231075016921,0.0024230224151029025,0.003105541711427613,0.003956591774704085,0.003204101668182746
2020-12-09,-0.009445118530820504,-0.008049900547691084,-0.005974972482517997,-0.006654286561071134,-0.008017650118113461
2020-12-10,0.014236367769522707,0.012494797493223448,0.005747879190159921,0.002717640227949167,0.008250224012132013
2020-12-11,0.005284655381245327,0.00686732700312373,0.010773718726141811,0.021015738438360083,0.005377023536563294
2020-12-14,-0.004972045286483443,-0.005602254480871286,-0.003229382458223815,-0.004896266068703124,-0.0020493213389229693
2020-12-15,0.012813503897175909,0.012668675238516216,0.006001631968950619,0.006247450991328748,0.005205688546990125
2020-12-16,0.010222000074813588,0.010840884893797552,0.01235463878353671,0.004878257256435097,0.014843525086085123
2020-12-17,0.00327762114359171,0.0035867449865017364,0.004630139480636221,0.002976978045939548,0.004570619645623197
2020-12-18,-0.002734902183519281,-0.003080444843042685,-0.004493874255576281,-0.008353741059483362,-0.0029279803090330203
2020-12-21,-0.01857059379850287,-0.017983447277801285,-0.014374682662879348,-0.014258035494549784,-0.015512239686118765
2020-12-22,0.004169757710549185,0.007094916427298123,0.0210393344765096,0.011852663013196303,0.023237609016256967
2020-12-23,0.009956841420517401,0.007221170331276904,0.0011387943943100371,-0.0016253616325707222,0.006021393916381863
2020-12-28,0.013926881265801883,0.013914169891844201,0.018852581195909716,0.01588612871904211,0.025327570805478816
2020-12-29,0.0026791009950902145,0.0016277725806715492,0.00098622840598957,-0.002614929027401249,0.0032502993357770168
2020-12-30,-0.0005950436774880486,-0.0005572444284698837,0.0030821354769373596,-0.0030139826161755794,0.004917601391570804
2021-01-04,-0.005246966005663087,-0.005364231427747375,0.00224650393427402,-0.00391921620790482,0.0030367814007012622
2021-01-05,-0.0005994648404653612,-1.898841520408635e-05,-0.002839065712503333,-0.001061499542822045,-0.004782166113957719
2021-01-06,-0.005425702318630165,-0.005773680711314545,-0.013881698721677185,-0.012455975620963377,-0.01347128045951649
2021-01-07,0.015884255680627915,0.015327255658923747,0.012010739629219844,0.004090209570861307,0.014457503351917016
2021-01-08,0.026693929203013705,0.027981507767765663,0.02691661964694411,0.033585702576584754,0.024978080163497722
2021-01-11,-0.0182371872007129,-0.01713064453203856,-0.010449264655522945,-0.012681085634631778,-0.011028998676857481
2021-01-12,0.0142879398360965,0.014047686828335307,0.014292810394542397,0.01753470036820232,0.012486784779960316
2021-01-13,-0.00805861042061994,-0.00665077158689706,0.0018585380932356378,0.003972352435774373,0.0025893129765570547
2021-01-14,0.015223464724096289,0.013311879766118365,0.004397665242569039,0.005093635532243651,0.003280611927756632
2021-01-15,-0.021176461767842138,-0.01758483253540965,-0.0037233320049713703,0.0003729257731994702,-0.007072848988999783
2021-01-18,0.002696798379077544,0.0035018998875789176,0.007200092222207408,0.0061768822019040775,0.00574962488195413
2021-01-19,-0.005781135376181924,-0.004714611495210445,0.0004409080286079477,0.002670560102676744,0.0008821769727473409
2021-01-20,-0.008232649268985147,-0.008232777704210444,-0.0035507995546375545,-0.006385428936162077,-0.0036357542406710427
2021-01-21,-0.012873556861105778,-0.011292717162377534,-0.0008507428135716069,-0.005309575922252016,0.0012657728840179668
2021-01-22,-0.01067851981219709,-0.010134699498569478,-0.019270582671974536,-0.011376106921384563,-0.02667657330984435
2021-01-26,-0.013370055736817585,-0.009771710124629662,0.0019311144522120096,0.001185230483159255,-0.0034024589357255605
2021-01-27,-0.0019826606089212687,-0.0036589247267646476,-0.013891480724474914,-0.00951991687449616,-0.01519433968307993
2021-01-28,0.028681963471917826,0.024687513002966052,0.022716175169226565,0.011456155301920267,0.03604474104345123
2021-01-29,-0.02893272699366445,-0.026851273199415278,-0.017168332904516585,-0.015316993435009793,-0.02127986134751874
2021-02-01,0.021124988790942986,0.02069984552443506,0.01815067730407798,0.016304614518977592,0.01985838196386492
2021-02-02,0.011971693924506258,0.010898267048521423,0.013115602935980913,0.013513952475847638,0.012355025680740978
2021-02-03,0.013627327432210928,0.013080896643617893,0.013324347357747927,0.012157695689617005,0.011500896046884783
2021-02-04,-0.005685435874716655,-0.0059580745942191095,-0.008695280489613608,-0.006691552953445202,-0.009783428035631292
2021-02-05,0.005219761186387503,0.005798875662414208,0.008938242924996183,0.010448106018837083,0.00778570979521571
2021-02-08,0.0014776979531883462,0.0010950939804156103,0.0010938823187439722,-0.0035223283453929707,0.0006015118611636428
2021-02-09,-0.00035505274581901155,0.00020642219501899867,0.00128985761546486,0.0017441426763042376,-0.0017891988959812771
2021-02-10,-0.010052258969020091,-0.0074193874553310606,0.004670605994745127,0.0010328635729504594,0.005071685664257522
2021-02-11,0.010084191872398948,0.011068202631523506,0.014503233499241855,0.010552766348909115,0.01174412514806048
2021-02-12,0.001623334464889558,0.0008312113198143463,0.0030529924067181,0.00023929341951691948,0.0056442994431578596
2021-02-17,0.003756036981552014,0.0019858991455956898,0.00379598283235283,-0.01031136782990543,0.012428764897230585
2021-02-18,-0.011042725224046047,-0.00997834934903797,-0.0054157328469186545,-0.006584933100742347,-0.004273868788344124
2021-02-19,-0.002771497156398418,-0.0014685412615006123,0.0018330448384878315,0.006293418947531308,-0.0015725804196928873
2021-02-22,-0.0381540358202885,-0.03561818788588835,-0.01689856972247228,-0.023536799236041316,-0.014384388407251278
2021-02-23,0.01854263160604672,0.016277215541114165,0.0010107235843052989,0.0003299439295129403,0.0011508080401968093
2021-02-24,0.00717229789717999,0.0053827371375818325,-0.002632590950426801,-0.002094805275277141,-0.003056025340164889
2021-02-25,-0.0303366642629542,-0.029258954365887838,-0.024077925599486967,-0.022272685527301484,-0.026111658630700273
2021-02-26,-0.01846679572826712,-0.016564484166970785,-0.007084507852230359,-0.009197938049688699,-0.00732114046646862
2021-03-01,-0.003677109049066916,-0.003514553763627152,0.0018537031562390486,-0.0046438157079641065,0.003468334478970175
2021-03-02,0.007214660284244806,0.007090075300272514,0.0026669924505641402,0.007283563908683474,0.0012934016732863937
2021-03-03,-0.0021946181255031315,-0.0002370650668981606,0.008069912957561785,0.006243266308224231,0.008289933371363203
2021-03-04,0.013905483613916986,0.013530748002553324,0.00811303964112238,0.01772462673246722,0.008812117535204542
2021-03-05,0.018791548900526506,0.016562491773867635,0.020220654287705624,0.006014086325800491,0.02585947122720953
2021-03-08,-0.039979100734054036,-0.03710025993387264,-0.02910117480692937,-0.023807261025332833,-0.032124869738367395
2021-03-09,0.004799535071097134,0.006884845947979712,0.01297809559885886,0.014286133876064498,0.014083341160002425
2021-03-10,0.014136697303211718,0.010662216801816296,0.00022203806798003597,0.007573463220641492,-0.0015500208894072393
2021-03-11,0.02002473574646119,0.015154112858434767,-0.005182162295255472,-0.0005920150623848413,-0.00554882258226078
2021-03-12,-0.0006267943888286056,-0.0014338562742520196,0.00028680973252916196,-0.0024172494600011836,0.001971962560988617
2021-03-15,0.01004435211278449,0.009638844837323943,0.0012436083316775487,0.012646386036234351,-0.0037117461619894333
2021-03-16,-0.005172389378263762,-0.0019334672765271062,0.008229174823666769,0.012052439044293848,0.007864623214498481
2021-03-17,0.024772227470260765,0.024156442464639067,0.02707755790405009,0.029729425498799318,0.02793824591991154
2021-03-18,-0.017432416704399493,-0.01600232405571434,-0.015603110255237517,-0.012129505460959356,-0.01991937488580964
2021-03-19,0.017180469651273202,0.017006277026366198,0.02176405413555077,0.022870219900742592,0.022812906075417493
2021-03-22,-0.008572340875746987,-0.007258746913810977,-0.0028407669295803547,-0.004020018654220556,-0.00512201481777026
2021-03-23,-0.009398855393335487,-0.009473984709819224,-0.008985766178481293,-0.005823948116324232,-0.008745664787470245
2021-03-24,-0.01780346202541256,-0.016320857339765113,-0.008306967259307326,-0.009334983760332712,-0.008356435357160822
2021-03-25,0.016994672409944026,0.015185029947921903,0.00738420475677092,0.005933048794740839,0.007912398301892672
2021-03-26,0.006087284847489862,0.007454740880354123,0.012720023824974709,0.011058245684368697,0.013258676024950346
2021-03-29,0.004530824574732017,0.00785275806143755,0.023234698441746707,0.030421712117919344,0.0208898772589405
2021-03-30,0.018300118879761844,0.01439494960497794,-0.002406277627887133,0.006339730115777493,-0.004848071817779477
2021-03-31,-0.0014511043327453976,-0.002482121904701887,-0.00841859656985448,-0.006661619101045077,-0.008705348084789056
2021-04-01,-0.014758435337615327,-0.01346672321085048,-0.0045291333183831144,-0.01188808362730927,-0.004381277767801523
2021-04-05,0.01688147916542724,0.015136664119568672,0.006200278497638578,0.012457864015214237,0.005154589758445972
2021-04-06,0.005293697977850407,0.005699976919931381,0.01007662062876084,0.011545142965603473,0.010903482819737968
2021-04-07,0.001510786558586757,0.0010571031652486461,0.0014351249394637838,0.0006471605225577826,0.0030613512287667975
2021-04-08,0.008235885459200001,0.007924600854276188,0.007885297866788656,0.004667877644045772,0.0076332688734023
2021-04-09,-0.0015661605325232929,-0.0022936677166413874,-0.0001450217471058114,-0.004247260837234025,0.0007980924941092982
2021-04-12,0.010658720543895243,0.012328450201815574,0.019987434013325533,0.013261346034491722,0.02047387447503488
2021-04-13,0.00210894675516932,0.001320338524252861,0.003566923571310752,0.001927483926048937,0.006078209450926865
2021-04-14,0.005064112985907731,0.004565183006315418,0.0068954465510208856,0.003497806999979465,0.009970334736316387
2021-04-15,0.002018156050550378,0.004918404523678119,0.004192869918187827,0.006596321525630946,0.0013896937349661329
2021-04-16,0.004833776584365209,0.001396252620681743,-0.001540956286016915,0.0026830559287484325,-0.0009156781969918879
2021-04-19,-0.004366524024846395,-0.0006163739260097053,0.004268987836485682,0.007110191178161935,0.0038083968015275487
2021-04-20,-0.0036626396869262196,-0.0006977433712314135,0.004635092978650074,0.0024191087904814395,0.0027213435663268185
2021-04-22,-0.003548599016547616,-0.005048856133682331,-0.004229034600472753,-0.005918354302018364,-0.0024419987749032678
2021-04-23,0.006419026361252652,0.0047686916781490936,0.001756819294603636,0.0009364088904477499,0.002488305394627623
2021-04-26,0.0008734649973517134,-0.0009935649910652554,-0.0005307004266417383,-0.003459709064537301,0.002337825815453568
2021-04-27,-0.009720384526355775,-0.008816903752660993,-0.003090304862195211,-0.0032761419402840093,-0.0024276118077524193
2021-04-28,0.006477286226058213,-0.0003446720487597981,-0.010378685228630991,-0.006308698718031558,-0.009120592189724762
2021-04-29,-0.004807376521686429,-0.0026000801073229464,0.004294388647249474,0.006802957083567307,0.0020511577334262725
2021-04-30,-0.010318044904614673,-0.009844131856534951,-0.0063957464589877635,-0.0034706413073971026,-0.007655729967219962
2021-05-03,-0.0028922923902467918,-0.0024511559835708337,-0.0024598598665404973,0.0018589569690070945,-0.004716942805747866
2021-05-04,-0.010137382933472217,-0.007573348625868126,-0.00011860406927440042,0.0015973364533673766,-1.2150970664816588e-05
2021-05-05,0.014534999403989439,0.013886914511195605,0.013042443923005086,-0.0006103149130478281,0.01561972984334303
2021-05-06,-7.481015184661869e-05,-0.001977221392285569,-0.009382331410215255,-0.004107595208871946,-0.009191227745537447
2021-05-07,0.016537823351261045,0.013720158845877484,0.007212021449737278,0.001291465127115798,0.009145139281373199
2021-05-10,-0.0007976372404963407,0.0011291350756161267,0.008555633751683677,0.0015509452072143002,0.008437820583324946
2021-05-11,0.006897887705503963,0.008374155704461114,0.01416099353447871,0.014776923464278467,0.013413444299812127
2021-05-12,-0.029435214285637685,-0.028653404075801595,-0.02674816518146581,-0.02726628160278424,-0.02604057082545702
2021-05-13,0.00993512356723433,0.003556435257133823,-0.015406672281336416,-0.007390239744384525,-0.014342273316751399
2021-05-14,0.01044947062584269,0.00849667115781411,0.005035843660030898,0.011737646321695947,0.0018601682866949518
2021-05-17,0.00876992129203754,0.007592896709637531,0.006733507419417603,0.006680854256025423,0.006437227951130236
2021-05-18,-0.0008699732793703302,-0.0018236167085668676,-0.000547608376538206,-0.0018301509815004694,-0.0005833978248490834
2021-05-19,0.0006874926053392554,0.0002434313066667914,-0.008927371448870246,-0.007929899046380019,-0.008752442641179546
2021-05-20,0.0016005387565598069,0.0013090245515866184,-0.003096354290717324,-0.00034108149111410795,-0.004317917119397015
2021-05-21,-0.003425338311888628,-0.002854031502757814,-0.0037150338480752085,-0.006665816895301012,-0.004063693445441604
2021-05-24,0.009231015394203953,0.008294944057391476,0.006972326039339732,0.005570994103948652,0.007644787538760627
2021-05-25,-0.0011260862738125751,-0.0008541196281955535,0.003822380645593408,-0.0018606370850691757,0.0037528516110368303
2021-05-26,0.0030495146877815467,0.001552245888757137,-0.0003450527490373148,-0.00012945771680805207,0.0009376376110901485
2021-05-27,0.008544005275671592,0.00793421901329442,0.008130202441906775,0.0016215217894597197,0.010594628136974362
2021-05-28,0.003840006137385617,0.0028978535709751983,0.002223134902811577,0.0018304395736705057,0.0009149513740086496
2021-05-31,0.0028958285012975755,0.003709937449767166,0.005722988613010507,0.005273429469933167,0.0050179814504846855
2021-06-01,0.018169655776733514,0.014263493552320953,0.005551199815124801,0.006115937339637777,0.005499765334526958
2021-06-02,0.006767550909966465,0.005547159720853084,0.0058398602491369815,0.0010236284249677085,0.007277647623539975
2021-06-04,0.006631638811718831,0.003943847535047472,0.00379477209671318,0.0022260204005643664,0.005446259516504492
2021-06-07,0.003957245030361457,0.003414836070116097,-0.002529471194535679,0.00234470280122559,-0.0023838287941973665
2021-06-08,-0.009234526484069801,-0.01045291707431394,-0.012668582510229356,-0.008945965776541148,-0.01392658798166778
2021-06-09,-0.002436157469245626,0.00031775920211077726,0.0032403683915730535,0.004621109553973679,0.0023397809828803653
2021-06-10,0.007213288159447476,0.006640747559692389,0.007298498250283575,0.010619342126559636,0.006397655380906277
2021-06-11,-0.007685834865166417,-0.006905228109836541,-0.008673788289460804,-0.00850736862009689,-0.007595840150436152
2021-06-14,0.008783519602888017,0.007043587935713569,0.004615990357821319,0.005013976024798498,0.003641555047411981
2021-06-15,0.00029230909650040845,0.0003024107793422721,0.0015765392833000723,-0.00012260925711346212,0.0016464095538990479
2021-06-16,-0.008037279750052544,-0.008757962134888508,-0.009130485331797293,-0.01334706140128166,-0.007660287009229465
2021-06-17,-0.010136011696453694,-0.010505215525193054,-0.013254751279830992,-0.0090787472217515,-0.01332392925556175
2021-06-18,0.0008287513220670607,0.0012158743489920306,0.0007480491861299919,0.0036080580388366855,-4.994186137820657e-05
2021-06-21,0.008535444007525293,0.008366178947110035,0.012939872653595644,0.004544248876367072,0.015603415905349988
2021-06-22,-0.0045148697735882875,-0.003839648649003767,-0.00227207671540411,-0.006122613699114801,-0.00037876116427278074
2021-06-23,-0.004056988872325606,-0.004937657757991265,-0.006957717738932873,-0.007025526556080728,-0.005918011894257006
2021-06-24,0.006931513521740024,0.007568481257745132,0.00691361106104177,0.002333150513831474,0.007176251082756992
2021-06-25,-0.02034876285564422,-0.018828304476828588,-0.01642288649144574,-0.013044082849677828,-0.017566506444364558
2021-06-28,0.003017718484945653,0.004272971321771084,0.007141286406901489,0.006338922990142801,0.006586905456283638
2021-06-29,-0.005304101266903747,-0.004760732743533248,-0.003433094602439216,-0.004749597799958321,-0.002976447572610362
2021-06-30,-0.005464976561927865,-0.004803861257350609,-0.0011653657186711432,-0.0027065562139307656,-0.0011333354854153764
2021-07-01,-0.006437143175930311,-0.005182784371756005,-0.002087909555816805,-0.002696795834372583,-0.0021201128078903826
2021-07-02,0.01381965537327981,0.012139908902785332,0.006635120017126416,0.007874672520569104,0.007145251947587744
2021-07-05,-0.0021358707587187543,-0.0008105518311126153,0.0044394081642633,0.0052648017271759995,0.0038723466659156217
2021-07-06,-0.014996501218163281,-0.013847827322704271,-0.01387167576273792,-0.009957958505961265,-0.01602515301777129
2021-07-07,0.012654026616016107,0.012448421510281398,0.007295011152844897,0.008784547374245945,0.006230905386956885
2021-07-08,-0.014141377789028192,-0.013875689352527431,-0.013616430879609481,-0.013710945979802455,-0.0137879776843461
2021-07-12,0.018211930771409895,0.015062008954349334,0.006620972151594683,0.004452833193977574,0.008925599505466758
2021-07-13,0.003387509801833198,0.0030610400951822363,-0.0010133825152613398,-0.0004270025522324413,-0.0012923445235193997
2021-07-14,0.0013265715382165246,0.0003773413523838955,-0.0025593515032502233,-0.001633301178266116,-0.0025910486422408346
2021-07-15,-0.00908885862433472,-0.008525639161517712,-0.00824812518227662,-0.0046992872679165135,-0.009454718868261748
2021-07-16,-0.009698039592175196,-0.008526628283906322,-0.003334996189592792,-0.0024810495015896547,-0.004521934397095755
2021-07-19,-0.010864295923020186,-0.010946728074890551,-0.0156344112292404,-0.009262924141057251,-0.01709068790356795
2021-07-20,0.007997529341293195,0.009417617772239005,0.013501343541185344,0.012409241076098214,0.01342764450047948
2021-07-21,0.0033125695898139377,0.001978676222270243,0.0027866727446024236,-0.003865927174184135,0.005316113104961737
2021-07-22,0.003695311271680059,0.0041141261987588705,0.0027510216318008046,0.00298590253532221,0.00206818793902519
2021-07-23,-0.009943647347338802,-0.009281201864589533,-0.012149592200670103,-0.007415417724492159,-0.013338399192375169
2021-07-26,0.0031395372530884148,0.0031227216138740455,0.0023087071466744123,0.0004665503135406284,0.0034698128519816823
2021-07-27,-0.011835834064533483,-0.011299629232996423,-0.012402552947190428,-0.008061322924666058,-0.01488252006134018
2021-07-28,0.010011941710839937,0.009659542101688215,0.009461858459736447,0.011975980750004969,0.008644270594133877
2021-07-29,-0.004455031938503464,-0.004704621076544266,-0.006859713860709679,-0.008743017095308326,-0.006885230949994561
2021-07-30,-0.025356612941429397,-0.024476527844677166,-0.022859672487321816,-0.018371925072661346,-0.024463950972321163
2021-08-02,0.006575633882595622,0.007856435042825828,0.007500536223391205,0.014407262368606556,0.004216986379877192
2021-08-03,0.002004800534154012,0.001985832073182351,0.0002034295149254936,0.002780169837271247,-5.6966645850327296e-05
2021-08-04,-0.011267554939188273,-0.01049827510308804,-0.013806728432322125,-0.007815306403421585,-0.01519865904647111
2021-08-05,-0.009814405522349643,-0.010394766189713397,-0.008411129871035195,-0.010139549723477085,-0.008447142326911468
2021-08-06,0.00837425080306132,0.006978649941629138,0.005393161512207242,0.003519116036377825,0.006171257082316385
2021-08-09,0.005031700485712456,0.007164328055921331,0.010379956867481905,0.013924915220347632,0.008641364386670259
2021-08-10,-0.007419337050008833,-0.007198121714008047,-0.005397281651187698,-0.007978744093499636,-0.0034577018759710232
2021-08-11,0.0002889253451005474,0.0012766164055425869,0.001321040901018975,0.0014258602472454435,0.00017934548746222965
2021-08-12,-0.015421988187221963,-0.014240465999969414,-0.0076993333785108815,-0.0016635116705718855,-0.009176038372268333
2021-08-13,0.004149992816100694,0.004574559068138392,0.0017533037491526495,0.004742122628964517,0.0005062534079194481
2021-08-16,-0.01952217115013085,-0.016174177987201784,-0.0127766755321527,0.0004920316091513225,-0.0169709449423935
2021-08-17,-0.01418090346839363,-0.013761481807439864,-0.0098859040928106,-0.004557196783022164,-0.012499181330991023
2021-08-18,-0.006203522442394868,-0.006910946187641415,-0.0068890780622721075,-0.009802814142192431,-0.0061495436807619186
2021-08-19,0.01423471656462521,0.013460026912120289,0.008253563624649941,0.0022506194102607,0.008734687913194192
2021-08-20,0.01135997575637215,0.011711820006493576,0.012475685027833572,0.013001758914876194,0.0116695669861096
2021-08-23,-0.0027940896978977175,-0.0019741632802377567,0.0011932670422910002,-0.0032186070676844423,0.002839359384546884
2021-08-24,0.022209790556405533,0.01943616919845743,0.01605130171435358,0.010573680572359394,0.01848032826416658
2021-08-25,0.0076862989737362,0.007757031361604946,0.00764075417648181,0.0026380324424499666,0.009008318727787493
2021-08-26,-0.020383419655343803,-0.01958616891353556,-0.02017866689206853,-0.017601820102308367,-0.021058992429691427
2021-08-27,0.014659690553027231,0.013015536528472356,0.009067738391383962,0.006181942623652152,0.010910225773397189
2021-08-30,-0.00764960750911694,-0.006193480579272437,-0.002403214870094155,-0.0011782276493211411,-0.0032698761909207364
2021-08-31,-0.0064399440867617804,-0.007071805786293677,-0.01467768784424485,-0.00881407130877232,-0.01589907234834769
2021-09-01,0.004913438620262236,0.007950734077230445,0.018551624838969338,0.014561796868761231,0.01728371845409038
2021-09-02,-0.023910529066766002,-0.023336502387655448,-0.02060634722100227,-0.017465926764487466,-0.021181657533994064
2021-09-03,0.00040364240847053345,0.001430609320651447,0.002475295247832324,0.002951178986074697,0.0022824979370800586
2021-09-06,0.012193755075909514,0.012043617400714881,0.013429250830533746,0.0075257730461749835,0.014716258491661492
2021-09-08,-0.038745668765482855,-0.035253003840436274,-0.02861730675983225,-0.025144535454563577,-0.03001934051719904
2021-09-09,0.022761429085921683,0.021830118370784822,0.020483601170509805,0.017132895680318835,0.022156078061101717
2021-09-10,-0.00640939681401634,-0.006442763030155481,-0.009820376681041788,-0.007200026617734416,-0.010947384280188398
2021-09-13,0.019538994653280305,0.015347415840858568,0.005731397376990335,0.0021674919660643085,0.008817866098384463
2021-09-14,-0.0010356179228198984,-2.5562639876816474e-05,-0.0014522273588468435,0.003435101129953389,-0.003391141940842532
2021-09-15,-0.005849557581512505,-0.007284224990688653,-0.011981438762714704,-0.019584028642976703,-0.008981894342365184
2021-09-16,-0.007550975960477279,-0.00885405568102981,-0.015986987600608855,-0.01092260218693872,-0.017458288223773464
2021-09-17,-0.017799095413576157,-0.017369601733839078,-0.016490622129964237,-0.011256017744332616,-0.0186060224467412
2021-09-20,-0.020722935575180075,-0.020345444980027466,-0.02331433166911702,-0.01601637254517445,-0.02619739376600097
2021-09-21,0.01107856693886282,0.009473543142864587,0.01191789096265262,0.010133247920397704,0.01199560046747312
2021-09-22,0.016287963367691394,0.01584241710346591,0.017010020046888764,0.016303814596542097,0.01716170088283605
2021-09-23,0.015796554409943892,0.01466374200549239,0.013174716913362297,-0.0022301758917821386,0.01626458153082371
2021-09-24,-0.0025036920882502796,-0.002432741843372445,-0.0016854562883165214,-0.008478254857265308,0.00033717561635798835
2021-09-27,0.0005144679973439156,0.0010684235870838442,0.004048261415850003,0.003451374710154116,0.0036845392764748956
2021-09-28,-0.02729384471502421,-0.02561639972977208,-0.027591726697542236,-0.01907863554147065,-0.03023113355332985
2021-09-29,0.009151094433319608,0.009949058458720303,0.009879918635635376,0.007467873418218432,0.010139934609177932
2021-09-30,0.0012557462507401113,0.0026759578556858226,0.009777930210451435,0.00434275906904793,0.010570670858604627
2021-10-01,0.015574952392389315,0.01091208240240875,0.0035525902761233876,-0.0023377955399984055,0.006959744420502206
2021-10-04,-0.0291715916990788,-0.026292411099029436,-0.019188168021401542,-0.008810614306195143,-0.022023112060456932
2021-10-05,-0.002952671109895816,-0.0028536975628309525,-0.003502658970194734,-0.0024064373230291776,-0.004225356030501136
2021-10-06,-0.0029421591152762427,-0.0028990220038718818,0.0019157690726698906,0.0015922358392006781,0.0027003466747926594
2021-10-07,-0.001502281898756599,-0.0016047768898083288,-0.002192293902116932,0.0026565824117817864,-0.0037389818716926904
2021-10-08,0.02256340410593575,0.02064456748739228,0.020095074229110575,0.01908675919956748,0.020193857517341124
2021-10-11,-0.004312545021828598,-0.00209531604353496,0.007707476878256363,0.00696950424955994,0.007415202051283843
2021-10-13,0.01584572166303881,0.015044008233094416,0.011080020213690499,0.010424571666998093,0.010733537404723268
2021-10-14,-0.002394177415050414,-0.002375876083230095,-0.002934019445101725,-0.0024850778322086722,-0.002418019829088822
2021-10-15,0.009749743669871018,0.008865544083104042,0.008512843776998756,0.005727568830466601,0.008935310551816365
2021-10-18,-0.002218108126652769,-0.0029330833034996056,-0.01120773926440662,-0.0020442394648817405,-0.013005817753073303
2021-10-19,-0.03324326934333163,-0.030204241809217006,-0.02263714623127501,-0.017366246711805963,-0.0239050342181501
2021-10-20,-0.0030949523979115576,-0.0037603275649305415,-0.010159313445600747,-0.003468394339664975,-0.010799096025130394
2021-10-21,-0.03142733652359592,-0.02774975253150597,-0.02100838154602869,-0.011964549725006525,-0.022858486141997217
2021-10-22,-0.012824873685960332,-0.008801298904295297,0.0007345554284468634,-4.6612258621115565e-05,0.0010285146361876717
2021-10-25,0.020030585471433823,0.017285354561430235,0.005883076807108703,0.007353661792146025,0.007101907963140439
2021-10-26,-0.024232170715359463,-0.02195963050464338,-0.021336350242990645,-0.012535211422244721,-0.02380876469608579
2021-10-27,0.002885562987815262,0.0010032602422871642,-0.006088731485285379,-0.004458770265077353,-0.008342995291537498
2021-10-28,-0.01093139823036493,-0.00931954909216119,-0.005069331855097689,-0.003074248246762292,-0.0071473845343413694
2021-10-29,-0.012040267508162665,-0.0081573904667297,0.0005234451016139129,0.003674171314971263,-0.001450370840955564
2021-11-01,0.017059571411035705,0.012664276197481212,0.0072340024459903755,0.001595148655890686,0.008020911759936319
2021-11-03,0.01227980658433684,0.01320781024264516,0.015330637992063705,0.020591924202550783,0.012477740498869244
2021-11-04,-0.017646522255337905,-0.013930607767985615,-0.00926113224507278,-0.0030828638261896383,-0.011165740825966467
2021-11-05,0.015351609900000776,0.013191027185221815,0.01402359048339931,0.003690153175946265,0.019065566064771004
2021-11-08,-0.004602052535954392,-0.003027810983315027,0.006663450583952301,0.0077787369283083795,0.006268786324719165
2021-11-09,0.010591258174904822,0.008855906861805107,0.005238945565359906,-0.0009919752993373175,0.006297212335814328
2021-11-10,0.005555343028282849,0.004026106575767758,-0.0046332106178126695,-0.0005883400954847773,-0.005804094839070518
2021-11-11,0.014313591588824403,0.013337973138286498,0.011794981618229918,0.006011442391505757,0.013774912849283097
2021-11-12,-0.018599414087677294,-0.01698507590398448,-0.022101906105187485,-0.007090665940232905,-0.026718124550810404
2021-11-16,-0.022557825645941595,-0.019680697965781948,-0.02106294112864672,-0.012618480305205935,-0.02387559747693701
2021-11-17,-0.017519641007231176,-0.017194047981002512,-0.019068908792916225,-0.015206156847574688,-0.02051655901427224
2021-11-18,-0.0016000222889452362,-0.0012493773272686105,-0.004813712362179698,-0.002166717120441159,-0.0065013031540533325
2021-11-19,0.006615184867247067,0.007759286017553067,0.012093469943338214,0.016344883094201387,0.009743164415094593
2021-11-22,-0.01498790725288565,-0.014270877456361552,-0.012025645250136812,-0.010429520101852392,-0.012092395284176346
2021-11-23,0.011804384505917651,0.010868330409963265,0.012277642639952818,0.00564428009460528,0.013784277892322443
2021-11-24,0.004061908330056975,0.0033076180781324038,0.002832191877912304,0.002247268099796578,0.002807765136786403
2021-11-25,0.013644038492512991,0.010914004410289583,0.004079789664909656,0.006023106458019625,0.004116314500536936
2021-11-26,-0.03444771281974468,-0.03096160352674785,-0.028874985319315535,-0.017945320259564624,-0.03365193772347419
2021-11-29,0.004024121043419233,0.004352919163247069,0.005746562925034426,0.00418528657170919,0.006421360171962467
2021-11-30,-0.012468961752090352,-0.011623076604634824,-0.01283401525345987,-0.00705328097624521,-0.01477367809832579
2021-12-01,-0.013618337102558588,-0.013263163062147157,-0.01761489944945169,-0.01199338396906753,-0.019775235291874978
2021-12-02,0.030526977321224023,0.028949241549239522,0.024336276399259022,0.02542139923804374,0.024176625855480117
2021-12-03,0.009795721250974691,0.00589494594119157,-0.001395152060292705,-0.0029756345786313156,-0.0005555325122695803
2021-12-06,0.013116335424698004,0.0120117354397571,0.012867285858659878,0.009712808164790625,0.015182927181412237
2021-12-07,-0.0010740453965322459,4.4259121477625e-05,0.0012831250228777073,-0.006175517362834903,0.003626064260568469
2021-12-08,0.012669541274644161,0.011101656622817584,0.004268492575298232,0.0039319347979837466,0.002989438813640346
2021-12-09,-0.019064686424640345,-0.017667432829654713,-0.01848162325803607,-0.012480028168662833,-0.019737803948744567
2021-12-10,0.014337939585822015,0.01215940333419194,0.0063787896751152425,0.007402442815489061,0.006654523632038541
2021-12-13,-0.005282315555843514,-0.003162234249315705,0.0012412193950337128,0.004391403330205548,-0.0007192482686606741
2021-12-14,-0.007414740315155595,-0.003752727364259599,0.0034743084430419206,0.002509343881198691,0.001681188958089697
2021-12-15,0.0091262841557289,0.008495491065584577,0.006455509217980315,0.0036073423512429704,0.007699458716808114
2021-12-16,6.0708954760697046e-05,0.001061116368060113,0.009270332807329452,0.006188880920022869,0.009664443607504366
2021-12-17,-0.0033465711006122707,-0.001960370877852089,0.0061371795490881365,0.0016132259470216254,0.006513240957429869
2021-12-20,-0.023499287317445144,-0.02108055236717567,-0.017309107024386008,-0.011363641501859768,-0.01908734367645623
2021-12-21,0.0034543585304102334,0.003646087318706273,0.010916759133511466,0.003968544340406766,0.013116923208926481
2021-12-22,-0.004123923367884267,-0.00438784992016748,-0.00792039934415667,-0.003897994214939451,-0.008717290438454268
2021-12-23,-0.003951968904642688,-0.0024103603369402785,0.0023941897017155625,0.0021795442181537852,0.0027144840371426462
2021-12-27,0.00823283200605182,0.007017034534693434,0.007076003626172433,0.0015242554175595852,0.00944995428584395
2021-12-28,-0.00017643935375948776,-0.0009234306182869434,-0.003938144605939473,-0.006713020538217034,-0.0027660593461636372
2021-12-29,-0.009043371248899978,-0.00734878907795281,-0.003537444605007775,-0.0012858278477807527,-0.003841833034200423
2021-12-30,0.010495991624732878,0.008970125812410261,0.008039433914603895,0.002122628332368256,0.009340188495884541
2022-01-03,-0.021837892512020625,-0.020882028310690297,-0.018173057360750984,-0.014256186207822793,-0.019535764733596323
2022-01-04,-0.009083500927879963,-0.006048878610772997,-0.001374156373725537,0.0027183545038553286,-0.0019028110842165716
2022-01-05,-0.029496121531517164,-0.025791466435545394,-0.01987625009802405,-0.011079464630552482,-0.022530420454414984
2022-01-06,0.0004188377828971177,0.0008450163166475078,0.001917804704191873,-0.0015104609304211081,0.003380842025980767
2022-01-07,0.0018611785848692292,0.0011505826742562446,0.006975681101493471,0.0016346441774538582,0.00805741205031867
2022-01-10,-0.007746557709655115,-0.006126870109258283,-0.007478531878297207,-0.0006739155096509118,-0.008777985199124561
2022-01-11,0.014459375885104715,0.01261857942956689,0.008851233231688111,0.0034574196898073646,0.010442022206824542
2022-01-12,0.019902779356530682,0.019054401019761344,0.01823870661065793,0.010957511176678487,0.019705975658245615
2022-01-13,-0.001977449240465027,-0.0006505208103031301,0.0027442361400530518,0.004864534470654091,0.0025330835492210707
2022-01-14,0.010042699042273761,0.009387274036476502,0.00914144623936489,0.0037583541839556617,0.010927506545916208
2022-01-17,-0.008122154085991673,-0.0075526535539349625,-0.007510543586119084,-0.003566329917701869,-0.008980152415789056
2022-01-18,-0.0015799003190157786,-0.0004262445595334514,-0.0003342854221835974,0.004630310129056848,-0.000651628811039854
2022-01-19,0.016366794076801076,0.014913595109553354,0.010850969833686316,0.014639302996251264,0.010651690596301326
2022-01-20,0.0158784163263322,0.01005746661090218,-0.0029324290533316835,-0.0023475010015946256,-0.0026729341000516806
2022-01-21,-0.0005592751849860767,-0.0020046256548762183,-0.003130833115318221,-0.004564886782368396,-0.0038324563314911337
2022-01-24,-0.008090215514316188,-0.007639006398009904,-0.006249253380387963,-0.005601749036178582,-0.006027725616199307
2022-01-25,0.02060038329004987,0.016760530949840667,0.010708260857616187,0.0032659548483400594,0.01195821857802725
2022-01-26,0.009601159893632305,0.005620354203919271,-0.003778715739701323,-0.005856900470740958,-0.0033150181721979216
2022-01-27,0.011646157736975143,0.01208349625954685,0.010530772699350174,0.015859142246685103,0.009289538324839594
2022-01-28,-0.0028223170402546347,-0.0008878460440677123,0.0009038764629299592,0.004628131850993603,-0.000121306137472866
2022-01-31,0.011315496685187222,0.009096297092548887,0.00207405297579131,0.0043777148733324025,0.0016733746499901997
2022-02-01,0.0007176779047021732,0.000914624176633578,0.004276514637180199,0.0037452777677915317,0.0047843160075694184
2022-02-02,-0.014753061488831824,-0.012602518879188415,-0.010312853534066621,-0.004719686333852859,-0.012122141471360308
2022-02-03,-0.0008338979490126509,-0.0013870772266426125,-0.005572184066051368,0.002471765638597318,-0.007797056594492068
2022-02-04,-0.005564479173341733,-0.0028487176494394442,0.003714992715215797,0.00174119055902355,0.004364599899607596
2022-02-07,-0.002560891834517423,-0.0005260958198329241,0.005181831478773258,0.005968865503266389,0.006018661935891149
2022-02-08,0.0024542485864374568,0.0033855631948958367,0.005685936209880241,0.005766533366462769,0.006321805590708396
2022-02-09,0.010349287599534641,0.010382756183926117,0.013454892138519917,0.012348227796746238,0.013693109480865487
2022-02-10,0.0025315353414013535,0.0013101872758638229,0.0011998940804747503,-0.0038841620462585205,0.0035138470139228373
2022-02-11,-0.006614549565220593,-0.006154848249441867,-0.006361981834848242,-0.007923172486435908,-0.007382375904081915
2022-02-14,0.006451586496285755,0.005601005970438491,0.0031528433888506797,0.0012829592358949786,0.003408677063785283
2022-02-15,0.014304488741192648,0.008704913964536539,-0.0026352049106244395,-0.00726726875011693,-0.0028509506722794635
2022-02-16,0.002897406230945478,0.00137886016092702,-0.00010217861025181742,0.0007925714504952664,-0.00045765931387570105
2022-02-17,-0.010507518376986037,-0.007679290601741372,-0.002819195610893692,0.0006542192607501621,-0.0031404437436508064
2022-02-18,-0.009540134636741903,-0.008856217124612775,-0.00722271303696708,-0.004805748757529099,-0.008265392639297636
2022-02-21,-0.0170160430437537,-0.014133532881719929,-0.010727774219457156,-0.004118255372027899,-0.012392935812315516
2022-02-22,0.014639372558150333,0.01401620421285804,0.01595186362279937,0.009204521899674106,0.017566624717543923
2022-02-23,-0.008033606293553765,-0.008380932167829798,-0.008053887176230599,-0.003325620914888682,-0.008212501078545922
2022-02-24,-0.002349049476487021,-0.0007225184206249921,0.003592340933697988,0.00396865164153081,0.004345433804074192
2022-02-25,0.0037755760333154807,0.004519859529299231,0.004008664696711192,0.0006611477217770286,0.0030618713894878563
2022-03-02,0.007391143595421618,0.00946918905963442,0.018350684833391088,0.010938066502523103,0.020648721390072636
2022-03-03,0.0022888462716391324,0.0007375814170126021,-0.004376143668920836,-0.008785736979864987,-0.004407740866792629
2022-03-04,-0.011017529352957202,-0.0060916493234456585,0.004283440487356676,0.009907356946758133,0.0020919812320403107
2022-03-07,-0.03392910327646223,-0.026348396043292432,-0.007750223795086802,-0.00556844067958959,-0.007721597539119571
2022-03-08,0.0042802588899290795,0.002677863777217113,-0.0008007461506198362,-0.004344742604343452,-5.647129175944971e-05
2022-03-09,0.0362061237072915,0.031421778980921806,0.01618646614511419,0.014872687826091224,0.015817969526584683
2022-03-10,-0.011706517434687508,-0.008811455118354045,-0.001922915885489886,0.0006570416696744315,-0.0029687997588504003
2022-03-11,-0.021975685418549926,-0.01754975982222267,-0.011014656928166949,-0.005862047278323945,-0.012979890650374835
2022-03-14,-0.011306681695845174,-0.009941059394481538,-0.011460647672115526,-0.007039589615419251,-0.01234242372774668
2022-03-15,-0.0022673712685887986,-0.0028017939167232055,-0.0023879702489996075,-0.0014093123129654411,-0.0024827247420066705
2022-03-16,0.016990285177767576,0.016492854976673025,0.017637816542944086,0.0140272144227861,0.018095609923093146
2022-03-17,0.019220480025964062,0.01815910921591583,0.012250056170280823,0.014093917342807946,0.011858841556607456
2022-03-18,0.0247892302576537,0.021847683614134913,0.018348332138805223,0.01448602093645997,0.018489032556625512
2022-03-21,0.0007856896880932353,0.001383272166242582,0.0006811918856424512,0.0021963058186305695,0.0010663494384749268
2022-03-22,0.016830971459450412,0.013033194569689844,0.0030072143521211315,0.003502263205733933,0.0029323187422837012
2022-03-23,0.0017456628268742275,-0.0013930275102281018,-0.006533659968673066,-0.0026042590217025,-0.006639730489857221
2022-03-24,0.018440409052176445,0.0155552690021918,0.011386775405918478,0.011637665530220099,0.01176979211786778
2022-03-25,0.005740102528324921,-0.0005419555390334333,-0.010052186906392065,-0.00884494206008914,-0.010421528212882438
2022-03-28,-0.001418682566740026,0.0001593708847463171,0.004197173532963031,0.0020928160853702638,0.005215694224770676
2022-03-29,0.011171520307783843,0.007635179905408766,0.0032142866659272975,-0.0028591500628260694,0.004830549836305818
2022-03-30,-0.0027296929155401534,-0.0003038419875065292,0.003426900652842584,0.003535911466980379,0.003920654924144817
2022-03-31,-0.00170421841140475,-0.001223639882203095,-0.0023365067847837054,-0.0011245938442940111,-0.0020963972845403243
2022-04-01,0.017064302200723244,0.013599706156799028,0.006630071876055742,0.00710747925565785,0.007385339796716197
2022-04-04,-0.0016507315920764273,-0.001619429918863808,0.0011597137329673376,-0.00195126858445196,0.0018533439689589876
2022-04-05,-0.017973328961278914,-0.015333033731768855,-0.011539463841626465,-0.006842600729474218,-0.012872064532375285
2022-04-06,-0.008827163827664047,-0.004495513307853033,0.0011198082055603495,0.004271706817983244,-0.0002434465485824771
2022-04-07,-0.00035807150906379265,-0.0014376180857934716,-0.0027153351569649906,-0.00357878669735607,-0.001905725069037743
2022-04-08,-0.0015100221250696707,0.0005482117030920745,0.0010010336335928407,0.0018036316286751597,0.001475713015092708
2022-04-11,-0.011439883303604983,-0.010416920790579915,-0.013231329797006544,-0.00627969811758458,-0.015126366346185794
2022-04-12,-0.004210044626744427,-0.005748296695116921,-0.012069935248106204,-0.006972484799848818,-0.013593012601849424
2022-04-13,0.004042027382180705,0.0033935342166184585,-0.0006777219425553065,-0.0018951983064710756,-0.001248395374947601
2022-04-14,-0.00679660552815208,-0.005936956031166467,-0.011470748916711394,-0.005331051250690408,-0.013792194444773264
2022-04-18,-0.002279819441311434,-0.0027398521719275474,-0.004566902612168517,-0.004971910671081861,-0.004592770553620608
2022-04-19,-0.004518231285991603,-0.006732783401406697,-0.007096388663348979,-0.009618460849558357,-0.006339786017247148
2022-04-20,-0.007578269547086824,-0.005378781355288211,-0.008123278238579739,0.0010898697936984525,-0.011138108582131821
2022-04-22,-0.025023610086689966,-0.02215227533781291,-0.02258362217589608,-0.014824229116942325,-0.025388237653949368
2022-04-25,0.0007152598354913265,0.0008115945116999452,0.00056878638412102,0.005915204401175614,-0.0014703075539612466
2022-04-26,-0.020669462179304005,-0.017493399673230034,-0.006325519495814148,-0.011467848817277821,-0.006620326307205087
2022-04-27,0.008282760341553114,0.008935027471068243,0.010171084211333349,0.0034485333615720845,0.012939084976059842
2022-04-28,0.003405630705965227,0.001907118838355916,-0.00023156591378504414,-0.00016228619224939738,-7.498325133463951e-05
2022-04-29,-0.021779229906884197,-0.02054300828527049,-0.017577243631602565,-0.014602605386721153,-0.018642510904806637
2022-05-02,-0.022406277242308217,-0.021201372836392278,-0.016793593016519375,-0.007737630759075147,-0.016622919036524075
2022-05-03,0.000497176613134821,0.0015038271411915124,0.004586465333346548,0.00042526722500990286,0.005315716910443202
2022-05-04,0.020112516379839775,0.016783524594886374,0.008599024826946638,0.012981639397732274,0.006713995016620003
2022-05-05,-0.0328202611692256,-0.02830049761883772,-0.022053846524985456,-0.021193389265169393,-0.023552875067845685
2022-05-06,-0.008081339555572553,-0.006500422446357446,-0.005306266095952124,-0.0018508952663651994,-0.006825935259512857
2022-05-09,-0.01519047327217878,-0.012527737058926436,-0.01428596399566007,-0.005079108077946818,-0.017295432765004802
2022-05-10,-0.0017117689083219194,-0.006495300727253379,-0.01607419417345546,-0.023730099448828527,-0.01228443932343694
2022-05-11,-0.001407808906490939,-0.00032325031749726293,-0.0023825530577671317,-0.00948355962725901,0.0007836308613378565
2022-05-12,0.016040625567108,0.012116760317546459,0.004744850968588636,0.008791909303890039,0.0031817328349183615
2022-05-13,0.019981477063561424,0.018149747117560514,0.016812853151153117,0.009769763247787652,0.019497644601774076
2022-05-16,0.008986809889262537,0.008044448655109183,0.007799273541646937,0.006113251962299263,0.008428913701231054
2022-05-17,0.0076588399736221835,0.008771273320377028,0.013715792188077395,0.010561208116183968,0.013389604595574985
2022-05-18,-0.026071222824829657,-0.0242881814583018,-0.021513948209950458,-0.01364142029353671,-0.023716358665521124
2022-05-19,0.0067378335523870965,0.005593705817734734,0.003046727799335792,0.0030467978216000727,0.0028727844111591616
2022-05-20,0.011583887813948228,0.011589005745447465,0.0088824737067583,0.008144186392394786,0.009620487469605452
2022-05-23,0.010588805698874087,0.011421164900549584,0.012004170732625004,0.013716137442531917,0.011460630287638295
2022-05-24,-0.0005824093248421957,0.002189639409374609,0.001114691626568222,0.004304273645076884,-0.00032129480795938144
2022-05-25,0.000607035099856213,-0.0007290080303177708,-0.003142200887123827,-6.974681168791163e-06,-0.0034945328389926417
2022-05-26,0.014119770759275702,0.010733497073670894,0.010347212663689298,-0.003930111151564299,0.013127694659700163
2022-05-27,0.001428910855430933,0.0012618694179540226,0.0013661508291362657,-0.005635685881227908,0.002838956306624856
2022-05-30,-0.009523143575177329,-0.007004375569742202,-0.001627905354707556,-0.0017342389080399958,-0.0022694013257846283
2022-05-31,0.003841978513937546,0.005045964231999507,0.00043531304783457186,0.005950355428217822,0.0009778795409973256
2022-06-01,0.000612454725870772,0.0008791839978056615,0.001484051674395579,-0.006596100385171425,0.0020953375087573705
2022-06-02,0.01141580192024104,0.01113343263260499,0.01240044065170749,0.007816755532775735,0.013026308629603488
2022-06-03,-0.014559372175717249,-0.013418938213251297,-0.012049445937672223,-0.007885357240108302,-0.012117440916682737
2022-06-06,-0.014040549178744763,-0.011538792657547751,-0.012042334603358424,-0.00928802351393353,-0.012368453947661352
2022-06-07,-0.009745853026026149,-0.008164853802775754,-0.0019692288253492962,-0.004816793529563028,-0.0013513565196122544
2022-06-08,-0.011386885315902097,-0.011816817883917736,-0.013607784222249267,-0.009229663649767537,-0.013606545553065527
2022-06-09,-0.007439664340062295,-0.00748280924410431,-0.007883470711104255,-0.007548886185554344,-0.007452870613777945
2022-06-10,-0.018579703976323123,-0.015460436246706899,-0.009829452967956634,-0.008998619092634712,-0.010880501205507273
2022-06-13,-0.03495000213179447,-0.02970190976729012,-0.024780017918482087,-0.01249377528616143,-0.028917687990965824
2022-06-14,-0.009647861622909527,-0.008884764342074325,-0.008544259938387977,-0.00421714852567222,-0.009922604181834166
2022-06-15,0.01685500063850573,0.012849322389097934,0.0063057557884085135,0.005833073596720322,0.007806064105359704
2022-06-17,-0.01950819195747575,-0.019946218122435397,-0.02231504897132387,-0.019535901978308092,-0.022943617474709837
2022-06-20,-0.004717260508754307,-0.003952535219536393,-0.007745377994991438,-0.0029639623469444026,-0.011194833720434552
2022-06-21,0.000595718488972818,9.735031427437086e-05,-0.001753081767886822,0.0012109678357250402,-0.0023299329312532376
2022-06-22,-0.004671481148246139,-0.005200384749313012,-0.0069492990464439745,-0.006018738517588147,-0.0069075896281423155
2022-06-23,-0.007400488143055715,-0.00916024286271338,-0.01274370501876939,-0.012000095324767873,-0.01255192367791653
2022-06-24,0.0026638387200239822,0.00311305299725659,0.0026535100733559042,0.0014307872433120745,0.003378405030529484
2022-06-27,0.009544890480515874,0.011390724558889419,0.01718525031820051,0.012166198239053433,0.018400302039958287
2022-06-28,-0.006827469119346484,-0.003987117758773642,0.00022425794173772405,0.004762478624900615,-0.0007845936698765671
2022-06-29,-0.011288922425658331,-0.011540426875678623,-0.014132381467365411,-0.011222791584015143,-0.014257503743774498
2022-06-30,-0.009648138592732839,-0.008723476861430914,-0.0057289989399404,-0.003055507512652815,-0.007944854245602586
2022-07-01,0.006707434567480904,0.007647931931135715,0.011714285489160071,0.009200853937097237,0.011566650509356914
2022-07-04,-0.008375186183642917,-0.00738841637796772,-0.001367786184806036,-0.009177306897415732,0.0019104046320547901
2022-07-05,-0.0009620321330632046,-0.0028576167893741783,-0.007426596980729196,-0.005960077057782729,-0.007405613006091878
2022-07-06,0.009561591280932666,0.008333070970490422,0.01087762777476572,0.00845204535995875,0.012142909936056264
2022-07-07,0.021995178998435557,0.018550496267120097,0.016125178086033445,0.011827848399868637,0.018185818454822974
2022-07-08,-0.0033014470309116178,-0.0036485376590493167,-0.009206173631216317,-0.003508900338765837,-0.010969975464659873
2022-07-11,-0.02209292994197213,-0.01865197101976385,-0.011989385966778706,-0.006793341237107684,-0.014386902326834808
2022-07-12,0.003280764828981167,0.000533412381506527,-0.0008760842942958159,-0.003420230450617792,1.8685356553074237e-06
2022-07-13,-0.005952936325431545,-0.006507022250450775,-0.007986903435726445,-0.006941468698988673,-0.007196400098651451
2022-07-14,-0.008043639340866925,-0.0075861153176661235,-0.01174849160070008,-0.004740629101582658,-0.014484501894176428
2022-07-15,0.0028258758625494575,0.0019961757530609224,-0.0056701946954412505,-0.0024184089322771244,-0.006487352177324837
2022-07-18,-0.0009461275086686088,-0.0013848353596814039,-0.0019389028272634964,-0.0005530999230197321,-0.0022777172626456867
2022-07-19,0.013787097800529781,0.013841145242146193,0.01517793937720715,0.006481694813438356,0.01740586297235682
2022-07-20,0.008278035863813085,0.005403597813381658,0.000666805818312984,-0.0008021949717856783,0.002586050018324278
2022-07-21,0.002818211112126124,0.003624058719283718,0.005111055197113163,0.0038827238695944267,0.0047659974828064035
2022-07-22,-0.004177740971744153,-0.0012060969712082048,0.005808484108335471,0.008926496846314604,0.0048762821501587995
2022-07-25,0.004193210538506644,0.006067214506217594,0.008069918596932195,0.010963169389488008,0.008144709945393456
2022-07-26,-0.01141518805012805,-0.008402836097858517,-0.00604630080470013,-0.0007782548775916839,-0.007235573732079481
2022-07-27,0.02391029394142231,0.02012141182685579,0.012464410015328851,0.00802573684555332,0.01578161441803943
2022-07-28,0.010165944137370053,0.007572697780655363,0.003245085859054548,-0.00037980844110300604,0.0047908823369661995
2022-07-29,0.0013373898763390764,0.0034533482211017716,0.004888272477005316,0.00507777735177614,0.004966496649977035
2022-08-01,-0.006971027797728737,-0.007366880667886684,-0.005702641143565486,-0.0011859489904428836,-0.007735746456827211
2022-08-02,0.005470309243130176,0.005682744252411152,0.009337407067319302,0.0035377831645899828,0.011546298999791036
2022-08-03,0.014584189982632353,0.007977122413197042,0.0015560602942732678,-0.005237698219606282,0.0032354876709313335
2022-08-04,0.027381087413524078,0.020624186952755037,0.007031319481548421,0.005133438572590641,0.006649924661056895
2022-08-05,0.001814933639855403,0.0037895115475529997,0.006288437186155831,0.006950674753573523,0.005475974329532788
2022-08-08,0.01528554580026635,0.01388681769761311,0.013145291388323906,0.005561217737911848,0.015217868767893893
2022-08-09,-0.00689617552306088,-0.0034790937457023783,-0.0010524871253688444,0.006508693716947523,-0.005210830467059446
2022-08-10,0.020345836125432403,0.0162730228334254,0.009053526971445196,0.004797358513240342,0.010143151531925083
2022-08-11,-0.010500500894854888,-0.006745834223538553,-0.0005122832108236147,-0.002752337063415416,0.0003828446550623024
2022-08-12,0.016392345226293226,0.012574027249202717,-0.002451995541255171,-0.005689887940082853,-0.003560814447029697
2022-08-15,0.005352894947078645,0.0018083584329092928,-0.0019020780457855158,-0.0021157025262617704,-0.0005462747091013768
2022-08-16,-0.0009718705331553531,0.0014734058037769748,0.006474639217249676,0.0008534506880442092,0.008671472260029518
2022-08-17,0.004441972691436857,0.0062113143191715485,0.007111586785604302,0.007009975906808686,0.0052215075113597
2022-08-18,-0.006058299113921988,-0.0057908896214055325,-0.001773091015322422,-0.006041365454389368,0.0006836486152369042
2022-08-19,-0.01969384339879181,-0.016032360244703094,-0.01480936762154635,-0.011258959253051527,-0.016828912159169145
2022-08-22,-0.012196053061873864,-0.011325737949669899,-0.008889833266277106,-0.008202892395859418,-0.010636266711234047
2022-08-23,0.016530054320180797,0.013523352698151353,0.01222030239999837,0.006017046682623592,0.016012557741396358
2022-08-24,0.007501999576280055,0.0026859421066758654,-0.0036714781865329676,-0.00891855117974435,0.0006987560439471593
2022-08-25,0.005027102884596047,0.0027084889785169005,0.0006213664826213365,-0.006188140920200943,0.0037197345064688505
2022-08-26,-0.012725463110586394,-0.011681642356033698,-0.01164937261260901,-0.010967826898370746,-0.011964848152645039
2022-08-29,0.0009690387080392637,0.0009939957306016032,-0.00017005932200568532,0.0016158791451544511,-0.002326040287213946
2022-08-30,-0.01393051354552448,-0.012365866970518573,-0.0133126685074887,-0.008772016941943015,-0.01625495757413689
2022-08-31,-0.009863231367392422,-0.009047012231569031,-0.007964227373657578,-0.004823185558751884,-0.00888975725970003
2022-09-01,0.006181659212136776,0.004731651057387573,0.0057226631018372515,0.005311860161863706,0.005654348139908518
2022-09-02,0.004794506122467309,0.0035136366376393117,0.001152013835852784,-0.0016913841053889916,0.002217187506532471
2022-09-05,0.011951921843357714,0.010811176789199475,0.009118476941734595,0.00754058635224823,0.009853025973147425
2022-09-06,-0.021842944125909813,-0.016976998815526233,-0.009162700851753296,-0.006170233310115874,-0.011699085684230282
2022-09-08,-0.0007346000347924905,-0.004613709258647344,-0.01042190927643764,-0.00979376091920615,-0.009916995546768918
2022-09-09,0.0167276889204854,0.01524758478331166,0.01493637559172048,0.012321911705459671,0.016985679119453794
2022-09-12,0.008297799232681436,0.006794047438548052,0.0055267705232851065,0.0030414090771922024,0.007704555296094649
2022-09-13,-0.02460803921377708,-0.023228778797784764,-0.025863733361374912,-0.019086708590154107,-0.029482647597142263
2022-09-14,-0.0015879642498738762,-0.001338515847838556,0.0006161400943633346,-1.3437070973469648e-06,0.001678104206490958
2022-09-15,-0.006990167178758193,-0.005408716396607009,-0.0009956789567780642,-0.0024059244510784643,-0.0004380052814417184
2022-09-16,-0.00805674136865455,-0.006331676959395737,-0.006757057093211581,-0.004640745483309158,-0.009228052279306889
2022-09-19,0.020803821524332484,0.017757477439136915,0.012404799737968599,0.010308621215937588,0.013924092196537848
2022-09-20,0.002426550608200142,0.003425167932323921,0.0012881227047726958,0.0031681161284547767,0.0002916607216799775
2022-09-21,-0.00405533290803786,-0.005470887162455008,-0.004582256319474041,-0.005104720448568655,-0.004666181843255586
2022-09-22,0.016839761942675543,0.015829871107173953,0.014168104188054002,0.01343569558200268,0.01504293508107803
2022-09-23,-0.016807815417805266,-0.015499201880217849,-0.017168865570523172,-0.008712865680952519,-0.020800958145013017
2022-09-26,-0.029261367107822612,-0.025721597450754224,-0.021592685489023777,-0.01927186459772234,-0.022456016655162135
2022-09-27,-0.010940678698127324,-0.010109164381165386,-0.005915933384830476,-0.008088872404255118,-0.0047432671177911135
2022-09-28,0.003469623239027545,-1.8971919284421594e-05,-0.008282181494748112,-0.006630996348554015,-0.008478228735401893
2022-09-29,-0.014507840756520689,-0.011809794314653404,-0.012611914079178483,-0.009797540412439406,-0.01346277856379708
2022-09-30,0.019364017821053504,0.015698279002182014,0.010797596086499595,0.009167135283393066,0.012880760618209737
2022-10-03,0.04690454454798558,0.04522433839704088,0.0377716291413489,0.04014265851261574,0.03815935144271958
2022-10-04,-0.0012545374113639256,-0.004870305058433632,-0.010323362553578743,-0.011870063131528243,-0.009008468370400837
2022-10-05,0.002026764674129985,0.0012286660666567227,-0.002035045424542259,-0.0052830707896642055,-0.0006513983148602868
2022-10-06,0.007490477886926248,0.004393213298952613,0.0024510712368858924,-0.004408431816161373,0.004844201213592896
2022-10-07,-0.0130505783047142,-0.009598975445666482,-0.004488616825486032,-0.0026621459375852775,-0.007521713971239212
2022-10-10,0.0036750611513334808,0.00659055428463542,0.012166786077249562,0.010501828537788943,0.011796267485349881
2022-10-11,-0.006429344290093076,-0.006836991636562304,-0.011128599973670134,-0.008630906969241153,-0.011711941044433788
2022-10-13,-0.002981395914044986,-0.0014313684053463614,0.0008521050436482818,-0.004720745141080603,0.0026193105433211083
2022-10-14,-0.02136993385570767,-0.018307148537341233,-0.017825959534101918,-0.011151985290394982,-0.0206872918373179
2022-10-17,0.014226973204432383,0.014526364711719211,0.011859248996343219,0.008721370276667938,0.013694115623770533
2022-10-18,0.018668376484658075,0.017183173958828905,0.017972542396256938,0.010642140372151767,0.02213401868550987
2022-10-19,0.0010905843731207937,0.0033564541152397236,0.006476150073515317,0.007340248375699076,0.004256845577504297
2022-10-20,0.0015776129833340884,0.0026318970269044147,0.002706215826830728,0.0019104869202271695,0.003896076390268951
2022-10-21,0.016990154597889343,0.01600612654695186,0.011724582038111194,0.012368072014386796,0.013249980694033773
2022-10-24,-0.018891646927298528,-0.016602188173536026,-0.016355782592383288,-0.0066753230922891515,-0.022233580564864068
2022-10-25,-0.01377580839722656,-0.013143101285044652,-0.010626215460369631,-0.00859234992140568,-0.012802032706789325
2022-10-26,-0.023027661695843325,-0.019570416382382806,-0.01222562059190172,-0.00793911451064936,-0.01456915939205033
2022-10-27,0.02860303669811192,0.024326033783503037,0.015193141063358609,0.015140592710301303,0.01574000958126547
2022-10-28,0.007097895889484009,0.0069585790584840755,0.00552676123237605,0.006157889680684229,0.005286612098397093
2022-10-31,0.025443958775141714,0.01928555503065131,-0.0003418629520915332,0.003698412789059724,0.00035577367672798976
2022-11-01,0.010266636601249726,0.007961663420390867,0.0015371137901291655,-0.0035510198963065857,0.003715343533887464
2022-11-03,0.0037048081135947273,0.003268988201927078,0.0018084199924652989,0.003144053817204594,0.0006368127978350964
2022-11-04,0.007576012127402184,0.008149247974725929,0.0029451111364399603,0.007615425175469976,0.0025386958026771575
2022-11-07,-0.029459339869814534,-0.023579498013117903,-0.018125403639486264,-0.010008317130289584,-0.02290582159135877
2022-11-08,0.004898052482869796,0.005390632084145404,0.00592020894925623,0.008444110690556445,0.004283446217432905
2022-11-09,-0.013229426339501636,-0.012664931207448802,-0.01178050385082969,-0.0037251443207414765,-0.013482270079838815
2022-11-10,-0.04754697555921867,-0.03965318919023933,-0.02615295176880576,-0.01856536755137752,-0.03013911288334788
2022-11-11,0.012076688245193425,0.01864620448718222,0.03439512112809722,0.035706422077109154,0.033183970228478396
2022-11-14,0.006662251902881983,0.003691791845612852,-0.00016677110975715691,-0.003690249800176557,0.0022907182426793573
2022-11-16,-0.03343173359681529,-0.03228656631206177,-0.03700719260816401,-0.036479333037091076,-0.037514037156828224
2022-11-17,-0.013571102942924015,-0.013154289274446486,-0.01238781431483651,-0.011071084797966927,-0.013234450675334372
2022-11-18,-0.004921844142935394,-0.004521810347945578,-0.011840066609392632,-0.0033726831002255527,-0.014842118216100606
2022-11-21,0.016408924484898117,0.013398444082795408,0.004170076900736287,0.0014060067363642341,0.005961262678216234
2022-11-22,-0.01450845555443125,-0.013993833175487672,-0.016551670873524556,-0.008853589912309737,-0.020312419366318196
2022-11-23,-0.005063152741054008,-0.0033455363612270323,0.00038267911671858524,-0.0007917494103225266,-0.0005725562884522616
2022-11-24,0.029559546924938646,0.026158937374730403,0.01952935915699559,0.01712314061100549,0.02159353519016366
2022-11-25,-0.029428281884681298,-0.026237731185915922,-0.021144801349365173,-0.019996396514201556,-0.022294999706256594
2022-11-28,-0.008600295871167904,-0.006816437668981097,-0.006592814702544014,-0.003825547072739558,-0.007691803264223345
2022-11-29,0.015565018022871373,0.011790152597036186,0.0047115569798682096,-0.0005558329069098433,0.006874662169545585
2022-11-30,0.00806411112317944,0.005839696188610956,-0.0013114791923985044,-0.004111361932093842,0.0018903455583188836
2022-12-01,-0.01832774477478603,-0.013683720040219224,-0.008137813008539942,0.005336863840300639,-0.014089374263326385
2022-12-02,0.00872015888109281,0.007209459862256186,0.009927656388307332,0.007581218237203017,0.01183908193149072
2022-12-05,-0.029857784318435075,-0.02523074549680374,-0.017455376730283745,-0.014179309750608743,-0.01918862455073673
2022-12-06,0.0044968717733199215,0.004473100696803037,0.005051040227280875,0.005528728264354728,0.006186033832357933
2022-12-07,-0.0018513376463519936,-0.001342650770749516,-0.0010268008050381516,-0.0006956252402549204,-0.0015792598796586503
2022-12-08,-0.025171880054618356,-0.022303622494761668,-0.019815636757785592,-0.017752775268433822,-0.020795704486322057
2022-12-09,-0.0026270602865995267,-0.0003688735644714193,0.00470175272213916,0.001641210234313178,0.00340593926116292
2022-12-12,-0.017723354778872498,-0.015347318431372487,-0.012174883642445098,-0.008527485178012155,-0.014095476062598653
2022-12-13,-0.021369188488484545,-0.02195218033187631,-0.024000533254183158,-0.02142966247099809,-0.024232212726565644
2022-12-14,0.007877333220113206,0.006523307880468354,0.0037372344746826034,0.00106240731686034,0.0030979215368387354
2022-12-15,-0.000680463130022838,-0.00019034624844319176,0.004235866758876528,-0.0005726432377053873,0.004935664233773848
2022-12-16,-0.011804096205041435,-0.00816779922366172,-0.0073897104397257045,-0.005218665174215388,-0.007861261108466364
2022-12-19,0.019025893231007684,0.013559249916952638,0.0023864638535068994,0.0027919502578959577,0.00409916063132085
2022-12-20,0.024105504119734333,0.019421589466337784,0.01098219493888995,0.008169462112017028,0.01246564583297049
2022-12-21,0.006757978883022495,0.005480830238509803,0.01259762208073382,0.0022141655866662396,0.01665237806963917
2022-12-22,0.00208806044761541,0.004032094470984277,0.008930549000018283,0.011016691967158973,0.007116428201216647
2022-12-23,0.0186885429059129,0.014421778050641845,0.009280995584744416,0.005188584065932461,0.010962108292124267
2022-12-26,-0.01302497451323839,-0.012453800765524162,-0.009611721755021042,-0.010687489772149046,-0.008762200406369621
2022-12-27,-0.008619885344996888,-0.003928657456542087,-0.00010953190150164217,0.00029757793095175025,-0.0009035864247529911
2022-12-28,0.02500669941403377,0.021294412583312612,0.017696641787810323,0.012163753738511123,0.019738858396262188
2022-12-29,-0.002855481566021036,-0.00126514343410328,-0.00017257242037169,0.0027451678430954604,-0.0021414000963210595
2023-01-02,-0.03495753392464673,-0.0302955606602962,-0.02182662562184701,-0.019922612428614303,-0.022744403306920704
2023-01-03,-0.025248938807481077,-0.021801273710308273,-0.013342854071627757,-0.010747721000243224,-0.013534723811313067
2023-01-04,0.015683643954771117,0.013369036169439342,0.01374420497555496,0.008170997402340757,0.016560824784142895
2023-01-05,0.016512194257131484,0.015083686483857618,0.014176935803939607,0.010839263646157168,0.014370321754677694
2023-01-06,0.015476702945159453,0.012863334688898073,0.011362612907513166,0.012344469681850352,0.009865204491524207
2023-01-09,0.0011249196669846529,0.0019631534193412527,0.0031053858324989842,0.007655975164335428,0.0031240822776103924
2023-01-10,0.022080901988775985,0.016910149607583608,0.012452369806013908,0.006135608837790817,0.016068158244988338
2023-01-11,0.016107404777246783,0.013835883858223118,0.0030012561216614256,-0.002535450774394544,0.005437675695529278
2023-01-12,-0.0049633334943131055,-0.0032409268477944634,0.0005518258868751104,-0.0004732424505874257,-0.000741655891760995
2023-01-13,-0.012911084572380018,-0.010989499957149526,-0.005845196848517795,-0.008946334884489345,-0.005926588067861604
2023-01-16,-0.011873986598874165,-0.011580185080025314,-0.008229474323304172,-0.007617964058559543,-0.009154841083996706
2023-01-17,0.017458403235584303,0.01740811171621674,0.016856736739400073,0.01823145337102103,0.017714992841098023
2023-01-18,0.008173061704135834,0.007120402995756111,-0.0015168441970927543,0.00240912918148614,-0.003150183973915958
2023-01-19,0.004652381286305914,0.0035161643682222756,0.004314970179077931,0.0006451944554108956,0.005875578090214768
2023-01-20,-0.010966963885167231,-0.011457507161201695,-0.011704767897746462,-0.01116572650397223,-0.012488124866944296
2023-01-23,-0.00281212955508979,-0.002608677375314755,0.003640976778088641,0.0052291664575234926,0.0037691679359834114
2023-01-24,0.016822079472749524,0.01340298401912214,0.008213068865746726,0.007965065395216572,0.0072383412095355475
2023-01-25,0.011242632260153679,0.009584627105008743,0.004730120465466123,0.0020803139235122028,0.005152219851833775
2023-01-26,0.002211181465154166,0.0011483294220169483,-0.0030494723435629104,0.0001259149153464568,-0.002748762467756911
2023-01-27,-0.009149531879406054,-0.010002498253973851,-0.004703328175262738,-0.00389704980482172,-0.002357986402526727
2023-01-30,-0.003768767486086833,-0.0008386145345794262,0.0016267637629767734,0.005434527215164468,-0.0009826297718288299
2023-01-31,0.016812694110531302,0.012432128587709106,0.007859016305989116,0.007328307671420207,0.009642549919639575
2023-02-01,-0.008486280005707274,-0.008585998165947628,-0.009148923958035782,-0.01710957050347931,-0.007893134664446537
2023-02-02,-0.013388632890964031,-0.015192702331023697,-0.01631094155184685,-0.01425191354589253,-0.01741108023631731
2023-02-03,-0.02141187778191305,-0.01581371802768688,-0.007895169489101026,-0.005685445467459575,-0.009813017345409224
2023-02-06,-0.0009537380261990309,-0.0007363095495426418,-0.0006517659283571264,0.0011523834120423567,-0.0018158026286802596
2023-02-07,-0.009966987172172285,-0.008690556649691351,-0.00375614443469757,-0.006882009136073445,-0.0036988497577228265
2023-02-08,0.016704844742722005,0.015222504601003464,0.009600602579627518,0.013177173364217117,0.010427932931117274
2023-02-09,-0.022715165465307562,-0.020344166761410355,-0.012780748343117144,-0.012369633752282682,-0.013516738562697738
2023-02-10,0.004291599544377453,0.005377657375712068,0.0009360861151273558,0.007602178274561709,-0.0007598449249768557
2023-02-13,0.004971329786456094,0.00546693128707064,0.005353696196114015,0.009154022827543195,0.004927971913178285
2023-02-14,-0.014226168091768517,-0.010928653665258657,-0.002629717947150727,-0.0026157676261522635,-0.00290691155732082
2023-02-15,0.016062853201691797,0.014768711365322387,0.013305882169702394,0.009876364586345492,0.014532395292813735
2023-02-16,0.002503558655428394,0.0012220524603266155,-0.0038921664288598117,-0.00014729185446040968,-0.003979991141705209
2023-02-17,-0.004545296084241249,-0.003600685160769468,-0.0010661187827233217,0.0034280890917614973,-0.0029137551497641686
2023-02-22,-0.018528605820520735,-0.01847367746430121,-0.020669895519348794,-0.013630925064645028,-0.02264524332424126
2023-02-23,0.001262454708885461,0.001973883582166329,0.0017421065109281004,-0.0006881089081147279,0.0019516020638132257
2023-02-24,-0.014600623238060436,-0.012744107624723977,-0.007831303055655518,-0.006417017983670007,-0.007608361556270355
2023-02-27,-0.0018473862872822773,-0.0015156444771449377,-0.005123707120757119,0.0003202469849210266,-0.008296514343245671
2023-02-28,-0.00961508617544371,-0.006022339030406905,-0.0003167661821417311,0.0031029147222805904,-0.0025665881498532633
2023-03-01,-0.007922204138598446,-0.004905977957628544,-0.001068441764345127,0.0014826239048356463,-0.002252067124425691
2023-03-02,-0.0059945664741638096,-0.005205503202961737,-0.004287315731313506,-0.003213156717301843,-0.005446847908896803
2023-03-03,0.00023087968796511903,0.002344245103572197,0.009965480179234544,0.00181426842427033,0.010500695799345226
2023-03-06,0.015622223144617885,0.01172760236140302,0.006221393032076205,0.007581431838097109,0.006834201439637598
2023-03-07,3.5116937815607365e-05,-0.0007113462068485413,-0.0022164758787859115,0.002286137817858443,-0.002819581899395122
2023-03-08,0.025391925124875644,0.019577864815770736,0.00791215902846844,0.003995352610622088,0.011617135953683848
2023-03-09,-0.013495550178494173,-0.012225277340911543,-0.006980933768269568,-0.003527076002647267,-0.006136915169582802
2023-03-10,-0.015546567100322994,-0.014525011276784475,-0.012216543694821402,-0.01017622432246169,-0.01180597186164049
2023-03-13,-0.0013694857159634855,-0.003281406486298556,-0.002926577122453478,-0.0010467532228341575,-0.00190753715790017
2023-03-14,-0.004833258232710355,-0.0015908849188020038,0.0031594278281193485,0.005906160860747271,0.0033289207465043687
2023-03-15,0.0011628959323926665,-0.0004422049785468512,-0.0030651341059035717,0.00029333390949879215,-0.0041653976351219615
2023-03-16,0.005461231316048605,0.0024757398675563968,-0.002108252981311513,-0.008851817577921747,0.001928149313683855
2023-03-17,-0.01838812163256077,-0.0160043503123559,-0.006867420894871771,-0.010850590691554468,-0.005995487328081588
2023-03-20,-0.016323910232360885,-0.01340609032148882,-0.010196822077403727,-0.0020448359777894233,-0.013201092094785045
2023-03-21,-0.001578268605809427,-0.0022184057407198415,-0.002462780427896336,-0.007552714784993817,-0.00018389369273188062
2023-03-22,-0.0070875522610776434,-0.006250305319519059,-0.008220113643844524,-0.003973986504452209,-0.009859500796497087
2023-03-23,-0.02504675698363503,-0.019056684232748106,-0.01504454657879284,-0.005784557143275786,-0.021215032994863166
2023-03-24,0.017087748588347808,0.014228581850928164,0.011524591778638224,0.007595868547077122,0.016074226515590467
2023-03-27,0.006496597423987428,0.005150411975189342,0.00017417748153886894,-0.002776240083095819,0.0014179183120068798
2023-03-28,0.016356275537342427,0.01451897676917607,0.013892190004501552,0.01128190974186731,0.018612555627358973
2023-03-29,0.0025122362497588067,0.002944613039370353,0.0060588666931466,0.005217398603273887,0.008030692799281198
2023-03-30,0.021812929916096967,0.017286465220481953,0.007625237747035928,0.005202922978182484,0.01021478089822106
2023-03-31,-0.018380410043494763,-0.01727135418298797,-0.021481998515655062,-0.017182158880458345,-0.02388227222269846
2023-04-03,-0.011689148136259995,-0.009799419753655966,-0.006087402090688249,-0.004900414367705737,-0.008802736839712045
2023-04-04,0.008359357278893488,0.008914074985106421,0.003527788961395634,0.008893989147538476,0.0027158354488619474
2023-04-05,-0.010378991887641876,-0.011022343266887932,-0.01634225043354929,-0.011777563508300304,-0.017512641951633157
2023-04-06,0.0024343443017565856,0.002553112407114486,6.0797718919242043e-05,0.0028338367063423194,0.0012135900647783043
2023-04-10,0.0070824417669796335,0.007436289778906601,0.008455780737833814,0.004482247823705873,0.009543566023260654
2023-04-11,0.04119061331404087,0.03403710728636658,0.029714733422436752,0.0184662220121597,0.03675672432745315
2023-04-12,0.010703948227430789,0.009072430228383239,0.00198900727063788,0.00410499694442836,0.0027932721993337408
2023-04-13,-0.002905921259610628,-0.0035212199027604366,-0.007695525706724122,-0.003752048722711124,-0.006206055026180128
2023-04-14,-0.006266429058892193,-0.004898189311387143,-0.007764750047009593,-0.0045101414224111526,-0.008092554310222901
2023-04-17,-0.0018225743339072053,-0.0007985225513796409,0.0012298035072642872,0.0045110415760455285,-0.000644983180900115
2023-04-18,-0.007858238584211768,-0.004803427808065146,-8.199106098848977e-05,0.00039566990645018485,-0.0021632137466355006
2023-04-19,-0.021329409692298833,-0.017346604068936296,-0.014907529401527338,-0.006651278296500113,-0.01841819998433921
2023-04-20,0.009390771488334787,0.006222501825861729,0.0019533980909262243,-0.002376640055966465,0.00677282730613093
2023-04-24,-0.0007947239037187043,-0.002151863587670828,-0.002713646894583471,-0.003419340982150836,-0.0011420026979956826
2023-04-25,-0.00952804820772656,-0.0085293260721596,-0.01180448237934469,-0.006460895312597985,-0.014061076881031132
2023-04-26,-0.007523441805990518,-0.006425735621967053,-0.0045998357316751415,-0.003976361288643156,-0.0040873209616475855
2023-04-27,0.006584627518339735,0.005449695530748128,0.0016686983694079466,0.003177799301448976,0.002821134922417154
2023-04-28,0.015619561411558121,0.01381941989271566,0.020640010505521503,0.01699385659882668,0.023660195343818375
2023-05-02,-0.021417625945121324,-0.01768565933902973,-0.007341811575781012,-0.0027508767452494604,-0.006733326934514582
2023-05-03,0.0014815779350025756,0.0010829089880902412,-0.0036270651433494877,0.0032064778271276954,-0.005052496100307136
2023-05-04,0.006960237278795653,0.002570275884582297,-0.010527498989509916,-0.007721481473898683,-0.009394956384481812
2023-05-05,0.029653453274852217,0.024210084072067276,0.020492131945835115,0.0031641186488048723,0.027495851363237213
2023-05-08,0.006668023250629793,0.005428467614505012,0.008269066556081327,0.003365986712372195,0.009314506453096706
2023-05-09,0.00888634472528286,0.005924649934682877,0.006041156112331709,-0.0011605292131639509,0.009395265112384383
2023-05-10,0.010336550967477657,0.007038011833131374,0.0036304785427791627,-0.00025212839620552304,0.006133179738370078
2023-05-11,0.010510675094540333,0.008499695736554002,0.00891344375738115,0.00757842786214149,0.00971226068199738
2023-05-12,-0.002246761766981513,-0.001665415601734755,0.0029075840805536596,0.003856556407900857,0.0026779971975139276
2023-05-15,0.002575374948572405,0.0027340408362379206,-0.00578791360192472,0.001548640180956064,-0.005995607533882466
2023-05-16,-0.013477563984090087,-0.010413107586392086,-0.005058659420202041,-0.004650378177998201,-0.008004508060873439
2023-05-17,0.01357802511794159,0.009820354033894344,0.0032625323369649354,0.002066172238941966,0.001347849055964169
2023-05-18,0.012330564014136536,0.00992678065752388,0.011120163587103807,0.005370637384539623,0.014816961974686058
2023-05-19,0.011798181335311884,0.010929597756497276,0.008608001836187344,0.003967840068246712,0.010630726909446147
2023-05-22,0.00036193342982960045,-0.0006465310788518997,-0.001175882220612185,-0.0007810383163899167,1.3037015907770575e-05
2023-05-23,-0.006728612296653593,-0.004914872714353675,-0.0040645472666242105,-0.0015010735777920914,-0.005773194899175145
2023-05-24,-0.011756268521020453,-0.010275957292412643,-0.0069296355707462575,-0.0034091841198653624,-0.007811359297126379
2023-05-25,0.013475316057130848,0.010815058758299497,0.00793361584074772,0.005708534615053924,0.010562321880965717
2023-05-26,0.006396298584367207,0.0056635404128992815,0.007046215201360986,0.00534622885350692,0.007403557211092743
2023-05-29,-0.0026353245123944954,-0.0023404267768816203,-0.00013930448195165264,0.0007959584071100126,-0.0004008126463061706
2023-05-30,-0.010008914241239166,-0.009681402483973535,-0.007534333488059441,-0.008397149001964876,-0.006122018926148478
2023-05-31,0.00017167219875879463,-0.0034290836724474166,-0.00702640541574179,-0.011785527045698236,-0.005245479426015266
2023-06-01,0.01874345046171559,0.012938565018164268,0.00914731740962386,0.0018187274750361253,0.014190370445593311
2023-06-02,0.012718612004687007,0.014059477030033648,0.01352935751238703,0.01271404284581482,0.012238751897182792
2023-06-05,0.002561242069885052,0.000926918872923255,-0.0009551157385678085,-0.002148679816693998,0.0002565474496523296
2023-06-06,0.021454413004183246,0.019688065787449863,0.022047004459193276,0.015797512462648104,0.02448491793941777
2023-06-07,0.00418522542770666,0.0036194518762782167,-0.0016513591204121519,-0.001893974015265184,-0.003108136951177999
2023-06-09,0.011672057274422854,0.011333758374472177,0.0077317348390200736,0.009487919679927865,0.008092733658553572
2023-06-12,0.0028730109205090783,0.004026912849778827,0.008427087228798022,0.0069063070954678545,0.008474124891478585
2023-06-13,-0.013425738683010575,-0.00992014565951697,-0.008820262617841655,-0.0023993753077816574,-0.011822799543573263
2023-06-14,0.01941970435411908,0.01691044960429542,0.013760345120617504,0.010942838925249767,0.016931714554072278
2023-06-15,0.004751804671961328,0.0047777053430879965,0.008647408793533512,0.00429924067178255,0.009052031422674186
2023-06-16,-0.006066946958138585,-0.005680654640479439,-0.00461619329925505,-0.004702897197045229,-0.0042319781509586865
2023-06-19,0.006943875563462089,0.006182384364676833,0.002443269481633648,0.0007327178051526754,0.0036605715000549224
2023-06-20,0.0014066035599617551,0.001096476446134936,-0.0035437665814547535,-0.000589227729319749,-0.005465513088661823
2023-06-21,0.0036316036930142816,0.0014913234582346997,-0.002810984242698706,-0.0026853358697122988,-0.0008357437204401263
2023-06-22,-0.014680348711267416,-0.013475263239868002,-0.011442736559474984,-0.005996136908811629,-0.01489581612513831
2023-06-23,0.0073538397346264404,0.007274321465841778,0.0037579533025622128,0.0055497196485340215,0.004354823767055767
2023-06-26,-0.012989428861378072,-0.01115699421317902,-0.013835736455297218,-0.01230677950920513,-0.015294698272667552
2023-06-27,-0.009656720335019119,-0.007867655895345929,-0.004873405900351043,-0.0036980864359296662,-0.0049692022083188524
2023-06-28,-0.005096932781548942,-0.0053983826112653935,-0.002281598243957246,-0.00477221604325471,-0.0013958640597049226
2023-06-29,0.019667513646525338,0.01557623541658393,0.011149306075505959,0.003763398465447383,0.014542925267100864
2023-06-30,0.0035477976941478482,0.004142053906545785,-0.0021609725252454155,0.00387170819859535,-0.004886255143383976
2023-07-03,0.006665544454703205,0.00559644916014016,0.0043559388864636605,0.002177723481116036,0.0049562729967079265
2023-07-04,-0.003041864801183008,-0.002591725588982001,-0.0006224766932582145,-0.0029992923379452818,-0.0008429730475212419
2023-07-05,0.008337267275396387,0.0063512160231046525,0.0019403649963785987,-0.0018651829681080837,0.0040411716146001335
2023-07-06,-0.01657927732604947,-0.014380076938037807,-0.011676512366277668,-0.010680746771320642,-0.013114973416436419
2023-07-07,0.01772881057216402,0.01398413300131095,0.007366420788297483,0.004693803764308032,0.009414468629472417
2023-07-10,-0.008555241318963683,-0.007153958743462196,-0.006938177609220582,-0.003857809430791533,-0.009230724386320366
2023-07-11,-0.0058725370317317,-0.005754837273275495,-0.002464209367107989,-0.004743474054537882,-0.0012619054416655093
2023-07-12,-0.0013271540124647307,-0.0004857523306159693,-0.000827838920680574,-0.0013860100702833278,-0.0019095284549601596
2023-07-13,0.010183385691534822,0.010083541597187905,0.007093169709602129,0.007075114506405065,0.007360090550834872
2023-07-14,-0.01569298351624388,-0.012790326287547294,-0.007909755246731653,-0.0047121566245591036,-0.009829446318595402
2023-07-17,0.0047328593328799014,0.003590665925546655,0.0006542473494814351,0.002102315491884934,0.0001846952431125862
2023-07-18,-0.00014115796401011895,-0.0018386638713749509,-0.003299653509812568,-0.0032387938534385267,-0.003031989006209831
2023-07-19,-0.005115212379403383,-0.004657599151549779,-0.005246083579225785,-0.005662290356724539,-0.005789714447722404
2023-07-20,0.0021151879196757047,0.0028955194002212078,0.004320206133499372,0.006989949273803238,0.0029099304704447203
2023-07-21,0.0176479637931796,0.015437326365804617,0.010549894613765019,0.009586361210655443,0.01176248785745955
2023-07-24,0.00643643596735029,0.008118385946538595,0.008132936689717315,0.00880500788620995,0.004303301455827546
2023-07-25,0.0017618071308090077,0.0012191760958587562,2.573421904160699e-05,-0.004071112018034272,0.002498380297951293
2023-07-26,0.0048593304175238985,0.0059563202534412595,0.005311904219739859,0.005323567070863131,0.0047339639824783755
2023-07-27,-0.014049500750916197,-0.012359376454189521,-0.009561919663167997,-0.008265852474316068,-0.010531101258540244
2023-07-28,0.005316459734224428,0.00459372431614522,0.00242481756936851,0.004314289739567106,0.0018467350054888886
2023-07-31,0.009953621222930429,0.008195998555071731,0.008886617146729343,0.0017210511811257007,0.011927629956888642
2023-08-01,-0.0018900138646252684,-0.0014530724961186988,0.001457672171560537,0.0012114783045305345,0.0012224308937656982
2023-08-02,-0.00025979700164668895,4.843571265924175e-05,0.0026803075215070574,0.003201389459488363,0.0018453522192467264
2023-08-03,-0.0029373121652000018,-0.0011570933664700658,0.00401126404527391,0.0007827334251108613,0.0033317360763949694
2023-08-04,-0.0023077994701517493,-0.0023249265378304856,-0.001877639459911933,0.0023324787762309365,-0.004694662523867405
2023-08-07,-0.004932051385490564,-0.0033797126679638175,0.0005648257319274614,0.00045328272853999824,-0.0011166101484256518
2023-08-08,-0.0016988506490522863,-0.0034035477052134933,-0.002874719077032454,-0.007325757303190742,-0.0014944585255564592
2023-08-09,-0.007895558168487294,-0.006927515846200557,-0.005358062084831795,-0.008757249884310571,-0.005528414320750453
2023-08-10,0.0028406267401183613,0.002400139857014067,0.0038842959507825858,0.0021705345238628004,0.0046194993733879265
2023-08-11,-0.00017536237538612895,0.0008052133913675,0.002871897891474324,0.00474336632711903,0.0021531312354815296
2023-08-14,-0.013411561213206953,-0.009902118080024915,-0.008116360237915163,-0.002928681101194306,-0.010319512032268073
2023-08-15,-0.004936257900433566,-0.0066761918655599516,-0.005810863047693579,-0.0074725363576196285,-0.004465501301786096
2023-08-16,-0.005674291708099051,-0.005665033176820036,0.00035501702939292994,-0.0031367786539803016,0.00486983607474842
2023-08-17,-0.009128543737036138,-0.007235476412510529,-0.00914649351258804,-0.008462035738352835,-0.009000533302915458
2023-08-18,0.0061579389629866504,0.004746433334638985,0.005487787084200942,0.004248822805583648,0.006734492713208239
2023-08-21,-0.012001389365398735,-0.010669063252222616,-0.010831204135694935,-0.006458832884478396,-0.014748035335292007
2023-08-22,0.012411941695439459,0.01043314155361761,0.010298799593951554,0.0061450481680642155,0.01394689133148121
2023-08-23,0.010227721746604771,0.00890757633868308,0.0068625328707391225,0.004728771699314876,0.008361858106209904
2023-08-24,-0.008227384219833154,-0.007543208791988872,-0.006832618912925501,-0.003992136287446789,-0.007259478669109904
2023-08-25,-0.012334113294123199,-0.008197565423549345,-0.004211637315890611,-0.00023933680560274973,-0.00606175058547208
2023-08-28,0.006408901730469377,0.007809770328860875,0.012691589070170593,0.009019080117600498,0.013368574005585889
2023-08-29,0.007967632252652006,0.008497340108542382,0.009116311058582197,0.012543855458599575,0.008546677202748019
2023-08-30,-0.005682202101989379,-0.005902080869179128,-0.0044547846366046326,-0.004177290942350032,-0.006100832256906304
2023-08-31,-0.020559527474746018,-0.017850700647802187,-0.01821273332170344,-0.016158778198349776,-0.019634678790256634
2023-09-01,0.015273090486676022,0.015159026278301025,0.021393949228247392,0.020356740905647437,0.020156553364421362
2023-09-04,0.0019925053393546133,0.0027008115680902094,0.004058806839829066,0.002992526036527185,0.005285680064599966
2023-09-05,-0.010277433442895672,-0.009214981731637433,-0.004735164166408472,-0.008917024500727134,-0.004291259450754748
2023-09-06,-0.01200827252034892,-0.010721516936531042,-0.0048347121459885005,-0.006802256601555843,-0.005635895724477141
2023-09-08,-0.00337365660357603,-0.004539293693932712,-0.01129328484267662,-0.007525621773579081,-0.011912361829094782
2023-09-11,0.01230109904889765,0.012059301111423795,0.009449672099692321,0.013968932688062416,0.008065422741676771
2023-09-12,0.011574956402959052,0.009915074407811727,0.006084249128058033,0.0031262997749373807,0.007662651504316873
2023-09-13,0.002079357858926201,0.0016521967935866106,-0.0019269303112232257,-0.0003800869468685561,-0.0016239854920606076
2023-09-14,0.0034765666328241533,0.004206105575129521,0.003448799447883155,0.004387465412422175,0.0023427873308868004
2023-09-15,-0.006627118004466137,-0.002822580040699037,-0.0022975601615007014,0.0038540885224050527,-0.007111929242402228
2023-09-18,-0.0031373157076009656,-0.003699261581300611,-0.0014316547610143233,-0.003745777188734866,0.0006663821201460581
2023-09-19,-0.00719722595857082,-0.004824587834505936,-0.0033220097849952154,1.716466159327089e-05,-0.005106991487029541
2023-09-20,0.0056413969240349795,0.007195805609242403,0.007891388142890986,0.01142850472843503,0.005982961546467524
2023-09-21,-0.020607102506547924,-0.017120266492777803,-0.014215685482211573,-0.008506212279017971,-0.0176616794611214
2023-09-22,-0.00550214868856024,-0.00480520374815092,-0.003621249977042491,-0.003975803656669277,-0.004015212597400545
2023-09-25,-0.00041908868916101165,-0.000806928679592873,-0.005079152083068153,-0.0026508776495268163,-0.0050144402071035914
2023-09-26,-0.015701917949029667,-0.014352103513351762,-0.012684353593894433,-0.010446703706026041,-0.013648201355350652
2023-09-27,-0.003349474174683586,-0.003208882793809973,-5.8454485737965935e-05,-0.004088200141516413,0.0003381864663944851
2023-09-28,0.01256742655684517,0.009844212135008324,0.0046999677412528475,0.003528979440013831,0.006135780464715948
2023-09-29,0.007488736848510775,0.0060216683151364265,0.00735267406760732,0.003327568549513238,0.009931593145716148
2023-10-02,-0.01439040448701594,-0.010505720514060773,-0.006326383881240465,-0.0010237236178977142,-0.010422506987292563
2023-10-03,-0.017308210802998717,-0.013625869893855704,-0.009653968079148333,-0.004585186388651256,-0.01309429263279403
2023-10-04,0.007311974812748911,0.0038757398899864673,-0.0009241322179762116,0.0018426239795674335,-0.00017994462157258257
2023-10-05,-0.006384741518506164,-0.005152353514478035,-0.003982274252627775,-0.003282872150289353,-0.004611963820292195
2023-10-06,-0.0013149451674528546,0.0008270616889005852,0.003319241313384193,0.004043667256292387,0.0022347453368945034
2023-10-09,0.011221214032055098,0.009554940736538037,0.009269898171423416,0.003817987852393329,0.010529816192360654
2023-10-10,0.02148508922829775,0.016174615367040807,0.011147890459246988,0.0054207648417645546,0.013890021906357013
2023-10-11,-0.0021011900180944016,-0.00048112351770740003,-0.003754722075665861,0.0009212160416213104,-0.00761583350598349
2023-10-13,-0.020733437563275194,-0.016170975087914184,-0.008951828274450993,-0.0072630400930658225,-0.011578852792137285
2023-10-16,0.006839360379672487,0.006579967076713304,0.00587721927017186,0.004367876566315659,0.006445337376643481
2023-10-17,-0.012509196406705407,-0.00982644398935247,-0.0013429598545088225,-0.003885754882375068,-0.0016488692313747235
2023-10-18,-0.02086677117237553,-0.018445189233367673,-0.016615323855246403,-0.014313267661304398,-0.016432847577838933
2023-10-19,0.0009103990634987578,0.0015036004210610152,-0.003072180167440239,0.001379722158762646,-0.004423089148121898
2023-10-20,-0.004594124002876553,-0.0062557330537318726,-0.008024099541739105,-0.006864236988869491,-0.008407669618507618
2023-10-23,0.008842733488285237,0.0051661143217358475,-0.0036602102291104213,-0.002281106012001659,-0.004340276985371831
2023-10-24,0.00527024414893496,0.002626260965429864,-0.004442022477528802,-0.0018763236195324447,-0.005354994712436865
2023-10-25,-0.013106453650315856,-0.011474603397577483,-0.010624084726213076,-0.010692092856719074,-0.01031327550865346
2023-10-26,0.020609331334415174,0.017928163807178297,0.013233383893225226,0.010940961669391312,0.01531028160952188
2023-10-27,-0.020495490269130827,-0.017894691919805233,-0.014837914069074943,-0.013530102326049336,-0.014789877308042392
2023-10-30,-0.012756366558078594,-0.009753854134538765,-0.005948301162279362,-0.0035354330668503024,-0.008322752043181702
2023-10-31,0.008349468274428607,0.007661784019069952,0.006583508236911751,0.008224127979629502,0.004482378210389897
2023-11-01,0.01856181190835863,0.01712065181005101,0.01260766300619516,0.012027356442598287,0.013210244619471043
2023-11-03,0.035492028729581473,0.027831103653357548,0.02040208241354777,0.01604172828372487,0.023820204871369384
2023-11-06,-0.0015713210087316596,0.0022937813466075816,0.005506956592887896,0.007995791427274652,0.003927430581862389
2023-11-07,0.019798007631725376,0.01273537695936072,0.0034674376751807102,0.0018049306957418406,0.007740713909294697
2023-11-08,-0.000340762467759076,0.002786009719295267,0.006439412983612208,0.00799723321272109,0.005354483136217471
2023-11-09,-0.0051359820453266355,-0.005282982079615027,-0.00350318147088949,-0.0052317714349421045,-0.0028672508066721765
2023-11-10,0.01456102633155494,0.0137643954304182,0.011243363735633283,0.00991976073140962,0.012166482918387653
2023-11-13,-0.0034580277593618844,-0.0024673051232368816,-0.0003435537619810404,0.001674301003573896,-0.0018204580552025995
2023-11-14,0.024732589883370383,0.0199780487746078,0.01050187849770808,0.008576838768093183,0.012599462885421174
2023-11-16,0.021785670798419293,0.017529173714439735,0.011913564935739671,0.008094180933500497,0.015087943140777186
2023-11-17,-0.006366859732991781,-0.005451779880886611,-0.0044599834480562065,-0.006670136452092438,-0.003031884052412783
2023-11-20,0.006272473786217506,0.0038559515816267457,0.0024486319903943413,0.0008095356665258533,0.004040954554668819
2023-11-21,-0.009761572941791991,-0.006519867221702785,-0.0034173898258507596,-0.001003702929502998,-0.004384672685793758
2023-11-22,0.0026223984382526214,0.0032553959855846346,0.008668341958321214,0.008535282752590998,0.008879296220801811
2023-11-23,0.0066651991567259474,0.005377905692876162,0.00505476719497714,0.005054381355201008,0.005689573397236575
2023-11-24,-0.010490327639363568,-0.008904849901686367,-0.005837008640331154,-0.004903783263168841,-0.0073866710998234265
2023-11-27,0.0036878214519956974,0.0030058683768735208,0.0015101180326620555,0.0006521576053318471,0.0014519147967527782
2023-11-28,0.007522682691117251,0.005607341540650039,0.004342651099856599,0.0017166966818013287,0.0055460079654452345
2023-11-29,-0.001920075737962823,-0.0015135137068108882,0.002046417282717894,-0.0028799944336272768,0.0036184498832626468
2023-11-30,0.006326662786096275,0.0052674632941243195,0.00543234214408441,0.004676689683499176,0.005152738813391993
2023-12-01,0.010860571633468919,0.006786190459273664,0.004192887120957176,0.00017618721523547567,0.0063731318481593646
2023-12-04,-0.009929194145175155,-0.006252480693328598,-0.0038331404303813352,-0.0013538408996622807,-0.006607116533186874
2023-12-05,0.00625631965126388,0.004852008153975296,0.00278299190809159,0.005502150937709855,0.002682814274681525
2023-12-06,-0.005515326593996368,-0.005746945936778182,-0.008935159818035604,-0.005942053622386109,-0.010064519694731848
2023-12-07,0.004360871256361911,0.002408300947227754,0.0023159190598747745,-0.0014687945210286593,0.002172061639913213
2023-12-08,0.0040371084196302405,0.004233996300729323,0.0013864866645895448,0.002703676825428015,0.0003437213853959034
2023-12-11,-0.005723949483523074,-0.005590330264532218,-0.012597486685104155,-0.014551994480783427,-0.009150342375075964
2023-12-12,-0.001938971904676011,-0.002394198463158666,-0.0032356504400971055,-0.0025503823025405125,-0.0023523559694196075
2023-12-13,0.028942366227360534,0.023826201049126132,0.015797941182284947,0.01523124927110401,0.01689132241962323
2023-12-14,0.006996825725425415,0.006827190007721382,0.0034354939462655524,0.006499389360441672,0.0010114838219388747
2023-12-15,-0.0078484752220787,-0.005277034028106196,-0.0016337039553962433,0.0015695438023839588,-0.004909498355554735
2023-12-18,0.007173281174424536,0.004638967580131912,0.00226714162405555,-0.0027289417069333473,0.004854881373319281
2023-12-19,0.007382587528798891,0.007584643907056586,0.010231296417723142,0.008543173594347014,0.011744513122845544
2023-12-20,-0.009000985658139475,-0.007281912908372299,-0.004110535385628556,-0.00630520156424959,-0.003977021590778286
2023-12-21,0.008794111739601252,0.008646545527325094,0.00814502096183896,0.006585436250229728,0.009010821962307004
2023-12-22,0.0024680243494435167,0.0027679303577737404,0.0019868716977500447,0.00309761133032478,-6.971299554346314e-05
2023-12-26,0.003080953979382295,0.003267934617141801,0.0020085799053784882,0.002382857851024227,0.0019724581115249285
2023-12-27,0.005354589472862403,0.004198683291841861,0.003757791838029461,0.004125403335062253,0.003974750967743193
2023-12-28,-0.0019309223158528426,-0.0002314895474952671,-0.002180697782403336,0.002207328390940941,-0.003705906089696555
2024-01-02,-0.016672419621924013,-0.01319127340770252,-0.009487687274770285,-0.007023258285499113,-0.012530870215088
2024-01-03,0.0006684541420839292,0.0015624140552585029,0.0025855879144284547,0.002962296524085406,0.0020531741445999176
2024-01-04,-0.014468500587837867,-0.012351991838304271,-0.010107014862133428,-0.009682647521767248,-0.010689701798553632
2024-01-05,0.006267901162825164,0.004457056555346146,0.0006304517084562154,0.001920032370283561,-0.0007312563626593973
2024-01-08,0.008178952547578392,0.005339994492947719,0.006258788656786534,0.0017056492553160305,0.008619595445494838
2024-01-09,-0.0071948197853853564,-0.007110288876293435,-0.0069991387266655995,-0.0032583264675372335,-0.007384851444639778
2024-01-10,-0.0065926141427897905,-0.0051470485511740036,-0.004935334957996315,-0.0028950095278474043,-0.006154728412995808
2024-01-11,-0.006331886442315573,-0.00479267391736018,-0.0027819136245870657,-0.0024750815017407866,-0.0036336184559058004
2024-01-12,0.006737796804897788,0.004075505172421986,0.0006558802701893908,-0.0013048292088923379,0.0019337602012521285
2024-01-15,0.00616977880635978,0.005293132973929823,0.004540305799723375,0.004883888033257096,0.004640149509733532
2024-01-16,-0.019581926254192868,-0.01721688579175532,-0.012761411958412266,-0.010881391450658294,-0.015230777813070018
2024-01-17,-0.005829406544460301,-0.003520497460381254,-0.001224974521652357,0.000501291295909737,-0.0037705841246309015
2024-01-18,-0.010073836624660194,-0.008304322410112249,-0.005340770950590249,-0.0068119146286868505,-0.006576416435979102
2024-01-19,0.007063095136297607,0.005163516147448145,0.0034900582658911167,0.002888390586743462,0.0033272538759456754
2024-01-22,-0.010206327096775485,-0.007114404074347424,-0.0016864282632736772,-0.0016551998957222785,-0.003493914743454256
2024-01-23,0.014561377370057532,0.013419426252969317,0.01634437200072072,0.011143360224813006,0.0209661479907899
2024-01-24,-0.0026948546857212172,-0.001410778625238571,0.0006746366958320332,0.0014925367739539288,-0.001077837480436858
2024-01-25,0.0031838954277555675,0.0020112319970272603,0.0009365552819650207,-0.004412692065963225,0.0034026964104348157
2024-01-26,0.0016311650471849343,0.002481945114969592,0.0008597202063831372,-0.0001315449270685256,0.0014940314758164523
2024-01-29,-0.005710841970321213,-0.00544711132209047,-0.006474095594930917,-0.004790025945455155,-0.0068067158160900745
2024-01-30,-0.011297496839317795,-0.008394556262210268,-0.0035094221525466393,-0.0038233825160119625,-0.005320390742870197
2024-01-31,0.0067368504215942,0.005309670939056114,0.005927073698908214,0.005222654297874284,0.006661198411339827
2024-02-01,0.0039750078715322665,0.0030727342050306202,0.000393938061446882,-0.00016075458852686086,0.0008846830397778516
2024-02-02,-0.012065022406777355,-0.009579631585966886,-0.004519841867059509,-0.005178953955980799,-0.005022052689906163
2024-02-05,-0.000488843899250719,0.0017360531182660662,0.003244809858236005,0.00404690612044941,0.002243052363411313
2024-02-06,0.020235623316316672,0.018548566094442456,0.014640808960612338,0.014371865857333688,0.015284547203436236
2024-02-07,-0.0005943373689460052,0.0005861186546472363,0.005213782292755209,0.0045786219796922715,0.004586083323437875
2024-02-08,-0.016159435926552185,-0.015470802132479448,-0.015291941009019493,-0.01810378274011752,-0.01388438826431016
2024-02-09,-0.0021339127001069333,-0.0032643055354360287,-0.005366568006227198,-0.0053618900753586865,-0.005937891099589544
2024-02-14,-0.011176822438165602,-0.008931417018693955,-0.006425811935744358,-0.00472177389662282,-0.006786667698506382
2024-02-15,0.005853791797298284,0.005955093934517636,0.005840982415245517,0.003193869077210378,0.007128659591430772
2024-02-16,0.007350348678052736,0.005547941560002194,0.006328834649634154,0.0010455851293678417,0.008882706129776829
2024-02-19,0.0012487523987778364,0.0015928830050318287,0.003961229644938603,0.0042824474508171475,0.0036078779028763082
2024-02-20,0.009317245779465657,0.0077135197497060215,0.003313606719022031,0.0006178868339296829,0.004247922081770711
2024-02-21,-0.0008902845605082275,0.0003292621344473733,0.00316754160617817,0.0018701670812246518,0.002483712406914575
2024-02-22,0.004979185187866174,0.004908430288458525,0.0077762148141878136,0.009271083162048048,0.007795792498154493
2024-02-23,-0.009267415848523473,-0.007940054947399813,-0.007152185192749723,-0.003458942555353107,-0.008411362997784964
2024-02-26,0.001381824600721657,0.0021692374308351307,0.0043830070117515125,0.0016006447412774663,0.004519038785570229
2024-02-27,0.02143497683907696,0.01741808690849063,0.013100289702158962,0.011475544600206517,0.014897438109116715
2024-02-28,-0.006602901648406672,-0.004495108323962319,-0.002189053122610483,-0.0003368718730873848,-0.004319544142194295
2024-02-29,-0.006885526253122389,-0.006976798192179184,-0.006183326667739588,-0.00798852845976902,-0.005191721217066911
2024-03-01,0.0026945424756351075,0.002093654590669715,0.008776921402483557,0.0016796251239429068,0.009902798102575397
2024-03-04,-0.008831523401222686,-0.007120479512280265,-0.0008736382774002819,-0.004110384557825492,0.0019961981733303442
2024-03-05,0.0008526659244160471,-0.0001676633770472033,0.00020002606856844678,0.001579293137114367,-0.0006917080610932529
2024-03-06,0.0005016101435124372,0.0007793605467352713,0.0023239433657701236,0.002224456458005406,0.0016021528636895625
2024-03-07,-0.0019537022565395954,0.0006658314637024472,0.005789950672918604,0.011397894201689318,0.0036452929531251925
2024-03-08,-0.0016050496713808846,-0.003573894721767981,-0.01034758810163623,-0.0057161471451469955,-0.0129551502641282
2024-03-11,-0.0055430998226502996,-0.0057035526718914875,-0.007254076354723433,-0.006647452849401852,-0.007045455962515115
2024-03-12,0.009747789951821255,0.007256988268927591,0.005101197977206665,0.0008329525659929028,0.0064121898064603885
2024-03-13,0.003833849821459513,0.0025202462756304745,0.003378898517003798,0.00020395870976262884,0.004453597830560653
2024-03-14,-0.0017382065483327932,0.0013068060079501427,0.012474763519877327,0.007479282804332196,0.012643237774097048
2024-03-15,-0.010872964326368044,-0.006719396099189528,0.00034111342056142324,0.0003668313440337069,-0.00031280278357407893
2024-03-18,-0.0008498434438783249,0.00042689723885502807,0.0018075328376555033,0.002424416019611084,0.0022118991785937884
2024-03-19,0.0062608277427593775,0.007865978765760454,0.015134745778661049,0.009599710926788815,0.016887603594144412
2024-03-20,0.017000769549458537,0.012692744320199652,0.008698213106199759,0.005253265636552938,0.0123219207331671
2024-03-21,-0.006344444176630918,-0.003991444830522515,-0.002434432382187892,-0.0020044941613473195,-0.00223381977518872
2024-03-22,-0.010800980997641827,-0.007119508146921718,0.005423091656309328,-0.0003787433008002154,0.006515290348238606
2024-03-25,-0.003026732307096337,-0.004133033612972347,-0.006143916388632006,-0.007019011314219911,-0.005844005191436871
2024-03-26,-0.0051847060276601666,-0.0028699261493200174,-0.003718553228422695,0.00031322229429044915,-0.005015429475552576
2024-03-27,0.006615607975053766,0.00744115082762695,0.009731514091670217,0.008733528535925784,0.009781567189056664
2024-03-28,0.0007417455496276462,0.00106715966396737,-0.0007698778442343569,0.0005695175615815806,-0.0011487491841328142
2024-04-01,-0.009610950381192997,-0.007898776659759625,-0.0038940461319101425,-0.0037395272354195336,-0.004294754074080686
2024-04-02,-0.0014968994728844216,0.0008562828154423806,0.00540038474605729,0.005371835323851964,0.005695988144364265
2024-04-03,-0.0014869374899347063,0.0003366194213322098,0.000630136929953519,0.0018088633939568762,-0.00013648139702038676
2024-04-04,0.004626045700942077,0.0037819757238661614,0.00013008784402862269,0.0013317406353308844,-0.001009987950501739
2024-04-05,-0.006704858157825429,-0.006298373906003052,-0.0023347975737971725,-0.005170895292997368,-3.0513886725903015e-05
2024-04-08,0.011816351532252,0.010796937926971418,0.0053898547495013945,0.007941961960158585,0.0038669396654139603
2024-04-09,0.010451744500635225,0.009659022894387205,0.006466018337361394,0.007719919733214999,0.00662393112053118
2024-04-10,-0.020278037780150634,-0.016612818171623814,-0.006860828174480528,-0.009681980063214881,-0.006291456551515624
2024-04-11,-0.00825052981431696,-0.007204452298727665,-0.005013564459254331,-0.002291716376569824,-0.005657445493742258
2024-04-12,-0.017722460917168798,-0.014912187282615123,-0.013096277066712549,-0.01219228525518181,-0.01428773746969126
2024-04-15,-0.012338864410305454,-0.007823009451976806,-0.004442181132527491,-0.00032478589842849443,-0.005649229816340625
2024-04-16,-0.009458499631501605,-0.008335461485987749,-0.004461017321773127,-0.005936698747216298,-0.003906606824397642
2024-04-17,-0.003874159875704287,-0.0022363095060819395,-0.00024126742567081986,0.0010933135150028657,-0.0007096561843210233
2024-04-18,-0.005458421813908372,-0.003993895374502298,0.00022538782401654138,-0.0009139989998596647,0.0001973834409934955
2024-04-19,0.009172644809206987,0.007535975024993629,0.0037296773695040964,0.0041313194959473375,0.003443939909041146
2024-04-22,0.003833008596673641,0.002258341448651764,0.0003777267414872933,-7.789985741934622e-05,0.00185942549473713
2024-04-23,-0.004637681036232917,-0.005364315872897993,-0.001958731309078904,-0.00547435842232239,9.262085765127104e-06
2024-04-24,-0.004394455440672352,-0.003728243418199927,-0.001040896380842545,-0.0007114037319252897,-0.0006003005198256646
2024-04-25,-0.0032127499608976674,-0.0028826552221065177,0.00292706298564412,-0.0017268825960137844,0.004414732297071694
2024-04-26,0.01574512286155579,0.012674981562726353,0.008474165695567066,0.007263003540076489,0.008647725842842399
2024-04-29,0.004042573359238754,0.002645210348255867,0.0025981789507999987,0.0015156342979875189,0.004967540302222374
2024-04-30,-0.02032305219733077,-0.016562250997000642,-0.01064172232412198,-0.0023349834850524827,-0.012381870013900958
2024-05-02,0.014857614360471819,0.011327133134955019,0.004040335502659576,0.006455723480302016,0.006295638713405773
2024-05-03,0.019860836661785695,0.015558672196336812,0.008703733636575416,0.007385660457399577,0.00971276666321348
2024-05-06,-0.008015483465542466,-0.005612089947033623,-0.003315515573262974,0.000172867627118821,-0.007591830039564433
2024-05-07,0.001892469283195185,-0.004358180548014007,-0.018174596998412396,-0.01923653112863474,-0.01690371746771669
2024-05-08,0.0038158410114178505,0.0021050093316767305,0.0015550699959598748,0.001197568604569494,0.0017259421955801843
2024-05-09,-0.012282285880036301,-0.010250069102289209,-0.0027505782475038755,-0.0045249451225246725,-0.003039519645865215
2024-05-10,-0.010398190249210074,-0.007884226355025612,-0.0066091202477304625,-0.00526092463087765,-0.0075755694749272025
2024-05-13,0.0011823617239882951,0.0024388022856330887,0.0005186271418063712,0.003168857598402789,2.9915642516396635e-06
2024-05-14,0.00360867983126026,0.003481240210670143,0.0037110217863119185,0.0030541381715408823,0.0038177467022918812
2024-05-15,0.005469085005403057,0.0062648177000356915,0.012700300848635404,0.008560802156816772,0.011484269105174423
2024-05-16,0.004266628846828509,0.003951110771354346,0.001670190221426651,0.0005445298760092439,0.0025046044628542602
2024-05-17,-0.003365697769138285,-0.003176499837728054,0.0003737989976200442,-0.0018015435515866358,0.0009199606354692868
2024-05-20,-0.0008331995817974106,-0.0015551719148295222,-0.003963163377213489,-0.0010559841525441286,-0.004838386936306281
2024-05-21,0.0005429446738757903,-0.00012970256103972942,-0.002852896204171304,-0.0020079554162297135,-0.002418352853421
2024-05-22,-0.019409983654384656,-0.016451249449422334,-0.013745084644184464,-0.010327635880043783,-0.01464617790136423
2024-05-23,-0.006189402390494807,-0.004914831198217593,0.0010904201360796822,-0.0004082964892369124,0.0002671483480349194
2024-05-24,-0.004007373449680757,-0.0037671928051239184,-0.008682442807943292,-0.005966135669822129,-0.008528189295862328
2024-05-27,0.001249801202148861,0.0016174124904881008,0.003569028788108294,0.0019911927195888145,0.003665751051570363
2024-05-28,-0.008088389988054993,-0.007184096701415213,-0.007223960748860379,-0.00807010857764972,-0.006160698415755239
2024-05-29,-0.009864655135971344,-0.008907755897987594,-0.005547381911166976,-0.005131754025207062,-0.0063052698997613
2024-05-31,-0.01208543748938138,-0.009914149931305,-0.00813801448109645,-0.004905225997913304,-0.01036196962447681
2024-06-03,0.003450304625963298,0.0009451825316207734,-0.0018010605138785844,-0.0049276596163351965,0.00044190550561666597
2024-06-04,-0.005163318411582506,-0.002307190804669818,-8.635970677938723e-05,0.004446599196063416,-0.0023176811000919302
2024-06-05,-0.0034944449597463516,-0.0035761329294084656,-0.004679714436365936,-0.003908075710815072,-0.005509054726298843
2024-06-06,0.012326141311336428,0.01072509177547447,0.009992851802984301,0.009123330250906048,0.009795390261254124
2024-06-07,-0.01695304731297148,-0.014694543856752866,-0.00984687292936929,-0.011603519500026544,-0.00967765068629549
2024-06-10,-0.004762969836187873,-0.0021665723828135077,0.003139199854587751,0.002561367400097718,0.003242434144621952
2024-06-11,0.012619725891843087,0.010464193861190475,0.007371581720253637,0.0037686332886319564,0.009554299171267672
2024-06-12,-0.017304007520657756,-0.014959477097313802,-0.011026006606137062,-0.009975295046938127,-0.012209442278597759
2024-06-13,-0.0028819832281767018,-0.0023370878360343744,-0.002312494052727678,-0.0020918471288575136,-0.0018912826339440413
2024-06-14,0.004477357803366184,0.0024009248294969456,-0.004561059959439702,-0.0011046918694648856,-0.005638826862505367
2024-06-17,-0.012015254066678034,-0.009511078154534305,-0.0069092078111314004,-0.00429579308849965,-0.008305992013339925
2024-06-18,0.0028092278159750446,0.0031621086300992174,0.005719944227526956,0.003567067899793508,0.006007644237396179
2024-06-19,0.007977045937914519,0.006909234703750885,0.007513448164738513,0.003866458066242565,0.008469959656361513
2024-06-20,0.001767497502205765,0.003160310543207833,0.006071880406197967,0.003760208794136296,0.006976746606198864
2024-06-21,0.007411435182816659,0.006889018505177565,0.0072285477802611795,0.006059673377281623,0.007050568162568717
2024-06-24,0.01518507775100966,0.012531265033620531,0.008879042110452585,0.008548481654010124,0.00844475757722269
2024-06-25,-0.005671069491861739,-0.0036432104213664266,2.3854852244158727e-05,0.00035623815590203866,-0.0006630701883768122
2024-06-26,-0.00012804225983503338,0.0022297901704489633,0.004190876884899832,0.004312716007768677,0.002736927023438609
2024-06-27,0.019630249847760538,0.01784640296824246,0.022053688268860075,0.013652080889901842,0.02380892363049808
2024-06-28,-0.010871481632703819,-0.007233629023143161,-0.005748003931794355,-9.112046915209285e-05,-0.008417133924251318
2024-07-01,0.0040901680112161685,0.005761298949408346,0.00603048124047519,0.007122250172413908,0.0053631651319141415
2024-07-02,-0.0022723154694389842,-0.001206665739260504,0.00047759644886596214,-0.0009532177947281441,0.0010197304577423544
2024-07-03,0.011426456905095748,0.0070395879090497165,-0.0002626608608059257,0.0008459407501255931,0.0008554371992011684
2024-07-04,0.012330841078710351,0.00806421941934831,0.0033166159961551134,0.0018827370875388028,0.004212020243407137
2024-07-05,0.004358106323186004,0.00019430931586206322,-0.006488482384877677,-0.0059407480425645795,-0.004323865052796659
2024-07-08,-0.002600470256653455,-0.0005336698402717199,0.0036353430691708466,0.00247769533552278,0.00391353796099203
2024-07-09,0.007393585490014455,0.005389541487876426,0.004502744715478584,0.003645698451261708,0.005525489026446377
2024-07-10,0.0014150576039852689,0.0014951892668024138,0.00012626234724271996,0.001200210292492494,0.0005028530067235761
2024-07-11,0.011861047363291027,0.010931395448823735,0.011072232610342257,0.008783145470714352,0.012184575768409854
2024-07-12,0.0036327968832858097,0.004217182039359288,0.005172238692572927,0.0052986897357690564,0.00507896723514574
2024-07-15,0.004528046493507388,0.00436227162788592,0.008676616683420946,0.004274369523158367,0.009258955478129648
2024-07-16,-0.003615359546903814,-0.0019530636003264829,-0.0029793204743221724,0.00011689252628454073,-0.005097403685941828
2024-07-17,0.0022924905593526995,0.004404907118298756,0.005465957541717035,0.003875249301631252,0.00474554986851204
2024-07-18,-0.022255444377212642,-0.016612364179710112,-0.008263702386381213,-0.00592676422026973,-0.011870278817990076
2024-07-19,-0.003120115606175173,-0.0029287312269601355,-0.005209009316118195,-0.005658491020387509,-0.0052504825805743515
2024-07-22,0.006158974999457038,0.003961004953441706,-0.0057003606029293495,-0.002135192823645492,-0.006945333469013614
2024-07-23,-0.014398270206199349,-0.012686901216974989,-0.005184053071955329,-0.005321343028584747,-0.004530317549127317
2024-07-24,-0.007080376335059474,-0.004656270117463108,-0.002519230763762095,-0.001509464454939134,-0.0035711801879467304
2024-07-25,-0.0049190903274612795,-0.005339223779700548,-0.007075775137349277,-0.005910515522186036,-0.007039439538096602
2024-07-26,0.010316980940791105,0.008411863285616066,0.005741782981151296,0.007727839299972121,0.006461977400786695
2024-07-29,-0.007781544486716068,-0.005594515219612271,-0.006334470382171624,-0.0021273742913079127,-0.008178414857139514
2024-07-30,-0.005230782476927852,-0.003485022978050467,0.0019444374098576635,-0.001469415784174166,0.0030497689324615026
2024-07-31,0.0075231946483119,0.008704749258244944,0.013319032363760244,0.012908294925972959,0.01191739595586036
2024-08-01,0.0010111791695078362,0.0020231847372189082,0.0025490801802156744,0.005879942831977571,-0.0001092226066704751
2024-08-02,-0.0033934592611004613,-0.009555774995980062,-0.027049969301801223,-0.01694730029769665,-0.027038228662494827
2024-08-05,-0.005314899105989062,-0.006388678561434193,-0.005208123641763119,-0.009421064756122813,-0.0027732720291645625
2024-08-06,0.0010846352020808772,0.0026048631447565707,-0.0008449683973184775,0.002417308863941766,-0.002360890725324921
2024-08-07,0.016521941072819027,0.011047345814614465,0.0051530725559916155,0.0038825963433961074,0.007907675678704713
2024-08-08,0.010855279527483289,0.012097180727436882,0.022642187051841362,0.014573030380102792,0.024967446170910276
2024-08-09,0.017361492764812234,0.01539226303995677,0.01218180906383344,0.008928583654477785,0.013098319782380078
2024-08-12,0.0011562866722883147,0.002817455814544438,0.006574367638908641,0.005731451466817548,0.006124823858768133
2024-08-13,0.009503021664434173,0.009661635270507542,0.00922999442185622,0.007512775731732445,0.009035704036896151
2024-08-14,0.004135232481118928,0.006068518859760279,0.010036180298657828,0.00683257078439829,0.010907788578686909
2024-08-15,0.005881569708868747,0.004017751926731008,0.007197428303767807,0.0014683181393221722,0.011941235992148407
2024-08-16,-0.004839286222860001,-0.002374556505982544,0.001764654186811816,-0.0020824262361919567,0.0023301779065373488
2024-08-19,0.0231293435572578,0.01569190928200639,0.004490031224103693,0.0006647633819977326,0.007625047521396575
2024-08-20,-0.001168628535018223,0.0006447917125389312,0.003590107610052204,0.0036900466726598313,0.0035671893099040457
2024-08-21,0.004542468539517572,0.0038683744719923614,0.0034814318813022197,0.0029937350251357017,0.004299216753140732
2024-08-22,-0.017563631603405568,-0.013463228920369502,-0.00871930340990039,-0.0026854627465831386,-0.010105250520131798
2024-08-23,0.013862591721865986,0.009620629313115914,0.007900081215400397,0.0036867079125704923,0.00829400126221765
2024-08-26,0.00016962406946069382,0.0032401736521255027,0.009713884935452667,0.0035591513729292218,0.009928060860147086
2024-08-27,-0.003135739925137156,-0.003976852186183085,-0.004460473093537746,-0.005526337186342056,-0.004765530816809837
2024-08-28,-0.0017980688896367019,0.00044981449077813876,0.005121165714334792,0.004674801498656631,0.005245595296659568
2024-08-29,-0.01137288913055349,-0.008899988596582935,-0.006366592429967262,-0.00468462182208039,-0.00756740742078683
2024-08-30,-0.00025987533074524707,0.0015795296136592897,0.004069305562694243,0.0054997375904665274,0.003971118349407296
2024-09-02,-0.007655711387759913,-0.0071453146166835044,-0.006484327382145265,-0.005300226832564954,-0.007285825121975672
2024-09-03,-0.0010940697108290883,-0.0012560708579408995,-0.0019064807871145898,9.251647135611175e-05,-0.002045713049407027
2024-09-04,0.017138614931472375,0.015035416193081765,0.012599867512812307,0.011428286225066557,0.015201638517932794
2024-09-05,0.0032566601506291014,0.0019485360191631032,0.001100626946166021,-0.003257469551002125,0.001709764366727131
2024-09-06,-0.012902613951959326,-0.012102838445974283,-0.0146877470141577,-0.008966787798219465,-0.016206849512613766
2024-09-09,-0.0057095999096445004,-0.0041852668451648235,-0.004767580855459254,-0.002277854650870219,-0.006424028344274466
2024-09-10,-0.001891461123739863,-0.0016617258323428506,-0.0018463335140863554,-0.0008680075827435004,-0.0022159910825857343
2024-09-11,0.004395321368828962,0.002343680622934726,0.0015616118114764395,-0.002049320854562694,0.00394381810491906
2024-09-12,-0.003965099168248168,-0.004075424358772098,-0.0017261342387457346,-0.004792029652054485,-0.0009963559889090922
2024-09-13,0.013639557666785295,0.00962310326896931,0.006789097547714579,0.0021777834589258725,0.00963539673352531
2024-09-16,0.0013423418733755066,0.000720222788255859,-0.003574473094142627,-0.0002542398901306782,-0.005567556733457354
2024-09-17,0.000247546818999381,-0.0011212942225112819,-0.0022287588936472772,-0.005466432836464244,-0.0018409299626014175
2024-09-18,-0.008801824305013795,-0.008051366882361343,-0.006342508030319687,-0.006893670132772791,-0.006571290842022211
2024-09-19,-0.008752500602219802,-0.006138674728642402,-0.0037516291780851545,-0.002633395740234806,-0.0042977100116508606
2024-09-20,-0.021067858761453968,-0.01562894526256344,-0.010207935824467563,-0.0066913713543873,-0.011242828178758539
2024-09-23,-0.0064510323963254115,-0.004161865679207244,0.0026287125537573907,0.001883755240283481,0.0030429346735647168
2024-09-24,0.0108353375381747,0.010300250808418294,0.00981457896984653,0.006783919670237108,0.01066003830940122
2024-09-25,-0.008469453666383632,-0.006286543281258079,-0.003034699967243951,-0.002836243263494313,-0.0022305649281084026
2024-09-26,0.009270561801058673,0.008343054683148561,0.006761296932601397,0.008983090984852395,0.006579746626380456
2024-09-27,-0.00037232479352850457,-0.000599260712106991,-0.0016589881032145473,-0.0006959911661896247,-0.002589726528879193
2024-09-30,-0.007940455572477651,-0.00635095914449871,-0.003834573610583015,-0.0020539213346635636,-0.0047179104666524125
2024-10-01,0.0022895849255822323,0.003766321901290015,0.00856288666768525,0.007772829956857569,0.007346169556747897
2024-10-02,0.009785018941965293,0.00836138417294296,0.00497886651514334,0.0032700286629148544,0.005901853813886939
2024-10-03,-0.016499148776919034,-0.01426647836017051,-0.011109339700772396,-0.010670693039264594,-0.012145598454711358
2024-10-04,0.002577758065880115,0.0021306958427412524,0.0034963734044541196,0.000554421028346744,0.004928393194236274
2024-10-07,-0.0019061340548749512,-0.0011779150672461085,-0.0012305541285674234,-0.0018579021572551454,1.9274129238706006e-05
2024-10-08,0.001967804216783878,-0.0013094116117133776,-0.005229554877649966,-0.00519951629976648,-0.005108744582628399
2024-10-09,-0.015535840548556232,-0.01384394158384685,-0.008288779277252908,-0.009745165245738572,-0.00735132613448267
2024-10-10,0.0008799380782348817,0.0010848485324394825,0.0034901321693481284,0.0025047532943948654,0.004519360514529894
2024-10-11,-0.0047164099708828485,-0.005596034030251564,-0.006045368712056834,-0.004901073977638875,-0.006111940546963194
2024-10-14,0.009594237421261902,0.008188363895864272,0.008649998852306797,0.006442011755993007,0.009290767885877096
2024-10-15,0.0008407661319740577,0.0012063872495202202,-0.001499414211194506,0.0012238667707791184,-0.0023572037832382
2024-10-16,0.006013761862726723,0.005747454082220132,0.009510006515698024,0.008395195267255535,0.010374721360785934
2024-10-17,-0.009597504164379598,-0.007598212415677633,-0.006433434265645758,-0.005409842988348027,-0.007807908438623024
2024-10-18,-0.001492707785804365,-0.0010031894335762166,-0.0008466439976244707,0.0003313386794416385,-0.000958754133682069
2024-10-21,0.0025453236151616898,0.0010519956786792805,0.0016760073782154845,-0.0016647724365975393,0.0032834050592384393
2024-10-22,-0.00532398069707597,-0.00397231592539856,-0.0012072524542354334,-0.00012503845746598735,-0.0018251874169191748
2024-10-23,-0.0007715840966868036,-0.002346221448622602,-0.0025397668161186424,-0.004290840900881672,-0.00024349671917139274
2024-10-24,0.006417714635406971,0.00504019158536159,0.0025663445927442703,0.005070950833234041,0.000803471255803016
2024-10-25,-0.006873880810611869,-0.003810271452262992,0.00253454417903768,0.0026027559727308633,0.0017568798451666704
2024-10-28,0.009865782818646803,0.007911749962273364,0.003917217611744989,0.003882946022257732,0.00425406355324863
2024-10-29,-0.005919734119119918,-0.004827887871235776,-0.00236858642645975,-0.0004717943154667028,-0.003009722449439013
2024-10-30,0.0062570426521100985,0.004011176741398349,0.0015263499261548795,0.001159099934640716,0.0013723158583318243
2024-10-31,-0.009140710489383246,-0.007518970127283241,-0.00842398129590928,-0.0054958927192123004,-0.008329890096783147
2024-11-01,-0.01577524913715093,-0.011789678803560836,-0.007474464157740903,-0.004734936886555998,-0.009594115752829372
2024-11-04,0.027699722048797504,0.021699924488169108,0.017260606194010077,0.01210234632165642,0.019410401317660544
2024-11-05,0.00044912513261086357,-9.337228731835879e-05,-0.0005319929200776729,0.0006456808176085458,0.0002766577750406144
2024-11-06,-0.0006604175747279437,-0.0006205844673803391,-0.001834155402759521,-0.005053755989337914,-0.0011065032166019148
2024-11-07,-0.016077136674558866,-0.011596037671005109,-0.007162379568504086,-0.00035949986165350483,-0.00883355624857365
2024-11-08,-0.014706705311963582,-0.011438630279085354,-0.0016310115211683185,-0.00445481642670462,-0.000811551989340225
2024-11-11,0.004915376873903143,0.00412388248304961,0.004998519276281714,0.0022982934245806305,0.006029287077349405
2024-11-12,-0.0045489515282462,-0.004284646758960883,-0.0008086390023007597,-0.00760020022362726,-0.0009110955205292282
2024-11-13,-0.004240116279728244,-0.002506486708011605,0.004630318378470931,0.0015611733294570382,0.004673931857486522
2024-11-14,-0.0009426438234079078,-0.00039325583937913994,-0.00024333484606947836,-0.0032163664445694524,-0.00044550676355959514
2024-11-18,-0.004885002135146049,-0.002439870596574138,0.002504635479247462,0.0036260241567808047,0.00233941458413599
2024-11-19,0.005559881931983064,0.004444439977696211,0.0006163115062535847,0.004377860451452102,-0.0008641816786902133
2024-11-21,-0.013548404487641972,-0.011978401479394303,-0.006036204272478874,-0.008864792389348845,-0.005565948054055143
2024-11-22,0.018504996335251035,0.017613927149063797,0.01809242580309712,0.016039055204773462,0.017856600709843642
2024-11-25,0.007298520249168909,0.0039039431528236873,0.0008497970692436236,0.00032333240675261766,0.0015702877270698287
2024-11-26,0.008807607329660431,0.007125524986570201,0.005161115265276921,0.004546044186918213,0.005382937040151296
2024-11-27,-0.02335425034510527,-0.019124359151985456,-0.010933922096693563,-0.013316156528680642,-0.00999124827223899
2024-11-28,-0.03413748834848018,-0.024899730685317086,-0.014202194366685595,-0.00894375097719088,-0.01650307538976188
2024-11-29,0.00901162684029741,0.009155550439686733,0.01134411402425169,0.0098535411291079,0.012654017328445191
2024-12-02,-0.006106250918412881,-0.0046685283579084216,-0.0013686762546996916,0.0008475920372843142,-0.0019382157214651553
2024-12-03,0.007039240259623499,0.008227125762344157,0.009910453889375365,0.014900512148242982,0.005231864890227103
2024-12-04,0.00037171559485514133,0.0007641464623284839,0.0014974645490666617,0.0006042135634226245,0.0022468567572388604
2024-12-05,0.010705596168323228,0.011200300319976451,0.009890368692671177,0.01109905580342818,0.009362551892850391
2024-12-06,-0.02139075974921164,-0.016525746737678003,-0.012904168452508014,-0.009357601813800756,-0.015025663387997726
2024-12-09,0.0027920048696553675,0.004867932630430571,0.008793502126879071,0.007496212374675546,0.007695513554735623
2024-12-10,0.014574236982093702,0.01031444009784728,0.006050903987182269,0.003970101369101586,0.006939175033356823
2024-12-11,0.01790573138605964,0.015082107368926992,0.011297093318789343,0.008094514379090487,0.0123112347542754
2024-12-12,-0.03802151108605955,-0.0342541314434922,-0.03342366866750188,-0.02665369424679553,-0.03490155733637931
2024-12-13,-0.017448148047720744,-0.0135434210871178,-0.00845535274364997,-0.006672607318024786,-0.008685628688579089
2024-12-16,-0.010149426028016356,-0.008680219280252163,-0.0013922586545932506,-0.006451790957585889,0.0021774192115427532
2024-12-17,0.004185933648092589,0.007171174258525189,0.0070803397755797625,0.011322497750515227,0.004326373998045295
2024-12-18,-0.04250187841165011,-0.03584543254248762,-0.029184159607425552,-0.024941576693882257,-0.03185766486263231
2024-12-19,0.01257209969364895,0.007780056600355115,0.0025235458851711056,0.0030251976187305307,0.002918564176691465
2024-12-20,0.010896133581346978,0.005957810957616214,-0.005904933063277449,-0.005100157121875871,-0.00466026427313721
2024-12-23,-0.020469710093852515,-0.017005253528174006,-0.0061560284859961765,-0.011981160103555412,-0.005396531424005521
2024-12-26,-0.004288371566636113,-0.0029280145268133517,0.0030418173265308913,-0.00028664582270061215,0.007072669246466285
2024-12-27,-0.007460096234121686,-0.0067347849359929105,-0.0037720275741473723,-0.0033912131629796703,-0.0027816726558494683
2024-12-30,-0.0010941414809389845,-0.0012874387508219213,-0.0011911914668806473,-0.001482577542433481,-0.0011844313859280804
2025-01-02,-0.005989625438215869,-0.004108401546761024,0.005919519959887501,-0.00010654191232360548,0.00802510937720854
2025-01-03,-0.014013049305569231,-0.01392371164796872,-0.01584607704134505,-0.015496428398275678,-0.016971862697175072
2025-01-06,0.020730791452097344,0.015671341671912364,0.008014750810866722,0.007674168073370081,0.009617370580530622
2025-01-07,0.009463540452472925,0.008844201294627069,0.009400892096700883,0.010985565457195324,0.010008103067289949
2025-01-08,-0.016708617935851763,-0.014686566035084645,-0.010669377129390272,-0.010397224059138848,-0.011172608914980522
2025-01-09,-0.00042096959172852267,0.00023012364541121462,0.0013479546990032378,0.0013384614223777968,0.0007520352096591393
2025-01-10,-0.008957172619460437,-0.008368699947777518,-0.004684275211058245,-0.006232301121389264,-0.004363701484640773
2025-01-13,-0.002825981235176007,-0.0010389556651884762,0.0015033623305385935,-0.0011665705633827645,0.00035834578496727384
2025-01-14,0.004132296636382796,0.0034895670847780685,0.0017263810503426842,0.00431306604309685,0.001082506141833541
2025-01-15,0.03520611917829471,0.02859522080550802,0.020676769851403754,0.013855961861338228,0.02356603196206952
2025-01-16,-0.020714110414565588,-0.016580857460070406,-0.009873117902249921,-0.006704131186591934,-0.010727987244971779
2025-01-17,0.007615832617669558,0.008658609410877961,0.011846515779935018,0.009839813989108185,0.012331224811962263
2025-01-20,0.005437766354129271,0.004819089364322877,0.00391204151485203,0.00294652100281739,0.004940856285946997
2025-01-21,0.004946043204454526,0.005308745547823423,0.006044751651294128,0.006263485496177961,0.006562097356277792
2025-01-22,0.0043060424476686135,0.0006913118571399393,-0.004196169945997785,-0.004163462573241983,-0.002788950510418567
2025-01-23,-0.008010013289093612,-0.005947470185926808,-0.001567073843695924,-0.0031826984498590097,-0.0036452735296085515
2025-01-24,-0.0007426401512611132,-0.0015825882545790221,-0.004689675818271767,-0.0054749588792406476,-0.005191370338234491
2025-01-27,0.02871230275812484,0.022525305462765315,0.009075596278954804,0.013794949277139583,0.00972420945619263
2025-01-28,-0.010012464099299984,-0.007365971022632217,-0.0035557427502638686,-0.0030870276884494624,-0.0034237113182537175
2025-01-29,-0.00490386495411766,-0.005047794721897094,-0.005267028221561155,-0.004253968649951096,-0.004866435548460822
2025-01-30,0.03221641815073343,0.02714083429392365,0.019382446604151816,0.018181635521281124,0.020018689906620018
2025-01-31,-0.008624242275974926,-0.007678992951241049,-0.005957992223200297,-0.002502906769674254,-0.006841957725707889
2025-02-03,-0.0002665086194985017,0.00016570163298874657,0.00010292951978065502,0.00042092555002662835,-0.0011916205819687369
2025-02-04,-0.008727094918884255,-0.009041712641510463,-0.011685210823205856,-0.006643892826480586,-0.01264021919146631
2025-02-05,-0.003225447900385815,0.0017586510201454675,0.015065254772298288,0.0062398940690962315,0.01714896816833817
2025-02-06,0.009338550627074256,0.005858063311289237,0.0008776681431114128,0.0018947652874677927,0.001514173876341494
2025-02-07,-0.014651553193358986,-0.013150981919966477,-0.012879488728640563,-0.008809268083406579,-0.013770214649877032
2025-02-10,0.010246207798543986,0.0075067740050090166,0.0036682741377524843,0.0014996035955109998,0.003867325670807195
2025-02-11,0.013434536371931179,0.009752304347604431,0.0038687390952106336,0.0018181822317061913,0.006478172317885979
2025-02-12,-0.020538618214459264,-0.018342765733175788,-0.015169954445957555,-0.013023437190776912,-0.015387700634689687
2025-02-13,0.004509934932007117,0.0046237380550699534,0.00710674922380216,0.0033591951340011103,0.008203677033485231
2025-02-14,0.02988809372108535,0.02508409328664045,0.017732009668506132,0.017113803789911473,0.019765857478832582
2025-02-17,0.008262644229030901,0.0033700141725962157,-0.0020525519036294487,-0.004118077801729624,-0.001408219368497836
2025-02-18,-0.006961978581504774,-0.004125120707335919,0.0012487403076076192,0.003926989989692374,-0.0009877088802723285
2025-02-19,-0.016416960368672927,-0.011167910595890148,-0.003945577540439131,-0.0013917386592515238,-0.006827424753166435
2025-02-20,-0.0005587443556159291,-0.00030115760044766807,0.0007399282034830188,0.0002214658649327913,0.0001617905331880363
2025-02-21,-0.007492668691966664,-0.006413765370868167,-0.007821059364258028,-0.007475223378214917,-0.0081995359876678
2025-02-24,-0.019896717955262707,-0.015006471394407818,-0.008617904126916697,-0.005336209288409769,-0.00900003189329161
2025-02-25,0.0049011477443401605,0.004270613145809879,0.0027331500128038146,0.0036329476635587545,0.004052391318946126
2025-02-26,-0.01583618106774616,-0.012624682913510212,-0.010109210335167505,-0.003683167893645313,-0.01527296187272152
2025-02-27,0.0061226113235930725,0.006279288563523001,0.013921099422206252,0.005072924740406563,0.019410610534547006
2025-02-28,-0.021310782115132584,-0.018485786031755727,-0.013953766873102024,-0.010829907196079281,-0.016374036979311925
2025-03-05,0.004514833534829898,0.004963639387495193,0.008118283917291172,0.006674364441589198,0.009512157015101358
2025-03-06,0.003175000304176127,0.002863964618249886,0.0019171205310524338,0.003458103597031346,-0.00035915546944064884
2025-03-07,0.018114990069683496,0.013542198342443206,0.006858898127160628,0.008549703061233123,0.0067947435388727275
2025-03-10,-0.007294303049348494,-0.006542244701268639,-0.007054385189534819,-0.0029489798181198783,-0.007322168694414962
2025-03-11,-0.008952809805169059,-0.009395311493039522,-0.0077384354082488446,-0.00724154515886242,-0.009230633225052102
2025-03-12,0.005460327572177925,0.003296625152555831,0.0029501340294865574,-0.0027786498115309746,0.004541631495343553
2025-03-13,0.010518225405051306,0.009975647247314423,0.0013872089201579399,0.005578226144524005,0.0005590964865751029
2025-03-14,0.03132965074814717,0.025107495095866194,0.015256412440020344,0.012979689775577398,0.016641195415512715
2025-03-17,0.011635677273172506,0.011073336515192147,0.007696429957635655,0.008374143072780131,0.008719616670458188
2025-03-18,0.004224124015763584,0.005234688582451109,0.011072932587514968,0.008398839253648522,0.010460700288676376
2025-03-19,0.01172967814069022,0.008147859158783745,0.005109839444402835,-0.0006611790288628797,0.008808435400549024
2025-03-20,-0.0036664860475444394,-0.0038451288522940393,-0.005257038613958334,0.00024135512923350195,-0.006419390261041129
2025-03-21,6.422856823300486e-05,0.0008598686234709624,0.0027062446344640516,0.000714970840679005,0.0037462434736509945
2025-03-24,-0.009521478646239024,-0.009251990837000953,-0.007883760003766366,-0.00664582682040065,-0.008983006772755701
2025-03-25,0.00955540765086084,0.004595710632348239,-0.00020362855446817577,-0.003136346076963192,0.0014495401941963793
2025-03-26,0.006278873232218195,0.004406379745916768,0.002499170626040175,0.0014123860785950093,0.0037653295527833937
2025-03-27,0.005324952466620163,0.0040585281406509775,0.0035047607996706327,0.001621954302246002,0.0038710834429835704
2025-03-28,-0.010077031543679879,-0.009437344767670193,-0.011200471209224308,-0.005788069005057983,-0.013371912279459174
2025-03-31,-0.015323690951817818,-0.012859319614876559,-0.006109812124546239,-0.006635148163758825,-0.005905736229070432
2025-04-01,0.007872812142969888,0.007235526722294113,0.006736233436522199,0.010110777473652823,0.005584098588974342
2025-04-02,0.0046335986840141796,0.0016315747045231052,6.548999753190981e-05,-0.0038576730619230707,0.0030066633146810014
2025-04-03,0.00798260826869156,0.002253622730350407,-0.012176114013768701,-0.0035996788451751823,-0.011250501398916628
2025-04-04,-0.034909908552071336,-0.02979208825428965,-0.02541844701384338,-0.015591165751343481,-0.030253222845645633
2025-04-07,-0.013030841926996129,-0.012840483470885124,-0.010478503351929597,-0.013801285959155866,-0.008220456978424709
2025-04-08,-0.011108256026791798,-0.008013106291644055,-0.005903422000715222,-0.0017870774190489702,-0.007689187379540749
2025-04-09,0.03734339044002119,0.03213222498245546,0.027742975911646636,0.017840470155687183,0.03168094263733752
2025-04-10,-0.009411673075217957,-0.01207422735438589,-0.01880782975870778,-0.014480273804623613,-0.019126372414112965
2025-04-11,0.011825140872965288,0.009852772376659194,0.004943738257561111,0.005354121237794731,0.003876326191105632
2025-04-14,0.014936379810986819,0.0142981994461846,0.01543245714421472,0.01208011330656179,0.017146671116445963
2025-04-15,-0.0029636760699326614,-0.0026937024006524406,-0.0019502142164267789,-0.0028889505065426997,-0.0013933924907225527
2025-04-16,-0.0040203594706369385,-0.0040578895340756425,-0.0052764444582958075,-0.002845379477846909,-0.006742990619231006
2025-04-17,0.012241991224382007,0.008962433663320947,0.004763215974324122,0.0014853444069099094,0.006320362902676717
2025-04-22,0.007194606494615096,0.00520785375486497,0.0012503575652716922,0.004536201388529837,0.0012513343752628015
2025-04-23,0.01164123862725096,0.01147432583114835,0.007945444385256104,0.0066896006829076995,0.010022238489917186
2025-04-24,0.025440760715300614,0.020732165515604917,0.015262537461772531,0.013075516647400472,0.016756709473560394
2025-04-25,0.0013334656524598913,0.001755613030998705,0.0038542791342040185,0.000613213893247885,0.005106870991290047
2025-04-28,-0.003190433570875043,-0.001995569148879041,-0.004236127740865877,0.003555656171805113,-0.006987594401667579
2025-04-29,-0.0011396034997107145,-0.0011735732623540085,-0.002130099716412078,-0.0017831213379684596,-0.0007865344785973729
2025-04-30,-0.005805662196397598,-0.004704364749062642,-0.007923673825624238,-0.006879714866280324,-0.00664946231412401
2025-05-02,-0.0009318983727509615,-0.001351291714942675,-0.0014078976096603348,-0.0024366262191234836,-0.0022019704255462997
2025-05-05,-0.011699859288673497,-0.011447810244625658,-0.012042194702328462,-0.008012177721336802,-0.01256810911504416
2025-05-06,-0.006270081895961076,-0.004513952716156249,-0.008051689581928046,-0.01059829982379247,-0.01011072038537901
2025-05-07,-0.005246031126788404,-0.0030180095756537017,0.0020892279435282025,0.0012901856637440763,0.0022225953722742075
2025-05-08,0.023186833229697276,0.01804446771742786,0.007347093250587879,0.005008964291519775,0.008595827921074821
2025-05-09,-0.010258574480429217,-0.00789322607186085,-0.01127010269357992,-0.0043850752636411285,-0.01179594845573852
2025-05-12,-3.199680987584069e-05,0.0012154686696560439,0.00740655989640436,0.0025492860391557676,0.006152622794536251
2025-05-13,0.020674823212263955,0.01806099642038998,0.01383515726437886,0.009280937026758357,0.015275200573402557
2025-05-14,-0.003335802390193646,-0.002234339944366195,0.0018897418855609246,-0.0003854081238698735,0.004028720917775338
2025-05-15,0.008709758391908917,0.00794156744735108,0.011225022067704643,0.0111997454151164,0.009330252992141673
2025-05-16,0.004608845601981479,0.001786869800692765,0.003363601028257882,-0.006388867779570274,0.006422654789066653
2025-05-19,0.0010729688983461632,0.0011032159758057603,-0.0013874311823223288,0.0009425285561569881,-0.002541692618660592
2025-05-20,0.0023580035373945932,0.00351204597575321,0.0010934982226029585,0.004830302255898481,-8.827202278495403e-05
2025-05-21,-0.018321264104517072,-0.015823294363089716,-0.013840593214412809,-0.01217845976898987,-0.014652339783013491
2025-05-22,-0.00030554640976815096,-0.0018672475474828174,-0.002475701425930557,-0.004458199382375802,-0.002356866649973282
2025-05-23,0.006181725288267712,0.005895090268128379,0.0061768809596600485,0.005698127746358674,0.005373764390220318
2025-05-26,0.004022534775157269,0.003132318952293139,0.002902669553620089,0.0018126879185908803,0.004181100793018178
2025-05-27,0.014996468681502118,0.011515361644827237,0.006946675396326446,0.007055607947500597,0.008096982544385968
2025-05-28,-0.00258766202124825,-0.003739390891535109,-0.005778722643928653,-0.0069402761929949226,-0.005839524716842706
2025-05-29,-0.0019966394053841747,-0.001433309778307494,-0.0023737035444863414,-0.0031516608666470455,-0.002759278146837799
2025-05-30,-0.008132046162667017,-0.01009361788757725,-0.010931321974876456,-0.011946236657946164,-0.009605965534357323
2025-06-02,-0.0018563039214024074,-0.002665439808213232,-0.004100378278178712,-0.00526349201605824,-0.003949924144438436
2025-06-03,0.01176175529688887,0.007968730400613439,0.0030375396775148174,0.0046211694613873585,0.0035952184412892042
2025-06-04,-0.003403385615981312,-0.003786338711212998,-0.0028897676858499577,-0.008668614229983315,-0.0006990939351360094
2025-06-05,-0.005691429811708492,-0.002319113628188722,0.00746211943233613,0.0070828357750077784,0.005805147126597858
2025-06-06,-0.004083356574416505,-0.0017836910850508522,-0.0009169900227419787,-0.0003046412321660351,-0.0020048872685214923
2025-06-09,-0.0011735337238329081,-0.0012112336435368756,-0.0011525936473672893,-0.004461627879929997,0.0003243965444719816
2025-06-10,0.006842641409072021,0.004157255466899657,0.0003048233665525198,-0.0003367531904997338,0.0006287756417038939
2025-06-11,-0.0003568221371663003,7.739476175705892e-05,-0.0015677570320054286,-0.001975660449314313,-0.002466991329459195
2025-06-12,0.0016263839734179755,0.0029687243908169216,0.005589539548151732,0.00290391134617257,0.006435297798397799
2025-06-13,-0.010435139973085211,-0.005692854513364808,-0.000909882940399149,0.004459086210398701,-0.004673191866169168
2025-06-16,0.01702406376193007,0.013978692853581555,0.0125794561186222,0.009180223385316091,0.014111145250481493
2025-06-17,-0.005441589351067225,-0.005760797781578467,-0.00815286230168406,-0.006851546040722736,-0.008443199274743646
2025-06-18,-0.0022454412503335754,-0.0015501032559528927,0.00018690983081025118,-0.002166028122850933,0.0014097196651834932
2025-06-20,-0.015255514901319421,-0.012468513722424926,-0.009271749927371635,-0.006244758840309666,-0.009777580226049317
2025-06-23,-0.003326511152047099,-0.0017132421147677565,-0.0015280808945336555,0.000902469432012153,-0.001723438727744739
2025-06-24,0.005656518371179541,0.003478034981097687,-0.002138727275551843,0.003991751920205771,-0.002577042348312399
2025-06-25,-0.013120826947520101,-0.011579117852839639,-0.007127745384018145,-0.006222579189625802,-0.007485388454366771
2025-06-26,0.009131598079524121,0.00938556540143339,0.009645970329979239,0.007247254157152686,0.0102566171026847
2025-06-27,-0.004489449472248413,-0.003544051164271324,-0.004606998202123744,0.0013160591372896012,-0.005070993985455703
2025-06-30,0.015842969218183515,0.01447727885796237,0.011149371780035191,0.010507363773399307,0.012063601101459997
2025-07-01,0.003395060163159664,0.003353317391062603,0.002959104850699851,0.0017356842874631676,0.004104187159513427
2025-07-02,-0.008433328180334298,-0.004024261842478617,0.0028099869502498697,0.002319173051126132,0.0012573766453489329
2025-07-03,0.014806601762025402,0.013594817582102308,0.009388957279863327,0.01279331352866631,0.010204356428929175
2025-07-04,0.0028024037203456206,0.0019524363700041123,0.002123957142037349,-0.0033745692590342494,0.0031135323463424135
2025-07-07,-0.011421157623419982,-0.011592122524500785,-0.008805199921787361,-0.013904172698783256,-0.008235366961323133
2025-07-08,-0.002309494839958268,-0.002327994898213773,-0.0025365355988923874,-0.004176313130929462,-0.00215806336276105
2025-07-09,-0.014664441941022052,-0.014539428494771635,-0.018497279538827342,-0.015752620251817874,-0.019153475332361676
2025-07-10,-0.0031179838616264884,-0.0024962224888858625,-0.0009510191275676386,-0.002350007268278316,-0.0005417111857431293
2025-07-11,-0.008822313616928442,-0.006542480453801529,-0.0031927268890771304,-0.002157187309558113,-0.00474061049428127
2025-07-14,-0.004791562545074167,-0.004426693369446696,-0.0050836746025787975,-0.0016479684564161873,-0.005326500432915849
2025-07-15,0.004350317877444832,0.002545218801783331,0.0027578774391048572,-0.0015136493385536332,0.00368718777547745
2025-07-16,0.0004848496541162348,0.00047265584806159246,0.001395911300483335,0.0016975549271389468,0.0009577898212890798
2025-07-17,-0.00031519555770316825,-0.001085050893281082,-0.0024141932458525603,-0.003286754861270475,-0.001244064709969423
2025-07-18,-0.019525565399507144,-0.014709090392566728,-0.009329309793934582,-0.0017010108648959116,-0.011939963515040945
2025-07-21,0.003177460426164062,0.004557661460665765,0.0016884103504810873,0.0023729889739372754,0.0012172093222426288
2025-07-22,-0.0020006875343754555,-0.003008646373915084,-0.0028768429296279507,-0.00704954689433639,-0.0016238054275781058
2025-07-23,0.014139182558161843,0.011587015353736534,0.008193587324451981,0.00851212235958544,0.008283329553172864
2025-07-24,-0.010325730291587462,-0.009601347156313791,-0.008040309137237803,-0.006443696500188828,-0.008795152044121771
2025-07-25,-0.000845291583455072,-0.00034613566029455966,0.0036070663139716936,0.0016580236685460497,0.0032653019963744
2025-07-28,-0.011764686623681997,-0.009878101553240088,-0.0062508683148388,-0.0061049125954293765,-0.005767021482503727
2025-07-29,0.002833821084916709,0.003136086304361371,0.0038959574974873666,0.0022763628225082556,0.004307206396490662
2025-07-30,0.01328841922913866,0.011008176225682058,0.012468314107679578,0.005614129478705053,0.016572486777218415
2025-07-31,-0.011414646527137026,-0.00910562550046816,-0.005942400921631459,-0.0038531939348671433,-0.008071745134064749
2025-08-01,-0.002408288272659749,-0.0034159125816117346,-0.0032567690880351977,-0.004278851802605035,-0.002490455425016505
2025-08-04,0.0008006336410164315,0.0005026001736865302,-0.0017760794910284146,-0.0014434904865079049,-0.0010425964668887597
2025-08-05,0.001016020897703634,-9.530051109941655e-05,0.000401848085036633,-0.0008331148540493225,0.001187408654857675
2025-08-06,0.011511816423292444,0.010350812806293417,0.0070585702660292005,0.005868077646667784,0.006339981276146652
2025-08-07,0.011801961290755841,0.012018233099530875,0.010611763115200373,0.01380591779543519,0.009570340450145067
2025-08-08,-0.0047137063337797,-0.0026591054233694403,-0.0040816678832399905,-0.000689608003829713,-0.0052575358155669775
2025-08-11,-0.009522709509934984,-0.006984615653869461,-0.005570275357600331,-0.0032966536009559184,-0.006231433489965572
2025-08-12,0.014415296662746994,0.011906409360373469,0.0033842604814743617,0.004247802608478347,0.0038300367781219343
2025-08-13,-0.014737025233172931,-0.010912676090442658,-0.006275749055285707,-0.00500967234648128,-0.008784814120801877
2025-08-14,-0.0048995328817860945,-0.003267413363659744,0.0006321163066972679,-0.00023259933223359936,-0.00019408683929199498
2025-08-15,0.0013053546134009226,-0.0012704460515403709,-0.003659154062257437,-0.008036655911983891,0.0004339593603978142
2025-08-18,0.012476506293103881,0.008516806753168208,0.003562733730017064,0.003108734143998864,0.005138517856923445
2025-08-19,-0.022413824487014147,-0.018500053232622684,-0.00951097104561388,-0.013306619256917661,-0.01075442040804333
2025-08-20,0.002254725513789815,0.002401302744897611,0.00045708229351834416,0.00039049868699427535,0.0014653463626618176
2025-08-21,-0.004021863560488117,-0.003390317545541912,-0.0011735249697488659,-0.0040215023433389395,-0.0009254393053418454
2025-08-22,0.025570810742091894,0.02170674116868372,0.01624419332914859,0.015172524058628574,0.016702677883294405
2025-08-25,0.00397100876974582,0.002374507605664729,-0.001305890758036341,0.001013860604127584,-7.22731700628599e-05
2025-08-26,-0.0020543610162649505,-0.0016607199354539883,-0.0006488901143859918,-0.0007793271615735124,-6.446390614517217e-05
2025-08-27,0.012142822642586275,0.009691955577182828,0.004900838240471319,0.005462072083320118,0.005039475210756512
2025-08-28,0.016259671517764644,0.012177862941184633,0.00593743159883491,0.00500698200553655,0.006599915808968226
2025-08-29,0.003431604522045775,0.002320010147685333,0.0016981098184044407,-0.000489129621326182,0.0032379804769097696
2025-09-01,-0.0019271388115768174,-0.002494300595239501,-0.005132924290426864,-0.004675871623810808,-0.0047259843040071605
2025-09-02,-0.007950235939985359,-0.00725406418039215,-0.005607878475751825,-0.005691882387936825,-0.005639470129966358
2025-09-03,-0.0023017128208929825,-0.003304966580694071,-0.004893093569334213,-0.0038487027092985195,-0.005159438098934652
2025-09-04,0.01177334574114555,0.008660421206658404,0.002856494692386201,0.002359302672324463,0.003737109683240761
2025-09-05,0.01322220743139939,0.01021484967924653,0.0046383586512448016,0.004068181193114475,0.003686493213600209
2025-09-08,-0.007959971320371205,-0.0064540795321621795,-0.007195072525847517,-0.003902342873313611,-0.008294747604905799
2025-09-09,-0.001779294991291459,0.0010341481526064632,0.009253432561951328,0.004201583900634257,0.0117643681405664
2025-09-10,0.0025967145771321667,0.0018738829364083063,0.0022098659450686415,-0.0012785931566642696,0.003340218079213384
2025-09-11,0.007540202303524067,0.005860249194296101,0.002914824488322004,0.003283289928304202,0.0017650073472349518
2025-09-12,-0.0063820481455258895,-0.005546522791418306,-0.00586247110301912,-0.006053488103358011,-0.004934335695820731
2025-09-15,0.00851793342282492,0.006307796777428865,0.0012600006594852453,0.003789692562042425,0.0009977778369506906
2025-09-16,0.0070627943531522104,0.005676323814511195,0.0063164988065659775,0.0026461691055186215,0.00939326370753536
2025-09-17,0.010779008087681872,0.008667688896526703,0.003740962983900194,0.0049498860075640186,0.002998405349988419
2025-09-18,-0.004308144592018384,-0.0028197861222577798,-0.0001984157440996536,-0.0016777062019955255,-0.00013758126533055804
2025-09-19,-0.004582907820129522,-0.0040779914498951676,-0.013219907264199715,-0.0002935893529476439,-0.019746546576028402
2025-09-22,-0.01174646004966219,-0.008090058943603486,-0.005547811682320482,-0.002784727749196293,-0.006895617132634528
2025-09-23,0.009495839711254455,0.008165207510877712,0.004517310541726595,0.004458572749400917,0.004935017363228872
2025-09-24,-0.0014181855675539352,-0.0011974571396429214,-0.0019047224972323197,-0.0012863239153289455,-0.001725066429566887
2025-09-25,-0.01382999877095295,-0.01021438402712513,-0.007232690476956976,-0.0038174025798640206,-0.008404810121410339
2025-09-26,0.0004830953712110513,5.538567760844478e-05,6.956583312994885e-06,-0.0022125198218833518,0.001336066390132393
2025-09-29,0.004511656361371729,0.004259319220280883,0.0009009511976777676,0.003874941159017011,-0.000130004251289994
2025-09-30,-0.004874206110871387,-0.0019562959884903922,0.0008567019644109426,0.0025305938833189625,-0.0010909471635589087
2025-10-01,-0.0027220490277276702,-0.002173163031533553,0.0008748491643354187,-5.626694741459472e-06,0.002165570681638614
2025-10-02,-0.013281572396082042,-0.009899468700100717,-0.009542815469669392,-0.005619234176510791,-0.01296874158098165
2025-10-03,0.002246282344721499,0.001908200519572593,0.0008211213012114253,0.00010937379343167179,0.0014519671636255339
2025-10-06,-0.005488103214559385,-0.005518251439784291,-0.00548346509472625,-0.008296319463559042,-0.004335399125998367
2025-10-07,-0.01966495334140721,-0.014657764925144296,-0.006849169854569231,-0.006102950010424719,-0.00799143549085339
2025-10-08,0.004134527287332132,0.0013419009128596009,-0.00608316734036221,-0.0052456687941140785,-0.004977580507255203
2025-10-09,-0.005626634436653697,-0.0038701992341447665,-0.002774281855451746,-0.0017348781588672117,-0.004605329984183675
2025-10-10,-0.009146774452347621,-0.006042478755510512,-0.000897719411619238,0.0012754459662751372,-0.0023901922520850045
2025-10-13,0.006200748098858132,0.0062479163964428005,0.006123562017070665,0.003954787847975856,0.006253623100460172
2025-10-14,-0.0016661394918385565,-0.001627699511584593,-0.0016109392705140606,-0.0032442326912317755,-0.0008299777529871732
2025-10-15,0.008673094758672544,0.005052862702970086,-0.0030965649157088707,-0.000397214415611899,-0.003008837692215113
2025-10-16,-0.007005995924769675,-0.003360597865626747,-0.00045040668753343116,0.0003539654548743433,-0.0021919976890691925
2025-10-17,0.009772019267808888,0.008241307820195179,0.005974268338028754,0.004526085723209634,0.00725972823451272
2025-10-20,0.00708237727881665,0.005667193269360458,0.0019101543575990127,0.0014609778065728112,0.0016670283544275896
2025-10-21,0.0003115165296397277,-0.0006256463132692559,-2.229830645262567e-05,-0.0015920669472060036,-0.00015108627240418497
2025-10-22,0.002518595408060575,0.0030504009181405493,0.0031397003593994968,0.004528018918983048,0.002407570183249956
2025-10-23,0.008193566886217704,0.00667579618277876,0.00447697972221708,0.004434498821020717,0.00521315513542244
2025-10-24,0.006040213365814142,0.004541615863230414,0.00284150369127729,0.002999854515769887,0.0026339309603010726
2025-10-27,0.007982984354465181,0.006623895531945338,0.004475461338053334,0.00582262846417096,0.004335902905752458
2025-10-28,-0.000607798173664874,0.001340698822446948,0.004038879503368119,0.006022838674298044,0.00339297243092109
2025-10-29,0.0035305173369642897,0.003165614383080815,0.0009786462989369402,-0.001288721205451227,0.0021789657995300773
2025-10-30,0.0036196245493754263,0.0032192031089887186,0.003057904190830232,0.0033255145741933087,0.00402509259018614
2025-10-31,0.004830724060012861,0.003645911341945954,0.002835152394613724,0.0022036282068275733,0.0023632991393288893
2025-11-03,-0.0009053151992379869,0.0015092029830515333,-0.00013863880332929478,0.0062816565264335635,-0.0019169174043985543
2025-11-04,0.005640719291123353,0.006506736898131641,0.01007974870534753,0.01383722114363616,0.009663279983229193
2025-11-05,0.01636333255930161,0.013511416333046363,0.006183311970103729,0.006376781152098926,0.0068125967549103284
2025-11-06,-0.009531312910342692,-0.00541359110183685,-0.0056755555039471675,0.0008240146559768025,-0.008898571474634446
2025-11-07,0.0009321774386540866,0.001534890433792338,0.004275457087935608,0.0036797273202105905,0.0045090722511111
2025-11-10,0.0071932133229205865,0.00538757681422577,0.004811456174820891,0.003720058776775949,0.006449850275637974
2025-11-11,0.01921890552121475,0.013529779047227908,0.007732069162176363,0.0070717591062968545,0.009535225214832547
2025-11-12,0.0014785042935016597,0.0028841009091449257,0.0019843318814278745,0.014147621074753855,0.00042123767191521426
2025-11-13,-0.0070959722894219064,-0.006050351373120624,-0.007771880487867369,-0.004523875489726013,-0.008861232858860094
2025-11-14,0.0033618322812899782,0.0021399378267116793,-0.00015536953631783092,0.0015699152659231135,0.00013544796253789124
2025-11-17,-0.007923873495527705,-0.004267851450494477,0.0014278346744295027,0.003965751105296836,-0.0003841391376236574
2025-11-18,0.003202996061292099,0.0012663232063660965,0.00011730478699378527,-0.003200467285706727,0.0012893563837194397
2025-11-19,-0.008496465316738012,-0.008300972956175955,-0.005265543024659779,-0.010235556289203977,-0.004400066825650801
2025-11-21,-0.005484125756700672,-0.00446415992747986,-0.004573267779521373,-0.004182552064023443,-0.006468562942709791
2025-11-24,0.003056063657494322,0.0031299423235166142,0.0020032393200223415,0.005438806002231341,0.0018027551377014146
2025-11-25,0.0027683846715914817,0.001154649534499433,-0.005212866071865169,-0.0012378621586835495,-0.005946352978713646
2025-11-26,0.014209845839153626,0.013820880216055882,0.013502754237738234,0.013055816286077063,0.013372318588093684
2025-11-27,-0.003760014210766829,-0.006337274184712704,-0.02214305976761401,-0.018434981121640142,-0.01587917107648262
2025-11-28,0.0008457969327200906,-4.558400945013004e-05,-0.004042261488867573,-0.0054822373489167246,-0.002264650039371097
2025-12-01,-0.006236585011056343,-0.005105374785078854,-0.003189083987281459,-0.005222772773338144,-0.004314082921086527
2025-12-02,0.015104754826774182,0.01303604905613684,0.011766390849322371,0.008792863883216009,0.011779056258376512
2025-12-03,0.0032867243957789504,0.002876480076287053,0.0010747524372636673,0.0019347560968502936,-0.001049686276464305
2025-12-04,0.014674183941139476,0.013682670692152748,0.012056011491288514,0.010496795108798033,0.01236212858342717
2025-12-05,-0.04761355833145951,-0.038242314895378084,-0.024056310708701397,-0.01883254103047481,-0.027232061956455184
2025-12-08,0.004058474916883166,0.00587483538801572,0.014000022179154336,0.010724688705523473,0.014988273576019511
2025-12-09,-0.0024411962309420646,-0.0012419189997148973,0.0006036686995181905,-0.0001530150589199792,0.001427788132388194
2025-12-10,0.004913836731509258,0.006360888188139045,0.007279580049404941,0.01147943553066317,0.004504957591738021
2025-12-11,-7.22560199640108e-05,-0.002576867099673122,-0.007830945475115158,-0.011794645398487234,-0.004814330927872434
2025-12-12,0.009093051080817356,0.007703739740748606,0.006039379610565088,0.005225506931069504,0.006461415713960631
2025-12-15,0.007483538883128409,0.006901499783795978,-0.002408889989605815,0.0010068569170896356,-0.0005984608965592435
2025-12-16,-0.02622679802611677,-0.022093826547808042,-0.01370707635413583,-0.013515840089642283,-0.016195319908761618
2025-12-17,-0.011056182267536881,-0.008088645878996987,-0.003129769866824913,-0.0043235386515397736,-0.003864382543624137
2025-12-18,0.0015229167541181414,0.003984138244412469,0.014200513866470588,0.010023903554223973,0.012438576247096362
2025-12-19,-0.005209116263427944,-0.006784928624213619,-0.0042132694468923005,-0.002769840804609558,-0.0029418359207718458
2025-12-22,-0.008479054491988304,-0.006153772226320301,-0.006091967284178408,-0.008106119666021244,-0.004333273184627719
2025-12-23,0.014602728950086814,0.012688404865139781,0.009065710475627818,0.008607110106520611,0.007536062834899331
2025-12-26,0.000557300117094706,0.0018434081839881977,0.0032638314916165253,0.008549795587762084,0.0006429781919683378
2025-12-29,-0.0032370973887561956,-0.002635151304654209,0.0017547029715689931,-0.00010398685243205336,0.002945342565762255
2025-12-30,0.003759555710745297,0.0035665137044126236,0.002821475361613367,0.0019497254190173154,0.004016007930751051
2026-01-02,-0.010160597127460818,-0.009380952093463051,-0.010789511578506746,-0.010169062136150101,-0.0096964424051901
2026-01-05,0.006704771738155027,0.0027312083048334655,-0.006864947256884408,-0.005707581758827513,-0.005801646525288786
2026-01-06,0.0113512079925419,0.008589259814258619,0.004845988100892394,0.002695626925228528,0.005567387628920064
2026-01-07,-0.009559908064268123,-0.009041972894126034,-0.00814172709346595,-0.008525245005004303,-0.007319251620553406
2026-01-08,0.0028855249131347293,0.001206681930119469,-0.004598837072587853,-0.007601999744069584,-0.0027156760250806296
2026-01-09,0.003871620022871573,0.0050940176406556415,0.00867594678970067,0.007876213922169839,0.005914486405651594
2026-01-12,0.005464242290283719,0.0057166745001255214,0.01013111448362566,0.007888331754607132,0.009580408303113318
2026-01-13,-0.011659746137006547,-0.010360089505475591,-0.009323068007242884,-0.0065856804975686235,-0.009625152874381177
2026-01-14,0.013657542560426025,0.014541123974992302,0.014567037934557353,0.014931083840077084,0.014433302453182245
2026-01-15,0.00015570021044831558,-0.0003505080401731939,0.00012248248099686117,-0.0001349123154351294,-0.0001395569807105387
2026-01-16,-0.01120225194776494,-0.00846332397668612,-0.0067775144843488485,-0.004840128127009255,-0.00757899543828905
2026-01-19,-7.034246747345023e-05,0.0007184916131231433,0.0007579127021863231,0.0020677314442621407,0.0005119823292621902
2026-01-20,0.0061908276647797255,0.00711143940892262,0.007181074022086748,0.005767844027506048,0.008533839843098944
2026-01-21,0.03193670996508609,0.02859620067653192,0.02274877925937099,0.020827672343980724,0.0235241709927082
2026-01-22,0.019126308027459026,0.019036984995822674,0.015199955327554197,0.01910310423681486,0.014262192120686593
2026-01-23,0.016826814753489933,0.015224971686241892,0.008828161701175246,0.011248527178532532,0.009563519562219382
2026-01-26,0.0019495212734503588,0.0008100573298884349,0.0030736744894847754,0.0022205449200149293,0.003407392775950056
2026-01-27,0.01897353918080401,0.014978658433087518,0.00845158755620598,0.007320882358957793,0.011126788002575284
2026-01-28,0.01458107699819405,0.012892201763800662,0.012600906627371592,0.0060533151399899225,0.014800050734711271
2026-01-29,-0.017767077250054532,-0.016241451704667693,-0.01590182150835111,-0.015024688848209919,-0.014451328168145545
2026-01-30,-0.005308895206911619,-0.005755288192104035,-0.0031036824348399422,-0.0056970740074129165,-0.003825598649012877
2026-02-02,0.004471997223240093,0.005386572443900623,0.003673615524317996,0.006552051157585572,0.002361959140396404
2026-02-03,0.013777541315569245,0.013223101808220634,0.01349923371091255,0.013207764384001647,0.01449905022877431
2026-02-04,-0.026624938524596124,-0.02384795117564795,-0.023017305401335536,-0.013329117871517382,-0.026789451921466444
2026-02-05,-6.727503447769945e-05,0.00021365807172429255,0.0006405776041901879,0.0023393862089413544,-0.0012567995577584452
2026-02-06,0.004229451952576213,0.0026659283707779415,0.0012426125546368936,-0.0024158729964387964,0.002496828630977828
2026-02-09,0.013601902364555456,0.014296569273912567,0.013996743458758624,0.01673483419417006,0.012727638612899682
2026-02-10,-0.003444766434272632,-0.001963703395178473,0.00025475424150419354,0.001991576528943492,-0.0011053951595463042
2026-02-11,0.020875313732724072,0.024275655689622817,0.03184643699102302,0.039875714476019834,0.026212626974748396
2026-02-12,-0.018713150969560107,-0.014741269551186991,-0.012648365800644937,-0.004208519206511805,-0.018255459252890592
2026-02-13,-0.00823095629091122,-0.009822372833238608,-0.015004364398819935,-0.018341447055058694,-0.013693587361104754
2026-02-18,-0.0004406147729704037,-0.002371695757815411,-0.006780343272093631,-0.009822198918587386,-0.0052939042495575885
2026-02-19,0.010353415213099869,0.009192042251585255,0.00047362068331729045,0.005569299253276568,-0.0031130855705113984
2026-02-20,0.007804797468421786,0.006753024383730881,0.0022585045578355726,0.004706469759033011,0.00242226183300523
2026-02-23,-0.008083929815584503,-0.005406459455553116,3.936338784453616e-05,0.003307200978919786,-0.0014099779419203778
2026-02-24,0.01698346324389284,0.016317573756835794,0.017009909133374163,0.017035989871104867,0.016312411683119532
2026-02-25,-0.008069722354635019,-0.005528332050014009,-0.005885382879934845,-0.0033890693063681476,-0.008356349363509596
2026-02-26,0.0038779079955343523,0.00349376692202071,0.006213705298265367,0.004640298308648581,0.007959342501974345
2026-02-27,-0.013886916466147906,-0.012916737133502939,-0.01315576603465939,-0.013038941271376149,-0.013247442762084395
2026-03-02,-0.004178335944932745,-0.0032210876949390365,-0.004442441394598184,-0.002724797909846233,-0.0043003695263206555
2026-03-03,-0.034016231665254824,-0.032098715040868926,-0.029640961354595045,-0.023392321295011433,-0.034257478092645476
2026-03-04,0.015347527023725055,0.013172707799566611,0.008778825688458232,0.003978297678023257,0.012961059551702899
2026-03-05,-0.02230343595801485,-0.021196125606506345,-0.01711230772061331,-0.016425899710469618,-0.015711637756588917
2026-03-06,-0.0068514198157551736,-0.004583403590355566,-0.004430016662713529,-0.00014887136347398406,-0.00629162768510784
2026-03-09,0.0029463668036743594,0.004349300760064339,0.0022304255307710403,0.010819863168400378,-0.0016019528559568623
2026-03-10,0.01347100672778994,0.011534750287850637,0.003745321912701025,0.006474634667263933,0.0007998546496982068
2026-03-11,-0.0035866813657044953,-0.002746742156384533,-0.003936894440219442,-0.00048228122401140945,-0.004137491394739721
2026-03-12,-0.03258336920272341,-0.02712142850354375,-0.01829731578506289,-0.010777211668689213,-0.01916690749787124
2026-03-13,-0.013521513024154965,-0.01001910015294336,-0.0033374641619387745,0.0008067997424371911,-0.005315583419000879
2026-03-16,0.0127642105746075,0.010787980893035442,0.0033058023699936543,0.003405874810482327,0.00484927794381732
2026-03-17,0.0012864483880387762,0.0025135260109510633,0.00022850893431354113,0.0028650634269872075,-0.0003486518468762217
2026-03-18,-0.009428505051139584,-0.008247962896376857,-0.009080569980700962,-0.010678000528587602,-0.008069245351083273
2026-03-19,0.004020875596645997,0.0027249004552313437,-0.006464229352156906,-0.00023365202200083734,-0.008302693240235188
2026-03-20,-0.024769002690317173,-0.02309197969983688,-0.022224241505402965,-0.021309675119173994,-0.023242382275188534
2026-03-23,0.038313527276218055,0.03388577097815208,0.027749041515681326,0.02321309270740315,0.02877240665886603
2026-03-24,0.0029723685060733082,0.0029655921230229048,0.00306664325993357,0.0015357400209016824,0.004485259690420224
2026-03-25,0.016512466645370222,0.015037696995375285,0.013741784607692011,0.010820386494863202,0.014440772436577782
2026-03-26,-0.016886030939937485,-0.014802499869209753,-0.009746172218311219,-0.01032652585846992,-0.009176683456827196
2026-03-27,-0.013956726506583448,-0.010853272010801622,-0.007416785062409611,-0.0014802164437512852,-0.009311107264065345
2026-03-30,0.004707353322813577,0.005781728789829538,0.0070964768327010505,0.006705655519713947,0.007215958773745597
2026-03-31,0.02861965436675671,0.02604475916476085,0.022143989274375154,0.02236754297178831,0.021285961351199464
2026-04-01,0.00276812199655172,0.0002733565293498675,-0.006065674783328846,-0.005646370710282801,-0.007055068383576863
2026-04-02,-0.0017227357183603696,0.00047145687459564556,0.0034864265702895334,0.005047770482353092,0.0033478023821137204
2026-04-06,-0.003911212534305357,-0.0025882243763278544,-0.0033832359971146344,-0.0009061069161568862,-0.005181753023018059
2026-04-07,-0.003976706767033824,-0.00426956184808423,-0.009828438805873004,-0.010969346090022772,-0.006564719294149122
2026-04-08,0.02584504308033995,0.02213352781972401,0.01613975860264288,0.014734491100173767,0.016378378566094146
2026-04-09,0.017221494786328197,0.016089765631597693,0.011408940910245836,0.011727186911047734,0.0110727118657642
2026-04-10,0.004130725427608815,0.006650273338034439,0.014159217480477382,0.00975748340216788,0.01616881146934164
2026-04-13,0.0024521327442574145,0.0016937256208012714,0.00314273118439445,0.0019834361197020004,0.005266395014148871
2026-04-14,0.007035894893863297,0.004922087307469136,0.00022027675393170324,-0.0026878055298842087,0.00047928169686912926
2026-04-15,-0.0035366174821210637,-0.006194616068096806,-0.014238187434252262,-0.014245064031028869,-0.014776158547056129
2026-04-16,-0.011244128536065393,-0.00900982248437371,-0.006478631513748131,-0.0071264178786049175,-0.006135062161278617
2026-04-17,0.00024943351981611747,-0.002664323949250858,-0.008451340781892844,-0.00556992059480147,-0.01028134365673773
2026-04-20,0.0031981797744845587,0.0033803482657785116,0.005691437986518707,0.005530392254427157,0.005919371738230436
2026-04-22,-0.018931670045438158,-0.01708218648433422,-0.01588140571927605,-0.013809842348630107,-0.01699156482594168
2026-04-23,-0.01376896031149452,-0.012257654082899706,-0.012843027247318234,-0.011051488735877054,-0.01360862240380714
2026-04-24,-0.0024364746907836543,-0.0037488831321388,-0.00403835167072996,-0.008006498274567887,-0.00163573417033627
2026-04-27,-0.011018478830385574,-0.008858270695195177,-0.004475327248792062,-0.0036473959958360684,-0.005282457368010098
2026-04-28,-0.007026000680397119,-0.006321076600989126,-0.007035644021802023,-0.006534302951347684,-0.007503943499811785
2026-04-29,-0.018927398583724078,-0.016392999324908217,-0.010873063957657123,-0.011465687272524602,-0.009478233635921395
2026-04-30,0.012988021538225024,0.01130750340906411,0.0075877410847536115,0.0056571068111180645,0.00907748233587446
2026-05-04,-0.005083303241243139,-0.005372317964446906,0.0005144369827206124,-0.004396565858615375,0.002908563689388686
2026-05-05,0.011122611005219534,0.009535233720334478,0.007543528591453495,0.018839639094110197,0.0054364931308528534
2026-05-06,0.010444226573114297,0.0062551297977679445,-0.0006775270134959718,0.003711609920282976,-0.0007717601015606286
2026-05-07,-0.018442849185665838,-0.018317693239741657,-0.012817210298160565,-0.01491925731138392,-0.012746639915190119
2026-05-08,0.0016529395575567618,0.0030840477536921785,0.0005570263466616593,0.0019406420768635331,-0.001919860207073223
2026-05-11,-0.01691882027418231,-0.013215496098307963,-0.00814680054220826,-0.007726855826544159,-0.007270935108756017
2026-05-12,-0.0032698000021862943,-0.004173000942320623,0.0031813005324900397,-0.005715252605211334,0.011028741198076297
2026-05-13,-0.022268674850029625,-0.018356434570404815,-0.009987885201699328,-0.007809802221965485,-0.009970195485778792
2026-05-14,0.008798879604023415,0.008174153896132361,0.006531193904973341,0.0026067942122064373,0.005305623991378289
2026-05-15,-0.010759793168514683,-0.0077163214010407466,-0.003170066533561823,-0.004176115743573366,-0.0025651183221956173
2026-05-18,-0.0026322320451060604,-0.000802265767013454,0.0012963271598970332,0.003647339842176217,0.0005925168426065676
2026-05-19,-0.01884757957071919,-0.016839803608799903,-0.013256031997043673,-0.011230141372086451,-0.014255965803319056
2026-05-20,0.02689116311549184,0.021849257272914764,0.01538420098186831,0.012015128202306524,0.015621240305439661
2026-05-21,-0.0030636917015058277,-0.002179256925510377,-0.0021246051521518084,0.0015410088966444427,-0.00413240588878141
2026-05-22,-0.008975364524762343,-0.008138662949917061,-0.008148558099488756,-0.008215573026650795,-0.008267400169133847
2026-05-25,0.012614759663302826,0.00672338200308014,-0.003057135496258144,-0.005042739898987663,-0.0009240811835027939
2026-05-26,-0.00939392858345219,-0.006883874851872672,-0.0029803832097694436,0.0003886547262838462,-0.005870814319229978
2026-05-27,-0.0039198265243268315,-0.00360119924229444,-0.002584940293156198,-0.003662053831411048,-0.003168041551351767
2026-05-28,-0.004628145628466705,-0.004413059835098137,-0.00406630533180689,-0.005807838299584832,-0.00399029810213424
2026-05-29,-0.011837746785236282,-0.009484417534167396,-0.006106910799579571,-0.0014079804963037712,-0.010566436437624258
2026-06-01,-0.008191078132641078,-0.007242059739579484,-0.007893765077737043,-0.005501654241846045,-0.008010863299518008
2026-06-02,0.010910204527228146,0.009252802821735986,0.0023313926186335674,0.005760368342376867,0.002214812235276715
2026-06-03,-0.026750037869667856,-0.020914172088954963,-0.013673036973153963,-0.011059421343478688,-0.017072268926469923
2026-06-05,-0.009632505984185162,-0.009101082276572596,-0.007758974391940313,-0.008214369718843864,-0.01079859833708842
2026-06-08,-0.0041217077086864945,-0.0011011968023332637,0.006475146130256784,0.004575551049993856,0.005681272268231806
2026-06-09,0.008827712570743418,0.006968901655010138,0.0027639761438012713,0.001096080557492273,0.0042640980199140565
2026-06-10,-0.011150791032696212,-0.0072839760679210604,-0.004130036847589802,0.0010046553754012935,-0.004593145997553
2026-06-11,0.01579002251932181,0.013251784331527844,0.008342328694170158,0.009681529559471755,0.008532754927433642
2026-06-12,-0.003091111212284089,-0.0033874347602002785,-0.0014538345483097778,-0.003438876607056065,-0.0024878293400366833
2026-06-15,-0.005082124118907718,-0.009164754066289929,-0.01203723995784257,-0.012301672863341953,-0.010540251093643102
2026-06-16,-0.01094969954923421,-0.009269780993350234,-0.010626707232900453,-0.0016515379148682632,-0.015672697300967375
2026-06-17,-0.013619905606291144,-0.010788101722688624,-0.006677547975266459,-0.0038512876221244562,-0.009326760179814831
2026-06-18,-0.007703634710555229,-0.0040430349379534936,-0.0004745507388135067,0.004930136805290402,-0.007289774224658782
2026-06-19,0.0017374266728813796,0.0006071092115682675,-0.00455736900873089,-0.0009112896616436598,-0.0051791378436171955
2026-06-22,0.010536053310059431,0.007268573330482548,-0.0009881067196040383,-0.00042231072498892736,-9.869704429138509e-05
2026-06-23,0.004314970349546482,0.003030213552491097,0.00011429671318528758,-0.0018443695469829028,0.001460368220113338
2026-06-24,-0.00030074675963203285,-0.003154500288337564,-0.0035564163099490727,-0.007459540750464796,-0.0018412422193610028
2026-06-25,0.004704744737495668,0.003950459052658721,-0.004870003120651048,0.0010384682953278263,-0.00891567858207133
2026-06-26,0.006971378656220291,0.004506273696174389,-0.003876106704246365,-0.0011640325579487104,-0.006038664489133129
2026-06-29,-0.00043389390223651426,-0.0007467443886973325,0.000602666357913277,-0.0025013267138515776,0.0029262516137187984
2026-06-30,-0.006946725117506224,-0.006880308229921669,-0.006182709597860478,-0.007062826398566498,-0.0072344283861954985
2026-07-01,-0.005708970807097475,-0.0047274699882507605,-0.005495517583385346,-0.0015270592101858833,-0.006587882446411045
2026-07-02,0.00607174446874514,0.006108693362569224,0.003273879972333005,0.00790580009234998,0.001937344987231373
2026-07-03,0.008550610219744657,0.007524747816314777,0.005374340737726389,0.007109525428887266,0.005090369338753126
2026-07-06,-0.011610580995921436,-0.009490822028613512,-0.009483470367788321,-0.007370166659927818,-0.01149496496073486
2026-07-07,-0.001032593613011379,0.002504723368397064,0.0037565526840977366,0.005001167987362523,0.003347562606862223
2026-07-08,-0.005501185942741768,-0.002759499839154721,-0.0011699464779876476,0.0014369620059652343,-0.0014975339046145605
2026-07-09,0.020938872406467374,0.016560617690896277,0.008979151599830322,0.009194100102720737,0.010789769844215603
2026-07-10,0.03270093944484146,0.0277981249343556,0.016550442636285287,0.01575193407879194,0.017673953744011775
2026-07-13,-0.01303640512694894,-0.009370532652147868,-0.0031100756476065607,-0.004361581971476829,-0.0017949000011560404
2026-07-14,0.006497919770137016,0.005603122066552039,0.0034880518197590946,0.0029685485111646233,0.005521753533086996
2026-07-15,-0.004229390961456967,-0.0033132224575248195,-0.0039636347770390925,0.00138319626155407,-0.007657560610315056
2026-07-16,-0.008285728185250286,-0.007823591709046642,-0.010312952394253113,-0.005048046232798141,-0.012400887994160361
2026-07-17,-0.005756287275860877,-0.0023948295296134818,0.0018329938670143349,0.0034115080384482174,-5.1965396136864584e-05
2026-07-20,-0.008561391216624407,-0.006128296561266163,-0.0081705166768345,-0.0022829288249959258,-0.012140035393556521
2026-07-21,-0.004024856619181671,-0.001651045537050607,-0.0007582077930348456,0.002277488055322672,-0.0018089015105420842
2026-07-22,0.022707360838374813,0.022865493260883923,0.03349744561517907,0.025335365624312732,0.03570764711254567
2026-07-23,-0.011078684017401013,-0.008018083020452234,-0.004807535462755197,-0.005181257566681774,-0.004429885983731464
2026-07-24,-0.014194152613932321,-0.015122970596881675,-0.013463781819537906,-0.013944382759895832,-0.012895167310620643
2026-07-27,0.011327425647406244,0.004299678015489778,-0.003627854140725619,-0.00875950972081779,-0.0013256523117689905
2026-07-28,0.006416362782621574,0.006040555646523873,0.009961493036078281,0.0064494706424801885,0.00790647593368022
2026-07-29,-0.017727969902486585,-0.013406223491096853,-0.006853866723194351,-0.0054272843395437075,-0.008892358801305785
2026-07-30,0.014323949035426643,0.013483449960327559,0.013771006536622627,0.012353185666370576,0.01437254076100059
2026-07-31,0.004626586004157326,0.005572861028168156,0.006270383193967195,0.007497477442800126,0.0057340838940144615
2026-08-03,0.0031814240713310465,-0.00011301467126762535,-0.0006109977734534268,-0.00855938479798885,0.0034186992552824504
2026-08-04,-0.0034221187639208576,-0.0032560652465122714,-0.006204118835129356,6.814042905648344e-05,-0.008574163590774023
2026-08-05,-0.0007189497244852014,-0.0008672298956349989,0.0004970338592998954,-0.0026550008106591694,0.0036604415894408476
2026-08-06,-0.015069419170111774,-0.013745808653785137,-0.01365163975342622,-0.012216097425516485,-0.013518297327607499
2026-08-07,-0.01493200474185914,-0.015188420125550306,-0.015729751619095636,-0.0176085451589617,-0.014275532228727085
2026-08-10,-0.010522890250258555,-0.0033959515655866235,0.0014194013224288558,0.0062060636980864736,-0.0017153659302195845
2026-08-11,-0.024513797699409194,-0.0230609277760675,-0.025055446883720113,-0.020966584397860845,-0.026601695665446
2026-08-12,-0.005753689779803422,-0.0040743865749534045,-0.00455960905948596,-0.0013898084041683277,-0.007868310782665693
2026-08-13,0.0005788072440077333,-0.001412382008386985,-0.007363046482066055,-0.00500785225420701,-0.008069915701543225
2026-08-14,-0.005102057744699108,-0.00418590157624414,-0.00230091362032196,-0.0014473922034365211,-0.0030716040328874605
2026-08-17,0.0026628423015623657,0.004562372586334757,0.010946772068105683,0.006724109895417066,0.013496499081544041
